case,variant,warmup,seed,algorithm_seed,initial_population_sha256,initial_best,final,actual_nfe,diagnostic_nfe,portfolio_evals,portfolio_incumbent_improvements,portfolio_sequential_gain,portfolio_top3_gain,gate_opportunities,sampled_decisions,residual_changes_sampled,batch_size,batch_seconds,observer_seconds,online_seconds_excluding_observer,objective_seconds,candidate_pool_seconds,anchor_seconds,ranking_seconds,proxy_seconds
bbob_f9_fixed,full,0.9,20263010,20264910,b8c8921e7682b50a92020be2f88d9902a4c61b5075ef46ff9f2ebd10f87b15a6,22809.5078125,57.88928985595703,300,2,15,0,0,0,15,1,0,10,3.2825182408560067,0.02817711140960455,3.254341129446402,0.02782705519348383,0.4276127526536584,0.3636076964903623,2.099113558419049,1.8119856705889106
bbob_f9_fixed,full,0.9,20263011,20264910,b8c8921e7682b50a92020be2f88d9902a4c61b5075ef46ff9f2ebd10f87b15a6,26462.0,57.968780517578125,300,2,15,0,0,0,15,1,0,10,3.2825182408560067,0.02817711140960455,3.254341129446402,0.02782705519348383,0.4276127526536584,0.3636076964903623,2.099113558419049,1.8119856705889106
bbob_f9_fixed,full,0.9,20263012,20264910,b8c8921e7682b50a92020be2f88d9902a4c61b5075ef46ff9f2ebd10f87b15a6,2385.67626953125,44.665367126464844,300,2,15,1,13.606353759765625,13.606353759765625,15,1,0,10,3.2825182408560067,0.02817711140960455,3.254341129446402,0.02782705519348383,0.4276127526536584,0.3636076964903623,2.099113558419049,1.8119856705889106
bbob_f9_fixed,full,0.9,20263013,20264910,b8c8921e7682b50a92020be2f88d9902a4c61b5075ef46ff9f2ebd10f87b15a6,13517.751953125,55.64716339111328,300,2,15,1,2.579315185546875,2.579315185546875,15,1,0,10,3.2825182408560067,0.02817711140960455,3.254341129446402,0.02782705519348383,0.4276127526536584,0.3636076964903623,2.099113558419049,1.8119856705889106
bbob_f9_fixed,full,0.9,20263014,20264910,b8c8921e7682b50a92020be2f88d9902a4c61b5075ef46ff9f2ebd10f87b15a6,18247.703125,53.96630859375,300,2,15,1,3.9264373779296875,3.9264373779296875,15,1,0,10,3.2825182408560067,0.02817711140960455,3.254341129446402,0.02782705519348383,0.4276127526536584,0.3636076964903623,2.099113558419049,1.8119856705889106
bbob_f9_fixed,full,0.9,20263015,20264910,b8c8921e7682b50a92020be2f88d9902a4c61b5075ef46ff9f2ebd10f87b15a6,3209.50927734375,58.23794174194336,300,2,15,0,0,0,15,1,0,10,3.2825182408560067,0.02817711140960455,3.254341129446402,0.02782705519348383,0.4276127526536584,0.3636076964903623,2.099113558419049,1.8119856705889106
bbob_f9_fixed,full,0.9,20263016,20264910,b8c8921e7682b50a92020be2f88d9902a4c61b5075ef46ff9f2ebd10f87b15a6,15414.173828125,54.7252197265625,300,2,15,1,2.724536895751953,2.724536895751953,15,1,0,10,3.2825182408560067,0.02817711140960455,3.254341129446402,0.02782705519348383,0.4276127526536584,0.3636076964903623,2.099113558419049,1.8119856705889106
bbob_f9_fixed,full,0.9,20263017,20264910,b8c8921e7682b50a92020be2f88d9902a4c61b5075ef46ff9f2ebd10f87b15a6,15276.546875,57.145225524902344,300,2,15,0,0,0,15,1,0,10,3.2825182408560067,0.02817711140960455,3.254341129446402,0.02782705519348383,0.4276127526536584,0.3636076964903623,2.099113558419049,1.8119856705889106
bbob_f9_fixed,full,0.9,20263018,20264910,b8c8921e7682b50a92020be2f88d9902a4c61b5075ef46ff9f2ebd10f87b15a6,11330.630859375,55.965938568115234,300,2,15,0,0,0,15,1,0,10,3.2825182408560067,0.02817711140960455,3.254341129446402,0.02782705519348383,0.4276127526536584,0.3636076964903623,2.099113558419049,1.8119856705889106
bbob_f9_fixed,full,0.9,20263019,20264910,b8c8921e7682b50a92020be2f88d9902a4c61b5075ef46ff9f2ebd10f87b15a6,22589.533203125,57.73652648925781,300,2,15,0,0,0,15,1,0,10,3.2825182408560067,0.02817711140960455,3.254341129446402,0.02782705519348383,0.4276127526536584,0.3636076964903623,2.099113558419049,1.8119856705889106
bbob_f9_fixed,full,0.9,20263000,20264900,0e1dc59d0170f9efff8fc1b1fbfe397da63b310c2e40dace35437142580eee11,19075.33203125,48.86840057373047,300,2,15,1,8.614227294921875,8.614227294921875,15,1,0,10,3.4593691821210086,0.02655448974110186,3.4328146923799068,0.028462096583098173,0.4557865175884217,0.3720146392006427,2.243143991800025,1.951377177145332
bbob_f9_fixed,full,0.9,20263001,20264900,0e1dc59d0170f9efff8fc1b1fbfe397da63b310c2e40dace35437142580eee11,20139.833984375,56.77623748779297,300,2,15,1,1.29071044921875,1.29071044921875,15,1,0,10,3.4593691821210086,0.02655448974110186,3.4328146923799068,0.028462096583098173,0.4557865175884217,0.3720146392006427,2.243143991800025,1.951377177145332
bbob_f9_fixed,full,0.9,20263002,20264900,0e1dc59d0170f9efff8fc1b1fbfe397da63b310c2e40dace35437142580eee11,19640.46484375,51.88907241821289,300,2,15,1,5.366436004638672,5.366436004638672,15,1,0,10,3.4593691821210086,0.02655448974110186,3.4328146923799068,0.028462096583098173,0.4557865175884217,0.3720146392006427,2.243143991800025,1.951377177145332
bbob_f9_fixed,full,0.9,20263003,20264900,0e1dc59d0170f9efff8fc1b1fbfe397da63b310c2e40dace35437142580eee11,20414.009765625,57.363922119140625,300,2,15,1,0.002105712890625,0.002105712890625,15,1,0,10,3.4593691821210086,0.02655448974110186,3.4328146923799068,0.028462096583098173,0.4557865175884217,0.3720146392006427,2.243143991800025,1.951377177145332
bbob_f9_fixed,full,0.9,20263004,20264900,0e1dc59d0170f9efff8fc1b1fbfe397da63b310c2e40dace35437142580eee11,4557.45361328125,55.972564697265625,300,2,15,2,0.9378013610839844,0.9378013610839844,15,1,0,10,3.4593691821210086,0.02655448974110186,3.4328146923799068,0.028462096583098173,0.4557865175884217,0.3720146392006427,2.243143991800025,1.951377177145332
bbob_f9_fixed,full,0.9,20263005,20264900,0e1dc59d0170f9efff8fc1b1fbfe397da63b310c2e40dace35437142580eee11,14192.431640625,54.88150405883789,300,2,15,1,3.186481475830078,3.186481475830078,15,1,0,10,3.4593691821210086,0.02655448974110186,3.4328146923799068,0.028462096583098173,0.4557865175884217,0.3720146392006427,2.243143991800025,1.951377177145332
bbob_f9_fixed,full,0.9,20263006,20264900,0e1dc59d0170f9efff8fc1b1fbfe397da63b310c2e40dace35437142580eee11,6867.0029296875,54.6485595703125,300,2,15,1,2.1481781005859375,2.1481781005859375,15,1,0,10,3.4593691821210086,0.02655448974110186,3.4328146923799068,0.028462096583098173,0.4557865175884217,0.3720146392006427,2.243143991800025,1.951377177145332
bbob_f9_fixed,full,0.9,20263007,20264900,0e1dc59d0170f9efff8fc1b1fbfe397da63b310c2e40dace35437142580eee11,20976.32421875,56.96995544433594,300,2,15,1,1.2037429809570312,1.2037429809570312,15,1,0,10,3.4593691821210086,0.02655448974110186,3.4328146923799068,0.028462096583098173,0.4557865175884217,0.3720146392006427,2.243143991800025,1.951377177145332
bbob_f9_fixed,full,0.9,20263008,20264900,0e1dc59d0170f9efff8fc1b1fbfe397da63b310c2e40dace35437142580eee11,6527.779296875,54.97215270996094,300,2,15,1,2.8479461669921875,2.8479461669921875,15,1,0,10,3.4593691821210086,0.02655448974110186,3.4328146923799068,0.028462096583098173,0.4557865175884217,0.3720146392006427,2.243143991800025,1.951377177145332
bbob_f9_fixed,full,0.9,20263009,20264900,0e1dc59d0170f9efff8fc1b1fbfe397da63b310c2e40dace35437142580eee11,8050.15966796875,57.21453857421875,300,2,15,1,0.44298553466796875,0.44298553466796875,15,1,0,10,3.4593691821210086,0.02655448974110186,3.4328146923799068,0.028462096583098173,0.4557865175884217,0.3720146392006427,2.243143991800025,1.951377177145332
bbob_f9_fixed,full,0.7,20263010,20264910,b8c8921e7682b50a92020be2f88d9902a4c61b5075ef46ff9f2ebd10f87b15a6,22809.5078125,57.88928985595703,300,8,27,0,0,0,45,4,1,10,3.8052384750917554,0.15223877294920385,3.6529997021425515,0.026434805942699313,0.41133381612598896,0.3341286457143724,2.534866324160248,2.287143647670746
bbob_f9_fixed,full,0.7,20263011,20264910,b8c8921e7682b50a92020be2f88d9902a4c61b5075ef46ff9f2ebd10f87b15a6,26462.0,55.687992095947266,300,8,26,1,2.2807884216308594,2.2807884216308594,45,4,0,10,3.8052384750917554,0.15223877294920385,3.6529997021425515,0.026434805942699313,0.41133381612598896,0.3341286457143724,2.534866324160248,2.287143647670746
bbob_f9_fixed,full,0.7,20263012,20264910,b8c8921e7682b50a92020be2f88d9902a4c61b5075ef46ff9f2ebd10f87b15a6,2385.67626953125,56.05310821533203,300,8,27,2,2.2186126708984375,2.2186126708984375,45,4,0,10,3.8052384750917554,0.15223877294920385,3.6529997021425515,0.026434805942699313,0.41133381612598896,0.3341286457143724,2.534866324160248,2.287143647670746
bbob_f9_fixed,full,0.7,20263013,20264910,b8c8921e7682b50a92020be2f88d9902a4c61b5075ef46ff9f2ebd10f87b15a6,13517.751953125,46.309356689453125,300,8,35,6,11.917121887207031,10.133556365966797,45,4,0,10,3.8052384750917554,0.15223877294920385,3.6529997021425515,0.026434805942699313,0.41133381612598896,0.3341286457143724,2.534866324160248,2.287143647670746
bbob_f9_fixed,full,0.7,20263014,20264910,b8c8921e7682b50a92020be2f88d9902a4c61b5075ef46ff9f2ebd10f87b15a6,18247.703125,50.350555419921875,300,8,36,7,7.5421905517578125,4.160724639892578,45,4,1,10,3.8052384750917554,0.15223877294920385,3.6529997021425515,0.026434805942699313,0.41133381612598896,0.3341286457143724,2.534866324160248,2.287143647670746
bbob_f9_fixed,full,0.7,20263015,20264910,b8c8921e7682b50a92020be2f88d9902a4c61b5075ef46ff9f2ebd10f87b15a6,3209.50927734375,56.50994110107422,300,8,25,3,1.7280006408691406,1.7280006408691406,45,4,0,10,3.8052384750917554,0.15223877294920385,3.6529997021425515,0.026434805942699313,0.41133381612598896,0.3341286457143724,2.534866324160248,2.287143647670746
bbob_f9_fixed,full,0.7,20263016,20264910,b8c8921e7682b50a92020be2f88d9902a4c61b5075ef46ff9f2ebd10f87b15a6,15414.173828125,55.042667388916016,300,8,38,1,2.4070892333984375,2.4070892333984375,45,4,0,10,3.8052384750917554,0.15223877294920385,3.6529997021425515,0.026434805942699313,0.41133381612598896,0.3341286457143724,2.534866324160248,2.287143647670746
bbob_f9_fixed,full,0.7,20263017,20264910,b8c8921e7682b50a92020be2f88d9902a4c61b5075ef46ff9f2ebd10f87b15a6,15276.546875,57.03773498535156,300,8,31,1,0.10749053955078125,0.10749053955078125,45,4,0,10,3.8052384750917554,0.15223877294920385,3.6529997021425515,0.026434805942699313,0.41133381612598896,0.3341286457143724,2.534866324160248,2.287143647670746
bbob_f9_fixed,full,0.7,20263018,20264910,b8c8921e7682b50a92020be2f88d9902a4c61b5075ef46ff9f2ebd10f87b15a6,11330.630859375,41.174163818359375,300,8,26,6,14.79177474975586,10.953876495361328,45,4,1,10,3.8052384750917554,0.15223877294920385,3.6529997021425515,0.026434805942699313,0.41133381612598896,0.3341286457143724,2.534866324160248,2.287143647670746
bbob_f9_fixed,full,0.7,20263019,20264910,b8c8921e7682b50a92020be2f88d9902a4c61b5075ef46ff9f2ebd10f87b15a6,22589.533203125,48.842796325683594,300,8,37,8,8.893730163574219,5.901641845703125,45,4,0,10,3.8052384750917554,0.15223877294920385,3.6529997021425515,0.026434805942699313,0.41133381612598896,0.3341286457143724,2.534866324160248,2.287143647670746
bbob_f9_fixed,full,0.7,20263000,20264900,0e1dc59d0170f9efff8fc1b1fbfe397da63b310c2e40dace35437142580eee11,19075.33203125,56.229286193847656,300,8,28,1,1.2533416748046875,1.2533416748046875,45,4,0,10,3.871945984195918,0.15599710051901639,3.7159488836769015,0.028574697440490127,0.4451459913980216,0.3458750476129353,2.544281348818913,2.2997255665250123
bbob_f9_fixed,full,0.7,20263001,20264900,0e1dc59d0170f9efff8fc1b1fbfe397da63b310c2e40dace35437142580eee11,20139.833984375,55.456459045410156,300,8,36,3,2.6104888916015625,2.6104888916015625,45,4,1,10,3.871945984195918,0.15599710051901639,3.7159488836769015,0.028574697440490127,0.4451459913980216,0.3458750476129353,2.544281348818913,2.2997255665250123
bbob_f9_fixed,full,0.7,20263002,20264900,0e1dc59d0170f9efff8fc1b1fbfe397da63b310c2e40dace35437142580eee11,19640.46484375,57.02250671386719,300,8,45,1,0.233001708984375,0.233001708984375,45,4,1,10,3.871945984195918,0.15599710051901639,3.7159488836769015,0.028574697440490127,0.4451459913980216,0.3458750476129353,2.544281348818913,2.2997255665250123
bbob_f9_fixed,full,0.7,20263003,20264900,0e1dc59d0170f9efff8fc1b1fbfe397da63b310c2e40dace35437142580eee11,20414.009765625,52.91967010498047,300,8,23,3,4.446357727050781,4.446357727050781,45,4,0,10,3.871945984195918,0.15599710051901639,3.7159488836769015,0.028574697440490127,0.4451459913980216,0.3458750476129353,2.544281348818913,2.2997255665250123
bbob_f9_fixed,full,0.7,20263004,20264900,0e1dc59d0170f9efff8fc1b1fbfe397da63b310c2e40dace35437142580eee11,4557.45361328125,55.814727783203125,300,8,37,1,1.0956382751464844,1.0956382751464844,45,4,0,10,3.871945984195918,0.15599710051901639,3.7159488836769015,0.028574697440490127,0.4451459913980216,0.3458750476129353,2.544281348818913,2.2997255665250123
bbob_f9_fixed,full,0.7,20263005,20264900,0e1dc59d0170f9efff8fc1b1fbfe397da63b310c2e40dace35437142580eee11,14192.431640625,58.06798553466797,300,8,24,0,0,0,45,4,0,10,3.871945984195918,0.15599710051901639,3.7159488836769015,0.028574697440490127,0.4451459913980216,0.3458750476129353,2.544281348818913,2.2997255665250123
bbob_f9_fixed,full,0.7,20263006,20264900,0e1dc59d0170f9efff8fc1b1fbfe397da63b310c2e40dace35437142580eee11,6867.0029296875,56.79673767089844,300,8,36,0,0,0,45,4,1,10,3.871945984195918,0.15599710051901639,3.7159488836769015,0.028574697440490127,0.4451459913980216,0.3458750476129353,2.544281348818913,2.2997255665250123
bbob_f9_fixed,full,0.7,20263007,20264900,0e1dc59d0170f9efff8fc1b1fbfe397da63b310c2e40dace35437142580eee11,20976.32421875,53.347900390625,300,8,37,3,4.825798034667969,4.825798034667969,45,4,0,10,3.871945984195918,0.15599710051901639,3.7159488836769015,0.028574697440490127,0.4451459913980216,0.3458750476129353,2.544281348818913,2.2997255665250123
bbob_f9_fixed,full,0.7,20263008,20264900,0e1dc59d0170f9efff8fc1b1fbfe397da63b310c2e40dace35437142580eee11,6527.779296875,50.42948913574219,300,8,27,2,7.3906097412109375,7.3906097412109375,45,4,0,10,3.871945984195918,0.15599710051901639,3.7159488836769015,0.028574697440490127,0.4451459913980216,0.3458750476129353,2.544281348818913,2.2997255665250123
bbob_f9_fixed,full,0.7,20263009,20264900,0e1dc59d0170f9efff8fc1b1fbfe397da63b310c2e40dace35437142580eee11,8050.15966796875,38.2110595703125,300,8,38,5,19.44646453857422,17.204906463623047,45,4,0,10,3.871945984195918,0.15599710051901639,3.7159488836769015,0.028574697440490127,0.4451459913980216,0.3458750476129353,2.544281348818913,2.2997255665250123
bbob_f9_fixed,full,0.5,20263010,20264910,b8c8921e7682b50a92020be2f88d9902a4c61b5075ef46ff9f2ebd10f87b15a6,22809.5078125,51.75483703613281,300,14,67,3,6.134452819824219,6.134452819824219,75,7,2,10,4.312199342995882,0.3034034783486277,4.008795864647254,0.026028135558590293,0.4177907477132976,0.35001493245363235,2.865233934717253,2.6962574135977775
bbob_f9_fixed,full,0.5,20263011,20264910,b8c8921e7682b50a92020be2f88d9902a4c61b5075ef46ff9f2ebd10f87b15a6,26462.0,54.38201141357422,300,14,61,1,3.54779052734375,3.54779052734375,75,7,3,10,4.312199342995882,0.3034034783486277,4.008795864647254,0.026028135558590293,0.4177907477132976,0.35001493245363235,2.865233934717253,2.6962574135977775
bbob_f9_fixed,full,0.5,20263012,20264910,b8c8921e7682b50a92020be2f88d9902a4c61b5075ef46ff9f2ebd10f87b15a6,2385.67626953125,58.25677490234375,300,14,53,0,0,0,75,7,2,10,4.312199342995882,0.3034034783486277,4.008795864647254,0.026028135558590293,0.4177907477132976,0.35001493245363235,2.865233934717253,2.6962574135977775
bbob_f9_fixed,full,0.5,20263013,20264910,b8c8921e7682b50a92020be2f88d9902a4c61b5075ef46ff9f2ebd10f87b15a6,13517.751953125,27.011924743652344,300,14,71,5,31.214553833007812,30.710832595825195,75,7,1,10,4.312199342995882,0.3034034783486277,4.008795864647254,0.026028135558590293,0.4177907477132976,0.35001493245363235,2.865233934717253,2.6962574135977775
bbob_f9_fixed,full,0.5,20263014,20264910,b8c8921e7682b50a92020be2f88d9902a4c61b5075ef46ff9f2ebd10f87b15a6,18247.703125,52.64613723754883,300,14,70,3,5.045612335205078,5.045612335205078,75,7,4,10,4.312199342995882,0.3034034783486277,4.008795864647254,0.026028135558590293,0.4177907477132976,0.35001493245363235,2.865233934717253,2.6962574135977775
bbob_f9_fixed,full,0.5,20263015,20264910,b8c8921e7682b50a92020be2f88d9902a4c61b5075ef46ff9f2ebd10f87b15a6,3209.50927734375,58.23794174194336,300,14,47,0,0,0,75,7,3,10,4.312199342995882,0.3034034783486277,4.008795864647254,0.026028135558590293,0.4177907477132976,0.35001493245363235,2.865233934717253,2.6962574135977775
bbob_f9_fixed,full,0.5,20263016,20264910,b8c8921e7682b50a92020be2f88d9902a4c61b5075ef46ff9f2ebd10f87b15a6,15414.173828125,48.49517822265625,300,14,66,2,8.954578399658203,8.954578399658203,75,7,2,10,4.312199342995882,0.3034034783486277,4.008795864647254,0.026028135558590293,0.4177907477132976,0.35001493245363235,2.865233934717253,2.6962574135977775
bbob_f9_fixed,full,0.5,20263017,20264910,b8c8921e7682b50a92020be2f88d9902a4c61b5075ef46ff9f2ebd10f87b15a6,15276.546875,53.723411560058594,300,14,68,5,3.42181396484375,2.8905868530273438,75,7,1,10,4.312199342995882,0.3034034783486277,4.008795864647254,0.026028135558590293,0.4177907477132976,0.35001493245363235,2.865233934717253,2.6962574135977775
bbob_f9_fixed,full,0.5,20263018,20264910,b8c8921e7682b50a92020be2f88d9902a4c61b5075ef46ff9f2ebd10f87b15a6,11330.630859375,55.965938568115234,300,14,55,0,0,0,75,7,1,10,4.312199342995882,0.3034034783486277,4.008795864647254,0.026028135558590293,0.4177907477132976,0.35001493245363235,2.865233934717253,2.6962574135977775
bbob_f9_fixed,full,0.5,20263019,20264910,b8c8921e7682b50a92020be2f88d9902a4c61b5075ef46ff9f2ebd10f87b15a6,22589.533203125,54.86103439331055,300,14,67,1,2.8754920959472656,2.8754920959472656,75,7,2,10,4.312199342995882,0.3034034783486277,4.008795864647254,0.026028135558590293,0.4177907477132976,0.35001493245363235,2.865233934717253,2.6962574135977775
bbob_f9_fixed,full,0.5,20263000,20264900,0e1dc59d0170f9efff8fc1b1fbfe397da63b310c2e40dace35437142580eee11,19075.33203125,57.482627868652344,300,14,58,0,0,0,75,7,4,10,4.386322105070576,0.25532546476460993,4.130996640305966,0.025445288978517056,0.43025227985344827,0.35459153121337295,2.942076804349199,2.7178391478955746
bbob_f9_fixed,full,0.5,20263001,20264900,0e1dc59d0170f9efff8fc1b1fbfe397da63b310c2e40dace35437142580eee11,20139.833984375,58.06694793701172,300,14,63,0,0,0,75,7,3,10,4.386322105070576,0.25532546476460993,4.130996640305966,0.025445288978517056,0.43025227985344827,0.35459153121337295,2.942076804349199,2.7178391478955746
bbob_f9_fixed,full,0.5,20263002,20264900,0e1dc59d0170f9efff8fc1b1fbfe397da63b310c2e40dace35437142580eee11,19640.46484375,57.25550842285156,300,14,68,0,0,0,75,7,2,10,4.386322105070576,0.25532546476460993,4.130996640305966,0.025445288978517056,0.43025227985344827,0.35459153121337295,2.942076804349199,2.7178391478955746
bbob_f9_fixed,full,0.5,20263003,20264900,0e1dc59d0170f9efff8fc1b1fbfe397da63b310c2e40dace35437142580eee11,20414.009765625,47.441383361816406,300,14,49,4,9.924644470214844,9.142040252685547,75,7,0,10,4.386322105070576,0.25532546476460993,4.130996640305966,0.025445288978517056,0.43025227985344827,0.35459153121337295,2.942076804349199,2.7178391478955746
bbob_f9_fixed,full,0.5,20263004,20264900,0e1dc59d0170f9efff8fc1b1fbfe397da63b310c2e40dace35437142580eee11,4557.45361328125,56.91036605834961,300,14,60,0,0,0,75,7,3,10,4.386322105070576,0.25532546476460993,4.130996640305966,0.025445288978517056,0.43025227985344827,0.35459153121337295,2.942076804349199,2.7178391478955746
bbob_f9_fixed,full,0.5,20263005,20264900,0e1dc59d0170f9efff8fc1b1fbfe397da63b310c2e40dace35437142580eee11,14192.431640625,58.22256851196289,300,14,53,0,0,0,75,7,3,10,4.386322105070576,0.25532546476460993,4.130996640305966,0.025445288978517056,0.43025227985344827,0.35459153121337295,2.942076804349199,2.7178391478955746
bbob_f9_fixed,full,0.5,20263006,20264900,0e1dc59d0170f9efff8fc1b1fbfe397da63b310c2e40dace35437142580eee11,6867.0029296875,56.79673767089844,300,14,58,0,0,0,75,7,3,10,4.386322105070576,0.25532546476460993,4.130996640305966,0.025445288978517056,0.43025227985344827,0.35459153121337295,2.942076804349199,2.7178391478955746
bbob_f9_fixed,full,0.5,20263007,20264900,0e1dc59d0170f9efff8fc1b1fbfe397da63b310c2e40dace35437142580eee11,20976.32421875,55.653995513916016,300,14,49,2,2.581085205078125,2.581085205078125,75,7,0,10,4.386322105070576,0.25532546476460993,4.130996640305966,0.025445288978517056,0.43025227985344827,0.35459153121337295,2.942076804349199,2.7178391478955746
bbob_f9_fixed,full,0.5,20263008,20264900,0e1dc59d0170f9efff8fc1b1fbfe397da63b310c2e40dace35437142580eee11,6527.779296875,49.15251159667969,300,14,72,7,8.667587280273438,6.006195068359375,75,7,1,10,4.386322105070576,0.25532546476460993,4.130996640305966,0.025445288978517056,0.43025227985344827,0.35459153121337295,2.942076804349199,2.7178391478955746
bbob_f9_fixed,full,0.5,20263009,20264900,0e1dc59d0170f9efff8fc1b1fbfe397da63b310c2e40dace35437142580eee11,8050.15966796875,42.24159622192383,300,14,69,3,15.41592788696289,15.41592788696289,75,7,4,10,4.386322105070576,0.25532546476460993,4.130996640305966,0.025445288978517056,0.43025227985344827,0.35459153121337295,2.942076804349199,2.7178391478955746
bbob_f9_fixed,full,0.3333333333333333,20263000,20264900,0e1dc59d0170f9efff8fc1b1fbfe397da63b310c2e40dace35437142580eee11,19075.33203125,57.52751541137695,300,20,78,0,0,0,100,10,3,10,4.665142718004063,0.36042455793358386,4.304718160070479,0.02507803845219314,0.3809160003438592,0.3352144726086408,3.1757437095511705,3.008562109200284
bbob_f9_fixed,full,0.3333333333333333,20263001,20264900,0e1dc59d0170f9efff8fc1b1fbfe397da63b310c2e40dace35437142580eee11,20139.833984375,57.6824951171875,300,20,80,1,0,0,100,10,3,10,4.665142718004063,0.36042455793358386,4.304718160070479,0.02507803845219314,0.3809160003438592,0.3352144726086408,3.1757437095511705,3.008562109200284
bbob_f9_fixed,full,0.3333333333333333,20263002,20264900,0e1dc59d0170f9efff8fc1b1fbfe397da63b310c2e40dace35437142580eee11,19640.46484375,57.25550842285156,300,20,83,1,0,0,100,10,2,10,4.665142718004063,0.36042455793358386,4.304718160070479,0.02507803845219314,0.3809160003438592,0.3352144726086408,3.1757437095511705,3.008562109200284
bbob_f9_fixed,full,0.3333333333333333,20263003,20264900,0e1dc59d0170f9efff8fc1b1fbfe397da63b310c2e40dace35437142580eee11,20414.009765625,43.014408111572266,300,20,80,3,14.576976776123047,14.576976776123047,100,10,5,10,4.665142718004063,0.36042455793358386,4.304718160070479,0.02507803845219314,0.3809160003438592,0.3352144726086408,3.1757437095511705,3.008562109200284
bbob_f9_fixed,full,0.3333333333333333,20263004,20264900,0e1dc59d0170f9efff8fc1b1fbfe397da63b310c2e40dace35437142580eee11,4557.45361328125,47.92842483520508,300,20,95,7,7.726543426513672,6.657981872558594,100,10,7,10,4.665142718004063,0.36042455793358386,4.304718160070479,0.02507803845219314,0.3809160003438592,0.3352144726086408,3.1757437095511705,3.008562109200284
bbob_f9_fixed,full,0.3333333333333333,20263005,20264900,0e1dc59d0170f9efff8fc1b1fbfe397da63b310c2e40dace35437142580eee11,14192.431640625,58.22256851196289,300,20,77,0,0,0,100,10,1,10,4.665142718004063,0.36042455793358386,4.304718160070479,0.02507803845219314,0.3809160003438592,0.3352144726086408,3.1757437095511705,3.008562109200284
bbob_f9_fixed,full,0.3333333333333333,20263006,20264900,0e1dc59d0170f9efff8fc1b1fbfe397da63b310c2e40dace35437142580eee11,6867.0029296875,54.817054748535156,300,20,76,2,2.0740203857421875,2.0740203857421875,100,10,1,10,4.665142718004063,0.36042455793358386,4.304718160070479,0.02507803845219314,0.3809160003438592,0.3352144726086408,3.1757437095511705,3.008562109200284
bbob_f9_fixed,full,0.3333333333333333,20263007,20264900,0e1dc59d0170f9efff8fc1b1fbfe397da63b310c2e40dace35437142580eee11,20976.32421875,58.10979080200195,300,20,63,0,0,0,100,10,2,10,4.665142718004063,0.36042455793358386,4.304718160070479,0.02507803845219314,0.3809160003438592,0.3352144726086408,3.1757437095511705,3.008562109200284
bbob_f9_fixed,full,0.3333333333333333,20263008,20264900,0e1dc59d0170f9efff8fc1b1fbfe397da63b310c2e40dace35437142580eee11,6527.779296875,57.92898941040039,300,20,74,0,0,0,100,10,3,10,4.665142718004063,0.36042455793358386,4.304718160070479,0.02507803845219314,0.3809160003438592,0.3352144726086408,3.1757437095511705,3.008562109200284
bbob_f9_fixed,full,0.3333333333333333,20263009,20264900,0e1dc59d0170f9efff8fc1b1fbfe397da63b310c2e40dace35437142580eee11,8050.15966796875,56.83229064941406,300,20,75,0,0,0,100,10,1,10,4.665142718004063,0.36042455793358386,4.304718160070479,0.02507803845219314,0.3809160003438592,0.3352144726086408,3.1757437095511705,3.008562109200284
bbob_f9_fixed,full,0.3333333333333333,20263010,20264910,b8c8921e7682b50a92020be2f88d9902a4c61b5075ef46ff9f2ebd10f87b15a6,22809.5078125,56.4813232421875,300,20,81,3,1.3224411010742188,1.3224411010742188,100,10,3,10,4.757745257113129,0.3375971361529082,4.420148120960221,0.02258121152408421,0.40726716141216457,0.34974195691756904,3.255041386699304,3.0509940003976226
bbob_f9_fixed,full,0.3333333333333333,20263011,20264910,b8c8921e7682b50a92020be2f88d9902a4c61b5075ef46ff9f2ebd10f87b15a6,26462.0,40.96038818359375,300,20,83,6,17.298175811767578,15.926826477050781,100,10,5,10,4.757745257113129,0.3375971361529082,4.420148120960221,0.02258121152408421,0.40726716141216457,0.34974195691756904,3.255041386699304,3.0509940003976226
bbob_f9_fixed,full,0.3333333333333333,20263012,20264910,b8c8921e7682b50a92020be2f88d9902a4c61b5075ef46ff9f2ebd10f87b15a6,2385.67626953125,58.170318603515625,300,20,83,0,0,0,100,10,1,10,4.757745257113129,0.3375971361529082,4.420148120960221,0.02258121152408421,0.40726716141216457,0.34974195691756904,3.255041386699304,3.0509940003976226
bbob_f9_fixed,full,0.3333333333333333,20263013,20264910,b8c8921e7682b50a92020be2f88d9902a4c61b5075ef46ff9f2ebd10f87b15a6,13517.751953125,56.938968658447266,300,20,90,1,1.2402877807617188,1.2402877807617188,100,10,2,10,4.757745257113129,0.3375971361529082,4.420148120960221,0.02258121152408421,0.40726716141216457,0.34974195691756904,3.255041386699304,3.0509940003976226
bbob_f9_fixed,full,0.3333333333333333,20263014,20264910,b8c8921e7682b50a92020be2f88d9902a4c61b5075ef46ff9f2ebd10f87b15a6,18247.703125,57.742637634277344,300,20,87,0,0,0,100,10,1,10,4.757745257113129,0.3375971361529082,4.420148120960221,0.02258121152408421,0.40726716141216457,0.34974195691756904,3.255041386699304,3.0509940003976226
bbob_f9_fixed,full,0.3333333333333333,20263015,20264910,b8c8921e7682b50a92020be2f88d9902a4c61b5075ef46ff9f2ebd10f87b15a6,3209.50927734375,58.092384338378906,300,20,71,1,0.19593048095703125,0.19593048095703125,100,10,4,10,4.757745257113129,0.3375971361529082,4.420148120960221,0.02258121152408421,0.40726716141216457,0.34974195691756904,3.255041386699304,3.0509940003976226
bbob_f9_fixed,full,0.3333333333333333,20263016,20264910,b8c8921e7682b50a92020be2f88d9902a4c61b5075ef46ff9f2ebd10f87b15a6,15414.173828125,57.45723342895508,300,20,89,1,0,0,100,10,3,10,4.757745257113129,0.3375971361529082,4.420148120960221,0.02258121152408421,0.40726716141216457,0.34974195691756904,3.255041386699304,3.0509940003976226
bbob_f9_fixed,full,0.3333333333333333,20263017,20264910,b8c8921e7682b50a92020be2f88d9902a4c61b5075ef46ff9f2ebd10f87b15a6,15276.546875,56.54429626464844,300,20,80,2,0.6009292602539062,0.6009292602539062,100,10,1,10,4.757745257113129,0.3375971361529082,4.420148120960221,0.02258121152408421,0.40726716141216457,0.34974195691756904,3.255041386699304,3.0509940003976226
bbob_f9_fixed,full,0.3333333333333333,20263018,20264910,b8c8921e7682b50a92020be2f88d9902a4c61b5075ef46ff9f2ebd10f87b15a6,11330.630859375,56.60776138305664,300,20,78,0,0,0,100,10,3,10,4.757745257113129,0.3375971361529082,4.420148120960221,0.02258121152408421,0.40726716141216457,0.34974195691756904,3.255041386699304,3.0509940003976226
bbob_f9_fixed,full,0.3333333333333333,20263019,20264910,b8c8921e7682b50a92020be2f88d9902a4c61b5075ef46ff9f2ebd10f87b15a6,22589.533203125,57.5350456237793,300,20,88,1,0,0,100,10,3,10,4.757745257113129,0.3375971361529082,4.420148120960221,0.02258121152408421,0.40726716141216457,0.34974195691756904,3.255041386699304,3.0509940003976226
bbob_f9_fixed,full,0.9,20263020,20264920,6643c69d9f31a258293c1504f7fcdd4614ae35752d26ef00b346148bb6dafd1b,6543.37451171875,57.17089080810547,300,2,15,0,0,0,15,1,0,10,2.5352915399707854,0.02453230693936348,2.510759233031422,0.02000869601033628,0.33933752961456776,0.3103455798700452,1.591179771348834,1.352170694153756
bbob_f9_fixed,full,0.9,20263021,20264920,6643c69d9f31a258293c1504f7fcdd4614ae35752d26ef00b346148bb6dafd1b,21832.984375,57.49553680419922,300,2,15,0,0,0,15,1,0,10,2.5352915399707854,0.02453230693936348,2.510759233031422,0.02000869601033628,0.33933752961456776,0.3103455798700452,1.591179771348834,1.352170694153756
bbob_f9_fixed,full,0.9,20263022,20264920,6643c69d9f31a258293c1504f7fcdd4614ae35752d26ef00b346148bb6dafd1b,14153.0048828125,57.42295455932617,300,2,15,2,0.70452880859375,0.70452880859375,15,1,0,10,2.5352915399707854,0.02453230693936348,2.510759233031422,0.02000869601033628,0.33933752961456776,0.3103455798700452,1.591179771348834,1.352170694153756
bbob_f9_fixed,full,0.9,20263023,20264920,6643c69d9f31a258293c1504f7fcdd4614ae35752d26ef00b346148bb6dafd1b,5535.86279296875,57.59966278076172,300,2,15,0,0,0,15,1,0,10,2.5352915399707854,0.02453230693936348,2.510759233031422,0.02000869601033628,0.33933752961456776,0.3103455798700452,1.591179771348834,1.352170694153756
bbob_f9_fixed,full,0.9,20263024,20264920,6643c69d9f31a258293c1504f7fcdd4614ae35752d26ef00b346148bb6dafd1b,17640.185546875,56.95132064819336,300,2,15,0,0,0,15,1,0,10,2.5352915399707854,0.02453230693936348,2.510759233031422,0.02000869601033628,0.33933752961456776,0.3103455798700452,1.591179771348834,1.352170694153756
bbob_f9_fixed,full,0.9,20263025,20264920,6643c69d9f31a258293c1504f7fcdd4614ae35752d26ef00b346148bb6dafd1b,1111.45703125,57.82445526123047,300,2,15,1,0.13427734375,0.13427734375,15,1,0,10,2.5352915399707854,0.02453230693936348,2.510759233031422,0.02000869601033628,0.33933752961456776,0.3103455798700452,1.591179771348834,1.352170694153756
bbob_f9_fixed,full,0.9,20263026,20264920,6643c69d9f31a258293c1504f7fcdd4614ae35752d26ef00b346148bb6dafd1b,34072.75390625,57.208011627197266,300,2,15,0,0,0,15,1,0,10,2.5352915399707854,0.02453230693936348,2.510759233031422,0.02000869601033628,0.33933752961456776,0.3103455798700452,1.591179771348834,1.352170694153756
bbob_f9_fixed,full,0.9,20263027,20264920,6643c69d9f31a258293c1504f7fcdd4614ae35752d26ef00b346148bb6dafd1b,12864.845703125,53.376346588134766,300,2,15,1,4.644580841064453,4.644580841064453,15,1,0,10,2.5352915399707854,0.02453230693936348,2.510759233031422,0.02000869601033628,0.33933752961456776,0.3103455798700452,1.591179771348834,1.352170694153756
bbob_f9_fixed,full,0.9,20263028,20264920,6643c69d9f31a258293c1504f7fcdd4614ae35752d26ef00b346148bb6dafd1b,24847.32421875,57.808685302734375,300,2,15,1,0.3674278259277344,0.3674278259277344,15,1,0,10,2.5352915399707854,0.02453230693936348,2.510759233031422,0.02000869601033628,0.33933752961456776,0.3103455798700452,1.591179771348834,1.352170694153756
bbob_f9_fixed,full,0.9,20263029,20264920,6643c69d9f31a258293c1504f7fcdd4614ae35752d26ef00b346148bb6dafd1b,6134.341796875,57.916893005371094,300,2,15,0,0,0,15,1,0,10,2.5352915399707854,0.02453230693936348,2.510759233031422,0.02000869601033628,0.33933752961456776,0.3103455798700452,1.591179771348834,1.352170694153756
bbob_f9_fixed,full,0.7,20263020,20264920,6643c69d9f31a258293c1504f7fcdd4614ae35752d26ef00b346148bb6dafd1b,6543.37451171875,56.7108154296875,300,8,26,1,0.46007537841796875,0.46007537841796875,45,4,0,10,2.930473924148828,0.10543586756102741,2.8250380565878004,0.0187436668202281,0.36205838061869144,0.32294890633784235,1.833979498129338,1.6245103189721704
bbob_f9_fixed,full,0.7,20263021,20264920,6643c69d9f31a258293c1504f7fcdd4614ae35752d26ef00b346148bb6dafd1b,21832.984375,57.49553680419922,300,8,32,0,0,0,45,4,0,10,2.930473924148828,0.10543586756102741,2.8250380565878004,0.0187436668202281,0.36205838061869144,0.32294890633784235,1.833979498129338,1.6245103189721704
bbob_f9_fixed,full,0.7,20263022,20264920,6643c69d9f31a258293c1504f7fcdd4614ae35752d26ef00b346148bb6dafd1b,14153.0048828125,53.41857147216797,300,8,43,1,4.708911895751953,4.708911895751953,45,4,1,10,2.930473924148828,0.10543586756102741,2.8250380565878004,0.0187436668202281,0.36205838061869144,0.32294890633784235,1.833979498129338,1.6245103189721704
bbob_f9_fixed,full,0.7,20263023,20264920,6643c69d9f31a258293c1504f7fcdd4614ae35752d26ef00b346148bb6dafd1b,5535.86279296875,56.42247009277344,300,8,28,2,1.1771926879882812,1.1771926879882812,45,4,0,10,2.930473924148828,0.10543586756102741,2.8250380565878004,0.0187436668202281,0.36205838061869144,0.32294890633784235,1.833979498129338,1.6245103189721704
bbob_f9_fixed,full,0.7,20263024,20264920,6643c69d9f31a258293c1504f7fcdd4614ae35752d26ef00b346148bb6dafd1b,17640.185546875,54.162498474121094,300,8,28,3,2.7888221740722656,2.7888221740722656,45,4,0,10,2.930473924148828,0.10543586756102741,2.8250380565878004,0.0187436668202281,0.36205838061869144,0.32294890633784235,1.833979498129338,1.6245103189721704
bbob_f9_fixed,full,0.7,20263025,20264920,6643c69d9f31a258293c1504f7fcdd4614ae35752d26ef00b346148bb6dafd1b,1111.45703125,51.397361755371094,300,8,44,4,6.561370849609375,5.867733001708984,45,4,0,10,2.930473924148828,0.10543586756102741,2.8250380565878004,0.0187436668202281,0.36205838061869144,0.32294890633784235,1.833979498129338,1.6245103189721704
bbob_f9_fixed,full,0.7,20263026,20264920,6643c69d9f31a258293c1504f7fcdd4614ae35752d26ef00b346148bb6dafd1b,34072.75390625,55.43017578125,300,8,38,1,1.7778358459472656,1.7778358459472656,45,4,1,10,2.930473924148828,0.10543586756102741,2.8250380565878004,0.0187436668202281,0.36205838061869144,0.32294890633784235,1.833979498129338,1.6245103189721704
bbob_f9_fixed,full,0.7,20263027,20264920,6643c69d9f31a258293c1504f7fcdd4614ae35752d26ef00b346148bb6dafd1b,12864.845703125,52.48682403564453,300,8,42,1,5.5341033935546875,5.5341033935546875,45,4,0,10,2.930473924148828,0.10543586756102741,2.8250380565878004,0.0187436668202281,0.36205838061869144,0.32294890633784235,1.833979498129338,1.6245103189721704
bbob_f9_fixed,full,0.7,20263028,20264920,6643c69d9f31a258293c1504f7fcdd4614ae35752d26ef00b346148bb6dafd1b,24847.32421875,51.067562103271484,300,8,35,1,7.108551025390625,7.108551025390625,45,4,0,10,2.930473924148828,0.10543586756102741,2.8250380565878004,0.0187436668202281,0.36205838061869144,0.32294890633784235,1.833979498129338,1.6245103189721704
bbob_f9_fixed,full,0.7,20263029,20264920,6643c69d9f31a258293c1504f7fcdd4614ae35752d26ef00b346148bb6dafd1b,6134.341796875,45.57062530517578,300,8,37,3,12.346267700195312,12.346267700195312,45,4,1,10,2.930473924148828,0.10543586756102741,2.8250380565878004,0.0187436668202281,0.36205838061869144,0.32294890633784235,1.833979498129338,1.6245103189721704
bbob_f9_fixed,full,0.5,20263020,20264920,6643c69d9f31a258293c1504f7fcdd4614ae35752d26ef00b346148bb6dafd1b,6543.37451171875,54.55861282348633,300,14,44,1,2.6122779846191406,2.6122779846191406,75,7,0,10,3.495899013010785,0.1886767242103815,3.3072222888004035,0.01990541839040816,0.3610800539609045,0.3130393212195486,2.2842260897159576,2.058218567399308
bbob_f9_fixed,full,0.5,20263021,20264920,6643c69d9f31a258293c1504f7fcdd4614ae35752d26ef00b346148bb6dafd1b,21832.984375,50.96324920654297,300,14,56,1,6.53228759765625,6.53228759765625,75,7,2,10,3.495899013010785,0.1886767242103815,3.3072222888004035,0.01990541839040816,0.3610800539609045,0.3130393212195486,2.2842260897159576,2.058218567399308
bbob_f9_fixed,full,0.5,20263022,20264920,6643c69d9f31a258293c1504f7fcdd4614ae35752d26ef00b346148bb6dafd1b,14153.0048828125,51.879669189453125,300,14,62,3,6.247814178466797,6.247814178466797,75,7,4,10,3.495899013010785,0.1886767242103815,3.3072222888004035,0.01990541839040816,0.3610800539609045,0.3130393212195486,2.2842260897159576,2.058218567399308
bbob_f9_fixed,full,0.5,20263023,20264920,6643c69d9f31a258293c1504f7fcdd4614ae35752d26ef00b346148bb6dafd1b,5535.86279296875,57.59966278076172,300,14,57,0,0,0,75,7,2,10,3.495899013010785,0.1886767242103815,3.3072222888004035,0.01990541839040816,0.3610800539609045,0.3130393212195486,2.2842260897159576,2.058218567399308
bbob_f9_fixed,full,0.5,20263024,20264920,6643c69d9f31a258293c1504f7fcdd4614ae35752d26ef00b346148bb6dafd1b,17640.185546875,56.95132064819336,300,14,57,0,0,0,75,7,5,10,3.495899013010785,0.1886767242103815,3.3072222888004035,0.01990541839040816,0.3610800539609045,0.3130393212195486,2.2842260897159576,2.058218567399308
bbob_f9_fixed,full,0.5,20263025,20264920,6643c69d9f31a258293c1504f7fcdd4614ae35752d26ef00b346148bb6dafd1b,1111.45703125,57.95873260498047,300,14,64,0,0,0,75,7,3,10,3.495899013010785,0.1886767242103815,3.3072222888004035,0.01990541839040816,0.3610800539609045,0.3130393212195486,2.2842260897159576,2.058218567399308
bbob_f9_fixed,full,0.5,20263026,20264920,6643c69d9f31a258293c1504f7fcdd4614ae35752d26ef00b346148bb6dafd1b,34072.75390625,55.583858489990234,300,14,65,1,1.6241531372070312,1.6241531372070312,75,7,3,10,3.495899013010785,0.1886767242103815,3.3072222888004035,0.01990541839040816,0.3610800539609045,0.3130393212195486,2.2842260897159576,2.058218567399308
bbob_f9_fixed,full,0.5,20263027,20264920,6643c69d9f31a258293c1504f7fcdd4614ae35752d26ef00b346148bb6dafd1b,12864.845703125,36.929039001464844,300,14,71,6,21.091888427734375,17.31032943725586,75,7,3,10,3.495899013010785,0.1886767242103815,3.3072222888004035,0.01990541839040816,0.3610800539609045,0.3130393212195486,2.2842260897159576,2.058218567399308
bbob_f9_fixed,full,0.5,20263028,20264920,6643c69d9f31a258293c1504f7fcdd4614ae35752d26ef00b346148bb6dafd1b,24847.32421875,58.350791931152344,300,14,55,0,0,0,75,7,1,10,3.495899013010785,0.1886767242103815,3.3072222888004035,0.01990541839040816,0.3610800539609045,0.3130393212195486,2.2842260897159576,2.058218567399308
bbob_f9_fixed,full,0.5,20263029,20264920,6643c69d9f31a258293c1504f7fcdd4614ae35752d26ef00b346148bb6dafd1b,6134.341796875,47.028663635253906,300,14,66,1,11.102027893066406,11.102027893066406,75,7,4,10,3.495899013010785,0.1886767242103815,3.3072222888004035,0.01990541839040816,0.3610800539609045,0.3130393212195486,2.2842260897159576,2.058218567399308
bbob_f9_fixed,full,0.3333333333333333,20263020,20264920,6643c69d9f31a258293c1504f7fcdd4614ae35752d26ef00b346148bb6dafd1b,6543.37451171875,51.868614196777344,300,20,63,2,5.302276611328125,5.302276611328125,100,10,2,10,3.862076207064092,0.2708029530476779,3.5912732540164143,0.021086808061227202,0.37234901497140527,0.3436800523195416,2.516802326310426,2.3011254363227636
bbob_f9_fixed,full,0.3333333333333333,20263021,20264920,6643c69d9f31a258293c1504f7fcdd4614ae35752d26ef00b346148bb6dafd1b,21832.984375,57.49553680419922,300,20,82,0,0,0,100,10,2,10,3.862076207064092,0.2708029530476779,3.5912732540164143,0.021086808061227202,0.37234901497140527,0.3436800523195416,2.516802326310426,2.3011254363227636
bbob_f9_fixed,full,0.3333333333333333,20263022,20264920,6643c69d9f31a258293c1504f7fcdd4614ae35752d26ef00b346148bb6dafd1b,14153.0048828125,57.71245193481445,300,20,74,0,0,0,100,10,4,10,3.862076207064092,0.2708029530476779,3.5912732540164143,0.021086808061227202,0.37234901497140527,0.3436800523195416,2.516802326310426,2.3011254363227636
bbob_f9_fixed,full,0.3333333333333333,20263023,20264920,6643c69d9f31a258293c1504f7fcdd4614ae35752d26ef00b346148bb6dafd1b,5535.86279296875,56.77033996582031,300,20,67,1,0.8293228149414062,0.8293228149414062,100,10,3,10,3.862076207064092,0.2708029530476779,3.5912732540164143,0.021086808061227202,0.37234901497140527,0.3436800523195416,2.516802326310426,2.3011254363227636
bbob_f9_fixed,full,0.3333333333333333,20263024,20264920,6643c69d9f31a258293c1504f7fcdd4614ae35752d26ef00b346148bb6dafd1b,17640.185546875,51.984649658203125,300,20,85,1,5.191493988037109,5.191493988037109,100,10,5,10,3.862076207064092,0.2708029530476779,3.5912732540164143,0.021086808061227202,0.37234901497140527,0.3436800523195416,2.516802326310426,2.3011254363227636
bbob_f9_fixed,full,0.3333333333333333,20263025,20264920,6643c69d9f31a258293c1504f7fcdd4614ae35752d26ef00b346148bb6dafd1b,1111.45703125,50.964805603027344,300,20,90,2,6.849872589111328,6.849872589111328,100,10,2,10,3.862076207064092,0.2708029530476779,3.5912732540164143,0.021086808061227202,0.37234901497140527,0.3436800523195416,2.516802326310426,2.3011254363227636
bbob_f9_fixed,full,0.3333333333333333,20263026,20264920,6643c69d9f31a258293c1504f7fcdd4614ae35752d26ef00b346148bb6dafd1b,34072.75390625,55.3812255859375,300,20,82,4,1.7290267944335938,1.7290267944335938,100,10,6,10,3.862076207064092,0.2708029530476779,3.5912732540164143,0.021086808061227202,0.37234901497140527,0.3436800523195416,2.516802326310426,2.3011254363227636
bbob_f9_fixed,full,0.3333333333333333,20263027,20264920,6643c69d9f31a258293c1504f7fcdd4614ae35752d26ef00b346148bb6dafd1b,12864.845703125,56.397552490234375,300,20,89,2,1.7905006408691406,1.7905006408691406,100,10,2,10,3.862076207064092,0.2708029530476779,3.5912732540164143,0.021086808061227202,0.37234901497140527,0.3436800523195416,2.516802326310426,2.3011254363227636
bbob_f9_fixed,full,0.3333333333333333,20263028,20264920,6643c69d9f31a258293c1504f7fcdd4614ae35752d26ef00b346148bb6dafd1b,24847.32421875,58.05299377441406,300,20,83,0,0,0,100,10,2,10,3.862076207064092,0.2708029530476779,3.5912732540164143,0.021086808061227202,0.37234901497140527,0.3436800523195416,2.516802326310426,2.3011254363227636
bbob_f9_fixed,full,0.3333333333333333,20263029,20264920,6643c69d9f31a258293c1504f7fcdd4614ae35752d26ef00b346148bb6dafd1b,6134.341796875,46.32896423339844,300,20,84,1,11.977161407470703,11.977161407470703,100,10,5,10,3.862076207064092,0.2708029530476779,3.5912732540164143,0.021086808061227202,0.37234901497140527,0.3436800523195416,2.516802326310426,2.3011254363227636
bbob_f11_fixed,full,0.9,20263000,20265100,0e1dc59d0170f9efff8fc1b1fbfe397da63b310c2e40dace35437142580eee11,7933.6259765625,0.0009560714242979884,300,2,15,0,0,0,15,1,0,10,2.584072222933173,0.03933417750522494,2.5447380454279482,0.03786623990163207,0.3689246694557369,0.34477620478719473,1.5279339225962758,1.3007994790095836
bbob_f11_fixed,full,0.9,20263001,20265100,0e1dc59d0170f9efff8fc1b1fbfe397da63b310c2e40dace35437142580eee11,116569.6015625,0.04900230094790459,300,2,15,0,0,0,15,1,0,10,2.584072222933173,0.03933417750522494,2.5447380454279482,0.03786623990163207,0.3689246694557369,0.34477620478719473,1.5279339225962758,1.3007994790095836
bbob_f11_fixed,full,0.9,20263002,20265100,0e1dc59d0170f9efff8fc1b1fbfe397da63b310c2e40dace35437142580eee11,917.6880493164062,0.20137919485569,300,2,15,0,0,0,15,1,0,10,2.584072222933173,0.03933417750522494,2.5447380454279482,0.03786623990163207,0.3689246694557369,0.34477620478719473,1.5279339225962758,1.3007994790095836
bbob_f11_fixed,full,0.9,20263003,20265100,0e1dc59d0170f9efff8fc1b1fbfe397da63b310c2e40dace35437142580eee11,9708.564453125,1.2585500478744507,300,2,15,0,0,0,15,1,0,10,2.584072222933173,0.03933417750522494,2.5447380454279482,0.03786623990163207,0.3689246694557369,0.34477620478719473,1.5279339225962758,1.3007994790095836
bbob_f11_fixed,full,0.9,20263004,20265100,0e1dc59d0170f9efff8fc1b1fbfe397da63b310c2e40dace35437142580eee11,87216.171875,1.6249501705169678,300,2,15,0,0,0,15,1,0,10,2.584072222933173,0.03933417750522494,2.5447380454279482,0.03786623990163207,0.3689246694557369,0.34477620478719473,1.5279339225962758,1.3007994790095836
bbob_f11_fixed,full,0.9,20263005,20265100,0e1dc59d0170f9efff8fc1b1fbfe397da63b310c2e40dace35437142580eee11,25978.779296875,0.030207447707653046,300,2,15,0,0,0,15,1,0,10,2.584072222933173,0.03933417750522494,2.5447380454279482,0.03786623990163207,0.3689246694557369,0.34477620478719473,1.5279339225962758,1.3007994790095836
bbob_f11_fixed,full,0.9,20263006,20265100,0e1dc59d0170f9efff8fc1b1fbfe397da63b310c2e40dace35437142580eee11,357.099609375,0.5701307058334351,300,2,15,0,0,0,15,1,0,10,2.584072222933173,0.03933417750522494,2.5447380454279482,0.03786623990163207,0.3689246694557369,0.34477620478719473,1.5279339225962758,1.3007994790095836
bbob_f11_fixed,full,0.9,20263007,20265100,0e1dc59d0170f9efff8fc1b1fbfe397da63b310c2e40dace35437142580eee11,3468.0244140625,0.0900832936167717,300,2,15,0,0,0,15,1,0,10,2.584072222933173,0.03933417750522494,2.5447380454279482,0.03786623990163207,0.3689246694557369,0.34477620478719473,1.5279339225962758,1.3007994790095836
bbob_f11_fixed,full,0.9,20263008,20265100,0e1dc59d0170f9efff8fc1b1fbfe397da63b310c2e40dace35437142580eee11,24840.326171875,0.12751777470111847,300,2,15,0,0,0,15,1,0,10,2.584072222933173,0.03933417750522494,2.5447380454279482,0.03786623990163207,0.3689246694557369,0.34477620478719473,1.5279339225962758,1.3007994790095836
bbob_f11_fixed,full,0.9,20263009,20265100,0e1dc59d0170f9efff8fc1b1fbfe397da63b310c2e40dace35437142580eee11,9884.9619140625,0.02572065033018589,300,2,15,0,0,0,15,1,0,10,2.584072222933173,0.03933417750522494,2.5447380454279482,0.03786623990163207,0.3689246694557369,0.34477620478719473,1.5279339225962758,1.3007994790095836
bbob_f11_fixed,full,0.7,20263000,20265100,0e1dc59d0170f9efff8fc1b1fbfe397da63b310c2e40dace35437142580eee11,7933.6259765625,0.0009560714242979884,300,8,45,0,0,0,45,4,0,10,2.9318206410389394,0.11405631108209491,2.8177643299568444,0.03498731669969857,0.36246140813454986,0.30545017775148153,1.8362022412475199,1.632166477618739
bbob_f11_fixed,full,0.7,20263001,20265100,0e1dc59d0170f9efff8fc1b1fbfe397da63b310c2e40dace35437142580eee11,116569.6015625,0.04900230094790459,300,8,45,0,0,0,45,4,1,10,2.9318206410389394,0.11405631108209491,2.8177643299568444,0.03498731669969857,0.36246140813454986,0.30545017775148153,1.8362022412475199,1.632166477618739
bbob_f11_fixed,full,0.7,20263002,20265100,0e1dc59d0170f9efff8fc1b1fbfe397da63b310c2e40dace35437142580eee11,917.6880493164062,0.20137919485569,300,8,44,0,0,0,45,4,1,10,2.9318206410389394,0.11405631108209491,2.8177643299568444,0.03498731669969857,0.36246140813454986,0.30545017775148153,1.8362022412475199,1.632166477618739
bbob_f11_fixed,full,0.7,20263003,20265100,0e1dc59d0170f9efff8fc1b1fbfe397da63b310c2e40dace35437142580eee11,9708.564453125,0.3176453709602356,300,8,45,1,0.9409046769142151,0.9409046769142151,45,4,0,10,2.9318206410389394,0.11405631108209491,2.8177643299568444,0.03498731669969857,0.36246140813454986,0.30545017775148153,1.8362022412475199,1.632166477618739
bbob_f11_fixed,full,0.7,20263004,20265100,0e1dc59d0170f9efff8fc1b1fbfe397da63b310c2e40dace35437142580eee11,87216.171875,1.6249501705169678,300,8,45,0,0,0,45,4,1,10,2.9318206410389394,0.11405631108209491,2.8177643299568444,0.03498731669969857,0.36246140813454986,0.30545017775148153,1.8362022412475199,1.632166477618739
bbob_f11_fixed,full,0.7,20263005,20265100,0e1dc59d0170f9efff8fc1b1fbfe397da63b310c2e40dace35437142580eee11,25978.779296875,0.030207447707653046,300,8,45,0,0,0,45,4,0,10,2.9318206410389394,0.11405631108209491,2.8177643299568444,0.03498731669969857,0.36246140813454986,0.30545017775148153,1.8362022412475199,1.632166477618739
bbob_f11_fixed,full,0.7,20263006,20265100,0e1dc59d0170f9efff8fc1b1fbfe397da63b310c2e40dace35437142580eee11,357.099609375,0.5701307058334351,300,8,45,0,0,0,45,4,0,10,2.9318206410389394,0.11405631108209491,2.8177643299568444,0.03498731669969857,0.36246140813454986,0.30545017775148153,1.8362022412475199,1.632166477618739
bbob_f11_fixed,full,0.7,20263007,20265100,0e1dc59d0170f9efff8fc1b1fbfe397da63b310c2e40dace35437142580eee11,3468.0244140625,0.0900832936167717,300,8,43,0,0,0,45,4,1,10,2.9318206410389394,0.11405631108209491,2.8177643299568444,0.03498731669969857,0.36246140813454986,0.30545017775148153,1.8362022412475199,1.632166477618739
bbob_f11_fixed,full,0.7,20263008,20265100,0e1dc59d0170f9efff8fc1b1fbfe397da63b310c2e40dace35437142580eee11,24840.326171875,0.12751777470111847,300,8,45,0,0,0,45,4,1,10,2.9318206410389394,0.11405631108209491,2.8177643299568444,0.03498731669969857,0.36246140813454986,0.30545017775148153,1.8362022412475199,1.632166477618739
bbob_f11_fixed,full,0.7,20263009,20265100,0e1dc59d0170f9efff8fc1b1fbfe397da63b310c2e40dace35437142580eee11,9884.9619140625,0.02572065033018589,300,8,44,0,0,0,45,4,0,10,2.9318206410389394,0.11405631108209491,2.8177643299568444,0.03498731669969857,0.36246140813454986,0.30545017775148153,1.8362022412475199,1.632166477618739
bbob_f11_fixed,full,0.5,20263000,20265100,0e1dc59d0170f9efff8fc1b1fbfe397da63b310c2e40dace35437142580eee11,7933.6259765625,0.0016590796876698732,300,14,74,0,0,0,75,7,1,10,3.4450095801148564,0.19547428260557353,3.249535297509283,0.03942092973738909,0.3460573039483279,0.3046342481393367,2.24046539189294,2.031283519230783
bbob_f11_fixed,full,0.5,20263001,20265100,0e1dc59d0170f9efff8fc1b1fbfe397da63b310c2e40dace35437142580eee11,116569.6015625,0.3012225031852722,300,14,74,0,0,0,75,7,1,10,3.4450095801148564,0.19547428260557353,3.249535297509283,0.03942092973738909,0.3460573039483279,0.3046342481393367,2.24046539189294,2.031283519230783
bbob_f11_fixed,full,0.5,20263002,20265100,0e1dc59d0170f9efff8fc1b1fbfe397da63b310c2e40dace35437142580eee11,917.6880493164062,0.26267650723457336,300,14,74,0,0,0,75,7,1,10,3.4450095801148564,0.19547428260557353,3.249535297509283,0.03942092973738909,0.3460573039483279,0.3046342481393367,2.24046539189294,2.031283519230783
bbob_f11_fixed,full,0.5,20263003,20265100,0e1dc59d0170f9efff8fc1b1fbfe397da63b310c2e40dace35437142580eee11,9708.564453125,0.12605485320091248,300,14,75,0,0,0,75,7,1,10,3.4450095801148564,0.19547428260557353,3.249535297509283,0.03942092973738909,0.3460573039483279,0.3046342481393367,2.24046539189294,2.031283519230783
bbob_f11_fixed,full,0.5,20263004,20265100,0e1dc59d0170f9efff8fc1b1fbfe397da63b310c2e40dace35437142580eee11,87216.171875,0.0026790203992277384,300,14,74,0,0,0,75,7,3,10,3.4450095801148564,0.19547428260557353,3.249535297509283,0.03942092973738909,0.3460573039483279,0.3046342481393367,2.24046539189294,2.031283519230783
bbob_f11_fixed,full,0.5,20263005,20265100,0e1dc59d0170f9efff8fc1b1fbfe397da63b310c2e40dace35437142580eee11,25978.779296875,0.00493202731013298,300,14,75,0,0,0,75,7,3,10,3.4450095801148564,0.19547428260557353,3.249535297509283,0.03942092973738909,0.3460573039483279,0.3046342481393367,2.24046539189294,2.031283519230783
bbob_f11_fixed,full,0.5,20263006,20265100,0e1dc59d0170f9efff8fc1b1fbfe397da63b310c2e40dace35437142580eee11,357.099609375,0.004024903289973736,300,14,74,0,0,0,75,7,1,10,3.4450095801148564,0.19547428260557353,3.249535297509283,0.03942092973738909,0.3460573039483279,0.3046342481393367,2.24046539189294,2.031283519230783
bbob_f11_fixed,full,0.5,20263007,20265100,0e1dc59d0170f9efff8fc1b1fbfe397da63b310c2e40dace35437142580eee11,3468.0244140625,0.0676153227686882,300,14,75,0,0,0,75,7,1,10,3.4450095801148564,0.19547428260557353,3.249535297509283,0.03942092973738909,0.3460573039483279,0.3046342481393367,2.24046539189294,2.031283519230783
bbob_f11_fixed,full,0.5,20263008,20265100,0e1dc59d0170f9efff8fc1b1fbfe397da63b310c2e40dace35437142580eee11,24840.326171875,0.10589196532964706,300,14,75,0,0,0,75,7,1,10,3.4450095801148564,0.19547428260557353,3.249535297509283,0.03942092973738909,0.3460573039483279,0.3046342481393367,2.24046539189294,2.031283519230783
bbob_f11_fixed,full,0.5,20263009,20265100,0e1dc59d0170f9efff8fc1b1fbfe397da63b310c2e40dace35437142580eee11,9884.9619140625,0.05528145283460617,300,14,74,0,0,0,75,7,0,10,3.4450095801148564,0.19547428260557353,3.249535297509283,0.03942092973738909,0.3460573039483279,0.3046342481393367,2.24046539189294,2.031283519230783
bbob_f11_fixed,full,0.3333333333333333,20263000,20265100,0e1dc59d0170f9efff8fc1b1fbfe397da63b310c2e40dace35437142580eee11,7933.6259765625,0.1407511681318283,300,20,100,0,0,0,100,10,0,10,3.906891823047772,0.2576460433192551,3.649245779728517,0.03518969193100929,0.35619549034163356,0.3250509235076606,2.602195583982393,2.3942300411872566
bbob_f11_fixed,full,0.3333333333333333,20263001,20265100,0e1dc59d0170f9efff8fc1b1fbfe397da63b310c2e40dace35437142580eee11,116569.6015625,0.00735551118850708,300,20,100,0,0,0,100,10,0,10,3.906891823047772,0.2576460433192551,3.649245779728517,0.03518969193100929,0.35619549034163356,0.3250509235076606,2.602195583982393,2.3942300411872566
bbob_f11_fixed,full,0.3333333333333333,20263002,20265100,0e1dc59d0170f9efff8fc1b1fbfe397da63b310c2e40dace35437142580eee11,917.6880493164062,0.6301643252372742,300,20,99,0,0,0,100,10,0,10,3.906891823047772,0.2576460433192551,3.649245779728517,0.03518969193100929,0.35619549034163356,0.3250509235076606,2.602195583982393,2.3942300411872566
bbob_f11_fixed,full,0.3333333333333333,20263003,20265100,0e1dc59d0170f9efff8fc1b1fbfe397da63b310c2e40dace35437142580eee11,9708.564453125,0.03667213022708893,300,20,99,0,0,0,100,10,0,10,3.906891823047772,0.2576460433192551,3.649245779728517,0.03518969193100929,0.35619549034163356,0.3250509235076606,2.602195583982393,2.3942300411872566
bbob_f11_fixed,full,0.3333333333333333,20263004,20265100,0e1dc59d0170f9efff8fc1b1fbfe397da63b310c2e40dace35437142580eee11,87216.171875,0.0562434159219265,300,20,99,0,0,0,100,10,1,10,3.906891823047772,0.2576460433192551,3.649245779728517,0.03518969193100929,0.35619549034163356,0.3250509235076606,2.602195583982393,2.3942300411872566
bbob_f11_fixed,full,0.3333333333333333,20263005,20265100,0e1dc59d0170f9efff8fc1b1fbfe397da63b310c2e40dace35437142580eee11,25978.779296875,0.2392508089542389,300,20,100,0,0,0,100,10,0,10,3.906891823047772,0.2576460433192551,3.649245779728517,0.03518969193100929,0.35619549034163356,0.3250509235076606,2.602195583982393,2.3942300411872566
bbob_f11_fixed,full,0.3333333333333333,20263006,20265100,0e1dc59d0170f9efff8fc1b1fbfe397da63b310c2e40dace35437142580eee11,357.099609375,0.5143834948539734,300,20,97,0,0,0,100,10,1,10,3.906891823047772,0.2576460433192551,3.649245779728517,0.03518969193100929,0.35619549034163356,0.3250509235076606,2.602195583982393,2.3942300411872566
bbob_f11_fixed,full,0.3333333333333333,20263007,20265100,0e1dc59d0170f9efff8fc1b1fbfe397da63b310c2e40dace35437142580eee11,3468.0244140625,3.861823320388794,300,20,98,0,0,0,100,10,2,10,3.906891823047772,0.2576460433192551,3.649245779728517,0.03518969193100929,0.35619549034163356,0.3250509235076606,2.602195583982393,2.3942300411872566
bbob_f11_fixed,full,0.3333333333333333,20263008,20265100,0e1dc59d0170f9efff8fc1b1fbfe397da63b310c2e40dace35437142580eee11,24840.326171875,0.0021072407253086567,300,20,100,0,0,0,100,10,0,10,3.906891823047772,0.2576460433192551,3.649245779728517,0.03518969193100929,0.35619549034163356,0.3250509235076606,2.602195583982393,2.3942300411872566
bbob_f11_fixed,full,0.3333333333333333,20263009,20265100,0e1dc59d0170f9efff8fc1b1fbfe397da63b310c2e40dace35437142580eee11,9884.9619140625,0.015932245180010796,300,20,100,0,0,0,100,10,2,10,3.906891823047772,0.2576460433192551,3.649245779728517,0.03518969193100929,0.35619549034163356,0.3250509235076606,2.602195583982393,2.3942300411872566
bbob_f11_fixed,full,0.9,20263010,20265110,b8c8921e7682b50a92020be2f88d9902a4c61b5075ef46ff9f2ebd10f87b15a6,11748.185546875,0.0006959605379961431,300,2,15,0,0,0,15,1,0,10,2.4683310280088335,0.027386330533772707,2.440944697475061,0.036664401181042194,0.336488964734599,0.3122459286823869,1.5090540093369782,1.2869347061496228
bbob_f11_fixed,full,0.9,20263011,20265110,b8c8921e7682b50a92020be2f88d9902a4c61b5075ef46ff9f2ebd10f87b15a6,176.53225708007812,0.04035069793462753,300,2,15,0,0,0,15,1,0,10,2.4683310280088335,0.027386330533772707,2.440944697475061,0.036664401181042194,0.336488964734599,0.3122459286823869,1.5090540093369782,1.2869347061496228
bbob_f11_fixed,full,0.9,20263012,20265110,b8c8921e7682b50a92020be2f88d9902a4c61b5075ef46ff9f2ebd10f87b15a6,888.5733642578125,0.0035332718398422003,300,2,15,0,0,0,15,1,0,10,2.4683310280088335,0.027386330533772707,2.440944697475061,0.036664401181042194,0.336488964734599,0.3122459286823869,1.5090540093369782,1.2869347061496228
bbob_f11_fixed,full,0.9,20263013,20265110,b8c8921e7682b50a92020be2f88d9902a4c61b5075ef46ff9f2ebd10f87b15a6,1442.84619140625,11.133613586425781,300,2,15,0,0,0,15,1,0,10,2.4683310280088335,0.027386330533772707,2.440944697475061,0.036664401181042194,0.336488964734599,0.3122459286823869,1.5090540093369782,1.2869347061496228
bbob_f11_fixed,full,0.9,20263014,20265110,b8c8921e7682b50a92020be2f88d9902a4c61b5075ef46ff9f2ebd10f87b15a6,308672.0,0.0014962101122364402,300,2,15,0,0,0,15,1,0,10,2.4683310280088335,0.027386330533772707,2.440944697475061,0.036664401181042194,0.336488964734599,0.3122459286823869,1.5090540093369782,1.2869347061496228
bbob_f11_fixed,full,0.9,20263015,20265110,b8c8921e7682b50a92020be2f88d9902a4c61b5075ef46ff9f2ebd10f87b15a6,1777.476318359375,0.12125124782323837,300,2,15,0,0,0,15,1,0,10,2.4683310280088335,0.027386330533772707,2.440944697475061,0.036664401181042194,0.336488964734599,0.3122459286823869,1.5090540093369782,1.2869347061496228
bbob_f11_fixed,full,0.9,20263016,20265110,b8c8921e7682b50a92020be2f88d9902a4c61b5075ef46ff9f2ebd10f87b15a6,61747.40234375,23.05137825012207,300,2,15,0,0,0,15,1,0,10,2.4683310280088335,0.027386330533772707,2.440944697475061,0.036664401181042194,0.336488964734599,0.3122459286823869,1.5090540093369782,1.2869347061496228
bbob_f11_fixed,full,0.9,20263017,20265110,b8c8921e7682b50a92020be2f88d9902a4c61b5075ef46ff9f2ebd10f87b15a6,6109.05810546875,0.0016328975325450301,300,2,15,0,0,0,15,1,0,10,2.4683310280088335,0.027386330533772707,2.440944697475061,0.036664401181042194,0.336488964734599,0.3122459286823869,1.5090540093369782,1.2869347061496228
bbob_f11_fixed,full,0.9,20263018,20265110,b8c8921e7682b50a92020be2f88d9902a4c61b5075ef46ff9f2ebd10f87b15a6,494.5757751464844,11.918429374694824,300,2,15,0,0,0,15,1,0,10,2.4683310280088335,0.027386330533772707,2.440944697475061,0.036664401181042194,0.336488964734599,0.3122459286823869,1.5090540093369782,1.2869347061496228
bbob_f11_fixed,full,0.9,20263019,20265110,b8c8921e7682b50a92020be2f88d9902a4c61b5075ef46ff9f2ebd10f87b15a6,34331.2734375,0.12261831760406494,300,2,15,0,0,0,15,1,0,10,2.4683310280088335,0.027386330533772707,2.440944697475061,0.036664401181042194,0.336488964734599,0.3122459286823869,1.5090540093369782,1.2869347061496228
bbob_f11_fixed,full,0.7,20263010,20265110,b8c8921e7682b50a92020be2f88d9902a4c61b5075ef46ff9f2ebd10f87b15a6,11748.185546875,0.0006959605379961431,300,8,45,0,0,0,45,4,0,10,2.968983391067013,0.099333610618487,2.869649780448526,0.03989533451385796,0.3562222176697105,0.3264719666913152,1.8469058158807456,1.6232022868935019
bbob_f11_fixed,full,0.7,20263011,20265110,b8c8921e7682b50a92020be2f88d9902a4c61b5075ef46ff9f2ebd10f87b15a6,176.53225708007812,0.04035069793462753,300,8,45,0,0,0,45,4,0,10,2.968983391067013,0.099333610618487,2.869649780448526,0.03989533451385796,0.3562222176697105,0.3264719666913152,1.8469058158807456,1.6232022868935019
bbob_f11_fixed,full,0.7,20263012,20265110,b8c8921e7682b50a92020be2f88d9902a4c61b5075ef46ff9f2ebd10f87b15a6,888.5733642578125,0.0035332718398422003,300,8,45,0,0,0,45,4,1,10,2.968983391067013,0.099333610618487,2.869649780448526,0.03989533451385796,0.3562222176697105,0.3264719666913152,1.8469058158807456,1.6232022868935019
bbob_f11_fixed,full,0.7,20263013,20265110,b8c8921e7682b50a92020be2f88d9902a4c61b5075ef46ff9f2ebd10f87b15a6,1442.84619140625,11.133613586425781,300,8,37,0,0,0,45,4,0,10,2.968983391067013,0.099333610618487,2.869649780448526,0.03989533451385796,0.3562222176697105,0.3264719666913152,1.8469058158807456,1.6232022868935019
bbob_f11_fixed,full,0.7,20263014,20265110,b8c8921e7682b50a92020be2f88d9902a4c61b5075ef46ff9f2ebd10f87b15a6,308672.0,0.0014962101122364402,300,8,45,0,0,0,45,4,1,10,2.968983391067013,0.099333610618487,2.869649780448526,0.03989533451385796,0.3562222176697105,0.3264719666913152,1.8469058158807456,1.6232022868935019
bbob_f11_fixed,full,0.7,20263015,20265110,b8c8921e7682b50a92020be2f88d9902a4c61b5075ef46ff9f2ebd10f87b15a6,1777.476318359375,0.12125124782323837,300,8,45,0,0,0,45,4,0,10,2.968983391067013,0.099333610618487,2.869649780448526,0.03989533451385796,0.3562222176697105,0.3264719666913152,1.8469058158807456,1.6232022868935019
bbob_f11_fixed,full,0.7,20263016,20265110,b8c8921e7682b50a92020be2f88d9902a4c61b5075ef46ff9f2ebd10f87b15a6,61747.40234375,23.05137825012207,300,8,45,0,0,0,45,4,0,10,2.968983391067013,0.099333610618487,2.869649780448526,0.03989533451385796,0.3562222176697105,0.3264719666913152,1.8469058158807456,1.6232022868935019
bbob_f11_fixed,full,0.7,20263017,20265110,b8c8921e7682b50a92020be2f88d9902a4c61b5075ef46ff9f2ebd10f87b15a6,6109.05810546875,0.0016328975325450301,300,8,45,0,0,0,45,4,2,10,2.968983391067013,0.099333610618487,2.869649780448526,0.03989533451385796,0.3562222176697105,0.3264719666913152,1.8469058158807456,1.6232022868935019
bbob_f11_fixed,full,0.7,20263018,20265110,b8c8921e7682b50a92020be2f88d9902a4c61b5075ef46ff9f2ebd10f87b15a6,494.5757751464844,11.918429374694824,300,8,45,0,0,0,45,4,0,10,2.968983391067013,0.099333610618487,2.869649780448526,0.03989533451385796,0.3562222176697105,0.3264719666913152,1.8469058158807456,1.6232022868935019
bbob_f11_fixed,full,0.7,20263019,20265110,b8c8921e7682b50a92020be2f88d9902a4c61b5075ef46ff9f2ebd10f87b15a6,34331.2734375,0.12261831760406494,300,8,45,0,0,0,45,4,0,10,2.968983391067013,0.099333610618487,2.869649780448526,0.03989533451385796,0.3562222176697105,0.3264719666913152,1.8469058158807456,1.6232022868935019
bbob_f11_fixed,full,0.5,20263010,20265110,b8c8921e7682b50a92020be2f88d9902a4c61b5075ef46ff9f2ebd10f87b15a6,11748.185546875,0.02436533011496067,300,14,75,0,0,0,75,7,2,10,3.4215070218779147,0.18483797879889607,3.2366690430790186,0.03894800739362836,0.35978481196798384,0.32696812227368355,2.1920774469617754,1.973776170052588
bbob_f11_fixed,full,0.5,20263011,20265110,b8c8921e7682b50a92020be2f88d9902a4c61b5075ef46ff9f2ebd10f87b15a6,176.53225708007812,0.04035069793462753,300,14,74,0,0,0,75,7,1,10,3.4215070218779147,0.18483797879889607,3.2366690430790186,0.03894800739362836,0.35978481196798384,0.32696812227368355,2.1920774469617754,1.973776170052588
bbob_f11_fixed,full,0.5,20263012,20265110,b8c8921e7682b50a92020be2f88d9902a4c61b5075ef46ff9f2ebd10f87b15a6,888.5733642578125,0.019484804943203926,300,14,73,0,0,0,75,7,3,10,3.4215070218779147,0.18483797879889607,3.2366690430790186,0.03894800739362836,0.35978481196798384,0.32696812227368355,2.1920774469617754,1.973776170052588
bbob_f11_fixed,full,0.5,20263013,20265110,b8c8921e7682b50a92020be2f88d9902a4c61b5075ef46ff9f2ebd10f87b15a6,1442.84619140625,5.244612693786621,300,14,74,0,0,0,75,7,0,10,3.4215070218779147,0.18483797879889607,3.2366690430790186,0.03894800739362836,0.35978481196798384,0.32696812227368355,2.1920774469617754,1.973776170052588
bbob_f11_fixed,full,0.5,20263014,20265110,b8c8921e7682b50a92020be2f88d9902a4c61b5075ef46ff9f2ebd10f87b15a6,308672.0,0.0014962101122364402,300,14,75,0,0,0,75,7,2,10,3.4215070218779147,0.18483797879889607,3.2366690430790186,0.03894800739362836,0.35978481196798384,0.32696812227368355,2.1920774469617754,1.973776170052588
bbob_f11_fixed,full,0.5,20263015,20265110,b8c8921e7682b50a92020be2f88d9902a4c61b5075ef46ff9f2ebd10f87b15a6,1777.476318359375,1.5822299718856812,300,14,74,0,0,0,75,7,1,10,3.4215070218779147,0.18483797879889607,3.2366690430790186,0.03894800739362836,0.35978481196798384,0.32696812227368355,2.1920774469617754,1.973776170052588
bbob_f11_fixed,full,0.5,20263016,20265110,b8c8921e7682b50a92020be2f88d9902a4c61b5075ef46ff9f2ebd10f87b15a6,61747.40234375,3.416978359222412,300,14,75,2,19.634399890899658,19.634399890899658,75,7,1,10,3.4215070218779147,0.18483797879889607,3.2366690430790186,0.03894800739362836,0.35978481196798384,0.32696812227368355,2.1920774469617754,1.973776170052588
bbob_f11_fixed,full,0.5,20263017,20265110,b8c8921e7682b50a92020be2f88d9902a4c61b5075ef46ff9f2ebd10f87b15a6,6109.05810546875,0.0016328975325450301,300,14,75,0,0,0,75,7,1,10,3.4215070218779147,0.18483797879889607,3.2366690430790186,0.03894800739362836,0.35978481196798384,0.32696812227368355,2.1920774469617754,1.973776170052588
bbob_f11_fixed,full,0.5,20263018,20265110,b8c8921e7682b50a92020be2f88d9902a4c61b5075ef46ff9f2ebd10f87b15a6,494.5757751464844,0.29841330647468567,300,14,75,0,0,0,75,7,0,10,3.4215070218779147,0.18483797879889607,3.2366690430790186,0.03894800739362836,0.35978481196798384,0.32696812227368355,2.1920774469617754,1.973776170052588
bbob_f11_fixed,full,0.5,20263019,20265110,b8c8921e7682b50a92020be2f88d9902a4c61b5075ef46ff9f2ebd10f87b15a6,34331.2734375,35.38317108154297,300,14,75,0,0,0,75,7,0,10,3.4215070218779147,0.18483797879889607,3.2366690430790186,0.03894800739362836,0.35978481196798384,0.32696812227368355,2.1920774469617754,1.973776170052588
bbob_f11_fixed,full,0.3333333333333333,20263010,20265110,b8c8921e7682b50a92020be2f88d9902a4c61b5075ef46ff9f2ebd10f87b15a6,11748.185546875,0.4392284154891968,300,20,99,0,0,0,100,10,0,10,4.026146237039939,0.2887195134535432,3.7374267235863954,0.038302205270156264,0.36709475750103593,0.3185540265403688,2.6832279020454735,2.505011580651626
bbob_f11_fixed,full,0.3333333333333333,20263011,20265110,b8c8921e7682b50a92020be2f88d9902a4c61b5075ef46ff9f2ebd10f87b15a6,176.53225708007812,0.009051855653524399,300,20,99,0,0,0,100,10,0,10,4.026146237039939,0.2887195134535432,3.7374267235863954,0.038302205270156264,0.36709475750103593,0.3185540265403688,2.6832279020454735,2.505011580651626
bbob_f11_fixed,full,0.3333333333333333,20263012,20265110,b8c8921e7682b50a92020be2f88d9902a4c61b5075ef46ff9f2ebd10f87b15a6,888.5733642578125,0.08283351361751556,300,20,100,0,0,0,100,10,1,10,4.026146237039939,0.2887195134535432,3.7374267235863954,0.038302205270156264,0.36709475750103593,0.3185540265403688,2.6832279020454735,2.505011580651626
bbob_f11_fixed,full,0.3333333333333333,20263013,20265110,b8c8921e7682b50a92020be2f88d9902a4c61b5075ef46ff9f2ebd10f87b15a6,1442.84619140625,0.598311722278595,300,20,95,0,0,0,100,10,0,10,4.026146237039939,0.2887195134535432,3.7374267235863954,0.038302205270156264,0.36709475750103593,0.3185540265403688,2.6832279020454735,2.505011580651626
bbob_f11_fixed,full,0.3333333333333333,20263014,20265110,b8c8921e7682b50a92020be2f88d9902a4c61b5075ef46ff9f2ebd10f87b15a6,308672.0,0.03406791016459465,300,20,100,0,0,0,100,10,1,10,4.026146237039939,0.2887195134535432,3.7374267235863954,0.038302205270156264,0.36709475750103593,0.3185540265403688,2.6832279020454735,2.505011580651626
bbob_f11_fixed,full,0.3333333333333333,20263015,20265110,b8c8921e7682b50a92020be2f88d9902a4c61b5075ef46ff9f2ebd10f87b15a6,1777.476318359375,0.06705473363399506,300,20,97,0,0,0,100,10,0,10,4.026146237039939,0.2887195134535432,3.7374267235863954,0.038302205270156264,0.36709475750103593,0.3185540265403688,2.6832279020454735,2.505011580651626
bbob_f11_fixed,full,0.3333333333333333,20263016,20265110,b8c8921e7682b50a92020be2f88d9902a4c61b5075ef46ff9f2ebd10f87b15a6,61747.40234375,0.42979001998901367,300,20,99,1,0,0,100,10,0,10,4.026146237039939,0.2887195134535432,3.7374267235863954,0.038302205270156264,0.36709475750103593,0.3185540265403688,2.6832279020454735,2.505011580651626
bbob_f11_fixed,full,0.3333333333333333,20263017,20265110,b8c8921e7682b50a92020be2f88d9902a4c61b5075ef46ff9f2ebd10f87b15a6,6109.05810546875,0.002007797360420227,300,20,100,0,0,0,100,10,1,10,4.026146237039939,0.2887195134535432,3.7374267235863954,0.038302205270156264,0.36709475750103593,0.3185540265403688,2.6832279020454735,2.505011580651626
bbob_f11_fixed,full,0.3333333333333333,20263018,20265110,b8c8921e7682b50a92020be2f88d9902a4c61b5075ef46ff9f2ebd10f87b15a6,494.5757751464844,12.934024810791016,300,20,100,2,322.1620903015137,322.1620903015137,100,10,0,10,4.026146237039939,0.2887195134535432,3.7374267235863954,0.038302205270156264,0.36709475750103593,0.3185540265403688,2.6832279020454735,2.505011580651626
bbob_f11_fixed,full,0.3333333333333333,20263019,20265110,b8c8921e7682b50a92020be2f88d9902a4c61b5075ef46ff9f2ebd10f87b15a6,34331.2734375,0.01152912899851799,300,20,99,1,2477.8579864501953,2477.8579864501953,100,10,0,10,4.026146237039939,0.2887195134535432,3.7374267235863954,0.038302205270156264,0.36709475750103593,0.3185540265403688,2.6832279020454735,2.505011580651626
bbob_f11_fixed,full,0.9,20263020,20265120,6643c69d9f31a258293c1504f7fcdd4614ae35752d26ef00b346148bb6dafd1b,3567.44140625,0.0011892577167600393,300,2,15,0,0,0,15,1,0,10,2.5836849859915674,0.023626995040103793,2.5600579909514636,0.03765667718835175,0.35157015384174883,0.3178456148598343,1.5945578143000603,1.367251048097387
bbob_f11_fixed,full,0.9,20263021,20265120,6643c69d9f31a258293c1504f7fcdd4614ae35752d26ef00b346148bb6dafd1b,9145.0712890625,2.1818158626556396,300,2,15,0,0,0,15,1,0,10,2.5836849859915674,0.023626995040103793,2.5600579909514636,0.03765667718835175,0.35157015384174883,0.3178456148598343,1.5945578143000603,1.367251048097387
bbob_f11_fixed,full,0.9,20263022,20265120,6643c69d9f31a258293c1504f7fcdd4614ae35752d26ef00b346148bb6dafd1b,374.23150634765625,1.2421377897262573,300,2,15,0,0,0,15,1,0,10,2.5836849859915674,0.023626995040103793,2.5600579909514636,0.03765667718835175,0.35157015384174883,0.3178456148598343,1.5945578143000603,1.367251048097387
bbob_f11_fixed,full,0.9,20263023,20265120,6643c69d9f31a258293c1504f7fcdd4614ae35752d26ef00b346148bb6dafd1b,133.85069274902344,0.408082515001297,300,2,15,0,0,0,15,1,0,10,2.5836849859915674,0.023626995040103793,2.5600579909514636,0.03765667718835175,0.35157015384174883,0.3178456148598343,1.5945578143000603,1.367251048097387
bbob_f11_fixed,full,0.9,20263024,20265120,6643c69d9f31a258293c1504f7fcdd4614ae35752d26ef00b346148bb6dafd1b,116815.2109375,0.2532576620578766,300,2,15,0,0,0,15,1,0,10,2.5836849859915674,0.023626995040103793,2.5600579909514636,0.03765667718835175,0.35157015384174883,0.3178456148598343,1.5945578143000603,1.367251048097387
bbob_f11_fixed,full,0.9,20263025,20265120,6643c69d9f31a258293c1504f7fcdd4614ae35752d26ef00b346148bb6dafd1b,114839.5703125,0.33011502027511597,300,2,15,0,0,0,15,1,0,10,2.5836849859915674,0.023626995040103793,2.5600579909514636,0.03765667718835175,0.35157015384174883,0.3178456148598343,1.5945578143000603,1.367251048097387
bbob_f11_fixed,full,0.9,20263026,20265120,6643c69d9f31a258293c1504f7fcdd4614ae35752d26ef00b346148bb6dafd1b,89.14738464355469,0.0011404755059629679,300,2,15,0,0,0,15,1,0,10,2.5836849859915674,0.023626995040103793,2.5600579909514636,0.03765667718835175,0.35157015384174883,0.3178456148598343,1.5945578143000603,1.367251048097387
bbob_f11_fixed,full,0.9,20263027,20265120,6643c69d9f31a258293c1504f7fcdd4614ae35752d26ef00b346148bb6dafd1b,468.95953369140625,0.00411311024799943,300,2,15,0,0,0,15,1,0,10,2.5836849859915674,0.023626995040103793,2.5600579909514636,0.03765667718835175,0.35157015384174883,0.3178456148598343,1.5945578143000603,1.367251048097387
bbob_f11_fixed,full,0.9,20263028,20265120,6643c69d9f31a258293c1504f7fcdd4614ae35752d26ef00b346148bb6dafd1b,3677.3037109375,0.1472175419330597,300,2,15,0,0,0,15,1,0,10,2.5836849859915674,0.023626995040103793,2.5600579909514636,0.03765667718835175,0.35157015384174883,0.3178456148598343,1.5945578143000603,1.367251048097387
bbob_f11_fixed,full,0.9,20263029,20265120,6643c69d9f31a258293c1504f7fcdd4614ae35752d26ef00b346148bb6dafd1b,43624.5390625,8.206858183257282e-05,300,2,15,0,0,0,15,1,0,10,2.5836849859915674,0.023626995040103793,2.5600579909514636,0.03765667718835175,0.35157015384174883,0.3178456148598343,1.5945578143000603,1.367251048097387
bbob_f11_fixed,full,0.7,20263020,20265120,6643c69d9f31a258293c1504f7fcdd4614ae35752d26ef00b346148bb6dafd1b,3567.44140625,0.0011892577167600393,300,8,44,0,0,0,45,4,1,10,3.084144582040608,0.13392187096178532,2.9502227110788226,0.041631902335211635,0.36721143522299826,0.3268596143461764,1.9143152281176299,1.691279323771596
bbob_f11_fixed,full,0.7,20263021,20265120,6643c69d9f31a258293c1504f7fcdd4614ae35752d26ef00b346148bb6dafd1b,9145.0712890625,2.1818158626556396,300,8,45,0,0,0,45,4,2,10,3.084144582040608,0.13392187096178532,2.9502227110788226,0.041631902335211635,0.36721143522299826,0.3268596143461764,1.9143152281176299,1.691279323771596
bbob_f11_fixed,full,0.7,20263022,20265120,6643c69d9f31a258293c1504f7fcdd4614ae35752d26ef00b346148bb6dafd1b,374.23150634765625,1.2421377897262573,300,8,44,0,0,0,45,4,1,10,3.084144582040608,0.13392187096178532,2.9502227110788226,0.041631902335211635,0.36721143522299826,0.3268596143461764,1.9143152281176299,1.691279323771596
bbob_f11_fixed,full,0.7,20263023,20265120,6643c69d9f31a258293c1504f7fcdd4614ae35752d26ef00b346148bb6dafd1b,133.85069274902344,0.408082515001297,300,8,40,0,0,0,45,4,0,10,3.084144582040608,0.13392187096178532,2.9502227110788226,0.041631902335211635,0.36721143522299826,0.3268596143461764,1.9143152281176299,1.691279323771596
bbob_f11_fixed,full,0.7,20263024,20265120,6643c69d9f31a258293c1504f7fcdd4614ae35752d26ef00b346148bb6dafd1b,116815.2109375,0.09112268686294556,300,8,45,1,0.16213497519493103,0.16213497519493103,45,4,0,10,3.084144582040608,0.13392187096178532,2.9502227110788226,0.041631902335211635,0.36721143522299826,0.3268596143461764,1.9143152281176299,1.691279323771596
bbob_f11_fixed,full,0.7,20263025,20265120,6643c69d9f31a258293c1504f7fcdd4614ae35752d26ef00b346148bb6dafd1b,114839.5703125,0.33011502027511597,300,8,44,0,0,0,45,4,0,10,3.084144582040608,0.13392187096178532,2.9502227110788226,0.041631902335211635,0.36721143522299826,0.3268596143461764,1.9143152281176299,1.691279323771596
bbob_f11_fixed,full,0.7,20263026,20265120,6643c69d9f31a258293c1504f7fcdd4614ae35752d26ef00b346148bb6dafd1b,89.14738464355469,0.0011404755059629679,300,8,40,0,0,0,45,4,1,10,3.084144582040608,0.13392187096178532,2.9502227110788226,0.041631902335211635,0.36721143522299826,0.3268596143461764,1.9143152281176299,1.691279323771596
bbob_f11_fixed,full,0.7,20263027,20265120,6643c69d9f31a258293c1504f7fcdd4614ae35752d26ef00b346148bb6dafd1b,468.95953369140625,0.00411311024799943,300,8,45,0,0,0,45,4,0,10,3.084144582040608,0.13392187096178532,2.9502227110788226,0.041631902335211635,0.36721143522299826,0.3268596143461764,1.9143152281176299,1.691279323771596
bbob_f11_fixed,full,0.7,20263028,20265120,6643c69d9f31a258293c1504f7fcdd4614ae35752d26ef00b346148bb6dafd1b,3677.3037109375,0.1472175419330597,300,8,45,0,0,0,45,4,1,10,3.084144582040608,0.13392187096178532,2.9502227110788226,0.041631902335211635,0.36721143522299826,0.3268596143461764,1.9143152281176299,1.691279323771596
bbob_f11_fixed,full,0.7,20263029,20265120,6643c69d9f31a258293c1504f7fcdd4614ae35752d26ef00b346148bb6dafd1b,43624.5390625,8.206858183257282e-05,300,8,41,0,0,0,45,4,1,10,3.084144582040608,0.13392187096178532,2.9502227110788226,0.041631902335211635,0.36721143522299826,0.3268596143461764,1.9143152281176299,1.691279323771596
bbob_f11_fixed,full,0.5,20263020,20265120,6643c69d9f31a258293c1504f7fcdd4614ae35752d26ef00b346148bb6dafd1b,3567.44140625,0.0011892577167600393,300,14,75,0,0,0,75,7,1,10,3.3977407440543175,0.18632561969570816,3.2114151243586093,0.0356759789865464,0.3563928962685168,0.3261888821143657,2.1904053762555122,1.9806778782512993
bbob_f11_fixed,full,0.5,20263021,20265120,6643c69d9f31a258293c1504f7fcdd4614ae35752d26ef00b346148bb6dafd1b,9145.0712890625,8.790688514709473,300,14,73,0,0,0,75,7,1,10,3.3977407440543175,0.18632561969570816,3.2114151243586093,0.0356759789865464,0.3563928962685168,0.3261888821143657,2.1904053762555122,1.9806778782512993
bbob_f11_fixed,full,0.5,20263022,20265120,6643c69d9f31a258293c1504f7fcdd4614ae35752d26ef00b346148bb6dafd1b,374.23150634765625,0.08011055737733841,300,14,75,1,1.162027232348919,1.162027232348919,75,7,2,10,3.3977407440543175,0.18632561969570816,3.2114151243586093,0.0356759789865464,0.3563928962685168,0.3261888821143657,2.1904053762555122,1.9806778782512993
bbob_f11_fixed,full,0.5,20263023,20265120,6643c69d9f31a258293c1504f7fcdd4614ae35752d26ef00b346148bb6dafd1b,133.85069274902344,0.0004803274932783097,300,14,74,0,0,0,75,7,0,10,3.3977407440543175,0.18632561969570816,3.2114151243586093,0.0356759789865464,0.3563928962685168,0.3261888821143657,2.1904053762555122,1.9806778782512993
bbob_f11_fixed,full,0.5,20263024,20265120,6643c69d9f31a258293c1504f7fcdd4614ae35752d26ef00b346148bb6dafd1b,116815.2109375,0.2532576620578766,300,14,75,0,0,0,75,7,1,10,3.3977407440543175,0.18632561969570816,3.2114151243586093,0.0356759789865464,0.3563928962685168,0.3261888821143657,2.1904053762555122,1.9806778782512993
bbob_f11_fixed,full,0.5,20263025,20265120,6643c69d9f31a258293c1504f7fcdd4614ae35752d26ef00b346148bb6dafd1b,114839.5703125,0.33011502027511597,300,14,74,0,0,0,75,7,1,10,3.3977407440543175,0.18632561969570816,3.2114151243586093,0.0356759789865464,0.3563928962685168,0.3261888821143657,2.1904053762555122,1.9806778782512993
bbob_f11_fixed,full,0.5,20263026,20265120,6643c69d9f31a258293c1504f7fcdd4614ae35752d26ef00b346148bb6dafd1b,89.14738464355469,0.021839121356606483,300,14,75,0,0,0,75,7,2,10,3.3977407440543175,0.18632561969570816,3.2114151243586093,0.0356759789865464,0.3563928962685168,0.3261888821143657,2.1904053762555122,1.9806778782512993
bbob_f11_fixed,full,0.5,20263027,20265120,6643c69d9f31a258293c1504f7fcdd4614ae35752d26ef00b346148bb6dafd1b,468.95953369140625,0.035760268568992615,300,14,75,0,0,0,75,7,0,10,3.3977407440543175,0.18632561969570816,3.2114151243586093,0.0356759789865464,0.3563928962685168,0.3261888821143657,2.1904053762555122,1.9806778782512993
bbob_f11_fixed,full,0.5,20263028,20265120,6643c69d9f31a258293c1504f7fcdd4614ae35752d26ef00b346148bb6dafd1b,3677.3037109375,0.03927135095000267,300,14,75,0,0,0,75,7,2,10,3.3977407440543175,0.18632561969570816,3.2114151243586093,0.0356759789865464,0.3563928962685168,0.3261888821143657,2.1904053762555122,1.9806778782512993
bbob_f11_fixed,full,0.5,20263029,20265120,6643c69d9f31a258293c1504f7fcdd4614ae35752d26ef00b346148bb6dafd1b,43624.5390625,8.206858183257282e-05,300,14,73,0,0,0,75,7,0,10,3.3977407440543175,0.18632561969570816,3.2114151243586093,0.0356759789865464,0.3563928962685168,0.3261888821143657,2.1904053762555122,1.9806778782512993
bbob_f11_fixed,full,0.3333333333333333,20263020,20265120,6643c69d9f31a258293c1504f7fcdd4614ae35752d26ef00b346148bb6dafd1b,3567.44140625,0.0014097362291067839,300,20,99,1,157.90084075927734,157.90084075927734,100,10,0,10,3.9218654870055616,0.2921651063952595,3.629700380610302,0.034811041317880154,0.36012113955803216,0.3323738747276366,2.5803013215772808,2.388505464885384
bbob_f11_fixed,full,0.3333333333333333,20263021,20265120,6643c69d9f31a258293c1504f7fcdd4614ae35752d26ef00b346148bb6dafd1b,9145.0712890625,23.223920822143555,300,20,99,0,0,0,100,10,1,10,3.9218654870055616,0.2921651063952595,3.629700380610302,0.034811041317880154,0.36012113955803216,0.3323738747276366,2.5803013215772808,2.388505464885384
bbob_f11_fixed,full,0.3333333333333333,20263022,20265120,6643c69d9f31a258293c1504f7fcdd4614ae35752d26ef00b346148bb6dafd1b,374.23150634765625,1.4938210248947144,300,20,95,0,0,0,100,10,1,10,3.9218654870055616,0.2921651063952595,3.629700380610302,0.034811041317880154,0.36012113955803216,0.3323738747276366,2.5803013215772808,2.388505464885384
bbob_f11_fixed,full,0.3333333333333333,20263023,20265120,6643c69d9f31a258293c1504f7fcdd4614ae35752d26ef00b346148bb6dafd1b,133.85069274902344,3.5228192806243896,300,20,93,0,0,0,100,10,0,10,3.9218654870055616,0.2921651063952595,3.629700380610302,0.034811041317880154,0.36012113955803216,0.3323738747276366,2.5803013215772808,2.388505464885384
bbob_f11_fixed,full,0.3333333333333333,20263024,20265120,6643c69d9f31a258293c1504f7fcdd4614ae35752d26ef00b346148bb6dafd1b,116815.2109375,2.4633982181549072,300,20,98,0,0,0,100,10,0,10,3.9218654870055616,0.2921651063952595,3.629700380610302,0.034811041317880154,0.36012113955803216,0.3323738747276366,2.5803013215772808,2.388505464885384
bbob_f11_fixed,full,0.3333333333333333,20263025,20265120,6643c69d9f31a258293c1504f7fcdd4614ae35752d26ef00b346148bb6dafd1b,114839.5703125,0.003936097025871277,300,20,100,1,13.126140594482422,13.126140594482422,100,10,0,10,3.9218654870055616,0.2921651063952595,3.629700380610302,0.034811041317880154,0.36012113955803216,0.3323738747276366,2.5803013215772808,2.388505464885384
bbob_f11_fixed,full,0.3333333333333333,20263026,20265120,6643c69d9f31a258293c1504f7fcdd4614ae35752d26ef00b346148bb6dafd1b,89.14738464355469,0.12412293255329132,300,20,99,0,0,0,100,10,1,10,3.9218654870055616,0.2921651063952595,3.629700380610302,0.034811041317880154,0.36012113955803216,0.3323738747276366,2.5803013215772808,2.388505464885384
bbob_f11_fixed,full,0.3333333333333333,20263027,20265120,6643c69d9f31a258293c1504f7fcdd4614ae35752d26ef00b346148bb6dafd1b,468.95953369140625,31.45989227294922,300,20,99,0,0,0,100,10,0,10,3.9218654870055616,0.2921651063952595,3.629700380610302,0.034811041317880154,0.36012113955803216,0.3323738747276366,2.5803013215772808,2.388505464885384
bbob_f11_fixed,full,0.3333333333333333,20263028,20265120,6643c69d9f31a258293c1504f7fcdd4614ae35752d26ef00b346148bb6dafd1b,3677.3037109375,8.887954711914062,300,20,100,0,0,0,100,10,0,10,3.9218654870055616,0.2921651063952595,3.629700380610302,0.034811041317880154,0.36012113955803216,0.3323738747276366,2.5803013215772808,2.388505464885384
bbob_f11_fixed,full,0.3333333333333333,20263029,20265120,6643c69d9f31a258293c1504f7fcdd4614ae35752d26ef00b346148bb6dafd1b,43624.5390625,0.041901927441358566,300,20,96,0,0,0,100,10,1,10,3.9218654870055616,0.2921651063952595,3.629700380610302,0.034811041317880154,0.36012113955803216,0.3323738747276366,2.5803013215772808,2.388505464885384
bbob_f15_fixed,full,0.7,20263000,20265500,0e1dc59d0170f9efff8fc1b1fbfe397da63b310c2e40dace35437142580eee11,202.19818115234375,0.005204693414270878,300,8,40,0,0,0,45,4,2,10,3.0038108120206743,0.10566610866226256,2.898144703358412,0.0736649518366903,0.3526196158491075,0.3451469293795526,1.8309090959373862,1.595821265829727
bbob_f15_fixed,full,0.7,20263001,20265500,0e1dc59d0170f9efff8fc1b1fbfe397da63b310c2e40dace35437142580eee11,216.96653747558594,0.004706250037997961,300,8,43,0,0,0,45,4,0,10,3.0038108120206743,0.10566610866226256,2.898144703358412,0.0736649518366903,0.3526196158491075,0.3451469293795526,1.8309090959373862,1.595821265829727
bbob_f15_fixed,full,0.7,20263002,20265500,0e1dc59d0170f9efff8fc1b1fbfe397da63b310c2e40dace35437142580eee11,219.65084838867188,0.017943251878023148,300,8,32,0,0,0,45,4,0,10,3.0038108120206743,0.10566610866226256,2.898144703358412,0.0736649518366903,0.3526196158491075,0.3451469293795526,1.8309090959373862,1.595821265829727
bbob_f15_fixed,full,0.7,20263003,20265500,0e1dc59d0170f9efff8fc1b1fbfe397da63b310c2e40dace35437142580eee11,160.4980010986328,0.013083592057228088,300,8,39,0,0,0,45,4,1,10,3.0038108120206743,0.10566610866226256,2.898144703358412,0.0736649518366903,0.3526196158491075,0.3451469293795526,1.8309090959373862,1.595821265829727
bbob_f15_fixed,full,0.7,20263004,20265500,0e1dc59d0170f9efff8fc1b1fbfe397da63b310c2e40dace35437142580eee11,204.88790893554688,0.0240009855479002,300,8,43,0,0,0,45,4,2,10,3.0038108120206743,0.10566610866226256,2.898144703358412,0.0736649518366903,0.3526196158491075,0.3451469293795526,1.8309090959373862,1.595821265829727
bbob_f15_fixed,full,0.7,20263005,20265500,0e1dc59d0170f9efff8fc1b1fbfe397da63b310c2e40dace35437142580eee11,213.16354370117188,0.012220949865877628,300,8,40,0,0,0,45,4,0,10,3.0038108120206743,0.10566610866226256,2.898144703358412,0.0736649518366903,0.3526196158491075,0.3451469293795526,1.8309090959373862,1.595821265829727
bbob_f15_fixed,full,0.7,20263006,20265500,0e1dc59d0170f9efff8fc1b1fbfe397da63b310c2e40dace35437142580eee11,174.49917602539062,0.009604204446077347,300,8,43,0,0,0,45,4,2,10,3.0038108120206743,0.10566610866226256,2.898144703358412,0.0736649518366903,0.3526196158491075,0.3451469293795526,1.8309090959373862,1.595821265829727
bbob_f15_fixed,full,0.7,20263007,20265500,0e1dc59d0170f9efff8fc1b1fbfe397da63b310c2e40dace35437142580eee11,160.75726318359375,0.0045529017224907875,300,8,40,0,0,0,45,4,0,10,3.0038108120206743,0.10566610866226256,2.898144703358412,0.0736649518366903,0.3526196158491075,0.3451469293795526,1.8309090959373862,1.595821265829727
bbob_f15_fixed,full,0.7,20263008,20265500,0e1dc59d0170f9efff8fc1b1fbfe397da63b310c2e40dace35437142580eee11,218.50119018554688,0.005444336216896772,300,8,25,0,0,0,45,4,0,10,3.0038108120206743,0.10566610866226256,2.898144703358412,0.0736649518366903,0.3526196158491075,0.3451469293795526,1.8309090959373862,1.595821265829727
bbob_f15_fixed,full,0.7,20263009,20265500,0e1dc59d0170f9efff8fc1b1fbfe397da63b310c2e40dace35437142580eee11,197.80477905273438,0.03166906535625458,300,8,33,0,0,0,45,4,0,10,3.0038108120206743,0.10566610866226256,2.898144703358412,0.0736649518366903,0.3526196158491075,0.3451469293795526,1.8309090959373862,1.595821265829727
bbob_f15_fixed,full,0.9,20263000,20265500,0e1dc59d0170f9efff8fc1b1fbfe397da63b310c2e40dace35437142580eee11,202.19818115234375,0.005204693414270878,300,2,15,0,0,0,15,1,0,10,2.736468785908073,0.03978274832479656,2.6966860375832766,0.07315237261354923,0.3540810237172991,0.3312062530312687,1.6644848706200719,1.4339964725077152
bbob_f15_fixed,full,0.9,20263001,20265500,0e1dc59d0170f9efff8fc1b1fbfe397da63b310c2e40dace35437142580eee11,216.96653747558594,0.004706250037997961,300,2,15,0,0,0,15,1,0,10,2.736468785908073,0.03978274832479656,2.6966860375832766,0.07315237261354923,0.3540810237172991,0.3312062530312687,1.6644848706200719,1.4339964725077152
bbob_f15_fixed,full,0.9,20263002,20265500,0e1dc59d0170f9efff8fc1b1fbfe397da63b310c2e40dace35437142580eee11,219.65084838867188,0.017943251878023148,300,2,15,0,0,0,15,1,0,10,2.736468785908073,0.03978274832479656,2.6966860375832766,0.07315237261354923,0.3540810237172991,0.3312062530312687,1.6644848706200719,1.4339964725077152
bbob_f15_fixed,full,0.9,20263003,20265500,0e1dc59d0170f9efff8fc1b1fbfe397da63b310c2e40dace35437142580eee11,160.4980010986328,0.013083592057228088,300,2,15,0,0,0,15,1,0,10,2.736468785908073,0.03978274832479656,2.6966860375832766,0.07315237261354923,0.3540810237172991,0.3312062530312687,1.6644848706200719,1.4339964725077152
bbob_f15_fixed,full,0.9,20263004,20265500,0e1dc59d0170f9efff8fc1b1fbfe397da63b310c2e40dace35437142580eee11,204.88790893554688,0.0240009855479002,300,2,15,0,0,0,15,1,0,10,2.736468785908073,0.03978274832479656,2.6966860375832766,0.07315237261354923,0.3540810237172991,0.3312062530312687,1.6644848706200719,1.4339964725077152
bbob_f15_fixed,full,0.9,20263005,20265500,0e1dc59d0170f9efff8fc1b1fbfe397da63b310c2e40dace35437142580eee11,213.16354370117188,0.012220949865877628,300,2,15,0,0,0,15,1,0,10,2.736468785908073,0.03978274832479656,2.6966860375832766,0.07315237261354923,0.3540810237172991,0.3312062530312687,1.6644848706200719,1.4339964725077152
bbob_f15_fixed,full,0.9,20263006,20265500,0e1dc59d0170f9efff8fc1b1fbfe397da63b310c2e40dace35437142580eee11,174.49917602539062,0.009604204446077347,300,2,15,0,0,0,15,1,0,10,2.736468785908073,0.03978274832479656,2.6966860375832766,0.07315237261354923,0.3540810237172991,0.3312062530312687,1.6644848706200719,1.4339964725077152
bbob_f15_fixed,full,0.9,20263007,20265500,0e1dc59d0170f9efff8fc1b1fbfe397da63b310c2e40dace35437142580eee11,160.75726318359375,0.0045529017224907875,300,2,15,0,0,0,15,1,0,10,2.736468785908073,0.03978274832479656,2.6966860375832766,0.07315237261354923,0.3540810237172991,0.3312062530312687,1.6644848706200719,1.4339964725077152
bbob_f15_fixed,full,0.9,20263008,20265500,0e1dc59d0170f9efff8fc1b1fbfe397da63b310c2e40dace35437142580eee11,218.50119018554688,0.005444336216896772,300,2,15,0,0,0,15,1,0,10,2.736468785908073,0.03978274832479656,2.6966860375832766,0.07315237261354923,0.3540810237172991,0.3312062530312687,1.6644848706200719,1.4339964725077152
bbob_f15_fixed,full,0.9,20263009,20265500,0e1dc59d0170f9efff8fc1b1fbfe397da63b310c2e40dace35437142580eee11,197.80477905273438,0.03166906535625458,300,2,15,0,0,0,15,1,0,10,2.736468785908073,0.03978274832479656,2.6966860375832766,0.07315237261354923,0.3540810237172991,0.3312062530312687,1.6644848706200719,1.4339964725077152
bbob_f15_fixed,full,0.5,20263000,20265500,0e1dc59d0170f9efff8fc1b1fbfe397da63b310c2e40dace35437142580eee11,202.19818115234375,0.007572215981781483,300,14,51,0,0,0,75,7,5,10,3.59743477916345,0.2138610479887575,3.3835737311746925,0.06124576088041067,0.35564515204168856,0.3428432662039995,2.312493946403265,2.134065955178812
bbob_f15_fixed,full,0.5,20263001,20265500,0e1dc59d0170f9efff8fc1b1fbfe397da63b310c2e40dace35437142580eee11,216.96653747558594,0.006009851582348347,300,14,66,0,0,0,75,7,2,10,3.59743477916345,0.2138610479887575,3.3835737311746925,0.06124576088041067,0.35564515204168856,0.3428432662039995,2.312493946403265,2.134065955178812
bbob_f15_fixed,full,0.5,20263002,20265500,0e1dc59d0170f9efff8fc1b1fbfe397da63b310c2e40dace35437142580eee11,219.65084838867188,0.017943251878023148,300,14,54,0,0,0,75,7,2,10,3.59743477916345,0.2138610479887575,3.3835737311746925,0.06124576088041067,0.35564515204168856,0.3428432662039995,2.312493946403265,2.134065955178812
bbob_f15_fixed,full,0.5,20263003,20265500,0e1dc59d0170f9efff8fc1b1fbfe397da63b310c2e40dace35437142580eee11,160.4980010986328,0.013083592057228088,300,14,50,0,0,0,75,7,3,10,3.59743477916345,0.2138610479887575,3.3835737311746925,0.06124576088041067,0.35564515204168856,0.3428432662039995,2.312493946403265,2.134065955178812
bbob_f15_fixed,full,0.5,20263004,20265500,0e1dc59d0170f9efff8fc1b1fbfe397da63b310c2e40dace35437142580eee11,204.88790893554688,0.0240009855479002,300,14,60,0,0,0,75,7,2,10,3.59743477916345,0.2138610479887575,3.3835737311746925,0.06124576088041067,0.35564515204168856,0.3428432662039995,2.312493946403265,2.134065955178812
bbob_f15_fixed,full,0.5,20263005,20265500,0e1dc59d0170f9efff8fc1b1fbfe397da63b310c2e40dace35437142580eee11,213.16354370117188,0.012220949865877628,300,14,59,0,0,0,75,7,2,10,3.59743477916345,0.2138610479887575,3.3835737311746925,0.06124576088041067,0.35564515204168856,0.3428432662039995,2.312493946403265,2.134065955178812
bbob_f15_fixed,full,0.5,20263006,20265500,0e1dc59d0170f9efff8fc1b1fbfe397da63b310c2e40dace35437142580eee11,174.49917602539062,0.009604204446077347,300,14,73,0,0,0,75,7,4,10,3.59743477916345,0.2138610479887575,3.3835737311746925,0.06124576088041067,0.35564515204168856,0.3428432662039995,2.312493946403265,2.134065955178812
bbob_f15_fixed,full,0.5,20263007,20265500,0e1dc59d0170f9efff8fc1b1fbfe397da63b310c2e40dace35437142580eee11,160.75726318359375,0.024499427527189255,300,14,65,0,0,0,75,7,2,10,3.59743477916345,0.2138610479887575,3.3835737311746925,0.06124576088041067,0.35564515204168856,0.3428432662039995,2.312493946403265,2.134065955178812
bbob_f15_fixed,full,0.5,20263008,20265500,0e1dc59d0170f9efff8fc1b1fbfe397da63b310c2e40dace35437142580eee11,218.50119018554688,0.005444336216896772,300,14,50,0,0,0,75,7,2,10,3.59743477916345,0.2138610479887575,3.3835737311746925,0.06124576088041067,0.35564515204168856,0.3428432662039995,2.312493946403265,2.134065955178812
bbob_f15_fixed,full,0.5,20263009,20265500,0e1dc59d0170f9efff8fc1b1fbfe397da63b310c2e40dace35437142580eee11,197.80477905273438,0.03166906535625458,300,14,58,0,0,0,75,7,4,10,3.59743477916345,0.2138610479887575,3.3835737311746925,0.06124576088041067,0.35564515204168856,0.3428432662039995,2.312493946403265,2.134065955178812
bbob_f15_fixed,full,0.3333333333333333,20263000,20265500,0e1dc59d0170f9efff8fc1b1fbfe397da63b310c2e40dace35437142580eee11,202.19818115234375,0.019035931676626205,300,20,58,0,0,0,100,10,4,10,4.144798040157184,0.2988005734514445,3.8459974667057395,0.07217336818575859,0.37184951012022793,0.34009329858236015,2.683404255891219,2.5023134369403124
bbob_f15_fixed,full,0.3333333333333333,20263001,20265500,0e1dc59d0170f9efff8fc1b1fbfe397da63b310c2e40dace35437142580eee11,216.96653747558594,0.019802743569016457,300,20,78,1,0,0,100,10,3,10,4.144798040157184,0.2988005734514445,3.8459974667057395,0.07217336818575859,0.37184951012022793,0.34009329858236015,2.683404255891219,2.5023134369403124
bbob_f15_fixed,full,0.3333333333333333,20263002,20265500,0e1dc59d0170f9efff8fc1b1fbfe397da63b310c2e40dace35437142580eee11,219.65084838867188,0.06754603236913681,300,20,78,1,0,0,100,10,3,10,4.144798040157184,0.2988005734514445,3.8459974667057395,0.07217336818575859,0.37184951012022793,0.34009329858236015,2.683404255891219,2.5023134369403124
bbob_f15_fixed,full,0.3333333333333333,20263003,20265500,0e1dc59d0170f9efff8fc1b1fbfe397da63b310c2e40dace35437142580eee11,160.4980010986328,0.10407473146915436,300,20,59,0,0,0,100,10,5,10,4.144798040157184,0.2988005734514445,3.8459974667057395,0.07217336818575859,0.37184951012022793,0.34009329858236015,2.683404255891219,2.5023134369403124
bbob_f15_fixed,full,0.3333333333333333,20263004,20265500,0e1dc59d0170f9efff8fc1b1fbfe397da63b310c2e40dace35437142580eee11,204.88790893554688,0.10429521650075912,300,20,80,0,0,0,100,10,3,10,4.144798040157184,0.2988005734514445,3.8459974667057395,0.07217336818575859,0.37184951012022793,0.34009329858236015,2.683404255891219,2.5023134369403124
bbob_f15_fixed,full,0.3333333333333333,20263005,20265500,0e1dc59d0170f9efff8fc1b1fbfe397da63b310c2e40dace35437142580eee11,213.16354370117188,0.04355452582240105,300,20,87,0,0,0,100,10,4,10,4.144798040157184,0.2988005734514445,3.8459974667057395,0.07217336818575859,0.37184951012022793,0.34009329858236015,2.683404255891219,2.5023134369403124
bbob_f15_fixed,full,0.3333333333333333,20263006,20265500,0e1dc59d0170f9efff8fc1b1fbfe397da63b310c2e40dace35437142580eee11,174.49917602539062,0.03403652459383011,300,20,90,1,0,0,100,10,5,10,4.144798040157184,0.2988005734514445,3.8459974667057395,0.07217336818575859,0.37184951012022793,0.34009329858236015,2.683404255891219,2.5023134369403124
bbob_f15_fixed,full,0.3333333333333333,20263007,20265500,0e1dc59d0170f9efff8fc1b1fbfe397da63b310c2e40dace35437142580eee11,160.75726318359375,0.03336559981107712,300,20,61,1,0,0,100,10,0,10,4.144798040157184,0.2988005734514445,3.8459974667057395,0.07217336818575859,0.37184951012022793,0.34009329858236015,2.683404255891219,2.5023134369403124
bbob_f15_fixed,full,0.3333333333333333,20263008,20265500,0e1dc59d0170f9efff8fc1b1fbfe397da63b310c2e40dace35437142580eee11,218.50119018554688,0.0274707842618227,300,20,59,0,0,0,100,10,2,10,4.144798040157184,0.2988005734514445,3.8459974667057395,0.07217336818575859,0.37184951012022793,0.34009329858236015,2.683404255891219,2.5023134369403124
bbob_f15_fixed,full,0.3333333333333333,20263009,20265500,0e1dc59d0170f9efff8fc1b1fbfe397da63b310c2e40dace35437142580eee11,197.80477905273438,0.035129256546497345,300,20,74,0,0,0,100,10,2,10,4.144798040157184,0.2988005734514445,3.8459974667057395,0.07217336818575859,0.37184951012022793,0.34009329858236015,2.683404255891219,2.5023134369403124
bbob_f15_fixed,full,0.9,20263010,20265510,b8c8921e7682b50a92020be2f88d9902a4c61b5075ef46ff9f2ebd10f87b15a6,170.32289123535156,0.008482791483402252,300,2,15,0,0,0,15,1,0,10,2.6092537420336157,0.03646253584884107,2.5727912061847746,0.06838554423302412,0.38780528493225574,0.3356084316037595,1.513804533984512,1.2808882214594632
bbob_f15_fixed,full,0.9,20263011,20265510,b8c8921e7682b50a92020be2f88d9902a4c61b5075ef46ff9f2ebd10f87b15a6,260.53961181640625,0.010198482312262058,300,2,15,0,0,0,15,1,0,10,2.6092537420336157,0.03646253584884107,2.5727912061847746,0.06838554423302412,0.38780528493225574,0.3356084316037595,1.513804533984512,1.2808882214594632
bbob_f15_fixed,full,0.9,20263012,20265510,b8c8921e7682b50a92020be2f88d9902a4c61b5075ef46ff9f2ebd10f87b15a6,230.40322875976562,0.010783162899315357,300,2,15,0,0,0,15,1,0,10,2.6092537420336157,0.03646253584884107,2.5727912061847746,0.06838554423302412,0.38780528493225574,0.3356084316037595,1.513804533984512,1.2808882214594632
bbob_f15_fixed,full,0.9,20263013,20265510,b8c8921e7682b50a92020be2f88d9902a4c61b5075ef46ff9f2ebd10f87b15a6,207.77786254882812,0.030614737421274185,300,2,15,0,0,0,15,1,0,10,2.6092537420336157,0.03646253584884107,2.5727912061847746,0.06838554423302412,0.38780528493225574,0.3356084316037595,1.513804533984512,1.2808882214594632
bbob_f15_fixed,full,0.9,20263014,20265510,b8c8921e7682b50a92020be2f88d9902a4c61b5075ef46ff9f2ebd10f87b15a6,256.0132141113281,0.007850125432014465,300,2,15,0,0,0,15,1,0,10,2.6092537420336157,0.03646253584884107,2.5727912061847746,0.06838554423302412,0.38780528493225574,0.3356084316037595,1.513804533984512,1.2808882214594632
bbob_f15_fixed,full,0.9,20263015,20265510,b8c8921e7682b50a92020be2f88d9902a4c61b5075ef46ff9f2ebd10f87b15a6,156.94236755371094,0.011866318061947823,300,2,15,0,0,0,15,1,0,10,2.6092537420336157,0.03646253584884107,2.5727912061847746,0.06838554423302412,0.38780528493225574,0.3356084316037595,1.513804533984512,1.2808882214594632
bbob_f15_fixed,full,0.9,20263016,20265510,b8c8921e7682b50a92020be2f88d9902a4c61b5075ef46ff9f2ebd10f87b15a6,213.75218200683594,0.011454133316874504,300,2,15,0,0,0,15,1,0,10,2.6092537420336157,0.03646253584884107,2.5727912061847746,0.06838554423302412,0.38780528493225574,0.3356084316037595,1.513804533984512,1.2808882214594632
bbob_f15_fixed,full,0.9,20263017,20265510,b8c8921e7682b50a92020be2f88d9902a4c61b5075ef46ff9f2ebd10f87b15a6,208.87942504882812,0.06840866059064865,300,2,15,0,0,0,15,1,0,10,2.6092537420336157,0.03646253584884107,2.5727912061847746,0.06838554423302412,0.38780528493225574,0.3356084316037595,1.513804533984512,1.2808882214594632
bbob_f15_fixed,full,0.9,20263018,20265510,b8c8921e7682b50a92020be2f88d9902a4c61b5075ef46ff9f2ebd10f87b15a6,193.49769592285156,0.015134808607399464,300,2,15,0,0,0,15,1,0,10,2.6092537420336157,0.03646253584884107,2.5727912061847746,0.06838554423302412,0.38780528493225574,0.3356084316037595,1.513804533984512,1.2808882214594632
bbob_f15_fixed,full,0.9,20263019,20265510,b8c8921e7682b50a92020be2f88d9902a4c61b5075ef46ff9f2ebd10f87b15a6,237.96510314941406,0.00588526576757431,300,2,15,0,0,0,15,1,0,10,2.6092537420336157,0.03646253584884107,2.5727912061847746,0.06838554423302412,0.38780528493225574,0.3356084316037595,1.513804533984512,1.2808882214594632
bbob_f15_fixed,full,0.7,20263010,20265510,b8c8921e7682b50a92020be2f88d9902a4c61b5075ef46ff9f2ebd10f87b15a6,170.32289123535156,0.008482791483402252,300,8,37,0,0,0,45,4,1,10,3.0985463040415198,0.11962070991285145,2.9789255941286683,0.0696800327859819,0.3513546579051763,0.32061334094032645,1.9437552660237998,1.7340719974599779
bbob_f15_fixed,full,0.7,20263011,20265510,b8c8921e7682b50a92020be2f88d9902a4c61b5075ef46ff9f2ebd10f87b15a6,260.53961181640625,0.010198482312262058,300,8,42,0,0,0,45,4,2,10,3.0985463040415198,0.11962070991285145,2.9789255941286683,0.0696800327859819,0.3513546579051763,0.32061334094032645,1.9437552660237998,1.7340719974599779
bbob_f15_fixed,full,0.7,20263012,20265510,b8c8921e7682b50a92020be2f88d9902a4c61b5075ef46ff9f2ebd10f87b15a6,230.40322875976562,0.010783162899315357,300,8,25,0,0,0,45,4,0,10,3.0985463040415198,0.11962070991285145,2.9789255941286683,0.0696800327859819,0.3513546579051763,0.32061334094032645,1.9437552660237998,1.7340719974599779
bbob_f15_fixed,full,0.7,20263013,20265510,b8c8921e7682b50a92020be2f88d9902a4c61b5075ef46ff9f2ebd10f87b15a6,207.77786254882812,0.030614737421274185,300,8,43,0,0,0,45,4,1,10,3.0985463040415198,0.11962070991285145,2.9789255941286683,0.0696800327859819,0.3513546579051763,0.32061334094032645,1.9437552660237998,1.7340719974599779
bbob_f15_fixed,full,0.7,20263014,20265510,b8c8921e7682b50a92020be2f88d9902a4c61b5075ef46ff9f2ebd10f87b15a6,256.0132141113281,0.007850125432014465,300,8,40,0,0,0,45,4,1,10,3.0985463040415198,0.11962070991285145,2.9789255941286683,0.0696800327859819,0.3513546579051763,0.32061334094032645,1.9437552660237998,1.7340719974599779
bbob_f15_fixed,full,0.7,20263015,20265510,b8c8921e7682b50a92020be2f88d9902a4c61b5075ef46ff9f2ebd10f87b15a6,156.94236755371094,0.011866318061947823,300,8,25,0,0,0,45,4,0,10,3.0985463040415198,0.11962070991285145,2.9789255941286683,0.0696800327859819,0.3513546579051763,0.32061334094032645,1.9437552660237998,1.7340719974599779
bbob_f15_fixed,full,0.7,20263016,20265510,b8c8921e7682b50a92020be2f88d9902a4c61b5075ef46ff9f2ebd10f87b15a6,213.75218200683594,0.011454133316874504,300,8,45,0,0,0,45,4,2,10,3.0985463040415198,0.11962070991285145,2.9789255941286683,0.0696800327859819,0.3513546579051763,0.32061334094032645,1.9437552660237998,1.7340719974599779
bbob_f15_fixed,full,0.7,20263017,20265510,b8c8921e7682b50a92020be2f88d9902a4c61b5075ef46ff9f2ebd10f87b15a6,208.87942504882812,0.06840866059064865,300,8,44,0,0,0,45,4,1,10,3.0985463040415198,0.11962070991285145,2.9789255941286683,0.0696800327859819,0.3513546579051763,0.32061334094032645,1.9437552660237998,1.7340719974599779
bbob_f15_fixed,full,0.7,20263018,20265510,b8c8921e7682b50a92020be2f88d9902a4c61b5075ef46ff9f2ebd10f87b15a6,193.49769592285156,0.015134808607399464,300,8,40,0,0,0,45,4,1,10,3.0985463040415198,0.11962070991285145,2.9789255941286683,0.0696800327859819,0.3513546579051763,0.32061334094032645,1.9437552660237998,1.7340719974599779
bbob_f15_fixed,full,0.7,20263019,20265510,b8c8921e7682b50a92020be2f88d9902a4c61b5075ef46ff9f2ebd10f87b15a6,237.96510314941406,0.00588526576757431,300,8,25,0,0,0,45,4,1,10,3.0985463040415198,0.11962070991285145,2.9789255941286683,0.0696800327859819,0.3513546579051763,0.32061334094032645,1.9437552660237998,1.7340719974599779
bbob_f15_fixed,full,0.5,20263010,20265510,b8c8921e7682b50a92020be2f88d9902a4c61b5075ef46ff9f2ebd10f87b15a6,170.32289123535156,0.008482791483402252,300,14,57,0,0,0,75,7,2,10,3.6829321859404445,0.21208743075840175,3.4708447551820427,0.06693706288933754,0.35059553128667176,0.3437319623772055,2.3851634482853115,2.1826315748039633
bbob_f15_fixed,full,0.5,20263011,20265510,b8c8921e7682b50a92020be2f88d9902a4c61b5075ef46ff9f2ebd10f87b15a6,260.53961181640625,0.010198482312262058,300,14,70,0,0,0,75,7,2,10,3.6829321859404445,0.21208743075840175,3.4708447551820427,0.06693706288933754,0.35059553128667176,0.3437319623772055,2.3851634482853115,2.1826315748039633
bbob_f15_fixed,full,0.5,20263012,20265510,b8c8921e7682b50a92020be2f88d9902a4c61b5075ef46ff9f2ebd10f87b15a6,230.40322875976562,0.010783162899315357,300,14,51,0,0,0,75,7,3,10,3.6829321859404445,0.21208743075840175,3.4708447551820427,0.06693706288933754,0.35059553128667176,0.3437319623772055,2.3851634482853115,2.1826315748039633
bbob_f15_fixed,full,0.5,20263013,20265510,b8c8921e7682b50a92020be2f88d9902a4c61b5075ef46ff9f2ebd10f87b15a6,207.77786254882812,0.028410138562321663,300,14,52,0,0,0,75,7,3,10,3.6829321859404445,0.21208743075840175,3.4708447551820427,0.06693706288933754,0.35059553128667176,0.3437319623772055,2.3851634482853115,2.1826315748039633
bbob_f15_fixed,full,0.5,20263014,20265510,b8c8921e7682b50a92020be2f88d9902a4c61b5075ef46ff9f2ebd10f87b15a6,256.0132141113281,0.007850125432014465,300,14,52,0,0,0,75,7,2,10,3.6829321859404445,0.21208743075840175,3.4708447551820427,0.06693706288933754,0.35059553128667176,0.3437319623772055,2.3851634482853115,2.1826315748039633
bbob_f15_fixed,full,0.5,20263015,20265510,b8c8921e7682b50a92020be2f88d9902a4c61b5075ef46ff9f2ebd10f87b15a6,156.94236755371094,0.011866318061947823,300,14,28,0,0,0,75,7,1,10,3.6829321859404445,0.21208743075840175,3.4708447551820427,0.06693706288933754,0.35059553128667176,0.3437319623772055,2.3851634482853115,2.1826315748039633
bbob_f15_fixed,full,0.5,20263016,20265510,b8c8921e7682b50a92020be2f88d9902a4c61b5075ef46ff9f2ebd10f87b15a6,213.75218200683594,0.011454133316874504,300,14,67,0,0,0,75,7,4,10,3.6829321859404445,0.21208743075840175,3.4708447551820427,0.06693706288933754,0.35059553128667176,0.3437319623772055,2.3851634482853115,2.1826315748039633
bbob_f15_fixed,full,0.5,20263017,20265510,b8c8921e7682b50a92020be2f88d9902a4c61b5075ef46ff9f2ebd10f87b15a6,208.87942504882812,0.06840866059064865,300,14,61,0,0,0,75,7,3,10,3.6829321859404445,0.21208743075840175,3.4708447551820427,0.06693706288933754,0.35059553128667176,0.3437319623772055,2.3851634482853115,2.1826315748039633
bbob_f15_fixed,full,0.5,20263018,20265510,b8c8921e7682b50a92020be2f88d9902a4c61b5075ef46ff9f2ebd10f87b15a6,193.49769592285156,0.015134808607399464,300,14,55,0,0,0,75,7,2,10,3.6829321859404445,0.21208743075840175,3.4708447551820427,0.06693706288933754,0.35059553128667176,0.3437319623772055,2.3851634482853115,2.1826315748039633
bbob_f15_fixed,full,0.5,20263019,20265510,b8c8921e7682b50a92020be2f88d9902a4c61b5075ef46ff9f2ebd10f87b15a6,237.96510314941406,0.00588526576757431,300,14,63,0,0,0,75,7,1,10,3.6829321859404445,0.21208743075840175,3.4708447551820427,0.06693706288933754,0.35059553128667176,0.3437319623772055,2.3851634482853115,2.1826315748039633
bbob_f15_fixed,full,0.3333333333333333,20263010,20265510,b8c8921e7682b50a92020be2f88d9902a4c61b5075ef46ff9f2ebd10f87b15a6,170.32289123535156,0.02664642408490181,300,20,78,0,0,0,100,10,2,10,4.102250630035996,0.3025061162188649,3.7997445138171315,0.06972481030970812,0.3689220235683024,0.37116482271812856,2.647420577937737,2.4531352701596916
bbob_f15_fixed,full,0.3333333333333333,20263011,20265510,b8c8921e7682b50a92020be2f88d9902a4c61b5075ef46ff9f2ebd10f87b15a6,260.53961181640625,0.11825123429298401,300,20,98,0,0,0,100,10,6,10,4.102250630035996,0.3025061162188649,3.7997445138171315,0.06972481030970812,0.3689220235683024,0.37116482271812856,2.647420577937737,2.4531352701596916
bbob_f15_fixed,full,0.3333333333333333,20263012,20265510,b8c8921e7682b50a92020be2f88d9902a4c61b5075ef46ff9f2ebd10f87b15a6,230.40322875976562,0.04161834344267845,300,20,64,0,0,0,100,10,2,10,4.102250630035996,0.3025061162188649,3.7997445138171315,0.06972481030970812,0.3689220235683024,0.37116482271812856,2.647420577937737,2.4531352701596916
bbob_f15_fixed,full,0.3333333333333333,20263013,20265510,b8c8921e7682b50a92020be2f88d9902a4c61b5075ef46ff9f2ebd10f87b15a6,207.77786254882812,0.02928238734602928,300,20,58,0,0,0,100,10,3,10,4.102250630035996,0.3025061162188649,3.7997445138171315,0.06972481030970812,0.3689220235683024,0.37116482271812856,2.647420577937737,2.4531352701596916
bbob_f15_fixed,full,0.3333333333333333,20263014,20265510,b8c8921e7682b50a92020be2f88d9902a4c61b5075ef46ff9f2ebd10f87b15a6,256.0132141113281,0.08964914083480835,300,20,77,1,0,0,100,10,5,10,4.102250630035996,0.3025061162188649,3.7997445138171315,0.06972481030970812,0.3689220235683024,0.37116482271812856,2.647420577937737,2.4531352701596916
bbob_f15_fixed,full,0.3333333333333333,20263015,20265510,b8c8921e7682b50a92020be2f88d9902a4c61b5075ef46ff9f2ebd10f87b15a6,156.94236755371094,0.06120065227150917,300,20,60,1,0,0,100,10,1,10,4.102250630035996,0.3025061162188649,3.7997445138171315,0.06972481030970812,0.3689220235683024,0.37116482271812856,2.647420577937737,2.4531352701596916
bbob_f15_fixed,full,0.3333333333333333,20263016,20265510,b8c8921e7682b50a92020be2f88d9902a4c61b5075ef46ff9f2ebd10f87b15a6,213.75218200683594,0.04569198563694954,300,20,82,0,0,0,100,10,3,10,4.102250630035996,0.3025061162188649,3.7997445138171315,0.06972481030970812,0.3689220235683024,0.37116482271812856,2.647420577937737,2.4531352701596916
bbob_f15_fixed,full,0.3333333333333333,20263017,20265510,b8c8921e7682b50a92020be2f88d9902a4c61b5075ef46ff9f2ebd10f87b15a6,208.87942504882812,0.11120607703924179,300,20,86,0,0,0,100,10,3,10,4.102250630035996,0.3025061162188649,3.7997445138171315,0.06972481030970812,0.3689220235683024,0.37116482271812856,2.647420577937737,2.4531352701596916
bbob_f15_fixed,full,0.3333333333333333,20263018,20265510,b8c8921e7682b50a92020be2f88d9902a4c61b5075ef46ff9f2ebd10f87b15a6,193.49769592285156,0.015911219641566277,300,20,57,0,0,0,100,10,4,10,4.102250630035996,0.3025061162188649,3.7997445138171315,0.06972481030970812,0.3689220235683024,0.37116482271812856,2.647420577937737,2.4531352701596916
bbob_f15_fixed,full,0.3333333333333333,20263019,20265510,b8c8921e7682b50a92020be2f88d9902a4c61b5075ef46ff9f2ebd10f87b15a6,237.96510314941406,0.006211096420884132,300,20,64,0,0,0,100,10,2,10,4.102250630035996,0.3025061162188649,3.7997445138171315,0.06972481030970812,0.3689220235683024,0.37116482271812856,2.647420577937737,2.4531352701596916
bbob_f15_fixed,full,0.9,20263020,20265520,6643c69d9f31a258293c1504f7fcdd4614ae35752d26ef00b346148bb6dafd1b,173.2534942626953,0.015297779813408852,300,2,15,0,0,0,15,1,0,10,2.549046481028199,0.031703948974609375,2.51734253205359,0.07250233949162066,0.34805114450864494,0.33981064171530306,1.4974438447970897,1.2706837861333042
bbob_f15_fixed,full,0.9,20263021,20265520,6643c69d9f31a258293c1504f7fcdd4614ae35752d26ef00b346148bb6dafd1b,196.89781188964844,0.020857106894254684,300,2,15,0,0,0,15,1,0,10,2.549046481028199,0.031703948974609375,2.51734253205359,0.07250233949162066,0.34805114450864494,0.33981064171530306,1.4974438447970897,1.2706837861333042
bbob_f15_fixed,full,0.9,20263022,20265520,6643c69d9f31a258293c1504f7fcdd4614ae35752d26ef00b346148bb6dafd1b,247.24240112304688,0.02262073941528797,300,2,15,0,0,0,15,1,0,10,2.549046481028199,0.031703948974609375,2.51734253205359,0.07250233949162066,0.34805114450864494,0.33981064171530306,1.4974438447970897,1.2706837861333042
bbob_f15_fixed,full,0.9,20263023,20265520,6643c69d9f31a258293c1504f7fcdd4614ae35752d26ef00b346148bb6dafd1b,210.74095153808594,0.02075163833796978,300,2,15,0,0,0,15,1,0,10,2.549046481028199,0.031703948974609375,2.51734253205359,0.07250233949162066,0.34805114450864494,0.33981064171530306,1.4974438447970897,1.2706837861333042
bbob_f15_fixed,full,0.9,20263024,20265520,6643c69d9f31a258293c1504f7fcdd4614ae35752d26ef00b346148bb6dafd1b,173.9246368408203,0.0074188727885484695,300,2,15,0,0,0,15,1,0,10,2.549046481028199,0.031703948974609375,2.51734253205359,0.07250233949162066,0.34805114450864494,0.33981064171530306,1.4974438447970897,1.2706837861333042
bbob_f15_fixed,full,0.9,20263025,20265520,6643c69d9f31a258293c1504f7fcdd4614ae35752d26ef00b346148bb6dafd1b,119.88529968261719,0.023330025374889374,300,2,15,0,0,0,15,1,0,10,2.549046481028199,0.031703948974609375,2.51734253205359,0.07250233949162066,0.34805114450864494,0.33981064171530306,1.4974438447970897,1.2706837861333042
bbob_f15_fixed,full,0.9,20263026,20265520,6643c69d9f31a258293c1504f7fcdd4614ae35752d26ef00b346148bb6dafd1b,225.20205688476562,0.026972351595759392,300,2,15,0,0,0,15,1,0,10,2.549046481028199,0.031703948974609375,2.51734253205359,0.07250233949162066,0.34805114450864494,0.33981064171530306,1.4974438447970897,1.2706837861333042
bbob_f15_fixed,full,0.9,20263027,20265520,6643c69d9f31a258293c1504f7fcdd4614ae35752d26ef00b346148bb6dafd1b,178.0346221923828,0.03738176077604294,300,2,15,0,0,0,15,1,0,10,2.549046481028199,0.031703948974609375,2.51734253205359,0.07250233949162066,0.34805114450864494,0.33981064171530306,1.4974438447970897,1.2706837861333042
bbob_f15_fixed,full,0.9,20263028,20265520,6643c69d9f31a258293c1504f7fcdd4614ae35752d26ef00b346148bb6dafd1b,243.91372680664062,0.03774603456258774,300,2,15,0,0,0,15,1,0,10,2.549046481028199,0.031703948974609375,2.51734253205359,0.07250233949162066,0.34805114450864494,0.33981064171530306,1.4974438447970897,1.2706837861333042
bbob_f15_fixed,full,0.9,20263029,20265520,6643c69d9f31a258293c1504f7fcdd4614ae35752d26ef00b346148bb6dafd1b,262.4219055175781,0.03641367331147194,300,2,15,0,0,0,15,1,0,10,2.549046481028199,0.031703948974609375,2.51734253205359,0.07250233949162066,0.34805114450864494,0.33981064171530306,1.4974438447970897,1.2706837861333042
bbob_f15_fixed,full,0.7,20263020,20265520,6643c69d9f31a258293c1504f7fcdd4614ae35752d26ef00b346148bb6dafd1b,173.2534942626953,0.015297779813408852,300,8,42,0,0,0,45,4,0,10,3.1003720960579813,0.10648600687272847,2.993886089185253,0.06845503952354193,0.3825848433189094,0.32992144068703055,1.9170146354008466,1.68881247472018
bbob_f15_fixed,full,0.7,20263021,20265520,6643c69d9f31a258293c1504f7fcdd4614ae35752d26ef00b346148bb6dafd1b,196.89781188964844,0.020857106894254684,300,8,45,0,0,0,45,4,2,10,3.1003720960579813,0.10648600687272847,2.993886089185253,0.06845503952354193,0.3825848433189094,0.32992144068703055,1.9170146354008466,1.68881247472018
bbob_f15_fixed,full,0.7,20263022,20265520,6643c69d9f31a258293c1504f7fcdd4614ae35752d26ef00b346148bb6dafd1b,247.24240112304688,0.02262073941528797,300,8,38,0,0,0,45,4,2,10,3.1003720960579813,0.10648600687272847,2.993886089185253,0.06845503952354193,0.3825848433189094,0.32992144068703055,1.9170146354008466,1.68881247472018
bbob_f15_fixed,full,0.7,20263023,20265520,6643c69d9f31a258293c1504f7fcdd4614ae35752d26ef00b346148bb6dafd1b,210.74095153808594,0.02075163833796978,300,8,24,0,0,0,45,4,0,10,3.1003720960579813,0.10648600687272847,2.993886089185253,0.06845503952354193,0.3825848433189094,0.32992144068703055,1.9170146354008466,1.68881247472018
bbob_f15_fixed,full,0.7,20263024,20265520,6643c69d9f31a258293c1504f7fcdd4614ae35752d26ef00b346148bb6dafd1b,173.9246368408203,0.0074188727885484695,300,8,40,0,0,0,45,4,2,10,3.1003720960579813,0.10648600687272847,2.993886089185253,0.06845503952354193,0.3825848433189094,0.32992144068703055,1.9170146354008466,1.68881247472018
bbob_f15_fixed,full,0.7,20263025,20265520,6643c69d9f31a258293c1504f7fcdd4614ae35752d26ef00b346148bb6dafd1b,119.88529968261719,0.023330025374889374,300,8,34,0,0,0,45,4,0,10,3.1003720960579813,0.10648600687272847,2.993886089185253,0.06845503952354193,0.3825848433189094,0.32992144068703055,1.9170146354008466,1.68881247472018
bbob_f15_fixed,full,0.7,20263026,20265520,6643c69d9f31a258293c1504f7fcdd4614ae35752d26ef00b346148bb6dafd1b,225.20205688476562,0.026972351595759392,300,8,44,0,0,0,45,4,2,10,3.1003720960579813,0.10648600687272847,2.993886089185253,0.06845503952354193,0.3825848433189094,0.32992144068703055,1.9170146354008466,1.68881247472018
bbob_f15_fixed,full,0.7,20263027,20265520,6643c69d9f31a258293c1504f7fcdd4614ae35752d26ef00b346148bb6dafd1b,178.0346221923828,0.03738176077604294,300,8,44,0,0,0,45,4,1,10,3.1003720960579813,0.10648600687272847,2.993886089185253,0.06845503952354193,0.3825848433189094,0.32992144068703055,1.9170146354008466,1.68881247472018
bbob_f15_fixed,full,0.7,20263028,20265520,6643c69d9f31a258293c1504f7fcdd4614ae35752d26ef00b346148bb6dafd1b,243.91372680664062,0.03774603456258774,300,8,35,0,0,0,45,4,0,10,3.1003720960579813,0.10648600687272847,2.993886089185253,0.06845503952354193,0.3825848433189094,0.32992144068703055,1.9170146354008466,1.68881247472018
bbob_f15_fixed,full,0.7,20263029,20265520,6643c69d9f31a258293c1504f7fcdd4614ae35752d26ef00b346148bb6dafd1b,262.4219055175781,0.03641367331147194,300,8,40,0,0,0,45,4,0,10,3.1003720960579813,0.10648600687272847,2.993886089185253,0.06845503952354193,0.3825848433189094,0.32992144068703055,1.9170146354008466,1.68881247472018
bbob_f15_fixed,full,0.5,20263020,20265520,6643c69d9f31a258293c1504f7fcdd4614ae35752d26ef00b346148bb6dafd1b,173.2534942626953,0.015297779813408852,300,14,69,0,0,0,75,7,2,10,3.6486548050306737,0.1946594757027924,3.4539953293278813,0.07094532204791903,0.3634314506780356,0.34570581559091806,2.3479026490822434,2.1511781876906753
bbob_f15_fixed,full,0.5,20263021,20265520,6643c69d9f31a258293c1504f7fcdd4614ae35752d26ef00b346148bb6dafd1b,196.89781188964844,0.020857106894254684,300,14,61,0,0,0,75,7,3,10,3.6486548050306737,0.1946594757027924,3.4539953293278813,0.07094532204791903,0.3634314506780356,0.34570581559091806,2.3479026490822434,2.1511781876906753
bbob_f15_fixed,full,0.5,20263022,20265520,6643c69d9f31a258293c1504f7fcdd4614ae35752d26ef00b346148bb6dafd1b,247.24240112304688,0.03072974644601345,300,14,54,0,0,0,75,7,4,10,3.6486548050306737,0.1946594757027924,3.4539953293278813,0.07094532204791903,0.3634314506780356,0.34570581559091806,2.3479026490822434,2.1511781876906753
bbob_f15_fixed,full,0.5,20263023,20265520,6643c69d9f31a258293c1504f7fcdd4614ae35752d26ef00b346148bb6dafd1b,210.74095153808594,0.02075163833796978,300,14,42,0,0,0,75,7,2,10,3.6486548050306737,0.1946594757027924,3.4539953293278813,0.07094532204791903,0.3634314506780356,0.34570581559091806,2.3479026490822434,2.1511781876906753
bbob_f15_fixed,full,0.5,20263024,20265520,6643c69d9f31a258293c1504f7fcdd4614ae35752d26ef00b346148bb6dafd1b,173.9246368408203,0.0074188727885484695,300,14,67,0,0,0,75,7,3,10,3.6486548050306737,0.1946594757027924,3.4539953293278813,0.07094532204791903,0.3634314506780356,0.34570581559091806,2.3479026490822434,2.1511781876906753
bbob_f15_fixed,full,0.5,20263025,20265520,6643c69d9f31a258293c1504f7fcdd4614ae35752d26ef00b346148bb6dafd1b,119.88529968261719,0.023330025374889374,300,14,52,0,0,0,75,7,3,10,3.6486548050306737,0.1946594757027924,3.4539953293278813,0.07094532204791903,0.3634314506780356,0.34570581559091806,2.3479026490822434,2.1511781876906753
bbob_f15_fixed,full,0.5,20263026,20265520,6643c69d9f31a258293c1504f7fcdd4614ae35752d26ef00b346148bb6dafd1b,225.20205688476562,0.03699832037091255,300,14,71,0,0,0,75,7,3,10,3.6486548050306737,0.1946594757027924,3.4539953293278813,0.07094532204791903,0.3634314506780356,0.34570581559091806,2.3479026490822434,2.1511781876906753
bbob_f15_fixed,full,0.5,20263027,20265520,6643c69d9f31a258293c1504f7fcdd4614ae35752d26ef00b346148bb6dafd1b,178.0346221923828,0.03738176077604294,300,14,65,0,0,0,75,7,2,10,3.6486548050306737,0.1946594757027924,3.4539953293278813,0.07094532204791903,0.3634314506780356,0.34570581559091806,2.3479026490822434,2.1511781876906753
bbob_f15_fixed,full,0.5,20263028,20265520,6643c69d9f31a258293c1504f7fcdd4614ae35752d26ef00b346148bb6dafd1b,243.91372680664062,0.03774603456258774,300,14,56,0,0,0,75,7,2,10,3.6486548050306737,0.1946594757027924,3.4539953293278813,0.07094532204791903,0.3634314506780356,0.34570581559091806,2.3479026490822434,2.1511781876906753
bbob_f15_fixed,full,0.5,20263029,20265520,6643c69d9f31a258293c1504f7fcdd4614ae35752d26ef00b346148bb6dafd1b,262.4219055175781,0.03641367331147194,300,14,67,0,0,0,75,7,2,10,3.6486548050306737,0.1946594757027924,3.4539953293278813,0.07094532204791903,0.3634314506780356,0.34570581559091806,2.3479026490822434,2.1511781876906753
bbob_f15_fixed,full,0.3333333333333333,20263020,20265520,6643c69d9f31a258293c1504f7fcdd4614ae35752d26ef00b346148bb6dafd1b,173.2534942626953,0.023167088627815247,300,20,74,0,0,0,100,10,3,10,3.9428878820035607,0.3008061519358307,3.64208173006773,0.06278198608197272,0.36716791545040905,0.3291872963309288,2.569442291976884,2.4050494448747486
bbob_f15_fixed,full,0.3333333333333333,20263021,20265520,6643c69d9f31a258293c1504f7fcdd4614ae35752d26ef00b346148bb6dafd1b,196.89781188964844,0.05110760033130646,300,20,79,1,0,0,100,10,5,10,3.9428878820035607,0.3008061519358307,3.64208173006773,0.06278198608197272,0.36716791545040905,0.3291872963309288,2.569442291976884,2.4050494448747486
bbob_f15_fixed,full,0.3333333333333333,20263022,20265520,6643c69d9f31a258293c1504f7fcdd4614ae35752d26ef00b346148bb6dafd1b,247.24240112304688,0.023109599947929382,300,20,61,0,0,0,100,10,1,10,3.9428878820035607,0.3008061519358307,3.64208173006773,0.06278198608197272,0.36716791545040905,0.3291872963309288,2.569442291976884,2.4050494448747486
bbob_f15_fixed,full,0.3333333333333333,20263023,20265520,6643c69d9f31a258293c1504f7fcdd4614ae35752d26ef00b346148bb6dafd1b,210.74095153808594,0.019323473796248436,300,20,56,1,0,0,100,10,5,10,3.9428878820035607,0.3008061519358307,3.64208173006773,0.06278198608197272,0.36716791545040905,0.3291872963309288,2.569442291976884,2.4050494448747486
bbob_f15_fixed,full,0.3333333333333333,20263024,20265520,6643c69d9f31a258293c1504f7fcdd4614ae35752d26ef00b346148bb6dafd1b,173.9246368408203,0.12227687984704971,300,20,75,0,0,0,100,10,2,10,3.9428878820035607,0.3008061519358307,3.64208173006773,0.06278198608197272,0.36716791545040905,0.3291872963309288,2.569442291976884,2.4050494448747486
bbob_f15_fixed,full,0.3333333333333333,20263025,20265520,6643c69d9f31a258293c1504f7fcdd4614ae35752d26ef00b346148bb6dafd1b,119.88529968261719,0.10899189859628677,300,20,79,0,0,0,100,10,5,10,3.9428878820035607,0.3008061519358307,3.64208173006773,0.06278198608197272,0.36716791545040905,0.3291872963309288,2.569442291976884,2.4050494448747486
bbob_f15_fixed,full,0.3333333333333333,20263026,20265520,6643c69d9f31a258293c1504f7fcdd4614ae35752d26ef00b346148bb6dafd1b,225.20205688476562,0.030068306252360344,300,20,93,0,0,0,100,10,4,10,3.9428878820035607,0.3008061519358307,3.64208173006773,0.06278198608197272,0.36716791545040905,0.3291872963309288,2.569442291976884,2.4050494448747486
bbob_f15_fixed,full,0.3333333333333333,20263027,20265520,6643c69d9f31a258293c1504f7fcdd4614ae35752d26ef00b346148bb6dafd1b,178.0346221923828,0.12498944252729416,300,20,92,0,0,0,100,10,1,10,3.9428878820035607,0.3008061519358307,3.64208173006773,0.06278198608197272,0.36716791545040905,0.3291872963309288,2.569442291976884,2.4050494448747486
bbob_f15_fixed,full,0.3333333333333333,20263028,20265520,6643c69d9f31a258293c1504f7fcdd4614ae35752d26ef00b346148bb6dafd1b,243.91372680664062,0.04447466507554054,300,20,70,0,0,0,100,10,4,10,3.9428878820035607,0.3008061519358307,3.64208173006773,0.06278198608197272,0.36716791545040905,0.3291872963309288,2.569442291976884,2.4050494448747486
bbob_f15_fixed,full,0.3333333333333333,20263029,20265520,6643c69d9f31a258293c1504f7fcdd4614ae35752d26ef00b346148bb6dafd1b,262.4219055175781,0.06111440807580948,300,20,53,0,0,0,100,10,1,10,3.9428878820035607,0.3008061519358307,3.64208173006773,0.06278198608197272,0.36716791545040905,0.3291872963309288,2.569442291976884,2.4050494448747486
cec_f1_shifted,full,0.5,20263000,20264100,fa7587d913a48a344293fda4719a445a86774197a0eca99e3e47b2f3739f208d,17511.552734375,58.34341049194336,300,14,75,60,2752.1387672424316,855.4511871337891,75,7,0,10,3.0747998689766973,0.023251230362802744,3.0515486386138946,0.006194725167006254,0.37588303396478295,0.32016379991546273,2.0462622926570475,1.938423605170101
cec_f1_shifted,full,0.5,20263001,20264100,fa7587d913a48a344293fda4719a445a86774197a0eca99e3e47b2f3739f208d,12561.8544921875,317.6368713378906,300,14,75,72,2356.1526794433594,458.0849609375,75,7,0,10,3.0747998689766973,0.023251230362802744,3.0515486386138946,0.006194725167006254,0.37588303396478295,0.32016379991546273,2.0462622926570475,1.938423605170101
cec_f1_shifted,full,0.5,20263002,20264100,fa7587d913a48a344293fda4719a445a86774197a0eca99e3e47b2f3739f208d,12957.0400390625,50.57624816894531,300,14,75,71,1710.1755828857422,349.57763671875,75,7,0,10,3.0747998689766973,0.023251230362802744,3.0515486386138946,0.006194725167006254,0.37588303396478295,0.32016379991546273,2.0462622926570475,1.938423605170101
cec_f1_shifted,full,0.5,20263003,20264100,fa7587d913a48a344293fda4719a445a86774197a0eca99e3e47b2f3739f208d,13956.162109375,16.340166091918945,300,14,75,63,1566.638837814331,367.4681854248047,75,7,0,10,3.0747998689766973,0.023251230362802744,3.0515486386138946,0.006194725167006254,0.37588303396478295,0.32016379991546273,2.0462622926570475,1.938423605170101
cec_f1_shifted,full,0.5,20263004,20264100,fa7587d913a48a344293fda4719a445a86774197a0eca99e3e47b2f3739f208d,13779.611328125,62.57307434082031,300,14,75,71,1988.8519744873047,307.40563201904297,75,7,0,10,3.0747998689766973,0.023251230362802744,3.0515486386138946,0.006194725167006254,0.37588303396478295,0.32016379991546273,2.0462622926570475,1.938423605170101
cec_f1_shifted,full,0.5,20263005,20264100,fa7587d913a48a344293fda4719a445a86774197a0eca99e3e47b2f3739f208d,10379.6943359375,58.430206298828125,300,14,75,60,1457.1885681152344,391.2889404296875,75,7,0,10,3.0747998689766973,0.023251230362802744,3.0515486386138946,0.006194725167006254,0.37588303396478295,0.32016379991546273,2.0462622926570475,1.938423605170101
cec_f1_shifted,full,0.5,20263006,20264100,fa7587d913a48a344293fda4719a445a86774197a0eca99e3e47b2f3739f208d,6959.7255859375,32.211669921875,300,14,75,64,2209.95556640625,1327.23046875,75,7,0,10,3.0747998689766973,0.023251230362802744,3.0515486386138946,0.006194725167006254,0.37588303396478295,0.32016379991546273,2.0462622926570475,1.938423605170101
cec_f1_shifted,full,0.5,20263007,20264100,fa7587d913a48a344293fda4719a445a86774197a0eca99e3e47b2f3739f208d,16520.1953125,254.07376098632812,300,14,75,71,3299.016326904297,978.3403015136719,75,7,0,10,3.0747998689766973,0.023251230362802744,3.0515486386138946,0.006194725167006254,0.37588303396478295,0.32016379991546273,2.0462622926570475,1.938423605170101
cec_f1_shifted,full,0.5,20263008,20264100,fa7587d913a48a344293fda4719a445a86774197a0eca99e3e47b2f3739f208d,12583.5439453125,162.26492309570312,300,14,75,72,2461.738983154297,600.6604614257812,75,7,0,10,3.0747998689766973,0.023251230362802744,3.0515486386138946,0.006194725167006254,0.37588303396478295,0.32016379991546273,2.0462622926570475,1.938423605170101
cec_f1_shifted,full,0.5,20263009,20264100,fa7587d913a48a344293fda4719a445a86774197a0eca99e3e47b2f3739f208d,9385.4931640625,36.7580451965332,300,14,75,67,1270.0560417175293,347.66119384765625,75,7,0,10,3.0747998689766973,0.023251230362802744,3.0515486386138946,0.006194725167006254,0.37588303396478295,0.32016379991546273,2.0462622926570475,1.938423605170101
cec_f1_shifted,full,0.9,20263000,20264100,fa7587d913a48a344293fda4719a445a86774197a0eca99e3e47b2f3739f208d,17511.552734375,2592.140625,300,2,15,6,218.341552734375,177.020751953125,15,1,0,10,2.2728516119532287,0.0030287294648587704,2.26982288248837,0.006287706317380071,0.3521689837798476,0.3291152755264193,1.3328669220209122,1.2633064517285675
cec_f1_shifted,full,0.9,20263001,20264100,fa7587d913a48a344293fda4719a445a86774197a0eca99e3e47b2f3739f208d,12561.8544921875,2248.010986328125,300,2,15,10,425.778564453125,277.270263671875,15,1,0,10,2.2728516119532287,0.0030287294648587704,2.26982288248837,0.006287706317380071,0.3521689837798476,0.3291152755264193,1.3328669220209122,1.2633064517285675
cec_f1_shifted,full,0.9,20263002,20264100,fa7587d913a48a344293fda4719a445a86774197a0eca99e3e47b2f3739f208d,12957.0400390625,1525.420654296875,300,2,15,10,235.3311767578125,149.78125,15,1,0,10,2.2728516119532287,0.0030287294648587704,2.26982288248837,0.006287706317380071,0.3521689837798476,0.3291152755264193,1.3328669220209122,1.2633064517285675
cec_f1_shifted,full,0.9,20263003,20264100,fa7587d913a48a344293fda4719a445a86774197a0eca99e3e47b2f3739f208d,13956.162109375,1271.1663818359375,300,2,15,8,311.8126220703125,180.1727294921875,15,1,0,10,2.2728516119532287,0.0030287294648587704,2.26982288248837,0.006287706317380071,0.3521689837798476,0.3291152755264193,1.3328669220209122,1.2633064517285675
cec_f1_shifted,full,0.9,20263004,20264100,fa7587d913a48a344293fda4719a445a86774197a0eca99e3e47b2f3739f208d,13779.611328125,1861.506103515625,300,2,15,7,189.9189453125,139.9912109375,15,1,0,10,2.2728516119532287,0.0030287294648587704,2.26982288248837,0.006287706317380071,0.3521689837798476,0.3291152755264193,1.3328669220209122,1.2633064517285675
cec_f1_shifted,full,0.9,20263005,20264100,fa7587d913a48a344293fda4719a445a86774197a0eca99e3e47b2f3739f208d,10379.6943359375,1321.1715087890625,300,2,15,5,194.447265625,184.053466796875,15,1,0,10,2.2728516119532287,0.0030287294648587704,2.26982288248837,0.006287706317380071,0.3521689837798476,0.3291152755264193,1.3328669220209122,1.2633064517285675
cec_f1_shifted,full,0.9,20263006,20264100,fa7587d913a48a344293fda4719a445a86774197a0eca99e3e47b2f3739f208d,6959.7255859375,1529.2418212890625,300,2,15,5,712.9254150390625,700.7147216796875,15,1,0,10,2.2728516119532287,0.0030287294648587704,2.26982288248837,0.006287706317380071,0.3521689837798476,0.3291152755264193,1.3328669220209122,1.2633064517285675
cec_f1_shifted,full,0.9,20263007,20264100,fa7587d913a48a344293fda4719a445a86774197a0eca99e3e47b2f3739f208d,16520.1953125,2669.384765625,300,2,15,10,883.705322265625,720.793701171875,15,1,0,10,2.2728516119532287,0.0030287294648587704,2.26982288248837,0.006287706317380071,0.3521689837798476,0.3291152755264193,1.3328669220209122,1.2633064517285675
cec_f1_shifted,full,0.9,20263008,20264100,fa7587d913a48a344293fda4719a445a86774197a0eca99e3e47b2f3739f208d,12583.5439453125,2346.90087890625,300,2,15,9,277.10302734375,128.77587890625,15,1,0,10,2.2728516119532287,0.0030287294648587704,2.26982288248837,0.006287706317380071,0.3521689837798476,0.3291152755264193,1.3328669220209122,1.2633064517285675
cec_f1_shifted,full,0.9,20263009,20264100,fa7587d913a48a344293fda4719a445a86774197a0eca99e3e47b2f3739f208d,9385.4931640625,828.9891967773438,300,2,15,11,477.82489013671875,295.175048828125,15,1,0,10,2.2728516119532287,0.0030287294648587704,2.26982288248837,0.006287706317380071,0.3521689837798476,0.3291152755264193,1.3328669220209122,1.2633064517285675
cec_f1_shifted,full,0.3333333333333333,20263000,20264100,fa7587d913a48a344293fda4719a445a86774197a0eca99e3e47b2f3739f208d,17511.552734375,23.485937118530273,300,20,98,82,2786.9962406158447,957.571533203125,100,10,0,10,3.372864554869011,0.029950655065476894,3.342913899803534,0.006112177390605211,0.36027143173851073,0.3299959360156208,2.3340980522334576,2.210390756605193
cec_f1_shifted,full,0.3333333333333333,20263001,20264100,fa7587d913a48a344293fda4719a445a86774197a0eca99e3e47b2f3739f208d,12561.8544921875,7.9593658447265625,300,20,98,77,2665.8301849365234,806.4417724609375,100,10,0,10,3.372864554869011,0.029950655065476894,3.342913899803534,0.006112177390605211,0.36027143173851073,0.3299959360156208,2.3340980522334576,2.210390756605193
cec_f1_shifted,full,0.3333333333333333,20263002,20264100,fa7587d913a48a344293fda4719a445a86774197a0eca99e3e47b2f3739f208d,12957.0400390625,0.3005339503288269,300,20,98,63,1760.4512971043587,862.1932373046875,100,10,0,10,3.372864554869011,0.029950655065476894,3.342913899803534,0.006112177390605211,0.36027143173851073,0.3299959360156208,2.3340980522334576,2.210390756605193
cec_f1_shifted,full,0.3333333333333333,20263003,20264100,fa7587d913a48a344293fda4719a445a86774197a0eca99e3e47b2f3739f208d,13956.162109375,3.2014000415802,300,20,98,79,1579.7776038646698,337.2996826171875,100,10,0,10,3.372864554869011,0.029950655065476894,3.342913899803534,0.006112177390605211,0.36027143173851073,0.3299959360156208,2.3340980522334576,2.210390756605193
cec_f1_shifted,full,0.3333333333333333,20263004,20264100,fa7587d913a48a344293fda4719a445a86774197a0eca99e3e47b2f3739f208d,13779.611328125,7.764853477478027,300,20,98,72,2043.660195350647,525.727783203125,100,10,0,10,3.372864554869011,0.029950655065476894,3.342913899803534,0.006112177390605211,0.36027143173851073,0.3299959360156208,2.3340980522334576,2.210390756605193
cec_f1_shifted,full,0.3333333333333333,20263005,20264100,fa7587d913a48a344293fda4719a445a86774197a0eca99e3e47b2f3739f208d,10379.6943359375,0.437994122505188,300,20,98,65,1515.1807802915573,346.9771423339844,100,10,0,10,3.372864554869011,0.029950655065476894,3.342913899803534,0.006112177390605211,0.36027143173851073,0.3299959360156208,2.3340980522334576,2.210390756605193
cec_f1_shifted,full,0.3333333333333333,20263006,20264100,fa7587d913a48a344293fda4719a445a86774197a0eca99e3e47b2f3739f208d,6959.7255859375,1.0679340362548828,300,20,98,65,2241.09930229187,1224.5790405273438,100,10,0,10,3.372864554869011,0.029950655065476894,3.342913899803534,0.006112177390605211,0.36027143173851073,0.3299959360156208,2.3340980522334576,2.210390756605193
cec_f1_shifted,full,0.3333333333333333,20263007,20264100,fa7587d913a48a344293fda4719a445a86774197a0eca99e3e47b2f3739f208d,16520.1953125,31.651538848876953,300,20,98,85,3521.438549041748,810.2545166015625,100,10,0,10,3.372864554869011,0.029950655065476894,3.342913899803534,0.006112177390605211,0.36027143173851073,0.3299959360156208,2.3340980522334576,2.210390756605193
cec_f1_shifted,full,0.3333333333333333,20263008,20264100,fa7587d913a48a344293fda4719a445a86774197a0eca99e3e47b2f3739f208d,12583.5439453125,20.320858001708984,300,20,98,78,2603.683048248291,561.4884033203125,100,10,0,10,3.372864554869011,0.029950655065476894,3.342913899803534,0.006112177390605211,0.36027143173851073,0.3299959360156208,2.3340980522334576,2.210390756605193
cec_f1_shifted,full,0.3333333333333333,20263009,20264100,fa7587d913a48a344293fda4719a445a86774197a0eca99e3e47b2f3739f208d,9385.4931640625,0.5877947807312012,300,20,98,73,1306.2262921333313,314.36041259765625,100,10,0,10,3.372864554869011,0.029950655065476894,3.342913899803534,0.006112177390605211,0.36027143173851073,0.3299959360156208,2.3340980522334576,2.210390756605193
cec_f1_shifted,full,0.7,20263000,20264100,fa7587d913a48a344293fda4719a445a86774197a0eca99e3e47b2f3739f208d,17511.552734375,518.5359497070312,300,8,45,43,2291.9462280273438,928.8382568359375,45,4,0,10,2.655277355806902,0.012916902778670192,2.642360453028232,0.006213075015693903,0.3338631133083254,0.331330853048712,1.691184316528961,1.6054133262950927
cec_f1_shifted,full,0.7,20263001,20264100,fa7587d913a48a344293fda4719a445a86774197a0eca99e3e47b2f3739f208d,12561.8544921875,1109.6864013671875,300,8,45,43,1564.1031494140625,337.611572265625,45,4,0,10,2.655277355806902,0.012916902778670192,2.642360453028232,0.006213075015693903,0.3338631133083254,0.331330853048712,1.691184316528961,1.6054133262950927
cec_f1_shifted,full,0.7,20263002,20264100,fa7587d913a48a344293fda4719a445a86774197a0eca99e3e47b2f3739f208d,12957.0400390625,500.2156982421875,300,8,45,39,1260.5361328125,354.8450012207031,45,4,0,10,2.655277355806902,0.012916902778670192,2.642360453028232,0.006213075015693903,0.3338631133083254,0.331330853048712,1.691184316528961,1.6054133262950927
cec_f1_shifted,full,0.7,20263003,20264100,fa7587d913a48a344293fda4719a445a86774197a0eca99e3e47b2f3739f208d,13956.162109375,347.4847106933594,300,8,45,41,1235.4942932128906,292.111572265625,45,4,0,10,2.655277355806902,0.012916902778670192,2.642360453028232,0.006213075015693903,0.3338631133083254,0.331330853048712,1.691184316528961,1.6054133262950927
cec_f1_shifted,full,0.7,20263004,20264100,fa7587d913a48a344293fda4719a445a86774197a0eca99e3e47b2f3739f208d,13779.611328125,416.65380859375,300,8,45,43,1634.771240234375,427.66448974609375,45,4,0,10,2.655277355806902,0.012916902778670192,2.642360453028232,0.006213075015693903,0.3338631133083254,0.331330853048712,1.691184316528961,1.6054133262950927
cec_f1_shifted,full,0.7,20263005,20264100,fa7587d913a48a344293fda4719a445a86774197a0eca99e3e47b2f3739f208d,10379.6943359375,497.476318359375,300,8,45,30,1018.1424560546875,274.3863525390625,45,4,0,10,2.655277355806902,0.012916902778670192,2.642360453028232,0.006213075015693903,0.3338631133083254,0.331330853048712,1.691184316528961,1.6054133262950927
cec_f1_shifted,full,0.7,20263006,20264100,fa7587d913a48a344293fda4719a445a86774197a0eca99e3e47b2f3739f208d,6959.7255859375,641.64208984375,300,8,45,42,1600.525146484375,641.834716796875,45,4,0,10,2.655277355806902,0.012916902778670192,2.642360453028232,0.006213075015693903,0.3338631133083254,0.331330853048712,1.691184316528961,1.6054133262950927
cec_f1_shifted,full,0.7,20263007,20264100,fa7587d913a48a344293fda4719a445a86774197a0eca99e3e47b2f3739f208d,16520.1953125,1595.7392578125,300,8,45,44,1957.350830078125,327.4044189453125,45,4,0,10,2.655277355806902,0.012916902778670192,2.642360453028232,0.006213075015693903,0.3338631133083254,0.331330853048712,1.691184316528961,1.6054133262950927
cec_f1_shifted,full,0.7,20263008,20264100,fa7587d913a48a344293fda4719a445a86774197a0eca99e3e47b2f3739f208d,12583.5439453125,1075.7642822265625,300,8,45,44,1548.2396240234375,294.9842529296875,45,4,0,10,2.655277355806902,0.012916902778670192,2.642360453028232,0.006213075015693903,0.3338631133083254,0.331330853048712,1.691184316528961,1.6054133262950927
cec_f1_shifted,full,0.7,20263009,20264100,fa7587d913a48a344293fda4719a445a86774197a0eca99e3e47b2f3739f208d,9385.4931640625,310.1671142578125,300,8,45,43,996.64697265625,171.4813232421875,45,4,0,10,2.655277355806902,0.012916902778670192,2.642360453028232,0.006213075015693903,0.3338631133083254,0.331330853048712,1.691184316528961,1.6054133262950927
cec_f1_shifted,full,0.9,20263010,20264110,2f87861b03ecea25856ad5150316951d112e46c453f3802d30ca4bec5a968ec0,12738.8701171875,2088.291259765625,300,2,15,6,120.95166015625,80.4267578125,15,1,0,10,2.3362967900466174,0.004636087687686086,2.3316607023589313,0.00649749138392508,0.35535244666971266,0.32746561733074486,1.3780122329480946,1.3037785980850458
cec_f1_shifted,full,0.9,20263011,20264110,2f87861b03ecea25856ad5150316951d112e46c453f3802d30ca4bec5a968ec0,11143.30078125,867.2835693359375,300,2,15,6,143.0711669921875,99.23748779296875,15,1,0,10,2.3362967900466174,0.004636087687686086,2.3316607023589313,0.00649749138392508,0.35535244666971266,0.32746561733074486,1.3780122329480946,1.3037785980850458
cec_f1_shifted,full,0.9,20263012,20264110,2f87861b03ecea25856ad5150316951d112e46c453f3802d30ca4bec5a968ec0,13869.802734375,2065.799072265625,300,2,15,6,382.0166015625,311.689697265625,15,1,0,10,2.3362967900466174,0.004636087687686086,2.3316607023589313,0.00649749138392508,0.35535244666971266,0.32746561733074486,1.3780122329480946,1.3037785980850458
cec_f1_shifted,full,0.9,20263013,20264110,2f87861b03ecea25856ad5150316951d112e46c453f3802d30ca4bec5a968ec0,10361.947265625,1585.13818359375,300,2,15,10,198.7913818359375,123.2376708984375,15,1,0,10,2.3362967900466174,0.004636087687686086,2.3316607023589313,0.00649749138392508,0.35535244666971266,0.32746561733074486,1.3780122329480946,1.3037785980850458
cec_f1_shifted,full,0.9,20263014,20264110,2f87861b03ecea25856ad5150316951d112e46c453f3802d30ca4bec5a968ec0,15199.8134765625,1334.3409423828125,300,2,15,5,105.77099609375,82.394287109375,15,1,0,10,2.3362967900466174,0.004636087687686086,2.3316607023589313,0.00649749138392508,0.35535244666971266,0.32746561733074486,1.3780122329480946,1.3037785980850458
cec_f1_shifted,full,0.9,20263015,20264110,2f87861b03ecea25856ad5150316951d112e46c453f3802d30ca4bec5a968ec0,7215.1005859375,1769.129638671875,300,2,15,9,315.932861328125,192.5115966796875,15,1,0,10,2.3362967900466174,0.004636087687686086,2.3316607023589313,0.00649749138392508,0.35535244666971266,0.32746561733074486,1.3780122329480946,1.3037785980850458
cec_f1_shifted,full,0.9,20263016,20264110,2f87861b03ecea25856ad5150316951d112e46c453f3802d30ca4bec5a968ec0,12152.8271484375,2261.35107421875,300,2,15,2,96.0048828125,96.0048828125,15,1,0,10,2.3362967900466174,0.004636087687686086,2.3316607023589313,0.00649749138392508,0.35535244666971266,0.32746561733074486,1.3780122329480946,1.3037785980850458
cec_f1_shifted,full,0.9,20263017,20264110,2f87861b03ecea25856ad5150316951d112e46c453f3802d30ca4bec5a968ec0,12980.138671875,2186.427734375,300,2,15,9,334.735107421875,198.99755859375,15,1,0,10,2.3362967900466174,0.004636087687686086,2.3316607023589313,0.00649749138392508,0.35535244666971266,0.32746561733074486,1.3780122329480946,1.3037785980850458
cec_f1_shifted,full,0.9,20263018,20264110,2f87861b03ecea25856ad5150316951d112e46c453f3802d30ca4bec5a968ec0,11748.7666015625,2190.60693359375,300,2,15,3,123.63330078125,123.63330078125,15,1,0,10,2.3362967900466174,0.004636087687686086,2.3316607023589313,0.00649749138392508,0.35535244666971266,0.32746561733074486,1.3780122329480946,1.3037785980850458
cec_f1_shifted,full,0.9,20263019,20264110,2f87861b03ecea25856ad5150316951d112e46c453f3802d30ca4bec5a968ec0,8879.845703125,1093.110595703125,300,2,15,6,166.278564453125,126.7413330078125,15,1,0,10,2.3362967900466174,0.004636087687686086,2.3316607023589313,0.00649749138392508,0.35535244666971266,0.32746561733074486,1.3780122329480946,1.3037785980850458
cec_f1_shifted,full,0.9,20263020,20264120,02662893e0411805a4b1f9e0cc9528dac5394aeec6ffb46af5fba3bb0e59512e,10301.26953125,1806.2767333984375,300,2,15,8,277.3289794921875,223.4732666015625,15,1,0,10,2.3924878009129316,0.004738324088975787,2.3877494768239558,0.006453050300478935,0.3870200754608959,0.3236322528682649,1.4012866441626102,1.3298430407885462
cec_f1_shifted,full,0.9,20263021,20264120,02662893e0411805a4b1f9e0cc9528dac5394aeec6ffb46af5fba3bb0e59512e,11548.7861328125,2139.438720703125,300,2,15,10,676.943115234375,576.177490234375,15,1,0,10,2.3924878009129316,0.004738324088975787,2.3877494768239558,0.006453050300478935,0.3870200754608959,0.3236322528682649,1.4012866441626102,1.3298430407885462
cec_f1_shifted,full,0.9,20263022,20264120,02662893e0411805a4b1f9e0cc9528dac5394aeec6ffb46af5fba3bb0e59512e,16419.92578125,2091.683837890625,300,2,15,8,216.255126953125,146.696533203125,15,1,0,10,2.3924878009129316,0.004738324088975787,2.3877494768239558,0.006453050300478935,0.3870200754608959,0.3236322528682649,1.4012866441626102,1.3298430407885462
cec_f1_shifted,full,0.9,20263023,20264120,02662893e0411805a4b1f9e0cc9528dac5394aeec6ffb46af5fba3bb0e59512e,7453.7236328125,2831.03369140625,300,2,15,7,439.7744140625,353.498046875,15,1,0,10,2.3924878009129316,0.004738324088975787,2.3877494768239558,0.006453050300478935,0.3870200754608959,0.3236322528682649,1.4012866441626102,1.3298430407885462
cec_f1_shifted,full,0.9,20263024,20264120,02662893e0411805a4b1f9e0cc9528dac5394aeec6ffb46af5fba3bb0e59512e,9336.5439453125,950.5845336914062,300,2,15,9,170.14862060546875,125.6201171875,15,1,0,10,2.3924878009129316,0.004738324088975787,2.3877494768239558,0.006453050300478935,0.3870200754608959,0.3236322528682649,1.4012866441626102,1.3298430407885462
cec_f1_shifted,full,0.9,20263025,20264120,02662893e0411805a4b1f9e0cc9528dac5394aeec6ffb46af5fba3bb0e59512e,8273.740234375,3048.34619140625,300,2,15,4,250.5244140625,221.871337890625,15,1,0,10,2.3924878009129316,0.004738324088975787,2.3877494768239558,0.006453050300478935,0.3870200754608959,0.3236322528682649,1.4012866441626102,1.3298430407885462
cec_f1_shifted,full,0.9,20263026,20264120,02662893e0411805a4b1f9e0cc9528dac5394aeec6ffb46af5fba3bb0e59512e,13583.671875,1985.4034423828125,300,2,15,3,36.1966552734375,36.1966552734375,15,1,0,10,2.3924878009129316,0.004738324088975787,2.3877494768239558,0.006453050300478935,0.3870200754608959,0.3236322528682649,1.4012866441626102,1.3298430407885462
cec_f1_shifted,full,0.9,20263027,20264120,02662893e0411805a4b1f9e0cc9528dac5394aeec6ffb46af5fba3bb0e59512e,10612.646484375,2489.93212890625,300,2,15,9,218.13232421875,161.3388671875,15,1,0,10,2.3924878009129316,0.004738324088975787,2.3877494768239558,0.006453050300478935,0.3870200754608959,0.3236322528682649,1.4012866441626102,1.3298430407885462
cec_f1_shifted,full,0.9,20263028,20264120,02662893e0411805a4b1f9e0cc9528dac5394aeec6ffb46af5fba3bb0e59512e,8214.431640625,1373.6778564453125,300,2,15,3,27.5125732421875,27.5125732421875,15,1,0,10,2.3924878009129316,0.004738324088975787,2.3877494768239558,0.006453050300478935,0.3870200754608959,0.3236322528682649,1.4012866441626102,1.3298430407885462
cec_f1_shifted,full,0.9,20263029,20264120,02662893e0411805a4b1f9e0cc9528dac5394aeec6ffb46af5fba3bb0e59512e,14095.09375,3170.967041015625,300,2,15,4,170.712158203125,162.5849609375,15,1,0,10,2.3924878009129316,0.004738324088975787,2.3877494768239558,0.006453050300478935,0.3870200754608959,0.3236322528682649,1.4012866441626102,1.3298430407885462
cec_f1_shifted,full,0.7,20263010,20264110,2f87861b03ecea25856ad5150316951d112e46c453f3802d30ca4bec5a968ec0,12738.8701171875,841.8577880859375,300,8,45,39,1367.3851318359375,337.7540283203125,45,4,0,10,2.8863555670250207,0.014204030390828848,2.872151536634192,0.0067420825362205505,0.4044973198324442,0.32430683611892164,1.8430172486696392,1.7461625004652888
cec_f1_shifted,full,0.7,20263011,20264110,2f87861b03ecea25856ad5150316951d112e46c453f3802d30ca4bec5a968ec0,11143.30078125,370.2986145019531,300,8,45,33,640.0561218261719,149.5599365234375,45,4,0,10,2.8863555670250207,0.014204030390828848,2.872151536634192,0.0067420825362205505,0.4044973198324442,0.32430683611892164,1.8430172486696392,1.7461625004652888
cec_f1_shifted,full,0.7,20263012,20264110,2f87861b03ecea25856ad5150316951d112e46c453f3802d30ca4bec5a968ec0,13869.802734375,987.1974487304688,300,8,45,42,1460.6182250976562,406.2259521484375,45,4,0,10,2.8863555670250207,0.014204030390828848,2.872151536634192,0.0067420825362205505,0.4044973198324442,0.32430683611892164,1.8430172486696392,1.7461625004652888
cec_f1_shifted,full,0.7,20263013,20264110,2f87861b03ecea25856ad5150316951d112e46c453f3802d30ca4bec5a968ec0,10361.947265625,657.3798217773438,300,8,45,44,1126.5497436523438,190.280517578125,45,4,0,10,2.8863555670250207,0.014204030390828848,2.872151536634192,0.0067420825362205505,0.4044973198324442,0.32430683611892164,1.8430172486696392,1.7461625004652888
cec_f1_shifted,full,0.7,20263014,20264110,2f87861b03ecea25856ad5150316951d112e46c453f3802d30ca4bec5a968ec0,15199.8134765625,510.7902526855469,300,8,45,40,929.3216857910156,221.64434814453125,45,4,0,10,2.8863555670250207,0.014204030390828848,2.872151536634192,0.0067420825362205505,0.4044973198324442,0.32430683611892164,1.8430172486696392,1.7461625004652888
cec_f1_shifted,full,0.7,20263015,20264110,2f87861b03ecea25856ad5150316951d112e46c453f3802d30ca4bec5a968ec0,7215.1005859375,424.8349609375,300,8,45,45,1660.2275390625,696.7095947265625,45,4,0,10,2.8863555670250207,0.014204030390828848,2.872151536634192,0.0067420825362205505,0.4044973198324442,0.32430683611892164,1.8430172486696392,1.7461625004652888
cec_f1_shifted,full,0.7,20263016,20264110,2f87861b03ecea25856ad5150316951d112e46c453f3802d30ca4bec5a968ec0,12152.8271484375,1040.7080078125,300,8,45,40,1316.64794921875,297.2666015625,45,4,0,10,2.8863555670250207,0.014204030390828848,2.872151536634192,0.0067420825362205505,0.4044973198324442,0.32430683611892164,1.8430172486696392,1.7461625004652888
cec_f1_shifted,full,0.7,20263017,20264110,2f87861b03ecea25856ad5150316951d112e46c453f3802d30ca4bec5a968ec0,12980.138671875,1110.55810546875,300,8,45,44,1410.604736328125,339.388427734375,45,4,0,10,2.8863555670250207,0.014204030390828848,2.872151536634192,0.0067420825362205505,0.4044973198324442,0.32430683611892164,1.8430172486696392,1.7461625004652888
cec_f1_shifted,full,0.7,20263018,20264110,2f87861b03ecea25856ad5150316951d112e46c453f3802d30ca4bec5a968ec0,11748.7666015625,774.8363647460938,300,8,45,42,1539.4038696289062,321.51922607421875,45,4,0,10,2.8863555670250207,0.014204030390828848,2.872151536634192,0.0067420825362205505,0.4044973198324442,0.32430683611892164,1.8430172486696392,1.7461625004652888
cec_f1_shifted,full,0.7,20263019,20264110,2f87861b03ecea25856ad5150316951d112e46c453f3802d30ca4bec5a968ec0,8879.845703125,159.64027404785156,300,8,45,40,1099.7488861083984,552.556396484375,45,4,0,10,2.8863555670250207,0.014204030390828848,2.872151536634192,0.0067420825362205505,0.4044973198324442,0.32430683611892164,1.8430172486696392,1.7461625004652888
cec_f1_shifted,full,0.5,20263010,20264110,2f87861b03ecea25856ad5150316951d112e46c453f3802d30ca4bec5a968ec0,12738.8701171875,135.90383911132812,300,14,75,66,2073.339080810547,467.7694854736328,75,7,0,10,3.1285133599303663,0.025290965335443616,3.1032223945949227,0.00664145709015429,0.37502661906182766,0.34606785071082413,2.0430044720415026,1.932976750889793
cec_f1_shifted,full,0.5,20263011,20264110,2f87861b03ecea25856ad5150316951d112e46c453f3802d30ca4bec5a968ec0,11143.30078125,7.4034833908081055,300,14,75,58,1002.9512529373169,310.2049560546875,75,7,0,10,3.1285133599303663,0.025290965335443616,3.1032223945949227,0.00664145709015429,0.37502661906182766,0.34606785071082413,2.0430044720415026,1.932976750889793
cec_f1_shifted,full,0.5,20263012,20264110,2f87861b03ecea25856ad5150316951d112e46c453f3802d30ca4bec5a968ec0,13869.802734375,98.47038269042969,300,14,75,69,2349.3452911376953,735.5811767578125,75,7,0,10,3.1285133599303663,0.025290965335443616,3.1032223945949227,0.00664145709015429,0.37502661906182766,0.34606785071082413,2.0430044720415026,1.932976750889793
cec_f1_shifted,full,0.5,20263013,20264110,2f87861b03ecea25856ad5150316951d112e46c453f3802d30ca4bec5a968ec0,10361.947265625,66.43341064453125,300,14,75,70,1717.4961547851562,528.685791015625,75,7,0,10,3.1285133599303663,0.025290965335443616,3.1032223945949227,0.00664145709015429,0.37502661906182766,0.34606785071082413,2.0430044720415026,1.932976750889793
cec_f1_shifted,full,0.5,20263014,20264110,2f87861b03ecea25856ad5150316951d112e46c453f3802d30ca4bec5a968ec0,15199.8134765625,93.34573364257812,300,14,75,55,1346.7662048339844,285.9467468261719,75,7,0,10,3.1285133599303663,0.025290965335443616,3.1032223945949227,0.00664145709015429,0.37502661906182766,0.34606785071082413,2.0430044720415026,1.932976750889793
cec_f1_shifted,full,0.5,20263015,20264110,2f87861b03ecea25856ad5150316951d112e46c453f3802d30ca4bec5a968ec0,7215.1005859375,117.59646606445312,300,14,75,65,1967.4660339355469,533.0599365234375,75,7,0,10,3.1285133599303663,0.025290965335443616,3.1032223945949227,0.00664145709015429,0.37502661906182766,0.34606785071082413,2.0430044720415026,1.932976750889793
cec_f1_shifted,full,0.5,20263016,20264110,2f87861b03ecea25856ad5150316951d112e46c453f3802d30ca4bec5a968ec0,12152.8271484375,28.20702362060547,300,14,75,71,2329.1489334106445,782.1982421875,75,7,0,10,3.1285133599303663,0.025290965335443616,3.1032223945949227,0.00664145709015429,0.37502661906182766,0.34606785071082413,2.0430044720415026,1.932976750889793
cec_f1_shifted,full,0.5,20263017,20264110,2f87861b03ecea25856ad5150316951d112e46c453f3802d30ca4bec5a968ec0,12980.138671875,133.0751190185547,300,14,75,69,2388.0877227783203,750.4200439453125,75,7,0,10,3.1285133599303663,0.025290965335443616,3.1032223945949227,0.00664145709015429,0.37502661906182766,0.34606785071082413,2.0430044720415026,1.932976750889793
cec_f1_shifted,full,0.5,20263018,20264110,2f87861b03ecea25856ad5150316951d112e46c453f3802d30ca4bec5a968ec0,11748.7666015625,213.48443603515625,300,14,75,65,2100.7557983398438,543.3358154296875,75,7,0,10,3.1285133599303663,0.025290965335443616,3.1032223945949227,0.00664145709015429,0.37502661906182766,0.34606785071082413,2.0430044720415026,1.932976750889793
cec_f1_shifted,full,0.5,20263019,20264110,2f87861b03ecea25856ad5150316951d112e46c453f3802d30ca4bec5a968ec0,8879.845703125,9.988421440124512,300,14,75,56,1249.4007387161255,677.8745727539062,75,7,0,10,3.1285133599303663,0.025290965335443616,3.1032223945949227,0.00664145709015429,0.37502661906182766,0.34606785071082413,2.0430044720415026,1.932976750889793
cec_f1_shifted,full,0.3333333333333333,20263010,20264110,2f87861b03ecea25856ad5150316951d112e46c453f3802d30ca4bec5a968ec0,12738.8701171875,19.24342918395996,300,20,98,76,2189.999490737915,447.21044921875,100,10,0,10,3.424061495810747,0.028855414362624288,3.395206081448123,0.006093933712691069,0.34258415224030614,0.34163167560473084,2.394170351792127,2.26938555133529
cec_f1_shifted,full,0.3333333333333333,20263011,20264110,2f87861b03ecea25856ad5150316951d112e46c453f3802d30ca4bec5a968ec0,11143.30078125,0.17817839980125427,300,20,99,63,1010.1765579283237,266.79227447509766,100,10,0,10,3.424061495810747,0.028855414362624288,3.395206081448123,0.006093933712691069,0.34258415224030614,0.34163167560473084,2.394170351792127,2.26938555133529
cec_f1_shifted,full,0.3333333333333333,20263012,20264110,2f87861b03ecea25856ad5150316951d112e46c453f3802d30ca4bec5a968ec0,13869.802734375,10.137534141540527,300,20,98,76,2437.6781396865845,571.629150390625,100,10,0,10,3.424061495810747,0.028855414362624288,3.395206081448123,0.006093933712691069,0.34258415224030614,0.34163167560473084,2.394170351792127,2.26938555133529
cec_f1_shifted,full,0.3333333333333333,20263013,20264110,2f87861b03ecea25856ad5150316951d112e46c453f3802d30ca4bec5a968ec0,10361.947265625,0.3122308552265167,300,20,99,69,5178.9160406291485,4471.323059082031,100,10,0,10,3.424061495810747,0.028855414362624288,3.395206081448123,0.006093933712691069,0.34258415224030614,0.34163167560473084,2.394170351792127,2.26938555133529
cec_f1_shifted,full,0.3333333333333333,20263014,20264110,2f87861b03ecea25856ad5150316951d112e46c453f3802d30ca4bec5a968ec0,15199.8134765625,7.371425628662109,300,20,98,75,1432.7405128479004,437.80218505859375,100,10,0,10,3.424061495810747,0.028855414362624288,3.395206081448123,0.006093933712691069,0.34258415224030614,0.34163167560473084,2.394170351792127,2.26938555133529
cec_f1_shifted,full,0.3333333333333333,20263015,20264110,2f87861b03ecea25856ad5150316951d112e46c453f3802d30ca4bec5a968ec0,7215.1005859375,23.382099151611328,300,20,98,75,2061.6804008483887,561.9658203125,100,10,0,10,3.424061495810747,0.028855414362624288,3.395206081448123,0.006093933712691069,0.34258415224030614,0.34163167560473084,2.394170351792127,2.26938555133529
cec_f1_shifted,full,0.3333333333333333,20263016,20264110,2f87861b03ecea25856ad5150316951d112e46c453f3802d30ca4bec5a968ec0,12152.8271484375,5.512922286987305,300,20,98,75,2351.8430347442627,644.248291015625,100,10,0,10,3.424061495810747,0.028855414362624288,3.395206081448123,0.006093933712691069,0.34258415224030614,0.34163167560473084,2.394170351792127,2.26938555133529
cec_f1_shifted,full,0.3333333333333333,20263017,20264110,2f87861b03ecea25856ad5150316951d112e46c453f3802d30ca4bec5a968ec0,12980.138671875,3.3045079708099365,300,20,99,74,2517.858333826065,678.74169921875,100,10,0,10,3.424061495810747,0.028855414362624288,3.395206081448123,0.006093933712691069,0.34258415224030614,0.34163167560473084,2.394170351792127,2.26938555133529
cec_f1_shifted,full,0.3333333333333333,20263018,20264110,2f87861b03ecea25856ad5150316951d112e46c453f3802d30ca4bec5a968ec0,11748.7666015625,21.23396873474121,300,20,99,78,2293.006265640259,565.5966796875,100,10,0,10,3.424061495810747,0.028855414362624288,3.395206081448123,0.006093933712691069,0.34258415224030614,0.34163167560473084,2.394170351792127,2.26938555133529
cec_f1_shifted,full,0.3333333333333333,20263019,20264110,2f87861b03ecea25856ad5150316951d112e46c453f3802d30ca4bec5a968ec0,8879.845703125,0.8145111203193665,300,20,98,70,1258.5746490359306,518.1626586914062,100,10,0,10,3.424061495810747,0.028855414362624288,3.395206081448123,0.006093933712691069,0.34258415224030614,0.34163167560473084,2.394170351792127,2.26938555133529
cec_f1_shifted,full,0.7,20263020,20264120,02662893e0411805a4b1f9e0cc9528dac5394aeec6ffb46af5fba3bb0e59512e,10301.26953125,763.4091186523438,300,8,45,44,1320.1965942382812,277.2633056640625,45,4,0,10,2.8247655360028148,0.014254148583859205,2.8105113874189556,0.006495790323242545,0.37435397738590837,0.3282500470522791,1.8067484418861568,1.7142327316105366
cec_f1_shifted,full,0.7,20263021,20264120,02662893e0411805a4b1f9e0cc9528dac5394aeec6ffb46af5fba3bb0e59512e,11548.7861328125,1288.2926025390625,300,8,45,42,1528.0892333984375,391.609619140625,45,4,0,10,2.8247655360028148,0.014254148583859205,2.8105113874189556,0.006495790323242545,0.37435397738590837,0.3282500470522791,1.8067484418861568,1.7142327316105366
cec_f1_shifted,full,0.7,20263022,20264120,02662893e0411805a4b1f9e0cc9528dac5394aeec6ffb46af5fba3bb0e59512e,16419.92578125,1048.91845703125,300,8,45,42,1259.0205078125,335.0616455078125,45,4,0,10,2.8247655360028148,0.014254148583859205,2.8105113874189556,0.006495790323242545,0.37435397738590837,0.3282500470522791,1.8067484418861568,1.7142327316105366
cec_f1_shifted,full,0.7,20263023,20264120,02662893e0411805a4b1f9e0cc9528dac5394aeec6ffb46af5fba3bb0e59512e,7453.7236328125,1156.2080078125,300,8,45,43,2114.60009765625,902.830078125,45,4,0,10,2.8247655360028148,0.014254148583859205,2.8105113874189556,0.006495790323242545,0.37435397738590837,0.3282500470522791,1.8067484418861568,1.7142327316105366
cec_f1_shifted,full,0.7,20263024,20264120,02662893e0411805a4b1f9e0cc9528dac5394aeec6ffb46af5fba3bb0e59512e,9336.5439453125,364.1883239746094,300,8,45,30,756.5448303222656,280.55224609375,45,4,0,10,2.8247655360028148,0.014254148583859205,2.8105113874189556,0.006495790323242545,0.37435397738590837,0.3282500470522791,1.8067484418861568,1.7142327316105366
cec_f1_shifted,full,0.7,20263025,20264120,02662893e0411805a4b1f9e0cc9528dac5394aeec6ffb46af5fba3bb0e59512e,8273.740234375,1583.5853271484375,300,8,45,43,1715.2852783203125,385.447021484375,45,4,0,10,2.8247655360028148,0.014254148583859205,2.8105113874189556,0.006495790323242545,0.37435397738590837,0.3282500470522791,1.8067484418861568,1.7142327316105366
cec_f1_shifted,full,0.7,20263026,20264120,02662893e0411805a4b1f9e0cc9528dac5394aeec6ffb46af5fba3bb0e59512e,13583.671875,673.464111328125,300,8,45,42,1348.135986328125,341.02001953125,45,4,0,10,2.8247655360028148,0.014254148583859205,2.8105113874189556,0.006495790323242545,0.37435397738590837,0.3282500470522791,1.8067484418861568,1.7142327316105366
cec_f1_shifted,full,0.7,20263027,20264120,02662893e0411805a4b1f9e0cc9528dac5394aeec6ffb46af5fba3bb0e59512e,10612.646484375,1340.09326171875,300,8,45,43,1367.97119140625,242.59130859375,45,4,0,10,2.8247655360028148,0.014254148583859205,2.8105113874189556,0.006495790323242545,0.37435397738590837,0.3282500470522791,1.8067484418861568,1.7142327316105366
cec_f1_shifted,full,0.7,20263028,20264120,02662893e0411805a4b1f9e0cc9528dac5394aeec6ffb46af5fba3bb0e59512e,8214.431640625,289.5096740722656,300,8,45,42,1111.6807556152344,298.51531982421875,45,4,0,10,2.8247655360028148,0.014254148583859205,2.8105113874189556,0.006495790323242545,0.37435397738590837,0.3282500470522791,1.8067484418861568,1.7142327316105366
cec_f1_shifted,full,0.7,20263029,20264120,02662893e0411805a4b1f9e0cc9528dac5394aeec6ffb46af5fba3bb0e59512e,14095.09375,1079.55078125,300,8,45,44,2262.12841796875,878.5274658203125,45,4,0,10,2.8247655360028148,0.014254148583859205,2.8105113874189556,0.006495790323242545,0.37435397738590837,0.3282500470522791,1.8067484418861568,1.7142327316105366
cec_f1_shifted,full,0.5,20263020,20264120,02662893e0411805a4b1f9e0cc9528dac5394aeec6ffb46af5fba3bb0e59512e,10301.26953125,107.62032318115234,300,14,75,67,1975.9853897094727,367.4983215332031,75,7,0,10,3.1598283878993243,0.022184286965057254,3.137644100934267,0.005840222584083676,0.3694499428384006,0.3269078207667917,2.134377309586853,2.023097980534658
cec_f1_shifted,full,0.5,20263021,20264120,02662893e0411805a4b1f9e0cc9528dac5394aeec6ffb46af5fba3bb0e59512e,11548.7861328125,411.0177001953125,300,14,75,72,2405.3641357421875,468.5032958984375,75,7,0,10,3.1598283878993243,0.022184286965057254,3.137644100934267,0.005840222584083676,0.3694499428384006,0.3269078207667917,2.134377309586853,2.023097980534658
cec_f1_shifted,full,0.5,20263022,20264120,02662893e0411805a4b1f9e0cc9528dac5394aeec6ffb46af5fba3bb0e59512e,16419.92578125,94.0598373413086,300,14,75,69,2213.8791275024414,422.0321807861328,75,7,0,10,3.1598283878993243,0.022184286965057254,3.137644100934267,0.005840222584083676,0.3694499428384006,0.3269078207667917,2.134377309586853,2.023097980534658
cec_f1_shifted,full,0.5,20263023,20264120,02662893e0411805a4b1f9e0cc9528dac5394aeec6ffb46af5fba3bb0e59512e,7453.7236328125,283.3403625488281,300,14,75,72,2987.467742919922,789.654541015625,75,7,0,10,3.1598283878993243,0.022184286965057254,3.137644100934267,0.005840222584083676,0.3694499428384006,0.3269078207667917,2.134377309586853,2.023097980534658
cec_f1_shifted,full,0.5,20263024,20264120,02662893e0411805a4b1f9e0cc9528dac5394aeec6ffb46af5fba3bb0e59512e,9336.5439453125,50.5046272277832,300,14,75,57,1070.2285270690918,222.3607177734375,75,7,0,10,3.1598283878993243,0.022184286965057254,3.137644100934267,0.005840222584083676,0.3694499428384006,0.3269078207667917,2.134377309586853,2.023097980534658
cec_f1_shifted,full,0.5,20263025,20264120,02662893e0411805a4b1f9e0cc9528dac5394aeec6ffb46af5fba3bb0e59512e,8273.740234375,280.1305236816406,300,14,75,67,3018.7400817871094,987.111083984375,75,7,0,10,3.1598283878993243,0.022184286965057254,3.137644100934267,0.005840222584083676,0.3694499428384006,0.3269078207667917,2.134377309586853,2.023097980534658
cec_f1_shifted,full,0.5,20263026,20264120,02662893e0411805a4b1f9e0cc9528dac5394aeec6ffb46af5fba3bb0e59512e,13583.671875,77.55846405029297,300,14,75,68,1944.041633605957,711.0062866210938,75,7,0,10,3.1598283878993243,0.022184286965057254,3.137644100934267,0.005840222584083676,0.3694499428384006,0.3269078207667917,2.134377309586853,2.023097980534658
cec_f1_shifted,full,0.5,20263027,20264120,02662893e0411805a4b1f9e0cc9528dac5394aeec6ffb46af5fba3bb0e59512e,10612.646484375,229.3504180908203,300,14,75,69,2478.7140350341797,574.3804931640625,75,7,0,10,3.1598283878993243,0.022184286965057254,3.137644100934267,0.005840222584083676,0.3694499428384006,0.3269078207667917,2.134377309586853,2.023097980534658
cec_f1_shifted,full,0.5,20263028,20264120,02662893e0411805a4b1f9e0cc9528dac5394aeec6ffb46af5fba3bb0e59512e,8214.431640625,36.179290771484375,300,14,75,68,1365.0111389160156,251.14532470703125,75,7,0,10,3.1598283878993243,0.022184286965057254,3.137644100934267,0.005840222584083676,0.3694499428384006,0.3269078207667917,2.134377309586853,2.023097980534658
cec_f1_shifted,full,0.5,20263029,20264120,02662893e0411805a4b1f9e0cc9528dac5394aeec6ffb46af5fba3bb0e59512e,14095.09375,85.81415557861328,300,14,75,71,3255.8650436401367,1585.021240234375,75,7,0,10,3.1598283878993243,0.022184286965057254,3.137644100934267,0.005840222584083676,0.3694499428384006,0.3269078207667917,2.134377309586853,2.023097980534658
cec_f1_shifted,full,0.3333333333333333,20263020,20264120,02662893e0411805a4b1f9e0cc9528dac5394aeec6ffb46af5fba3bb0e59512e,10301.26953125,0.2882295548915863,300,20,98,65,2083.3174833357334,969.3748779296875,100,10,0,10,3.3734337149653584,0.029354178113862872,3.3440795368514955,0.0064848256297409534,0.3682398295495659,0.3193294277880341,2.3282920196652412,2.2043104404583573
cec_f1_shifted,full,0.3333333333333333,20263021,20264120,02662893e0411805a4b1f9e0cc9528dac5394aeec6ffb46af5fba3bb0e59512e,11548.7861328125,25.88197135925293,300,20,98,77,2790.499864578247,850.1962890625,100,10,0,10,3.3734337149653584,0.029354178113862872,3.3440795368514955,0.0064848256297409534,0.3682398295495659,0.3193294277880341,2.3282920196652412,2.2043104404583573
cec_f1_shifted,full,0.3333333333333333,20263022,20264120,02662893e0411805a4b1f9e0cc9528dac5394aeec6ffb46af5fba3bb0e59512e,16419.92578125,15.818949699401855,300,20,98,80,2292.120015144348,468.521728515625,100,10,0,10,3.3734337149653584,0.029354178113862872,3.3440795368514955,0.0064848256297409534,0.3682398295495659,0.3193294277880341,2.3282920196652412,2.2043104404583573
cec_f1_shifted,full,0.3333333333333333,20263023,20264120,02662893e0411805a4b1f9e0cc9528dac5394aeec6ffb46af5fba3bb0e59512e,7453.7236328125,64.39784240722656,300,20,98,85,3206.4102630615234,1264.2181396484375,100,10,0,10,3.3734337149653584,0.029354178113862872,3.3440795368514955,0.0064848256297409534,0.3682398295495659,0.3193294277880341,2.3282920196652412,2.2043104404583573
cec_f1_shifted,full,0.3333333333333333,20263024,20264120,02662893e0411805a4b1f9e0cc9528dac5394aeec6ffb46af5fba3bb0e59512e,9336.5439453125,1.1256070137023926,300,20,98,58,1119.6075472831726,446.43658447265625,100,10,0,10,3.3734337149653584,0.029354178113862872,3.3440795368514955,0.0064848256297409534,0.3682398295495659,0.3193294277880341,2.3282920196652412,2.2043104404583573
cec_f1_shifted,full,0.3333333333333333,20263025,20264120,02662893e0411805a4b1f9e0cc9528dac5394aeec6ffb46af5fba3bb0e59512e,8273.740234375,68.48860931396484,300,20,98,92,3230.381996154785,854.310546875,100,10,0,10,3.3734337149653584,0.029354178113862872,3.3440795368514955,0.0064848256297409534,0.3682398295495659,0.3193294277880341,2.3282920196652412,2.2043104404583573
cec_f1_shifted,full,0.3333333333333333,20263026,20264120,02662893e0411805a4b1f9e0cc9528dac5394aeec6ffb46af5fba3bb0e59512e,13583.671875,19.831912994384766,300,20,99,78,2001.7681846618652,492.4927978515625,100,10,0,10,3.3734337149653584,0.029354178113862872,3.3440795368514955,0.0064848256297409534,0.3682398295495659,0.3193294277880341,2.3282920196652412,2.2043104404583573
cec_f1_shifted,full,0.3333333333333333,20263027,20264120,02662893e0411805a4b1f9e0cc9528dac5394aeec6ffb46af5fba3bb0e59512e,10612.646484375,10.432820320129395,300,20,98,77,2697.6316328048706,1034.5618896484375,100,10,0,10,3.3734337149653584,0.029354178113862872,3.3440795368514955,0.0064848256297409534,0.3682398295495659,0.3193294277880341,2.3282920196652412,2.2043104404583573
cec_f1_shifted,full,0.3333333333333333,20263028,20264120,02662893e0411805a4b1f9e0cc9528dac5394aeec6ffb46af5fba3bb0e59512e,8214.431640625,0.694232165813446,300,20,98,74,1400.4961975216866,477.7098388671875,100,10,0,10,3.3734337149653584,0.029354178113862872,3.3440795368514955,0.0064848256297409534,0.3682398295495659,0.3193294277880341,2.3282920196652412,2.2043104404583573
cec_f1_shifted,full,0.3333333333333333,20263029,20264120,02662893e0411805a4b1f9e0cc9528dac5394aeec6ffb46af5fba3bb0e59512e,14095.09375,3.3438751697540283,300,20,98,75,3338.335324048996,1462.5255737304688,100,10,0,10,3.3734337149653584,0.029354178113862872,3.3440795368514955,0.0064848256297409534,0.3682398295495659,0.3193294277880341,2.3282920196652412,2.2043104404583573
cec_f3_shifted,full,0.9,20263000,20264300,fa7587d913a48a344293fda4719a445a86774197a0eca99e3e47b2f3739f208d,3446967808.0,102770336.0,300,2,15,7,103044720.0,91372752.0,15,1,0,10,2.371273461030796,0.006012303987517953,2.365261157043278,0.013783451868221164,0.3419719662051648,0.3337773811072111,1.4046067812014371,1.335672619054094
cec_f3_shifted,full,0.9,20263001,20264300,fa7587d913a48a344293fda4719a445a86774197a0eca99e3e47b2f3739f208d,1076320256.0,188815264.0,300,2,15,10,93822720.0,57097632.0,15,1,0,10,2.371273461030796,0.006012303987517953,2.365261157043278,0.013783451868221164,0.3419719662051648,0.3337773811072111,1.4046067812014371,1.335672619054094
cec_f3_shifted,full,0.9,20263002,20264300,fa7587d913a48a344293fda4719a445a86774197a0eca99e3e47b2f3739f208d,2374590208.0,292124320.0,300,2,15,2,34518016.0,34518016.0,15,1,0,10,2.371273461030796,0.006012303987517953,2.365261157043278,0.013783451868221164,0.3419719662051648,0.3337773811072111,1.4046067812014371,1.335672619054094
cec_f3_shifted,full,0.9,20263003,20264300,fa7587d913a48a344293fda4719a445a86774197a0eca99e3e47b2f3739f208d,2312781824.0,38709060.0,300,2,15,7,48280276.0,44406484.0,15,1,0,10,2.371273461030796,0.006012303987517953,2.365261157043278,0.013783451868221164,0.3419719662051648,0.3337773811072111,1.4046067812014371,1.335672619054094
cec_f3_shifted,full,0.9,20263004,20264300,fa7587d913a48a344293fda4719a445a86774197a0eca99e3e47b2f3739f208d,3676331008.0,56278444.0,300,2,15,3,13362892.0,13362892.0,15,1,0,10,2.371273461030796,0.006012303987517953,2.365261157043278,0.013783451868221164,0.3419719662051648,0.3337773811072111,1.4046067812014371,1.335672619054094
cec_f3_shifted,full,0.9,20263005,20264300,fa7587d913a48a344293fda4719a445a86774197a0eca99e3e47b2f3739f208d,3752744960.0,77789224.0,300,2,15,9,76105192.0,61942240.0,15,1,0,10,2.371273461030796,0.006012303987517953,2.365261157043278,0.013783451868221164,0.3419719662051648,0.3337773811072111,1.4046067812014371,1.335672619054094
cec_f3_shifted,full,0.9,20263006,20264300,fa7587d913a48a344293fda4719a445a86774197a0eca99e3e47b2f3739f208d,1756508928.0,35989796.0,300,2,15,6,6260544.0,5093216.0,15,1,0,10,2.371273461030796,0.006012303987517953,2.365261157043278,0.013783451868221164,0.3419719662051648,0.3337773811072111,1.4046067812014371,1.335672619054094
cec_f3_shifted,full,0.9,20263007,20264300,fa7587d913a48a344293fda4719a445a86774197a0eca99e3e47b2f3739f208d,4450109440.0,62100488.0,300,2,15,8,20569392.0,12944716.0,15,1,0,10,2.371273461030796,0.006012303987517953,2.365261157043278,0.013783451868221164,0.3419719662051648,0.3337773811072111,1.4046067812014371,1.335672619054094
cec_f3_shifted,full,0.9,20263008,20264300,fa7587d913a48a344293fda4719a445a86774197a0eca99e3e47b2f3739f208d,3336869632.0,25698608.0,300,2,15,9,8694540.0,5784436.0,15,1,0,10,2.371273461030796,0.006012303987517953,2.365261157043278,0.013783451868221164,0.3419719662051648,0.3337773811072111,1.4046067812014371,1.335672619054094
cec_f3_shifted,full,0.9,20263009,20264300,fa7587d913a48a344293fda4719a445a86774197a0eca99e3e47b2f3739f208d,2500954880.0,77749072.0,300,2,15,7,37180008.0,27686840.0,15,1,0,10,2.371273461030796,0.006012303987517953,2.365261157043278,0.013783451868221164,0.3419719662051648,0.3337773811072111,1.4046067812014371,1.335672619054094
cec_f3_shifted,full,0.7,20263000,20264300,fa7587d913a48a344293fda4719a445a86774197a0eca99e3e47b2f3739f208d,3446967808.0,41276420.0,300,8,45,21,164538636.0,120587944.0,45,4,0,10,2.8077148511074483,0.012653215555474162,2.795061635551974,0.012584639247506857,0.3716565757058561,0.32548193191178143,1.8039426126051694,1.7129068167414516
cec_f3_shifted,full,0.7,20263001,20264300,fa7587d913a48a344293fda4719a445a86774197a0eca99e3e47b2f3739f208d,1076320256.0,58496044.0,300,8,45,33,224141940.0,59752544.0,45,4,0,10,2.8077148511074483,0.012653215555474162,2.795061635551974,0.012584639247506857,0.3716565757058561,0.32548193191178143,1.8039426126051694,1.7129068167414516
cec_f3_shifted,full,0.7,20263002,20264300,fa7587d913a48a344293fda4719a445a86774197a0eca99e3e47b2f3739f208d,2374590208.0,120241648.0,300,8,45,31,206400688.0,118957104.0,45,4,0,10,2.8077148511074483,0.012653215555474162,2.795061635551974,0.012584639247506857,0.3716565757058561,0.32548193191178143,1.8039426126051694,1.7129068167414516
cec_f3_shifted,full,0.7,20263003,20264300,fa7587d913a48a344293fda4719a445a86774197a0eca99e3e47b2f3739f208d,2312781824.0,17091682.0,300,8,45,20,69897654.0,45261202.0,45,4,0,10,2.8077148511074483,0.012653215555474162,2.795061635551974,0.012584639247506857,0.3716565757058561,0.32548193191178143,1.8039426126051694,1.7129068167414516
cec_f3_shifted,full,0.7,20263004,20264300,fa7587d913a48a344293fda4719a445a86774197a0eca99e3e47b2f3739f208d,3676331008.0,36491720.0,300,8,45,12,33149616.0,17452416.0,45,4,0,10,2.8077148511074483,0.012653215555474162,2.795061635551974,0.012584639247506857,0.3716565757058561,0.32548193191178143,1.8039426126051694,1.7129068167414516
cec_f3_shifted,full,0.7,20263005,20264300,fa7587d913a48a344293fda4719a445a86774197a0eca99e3e47b2f3739f208d,3752744960.0,48656488.0,300,8,45,15,105237928.0,71316808.0,45,4,0,10,2.8077148511074483,0.012653215555474162,2.795061635551974,0.012584639247506857,0.3716565757058561,0.32548193191178143,1.8039426126051694,1.7129068167414516
cec_f3_shifted,full,0.7,20263006,20264300,fa7587d913a48a344293fda4719a445a86774197a0eca99e3e47b2f3739f208d,1756508928.0,19254848.0,300,8,45,16,22995492.0,10775860.0,45,4,0,10,2.8077148511074483,0.012653215555474162,2.795061635551974,0.012584639247506857,0.3716565757058561,0.32548193191178143,1.8039426126051694,1.7129068167414516
cec_f3_shifted,full,0.7,20263007,20264300,fa7587d913a48a344293fda4719a445a86774197a0eca99e3e47b2f3739f208d,4450109440.0,35308492.0,300,8,45,22,47361388.0,20473636.0,45,4,0,10,2.8077148511074483,0.012653215555474162,2.795061635551974,0.012584639247506857,0.3716565757058561,0.32548193191178143,1.8039426126051694,1.7129068167414516
cec_f3_shifted,full,0.7,20263008,20264300,fa7587d913a48a344293fda4719a445a86774197a0eca99e3e47b2f3739f208d,3336869632.0,16114491.0,300,8,45,9,18278657.0,13905503.0,45,4,0,10,2.8077148511074483,0.012653215555474162,2.795061635551974,0.012584639247506857,0.3716565757058561,0.32548193191178143,1.8039426126051694,1.7129068167414516
cec_f3_shifted,full,0.7,20263009,20264300,fa7587d913a48a344293fda4719a445a86774197a0eca99e3e47b2f3739f208d,2500954880.0,58126120.0,300,8,45,14,56802960.0,25976200.0,45,4,0,10,2.8077148511074483,0.012653215555474162,2.795061635551974,0.012584639247506857,0.3716565757058561,0.32548193191178143,1.8039426126051694,1.7129068167414516
cec_f3_shifted,full,0.3333333333333333,20263000,20264300,fa7587d913a48a344293fda4719a445a86774197a0eca99e3e47b2f3739f208d,3446967808.0,11619640.0,300,20,99,26,194195416.0,93975312.0,100,10,0,10,3.2371403558645397,0.027962591033428907,3.209177764831111,0.011022207560017705,0.33694415632635355,0.31489338260143995,2.2477463302202523,2.1301949662156403
cec_f3_shifted,full,0.3333333333333333,20263001,20264300,fa7587d913a48a344293fda4719a445a86774197a0eca99e3e47b2f3739f208d,1076320256.0,3390132.25,300,20,99,19,279247851.75,246137738.0,100,10,0,10,3.2371403558645397,0.027962591033428907,3.209177764831111,0.011022207560017705,0.33694415632635355,0.31489338260143995,2.2477463302202523,2.1301949662156403
cec_f3_shifted,full,0.3333333333333333,20263002,20264300,fa7587d913a48a344293fda4719a445a86774197a0eca99e3e47b2f3739f208d,2374590208.0,5896621.5,300,20,98,24,320745714.5,124150232.0,100,10,0,10,3.2371403558645397,0.027962591033428907,3.209177764831111,0.011022207560017705,0.33694415632635355,0.31489338260143995,2.2477463302202523,2.1301949662156403
cec_f3_shifted,full,0.3333333333333333,20263003,20264300,fa7587d913a48a344293fda4719a445a86774197a0eca99e3e47b2f3739f208d,2312781824.0,452357.15625,300,20,98,24,86536978.84375,47133796.0,100,10,0,10,3.2371403558645397,0.027962591033428907,3.209177764831111,0.011022207560017705,0.33694415632635355,0.31489338260143995,2.2477463302202523,2.1301949662156403
cec_f3_shifted,full,0.3333333333333333,20263004,20264300,fa7587d913a48a344293fda4719a445a86774197a0eca99e3e47b2f3739f208d,3676331008.0,2048337.0,300,20,99,5,67592999.0,64509970.0,100,10,0,10,3.2371403558645397,0.027962591033428907,3.209177764831111,0.011022207560017705,0.33694415632635355,0.31489338260143995,2.2477463302202523,2.1301949662156403
cec_f3_shifted,full,0.3333333333333333,20263005,20264300,fa7587d913a48a344293fda4719a445a86774197a0eca99e3e47b2f3739f208d,3752744960.0,3519210.25,300,20,97,23,150375205.75,97692690.0,100,10,0,10,3.2371403558645397,0.027962591033428907,3.209177764831111,0.011022207560017705,0.33694415632635355,0.31489338260143995,2.2477463302202523,2.1301949662156403
cec_f3_shifted,full,0.3333333333333333,20263006,20264300,fa7587d913a48a344293fda4719a445a86774197a0eca99e3e47b2f3739f208d,1756508928.0,12009450.0,300,20,88,11,30240890.0,25021240.0,100,10,0,10,3.2371403558645397,0.027962591033428907,3.209177764831111,0.011022207560017705,0.33694415632635355,0.31489338260143995,2.2477463302202523,2.1301949662156403
cec_f3_shifted,full,0.3333333333333333,20263007,20264300,fa7587d913a48a344293fda4719a445a86774197a0eca99e3e47b2f3739f208d,4450109440.0,3902754.75,300,20,87,14,78767125.25,45992733.5,100,10,0,10,3.2371403558645397,0.027962591033428907,3.209177764831111,0.011022207560017705,0.33694415632635355,0.31489338260143995,2.2477463302202523,2.1301949662156403
cec_f3_shifted,full,0.3333333333333333,20263008,20264300,fa7587d913a48a344293fda4719a445a86774197a0eca99e3e47b2f3739f208d,3336869632.0,4799195.0,300,20,98,9,29593953.0,20049985.5,100,10,0,10,3.2371403558645397,0.027962591033428907,3.209177764831111,0.011022207560017705,0.33694415632635355,0.31489338260143995,2.2477463302202523,2.1301949662156403
cec_f3_shifted,full,0.3333333333333333,20263009,20264300,fa7587d913a48a344293fda4719a445a86774197a0eca99e3e47b2f3739f208d,2500954880.0,12489184.0,300,20,98,17,102439896.0,41669305.0,100,10,0,10,3.2371403558645397,0.027962591033428907,3.209177764831111,0.011022207560017705,0.33694415632635355,0.31489338260143995,2.2477463302202523,2.1301949662156403
cec_f3_shifted,full,0.5,20263000,20264300,fa7587d913a48a344293fda4719a445a86774197a0eca99e3e47b2f3739f208d,3446967808.0,12580268.0,300,14,75,17,193234788.0,167499998.0,75,7,0,10,3.0360226270277053,0.020304173696786165,3.015718453330919,0.01068485900759697,0.3491510348394513,0.3307898184284568,2.048316633095965,1.9420933215878904
cec_f3_shifted,full,0.5,20263001,20264300,fa7587d913a48a344293fda4719a445a86774197a0eca99e3e47b2f3739f208d,1076320256.0,17532836.0,300,14,75,20,265105148.0,216153492.0,75,7,0,10,3.0360226270277053,0.020304173696786165,3.015718453330919,0.01068485900759697,0.3491510348394513,0.3307898184284568,2.048316633095965,1.9420933215878904
cec_f3_shifted,full,0.5,20263002,20264300,fa7587d913a48a344293fda4719a445a86774197a0eca99e3e47b2f3739f208d,2374590208.0,11197734.0,300,14,75,26,315444602.0,138971120.0,75,7,0,10,3.0360226270277053,0.020304173696786165,3.015718453330919,0.01068485900759697,0.3491510348394513,0.3307898184284568,2.048316633095965,1.9420933215878904
cec_f3_shifted,full,0.5,20263003,20264300,fa7587d913a48a344293fda4719a445a86774197a0eca99e3e47b2f3739f208d,2312781824.0,2693372.0,300,14,75,28,84295964.0,44533120.5,75,7,0,10,3.0360226270277053,0.020304173696786165,3.015718453330919,0.01068485900759697,0.3491510348394513,0.3307898184284568,2.048316633095965,1.9420933215878904
cec_f3_shifted,full,0.5,20263004,20264300,fa7587d913a48a344293fda4719a445a86774197a0eca99e3e47b2f3739f208d,3676331008.0,7579143.5,300,14,75,8,62062192.5,37152070.5,75,7,0,10,3.0360226270277053,0.020304173696786165,3.015718453330919,0.01068485900759697,0.3491510348394513,0.3307898184284568,2.048316633095965,1.9420933215878904
cec_f3_shifted,full,0.5,20263005,20264300,fa7587d913a48a344293fda4719a445a86774197a0eca99e3e47b2f3739f208d,3752744960.0,3735633.25,300,14,75,12,150158782.75,91811772.0,75,7,0,10,3.0360226270277053,0.020304173696786165,3.015718453330919,0.01068485900759697,0.3491510348394513,0.3307898184284568,2.048316633095965,1.9420933215878904
cec_f3_shifted,full,0.5,20263006,20264300,fa7587d913a48a344293fda4719a445a86774197a0eca99e3e47b2f3739f208d,1756508928.0,2411147.75,300,14,75,9,39839192.25,27014638.25,75,7,0,10,3.0360226270277053,0.020304173696786165,3.015718453330919,0.01068485900759697,0.3491510348394513,0.3307898184284568,2.048316633095965,1.9420933215878904
cec_f3_shifted,full,0.5,20263007,20264300,fa7587d913a48a344293fda4719a445a86774197a0eca99e3e47b2f3739f208d,4450109440.0,10558755.0,300,14,75,5,72111125.0,60037853.0,75,7,0,10,3.0360226270277053,0.020304173696786165,3.015718453330919,0.01068485900759697,0.3491510348394513,0.3307898184284568,2.048316633095965,1.9420933215878904
cec_f3_shifted,full,0.5,20263008,20264300,fa7587d913a48a344293fda4719a445a86774197a0eca99e3e47b2f3739f208d,3336869632.0,2366451.25,300,14,75,18,32026696.75,15614370.75,75,7,0,10,3.0360226270277053,0.020304173696786165,3.015718453330919,0.01068485900759697,0.3491510348394513,0.3307898184284568,2.048316633095965,1.9420933215878904
cec_f3_shifted,full,0.5,20263009,20264300,fa7587d913a48a344293fda4719a445a86774197a0eca99e3e47b2f3739f208d,2500954880.0,9359078.0,300,14,74,20,105570002.0,59070648.0,75,7,0,10,3.0360226270277053,0.020304173696786165,3.015718453330919,0.01068485900759697,0.3491510348394513,0.3307898184284568,2.048316633095965,1.9420933215878904
cec_f3_shifted,full,0.9,20263010,20264310,2f87861b03ecea25856ad5150316951d112e46c453f3802d30ca4bec5a968ec0,2866048000.0,38949792.0,300,2,15,11,30957208.0,19111124.0,15,1,0,10,2.2166671650484204,0.003838594537228346,2.212828570511192,0.012392570497468114,0.3280810881406069,0.31306414562277496,1.3093928925227374,1.2426854229997844
cec_f3_shifted,full,0.9,20263011,20264310,2f87861b03ecea25856ad5150316951d112e46c453f3802d30ca4bec5a968ec0,1620752384.0,46130252.0,300,2,15,12,106226036.0,85728572.0,15,1,0,10,2.2166671650484204,0.003838594537228346,2.212828570511192,0.012392570497468114,0.3280810881406069,0.31306414562277496,1.3093928925227374,1.2426854229997844
cec_f3_shifted,full,0.9,20263012,20264310,2f87861b03ecea25856ad5150316951d112e46c453f3802d30ca4bec5a968ec0,2460722688.0,62337532.0,300,2,15,8,24916604.0,19409784.0,15,1,0,10,2.2166671650484204,0.003838594537228346,2.212828570511192,0.012392570497468114,0.3280810881406069,0.31306414562277496,1.3093928925227374,1.2426854229997844
cec_f3_shifted,full,0.9,20263013,20264310,2f87861b03ecea25856ad5150316951d112e46c453f3802d30ca4bec5a968ec0,1925603456.0,133253904.0,300,2,15,9,46155248.0,31940752.0,15,1,0,10,2.2166671650484204,0.003838594537228346,2.212828570511192,0.012392570497468114,0.3280810881406069,0.31306414562277496,1.3093928925227374,1.2426854229997844
cec_f3_shifted,full,0.9,20263014,20264310,2f87861b03ecea25856ad5150316951d112e46c453f3802d30ca4bec5a968ec0,3698001152.0,215442160.0,300,2,15,8,51867024.0,32312544.0,15,1,0,10,2.2166671650484204,0.003838594537228346,2.212828570511192,0.012392570497468114,0.3280810881406069,0.31306414562277496,1.3093928925227374,1.2426854229997844
cec_f3_shifted,full,0.9,20263015,20264310,2f87861b03ecea25856ad5150316951d112e46c453f3802d30ca4bec5a968ec0,2487962624.0,67879472.0,300,2,15,8,41381472.0,30655464.0,15,1,0,10,2.2166671650484204,0.003838594537228346,2.212828570511192,0.012392570497468114,0.3280810881406069,0.31306414562277496,1.3093928925227374,1.2426854229997844
cec_f3_shifted,full,0.9,20263016,20264310,2f87861b03ecea25856ad5150316951d112e46c453f3802d30ca4bec5a968ec0,2898545408.0,64276000.0,300,2,15,10,33885024.0,21397088.0,15,1,0,10,2.2166671650484204,0.003838594537228346,2.212828570511192,0.012392570497468114,0.3280810881406069,0.31306414562277496,1.3093928925227374,1.2426854229997844
cec_f3_shifted,full,0.9,20263017,20264310,2f87861b03ecea25856ad5150316951d112e46c453f3802d30ca4bec5a968ec0,5456739328.0,98098040.0,300,2,15,5,46106616.0,39843648.0,15,1,0,10,2.2166671650484204,0.003838594537228346,2.212828570511192,0.012392570497468114,0.3280810881406069,0.31306414562277496,1.3093928925227374,1.2426854229997844
cec_f3_shifted,full,0.9,20263018,20264310,2f87861b03ecea25856ad5150316951d112e46c453f3802d30ca4bec5a968ec0,2753827072.0,45836456.0,300,2,15,2,3890712.0,3890712.0,15,1,0,10,2.2166671650484204,0.003838594537228346,2.212828570511192,0.012392570497468114,0.3280810881406069,0.31306414562277496,1.3093928925227374,1.2426854229997844
cec_f3_shifted,full,0.9,20263019,20264310,2f87861b03ecea25856ad5150316951d112e46c453f3802d30ca4bec5a968ec0,3514087680.0,107230808.0,300,2,15,1,884600.0,884600.0,15,1,0,10,2.2166671650484204,0.003838594537228346,2.212828570511192,0.012392570497468114,0.3280810881406069,0.31306414562277496,1.3093928925227374,1.2426854229997844
cec_f3_shifted,full,0.7,20263010,20264310,2f87861b03ecea25856ad5150316951d112e46c453f3802d30ca4bec5a968ec0,2866048000.0,12825425.0,300,8,45,25,57081575.0,24590289.0,45,4,0,10,2.669455965049565,0.012607988668605685,2.656847976380959,0.011868483386933804,0.35854391125030816,0.30879158922471106,1.7105709938332438,1.6212114633526653
cec_f3_shifted,full,0.7,20263011,20264310,2f87861b03ecea25856ad5150316951d112e46c453f3802d30ca4bec5a968ec0,1620752384.0,24910332.0,300,8,45,13,127445956.0,99458628.0,45,4,0,10,2.669455965049565,0.012607988668605685,2.656847976380959,0.011868483386933804,0.35854391125030816,0.30879158922471106,1.7105709938332438,1.6212114633526653
cec_f3_shifted,full,0.7,20263012,20264310,2f87861b03ecea25856ad5150316951d112e46c453f3802d30ca4bec5a968ec0,2460722688.0,24502714.0,300,8,45,20,62751422.0,31572324.0,45,4,0,10,2.669455965049565,0.012607988668605685,2.656847976380959,0.011868483386933804,0.35854391125030816,0.30879158922471106,1.7105709938332438,1.6212114633526653
cec_f3_shifted,full,0.7,20263013,20264310,2f87861b03ecea25856ad5150316951d112e46c453f3802d30ca4bec5a968ec0,1925603456.0,50899296.0,300,8,45,33,128509856.0,42147096.0,45,4,0,10,2.669455965049565,0.012607988668605685,2.656847976380959,0.011868483386933804,0.35854391125030816,0.30879158922471106,1.7105709938332438,1.6212114633526653
cec_f3_shifted,full,0.7,20263014,20264310,2f87861b03ecea25856ad5150316951d112e46c453f3802d30ca4bec5a968ec0,3698001152.0,45160556.0,300,8,45,33,222148628.0,147590168.0,45,4,0,10,2.669455965049565,0.012607988668605685,2.656847976380959,0.011868483386933804,0.35854391125030816,0.30879158922471106,1.7105709938332438,1.6212114633526653
cec_f3_shifted,full,0.7,20263015,20264310,2f87861b03ecea25856ad5150316951d112e46c453f3802d30ca4bec5a968ec0,2487962624.0,57028112.0,300,8,45,15,52232832.0,23595656.0,45,4,0,10,2.669455965049565,0.012607988668605685,2.656847976380959,0.011868483386933804,0.35854391125030816,0.30879158922471106,1.7105709938332438,1.6212114633526653
cec_f3_shifted,full,0.7,20263016,20264310,2f87861b03ecea25856ad5150316951d112e46c453f3802d30ca4bec5a968ec0,2898545408.0,17898600.0,300,8,45,24,80262424.0,43709066.0,45,4,0,10,2.669455965049565,0.012607988668605685,2.656847976380959,0.011868483386933804,0.35854391125030816,0.30879158922471106,1.7105709938332438,1.6212114633526653
cec_f3_shifted,full,0.7,20263017,20264310,2f87861b03ecea25856ad5150316951d112e46c453f3802d30ca4bec5a968ec0,5456739328.0,39615264.0,300,8,45,15,104589392.0,64851308.0,45,4,0,10,2.669455965049565,0.012607988668605685,2.656847976380959,0.011868483386933804,0.35854391125030816,0.30879158922471106,1.7105709938332438,1.6212114633526653
cec_f3_shifted,full,0.7,20263018,20264310,2f87861b03ecea25856ad5150316951d112e46c453f3802d30ca4bec5a968ec0,2753827072.0,41053972.0,300,8,45,9,8673196.0,5266604.0,45,4,0,10,2.669455965049565,0.012607988668605685,2.656847976380959,0.011868483386933804,0.35854391125030816,0.30879158922471106,1.7105709938332438,1.6212114633526653
cec_f3_shifted,full,0.7,20263019,20264310,2f87861b03ecea25856ad5150316951d112e46c453f3802d30ca4bec5a968ec0,3514087680.0,47704820.0,300,8,45,21,60410588.0,28717624.0,45,4,0,10,2.669455965049565,0.012607988668605685,2.656847976380959,0.011868483386933804,0.35854391125030816,0.30879158922471106,1.7105709938332438,1.6212114633526653
cec_f3_shifted,full,0.5,20263010,20264310,2f87861b03ecea25856ad5150316951d112e46c453f3802d30ca4bec5a968ec0,2866048000.0,9570109.0,300,14,74,20,60336891.0,41107138.0,75,7,0,10,2.9938001360278577,0.021778208436444402,2.9720219275914133,0.011164023540914059,0.3588411081582308,0.3324304725974798,1.9754514298401773,1.868744338164106
cec_f3_shifted,full,0.5,20263011,20264310,2f87861b03ecea25856ad5150316951d112e46c453f3802d30ca4bec5a968ec0,1620752384.0,29068468.0,300,14,75,22,123287820.0,81162668.0,75,7,0,10,2.9938001360278577,0.021778208436444402,2.9720219275914133,0.011164023540914059,0.3588411081582308,0.3324304725974798,1.9754514298401773,1.868744338164106
cec_f3_shifted,full,0.5,20263012,20264310,2f87861b03ecea25856ad5150316951d112e46c453f3802d30ca4bec5a968ec0,2460722688.0,6573866.0,300,14,66,27,80680270.0,39395704.0,75,7,0,10,2.9938001360278577,0.021778208436444402,2.9720219275914133,0.011164023540914059,0.3588411081582308,0.3324304725974798,1.9754514298401773,1.868744338164106
cec_f3_shifted,full,0.5,20263013,20264310,2f87861b03ecea25856ad5150316951d112e46c453f3802d30ca4bec5a968ec0,1925603456.0,10846137.0,300,14,75,23,168563015.0,116956152.0,75,7,0,10,2.9938001360278577,0.021778208436444402,2.9720219275914133,0.011164023540914059,0.3588411081582308,0.3324304725974798,1.9754514298401773,1.868744338164106
cec_f3_shifted,full,0.5,20263014,20264310,2f87861b03ecea25856ad5150316951d112e46c453f3802d30ca4bec5a968ec0,3698001152.0,9473091.0,300,14,75,18,257836093.0,217680884.0,75,7,0,10,2.9938001360278577,0.021778208436444402,2.9720219275914133,0.011164023540914059,0.3588411081582308,0.3324304725974798,1.9754514298401773,1.868744338164106
cec_f3_shifted,full,0.5,20263015,20264310,2f87861b03ecea25856ad5150316951d112e46c453f3802d30ca4bec5a968ec0,2487962624.0,33995484.0,300,14,75,13,75265460.0,63003700.0,75,7,0,10,2.9938001360278577,0.021778208436444402,2.9720219275914133,0.011164023540914059,0.3588411081582308,0.3324304725974798,1.9754514298401773,1.868744338164106
cec_f3_shifted,full,0.5,20263016,20264310,2f87861b03ecea25856ad5150316951d112e46c453f3802d30ca4bec5a968ec0,2898545408.0,3010019.0,300,14,75,13,95151005.0,81326472.0,75,7,0,10,2.9938001360278577,0.021778208436444402,2.9720219275914133,0.011164023540914059,0.3588411081582308,0.3324304725974798,1.9754514298401773,1.868744338164106
cec_f3_shifted,full,0.5,20263017,20264310,2f87861b03ecea25856ad5150316951d112e46c453f3802d30ca4bec5a968ec0,5456739328.0,16585395.0,300,14,75,24,127619261.0,92055420.0,75,7,0,10,2.9938001360278577,0.021778208436444402,2.9720219275914133,0.011164023540914059,0.3588411081582308,0.3324304725974798,1.9754514298401773,1.868744338164106
cec_f3_shifted,full,0.5,20263018,20264310,2f87861b03ecea25856ad5150316951d112e46c453f3802d30ca4bec5a968ec0,2753827072.0,1117806.25,300,14,75,7,48609361.75,43086075.75,75,7,0,10,2.9938001360278577,0.021778208436444402,2.9720219275914133,0.011164023540914059,0.3588411081582308,0.3324304725974798,1.9754514298401773,1.868744338164106
cec_f3_shifted,full,0.5,20263019,20264310,2f87861b03ecea25856ad5150316951d112e46c453f3802d30ca4bec5a968ec0,3514087680.0,7636872.5,300,14,75,36,100478535.5,65884132.0,75,7,0,10,2.9938001360278577,0.021778208436444402,2.9720219275914133,0.011164023540914059,0.3588411081582308,0.3324304725974798,1.9754514298401773,1.868744338164106
cec_f3_shifted,full,0.3333333333333333,20263010,20264310,2f87861b03ecea25856ad5150316951d112e46c453f3802d30ca4bec5a968ec0,2866048000.0,7306556.5,300,20,92,20,62600443.5,36642722.0,100,10,0,10,3.468314273050055,0.028648043517023325,3.4396662295330316,0.01155229122377932,0.35393237066455185,0.3233866060618311,2.4490500336978585,2.3291736075188965
cec_f3_shifted,full,0.3333333333333333,20263011,20264310,2f87861b03ecea25856ad5150316951d112e46c453f3802d30ca4bec5a968ec0,1620752384.0,30669786.0,300,20,99,16,121686502.0,81899268.0,100,10,0,10,3.468314273050055,0.028648043517023325,3.4396662295330316,0.01155229122377932,0.35393237066455185,0.3233866060618311,2.4490500336978585,2.3291736075188965
cec_f3_shifted,full,0.3333333333333333,20263012,20264310,2f87861b03ecea25856ad5150316951d112e46c453f3802d30ca4bec5a968ec0,2460722688.0,11767398.0,300,20,79,14,75486738.0,60802442.0,100,10,0,10,3.468314273050055,0.028648043517023325,3.4396662295330316,0.01155229122377932,0.35393237066455185,0.3233866060618311,2.4490500336978585,2.3291736075188965
cec_f3_shifted,full,0.3333333333333333,20263013,20264310,2f87861b03ecea25856ad5150316951d112e46c453f3802d30ca4bec5a968ec0,1925603456.0,2057285.125,300,20,97,26,177351866.875,116186909.0,100,10,0,10,3.468314273050055,0.028648043517023325,3.4396662295330316,0.01155229122377932,0.35393237066455185,0.3233866060618311,2.4490500336978585,2.3291736075188965
cec_f3_shifted,full,0.3333333333333333,20263014,20264310,2f87861b03ecea25856ad5150316951d112e46c453f3802d30ca4bec5a968ec0,3698001152.0,13779560.0,300,20,99,18,812483224.0,754395960.0,100,10,0,10,3.468314273050055,0.028648043517023325,3.4396662295330316,0.01155229122377932,0.35393237066455185,0.3233866060618311,2.4490500336978585,2.3291736075188965
cec_f3_shifted,full,0.3333333333333333,20263015,20264310,2f87861b03ecea25856ad5150316951d112e46c453f3802d30ca4bec5a968ec0,2487962624.0,7391445.0,300,20,97,20,101869499.0,62185914.0,100,10,0,10,3.468314273050055,0.028648043517023325,3.4396662295330316,0.01155229122377932,0.35393237066455185,0.3233866060618311,2.4490500336978585,2.3291736075188965
cec_f3_shifted,full,0.3333333333333333,20263016,20264310,2f87861b03ecea25856ad5150316951d112e46c453f3802d30ca4bec5a968ec0,2898545408.0,1540483.625,300,20,99,10,96620540.375,63560652.0,100,10,0,10,3.468314273050055,0.028648043517023325,3.4396662295330316,0.01155229122377932,0.35393237066455185,0.3233866060618311,2.4490500336978585,2.3291736075188965
cec_f3_shifted,full,0.3333333333333333,20263017,20264310,2f87861b03ecea25856ad5150316951d112e46c453f3802d30ca4bec5a968ec0,5456739328.0,8405224.0,300,20,98,34,135799432.0,47538646.0,100,10,0,10,3.468314273050055,0.028648043517023325,3.4396662295330316,0.01155229122377932,0.35393237066455185,0.3233866060618311,2.4490500336978585,2.3291736075188965
cec_f3_shifted,full,0.3333333333333333,20263018,20264310,2f87861b03ecea25856ad5150316951d112e46c453f3802d30ca4bec5a968ec0,2753827072.0,5087784.0,300,20,90,9,44639384.0,39822455.5,100,10,0,10,3.468314273050055,0.028648043517023325,3.4396662295330316,0.01155229122377932,0.35393237066455185,0.3233866060618311,2.4490500336978585,2.3291736075188965
cec_f3_shifted,full,0.3333333333333333,20263019,20264310,2f87861b03ecea25856ad5150316951d112e46c453f3802d30ca4bec5a968ec0,3514087680.0,4924631.0,300,20,98,25,103190777.0,59457820.0,100,10,0,10,3.468314273050055,0.028648043517023325,3.4396662295330316,0.01155229122377932,0.35393237066455185,0.3233866060618311,2.4490500336978585,2.3291736075188965
cec_f3_shifted,full,0.9,20263020,20264320,02662893e0411805a4b1f9e0cc9528dac5394aeec6ffb46af5fba3bb0e59512e,1145940096.0,24602698.0,300,2,15,7,8286122.0,5894748.0,15,1,0,10,2.386011889204383,0.004614902660250664,2.3813969865441322,0.012953938217833638,0.38054240960627794,0.33081856719218194,1.383742047706619,1.3081521727144718
cec_f3_shifted,full,0.9,20263021,20264320,02662893e0411805a4b1f9e0cc9528dac5394aeec6ffb46af5fba3bb0e59512e,710900928.0,52005276.0,300,2,15,1,589932.0,589932.0,15,1,0,10,2.386011889204383,0.004614902660250664,2.3813969865441322,0.012953938217833638,0.38054240960627794,0.33081856719218194,1.383742047706619,1.3081521727144718
cec_f3_shifted,full,0.9,20263022,20264320,02662893e0411805a4b1f9e0cc9528dac5394aeec6ffb46af5fba3bb0e59512e,5335130112.0,154285328.0,300,2,15,7,12881264.0,9964848.0,15,1,0,10,2.386011889204383,0.004614902660250664,2.3813969865441322,0.012953938217833638,0.38054240960627794,0.33081856719218194,1.383742047706619,1.3081521727144718
cec_f3_shifted,full,0.9,20263023,20264320,02662893e0411805a4b1f9e0cc9528dac5394aeec6ffb46af5fba3bb0e59512e,1745539072.0,25970252.0,300,2,15,5,5470164.0,5261350.0,15,1,0,10,2.386011889204383,0.004614902660250664,2.3813969865441322,0.012953938217833638,0.38054240960627794,0.33081856719218194,1.383742047706619,1.3081521727144718
cec_f3_shifted,full,0.9,20263024,20264320,02662893e0411805a4b1f9e0cc9528dac5394aeec6ffb46af5fba3bb0e59512e,2591603968.0,9229290.0,300,2,15,4,17399986.0,17225751.0,15,1,0,10,2.386011889204383,0.004614902660250664,2.3813969865441322,0.012953938217833638,0.38054240960627794,0.33081856719218194,1.383742047706619,1.3081521727144718
cec_f3_shifted,full,0.9,20263025,20264320,02662893e0411805a4b1f9e0cc9528dac5394aeec6ffb46af5fba3bb0e59512e,2714047744.0,93748160.0,300,2,15,5,11206440.0,9969760.0,15,1,0,10,2.386011889204383,0.004614902660250664,2.3813969865441322,0.012953938217833638,0.38054240960627794,0.33081856719218194,1.383742047706619,1.3081521727144718
cec_f3_shifted,full,0.9,20263026,20264320,02662893e0411805a4b1f9e0cc9528dac5394aeec6ffb46af5fba3bb0e59512e,5391218176.0,90174976.0,300,2,15,3,4482984.0,4482984.0,15,1,0,10,2.386011889204383,0.004614902660250664,2.3813969865441322,0.012953938217833638,0.38054240960627794,0.33081856719218194,1.383742047706619,1.3081521727144718
cec_f3_shifted,full,0.9,20263027,20264320,02662893e0411805a4b1f9e0cc9528dac5394aeec6ffb46af5fba3bb0e59512e,2339418112.0,84865216.0,300,2,15,9,19619480.0,15064664.0,15,1,0,10,2.386011889204383,0.004614902660250664,2.3813969865441322,0.012953938217833638,0.38054240960627794,0.33081856719218194,1.383742047706619,1.3081521727144718
cec_f3_shifted,full,0.9,20263028,20264320,02662893e0411805a4b1f9e0cc9528dac5394aeec6ffb46af5fba3bb0e59512e,6455831552.0,34570932.0,300,2,15,9,16046612.0,11065716.0,15,1,0,10,2.386011889204383,0.004614902660250664,2.3813969865441322,0.012953938217833638,0.38054240960627794,0.33081856719218194,1.383742047706619,1.3081521727144718
cec_f3_shifted,full,0.9,20263029,20264320,02662893e0411805a4b1f9e0cc9528dac5394aeec6ffb46af5fba3bb0e59512e,2172407040.0,87383472.0,300,2,15,10,82065392.0,57084112.0,15,1,0,10,2.386011889204383,0.004614902660250664,2.3813969865441322,0.012953938217833638,0.38054240960627794,0.33081856719218194,1.383742047706619,1.3081521727144718
cec_f3_shifted,full,0.7,20263020,20264320,02662893e0411805a4b1f9e0cc9528dac5394aeec6ffb46af5fba3bb0e59512e,1145940096.0,22864648.0,300,8,45,9,10024172.0,6910624.0,45,4,0,10,2.5943911590147763,0.012279527261853218,2.582111631752923,0.011157480999827385,0.3470990101341158,0.31278959824703634,1.6468429840169847,1.558761440915987
cec_f3_shifted,full,0.7,20263021,20264320,02662893e0411805a4b1f9e0cc9528dac5394aeec6ffb46af5fba3bb0e59512e,710900928.0,7919028.5,300,8,45,13,44676179.5,37186141.5,45,4,0,10,2.5943911590147763,0.012279527261853218,2.582111631752923,0.011157480999827385,0.3470990101341158,0.31278959824703634,1.6468429840169847,1.558761440915987
cec_f3_shifted,full,0.7,20263022,20264320,02662893e0411805a4b1f9e0cc9528dac5394aeec6ffb46af5fba3bb0e59512e,5335130112.0,48269152.0,300,8,45,35,118897440.0,32500880.0,45,4,0,10,2.5943911590147763,0.012279527261853218,2.582111631752923,0.011157480999827385,0.3470990101341158,0.31278959824703634,1.6468429840169847,1.558761440915987
cec_f3_shifted,full,0.7,20263023,20264320,02662893e0411805a4b1f9e0cc9528dac5394aeec6ffb46af5fba3bb0e59512e,1745539072.0,28944384.0,300,8,45,2,2496032.0,2496032.0,45,4,0,10,2.5943911590147763,0.012279527261853218,2.582111631752923,0.011157480999827385,0.3470990101341158,0.31278959824703634,1.6468429840169847,1.558761440915987
cec_f3_shifted,full,0.7,20263024,20264320,02662893e0411805a4b1f9e0cc9528dac5394aeec6ffb46af5fba3bb0e59512e,2591603968.0,10349782.0,300,8,45,7,16279494.0,12212635.0,45,4,0,10,2.5943911590147763,0.012279527261853218,2.582111631752923,0.011157480999827385,0.3470990101341158,0.31278959824703634,1.6468429840169847,1.558761440915987
cec_f3_shifted,full,0.7,20263025,20264320,02662893e0411805a4b1f9e0cc9528dac5394aeec6ffb46af5fba3bb0e59512e,2714047744.0,47308848.0,300,8,45,20,57645752.0,23764064.0,45,4,0,10,2.5943911590147763,0.012279527261853218,2.582111631752923,0.011157480999827385,0.3470990101341158,0.31278959824703634,1.6468429840169847,1.558761440915987
cec_f3_shifted,full,0.7,20263026,20264320,02662893e0411805a4b1f9e0cc9528dac5394aeec6ffb46af5fba3bb0e59512e,5391218176.0,52041516.0,300,8,45,17,42616444.0,17675524.0,45,4,0,10,2.5943911590147763,0.012279527261853218,2.582111631752923,0.011157480999827385,0.3470990101341158,0.31278959824703634,1.6468429840169847,1.558761440915987
cec_f3_shifted,full,0.7,20263027,20264320,02662893e0411805a4b1f9e0cc9528dac5394aeec6ffb46af5fba3bb0e59512e,2339418112.0,25994550.0,300,8,45,24,78490146.0,47779824.0,45,4,0,10,2.5943911590147763,0.012279527261853218,2.582111631752923,0.011157480999827385,0.3470990101341158,0.31278959824703634,1.6468429840169847,1.558761440915987
cec_f3_shifted,full,0.7,20263028,20264320,02662893e0411805a4b1f9e0cc9528dac5394aeec6ffb46af5fba3bb0e59512e,6455831552.0,3460439.5,300,8,45,8,47157104.5,37803112.75,45,4,0,10,2.5943911590147763,0.012279527261853218,2.582111631752923,0.011157480999827385,0.3470990101341158,0.31278959824703634,1.6468429840169847,1.558761440915987
cec_f3_shifted,full,0.7,20263029,20264320,02662893e0411805a4b1f9e0cc9528dac5394aeec6ffb46af5fba3bb0e59512e,2172407040.0,29870264.0,300,8,45,21,139578600.0,90579264.0,45,4,0,10,2.5943911590147763,0.012279527261853218,2.582111631752923,0.011157480999827385,0.3470990101341158,0.31278959824703634,1.6468429840169847,1.558761440915987
cec_f6_shifted,full,0.9,20263000,20264600,6cba5d373435f7f1ebdc646861d1aba56ec1f49eea192cb280332b8c3b151cee,20.255382537841797,16.924480438232422,300,2,15,2,0.9100189208984375,0.9100189208984375,15,1,0,10,2.368045621085912,0.004222759045660496,2.3638228620402515,0.01767888688482344,0.36424139561131597,0.3314527040347457,1.3922552643343806,1.3194547216407955
cec_f6_shifted,full,0.9,20263001,20264600,6cba5d373435f7f1ebdc646861d1aba56ec1f49eea192cb280332b8c3b151cee,19.059589385986328,16.859268188476562,300,2,15,3,0.2820930480957031,0.2820930480957031,15,1,0,10,2.368045621085912,0.004222759045660496,2.3638228620402515,0.01767888688482344,0.36424139561131597,0.3314527040347457,1.3922552643343806,1.3194547216407955
cec_f6_shifted,full,0.9,20263002,20264600,6cba5d373435f7f1ebdc646861d1aba56ec1f49eea192cb280332b8c3b151cee,19.65514373779297,17.066543579101562,300,2,15,7,0.9243888854980469,0.7257652282714844,15,1,0,10,2.368045621085912,0.004222759045660496,2.3638228620402515,0.01767888688482344,0.36424139561131597,0.3314527040347457,1.3922552643343806,1.3194547216407955
cec_f6_shifted,full,0.9,20263003,20264600,6cba5d373435f7f1ebdc646861d1aba56ec1f49eea192cb280332b8c3b151cee,19.136245727539062,17.305953979492188,300,2,15,6,1.040414810180664,0.8357334136962891,15,1,0,10,2.368045621085912,0.004222759045660496,2.3638228620402515,0.01767888688482344,0.36424139561131597,0.3314527040347457,1.3922552643343806,1.3194547216407955
cec_f6_shifted,full,0.9,20263004,20264600,6cba5d373435f7f1ebdc646861d1aba56ec1f49eea192cb280332b8c3b151cee,19.729305267333984,17.43471908569336,300,2,15,6,0.7407073974609375,0.5386905670166016,15,1,0,10,2.368045621085912,0.004222759045660496,2.3638228620402515,0.01767888688482344,0.36424139561131597,0.3314527040347457,1.3922552643343806,1.3194547216407955
cec_f6_shifted,full,0.9,20263005,20264600,6cba5d373435f7f1ebdc646861d1aba56ec1f49eea192cb280332b8c3b151cee,19.66451644897461,17.71731185913086,300,2,15,4,0.5975799560546875,0.4672126770019531,15,1,0,10,2.368045621085912,0.004222759045660496,2.3638228620402515,0.01767888688482344,0.36424139561131597,0.3314527040347457,1.3922552643343806,1.3194547216407955
cec_f6_shifted,full,0.9,20263006,20264600,6cba5d373435f7f1ebdc646861d1aba56ec1f49eea192cb280332b8c3b151cee,19.57904815673828,17.1486873626709,300,2,15,3,0.4053077697753906,0.4053077697753906,15,1,0,10,2.368045621085912,0.004222759045660496,2.3638228620402515,0.01767888688482344,0.36424139561131597,0.3314527040347457,1.3922552643343806,1.3194547216407955
cec_f6_shifted,full,0.9,20263007,20264600,6cba5d373435f7f1ebdc646861d1aba56ec1f49eea192cb280332b8c3b151cee,19.663414001464844,16.0618896484375,300,2,15,5,0.46424102783203125,0.4312305450439453,15,1,0,10,2.368045621085912,0.004222759045660496,2.3638228620402515,0.01767888688482344,0.36424139561131597,0.3314527040347457,1.3922552643343806,1.3194547216407955
cec_f6_shifted,full,0.9,20263008,20264600,6cba5d373435f7f1ebdc646861d1aba56ec1f49eea192cb280332b8c3b151cee,19.46169662475586,17.082141876220703,300,2,15,3,0.20967864990234375,0.20967864990234375,15,1,0,10,2.368045621085912,0.004222759045660496,2.3638228620402515,0.01767888688482344,0.36424139561131597,0.3314527040347457,1.3922552643343806,1.3194547216407955
cec_f6_shifted,full,0.9,20263009,20264600,6cba5d373435f7f1ebdc646861d1aba56ec1f49eea192cb280332b8c3b151cee,18.213638305664062,15.753994941711426,300,2,15,3,0.47046566009521484,0.47046566009521484,15,1,0,10,2.368045621085912,0.004222759045660496,2.3638228620402515,0.01767888688482344,0.36424139561131597,0.3314527040347457,1.3922552643343806,1.3194547216407955
cec_f3_shifted,full,0.3333333333333333,20263020,20264320,02662893e0411805a4b1f9e0cc9528dac5394aeec6ffb46af5fba3bb0e59512e,1145940096.0,18738942.0,300,20,98,5,14149878.0,13103024.0,100,10,0,10,3.5598509199917316,0.03522954857908189,3.5246213714126498,0.015161334769800305,0.36535447696223855,0.3260572145227343,2.460332714719698,2.3351756874471903
cec_f3_shifted,full,0.3333333333333333,20263021,20264320,02662893e0411805a4b1f9e0cc9528dac5394aeec6ffb46af5fba3bb0e59512e,710900928.0,9284484.0,300,20,76,27,43310724.0,21993174.0,100,10,0,10,3.5598509199917316,0.03522954857908189,3.5246213714126498,0.015161334769800305,0.36535447696223855,0.3260572145227343,2.460332714719698,2.3351756874471903
cec_f3_shifted,full,0.3333333333333333,20263022,20264320,02662893e0411805a4b1f9e0cc9528dac5394aeec6ffb46af5fba3bb0e59512e,5335130112.0,6655501.0,300,20,98,18,160511091.0,130757924.0,100,10,0,10,3.5598509199917316,0.03522954857908189,3.5246213714126498,0.015161334769800305,0.36535447696223855,0.3260572145227343,2.460332714719698,2.3351756874471903
cec_f3_shifted,full,0.3333333333333333,20263023,20264320,02662893e0411805a4b1f9e0cc9528dac5394aeec6ffb46af5fba3bb0e59512e,1745539072.0,3836090.0,300,20,71,8,27604326.0,24176646.5,100,10,0,10,3.5598509199917316,0.03522954857908189,3.5246213714126498,0.015161334769800305,0.36535447696223855,0.3260572145227343,2.460332714719698,2.3351756874471903
cec_f3_shifted,full,0.3333333333333333,20263024,20264320,02662893e0411805a4b1f9e0cc9528dac5394aeec6ffb46af5fba3bb0e59512e,2591603968.0,489112.4375,300,20,98,8,26140163.5625,22746268.25,100,10,0,10,3.5598509199917316,0.03522954857908189,3.5246213714126498,0.015161334769800305,0.36535447696223855,0.3260572145227343,2.460332714719698,2.3351756874471903
cec_f3_shifted,full,0.3333333333333333,20263025,20264320,02662893e0411805a4b1f9e0cc9528dac5394aeec6ffb46af5fba3bb0e59512e,2714047744.0,12448827.0,300,20,96,9,92505773.0,77343160.0,100,10,0,10,3.5598509199917316,0.03522954857908189,3.5246213714126498,0.015161334769800305,0.36535447696223855,0.3260572145227343,2.460332714719698,2.3351756874471903
cec_f3_shifted,full,0.3333333333333333,20263026,20264320,02662893e0411805a4b1f9e0cc9528dac5394aeec6ffb46af5fba3bb0e59512e,5391218176.0,25544784.0,300,20,98,8,69113176.0,40167194.0,100,10,0,10,3.5598509199917316,0.03522954857908189,3.5246213714126498,0.015161334769800305,0.36535447696223855,0.3260572145227343,2.460332714719698,2.3351756874471903
cec_f3_shifted,full,0.3333333333333333,20263027,20264320,02662893e0411805a4b1f9e0cc9528dac5394aeec6ffb46af5fba3bb0e59512e,2339418112.0,9266850.0,300,20,98,20,95217846.0,49297697.0,100,10,0,10,3.5598509199917316,0.03522954857908189,3.5246213714126498,0.015161334769800305,0.36535447696223855,0.3260572145227343,2.460332714719698,2.3351756874471903
cec_f3_shifted,full,0.3333333333333333,20263028,20264320,02662893e0411805a4b1f9e0cc9528dac5394aeec6ffb46af5fba3bb0e59512e,6455831552.0,15471276.0,300,20,97,12,35146268.0,31574982.0,100,10,0,10,3.5598509199917316,0.03522954857908189,3.5246213714126498,0.015161334769800305,0.36535447696223855,0.3260572145227343,2.460332714719698,2.3351756874471903
cec_f3_shifted,full,0.3333333333333333,20263029,20264320,02662893e0411805a4b1f9e0cc9528dac5394aeec6ffb46af5fba3bb0e59512e,2172407040.0,4871281.5,300,20,98,17,164577582.5,87544416.0,100,10,0,10,3.5598509199917316,0.03522954857908189,3.5246213714126498,0.015161334769800305,0.36535447696223855,0.3260572145227343,2.460332714719698,2.3351756874471903
cec_f3_shifted,full,0.5,20263020,20264320,02662893e0411805a4b1f9e0cc9528dac5394aeec6ffb46af5fba3bb0e59512e,1145940096.0,15410905.0,300,14,75,9,17477915.0,12278224.0,75,7,0,10,3.186622709967196,0.02223191107623279,3.164390798890963,0.013831429881975055,0.347411677474156,0.34492026432417333,2.1550016668625176,2.0445702967699617
cec_f3_shifted,full,0.5,20263021,20264320,02662893e0411805a4b1f9e0cc9528dac5394aeec6ffb46af5fba3bb0e59512e,710900928.0,3683589.5,300,14,75,11,48911618.5,38047819.0,75,7,0,10,3.186622709967196,0.02223191107623279,3.164390798890963,0.013831429881975055,0.347411677474156,0.34492026432417333,2.1550016668625176,2.0445702967699617
cec_f3_shifted,full,0.5,20263022,20264320,02662893e0411805a4b1f9e0cc9528dac5394aeec6ffb46af5fba3bb0e59512e,5335130112.0,6008847.0,300,14,75,15,161157745.0,122645028.0,75,7,0,10,3.186622709967196,0.02223191107623279,3.164390798890963,0.013831429881975055,0.347411677474156,0.34492026432417333,2.1550016668625176,2.0445702967699617
cec_f3_shifted,full,0.5,20263023,20264320,02662893e0411805a4b1f9e0cc9528dac5394aeec6ffb46af5fba3bb0e59512e,1745539072.0,14650593.0,300,14,71,10,16789823.0,8529116.0,75,7,0,10,3.186622709967196,0.02223191107623279,3.164390798890963,0.013831429881975055,0.347411677474156,0.34492026432417333,2.1550016668625176,2.0445702967699617
cec_f3_shifted,full,0.5,20263024,20264320,02662893e0411805a4b1f9e0cc9528dac5394aeec6ffb46af5fba3bb0e59512e,2591603968.0,5365066.5,300,14,75,20,21264209.5,12058028.0,75,7,0,10,3.186622709967196,0.02223191107623279,3.164390798890963,0.013831429881975055,0.347411677474156,0.34492026432417333,2.1550016668625176,2.0445702967699617
cec_f3_shifted,full,0.5,20263025,20264320,02662893e0411805a4b1f9e0cc9528dac5394aeec6ffb46af5fba3bb0e59512e,2714047744.0,25031766.0,300,14,75,14,79922834.0,67768962.0,75,7,0,10,3.186622709967196,0.02223191107623279,3.164390798890963,0.013831429881975055,0.347411677474156,0.34492026432417333,2.1550016668625176,2.0445702967699617
cec_f3_shifted,full,0.5,20263026,20264320,02662893e0411805a4b1f9e0cc9528dac5394aeec6ffb46af5fba3bb0e59512e,5391218176.0,41110964.0,300,14,75,11,53546996.0,26137372.0,75,7,0,10,3.186622709967196,0.02223191107623279,3.164390798890963,0.013831429881975055,0.347411677474156,0.34492026432417333,2.1550016668625176,2.0445702967699617
cec_f3_shifted,full,0.5,20263027,20264320,02662893e0411805a4b1f9e0cc9528dac5394aeec6ffb46af5fba3bb0e59512e,2339418112.0,14362442.0,300,14,75,7,90122254.0,80416758.0,75,7,0,10,3.186622709967196,0.02223191107623279,3.164390798890963,0.013831429881975055,0.347411677474156,0.34492026432417333,2.1550016668625176,2.0445702967699617
cec_f3_shifted,full,0.5,20263028,20264320,02662893e0411805a4b1f9e0cc9528dac5394aeec6ffb46af5fba3bb0e59512e,6455831552.0,5795104.0,300,14,75,5,44822440.0,44322300.5,75,7,0,10,3.186622709967196,0.02223191107623279,3.164390798890963,0.013831429881975055,0.347411677474156,0.34492026432417333,2.1550016668625176,2.0445702967699617
cec_f3_shifted,full,0.5,20263029,20264320,02662893e0411805a4b1f9e0cc9528dac5394aeec6ffb46af5fba3bb0e59512e,2172407040.0,3044757.0,300,14,75,17,166404107.0,134777070.0,75,7,0,10,3.186622709967196,0.02223191107623279,3.164390798890963,0.013831429881975055,0.347411677474156,0.34492026432417333,2.1550016668625176,2.0445702967699617
cec_f6_shifted,full,0.7,20263000,20264600,6cba5d373435f7f1ebdc646861d1aba56ec1f49eea192cb280332b8c3b151cee,20.255382537841797,16.45071792602539,300,8,45,10,1.3837814331054688,0.7589149475097656,45,4,0,10,2.770284109050408,0.011686759535223246,2.7585973495151848,0.01730348914861679,0.38369872118346393,0.3313691299408674,1.7438525788020343,1.6525975544936955
cec_f6_shifted,full,0.7,20263001,20264600,6cba5d373435f7f1ebdc646861d1aba56ec1f49eea192cb280332b8c3b151cee,19.059589385986328,16.220947265625,300,8,45,6,0.9204139709472656,0.7326431274414062,45,4,0,10,2.770284109050408,0.011686759535223246,2.7585973495151848,0.01730348914861679,0.38369872118346393,0.3313691299408674,1.7438525788020343,1.6525975544936955
cec_f6_shifted,full,0.7,20263002,20264600,6cba5d373435f7f1ebdc646861d1aba56ec1f49eea192cb280332b8c3b151cee,19.65514373779297,15.949173927307129,300,8,45,11,2.0417585372924805,1.0476493835449219,45,4,0,10,2.770284109050408,0.011686759535223246,2.7585973495151848,0.01730348914861679,0.38369872118346393,0.3313691299408674,1.7438525788020343,1.6525975544936955
cec_f6_shifted,full,0.7,20263003,20264600,6cba5d373435f7f1ebdc646861d1aba56ec1f49eea192cb280332b8c3b151cee,19.136245727539062,16.99843978881836,300,8,45,9,1.3479290008544922,0.9489631652832031,45,4,0,10,2.770284109050408,0.011686759535223246,2.7585973495151848,0.01730348914861679,0.38369872118346393,0.3313691299408674,1.7438525788020343,1.6525975544936955
cec_f6_shifted,full,0.7,20263004,20264600,6cba5d373435f7f1ebdc646861d1aba56ec1f49eea192cb280332b8c3b151cee,19.729305267333984,16.76727294921875,300,8,44,9,1.4081535339355469,1.0324077606201172,45,4,0,10,2.770284109050408,0.011686759535223246,2.7585973495151848,0.01730348914861679,0.38369872118346393,0.3313691299408674,1.7438525788020343,1.6525975544936955
cec_f6_shifted,full,0.7,20263005,20264600,6cba5d373435f7f1ebdc646861d1aba56ec1f49eea192cb280332b8c3b151cee,19.66451644897461,17.146175384521484,300,8,44,7,1.1687164306640625,0.956695556640625,45,4,0,10,2.770284109050408,0.011686759535223246,2.7585973495151848,0.01730348914861679,0.38369872118346393,0.3313691299408674,1.7438525788020343,1.6525975544936955
cec_f6_shifted,full,0.7,20263006,20264600,6cba5d373435f7f1ebdc646861d1aba56ec1f49eea192cb280332b8c3b151cee,19.57904815673828,16.827438354492188,300,8,45,5,0.7265567779541016,0.6808013916015625,45,4,0,10,2.770284109050408,0.011686759535223246,2.7585973495151848,0.01730348914861679,0.38369872118346393,0.3313691299408674,1.7438525788020343,1.6525975544936955
cec_f6_shifted,full,0.7,20263007,20264600,6cba5d373435f7f1ebdc646861d1aba56ec1f49eea192cb280332b8c3b151cee,19.663414001464844,15.465486526489258,300,8,45,10,1.0606441497802734,0.6168413162231445,45,4,0,10,2.770284109050408,0.011686759535223246,2.7585973495151848,0.01730348914861679,0.38369872118346393,0.3313691299408674,1.7438525788020343,1.6525975544936955
cec_f6_shifted,full,0.7,20263008,20264600,6cba5d373435f7f1ebdc646861d1aba56ec1f49eea192cb280332b8c3b151cee,19.46169662475586,16.62628936767578,300,8,45,8,0.6655311584472656,0.57861328125,45,4,0,10,2.770284109050408,0.011686759535223246,2.7585973495151848,0.01730348914861679,0.38369872118346393,0.3313691299408674,1.7438525788020343,1.6525975544936955
cec_f6_shifted,full,0.7,20263009,20264600,6cba5d373435f7f1ebdc646861d1aba56ec1f49eea192cb280332b8c3b151cee,18.213638305664062,15.043485641479492,300,8,45,10,1.1809749603271484,0.5700969696044922,45,4,0,10,2.770284109050408,0.011686759535223246,2.7585973495151848,0.01730348914861679,0.38369872118346393,0.3313691299408674,1.7438525788020343,1.6525975544936955
cec_f6_shifted,full,0.5,20263000,20264600,6cba5d373435f7f1ebdc646861d1aba56ec1f49eea192cb280332b8c3b151cee,20.255382537841797,16.227079391479492,300,14,75,9,1.6074199676513672,1.097158432006836,75,7,0,10,3.1423845789395273,0.02416025777347386,3.1182243211660534,0.01838980708271265,0.3265741243958473,0.3459527927916497,2.1220521351788193,2.0161859320942312
cec_f6_shifted,full,0.5,20263001,20264600,6cba5d373435f7f1ebdc646861d1aba56ec1f49eea192cb280332b8c3b151cee,19.059589385986328,14.689925193786621,300,14,75,13,2.4514360427856445,1.1044044494628906,75,7,0,10,3.1423845789395273,0.02416025777347386,3.1182243211660534,0.01838980708271265,0.3265741243958473,0.3459527927916497,2.1220521351788193,2.0161859320942312
cec_f6_shifted,full,0.5,20263002,20264600,6cba5d373435f7f1ebdc646861d1aba56ec1f49eea192cb280332b8c3b151cee,19.65514373779297,13.664209365844727,300,14,75,19,4.326723098754883,2.353860855102539,75,7,0,10,3.1423845789395273,0.02416025777347386,3.1182243211660534,0.01838980708271265,0.3265741243958473,0.3459527927916497,2.1220521351788193,2.0161859320942312
cec_f6_shifted,full,0.5,20263003,20264600,6cba5d373435f7f1ebdc646861d1aba56ec1f49eea192cb280332b8c3b151cee,19.136245727539062,14.064059257507324,300,14,75,14,4.282309532165527,2.143214225769043,75,7,0,10,3.1423845789395273,0.02416025777347386,3.1182243211660534,0.01838980708271265,0.3265741243958473,0.3459527927916497,2.1220521351788193,2.0161859320942312
cec_f6_shifted,full,0.5,20263004,20264600,6cba5d373435f7f1ebdc646861d1aba56ec1f49eea192cb280332b8c3b151cee,19.729305267333984,13.34526252746582,300,14,75,22,4.830163955688477,1.7334709167480469,75,7,0,10,3.1423845789395273,0.02416025777347386,3.1182243211660534,0.01838980708271265,0.3265741243958473,0.3459527927916497,2.1220521351788193,2.0161859320942312
cec_f6_shifted,full,0.5,20263005,20264600,6cba5d373435f7f1ebdc646861d1aba56ec1f49eea192cb280332b8c3b151cee,19.66451644897461,15.707334518432617,300,14,74,11,2.6075572967529297,1.9708433151245117,75,7,0,10,3.1423845789395273,0.02416025777347386,3.1182243211660534,0.01838980708271265,0.3265741243958473,0.3459527927916497,2.1220521351788193,2.0161859320942312
cec_f6_shifted,full,0.5,20263006,20264600,6cba5d373435f7f1ebdc646861d1aba56ec1f49eea192cb280332b8c3b151cee,19.57904815673828,16.078454971313477,300,14,75,9,1.4755401611328125,1.1167449951171875,75,7,0,10,3.1423845789395273,0.02416025777347386,3.1182243211660534,0.01838980708271265,0.3265741243958473,0.3459527927916497,2.1220521351788193,2.0161859320942312
cec_f6_shifted,full,0.5,20263007,20264600,6cba5d373435f7f1ebdc646861d1aba56ec1f49eea192cb280332b8c3b151cee,19.663414001464844,13.438582420349121,300,14,75,18,3.08754825592041,1.0772504806518555,75,7,0,10,3.1423845789395273,0.02416025777347386,3.1182243211660534,0.01838980708271265,0.3265741243958473,0.3459527927916497,2.1220521351788193,2.0161859320942312
cec_f6_shifted,full,0.5,20263008,20264600,6cba5d373435f7f1ebdc646861d1aba56ec1f49eea192cb280332b8c3b151cee,19.46169662475586,15.30039119720459,300,14,75,19,1.991429328918457,0.8085527420043945,75,7,0,10,3.1423845789395273,0.02416025777347386,3.1182243211660534,0.01838980708271265,0.3265741243958473,0.3459527927916497,2.1220521351788193,2.0161859320942312
cec_f6_shifted,full,0.5,20263009,20264600,6cba5d373435f7f1ebdc646861d1aba56ec1f49eea192cb280332b8c3b151cee,18.213638305664062,14.638894081115723,300,14,75,7,1.585566520690918,1.0505599975585938,75,7,0,10,3.1423845789395273,0.02416025777347386,3.1182243211660534,0.01838980708271265,0.3265741243958473,0.3459527927916497,2.1220521351788193,2.0161859320942312
cec_f6_shifted,full,0.3333333333333333,20263000,20264600,6cba5d373435f7f1ebdc646861d1aba56ec1f49eea192cb280332b8c3b151cee,20.255382537841797,15.167153358459473,300,20,99,10,2.6673460006713867,1.5128240585327148,100,10,0,10,3.39047090918757,0.029831505846232176,3.360639403341338,0.015670416643843055,0.35792578384280205,0.31862169690430164,2.3679581286851317,2.245305293239653
cec_f6_shifted,full,0.3333333333333333,20263001,20264600,6cba5d373435f7f1ebdc646861d1aba56ec1f49eea192cb280332b8c3b151cee,19.059589385986328,13.16788387298584,300,20,100,16,5.495125770568848,3.263003349304199,100,10,0,10,3.39047090918757,0.029831505846232176,3.360639403341338,0.015670416643843055,0.35792578384280205,0.31862169690430164,2.3679581286851317,2.245305293239653
cec_f6_shifted,full,0.3333333333333333,20263002,20264600,6cba5d373435f7f1ebdc646861d1aba56ec1f49eea192cb280332b8c3b151cee,19.65514373779297,15.593262672424316,300,20,100,10,3.133967399597168,2.456554412841797,100,10,0,10,3.39047090918757,0.029831505846232176,3.360639403341338,0.015670416643843055,0.35792578384280205,0.31862169690430164,2.3679581286851317,2.245305293239653
cec_f6_shifted,full,0.3333333333333333,20263003,20264600,6cba5d373435f7f1ebdc646861d1aba56ec1f49eea192cb280332b8c3b151cee,19.136245727539062,14.36098575592041,300,20,100,18,4.263436317443848,1.8097343444824219,100,10,0,10,3.39047090918757,0.029831505846232176,3.360639403341338,0.015670416643843055,0.35792578384280205,0.31862169690430164,2.3679581286851317,2.245305293239653
cec_f6_shifted,full,0.3333333333333333,20263004,20264600,6cba5d373435f7f1ebdc646861d1aba56ec1f49eea192cb280332b8c3b151cee,19.729305267333984,13.090696334838867,300,20,100,13,5.694551467895508,3.4011001586914062,100,10,0,10,3.39047090918757,0.029831505846232176,3.360639403341338,0.015670416643843055,0.35792578384280205,0.31862169690430164,2.3679581286851317,2.245305293239653
cec_f6_shifted,full,0.3333333333333333,20263005,20264600,6cba5d373435f7f1ebdc646861d1aba56ec1f49eea192cb280332b8c3b151cee,19.66451644897461,16.721485137939453,300,20,99,12,1.6627426147460938,0.9163055419921875,100,10,0,10,3.39047090918757,0.029831505846232176,3.360639403341338,0.015670416643843055,0.35792578384280205,0.31862169690430164,2.3679581286851317,2.245305293239653
cec_f6_shifted,full,0.3333333333333333,20263006,20264600,6cba5d373435f7f1ebdc646861d1aba56ec1f49eea192cb280332b8c3b151cee,19.57904815673828,15.527519226074219,300,20,100,17,3.2912254333496094,2.0841684341430664,100,10,0,10,3.39047090918757,0.029831505846232176,3.360639403341338,0.015670416643843055,0.35792578384280205,0.31862169690430164,2.3679581286851317,2.245305293239653
cec_f6_shifted,full,0.3333333333333333,20263007,20264600,6cba5d373435f7f1ebdc646861d1aba56ec1f49eea192cb280332b8c3b151cee,19.663414001464844,14.331692695617676,300,20,99,12,2.1944379806518555,1.282674789428711,100,10,0,10,3.39047090918757,0.029831505846232176,3.360639403341338,0.015670416643843055,0.35792578384280205,0.31862169690430164,2.3679581286851317,2.245305293239653
cec_f6_shifted,full,0.3333333333333333,20263008,20264600,6cba5d373435f7f1ebdc646861d1aba56ec1f49eea192cb280332b8c3b151cee,19.46169662475586,12.806961059570312,300,20,100,24,5.881320953369141,3.27022647857666,100,10,0,10,3.39047090918757,0.029831505846232176,3.360639403341338,0.015670416643843055,0.35792578384280205,0.31862169690430164,2.3679581286851317,2.245305293239653
cec_f6_shifted,full,0.3333333333333333,20263009,20264600,6cba5d373435f7f1ebdc646861d1aba56ec1f49eea192cb280332b8c3b151cee,18.213638305664062,14.364169120788574,300,20,100,22,3.8494691848754883,1.1400632858276367,100,10,0,10,3.39047090918757,0.029831505846232176,3.360639403341338,0.015670416643843055,0.35792578384280205,0.31862169690430164,2.3679581286851317,2.245305293239653
cec_f6_shifted,full,0.9,20263010,20264610,c074fc2531da59c288aac4fa760eab8bbf258b5b562d6b53436664f5f07e049a,18.363407135009766,15.549020767211914,300,2,15,4,1.1606807708740234,0.9936008453369141,15,1,0,10,2.4214665580075234,0.0044960444793105125,2.416970513528213,0.019156219204887748,0.3625354547984898,0.338329637888819,1.4295513909310102,1.3562043770216405
cec_f6_shifted,full,0.9,20263011,20264610,c074fc2531da59c288aac4fa760eab8bbf258b5b562d6b53436664f5f07e049a,19.063621520996094,11.061717987060547,300,2,15,5,2.216374397277832,2.130462646484375,15,1,0,10,2.4214665580075234,0.0044960444793105125,2.416970513528213,0.019156219204887748,0.3625354547984898,0.338329637888819,1.4295513909310102,1.3562043770216405
cec_f6_shifted,full,0.9,20263012,20264610,c074fc2531da59c288aac4fa760eab8bbf258b5b562d6b53436664f5f07e049a,19.407264709472656,16.170276641845703,300,2,15,0,0,0,15,1,0,10,2.4214665580075234,0.0044960444793105125,2.416970513528213,0.019156219204887748,0.3625354547984898,0.338329637888819,1.4295513909310102,1.3562043770216405
cec_f6_shifted,full,0.9,20263013,20264610,c074fc2531da59c288aac4fa760eab8bbf258b5b562d6b53436664f5f07e049a,17.891441345214844,15.587747573852539,300,2,15,6,2.3036937713623047,2.060328483581543,15,1,0,10,2.4214665580075234,0.0044960444793105125,2.416970513528213,0.019156219204887748,0.3625354547984898,0.338329637888819,1.4295513909310102,1.3562043770216405
cec_f6_shifted,full,0.9,20263014,20264610,c074fc2531da59c288aac4fa760eab8bbf258b5b562d6b53436664f5f07e049a,20.318214416503906,16.53034210205078,300,2,15,5,0.5077285766601562,0.42490386962890625,15,1,0,10,2.4214665580075234,0.0044960444793105125,2.416970513528213,0.019156219204887748,0.3625354547984898,0.338329637888819,1.4295513909310102,1.3562043770216405
cec_f6_shifted,full,0.9,20263015,20264610,c074fc2531da59c288aac4fa760eab8bbf258b5b562d6b53436664f5f07e049a,19.2977294921875,17.135726928710938,300,2,15,3,0.33379364013671875,0.33379364013671875,15,1,0,10,2.4214665580075234,0.0044960444793105125,2.416970513528213,0.019156219204887748,0.3625354547984898,0.338329637888819,1.4295513909310102,1.3562043770216405
cec_f6_shifted,full,0.9,20263016,20264610,c074fc2531da59c288aac4fa760eab8bbf258b5b562d6b53436664f5f07e049a,19.66077423095703,14.786749839782715,300,2,15,8,1.1023454666137695,0.7937307357788086,15,1,0,10,2.4214665580075234,0.0044960444793105125,2.416970513528213,0.019156219204887748,0.3625354547984898,0.338329637888819,1.4295513909310102,1.3562043770216405
cec_f6_shifted,full,0.9,20263017,20264610,c074fc2531da59c288aac4fa760eab8bbf258b5b562d6b53436664f5f07e049a,19.703445434570312,17.388442993164062,300,2,15,4,0.43432044982910156,0.4003276824951172,15,1,0,10,2.4214665580075234,0.0044960444793105125,2.416970513528213,0.019156219204887748,0.3625354547984898,0.338329637888819,1.4295513909310102,1.3562043770216405
cec_f6_shifted,full,0.9,20263018,20264610,c074fc2531da59c288aac4fa760eab8bbf258b5b562d6b53436664f5f07e049a,19.188831329345703,17.432430267333984,300,2,15,3,0.3886547088623047,0.3886547088623047,15,1,0,10,2.4214665580075234,0.0044960444793105125,2.416970513528213,0.019156219204887748,0.3625354547984898,0.338329637888819,1.4295513909310102,1.3562043770216405
cec_f6_shifted,full,0.9,20263019,20264610,c074fc2531da59c288aac4fa760eab8bbf258b5b562d6b53436664f5f07e049a,20.446392059326172,17.818485260009766,300,2,15,5,0.8851776123046875,0.7810497283935547,15,1,0,10,2.4214665580075234,0.0044960444793105125,2.416970513528213,0.019156219204887748,0.3625354547984898,0.338329637888819,1.4295513909310102,1.3562043770216405
cec_f6_shifted,full,0.5,20263010,20264610,c074fc2531da59c288aac4fa760eab8bbf258b5b562d6b53436664f5f07e049a,18.363407135009766,14.299308776855469,300,14,75,14,2.4103927612304688,1.0217390060424805,75,7,0,10,3.047824915032834,0.023265558294951916,3.024559356737882,0.016933159669861197,0.34758249553851783,0.3124256858136505,2.052009002538398,1.9401685383636504
cec_f6_shifted,full,0.5,20263011,20264610,c074fc2531da59c288aac4fa760eab8bbf258b5b562d6b53436664f5f07e049a,19.063621520996094,9.330738067626953,300,14,75,18,3.947354316711426,2.2896013259887695,75,7,0,10,3.047824915032834,0.023265558294951916,3.024559356737882,0.016933159669861197,0.34758249553851783,0.3124256858136505,2.052009002538398,1.9401685383636504
cec_f6_shifted,full,0.5,20263012,20264610,c074fc2531da59c288aac4fa760eab8bbf258b5b562d6b53436664f5f07e049a,19.407264709472656,13.880495071411133,300,14,75,10,2.2897815704345703,1.624063491821289,75,7,0,10,3.047824915032834,0.023265558294951916,3.024559356737882,0.016933159669861197,0.34758249553851783,0.3124256858136505,2.052009002538398,1.9401685383636504
cec_f6_shifted,full,0.5,20263013,20264610,c074fc2531da59c288aac4fa760eab8bbf258b5b562d6b53436664f5f07e049a,17.891441345214844,15.393553733825684,300,14,75,7,2.49788761138916,1.9939823150634766,75,7,0,10,3.047824915032834,0.023265558294951916,3.024559356737882,0.016933159669861197,0.34758249553851783,0.3124256858136505,2.052009002538398,1.9401685383636504
cec_f6_shifted,full,0.5,20263014,20264610,c074fc2531da59c288aac4fa760eab8bbf258b5b562d6b53436664f5f07e049a,20.318214416503906,15.127087593078613,300,14,75,13,1.9109830856323242,1.11865234375,75,7,0,10,3.047824915032834,0.023265558294951916,3.024559356737882,0.016933159669861197,0.34758249553851783,0.3124256858136505,2.052009002538398,1.9401685383636504
cec_f6_shifted,full,0.5,20263015,20264610,c074fc2531da59c288aac4fa760eab8bbf258b5b562d6b53436664f5f07e049a,19.2977294921875,16.039562225341797,300,14,75,11,1.4299583435058594,0.8575859069824219,75,7,0,10,3.047824915032834,0.023265558294951916,3.024559356737882,0.016933159669861197,0.34758249553851783,0.3124256858136505,2.052009002538398,1.9401685383636504
cec_f6_shifted,full,0.5,20263016,20264610,c074fc2531da59c288aac4fa760eab8bbf258b5b562d6b53436664f5f07e049a,19.66077423095703,12.760485649108887,300,14,75,27,3.1286096572875977,1.322331428527832,75,7,0,10,3.047824915032834,0.023265558294951916,3.024559356737882,0.016933159669861197,0.34758249553851783,0.3124256858136505,2.052009002538398,1.9401685383636504
cec_f6_shifted,full,0.5,20263017,20264610,c074fc2531da59c288aac4fa760eab8bbf258b5b562d6b53436664f5f07e049a,19.703445434570312,13.765450477600098,300,14,75,17,4.057312965393066,2.642035484313965,75,7,0,10,3.047824915032834,0.023265558294951916,3.024559356737882,0.016933159669861197,0.34758249553851783,0.3124256858136505,2.052009002538398,1.9401685383636504
cec_f6_shifted,full,0.5,20263018,20264610,c074fc2531da59c288aac4fa760eab8bbf258b5b562d6b53436664f5f07e049a,19.188831329345703,15.368438720703125,300,14,75,15,2.452646255493164,1.398686408996582,75,7,0,10,3.047824915032834,0.023265558294951916,3.024559356737882,0.016933159669861197,0.34758249553851783,0.3124256858136505,2.052009002538398,1.9401685383636504
cec_f6_shifted,full,0.5,20263019,20264610,c074fc2531da59c288aac4fa760eab8bbf258b5b562d6b53436664f5f07e049a,20.446392059326172,16.841228485107422,300,14,68,6,1.8624343872070312,1.463134765625,75,7,0,10,3.047824915032834,0.023265558294951916,3.024559356737882,0.016933159669861197,0.34758249553851783,0.3124256858136505,2.052009002538398,1.9401685383636504
cec_f6_shifted,full,0.7,20263010,20264610,c074fc2531da59c288aac4fa760eab8bbf258b5b562d6b53436664f5f07e049a,18.363407135009766,15.939366340637207,300,8,45,3,0.7703351974487305,0.7703351974487305,45,4,0,10,2.7447839831002057,0.013830463634803891,2.7309535194654018,0.01770898699760437,0.37153548817150295,0.33125970768742263,1.7172267262358218,1.6279273740947247
cec_f6_shifted,full,0.7,20263011,20264610,c074fc2531da59c288aac4fa760eab8bbf258b5b562d6b53436664f5f07e049a,19.063621520996094,10.013522148132324,300,8,45,17,3.2645702362060547,1.958292007446289,45,4,0,10,2.7447839831002057,0.013830463634803891,2.7309535194654018,0.01770898699760437,0.37153548817150295,0.33125970768742263,1.7172267262358218,1.6279273740947247
cec_f6_shifted,full,0.7,20263012,20264610,c074fc2531da59c288aac4fa760eab8bbf258b5b562d6b53436664f5f07e049a,19.407264709472656,15.99886417388916,300,8,45,3,0.17141246795654297,0.17141246795654297,45,4,0,10,2.7447839831002057,0.013830463634803891,2.7309535194654018,0.01770898699760437,0.37153548817150295,0.33125970768742263,1.7172267262358218,1.6279273740947247
cec_f6_shifted,full,0.7,20263013,20264610,c074fc2531da59c288aac4fa760eab8bbf258b5b562d6b53436664f5f07e049a,17.891441345214844,15.848750114440918,300,8,45,7,2.042691230773926,1.8955316543579102,45,4,0,10,2.7447839831002057,0.013830463634803891,2.7309535194654018,0.01770898699760437,0.37153548817150295,0.33125970768742263,1.7172267262358218,1.6279273740947247
cec_f6_shifted,full,0.7,20263014,20264610,c074fc2531da59c288aac4fa760eab8bbf258b5b562d6b53436664f5f07e049a,20.318214416503906,16.113441467285156,300,8,45,2,0.9246292114257812,0.9246292114257812,45,4,0,10,2.7447839831002057,0.013830463634803891,2.7309535194654018,0.01770898699760437,0.37153548817150295,0.33125970768742263,1.7172267262358218,1.6279273740947247
cec_f6_shifted,full,0.7,20263015,20264610,c074fc2531da59c288aac4fa760eab8bbf258b5b562d6b53436664f5f07e049a,19.2977294921875,16.82834243774414,300,8,45,6,0.6411781311035156,0.5060043334960938,45,4,0,10,2.7447839831002057,0.013830463634803891,2.7309535194654018,0.01770898699760437,0.37153548817150295,0.33125970768742263,1.7172267262358218,1.6279273740947247
cec_f6_shifted,full,0.7,20263016,20264610,c074fc2531da59c288aac4fa760eab8bbf258b5b562d6b53436664f5f07e049a,19.66077423095703,13.715910911560059,300,8,45,18,2.173184394836426,0.7269916534423828,45,4,0,10,2.7447839831002057,0.013830463634803891,2.7309535194654018,0.01770898699760437,0.37153548817150295,0.33125970768742263,1.7172267262358218,1.6279273740947247
cec_f6_shifted,full,0.7,20263017,20264610,c074fc2531da59c288aac4fa760eab8bbf258b5b562d6b53436664f5f07e049a,19.703445434570312,17.17800521850586,300,8,45,4,0.6447582244873047,0.573089599609375,45,4,0,10,2.7447839831002057,0.013830463634803891,2.7309535194654018,0.01770898699760437,0.37153548817150295,0.33125970768742263,1.7172267262358218,1.6279273740947247
cec_f6_shifted,full,0.7,20263018,20264610,c074fc2531da59c288aac4fa760eab8bbf258b5b562d6b53436664f5f07e049a,19.188831329345703,16.66141128540039,300,8,45,7,1.1596736907958984,0.8415718078613281,45,4,0,10,2.7447839831002057,0.013830463634803891,2.7309535194654018,0.01770898699760437,0.37153548817150295,0.33125970768742263,1.7172267262358218,1.6279273740947247
cec_f6_shifted,full,0.7,20263019,20264610,c074fc2531da59c288aac4fa760eab8bbf258b5b562d6b53436664f5f07e049a,20.446392059326172,16.88335418701172,300,8,44,11,1.8203086853027344,1.4976520538330078,45,4,0,10,2.7447839831002057,0.013830463634803891,2.7309535194654018,0.01770898699760437,0.37153548817150295,0.33125970768742263,1.7172267262358218,1.6279273740947247
cec_f6_shifted,full,0.9,20263020,20264620,d2116a83b9874e06bb7115246be2730145e48eccf6acdde10200b6bf7359b292,18.69882583618164,16.480342864990234,300,2,15,3,0.9447212219238281,0.9447212219238281,15,1,0,10,2.376625495031476,0.004217771580442786,2.3724077234510332,0.018718893639743328,0.3638571922201663,0.3457881882786751,1.3723182836547494,1.3004425689578056
cec_f6_shifted,full,0.9,20263021,20264620,d2116a83b9874e06bb7115246be2730145e48eccf6acdde10200b6bf7359b292,20.08234405517578,14.682097434997559,300,2,15,7,0.918121337890625,0.6399917602539062,15,1,0,10,2.376625495031476,0.004217771580442786,2.3724077234510332,0.018718893639743328,0.3638571922201663,0.3457881882786751,1.3723182836547494,1.3004425689578056
cec_f6_shifted,full,0.9,20263022,20264620,d2116a83b9874e06bb7115246be2730145e48eccf6acdde10200b6bf7359b292,19.906463623046875,16.513473510742188,300,2,15,4,0.4307689666748047,0.4081459045410156,15,1,0,10,2.376625495031476,0.004217771580442786,2.3724077234510332,0.018718893639743328,0.3638571922201663,0.3457881882786751,1.3723182836547494,1.3004425689578056
cec_f6_shifted,full,0.9,20263023,20264620,d2116a83b9874e06bb7115246be2730145e48eccf6acdde10200b6bf7359b292,19.457820892333984,17.319538116455078,300,2,15,2,0.23442459106445312,0.23442459106445312,15,1,0,10,2.376625495031476,0.004217771580442786,2.3724077234510332,0.018718893639743328,0.3638571922201663,0.3457881882786751,1.3723182836547494,1.3004425689578056
cec_f6_shifted,full,0.9,20263024,20264620,d2116a83b9874e06bb7115246be2730145e48eccf6acdde10200b6bf7359b292,19.02655029296875,14.087976455688477,300,2,15,6,1.4347782135009766,1.163172721862793,15,1,0,10,2.376625495031476,0.004217771580442786,2.3724077234510332,0.018718893639743328,0.3638571922201663,0.3457881882786751,1.3723182836547494,1.3004425689578056
cec_f6_shifted,full,0.9,20263025,20264620,d2116a83b9874e06bb7115246be2730145e48eccf6acdde10200b6bf7359b292,19.641117095947266,17.120943069458008,300,2,15,0,0,0,15,1,0,10,2.376625495031476,0.004217771580442786,2.3724077234510332,0.018718893639743328,0.3638571922201663,0.3457881882786751,1.3723182836547494,1.3004425689578056
cec_f6_shifted,full,0.9,20263026,20264620,d2116a83b9874e06bb7115246be2730145e48eccf6acdde10200b6bf7359b292,20.192729949951172,17.09085464477539,300,2,15,4,0.7276840209960938,0.7190170288085938,15,1,0,10,2.376625495031476,0.004217771580442786,2.3724077234510332,0.018718893639743328,0.3638571922201663,0.3457881882786751,1.3723182836547494,1.3004425689578056
cec_f6_shifted,full,0.9,20263027,20264620,d2116a83b9874e06bb7115246be2730145e48eccf6acdde10200b6bf7359b292,19.608707427978516,17.49152374267578,300,2,15,2,0.17868423461914062,0.17868423461914062,15,1,0,10,2.376625495031476,0.004217771580442786,2.3724077234510332,0.018718893639743328,0.3638571922201663,0.3457881882786751,1.3723182836547494,1.3004425689578056
cec_f6_shifted,full,0.9,20263028,20264620,d2116a83b9874e06bb7115246be2730145e48eccf6acdde10200b6bf7359b292,18.93744659423828,16.221752166748047,300,2,15,3,0.32672882080078125,0.32672882080078125,15,1,0,10,2.376625495031476,0.004217771580442786,2.3724077234510332,0.018718893639743328,0.3638571922201663,0.3457881882786751,1.3723182836547494,1.3004425689578056
cec_f6_shifted,full,0.9,20263029,20264620,d2116a83b9874e06bb7115246be2730145e48eccf6acdde10200b6bf7359b292,19.608905792236328,14.57198715209961,300,2,15,3,0.2469625473022461,0.2469625473022461,15,1,0,10,2.376625495031476,0.004217771580442786,2.3724077234510332,0.018718893639743328,0.3638571922201663,0.3457881882786751,1.3723182836547494,1.3004425689578056
cec_f6_shifted,full,0.3333333333333333,20263010,20264610,c074fc2531da59c288aac4fa760eab8bbf258b5b562d6b53436664f5f07e049a,18.363407135009766,13.970083236694336,300,20,100,20,4.39332389831543,3.3882598876953125,100,10,0,10,3.5996075288858265,0.03115685353986919,3.5684506753459573,0.015878358855843544,0.3847774949390441,0.33351746923290193,2.5146556133404374,2.3927018083631992
cec_f6_shifted,full,0.3333333333333333,20263011,20264610,c074fc2531da59c288aac4fa760eab8bbf258b5b562d6b53436664f5f07e049a,19.063621520996094,9.81421184539795,300,20,100,18,8.920002937316895,7.058048248291016,100,10,0,10,3.5996075288858265,0.03115685353986919,3.5684506753459573,0.015878358855843544,0.3847774949390441,0.33351746923290193,2.5146556133404374,2.3927018083631992
cec_f6_shifted,full,0.3333333333333333,20263012,20264610,c074fc2531da59c288aac4fa760eab8bbf258b5b562d6b53436664f5f07e049a,19.407264709472656,13.730374336242676,300,20,100,9,4.935809135437012,4.228281021118164,100,10,0,10,3.5996075288858265,0.03115685353986919,3.5684506753459573,0.015878358855843544,0.3847774949390441,0.33351746923290193,2.5146556133404374,2.3927018083631992
cec_f6_shifted,full,0.3333333333333333,20263013,20264610,c074fc2531da59c288aac4fa760eab8bbf258b5b562d6b53436664f5f07e049a,17.891441345214844,15.406977653503418,300,20,100,16,2.484463691711426,1.5906715393066406,100,10,0,10,3.5996075288858265,0.03115685353986919,3.5684506753459573,0.015878358855843544,0.3847774949390441,0.33351746923290193,2.5146556133404374,2.3927018083631992
cec_f6_shifted,full,0.3333333333333333,20263014,20264610,c074fc2531da59c288aac4fa760eab8bbf258b5b562d6b53436664f5f07e049a,20.318214416503906,15.165484428405762,300,20,98,16,1.8725862503051758,0.8894739151000977,100,10,0,10,3.5996075288858265,0.03115685353986919,3.5684506753459573,0.015878358855843544,0.3847774949390441,0.33351746923290193,2.5146556133404374,2.3927018083631992
cec_f6_shifted,full,0.3333333333333333,20263015,20264610,c074fc2531da59c288aac4fa760eab8bbf258b5b562d6b53436664f5f07e049a,19.2977294921875,13.715044021606445,300,20,100,17,4.97087287902832,3.0428552627563477,100,10,0,10,3.5996075288858265,0.03115685353986919,3.5684506753459573,0.015878358855843544,0.3847774949390441,0.33351746923290193,2.5146556133404374,2.3927018083631992
cec_f6_shifted,full,0.3333333333333333,20263016,20264610,c074fc2531da59c288aac4fa760eab8bbf258b5b562d6b53436664f5f07e049a,19.66077423095703,12.349689483642578,300,20,99,24,3.5394058227539062,1.1776323318481445,100,10,0,10,3.5996075288858265,0.03115685353986919,3.5684506753459573,0.015878358855843544,0.3847774949390441,0.33351746923290193,2.5146556133404374,2.3927018083631992
cec_f6_shifted,full,0.3333333333333333,20263017,20264610,c074fc2531da59c288aac4fa760eab8bbf258b5b562d6b53436664f5f07e049a,19.703445434570312,15.589418411254883,300,20,99,10,2.2333450317382812,1.4670381546020508,100,10,0,10,3.5996075288858265,0.03115685353986919,3.5684506753459573,0.015878358855843544,0.3847774949390441,0.33351746923290193,2.5146556133404374,2.3927018083631992
cec_f6_shifted,full,0.3333333333333333,20263018,20264610,c074fc2531da59c288aac4fa760eab8bbf258b5b562d6b53436664f5f07e049a,19.188831329345703,15.075453758239746,300,20,100,11,3.354447364807129,2.1777381896972656,100,10,0,10,3.5996075288858265,0.03115685353986919,3.5684506753459573,0.015878358855843544,0.3847774949390441,0.33351746923290193,2.5146556133404374,2.3927018083631992
cec_f6_shifted,full,0.3333333333333333,20263019,20264610,c074fc2531da59c288aac4fa760eab8bbf258b5b562d6b53436664f5f07e049a,20.446392059326172,14.027441024780273,300,20,98,26,4.67622184753418,1.5114774703979492,100,10,0,10,3.5996075288858265,0.03115685353986919,3.5684506753459573,0.015878358855843544,0.3847774949390441,0.33351746923290193,2.5146556133404374,2.3927018083631992
cec_f6_shifted,full,0.5,20263020,20264620,d2116a83b9874e06bb7115246be2730145e48eccf6acdde10200b6bf7359b292,18.69882583618164,15.435993194580078,300,14,75,13,1.9890708923339844,1.1830034255981445,75,7,0,10,3.0102830030955374,0.02317004418000579,2.9871129589155316,0.01843922445550561,0.3625659244135022,0.34252253640443087,1.9414011107292026,1.8333807552699
cec_f6_shifted,full,0.5,20263021,20264620,d2116a83b9874e06bb7115246be2730145e48eccf6acdde10200b6bf7359b292,20.08234405517578,13.678116798400879,300,14,75,13,1.9221019744873047,1.0297203063964844,75,7,0,10,3.0102830030955374,0.02317004418000579,2.9871129589155316,0.01843922445550561,0.3625659244135022,0.34252253640443087,1.9414011107292026,1.8333807552699
cec_f6_shifted,full,0.5,20263022,20264620,d2116a83b9874e06bb7115246be2730145e48eccf6acdde10200b6bf7359b292,19.906463623046875,14.870984077453613,300,14,75,17,2.073258399963379,0.8093805313110352,75,7,0,10,3.0102830030955374,0.02317004418000579,2.9871129589155316,0.01843922445550561,0.3625659244135022,0.34252253640443087,1.9414011107292026,1.8333807552699
cec_f6_shifted,full,0.5,20263023,20264620,d2116a83b9874e06bb7115246be2730145e48eccf6acdde10200b6bf7359b292,19.457820892333984,14.81548023223877,300,14,75,9,2.7384824752807617,2.0045156478881836,75,7,0,10,3.0102830030955374,0.02317004418000579,2.9871129589155316,0.01843922445550561,0.3625659244135022,0.34252253640443087,1.9414011107292026,1.8333807552699
cec_f6_shifted,full,0.5,20263024,20264620,d2116a83b9874e06bb7115246be2730145e48eccf6acdde10200b6bf7359b292,19.02655029296875,11.458845138549805,300,14,75,25,4.063909530639648,1.1092453002929688,75,7,0,10,3.0102830030955374,0.02317004418000579,2.9871129589155316,0.01843922445550561,0.3625659244135022,0.34252253640443087,1.9414011107292026,1.8333807552699
cec_f6_shifted,full,0.5,20263025,20264620,d2116a83b9874e06bb7115246be2730145e48eccf6acdde10200b6bf7359b292,19.641117095947266,16.737150192260742,300,14,75,2,0.3837928771972656,0.3837928771972656,75,7,0,10,3.0102830030955374,0.02317004418000579,2.9871129589155316,0.01843922445550561,0.3625659244135022,0.34252253640443087,1.9414011107292026,1.8333807552699
cec_f6_shifted,full,0.5,20263026,20264620,d2116a83b9874e06bb7115246be2730145e48eccf6acdde10200b6bf7359b292,20.192729949951172,15.596831321716309,300,14,75,14,2.221707344055176,1.1581335067749023,75,7,0,10,3.0102830030955374,0.02317004418000579,2.9871129589155316,0.01843922445550561,0.3625659244135022,0.34252253640443087,1.9414011107292026,1.8333807552699
cec_f6_shifted,full,0.5,20263027,20264620,d2116a83b9874e06bb7115246be2730145e48eccf6acdde10200b6bf7359b292,19.608707427978516,15.29578685760498,300,14,75,15,2.3744211196899414,1.2245845794677734,75,7,0,10,3.0102830030955374,0.02317004418000579,2.9871129589155316,0.01843922445550561,0.3625659244135022,0.34252253640443087,1.9414011107292026,1.8333807552699
cec_f6_shifted,full,0.5,20263028,20264620,d2116a83b9874e06bb7115246be2730145e48eccf6acdde10200b6bf7359b292,18.93744659423828,12.459107398986816,300,14,75,20,4.089373588562012,2.111003875732422,75,7,0,10,3.0102830030955374,0.02317004418000579,2.9871129589155316,0.01843922445550561,0.3625659244135022,0.34252253640443087,1.9414011107292026,1.8333807552699
cec_f6_shifted,full,0.5,20263029,20264620,d2116a83b9874e06bb7115246be2730145e48eccf6acdde10200b6bf7359b292,19.608905792236328,13.385685920715332,300,14,75,6,1.4332637786865234,0.9266796112060547,75,7,0,10,3.0102830030955374,0.02317004418000579,2.9871129589155316,0.01843922445550561,0.3625659244135022,0.34252253640443087,1.9414011107292026,1.8333807552699
cec_f6_shifted,full,0.7,20263020,20264620,d2116a83b9874e06bb7115246be2730145e48eccf6acdde10200b6bf7359b292,18.69882583618164,16.49663543701172,300,8,45,9,0.9284286499023438,0.5332717895507812,45,4,0,10,2.7445186639670283,0.01373769761994481,2.7307809663470834,0.019437148701399565,0.34830050729215145,0.34202762856148183,1.735342344501987,1.6460856851190329
cec_f6_shifted,full,0.7,20263021,20264620,d2116a83b9874e06bb7115246be2730145e48eccf6acdde10200b6bf7359b292,20.08234405517578,13.83525562286377,300,8,45,13,1.764963150024414,1.0893211364746094,45,4,0,10,2.7445186639670283,0.01373769761994481,2.7307809663470834,0.019437148701399565,0.34830050729215145,0.34202762856148183,1.735342344501987,1.6460856851190329
cec_f6_shifted,full,0.7,20263022,20264620,d2116a83b9874e06bb7115246be2730145e48eccf6acdde10200b6bf7359b292,19.906463623046875,15.68626594543457,300,8,45,8,1.2579765319824219,0.9770908355712891,45,4,0,10,2.7445186639670283,0.01373769761994481,2.7307809663470834,0.019437148701399565,0.34830050729215145,0.34202762856148183,1.735342344501987,1.6460856851190329
cec_f6_shifted,full,0.7,20263023,20264620,d2116a83b9874e06bb7115246be2730145e48eccf6acdde10200b6bf7359b292,19.457820892333984,16.170055389404297,300,8,45,14,1.3839073181152344,0.8723831176757812,45,4,0,10,2.7445186639670283,0.01373769761994481,2.7307809663470834,0.019437148701399565,0.34830050729215145,0.34202762856148183,1.735342344501987,1.6460856851190329
cec_f6_shifted,full,0.7,20263024,20264620,d2116a83b9874e06bb7115246be2730145e48eccf6acdde10200b6bf7359b292,19.02655029296875,13.696100234985352,300,8,45,12,1.8266544342041016,1.2673053741455078,45,4,0,10,2.7445186639670283,0.01373769761994481,2.7307809663470834,0.019437148701399565,0.34830050729215145,0.34202762856148183,1.735342344501987,1.6460856851190329
cec_f6_shifted,full,0.7,20263025,20264620,d2116a83b9874e06bb7115246be2730145e48eccf6acdde10200b6bf7359b292,19.641117095947266,16.854339599609375,300,8,45,2,0.2666034698486328,0.2666034698486328,45,4,0,10,2.7445186639670283,0.01373769761994481,2.7307809663470834,0.019437148701399565,0.34830050729215145,0.34202762856148183,1.735342344501987,1.6460856851190329
cec_f6_shifted,full,0.7,20263026,20264620,d2116a83b9874e06bb7115246be2730145e48eccf6acdde10200b6bf7359b292,20.192729949951172,16.694194793701172,300,8,45,9,1.1243438720703125,0.7411460876464844,45,4,0,10,2.7445186639670283,0.01373769761994481,2.7307809663470834,0.019437148701399565,0.34830050729215145,0.34202762856148183,1.735342344501987,1.6460856851190329
cec_f6_shifted,full,0.7,20263027,20264620,d2116a83b9874e06bb7115246be2730145e48eccf6acdde10200b6bf7359b292,19.608707427978516,15.650203704833984,300,8,45,16,2.0200042724609375,0.9040164947509766,45,4,0,10,2.7445186639670283,0.01373769761994481,2.7307809663470834,0.019437148701399565,0.34830050729215145,0.34202762856148183,1.735342344501987,1.6460856851190329
cec_f6_shifted,full,0.7,20263028,20264620,d2116a83b9874e06bb7115246be2730145e48eccf6acdde10200b6bf7359b292,18.93744659423828,15.321890830993652,300,8,45,16,1.2265901565551758,0.5193719863891602,45,4,0,10,2.7445186639670283,0.01373769761994481,2.7307809663470834,0.019437148701399565,0.34830050729215145,0.34202762856148183,1.735342344501987,1.6460856851190329
cec_f6_shifted,full,0.7,20263029,20264620,d2116a83b9874e06bb7115246be2730145e48eccf6acdde10200b6bf7359b292,19.608905792236328,14.53339672088623,300,8,45,4,0.285552978515625,0.22425365447998047,45,4,0,10,2.7445186639670283,0.01373769761994481,2.7307809663470834,0.019437148701399565,0.34830050729215145,0.34202762856148183,1.735342344501987,1.6460856851190329
cec_f6_shifted,full,0.3333333333333333,20263020,20264620,d2116a83b9874e06bb7115246be2730145e48eccf6acdde10200b6bf7359b292,18.69882583618164,16.033489227294922,300,20,99,7,1.3915748596191406,1.0336170196533203,100,10,0,10,3.324466363992542,0.027462397469207644,3.2970039665233344,0.01551088341511786,0.3509197635576129,0.3190539772622287,2.318501506699249,2.196093323873356
cec_f6_shifted,full,0.3333333333333333,20263021,20264620,d2116a83b9874e06bb7115246be2730145e48eccf6acdde10200b6bf7359b292,20.08234405517578,12.708590507507324,300,20,99,17,2.8916282653808594,1.3228511810302734,100,10,0,10,3.324466363992542,0.027462397469207644,3.2970039665233344,0.01551088341511786,0.3509197635576129,0.3190539772622287,2.318501506699249,2.196093323873356
cec_f6_shifted,full,0.3333333333333333,20263022,20264620,d2116a83b9874e06bb7115246be2730145e48eccf6acdde10200b6bf7359b292,19.906463623046875,15.929349899291992,300,20,100,15,2.688112258911133,1.5558414459228516,100,10,0,10,3.324466363992542,0.027462397469207644,3.2970039665233344,0.01551088341511786,0.3509197635576129,0.3190539772622287,2.318501506699249,2.196093323873356
cec_f6_shifted,full,0.3333333333333333,20263023,20264620,d2116a83b9874e06bb7115246be2730145e48eccf6acdde10200b6bf7359b292,19.457820892333984,15.489701271057129,300,20,99,17,2.0642614364624023,0.9326210021972656,100,10,0,10,3.324466363992542,0.027462397469207644,3.2970039665233344,0.01551088341511786,0.3509197635576129,0.3190539772622287,2.318501506699249,2.196093323873356
cec_f6_shifted,full,0.3333333333333333,20263024,20264620,d2116a83b9874e06bb7115246be2730145e48eccf6acdde10200b6bf7359b292,19.02655029296875,13.25264835357666,300,20,100,9,5.468832969665527,4.527219772338867,100,10,0,10,3.324466363992542,0.027462397469207644,3.2970039665233344,0.01551088341511786,0.3509197635576129,0.3190539772622287,2.318501506699249,2.196093323873356
cec_f6_shifted,full,0.3333333333333333,20263025,20264620,d2116a83b9874e06bb7115246be2730145e48eccf6acdde10200b6bf7359b292,19.641117095947266,15.590084075927734,300,20,99,11,2.952198028564453,1.7157573699951172,100,10,0,10,3.324466363992542,0.027462397469207644,3.2970039665233344,0.01551088341511786,0.3509197635576129,0.3190539772622287,2.318501506699249,2.196093323873356
cec_f6_shifted,full,0.3333333333333333,20263026,20264620,d2116a83b9874e06bb7115246be2730145e48eccf6acdde10200b6bf7359b292,20.192729949951172,13.57906723022461,300,20,99,22,4.239471435546875,1.7453947067260742,100,10,0,10,3.324466363992542,0.027462397469207644,3.2970039665233344,0.01551088341511786,0.3509197635576129,0.3190539772622287,2.318501506699249,2.196093323873356
cec_f6_shifted,full,0.3333333333333333,20263027,20264620,d2116a83b9874e06bb7115246be2730145e48eccf6acdde10200b6bf7359b292,19.608707427978516,15.202749252319336,300,20,99,14,2.616344451904297,1.3774967193603516,100,10,0,10,3.324466363992542,0.027462397469207644,3.2970039665233344,0.01551088341511786,0.3509197635576129,0.3190539772622287,2.318501506699249,2.196093323873356
cec_f6_shifted,full,0.3333333333333333,20263028,20264620,d2116a83b9874e06bb7115246be2730145e48eccf6acdde10200b6bf7359b292,18.93744659423828,12.510669708251953,300,20,100,6,5.908855438232422,5.905448913574219,100,10,0,10,3.324466363992542,0.027462397469207644,3.2970039665233344,0.01551088341511786,0.3509197635576129,0.3190539772622287,2.318501506699249,2.196093323873356
cec_f6_shifted,full,0.3333333333333333,20263029,20264620,d2116a83b9874e06bb7115246be2730145e48eccf6acdde10200b6bf7359b292,19.608905792236328,12.949789047241211,300,20,99,14,1.8691606521606445,0.6736297607421875,100,10,0,10,3.324466363992542,0.027462397469207644,3.2970039665233344,0.01551088341511786,0.3509197635576129,0.3190539772622287,2.318501506699249,2.196093323873356
