dim,budget,method,seed,fid,instance,population,initial,initial_std,final,utility,selected_anchor
10,300,A,0,0,0,0,2.2679688930511475,11.82174015045166,-0.9523799419403076,0.21408919990062714,
10,300,A,0,0,0,1,5.034171104431152,14.845271110534668,-0.8278509974479675,0.2830897271633148,
10,300,A,0,0,0,2,3.8116581439971924,13.685559272766113,-0.9887388944625854,0.25967803597450256,
10,300,A,0,0,0,3,7.163430213928223,11.625360488891602,-0.6963947415351868,0.40337440371513367,
10,300,A,0,0,1,0,3.93599009513855,14.068696022033691,0.480956494808197,0.1971631497144699,
10,300,A,0,0,1,1,6.069940567016602,14.642848014831543,0.3430277705192566,0.2811477780342102,
10,300,A,0,0,1,2,6.943790912628174,12.701799392700195,0.7153068780899048,0.32902222871780396,
10,300,A,0,0,1,3,9.548397064208984,11.937596321105957,0.5518296957015991,0.429755300283432,
10,300,A,0,1,0,0,7.635520935058594,19.00695037841797,0.5682274103164673,0.2710449993610382,
10,300,A,0,1,0,1,6.1766204833984375,18.4344482421875,0.3637825846672058,0.23973147571086884,
10,300,A,0,1,0,2,5.763267517089844,21.7180233001709,0.3339245915412903,0.19999518990516663,
10,300,A,0,1,0,3,6.456876754760742,16.19300651550293,0.0775420069694519,0.28261733055114746,
10,300,A,0,1,1,0,2.335392713546753,10.562820434570312,-0.6906191110610962,0.22268372774124146,
10,300,A,0,1,1,1,1.5264136791229248,12.16151237487793,-0.8071280717849731,0.16098882257938385,
10,300,A,0,1,1,2,4.612424373626709,9.635614395141602,-0.5350031852722168,0.3481981158256531,
10,300,A,0,1,1,3,1.8842339515686035,12.697186470031738,-0.7639350891113281,0.1725713610649109,
10,300,A,0,2,0,0,4.034210681915283,9.067359924316406,0.6471219658851624,0.2719581425189972,
10,300,A,0,2,0,1,3.544769525527954,9.081778526306152,0.5782492160797119,0.24621900916099548,
10,300,A,0,2,0,2,3.10897159576416,6.730748176574707,0.6365106701850891,0.2686520516872406,
10,300,A,0,2,0,3,3.8043501377105713,7.621448040008545,0.4945560693740845,0.30278298258781433,
10,300,A,0,2,1,0,-0.6089819669723511,3.2905843257904053,-1.5130743980407715,0.2155332863330841,
10,300,A,0,2,1,1,-0.3818037509918213,3.5165250301361084,-1.5295231342315674,0.2460675984621048,
10,300,A,0,2,1,2,-0.8507099151611328,3.493637800216675,-1.5750020742416382,0.17171745002269745,
10,300,A,0,2,1,3,-0.35127031803131104,3.3928210735321045,-1.5226014852523804,0.25663718581199646,
10,300,A,0,3,0,0,8.747306823730469,57.045223236083984,-0.03698921203613281,0.1334400773048401,
10,300,A,0,3,0,1,10.961677551269531,54.24296569824219,-0.09017419815063477,0.16926078498363495,
10,300,A,0,3,0,2,5.622751235961914,63.07462692260742,-0.4913519620895386,0.0883684903383255,
10,300,A,0,3,0,3,3.7419629096984863,65.25331115722656,-0.6448473930358887,0.06299257278442383,
10,300,A,0,3,1,0,3.6537399291992188,38.79066467285156,-0.6743616461753845,0.10037628561258316,
10,300,A,0,3,1,1,6.251707077026367,41.01445388793945,-0.5811195969581604,0.14280490577220917,
10,300,A,0,3,1,2,6.298340320587158,44.17965316772461,0.3946443796157837,0.11787741631269455,
10,300,A,0,3,1,3,7.783202648162842,39.42127990722656,-0.2382720708847046,0.16907691955566406,
10,300,A,0,4,0,0,13.95925521850586,65.5726089477539,-0.24443358182907104,0.17804397642612457,
10,300,A,0,4,0,1,13.610875129699707,68.76663970947266,-0.46675458550453186,0.16992883384227753,
10,300,A,0,4,0,2,3.9369471073150635,59.869876861572266,-0.42951640486717224,0.06797496974468231,
10,300,A,0,4,0,3,9.09109115600586,64.3841552734375,0.10957789421081543,0.12242119759321213,
10,300,A,0,4,1,0,20.808820724487305,74.04741668701172,2.6859347820281982,0.19662392139434814,
10,300,A,0,4,1,1,22.008285522460938,87.42681121826172,2.5684642791748047,0.1819073110818863,
10,300,A,0,4,1,2,14.116765975952148,81.34860229492188,2.2472846508026123,0.1273302435874939,
10,300,A,0,4,1,3,22.09471893310547,85.51577758789062,2.3486204147338867,0.18759021162986755,
10,300,A,0,5,0,0,8.508004188537598,19.735069274902344,1.3174636363983154,0.2670521140098572,
10,300,A,0,5,0,1,2.9503579139709473,21.256322860717773,1.1221266984939575,0.07919716835021973,
10,300,A,0,5,0,2,3.5759880542755127,23.15340805053711,1.2123730182647705,0.09262894839048386,
10,300,A,0,5,0,3,7.369424819946289,20.96527099609375,1.5317399501800537,0.21780002117156982,
10,300,A,0,5,1,0,10.367414474487305,26.95102882385254,1.3000805377960205,0.2517419755458832,
10,300,A,0,5,1,1,7.098459720611572,29.578672409057617,1.5449873208999634,0.1580738127231598,
10,300,A,0,5,1,2,11.009040832519531,34.024444580078125,1.3872747421264648,0.2204490453004837,
10,300,A,0,5,1,3,7.985172271728516,40.83256149291992,1.3979030847549438,0.1389138102531433,
10,300,A,0,6,0,0,5.728719711303711,43.527557373046875,2.3827953338623047,0.07138203084468842,
10,300,A,0,6,0,1,12.327788352966309,37.8269157409668,2.171257495880127,0.21166737377643585,
10,300,A,0,6,0,2,7.614391326904297,50.190956115722656,2.12058162689209,0.09865911304950714,
10,300,A,0,6,0,3,10.803177833557129,51.33708572387695,2.1865293979644775,0.14372162520885468,
10,300,A,0,6,1,0,7.399230003356934,27.168941497802734,2.3052804470062256,0.15788879990577698,
10,300,A,0,6,1,1,5.511938095092773,21.71776008605957,2.1975502967834473,0.13240525126457214,
10,300,A,0,6,1,2,8.344766616821289,26.013912200927734,2.0698447227478027,0.19433721899986267,
10,300,A,0,6,1,3,7.0901031494140625,25.93979263305664,2.4875404834747314,0.15069442987442017,
10,300,A,0,7,0,0,15.840670585632324,91.42963409423828,2.635946273803711,0.12619873881340027,
10,300,A,0,7,0,1,9.295223236083984,135.906494140625,1.5275508165359497,0.05406450480222702,
10,300,A,0,7,0,2,16.280364990234375,132.57284545898438,1.3237226009368896,0.10138069838285446,
10,300,A,0,7,0,3,13.14706802368164,132.53753662109375,1.970885992050171,0.07776698470115662,
10,300,A,0,7,1,0,12.34350872039795,87.3663330078125,0.6572496891021729,0.11798033863306046,
10,300,A,0,7,1,1,8.047371864318848,88.24000549316406,0.7828354835510254,0.0760648250579834,
10,300,A,0,7,1,2,9.658843040466309,71.56187438964844,0.9008568525314331,0.10903886705636978,
10,300,A,0,7,1,3,4.453040599822998,88.39118957519531,0.97081458568573,0.037902433425188065,
10,300,A,0,8,0,0,14.436029434204102,74.1715316772461,1.4994388818740845,0.1485118716955185,
10,300,A,0,8,0,1,9.519998550415039,64.14781188964844,2.697181224822998,0.09613578766584396,
10,300,A,0,8,0,2,10.38569450378418,69.57491302490234,1.4607023000717163,0.11369431763887405,
10,300,A,0,8,0,3,12.538433074951172,77.30921173095703,1.942029595375061,0.12054295837879181,
10,300,A,0,8,1,0,5.076621055603027,53.58987808227539,2.2248425483703613,0.050526127219200134,
10,300,A,0,8,1,1,13.001628875732422,57.54841232299805,2.5038397312164307,0.15427443385124207,
10,300,A,0,8,1,2,5.462606430053711,58.173095703125,2.377931594848633,0.05035564675927162,
10,300,A,0,8,1,3,8.56061840057373,47.65164566040039,2.4302895069122314,0.11398483067750931,
10,300,A,0,9,0,0,6.361025810241699,37.67198181152344,2.3886356353759766,0.09538840502500534,
10,300,A,0,9,0,1,5.245368957519531,28.640779495239258,2.047356128692627,0.10044391453266144,
10,300,A,0,9,0,2,8.205345153808594,26.530519485473633,2.872066020965576,0.16737738251686096,
10,300,A,0,9,0,3,7.341561317443848,31.882761001586914,2.5685715675354004,0.1302112191915512,
10,300,A,0,9,1,0,1.6910037994384766,18.91800880432129,-0.24896788597106934,0.0930086076259613,
10,300,A,0,9,1,1,2.5803661346435547,19.882471084594727,-0.055787622928619385,0.11706548184156418,
10,300,A,0,9,1,2,1.8790462017059326,14.942761421203613,-0.18421080708503723,0.12132509797811508,
10,300,A,0,9,1,3,2.0222349166870117,16.865459442138672,-0.16826438903808594,0.11495088785886765,
10,300,A,0,10,0,0,4.635131359100342,34.08872985839844,1.2073203325271606,0.09136799722909927,
10,300,A,0,10,0,1,5.566490650177002,34.93341064453125,1.2889642715454102,0.10909014195203781,
10,300,A,0,10,0,2,6.719289302825928,26.499113082885742,1.0074059963226318,0.17732714116573334,
10,300,A,0,10,0,3,5.558331489562988,29.624282836914062,0.9893113374710083,0.13362324237823486,
10,300,A,0,10,1,0,2.7333998680114746,7.742902755737305,1.4124281406402588,0.14574028551578522,
10,300,A,0,10,1,1,2.403266191482544,8.418312072753906,1.3511279821395874,0.11109695583581924,
10,300,A,0,10,1,2,3.131481885910034,8.900960922241211,1.4710129499435425,0.15722008049488068,
10,300,A,0,10,1,3,2.661114454269409,7.274806022644043,1.383400797843933,0.1493961662054062,
10,300,A,0,11,0,0,4.306395053863525,8.673473358154297,1.6660865545272827,0.23337098956108093,
10,300,A,0,11,0,1,2.9742050170898438,9.273470878601074,1.5968142747879028,0.12932200729846954,
10,300,A,0,11,0,2,2.991093635559082,7.563910007476807,1.5772987604141235,0.1574784368276596,
10,300,A,0,11,0,3,3.312641143798828,8.483460426330566,1.5286871194839478,0.17374910414218903,
10,300,A,0,11,1,0,9.693161010742188,66.25211334228516,2.6735806465148926,0.09580208361148834,
10,300,A,0,11,1,1,10.573522567749023,56.25278091430664,3.0635268688201904,0.11778025329113007,
10,300,A,0,11,1,2,9.13522720336914,62.57530975341797,3.248117446899414,0.08599038422107697,
10,300,A,0,11,1,3,12.479467391967773,54.468040466308594,3.4406135082244873,0.14232870936393738,
10,300,A,0,12,0,0,-0.8903303146362305,0.28782162070274353,-1.0985782146453857,0.41979581117630005,
10,300,A,0,12,0,1,-0.6017447710037231,0.2813394069671631,-1.0768228769302368,0.6280633807182312,
10,300,A,0,12,0,2,-0.6532570123672485,0.26996925473213196,-1.11328125,0.630175769329071,
10,300,A,0,12,0,3,-0.7881351113319397,0.2647116482257843,-1.0839163064956665,0.5277162790298462,
10,300,A,0,12,1,0,1.0020089149475098,0.7656257152557373,0.29322555661201477,0.48072370886802673,
10,300,A,0,12,1,1,1.0417331457138062,0.7394049167633057,0.4816090166568756,0.4310208559036255,
10,300,A,0,12,1,2,1.0915268659591675,0.7372391223907471,0.36914926767349243,0.4949090778827667,
10,300,A,0,12,1,3,0.9171763062477112,0.7400853633880615,0.5309624075889587,0.3429052233695984,
10,300,A,0,13,0,0,-0.1749534010887146,0.8953631520271301,-0.9276124238967896,0.45670443773269653,
10,300,A,0,13,0,1,-0.049948811531066895,0.9690224528312683,-0.9653795957565308,0.4857805669307709,
10,300,A,0,13,0,2,-0.12355327606201172,0.7816433310508728,-0.79045569896698,0.4603944420814514,
10,300,A,0,13,0,3,0.31238508224487305,0.9389973282814026,-0.47954273223876953,0.4575170874595642,
10,300,A,0,13,1,0,2.5626068115234375,0.8401804566383362,1.6269701719284058,0.52687668800354,
10,300,A,0,13,1,1,2.669163703918457,1.0516456365585327,1.589472770690918,0.5065792202949524,
10,300,A,0,13,1,2,2.670304298400879,0.9727781414985657,1.5421411991119385,0.5369797945022583,
10,300,A,0,13,1,3,2.646775960922241,0.7813584208488464,1.376394510269165,0.6191727519035339,
10,300,A,0,14,0,0,1.966110348701477,1.661026954650879,0.5063458681106567,0.4677545726299286,
10,300,A,0,14,0,1,1.9601752758026123,1.6405702829360962,0.7853948473930359,0.4172767698764801,
10,300,A,0,14,0,2,1.7663111686706543,1.592430591583252,1.1238622665405273,0.2874646782875061,
10,300,A,0,14,0,3,1.822403073310852,1.6196177005767822,0.9646504521369934,0.34623512625694275,
10,300,A,0,14,1,0,2.1795055866241455,0.9225497841835022,1.2730995416641235,0.4955866038799286,
10,300,A,0,14,1,1,2.1454224586486816,0.9076775312423706,1.5217543840408325,0.4072680175304413,
10,300,A,0,14,1,2,2.1921427249908447,0.9681515693664551,1.4519600868225098,0.4332773983478546,
10,300,A,0,14,1,3,2.4827680587768555,1.0948086977005005,1.3085858821868896,0.5174909234046936,
10,300,A,0,15,0,0,0.16370919346809387,0.721541702747345,-1.4513003826141357,0.691193699836731,
10,300,A,0,15,0,1,0.7767410278320312,0.5983311533927917,-1.2886253595352173,0.7753756642341614,
10,300,A,0,15,0,2,0.20063257217407227,0.6658856868743896,-1.5315983295440674,0.7223297357559204,
10,300,A,0,15,0,3,0.37399783730506897,0.628627359867096,-1.5350770950317383,0.752284824848175,
10,300,A,0,15,1,0,-0.7878379821777344,0.2807745635509491,-1.7937594652175903,0.7817863821983337,
10,300,A,0,15,1,1,-0.5688977837562561,0.29486554861068726,-1.6445958614349365,0.7848581671714783,
10,300,A,0,15,1,2,-0.7006974816322327,0.2805940806865692,-1.8275642395019531,0.8006380796432495,
10,300,A,0,15,1,3,-1.2434916496276855,0.3605606257915497,-1.9533336162567139,0.6631541848182678,
10,300,A,0,16,0,0,1.3741223812103271,0.6094581484794617,-0.6677006483078003,0.7701269388198853,
10,300,A,0,16,0,1,1.6267203092575073,0.5754578113555908,-0.43336737155914307,0.7816551327705383,
10,300,A,0,16,0,2,0.808657705783844,0.5423218607902527,-0.3708609342575073,0.6850336194038391,
10,300,A,0,16,0,3,1.205312728881836,0.6808120608329773,-0.5082577466964722,0.7156627774238586,
10,300,A,0,16,1,0,-1.644722580909729,0.4266335666179657,-2.710458278656006,0.7141233086585999,
10,300,A,0,16,1,1,-1.5522434711456299,0.3646649420261383,-2.7761712074279785,0.7704477906227112,
10,300,A,0,16,1,2,-1.519033432006836,0.39076918363571167,-2.6973118782043457,0.75095134973526,
10,300,A,0,16,1,3,-1.5743838548660278,0.4310900866985321,-2.7832353115081787,0.7371308207511902,
10,300,A,0,17,0,0,0.8798058032989502,1.6503748893737793,-1.6314635276794434,0.6034320592880249,
10,300,A,0,17,0,1,0.6461324691772461,1.726638913154602,-1.6655442714691162,0.5724358558654785,
10,300,A,0,17,0,2,0.258064866065979,1.4825665950775146,-1.5962724685668945,0.5557059645652771,
10,300,A,0,17,0,3,0.672527551651001,1.6912704706192017,-1.9390344619750977,0.6069401502609253,
10,300,A,0,17,1,0,1.2479865550994873,0.4988683760166168,0.07946372032165527,0.7008090615272522,
10,300,A,0,17,1,1,1.0138627290725708,0.4664134979248047,-0.12382006645202637,0.7092359662055969,
10,300,A,0,17,1,2,1.0734723806381226,0.55336594581604,-0.2651054859161377,0.7075145840644836,
10,300,A,0,17,1,3,0.9087534546852112,0.6023343205451965,-0.20318388938903809,0.6486354470252991,
10,300,A,0,18,0,0,2.0574395656585693,5.400031089782715,-0.8966584205627441,0.3536093235015869,
10,300,A,0,18,0,1,2.2886037826538086,4.699171543121338,-0.6811707019805908,0.3872467875480652,
10,300,A,0,18,0,2,0.8605220317840576,3.848940372467041,-1.0692622661590576,0.3339464068412781,
10,300,A,0,18,0,3,1.8682355880737305,5.686677932739258,-0.8986852169036865,0.327306866645813,
10,300,A,0,18,1,0,0.5973039865493774,2.1347591876983643,-0.4481080174446106,0.32872822880744934,
10,300,A,0,18,1,1,0.8682911992073059,1.987951397895813,-0.5372063517570496,0.41417965292930603,
10,300,A,0,18,1,2,0.6621173024177551,2.4240529537200928,-0.45600825548171997,0.31566041707992554,
10,300,A,0,18,1,3,0.9024512767791748,1.8961464166641235,-0.43374234437942505,0.41338273882865906,
10,300,A,0,19,0,0,-0.7998606562614441,3.914604902267456,-2.891921043395996,0.34828981757164,
10,300,A,0,19,0,1,-0.23441147804260254,3.7395474910736084,-3.3823599815368652,0.45705270767211914,
10,300,A,0,19,0,2,-0.06803834438323975,4.713747024536133,-2.9806272983551025,0.381911963224411,
10,300,A,0,19,0,3,-0.33455634117126465,3.80582857131958,-3.302177906036377,0.4381255507469177,
10,300,A,0,19,1,0,1.6661111116409302,2.997666120529175,0.1786106824874878,0.33164888620376587,
10,300,A,0,19,1,1,2.016334056854248,3.427337169647217,0.05319631099700928,0.36418643593788147,
10,300,A,0,19,1,2,2.0365049839019775,2.8942277431488037,0.28641629219055176,0.376823753118515,
10,300,A,0,19,1,3,1.9346702098846436,4.087892055511475,0.06718432903289795,0.3135797381401062,
10,300,A,0,20,0,0,1.5388593673706055,1.8119935989379883,0.6382782459259033,0.33200234174728394,
10,300,A,0,20,0,1,1.2430931329727173,2.243138074874878,0.6414947509765625,0.21147772669792175,
10,300,A,0,20,0,2,1.1971702575683594,2.1975014209747314,0.6431610584259033,0.20134729146957397,
10,300,A,0,20,0,3,1.2077268362045288,2.118300199508667,0.6956499814987183,0.19467811286449432,
10,300,A,0,20,1,0,0.8784558773040771,3.1988062858581543,0.2678101062774658,0.16029752790927887,
10,300,A,0,20,1,1,1.2539275884628296,3.4911937713623047,0.247267484664917,0.22380897402763367,
10,300,A,0,20,1,2,0.9377898573875427,3.0645229816436768,0.11088335514068604,0.21249428391456604,
10,300,A,0,20,1,3,1.259364366531372,2.2139220237731934,0.21127986907958984,0.32130056619644165,
10,300,A,0,21,0,0,-0.9545227289199829,1.033099889755249,-1.8738105297088623,0.47085312008857727,
10,300,A,0,21,0,1,-0.7674684524536133,1.1164147853851318,-1.7938965559005737,0.479002982378006,
10,300,A,0,21,0,2,-0.6687464714050293,0.8858253359794617,-1.8298239707946777,0.5672363042831421,
10,300,A,0,21,0,3,-1.2033295631408691,1.0013947486877441,-1.8201998472213745,0.3811923563480377,
10,300,A,0,21,1,0,2.3502233028411865,1.0652645826339722,1.4793342351913452,0.4498037099838257,
10,300,A,0,21,1,1,2.678206443786621,1.13417387008667,1.537121295928955,0.5015187859535217,
10,300,A,0,21,1,2,2.6719472408294678,1.0954426527023315,1.479830265045166,0.5211304426193237,
10,300,A,0,21,1,3,1.9937427043914795,1.2177619934082031,1.3420016765594482,0.3486172556877136,
10,300,A,0,22,0,0,1.084089994430542,3.0738494396209717,-1.0318716764450073,0.4077145457267761,
10,300,A,0,22,0,1,1.470184087753296,3.474532127380371,-1.1725268363952637,0.43201011419296265,
10,300,A,0,22,0,2,2.1151812076568604,3.56778883934021,-0.6325963139533997,0.4350801408290863,
10,300,A,0,22,0,3,0.8042654991149902,3.4694597721099854,-1.364683985710144,0.3846740126609802,
10,300,A,0,22,1,0,4.224003791809082,2.072399377822876,2.0545310974121094,0.511442244052887,
10,300,A,0,22,1,1,3.732542037963867,1.918241262435913,1.9135544300079346,0.4867209792137146,
10,300,A,0,22,1,2,4.045731544494629,1.7496873140335083,2.040597915649414,0.5340157747268677,
10,300,A,0,22,1,3,3.6509201526641846,2.221053123474121,2.169264316558838,0.4001545310020447,
10,300,A,0,23,0,0,1.1278386116027832,3.223788022994995,-0.30256223678588867,0.3073362410068512,
10,300,A,0,23,0,1,1.8352231979370117,3.4228358268737793,-0.27700570225715637,0.3816087245941162,
10,300,A,0,23,0,2,2.146632432937622,3.2154321670532227,-0.395374059677124,0.4415168762207031,
10,300,A,0,23,0,3,2.005988359451294,3.3169097900390625,-0.5752186179161072,0.43763241171836853,
10,300,A,0,23,1,0,3.89512300491333,4.067583084106445,1.235100507736206,0.395389199256897,
10,300,A,0,23,1,1,2.9098620414733887,4.301684856414795,1.1039478778839111,0.2956831455230713,
10,300,A,0,23,1,2,3.5598556995391846,3.7384350299835205,1.166683554649353,0.390300989151001,
10,300,A,0,23,1,3,3.027961492538452,4.018160820007324,1.318520426750183,0.29845666885375977,
10,300,A,0,24,0,0,1.2180602550506592,19.9991455078125,-1.0378925800323486,0.10136790573596954,
10,300,A,0,24,0,1,1.988248348236084,19.893951416015625,-0.3386002779006958,0.10471487790346146,
10,300,A,0,24,0,2,1.1994569301605225,21.650814056396484,-1.0402302742004395,0.09374801814556122,
10,300,A,0,24,0,3,1.112743616104126,18.352603912353516,-1.1026241779327393,0.10770959407091141,
10,300,A,0,24,1,0,2.2016756534576416,13.285648345947266,-0.11161208152770996,0.14829780161380768,
10,300,A,0,24,1,1,1.6673555374145508,17.190872192382812,-0.7186791896820068,0.12188007682561874,
10,300,A,0,24,1,2,0.889106273651123,14.275749206542969,-0.7664985656738281,0.10392116010189056,
10,300,A,0,24,1,3,1.5734436511993408,18.04534149169922,-0.32453209161758423,0.09516850858926773,
10,300,A,0,25,0,0,2.7554595470428467,18.614032745361328,-1.229867696762085,0.17634691298007965,
10,300,A,0,25,0,1,2.9436023235321045,18.46539878845215,-0.9621925354003906,0.1745903491973877,
10,300,A,0,25,0,2,1.0462009906768799,19.813798904418945,-1.4551594257354736,0.11209242790937424,
10,300,A,0,25,0,3,1.6983835697174072,17.79665184020996,-1.260627031326294,0.14256401360034943,
10,300,A,0,25,1,0,1.131813645362854,4.80251407623291,-0.04367460310459137,0.1966356337070465,
10,300,A,0,25,1,1,0.645761251449585,4.164358139038086,-0.051224708557128906,0.14337310194969177,
10,300,A,0,25,1,2,1.5584734678268433,5.0929765701293945,-0.04818110167980194,0.23981238901615143,
10,300,A,0,25,1,3,0.7793365716934204,4.8446760177612305,0.00791710615158081,0.1373586803674698,
10,300,A,0,26,0,0,1.7458980083465576,19.861568450927734,-0.18365752696990967,0.08854777365922928,
10,300,A,0,26,0,1,3.0751731395721436,20.311912536621094,0.0054759979248046875,0.13128681480884552,
10,300,A,0,26,0,2,4.076772689819336,25.681049346923828,-0.44731658697128296,0.1497787982225418,
10,300,A,0,26,0,3,6.7130889892578125,22.915422439575195,0.578740119934082,0.2111668586730957,
10,300,A,0,26,1,0,5.27493953704834,18.09007453918457,2.7069756984710693,0.12430821359157562,
10,300,A,0,26,1,1,5.842391014099121,17.442798614501953,2.7389702796936035,0.15104582905769348,
10,300,A,0,26,1,2,6.490065574645996,15.824874877929688,2.9337964057922363,0.18349118530750275,
10,300,A,0,26,1,3,5.711503505706787,15.825979232788086,2.7133939266204834,0.15926983952522278,
10,300,A,0,27,0,0,7.587168216705322,20.76448631286621,1.6796445846557617,0.22148776054382324,
10,300,A,0,27,0,1,7.272269248962402,22.46830940246582,1.745347023010254,0.19742371141910553,
10,300,A,0,27,0,2,6.503210067749023,19.827667236328125,1.7784841060638428,0.1924344152212143,
10,300,A,0,27,0,3,5.173687934875488,21.403400421142578,1.8325731754302979,0.13502445816993713,
10,300,A,0,27,1,0,1.1392803192138672,21.915464401245117,-0.8346763253211975,0.08262889832258224,
10,300,A,0,27,1,1,1.9025976657867432,27.26332664489746,-0.9453427195549011,0.09458056092262268,
10,300,A,0,27,1,2,4.048653602600098,23.60694694519043,-0.4006284475326538,0.15858447551727295,
10,300,A,0,27,1,3,1.312709093093872,26.8948917388916,-0.7674112915992737,0.07179013639688492,
10,300,A,0,28,0,0,1.9580254554748535,14.028573036193848,0.21998775005340576,0.11023534089326859,
10,300,A,0,28,0,1,2.3522112369537354,13.173300743103027,0.21222332119941711,0.13974711298942566,
10,300,A,0,28,0,2,1.9371023178100586,9.478948593139648,0.19842597842216492,0.15499505400657654,
10,300,A,0,28,0,3,4.131128311157227,12.63263988494873,0.1903209090232849,0.23777838051319122,
10,300,A,0,28,1,0,6.538698196411133,32.20461654663086,1.8872008323669434,0.12620693445205688,
10,300,A,0,28,1,1,7.775276184082031,37.03776931762695,2.0050203800201416,0.13479378819465637,
10,300,A,0,28,1,2,7.937792778015137,34.81279373168945,2.0992789268493652,0.14362426102161407,
10,300,A,0,28,1,3,8.4398775100708,37.436767578125,2.187403678894043,0.1431124359369278,
10,300,A,0,29,0,0,10.487503051757812,36.55092239379883,0.44534051418304443,0.21552903950214386,
10,300,A,0,29,0,1,11.846153259277344,44.51564407348633,0.2852274179458618,0.2061631977558136,
10,300,A,0,29,0,2,13.434906959533691,46.436256408691406,0.43313825130462646,0.21874496340751648,
10,300,A,0,29,0,3,9.178278923034668,41.84104537963867,0.5565758943557739,0.17085282504558563,
10,300,A,0,29,1,0,16.84819221496582,75.05422973632812,3.463219165802002,0.1513466089963913,
10,300,A,0,29,1,1,25.036561965942383,68.05510711669922,3.6717467308044434,0.23892676830291748,
10,300,A,0,29,1,2,10.943923950195312,55.90595245361328,3.7239465713500977,0.11437419801950455,
10,300,A,0,29,1,3,13.07924747467041,71.41150665283203,2.7737302780151367,0.12611223757266998,
10,300,A,0,30,0,0,1.150890588760376,9.68681526184082,-0.3625999689102173,0.1351293921470642,
10,300,A,0,30,0,1,1.174349308013916,9.295223236083984,-0.10144653171300888,0.1206880584359169,
10,300,A,0,30,0,2,1.5830059051513672,7.899196147918701,-0.4630003273487091,0.2057279646396637,
10,300,A,0,30,0,3,1.6219593286514282,10.09830093383789,-0.23852470517158508,0.15557466447353363,
10,300,A,0,30,1,0,1.4697495698928833,6.5464043617248535,0.18275585770606995,0.1642957180738449,
10,300,A,0,30,1,1,3.1597254276275635,7.314655780792236,0.13293343782424927,0.29268550872802734,
10,300,A,0,30,1,2,1.2628861665725708,5.703882217407227,0.11265605688095093,0.16781605780124664,
10,300,A,0,30,1,3,1.486115574836731,8.569321632385254,0.10608027130365372,0.13870598375797272,
10,300,A,0,31,0,0,5.127323627471924,37.23080062866211,1.3051214218139648,0.09310408681631088,
10,300,A,0,31,0,1,10.879652976989746,27.553869247436523,1.0697518587112427,0.2625511586666107,
10,300,A,0,31,0,2,7.691391468048096,40.96746063232422,0.7403764724731445,0.14505918323993683,
10,300,A,0,31,0,3,8.042566299438477,43.152713775634766,0.6129971742630005,0.1468808650970459,
10,300,A,0,31,1,0,1.9473530054092407,3.0002994537353516,0.8784158229827881,0.2626873850822449,
10,300,A,0,31,1,1,1.941079020500183,3.1561524868011475,0.905336856842041,0.24708211421966553,
10,300,A,0,31,1,2,2.2850093841552734,4.998716354370117,0.9551088809967041,0.21014077961444855,
10,300,A,0,31,1,3,2.4144582748413086,2.887760877609253,0.8677982687950134,0.3487851321697235,
10,300,A,0,32,0,0,0.7867201566696167,4.568450450897217,-0.3413906693458557,0.1980336606502533,
10,300,A,0,32,0,1,0.9264378547668457,3.746638298034668,-0.40575799345970154,0.2623034715652466,
10,300,A,0,32,0,2,0.34475409984588623,3.792772054672241,-0.46341848373413086,0.1756536215543747,
10,300,A,0,32,0,3,0.4049075245857239,4.436331272125244,-0.37626171112060547,0.1497209668159485,
10,300,A,0,32,1,0,6.655295372009277,11.41203498840332,1.4484970569610596,0.31330710649490356,
10,300,A,0,32,1,1,4.891436576843262,10.115946769714355,1.472298264503479,0.25261297821998596,
10,300,A,0,32,1,2,5.0110673904418945,11.334038734436035,1.491865873336792,0.23693156242370605,
10,300,A,0,32,1,3,4.86944580078125,10.4777193069458,1.5531891584396362,0.24041339755058289,
10,300,A,0,33,0,0,15.372878074645996,47.50862121582031,2.6164464950561523,0.2116721272468567,
10,300,A,0,33,0,1,5.1495561599731445,41.00923538208008,1.498324990272522,0.08175533264875412,
10,300,A,0,33,0,2,7.830560684204102,44.12315368652344,1.5048731565475464,0.12538816034793854,
10,300,A,0,33,0,3,6.775330543518066,36.0731086730957,1.7990247011184692,0.1212272122502327,
10,300,A,0,33,1,0,2.465264320373535,12.758842468261719,-1.4354583024978638,0.23414310812950134,
10,300,A,0,33,1,1,2.334282398223877,13.586790084838867,-1.6167545318603516,0.2252865880727768,
10,300,A,0,33,1,2,1.0363285541534424,14.209901809692383,-1.7887946367263794,0.16584204137325287,
10,300,A,0,33,1,3,1.1109821796417236,13.05997085571289,-1.5534229278564453,0.1694442480802536,
10,300,A,0,34,0,0,4.233306884765625,14.216636657714844,-0.8954766392707825,0.2651161849498749,
10,300,A,0,34,0,1,2.38185453414917,11.633441925048828,-0.368304044008255,0.19120098650455475,
10,300,A,0,34,0,2,2.42242431640625,15.875792503356934,-0.694887101650238,0.1641286015510559,
10,300,A,0,34,0,3,2.2497718334198,16.218679428100586,-0.6185433864593506,0.15027588605880737,
10,300,A,0,34,1,0,4.268415451049805,25.835041046142578,-0.6230742931365967,0.15919435024261475,
10,300,A,0,34,1,1,4.905839920043945,25.303985595703125,-0.6751479506492615,0.1807023584842682,
10,300,A,0,34,1,2,5.435975074768066,23.17995834350586,-0.6627460718154907,0.20829904079437256,
10,300,A,0,34,1,3,6.690471649169922,30.96977996826172,-0.505064845085144,0.18853600323200226,
10,300,A,0,35,0,0,5.209332466125488,15.881688117980957,0.20745866000652313,0.23951250314712524,
10,300,A,0,35,0,1,6.200300216674805,16.615577697753906,0.8907327055931091,0.24216794967651367,
10,300,A,0,35,0,2,3.185370922088623,19.810720443725586,0.2953489124774933,0.12730957567691803,
10,300,A,0,35,0,3,2.423672676086426,17.085668563842773,0.13716921210289001,0.11803032457828522,
10,300,A,0,35,1,0,4.51176118850708,30.977210998535156,-1.8317182064056396,0.16997218132019043,
10,300,A,0,35,1,1,7.8090081214904785,36.77726745605469,-1.4438931941986084,0.20101818442344666,
10,300,A,0,35,1,2,1.3419907093048096,31.27500343322754,-1.7764705419540405,0.09067016839981079,
10,300,A,0,35,1,3,3.1452488899230957,27.49828338623047,-2.225419759750366,0.16339640319347382,
10,300,A,1,0,0,0,2.2679688930511475,11.82174015045166,-0.9020627737045288,0.2114514410495758,
10,300,A,1,0,0,1,5.034171104431152,14.845271110534668,-0.8537111282348633,0.28398391604423523,
10,300,A,1,0,0,2,3.8116581439971924,13.685559272766113,-0.8563543558120728,0.2543380856513977,
10,300,A,1,0,0,3,7.163430213928223,11.625360488891602,0.5067583322525024,0.3641100525856018,
10,300,A,1,0,1,0,3.93599009513855,14.068696022033691,1.0346200466156006,0.1709698736667633,
10,300,A,1,0,1,1,6.069940567016602,14.642848014831543,0.5699977874755859,0.27304771542549133,
10,300,A,1,0,1,2,6.943790912628174,12.701799392700195,0.6092162132263184,0.33276164531707764,
10,300,A,1,0,1,3,9.548397064208984,11.937596321105957,0.9103153944015503,0.41982004046440125,
10,300,A,1,1,0,0,7.635520935058594,19.00695037841797,0.5568517446517944,0.27136287093162537,
10,300,A,1,1,0,1,6.1766204833984375,18.4344482421875,2.1339781284332275,0.17985613644123077,
10,300,A,1,1,0,2,5.763267517089844,21.7180233001709,0.7024456262588501,0.18898580968379974,
10,300,A,1,1,0,3,6.456876754760742,16.19300651550293,0.4600237011909485,0.27025195956230164,
10,300,A,1,1,1,0,2.335392713546753,10.562820434570312,-0.13425010442733765,0.18949930369853973,
10,300,A,1,1,1,1,1.5264136791229248,12.16151237487793,-0.7006727457046509,0.15478134155273438,
10,300,A,1,1,1,2,4.612424373626709,9.635614395141602,0.32746362686157227,0.30781492590904236,
10,300,A,1,1,1,3,1.8842339515686035,12.697186470031738,-0.5765693783760071,0.16234363615512848,
10,300,A,1,2,0,0,4.034210681915283,9.067359924316406,1.0587983131408691,0.24707038700580597,
10,300,A,1,2,0,1,3.544769525527954,9.081778526306152,0.6467493176460266,0.24190892279148102,
10,300,A,1,2,0,2,3.10897159576416,6.730748176574707,0.5226184129714966,0.2775920331478119,
10,300,A,1,2,0,3,3.8043501377105713,7.621448040008545,0.577579140663147,0.2974470555782318,
10,300,A,1,2,1,0,-0.6089819669723511,3.2905843257904053,-1.5125435590744019,0.2154339849948883,
10,300,A,1,2,1,1,-0.3818037509918213,3.5165250301361084,-1.5218039751052856,0.2448177933692932,
10,300,A,1,2,1,2,-0.8507099151611328,3.493637800216675,-1.3897385597229004,0.13366557657718658,
10,300,A,1,2,1,3,-0.35127031803131104,3.3928210735321045,-1.3803021907806396,0.23271508514881134,
10,300,A,1,3,0,0,8.747306823730469,57.045223236083984,-0.031215190887451172,0.13336408138275146,
10,300,A,1,3,0,1,10.961677551269531,54.24296569824219,1.2813117504119873,0.15143711864948273,
10,300,A,1,3,0,2,5.622751235961914,63.07462692260742,-0.18279016017913818,0.08428465574979782,
10,300,A,1,3,0,3,3.7419629096984863,65.25331115722656,0.9978475570678711,0.040356166660785675,
10,300,A,1,3,1,0,3.6537399291992188,38.79066467285156,-0.806673526763916,0.10312838107347488,
10,300,A,1,3,1,1,6.251707077026367,41.01445388793945,-0.8185145854949951,0.14703691005706787,
10,300,A,1,3,1,2,6.298340320587158,44.17965316772461,-0.028869152069091797,0.12527425587177277,
10,300,A,1,3,1,3,7.783202648162842,39.42127990722656,0.09797322750091553,0.16314579546451569,
10,300,A,1,4,0,0,13.95925521850586,65.5726089477539,3.1682302951812744,0.14131104946136475,
10,300,A,1,4,0,1,13.610875129699707,68.76663970947266,0.46767210960388184,0.16045938432216644,
10,300,A,1,4,0,2,3.9369471073150635,59.869876861572266,-0.2987123727798462,0.0660732239484787,
10,300,A,1,4,0,3,9.09109115600586,64.3841552734375,4.022727966308594,0.07297594100236893,
10,300,A,1,4,1,0,20.808820724487305,74.04741668701172,3.27840518951416,0.19142639636993408,
10,300,A,1,4,1,1,22.008285522460938,87.42681121826172,2.663219690322876,0.18118128180503845,
10,300,A,1,4,1,2,14.116765975952148,81.34860229492188,2.6854190826416016,0.12320924550294876,
10,300,A,1,4,1,3,22.09471893310547,85.51577758789062,2.577338218688965,0.18582113087177277,
10,300,A,1,5,0,0,8.508004188537598,19.735069274902344,1.4226797819137573,0.26417675614356995,
10,300,A,1,5,0,1,2.9503579139709473,21.256322860717773,1.1654393672943115,0.07746624946594238,
10,300,A,1,5,0,2,3.5759880542755127,23.15340805053711,1.2937798500061035,0.08972489833831787,
10,300,A,1,5,0,3,7.369424819946289,20.96527099609375,1.595916509628296,0.21592263877391815,
10,300,A,1,5,1,0,10.367414474487305,26.95102882385254,1.5522642135620117,0.24646608531475067,
10,300,A,1,5,1,1,7.098459720611572,29.578672409057617,1.5904064178466797,0.15698395669460297,
10,300,A,1,5,1,2,11.009040832519531,34.024444580078125,1.4229979515075684,0.21981048583984375,
10,300,A,1,5,1,3,7.985172271728516,40.83256149291992,1.3782925605773926,0.13926976919174194,
10,300,A,1,6,0,0,5.728719711303711,43.527557373046875,2.96785831451416,0.059644751250743866,
10,300,A,1,6,0,1,12.327788352966309,37.8269157409668,2.3421311378479004,0.20885002613067627,
10,300,A,1,6,0,2,7.614391326904297,50.190956115722656,2.100689172744751,0.09898099303245544,
10,300,A,1,6,0,3,10.803177833557129,51.33708572387695,2.0952656269073486,0.14502310752868652,
10,300,A,1,6,1,0,7.399230003356934,27.168941497802734,2.488957405090332,0.15306712687015533,
10,300,A,1,6,1,1,5.511938095092773,21.71776008605957,3.187460422515869,0.0966830775141716,
10,300,A,1,6,1,2,8.344766616821289,26.013912200927734,2.2138381004333496,0.19072823226451874,
10,300,A,1,6,1,3,7.0901031494140625,25.93979263305664,2.529543161392212,0.14952483773231506,
10,300,A,1,7,0,0,15.840670585632324,91.42963409423828,1.5653879642486572,0.13504843413829803,
10,300,A,1,7,0,1,9.295223236083984,135.906494140625,1.8432719707489014,0.05198124796152115,
10,300,A,1,7,0,2,16.280364990234375,132.57284545898438,1.3913503885269165,0.10096857696771622,
10,300,A,1,7,0,3,13.14706802368164,132.53753662109375,1.0978025197982788,0.08333586156368256,
10,300,A,1,7,1,0,12.34350872039795,87.3663330078125,0.8600646257400513,0.11617065966129303,
10,300,A,1,7,1,1,8.047371864318848,88.24000549316406,0.9664835333824158,0.07428475469350815,
10,300,A,1,7,1,2,9.658843040466309,71.56187438964844,1.0205695629119873,0.10770893841981888,
10,300,A,1,7,1,3,4.453040599822998,88.39118957519531,1.0694618225097656,0.03686829283833504,
10,300,A,1,8,0,0,14.436029434204102,74.1715316772461,1.2143359184265137,0.1512896865606308,
10,300,A,1,8,0,1,9.519998550415039,64.14781188964844,2.304927110671997,0.10110397636890411,
10,300,A,1,8,0,2,10.38569450378418,69.57491302490234,1.3632031679153442,0.11479376256465912,
10,300,A,1,8,0,3,12.538433074951172,77.30921173095703,2.6755809783935547,0.11314234882593155,
10,300,A,1,8,1,0,5.076621055603027,53.58987808227539,2.2777979373931885,0.04963446781039238,
10,300,A,1,8,1,1,13.001628875732422,57.54841232299805,2.440824270248413,0.1550569087266922,
10,300,A,1,8,1,2,5.462606430053711,58.173095703125,2.670316696166992,0.04580123350024223,
10,300,A,1,8,1,3,8.56061840057373,47.65164566040039,2.339603900909424,0.11547628045082092,
10,300,A,1,9,0,0,6.361025810241699,37.67198181152344,2.8315012454986572,0.08566493541002274,
10,300,A,1,9,0,1,5.245368957519531,28.640779495239258,2.3934409618377686,0.09055836498737335,
10,300,A,1,9,0,2,8.205345153808594,26.530519485473633,2.5010836124420166,0.1769598424434662,
10,300,A,1,9,0,3,7.341561317443848,31.882761001586914,2.4037222862243652,0.13410533964633942,
10,300,A,1,9,1,0,1.6910037994384766,18.91800880432129,-0.002833127975463867,0.08217784017324448,
10,300,A,1,9,1,1,2.5803661346435547,19.882471084594727,-0.10425204038619995,0.11896165460348129,
10,300,A,1,9,1,2,1.8790462017059326,14.942761421203613,-0.1050615906715393,0.11721645295619965,
10,300,A,1,9,1,3,2.0222349166870117,16.865459442138672,-0.35990938544273376,0.12376315146684647,
10,300,A,1,10,0,0,4.635131359100342,34.08872985839844,2.0710387229919434,0.0699562132358551,
10,300,A,1,10,0,1,5.566490650177002,34.93341064453125,0.9616619348526001,0.11646519601345062,
10,300,A,1,10,0,2,6.719289302825928,26.499113082885742,1.3756004571914673,0.16781465709209442,
10,300,A,1,10,0,3,5.558331489562988,29.624282836914062,1.0326606035232544,0.13252349197864532,
10,300,A,1,10,1,0,2.7333998680114746,7.742902755737305,1.432186245918274,0.14387404918670654,
10,300,A,1,10,1,1,2.403266191482544,8.418312072753906,1.3912569284439087,0.10731440037488937,
10,300,A,1,10,1,2,3.131481885910034,8.900960922241211,1.3510470390319824,0.16668559610843658,
10,300,A,1,10,1,3,2.661114454269409,7.274806022644043,1.6239149570465088,0.12478329986333847,
10,300,A,1,11,0,0,4.306395053863525,8.673473358154297,1.640586018562317,0.2350950539112091,
10,300,A,1,11,0,1,2.9742050170898438,9.273470878601074,1.5846768617630005,0.13031306862831116,
10,300,A,1,11,0,2,2.991093635559082,7.563910007476807,1.660841703414917,0.14956462383270264,
10,300,A,1,11,0,3,3.312641143798828,8.483460426330566,1.6421425342559814,0.16451697051525116,
10,300,A,1,11,1,0,9.693161010742188,66.25211334228516,3.6135594844818115,0.08405166119337082,
10,300,A,1,11,1,1,10.573522567749023,56.25278091430664,1.957687497138977,0.1328197866678238,
10,300,A,1,11,1,2,9.13522720336914,62.57530975341797,4.584558486938477,0.06779295951128006,
10,300,A,1,11,1,3,12.479467391967773,54.468040466308594,3.3184099197387695,0.14397591352462769,
10,300,A,1,12,0,0,-0.8903303146362305,0.28782162070274353,-1.1068050861358643,0.4292609989643097,
10,300,A,1,12,0,1,-0.6017447710037231,0.2813394069671631,-1.094616174697876,0.6366113424301147,
10,300,A,1,12,0,2,-0.6532570123672485,0.26996925473213196,-1.1001373529434204,0.6233948469161987,
10,300,A,1,12,0,3,-0.7881351113319397,0.2647116482257843,-1.098016381263733,0.5393057465553284,
10,300,A,1,12,1,0,1.0020089149475098,0.7656257152557373,0.42133256793022156,0.43131208419799805,
10,300,A,1,12,1,1,1.0417331457138062,0.7394049167633057,0.3580358624458313,0.48042741417884827,
10,300,A,1,12,1,2,1.0915268659591675,0.7372391223907471,0.44999438524246216,0.4652927815914154,
10,300,A,1,12,1,3,0.9171763062477112,0.7400853633880615,0.39573532342910767,0.41334134340286255,
10,300,A,1,13,0,0,-0.1749534010887146,0.8953631520271301,-0.6319243907928467,0.33791276812553406,
10,300,A,1,13,0,1,-0.049948811531066895,0.9690224528312683,-0.8017169237136841,0.4368737041950226,
10,300,A,1,13,0,2,-0.12355327606201172,0.7816433310508728,-0.8496794104576111,0.4815896451473236,
10,300,A,1,13,0,3,0.31238508224487305,0.9389973282814026,-0.9171596169471741,0.56699138879776,
10,300,A,1,13,1,0,2.5626068115234375,0.8401804566383362,1.7198548316955566,0.5007639527320862,
10,300,A,1,13,1,1,2.669163703918457,1.0516456365585327,1.3382700681686401,0.5586029887199402,
10,300,A,1,13,1,2,2.670304298400879,0.9727781414985657,1.6533024311065674,0.5111127495765686,
10,300,A,1,13,1,3,2.646775960922241,0.7813584208488464,1.5258708000183105,0.5892481207847595,
10,300,A,1,14,0,0,1.966110348701477,1.661026954650879,1.0596879720687866,0.35304391384124756,
10,300,A,1,14,0,1,1.9601752758026123,1.6405702829360962,1.100346326828003,0.3438766896724701,
10,300,A,1,14,0,2,1.7663111686706543,1.592430591583252,1.176023244857788,0.2704370319843292,
10,300,A,1,14,0,3,1.822403073310852,1.6196177005767822,1.0279130935668945,0.32910293340682983,
10,300,A,1,14,1,0,2.1795055866241455,0.9225497841835022,1.3465518951416016,0.47448137402534485,
10,300,A,1,14,1,1,2.1454224586486816,0.9076775312423706,1.2977001667022705,0.48292261362075806,
10,300,A,1,14,1,2,2.1921427249908447,0.9681515693664551,1.4810545444488525,0.42345839738845825,
10,300,A,1,14,1,3,2.4827680587768555,1.0948086977005005,1.2734743356704712,0.524843692779541,
10,300,A,1,15,0,0,0.16370919346809387,0.721541702747345,-0.897925853729248,0.5953616499900818,
10,300,A,1,15,0,1,0.7767410278320312,0.5983311533927917,-1.2730045318603516,0.7740507125854492,
10,300,A,1,15,0,2,0.20063257217407227,0.6658856868743896,-1.6025571823120117,0.7303097248077393,
10,300,A,1,15,0,3,0.37399783730506897,0.628627359867096,-1.4917898178100586,0.7479860782623291,
10,300,A,1,15,1,0,-0.7878379821777344,0.2807745635509491,-1.6060307025909424,0.7445105314254761,
10,300,A,1,15,1,1,-0.5688977837562561,0.29486554861068726,-1.75321626663208,0.8006566166877747,
10,300,A,1,15,1,2,-0.7006974816322327,0.2805940806865692,-1.8185335397720337,0.7993506193161011,
10,300,A,1,15,1,3,-1.2434916496276855,0.3605606257915497,-1.8020622730255127,0.6077158451080322,
10,300,A,1,16,0,0,1.3741223812103271,0.6094581484794617,-0.6612662076950073,0.769567608833313,
10,300,A,1,16,0,1,1.6267203092575073,0.5754578113555908,-0.41937553882598877,0.7804898023605347,
10,300,A,1,16,0,2,0.808657705783844,0.5423218607902527,-0.637258768081665,0.727234959602356,
10,300,A,1,16,0,3,1.205312728881836,0.6808120608329773,-0.01920497417449951,0.6426801681518555,
10,300,A,1,16,1,0,-1.644722580909729,0.4266335666179657,-2.6843223571777344,0.7090275287628174,
10,300,A,1,16,1,1,-1.5522434711456299,0.3646649420261383,-2.6464102268218994,0.750029444694519,
10,300,A,1,16,1,2,-1.519033432006836,0.39076918363571167,-2.626927375793457,0.7392548322677612,
10,300,A,1,16,1,3,-1.5743838548660278,0.4310900866985321,-2.689774990081787,0.7212445735931396,
10,300,A,1,17,0,0,0.8798058032989502,1.6503748893737793,-1.130643606185913,0.5491794943809509,
10,300,A,1,17,0,1,0.6461324691772461,1.726638913154602,-1.4617314338684082,0.5497097969055176,
10,300,A,1,17,0,2,0.258064866065979,1.4825665950775146,-1.8464701175689697,0.58669513463974,
10,300,A,1,17,0,3,0.672527551651001,1.6912704706192017,-1.4536924362182617,0.5569679737091064,
10,300,A,1,17,1,0,1.2479865550994873,0.4988683760166168,0.4614872932434082,0.6118866205215454,
10,300,A,1,17,1,1,1.0138627290725708,0.4664134979248047,0.04689168930053711,0.6746068596839905,
10,300,A,1,17,1,2,1.0734723806381226,0.55336594581604,0.19494843482971191,0.6135416030883789,
10,300,A,1,17,1,3,0.9087534546852112,0.6023343205451965,-0.12649548053741455,0.6321809887886047,
10,300,A,1,18,0,0,2.0574395656585693,5.400031089782715,-0.7254698276519775,0.3400867283344269,
10,300,A,1,18,0,1,2.2886037826538086,4.699171543121338,-0.6565999984741211,0.38527724146842957,
10,300,A,1,18,0,2,0.8605220317840576,3.848940372467041,-0.7942907810211182,0.3006698787212372,
10,300,A,1,18,0,3,1.8682355880737305,5.686677932739258,-0.9587459564208984,0.33205246925354004,
10,300,A,1,18,1,0,0.5973039865493774,2.1347591876983643,-0.23824262619018555,0.2812998592853546,
10,300,A,1,18,1,1,0.8682911992073059,1.987951397895813,-0.3695579767227173,0.38373395800590515,
10,300,A,1,18,1,2,0.6621173024177551,2.4240529537200928,-0.40565818548202515,0.3057926595211029,
10,300,A,1,18,1,3,0.9024512767791748,1.8961464166641235,-0.44080841541290283,0.41466233134269714,
10,300,A,1,19,0,0,-0.7998606562614441,3.914604902267456,-3.2375693321228027,0.3837513327598572,
10,300,A,1,19,0,1,-0.23441147804260254,3.7395474910736084,-3.3567416667938232,0.4550256133079529,
10,300,A,1,19,0,2,-0.06803834438323975,4.713747024536133,-3.4515180587768555,0.4178566038608551,
10,300,A,1,19,0,3,-0.33455634117126465,3.80582857131958,-3.3348989486694336,0.44082680344581604,
10,300,A,1,19,1,0,1.6661111116409302,2.997666120529175,0.3386225700378418,0.3069227933883667,
10,300,A,1,19,1,1,2.016334056854248,3.427337169647217,-0.047719478607177734,0.37587079405784607,
10,300,A,1,19,1,2,2.0365049839019775,2.8942277431488037,0.057851195335388184,0.40605413913726807,
10,300,A,1,19,1,3,1.9346702098846436,4.087892055511475,0.08326196670532227,0.3117216229438782,
10,300,A,1,20,0,0,1.5388593673706055,1.8119935989379883,0.712912380695343,0.31310296058654785,
10,300,A,1,20,0,1,1.2430931329727173,2.243138074874878,1.2405251264572144,0.0011435184860602021,
10,300,A,1,20,0,2,1.1971702575683594,2.1975014209747314,0.6473935842514038,0.2001168578863144,
10,300,A,1,20,0,3,1.2077268362045288,2.118300199508667,0.8160014152526855,0.15606431663036346,
10,300,A,1,20,1,0,0.8784558773040771,3.1988062858581543,0.314700186252594,0.14983293414115906,
10,300,A,1,20,1,1,1.2539275884628296,3.4911937713623047,0.11901003122329712,0.2453286349773407,
10,300,A,1,20,1,2,0.9377898573875427,3.0645229816436768,0.2671241760253906,0.17955335974693298,
10,300,A,1,20,1,3,1.259364366531372,2.2139220237731934,0.1935577392578125,0.3249679207801819,
10,300,A,1,21,0,0,-0.9545227289199829,1.033099889755249,-1.8766614198684692,0.4716246426105499,
10,300,A,1,21,0,1,-0.7674684524536133,1.1164147853851318,-1.807239055633545,0.4822269082069397,
10,300,A,1,21,0,2,-0.6687464714050293,0.8858253359794617,-1.8697024583816528,0.5755063891410828,
10,300,A,1,21,0,3,-1.2033295631408691,1.0013947486877441,-1.8640687465667725,0.3975246250629425,
10,300,A,1,21,1,0,2.3502233028411865,1.0652645826339722,1.5301756858825684,0.43496647477149963,
10,300,A,1,21,1,1,2.678206443786621,1.13417387008667,1.5087332725524902,0.5076616406440735,
10,300,A,1,21,1,2,2.6719472408294678,1.0954426527023315,1.3347256183624268,0.5496942400932312,
10,300,A,1,21,1,3,1.9937427043914795,1.2177619934082031,1.4513921737670898,0.3081340193748474,
10,300,A,1,22,0,0,1.084089994430542,3.0738494396209717,-1.4077575206756592,0.44771528244018555,
10,300,A,1,22,0,1,1.470184087753296,3.474532127380371,-1.1438263654708862,0.4293327033519745,
10,300,A,1,22,0,2,2.1151812076568604,3.56778883934021,-0.09639537334442139,0.3826677203178406,
10,300,A,1,22,0,3,0.8042654991149902,3.4694597721099854,-1.3579304218292236,0.3839360773563385,
10,300,A,1,22,1,0,4.224003791809082,2.072399377822876,2.306553363800049,0.4805820882320404,
10,300,A,1,22,1,1,3.732542037963867,1.918241262435913,1.9658437967300415,0.4794375002384186,
10,300,A,1,22,1,2,4.045731544494629,1.7496873140335083,1.9636003971099854,0.5433793663978577,
10,300,A,1,22,1,3,3.6509201526641846,2.221053123474121,1.897418737411499,0.44118189811706543,
10,300,A,1,23,0,0,1.1278386116027832,3.223788022994995,-0.4652816653251648,0.3307350277900696,
10,300,A,1,23,0,1,1.8352231979370117,3.4228358268737793,-0.3389160633087158,0.3884489834308624,
10,300,A,1,23,0,2,2.146632432937622,3.2154321670532227,-0.3808358609676361,0.44010308384895325,
10,300,A,1,23,0,3,2.005988359451294,3.3169097900390625,-0.49254322052001953,0.42963746190071106,
10,300,A,1,23,1,0,3.89512300491333,4.067583084106445,1.2851569652557373,0.39085689187049866,
10,300,A,1,23,1,1,2.9098620414733887,4.301684856414795,0.9824807643890381,0.30941736698150635,
10,300,A,1,23,1,2,3.5598556995391846,3.7384350299835205,1.1422592401504517,0.39271992444992065,
10,300,A,1,23,1,3,3.027961492538452,4.018160820007324,1.1999832391738892,0.31268125772476196,
10,300,A,1,24,0,0,1.2180602550506592,19.9991455078125,-1.1529560089111328,0.10599012672901154,
10,300,A,1,24,0,1,1.988248348236084,19.893951416015625,-0.7439972162246704,0.12075584381818771,
10,300,A,1,24,0,2,1.1994569301605225,21.650814056396484,-0.8279517292976379,0.08562333881855011,
10,300,A,1,24,0,3,1.112743616104126,18.352603912353516,-0.7296550273895264,0.09123042225837708,
10,300,A,1,24,1,0,2.2016756534576416,13.285648345947266,-0.6891239881515503,0.17870421707630157,
10,300,A,1,24,1,1,1.6673555374145508,17.190872192382812,-0.41709238290786743,0.10814076662063599,
10,300,A,1,24,1,2,0.889106273651123,14.275749206542969,-0.8089172840118408,0.1063007190823555,
10,300,A,1,24,1,3,1.5734436511993408,18.04534149169922,-0.7755870223045349,0.11518033593893051,
10,300,A,1,25,0,0,2.7554595470428467,18.614032745361328,-1.2715775966644287,0.17786426842212677,
10,300,A,1,25,0,1,2.9436023235321045,18.46539878845215,-0.9492596387863159,0.17411291599273682,
10,300,A,1,25,0,2,1.0462009906768799,19.813798904418945,0.9128262996673584,0.00668639549985528,
10,300,A,1,25,0,3,1.6983835697174072,17.79665184020996,-1.0707273483276367,0.13464663922786713,
10,300,A,1,25,1,0,1.131813645362854,4.80251407623291,-0.04027192294597626,0.19617807865142822,
10,300,A,1,25,1,1,0.645761251449585,4.164358139038086,-0.01593424379825592,0.13710901141166687,
10,300,A,1,25,1,2,1.5584734678268433,5.0929765701293945,0.0877191424369812,0.2240729182958603,
10,300,A,1,25,1,3,0.7793365716934204,4.8446760177612305,-0.015078291296958923,0.1408763974905014,
10,300,A,1,26,0,0,1.7458980083465576,19.861568450927734,-0.43727123737335205,0.09903357923030853,
10,300,A,1,26,0,1,3.0751731395721436,20.311912536621094,-0.20418179035186768,0.13900715112686157,
10,300,A,1,26,0,2,4.076772689819336,25.681049346923828,-0.6068546175956726,0.15424591302871704,
10,300,A,1,26,0,3,6.7130889892578125,22.915422439575195,0.46723413467407227,0.21418316662311554,
10,300,A,1,26,1,0,5.27493953704834,18.09007453918457,2.473172664642334,0.13410818576812744,
10,300,A,1,26,1,1,5.842391014099121,17.442798614501953,2.5559775829315186,0.15854020416736603,
10,300,A,1,26,1,2,6.490065574645996,15.824874877929688,2.510908603668213,0.20092660188674927,
10,300,A,1,26,1,3,5.711503505706787,15.825979232788086,2.7816689014434814,0.15620939433574677,
10,300,A,1,27,0,0,7.587168216705322,20.76448631286621,1.672661542892456,0.2216915488243103,
10,300,A,1,27,0,1,7.272269248962402,22.46830940246582,1.6674845218658447,0.19964969158172607,
10,300,A,1,27,0,2,6.503210067749023,19.827667236328125,1.6909781694412231,0.19530242681503296,
10,300,A,1,27,0,3,5.173687934875488,21.403400421142578,1.9917722940444946,0.12942342460155487,
10,300,A,1,27,1,0,1.1392803192138672,21.915464401245117,-0.6879859566688538,0.07696107774972916,
10,300,A,1,27,1,1,1.9025976657867432,27.26332664489746,-0.46443700790405273,0.07988544553518295,
10,300,A,1,27,1,2,4.048653602600098,23.60694694519043,-0.9294735789299011,0.17415127158164978,
10,300,A,1,27,1,3,1.312709093093872,26.8948917388916,-0.2575232982635498,0.05516337603330612,
10,300,A,1,28,0,0,1.9580254554748535,14.028573036193848,0.17038822174072266,0.11302564293146133,
10,300,A,1,28,0,1,2.3522112369537354,13.173300743103027,0.055291444063186646,0.14847363531589508,
10,300,A,1,28,0,2,1.9371023178100586,9.478948593139648,0.18491443991661072,0.15601162612438202,
10,300,A,1,28,0,3,4.131128311157227,12.63263988494873,0.36017394065856934,0.22988584637641907,
10,300,A,1,28,1,0,6.538698196411133,32.20461654663086,2.3241348266601562,0.11572372913360596,
10,300,A,1,28,1,1,7.775276184082031,37.03776931762695,1.9819951057434082,0.13525891304016113,
10,300,A,1,28,1,2,7.937792778015137,34.81279373168945,2.1620001792907715,0.14230090379714966,
10,300,A,1,28,1,3,8.4398775100708,37.436767578125,2.4790754318237305,0.13735336065292358,
10,300,A,1,29,0,0,10.487503051757812,36.55092239379883,0.6385719776153564,0.2122621238231659,
10,300,A,1,29,0,1,11.846153259277344,44.51564407348633,1.0422781705856323,0.19529950618743896,
10,300,A,1,29,0,2,13.434906959533691,46.436256408691406,1.125483751296997,0.20953752100467682,
10,300,A,1,29,0,3,9.178278923034668,41.84104537963867,0.8766182661056519,0.16556067764759064,
10,300,A,1,29,1,0,16.84819221496582,75.05422973632812,2.7794601917266846,0.15785755217075348,
10,300,A,1,29,1,1,25.036561965942383,68.05510711669922,2.9895315170288086,0.24468933045864105,
10,300,A,1,29,1,2,10.943923950195312,55.90595245361328,3.118053436279297,0.1227937564253807,
10,300,A,1,29,1,3,13.07924747467041,71.41150665283203,2.7306203842163086,0.12657302618026733,
10,300,A,1,30,0,0,1.150890588760376,9.68681526184082,-0.4853547513484955,0.144505575299263,
10,300,A,1,30,0,1,1.174349308013916,9.295223236083984,-0.24094219505786896,0.1321403831243515,
10,300,A,1,30,0,2,1.5830059051513672,7.899196147918701,-0.33850932121276855,0.19565947353839874,
10,300,A,1,30,0,3,1.6219593286514282,10.09830093383789,0.6979684233665466,0.08382929116487503,
10,300,A,1,30,1,0,1.4697495698928833,6.5464043617248535,0.19417999684810638,0.16307514905929565,
10,300,A,1,30,1,1,3.1597254276275635,7.314655780792236,0.32660841941833496,0.27918606996536255,
10,300,A,1,30,1,2,1.2628861665725708,5.703882217407227,-0.026535600423812866,0.1843794733285904,
10,300,A,1,30,1,3,1.486115574836731,8.569321632385254,0.18603339791297913,0.13172854483127594,
10,300,A,1,31,0,0,5.127323627471924,37.23080062866211,0.0671074390411377,0.11965225636959076,
10,300,A,1,31,0,1,10.879652976989746,27.553869247436523,1.6868902444839478,0.250166118144989,
10,300,A,1,31,0,2,7.691391468048096,40.96746063232422,0.5235538482666016,0.14891020953655243,
10,300,A,1,31,0,3,8.042566299438477,43.152713775634766,0.4380422830581665,0.149821475148201,
10,300,A,1,31,1,0,1.9473530054092407,3.0002994537353516,0.9116697907447815,0.2566123902797699,
10,300,A,1,31,1,1,1.941079020500183,3.1561524868011475,1.0156846046447754,0.22672638297080994,
10,300,A,1,31,1,2,2.2850093841552734,4.998716354370117,1.2947367429733276,0.16534890234470367,
10,300,A,1,31,1,3,2.4144582748413086,2.887760877609253,0.9277707934379578,0.3398571312427521,
10,300,A,1,32,0,0,0.7867201566696167,4.568450450897217,-0.3121558129787445,0.19389671087265015,
10,300,A,1,32,0,1,0.9264378547668457,3.746638298034668,-0.3898905813694,0.25999149680137634,
10,300,A,1,32,0,2,0.34475409984588623,3.792772054672241,-0.3817557096481323,0.16075779497623444,
10,300,A,1,32,0,3,0.4049075245857239,4.436331272125244,-0.34413814544677734,0.14445346593856812,
10,300,A,1,32,1,0,6.655295372009277,11.41203498840332,1.6263617277145386,0.3058781623840332,
10,300,A,1,32,1,1,4.891436576843262,10.115946769714355,1.426274299621582,0.25514572858810425,
10,300,A,1,32,1,2,5.0110673904418945,11.334038734436035,1.4134658575057983,0.24093811213970184,
10,300,A,1,32,1,3,4.86944580078125,10.4777193069458,1.6601479053497314,0.23447753489017487,
10,300,A,1,33,0,0,15.372878074645996,47.50862121582031,2.05814266204834,0.21890825033187866,
10,300,A,1,33,0,1,5.1495561599731445,41.00923538208008,2.0971522331237793,0.06927576661109924,
10,300,A,1,33,0,2,7.830560684204102,44.12315368652344,1.7988520860671997,0.12026169151067734,
10,300,A,1,33,0,3,6.775330543518066,36.0731086730957,2.3585870265960693,0.10908272117376328,
10,300,A,1,33,1,0,2.465264320373535,12.758842468261719,-1.679850459098816,0.24521563947200775,
10,300,A,1,33,1,1,2.334282398223877,13.586790084838867,-1.7319746017456055,0.2303430587053299,
10,300,A,1,33,1,2,1.0363285541534424,14.209901809692383,-1.7067209482192993,0.16180366277694702,
10,300,A,1,33,1,3,1.1109821796417236,13.05997085571289,-1.6082862615585327,0.1723320335149765,
10,300,A,1,34,0,0,4.233306884765625,14.216636657714844,-0.7106785178184509,0.25802844762802124,
10,300,A,1,34,0,1,2.38185453414917,11.633441925048828,-0.6968036890029907,0.2092602699995041,
10,300,A,1,34,0,2,2.42242431640625,15.875792503356934,-0.8288834691047668,0.1699843555688858,
10,300,A,1,34,0,3,2.2497718334198,16.218679428100586,-0.5660947561264038,0.14793452620506287,
10,300,A,1,34,1,0,4.268415451049805,25.835041046142578,-0.6027499437332153,0.15863780677318573,
10,300,A,1,34,1,1,4.905839920043945,25.303985595703125,-0.5074208378791809,0.17622871696949005,
10,300,A,1,34,1,2,5.435975074768066,23.17995834350586,-0.12167561054229736,0.19339294731616974,
10,300,A,1,34,1,3,6.690471649169922,30.96977996826172,-0.2070831060409546,0.18215052783489227,
10,300,A,1,35,0,0,5.209332466125488,15.881688117980957,0.2642306685447693,0.23743945360183716,
10,300,A,1,35,0,1,6.200300216674805,16.615577697753906,0.557823896408081,0.25350266695022583,
10,300,A,1,35,0,2,3.185370922088623,19.810720443725586,0.24164621531963348,0.12936921417713165,
10,300,A,1,35,0,3,2.423672676086426,17.085668563842773,0.10175487399101257,0.11963969469070435,
10,300,A,1,35,1,0,4.51176118850708,30.977210998535156,-1.6077089309692383,0.16496004164218903,
10,300,A,1,35,1,1,7.8090081214904785,36.77726745605469,-1.2953416109085083,0.1984313279390335,
10,300,A,1,35,1,2,1.3419907093048096,31.27500343322754,-1.3526860475540161,0.07932594418525696,
10,300,A,1,35,1,3,3.1452488899230957,27.49828338623047,-1.9821619987487793,0.15715867280960083,
10,300,A,2,0,0,0,2.2679688930511475,11.82174015045166,-1.055468201637268,0.21943865716457367,
10,300,A,2,0,0,1,5.034171104431152,14.845271110534668,-0.7507426738739014,0.28041017055511475,
10,300,A,2,0,0,2,3.8116581439971924,13.685559272766113,-1.0051316022872925,0.26033395528793335,
10,300,A,2,0,0,3,7.163430213928223,11.625360488891602,-0.5717254877090454,0.3995325267314911,
10,300,A,2,0,1,0,3.93599009513855,14.068696022033691,0.5451041460037231,0.19421346485614777,
10,300,A,2,0,1,1,6.069940567016602,14.642848014831543,1.7262063026428223,0.2287791669368744,
10,300,A,2,0,1,2,6.943790912628174,12.701799392700195,1.867554783821106,0.285534143447876,
10,300,A,2,0,1,3,9.548397064208984,11.937596321105957,0.5740551948547363,0.42914924025535583,
10,300,A,2,1,0,0,7.635520935058594,19.00695037841797,0.006631314754486084,0.2864144742488861,
10,300,A,2,1,0,1,6.1766204833984375,18.4344482421875,0.3722842335700989,0.23946481943130493,
10,300,A,2,1,0,2,5.763267517089844,21.7180233001709,0.09357491135597229,0.20701588690280914,
10,300,A,2,1,0,3,6.456876754760742,16.19300651550293,0.28290003538131714,0.27603083848953247,
10,300,A,2,1,1,0,2.335392713546753,10.562820434570312,-0.7804050445556641,0.22778600454330444,
10,300,A,2,1,1,1,1.5264136791229248,12.16151237487793,-0.9579890966415405,0.16963109374046326,
10,300,A,2,1,1,2,4.612424373626709,9.635614395141602,-0.6895275115966797,0.35494083166122437,
10,300,A,2,1,1,3,1.8842339515686035,12.697186470031738,-0.987679123878479,0.18446238338947296,
10,300,A,2,2,0,0,4.034210681915283,9.067359924316406,0.5642575025558472,0.27677005529403687,
10,300,A,2,2,0,1,3.544769525527954,9.081778526306152,0.7246870994567871,0.23694467544555664,
10,300,A,2,2,0,2,3.10897159576416,6.730748176574707,0.7236378192901611,0.26166218519210815,
10,300,A,2,2,0,3,3.8043501377105713,7.621448040008545,0.5773990154266357,0.2974587380886078,
10,300,A,2,2,1,0,-0.6089819669723511,3.2905843257904053,-1.5818073749542236,0.2281801402568817,
10,300,A,2,2,1,1,-0.3818037509918213,3.5165250301361084,-1.5683963298797607,0.25229912996292114,
10,300,A,2,2,1,2,-0.8507099151611328,3.493637800216675,-1.590268850326538,0.17470461130142212,
10,300,A,2,2,1,3,-0.35127031803131104,3.3928210735321045,-1.5589234828948975,0.2625062167644501,
10,300,A,2,3,0,0,8.747306823730469,57.045223236083984,-0.2339264154434204,0.13602477312088013,
10,300,A,2,3,0,1,10.961677551269531,54.24296569824219,0.08603906631469727,0.1670127809047699,
10,300,A,2,3,0,2,5.622751235961914,63.07462692260742,0.29261457920074463,0.07792055606842041,
10,300,A,2,3,0,3,3.7419629096984863,65.25331115722656,-0.4630911946296692,0.06054064631462097,
10,300,A,2,3,1,0,3.6537399291992188,38.79066467285156,-0.43714791536331177,0.09539971500635147,
10,300,A,2,3,1,1,6.251707077026367,41.01445388793945,-0.5008790493011475,0.14136497676372528,
10,300,A,2,3,1,2,6.298340320587158,44.17965316772461,-0.7807111740112305,0.1381043940782547,
10,300,A,2,3,1,3,7.783202648162842,39.42127990722656,-0.36997294425964355,0.17137716710567474,
10,300,A,2,4,0,0,13.95925521850586,65.5726089477539,0.09901249408721924,0.1744900494813919,
10,300,A,2,4,0,1,13.610875129699707,68.76663970947266,0.07000535726547241,0.16451561450958252,
10,300,A,2,4,0,2,3.9369471073150635,59.869876861572266,0.0850762128829956,0.0604482963681221,
10,300,A,2,4,0,3,9.09109115600586,64.3841552734375,-0.16454756259918213,0.12568801641464233,
10,300,A,2,4,1,0,20.808820724487305,74.04741668701172,2.4456260204315186,0.1987130492925644,
10,300,A,2,4,1,1,22.008285522460938,87.42681121826172,3.8224759101867676,0.1721935272216797,
10,300,A,2,4,1,2,14.116765975952148,81.34860229492188,2.2126874923706055,0.12765400111675262,
10,300,A,2,4,1,3,22.09471893310547,85.51577758789062,3.998952627182007,0.17465010285377502,
10,300,A,2,5,0,0,8.508004188537598,19.735069274902344,1.5139901638031006,0.2616630792617798,
10,300,A,2,5,0,1,2.9503579139709473,21.256322860717773,1.0719096660614014,0.0811958834528923,
10,300,A,2,5,0,2,3.5759880542755127,23.15340805053711,1.0839065313339233,0.0971742644906044,
10,300,A,2,5,0,3,7.369424819946289,20.96527099609375,1.1581331491470337,0.22855325043201447,
10,300,A,2,5,1,0,10.367414474487305,26.95102882385254,1.5214159488677979,0.24711544811725616,
10,300,A,2,5,1,1,7.098459720611572,29.578672409057617,1.3102208375930786,0.16366255283355713,
10,300,A,2,5,1,2,11.009040832519531,34.024444580078125,1.1701979637145996,0.22430701553821564,
10,300,A,2,5,1,3,7.985172271728516,40.83256149291992,1.4110527038574219,0.13867495954036713,
10,300,A,2,6,0,0,5.728719711303711,43.527557373046875,2.2730095386505127,0.07355193048715591,
10,300,A,2,6,0,1,12.327788352966309,37.8269157409668,2.0480830669403076,0.21368585526943207,
10,300,A,2,6,0,2,7.614391326904297,50.190956115722656,2.4275460243225098,0.09366290271282196,
10,300,A,2,6,0,3,10.803177833557129,51.33708572387695,1.998018503189087,0.14640556275844574,
10,300,A,2,6,1,0,7.399230003356934,27.168941497802734,2.156978130340576,0.16174203157424927,
10,300,A,2,6,1,1,5.511938095092773,21.71776008605957,2.0516207218170166,0.1374337524175644,
10,300,A,2,6,1,2,8.344766616821289,26.013912200927734,2.0750269889831543,0.19420789182186127,
10,300,A,2,6,1,3,7.0901031494140625,25.93979263305664,2.0140514373779297,0.1636599600315094,
10,300,A,2,7,0,0,15.840670585632324,91.42963409423828,1.0536770820617676,0.13921542465686798,
10,300,A,2,7,0,1,9.295223236083984,135.906494140625,1.8084750175476074,0.05221130698919296,
10,300,A,2,7,0,2,16.280364990234375,132.57284545898438,0.9977530241012573,0.1033618375658989,
10,300,A,2,7,0,3,13.14706802368164,132.53753662109375,1.1588234901428223,0.08294883370399475,
10,300,A,2,7,1,0,12.34350872039795,87.3663330078125,0.6937568187713623,0.11765514314174652,
10,300,A,2,7,1,1,8.047371864318848,88.24000549316406,1.055119276046753,0.07342315465211868,
10,300,A,2,7,1,2,9.658843040466309,71.56187438964844,0.7603020668029785,0.11059527099132538,
10,300,A,2,7,1,3,4.453040599822998,88.39118957519531,1.0150184631347656,0.03743930906057358,
10,300,A,2,8,0,0,14.436029434204102,74.1715316772461,1.3954309225082397,0.14952734112739563,
10,300,A,2,8,0,1,9.519998550415039,64.14781188964844,1.4112149477005005,0.11222205311059952,
10,300,A,2,8,0,2,10.38569450378418,69.57491302490234,1.1835232973098755,0.11681278795003891,
10,300,A,2,8,0,3,12.538433074951172,77.30921173095703,1.7262550592422485,0.1226964071393013,
10,300,A,2,8,1,0,5.076621055603027,53.58987808227539,2.314626455307007,0.04901335760951042,
10,300,A,2,8,1,1,13.001628875732422,57.54841232299805,2.22941255569458,0.1576715111732483,
10,300,A,2,8,1,2,5.462606430053711,58.173095703125,2.319786787033081,0.05125617980957031,
10,300,A,2,8,1,3,8.56061840057373,47.65164566040039,2.438961982727051,0.11384192854166031,
10,300,A,2,9,0,0,6.361025810241699,37.67198181152344,2.3251805305480957,0.0967646986246109,
10,300,A,2,9,0,1,5.245368957519531,28.640779495239258,2.221233367919922,0.09550429880619049,
10,300,A,2,9,0,2,8.205345153808594,26.530519485473633,2.6274685859680176,0.17372018098831177,
10,300,A,2,9,0,3,7.341561317443848,31.882761001586914,2.2889509201049805,0.1367959827184677,
10,300,A,2,9,1,0,1.6910037994384766,18.91800880432129,-0.40224918723106384,0.09962528944015503,
10,300,A,2,9,1,1,2.5803661346435547,19.882471084594727,-0.3095151484012604,0.12690307199954987,
10,300,A,2,9,1,2,1.8790462017059326,14.942761421203613,-0.292587548494339,0.12688930332660675,
10,300,A,2,9,1,3,2.0222349166870117,16.865459442138672,-0.24407121539115906,0.11845777183771133,
10,300,A,2,10,0,0,4.635131359100342,34.08872985839844,1.0238577127456665,0.09578974545001984,
10,300,A,2,10,0,1,5.566490650177002,34.93341064453125,0.8019149303436279,0.12002059072256088,
10,300,A,2,10,0,2,6.719289302825928,26.499113082885742,1.1770578622817993,0.17297124862670898,
10,300,A,2,10,0,3,5.558331489562988,29.624282836914062,1.3423796892166138,0.12458400428295135,
10,300,A,2,10,1,0,2.7333998680114746,7.742902755737305,1.4028711318969727,0.14664007723331451,
10,300,A,2,10,1,1,2.403266191482544,8.418312072753906,1.3688151836395264,0.10943371802568436,
10,300,A,2,10,1,2,3.131481885910034,8.900960922241211,1.4225943088531494,0.16106615960597992,
10,300,A,2,10,1,3,2.661114454269409,7.274806022644043,1.526352882385254,0.13493697345256805,
10,300,A,2,11,0,0,4.306395053863525,8.673473358154297,1.6134893894195557,0.23691850900650024,
10,300,A,2,11,0,1,2.9742050170898438,9.273470878601074,1.7031069993972778,0.12054527550935745,
10,300,A,2,11,0,2,2.991093635559082,7.563910007476807,1.559632420539856,0.15913309156894684,
10,300,A,2,11,0,3,3.312641143798828,8.483460426330566,1.6622010469436646,0.16286325454711914,
10,300,A,2,11,1,0,9.693161010742188,66.25211334228516,2.252838134765625,0.10096453875303268,
10,300,A,2,11,1,1,10.573522567749023,56.25278091430664,3.7111263275146484,0.10872814804315567,
10,300,A,2,11,1,2,9.13522720336914,62.57530975341797,2.3749794960021973,0.09750044345855713,
10,300,A,2,11,1,3,12.479467391967773,54.468040466308594,3.705613374710083,0.138734832406044,
10,300,A,2,12,0,0,-0.8903303146362305,0.28782162070274353,-1.1009612083435059,0.42256960272789,
10,300,A,2,12,0,1,-0.6017447710037231,0.2813394069671631,-1.1302707195281982,0.652609646320343,
10,300,A,2,12,0,2,-0.6532570123672485,0.26996925473213196,-1.0743166208267212,0.609322726726532,
10,300,A,2,12,0,3,-0.7881351113319397,0.2647116482257843,-1.108619213104248,0.5476527810096741,
10,300,A,2,12,1,0,1.0020089149475098,0.7656257152557373,0.2290843278169632,0.5023719668388367,
10,300,A,2,12,1,1,1.0417331457138062,0.7394049167633057,0.3636493682861328,0.478369802236557,
10,300,A,2,12,1,2,1.0915268659591675,0.7372391223907471,0.298761248588562,0.5181457996368408,
10,300,A,2,12,1,3,0.9171763062477112,0.7400853633880615,0.20066171884536743,0.4919089674949646,
10,300,A,2,13,0,0,-0.1749534010887146,0.8953631520271301,-0.8284504413604736,0.4219212234020233,
10,300,A,2,13,0,1,-0.049948811531066895,0.9690224528312683,-0.8078234791755676,0.43886497616767883,
10,300,A,2,13,0,2,-0.12355327606201172,0.7816433310508728,-0.6854864358901978,0.4182368218898773,
10,300,A,2,13,0,3,0.31238508224487305,0.9389973282814026,-0.8886451125144958,0.5612218379974365,
10,300,A,2,13,1,0,2.5626068115234375,0.8401804566383362,1.7650586366653442,0.48698434233665466,
10,300,A,2,13,1,1,2.669163703918457,1.0516456365585327,1.5640578269958496,0.5123937129974365,
10,300,A,2,13,1,2,2.670304298400879,0.9727781414985657,1.572704792022705,0.5301445722579956,
10,300,A,2,13,1,3,2.646775960922241,0.7813584208488464,1.6858686208724976,0.5515274405479431,
10,300,A,2,14,0,0,1.966110348701477,1.661026954650879,1.27247154712677,0.2945805788040161,
10,300,A,2,14,0,1,1.9601752758026123,1.6405702829360962,0.6914533376693726,0.43609297275543213,
10,300,A,2,14,0,2,1.7663111686706543,1.592430591583252,1.25083589553833,0.24454377591609955,
10,300,A,2,14,0,3,1.822403073310852,1.6196177005767822,1.1345245838165283,0.29810601472854614,
10,300,A,2,14,1,0,2.1795055866241455,0.9225497841835022,1.3337651491165161,0.4782814681529999,
10,300,A,2,14,1,1,2.1454224586486816,0.9076775312423706,1.4672985076904297,0.4276221990585327,
10,300,A,2,14,1,2,2.1921427249908447,0.9681515693664551,1.4686808586120605,0.42767563462257385,
10,300,A,2,14,1,3,2.4827680587768555,1.0948086977005005,1.7008774280548096,0.41663074493408203,
10,300,A,2,15,0,0,0.16370919346809387,0.721541702747345,-1.3247636556625366,0.6735126972198486,
10,300,A,2,15,0,1,0.7767410278320312,0.5983311533927917,-1.3362618684768677,0.7793222069740295,
10,300,A,2,15,0,2,0.20063257217407227,0.6658856868743896,-1.5231420993804932,0.7213471531867981,
10,300,A,2,15,0,3,0.37399783730506897,0.628627359867096,-1.4955589771270752,0.7483662962913513,
10,300,A,2,15,1,0,-0.7878379821777344,0.2807745635509491,-1.6906394958496094,0.7627744078636169,
10,300,A,2,15,1,1,-0.5688977837562561,0.29486554861068726,-1.8485851287841797,0.812730610370636,
10,300,A,2,15,1,2,-0.7006974816322327,0.2805940806865692,-1.7868778705596924,0.794703483581543,
10,300,A,2,15,1,3,-1.2434916496276855,0.3605606257915497,-1.9156239032745361,0.6508539915084839,
10,300,A,2,16,0,0,1.3741223812103271,0.6094581484794617,-0.505126953125,0.7551105618476868,
10,300,A,2,16,0,1,1.6267203092575073,0.5754578113555908,-0.7101093530654907,0.8024035096168518,
10,300,A,2,16,0,2,0.808657705783844,0.5423218607902527,-0.47034454345703125,0.702237606048584,
10,300,A,2,16,0,3,1.205312728881836,0.6808120608329773,-0.6785857677459717,0.7345462441444397,
10,300,A,2,16,1,0,-1.644722580909729,0.4266335666179657,-2.742457151412964,0.7201243042945862,
10,300,A,2,16,1,1,-1.5522434711456299,0.3646649420261383,-2.6060547828674316,0.7429178357124329,
10,300,A,2,16,1,2,-1.519033432006836,0.39076918363571167,-2.797978401184082,0.7659664154052734,
10,300,A,2,16,1,3,-1.5743838548660278,0.4310900866985321,-2.729785680770874,0.7282746434211731,
10,300,A,2,17,0,0,0.8798058032989502,1.6503748893737793,-1.8262643814086914,0.6211647987365723,
10,300,A,2,17,0,1,0.6461324691772461,1.726638913154602,-1.7391555309295654,0.5800901055335999,
10,300,A,2,17,0,2,0.258064866065979,1.4825665950775146,-1.6038358211517334,0.5567106604576111,
10,300,A,2,17,0,3,0.672527551651001,1.6912704706192017,-1.655076503753662,0.5791680812835693,
10,300,A,2,17,1,0,1.2479865550994873,0.4988683760166168,0.011606812477111816,0.7125089168548584,
10,300,A,2,17,1,1,1.0138627290725708,0.4664134979248047,-0.06352245807647705,0.6978793144226074,
10,300,A,2,17,1,2,1.0734723806381226,0.55336594581604,-0.18847620487213135,0.6951680183410645,
10,300,A,2,17,1,3,0.9087534546852112,0.6023343205451965,-0.4473280906677246,0.692438006401062,
10,300,A,2,18,0,0,2.0574395656585693,5.400031089782715,-0.7885677814483643,0.3451363146305084,
10,300,A,2,18,0,1,2.2886037826538086,4.699171543121338,-1.0079500675201416,0.412289559841156,
10,300,A,2,18,0,2,0.8605220317840576,3.848940372467041,-1.0162100791931152,0.3277749717235565,
10,300,A,2,18,0,3,1.8682355880737305,5.686677932739258,-0.6986191272735596,0.3110007345676422,
10,300,A,2,18,1,0,0.5973039865493774,2.1347591876983643,-0.3863997459411621,0.31544506549835205,
10,300,A,2,18,1,1,0.8682911992073059,1.987951397895813,-0.4968472123146057,0.4071285128593445,
10,300,A,2,18,1,2,0.6621173024177551,2.4240529537200928,-0.48874855041503906,0.3219278156757355,
10,300,A,2,18,1,3,0.9024512767791748,1.8961464166641235,-0.4953625202178955,0.4243565797805786,
10,300,A,2,19,0,0,-0.7998606562614441,3.914604902267456,-3.4532673358917236,0.40398934483528137,
10,300,A,2,19,0,1,-0.23441147804260254,3.7395474910736084,-3.339042901992798,0.45361635088920593,
10,300,A,2,19,0,2,-0.06803834438323975,4.713747024536133,-3.440438747406006,0.4170589745044708,
10,300,A,2,19,0,3,-0.33455634117126465,3.80582857131958,-3.3150486946105957,0.43919119238853455,
10,300,A,2,19,1,0,1.6661111116409302,2.997666120529175,0.10116064548492432,0.3429940640926361,
10,300,A,2,19,1,1,2.016334056854248,3.427337169647217,-0.05347609519958496,0.376524418592453,
10,300,A,2,19,1,2,2.0365049839019775,2.8942277431488037,0.07920527458190918,0.4034399092197418,
10,300,A,2,19,1,3,1.9346702098846436,4.087892055511475,-0.008717656135559082,0.3222181797027588,
10,300,A,2,20,0,0,1.5388593673706055,1.8119935989379883,0.7593948245048523,0.3007822334766388,
10,300,A,2,20,0,1,1.2430931329727173,2.243138074874878,0.598767101764679,0.2231460064649582,
10,300,A,2,20,0,2,1.1971702575683594,2.1975014209747314,0.6399723291397095,0.20227177441120148,
10,300,A,2,20,0,3,1.2077268362045288,2.118300199508667,0.8475104570388794,0.14533548057079315,
10,300,A,2,20,1,0,0.8784558773040771,3.1988062858581543,0.20442909002304077,0.17403972148895264,
10,300,A,2,20,1,1,1.2539275884628296,3.4911937713623047,0.1095394492149353,0.24687044322490692,
10,300,A,2,20,1,2,0.9377898573875427,3.0645229816436768,0.14176172018051147,0.20619545876979828,
10,300,A,2,20,1,3,1.259364366531372,2.2139220237731934,0.16411304473876953,0.330974280834198,
10,300,A,2,21,0,0,-0.9545227289199829,1.033099889755249,-1.9315730333328247,0.4860583543777466,
10,300,A,2,21,0,1,-0.7674684524536133,1.1164147853851318,-1.8280930519104004,0.4871866703033447,
10,300,A,2,21,0,2,-0.6687464714050293,0.8858253359794617,-1.8421616554260254,0.5698291659355164,
10,300,A,2,21,0,3,-1.2033295631408691,1.0013947486877441,-1.8892878293991089,0.4065292179584503,
10,300,A,2,21,1,0,2.3502233028411865,1.0652645826339722,1.2958141565322876,0.49743935465812683,
10,300,A,2,21,1,1,2.678206443786621,1.13417387008667,1.3517897129058838,0.539064347743988,
10,300,A,2,21,1,2,2.6719472408294678,1.0954426527023315,1.2926993370056152,0.5573415756225586,
10,300,A,2,21,1,3,1.9937427043914795,1.2177619934082031,1.3639283180236816,0.34088680148124695,
10,300,A,2,22,0,0,1.084089994430542,3.0738494396209717,-1.4752122163772583,0.4543286859989166,
10,300,A,2,22,0,1,1.470184087753296,3.474532127380371,-1.2382081747055054,0.43804389238357544,
10,300,A,2,22,0,2,2.1151812076568604,3.56778883934021,-1.448004126548767,0.49967721104621887,
10,300,A,2,22,0,3,0.8042654991149902,3.4694597721099854,-1.3930164575576782,0.387750506401062,
10,300,A,2,22,1,0,4.224003791809082,2.072399377822876,2.009289503097534,0.5165979862213135,
10,300,A,2,22,1,1,3.732542037963867,1.918241262435913,2.019740104675293,0.4717107117176056,
10,300,A,2,22,1,2,4.045731544494629,1.7496873140335083,2.038814067840576,0.5342370271682739,
10,300,A,2,22,1,3,3.6509201526641846,2.221053123474121,2.001823663711548,0.42610663175582886,
10,300,A,2,23,0,0,1.1278386116027832,3.223788022994995,-0.4944082200527191,0.33475756645202637,
10,300,A,2,23,0,1,1.8352231979370117,3.4228358268737793,-0.5538934469223022,0.4110695719718933,
10,300,A,2,23,0,2,2.146632432937622,3.2154321670532227,-0.23913994431495667,0.4259391725063324,
10,300,A,2,23,0,3,2.005988359451294,3.3169097900390625,-0.370508074760437,0.41741201281547546,
10,300,A,2,23,1,0,3.89512300491333,4.067583084106445,1.387414813041687,0.3813835680484772,
10,300,A,2,23,1,1,2.9098620414733887,4.301684856414795,1.2780101299285889,0.2750217616558075,
10,300,A,2,23,1,2,3.5598556995391846,3.7384350299835205,0.9285603761672974,0.4130936861038208,
10,300,A,2,23,1,3,3.027961492538452,4.018160820007324,1.312603235244751,0.29918068647384644,
10,300,A,2,24,0,0,1.2180602550506592,19.9991455078125,-1.1069021224975586,0.10414581000804901,
10,300,A,2,24,0,1,1.988248348236084,19.893951416015625,-0.7763406038284302,0.12201090157032013,
10,300,A,2,24,0,2,1.1994569301605225,21.650814056396484,-1.058684229850769,0.09444749355316162,
10,300,A,2,24,0,3,1.112743616104126,18.352603912353516,-0.8684751987457275,0.0974346399307251,
10,300,A,2,24,1,0,2.2016756534576416,13.285648345947266,-0.38580530881881714,0.1630101352930069,
10,300,A,2,24,1,1,1.6673555374145508,17.190872192382812,-0.782772421836853,0.12474558502435684,
10,300,A,2,24,1,2,0.889106273651123,14.275749206542969,-0.9983177185058594,0.11677311360836029,
10,300,A,2,24,1,3,1.5734436511993408,18.04534149169922,-0.9219974279403687,0.12148713320493698,
10,300,A,2,25,0,0,2.7554595470428467,18.614032745361328,-1.3427612781524658,0.1804409623146057,
10,300,A,2,25,0,1,2.9436023235321045,18.46539878845215,-1.3089613914489746,0.1871894747018814,
10,300,A,2,25,0,2,1.0462009906768799,19.813798904418945,-1.5300545692443848,0.11506250500679016,
10,300,A,2,25,0,3,1.6983835697174072,17.79665184020996,-0.9651392698287964,0.13018083572387695,
10,300,A,2,25,1,0,1.131813645362854,4.80251407623291,0.008104965090751648,0.1896163523197174,
10,300,A,2,25,1,1,0.645761251449585,4.164358139038086,-0.0667053759098053,0.14609231054782867,
10,300,A,2,25,1,2,1.5584734678268433,5.0929765701293945,0.034183651208877563,0.23035037517547607,
10,300,A,2,25,1,3,0.7793365716934204,4.8446760177612305,-0.003925949335098267,0.1391739696264267,
10,300,A,2,26,0,0,1.7458980083465576,19.861568450927734,-0.6527694463729858,0.10775569826364517,
10,300,A,2,26,0,1,3.0751731395721436,20.311912536621094,-0.34395647048950195,0.1440783590078354,
10,300,A,2,26,0,2,4.076772689819336,25.681049346923828,-0.18166327476501465,0.14223478734493256,
10,300,A,2,26,0,3,6.7130889892578125,22.915422439575195,-0.08102166652679443,0.22868452966213226,
10,300,A,2,26,1,0,5.27493953704834,18.09007453918457,2.6889116764068604,0.12507326900959015,
10,300,A,2,26,1,1,5.842391014099121,17.442798614501953,2.6766357421875,0.15361365675926208,
10,300,A,2,26,1,2,6.490065574645996,15.824874877929688,2.50125789642334,0.20131580531597137,
10,300,A,2,26,1,3,5.711503505706787,15.825979232788086,2.635240316390991,0.16274593770503998,
10,300,A,2,27,0,0,7.587168216705322,20.76448631286621,1.8456257581710815,0.21661268174648285,
10,300,A,2,27,0,1,7.272269248962402,22.46830940246582,1.6345312595367432,0.20058807730674744,
10,300,A,2,27,0,2,6.503210067749023,19.827667236328125,1.6255172491073608,0.19743460416793823,
10,300,A,2,27,0,3,5.173687934875488,21.403400421142578,1.8926196098327637,0.13292035460472107,
10,300,A,2,27,1,0,1.1392803192138672,21.915464401245117,-0.9777410626411438,0.08808998763561249,
10,300,A,2,27,1,1,1.9025976657867432,27.26332664489746,-0.9000077247619629,0.09321531653404236,
10,300,A,2,27,1,2,4.048653602600098,23.60694694519043,-1.1048305034637451,0.1791866272687912,
10,300,A,2,27,1,3,1.312709093093872,26.8948917388916,-0.6812466382980347,0.06902164220809937,
10,300,A,2,28,0,0,1.9580254554748535,14.028573036193848,0.22139689326286316,0.11015580594539642,
10,300,A,2,28,0,1,2.3522112369537354,13.173300743103027,0.16530272364616394,0.1423749178647995,
10,300,A,2,28,0,2,1.9371023178100586,9.478948593139648,0.17174825072288513,0.1569998562335968,
10,300,A,2,28,0,3,4.131128311157227,12.63263988494873,0.17367270588874817,0.2385432869195938,
10,300,A,2,28,1,0,6.538698196411133,32.20461654663086,1.9977353811264038,0.12357848137617111,
10,300,A,2,28,1,1,7.775276184082031,37.03776931762695,1.9528229236602783,0.13584747910499573,
10,300,A,2,28,1,2,7.937792778015137,34.81279373168945,1.877480149269104,0.14827141165733337,
10,300,A,2,28,1,3,8.4398775100708,37.436767578125,2.279892921447754,0.14129456877708435,
10,300,A,2,29,0,0,10.487503051757812,36.55092239379883,0.07058537006378174,0.22178830206394196,
10,300,A,2,29,0,1,11.846153259277344,44.51564407348633,0.7563222646713257,0.19943775236606598,
10,300,A,2,29,0,2,13.434906959533691,46.436256408691406,0.9582548141479492,0.211781308054924,
10,300,A,2,29,0,3,9.178278923034668,41.84104537963867,0.5360003709793091,0.1711907684803009,
10,300,A,2,29,1,0,16.84819221496582,75.05422973632812,3.6351265907287598,0.1496937870979309,
10,300,A,2,29,1,1,25.036561965942383,68.05510711669922,4.493072509765625,0.23187150061130524,
10,300,A,2,29,1,2,10.943923950195312,55.90595245361328,3.1535494327545166,0.12230493128299713,
10,300,A,2,29,1,3,13.07924747467041,71.41150665283203,3.093961715698242,0.12267418950796127,
10,300,A,2,30,0,0,1.150890588760376,9.68681526184082,-0.24143539369106293,0.125670924782753,
10,300,A,2,30,0,1,1.174349308013916,9.295223236083984,-0.5718904733657837,0.15815293788909912,
10,300,A,2,30,0,2,1.5830059051513672,7.899196147918701,-0.4601094722747803,0.20549701154232025,
10,300,A,2,30,0,3,1.6219593286514282,10.09830093383789,-0.3878667950630188,0.16598984599113464,
10,300,A,2,30,1,0,1.4697495698928833,6.5464043617248535,0.07453064620494843,0.1756843626499176,
10,300,A,2,30,1,1,3.1597254276275635,7.314655780792236,0.06830868124961853,0.29707813262939453,
10,300,A,2,30,1,2,1.2628861665725708,5.703882217407227,-0.0531390905380249,0.1874704658985138,
10,300,A,2,30,1,3,1.486115574836731,8.569321632385254,-0.04899129271507263,0.15192416310310364,
10,300,A,2,31,0,0,5.127323627471924,37.23080062866211,0.1668616533279419,0.11757083237171173,
10,300,A,2,31,0,1,10.879652976989746,27.553869247436523,-0.2748434543609619,0.2881675958633423,
10,300,A,2,31,0,2,7.691391468048096,40.96746063232422,0.24521005153656006,0.15380337834358215,
10,300,A,2,31,0,3,8.042566299438477,43.152713775634766,0.14678800106048584,0.15467211604118347,
10,300,A,2,31,1,0,1.9473530054092407,3.0002994537353516,1.005180835723877,0.23898006975650787,
10,300,A,2,31,1,1,1.941079020500183,3.1561524868011475,0.9651942849159241,0.23617520928382874,
10,300,A,2,31,1,2,2.2850093841552734,4.998716354370117,0.9982581734657288,0.2047184556722641,
10,300,A,2,31,1,3,2.4144582748413086,2.887760877609253,0.8723515272140503,0.3481157720088959,
10,300,A,2,32,0,0,0.7867201566696167,4.568450450897217,-0.412434846162796,0.20791210234165192,
10,300,A,2,32,0,1,0.9264378547668457,3.746638298034668,-0.4022083282470703,0.2617875337600708,
10,300,A,2,32,0,2,0.34475409984588623,3.792772054672241,-0.4691762328147888,0.1766839474439621,
10,300,A,2,32,0,3,0.4049075245857239,4.436331272125244,-0.36985713243484497,0.14867594838142395,
10,300,A,2,32,1,0,6.655295372009277,11.41203498840332,1.5023324489593506,0.311075359582901,
10,300,A,2,32,1,1,4.891436576843262,10.115946769714355,1.272787094116211,0.2634696662425995,
10,300,A,2,32,1,2,5.0110673904418945,11.334038734436035,1.425675392150879,0.2403169423341751,
10,300,A,2,32,1,3,4.86944580078125,10.4777193069458,1.6082862615585327,0.23736721277236938,
10,300,A,2,33,0,0,15.372878074645996,47.50862121582031,1.8704609870910645,0.2213110476732254,
10,300,A,2,33,0,1,5.1495561599731445,41.00923538208008,1.6462732553482056,0.07870332151651382,
10,300,A,2,33,0,2,7.830560684204102,44.12315368652344,1.2214486598968506,0.13027432560920715,
10,300,A,2,33,0,3,6.775330543518066,36.0731086730957,2.1243677139282227,0.11420673131942749,
10,300,A,2,33,1,0,2.465264320373535,12.758842468261719,-1.7572364807128906,0.2486552745103836,
10,300,A,2,33,1,1,2.334282398223877,13.586790084838867,-1.6295700073242188,0.22585226595401764,
10,300,A,2,33,1,2,1.0363285541534424,14.209901809692383,-1.6449999809265137,0.15874086320400238,
10,300,A,2,33,1,3,1.1109821796417236,13.05997085571289,-1.6069060564041138,0.1722596436738968,
10,300,A,2,34,0,0,4.233306884765625,14.216636657714844,-0.9131919741630554,0.2657884955406189,
10,300,A,2,34,0,1,2.38185453414917,11.633441925048828,-0.5936782956123352,0.2036784291267395,
10,300,A,2,34,0,2,2.42242431640625,15.875792503356934,-0.7151686549186707,0.16502022743225098,
10,300,A,2,34,0,3,2.2497718334198,16.218679428100586,-0.7632597088813782,0.1566699594259262,
10,300,A,2,34,1,0,4.268415451049805,25.835041046142578,-0.6524742841720581,0.1599980890750885,
10,300,A,2,34,1,1,4.905839920043945,25.303985595703125,-0.6135493516921997,0.1790650486946106,
10,300,A,2,34,1,2,5.435975074768066,23.17995834350586,-0.6845970153808594,0.20888946950435638,
10,300,A,2,34,1,3,6.690471649169922,30.96977996826172,-0.784845232963562,0.19444136321544647,
10,300,A,2,35,0,0,5.209332466125488,15.881688117980957,0.07725363969802856,0.24422459304332733,
10,300,A,2,35,0,1,6.200300216674805,16.615577697753906,-0.03331688791513443,0.27281561493873596,
10,300,A,2,35,0,2,3.185370922088623,19.810720443725586,0.003504447638988495,0.13838662207126617,
10,300,A,2,35,0,3,2.423672676086426,17.085668563842773,0.03736284747719765,0.12255097180604935,
10,300,A,2,35,1,0,4.51176118850708,30.977210998535156,-1.8215603828430176,0.16974622011184692,
10,300,A,2,35,1,1,7.8090081214904785,36.77726745605469,-2.0460267066955566,0.2113349437713623,
10,300,A,2,35,1,2,1.3419907093048096,31.27500343322754,-1.9741356372833252,0.0958663821220398,
10,300,A,2,35,1,3,3.1452488899230957,27.49828338623047,-2.145286798477173,0.16135182976722717,
10,300,O,-1,0,0,0,2.2679688930511475,11.82174015045166,-1.163169264793396,0.22495019435882568,
10,300,O,-1,0,0,1,5.034171104431152,14.845271110534668,-1.3226238489151,0.29981958866119385,
10,300,O,-1,0,0,2,3.8116581439971924,13.685559272766113,-1.2907503843307495,0.27157852053642273,
10,300,O,-1,0,0,3,7.163430213928223,11.625360488891602,-1.3145763874053955,0.4217207133769989,
10,300,O,-1,0,1,0,3.93599009513855,14.068696022033691,0.2260202169418335,0.20867538452148438,
10,300,O,-1,0,1,1,6.069940567016602,14.642848014831543,0.263052374124527,0.2839590609073639,
10,300,O,-1,0,1,2,6.943790912628174,12.701799392700195,0.3146308362483978,0.3429296910762787,
10,300,O,-1,0,1,3,9.548397064208984,11.937596321105957,0.29253852367401123,0.43673190474510193,
10,300,O,-1,1,0,0,7.635520935058594,19.00695037841797,0.10984146595001221,0.2836386561393738,
10,300,O,-1,1,0,1,6.1766204833984375,18.4344482421875,-0.1270981878042221,0.25481751561164856,
10,300,O,-1,1,0,2,5.763267517089844,21.7180233001709,-0.19121907651424408,0.21517695486545563,
10,300,O,-1,1,0,3,6.456876754760742,16.19300651550293,0.15068408846855164,0.28028520941734314,
10,300,O,-1,1,1,0,2.335392713546753,10.562820434570312,-1.02065908908844,0.24111522734165192,
10,300,O,-1,1,1,1,1.5264136791229248,12.16151237487793,-0.998944878578186,0.1719466596841812,
10,300,O,-1,1,1,2,4.612424373626709,9.635614395141602,-1.0151619911193848,0.3687029182910919,
10,300,O,-1,1,1,3,1.8842339515686035,12.697186470031738,-1.0154467821121216,0.1859143078327179,
10,300,O,-1,2,0,0,4.034210681915283,9.067359924316406,0.4627588391304016,0.28257814049720764,
10,300,O,-1,2,0,1,3.544769525527954,9.081778526306152,0.5625063180923462,0.24720264971256256,
10,300,O,-1,2,0,2,3.10897159576416,6.730748176574707,0.4843006730079651,0.28055086731910706,
10,300,O,-1,2,0,3,3.8043501377105713,7.621448040008545,0.4871695041656494,0.30325376987457275,
10,300,O,-1,2,1,0,-0.6089819669723511,3.2905843257904053,-1.589123010635376,0.22950226068496704,
10,300,O,-1,2,1,1,-0.3818037509918213,3.5165250301361084,-1.6017547845840454,0.25756511092185974,
10,300,O,-1,2,1,2,-0.8507099151611328,3.493637800216675,-1.586140751838684,0.17389900982379913,
10,300,O,-1,2,1,3,-0.35127031803131104,3.3928210735321045,-1.5966978073120117,0.26851245760917664,
10,300,O,-1,3,0,0,8.747306823730469,57.045223236083984,-0.9640034437179565,0.14547355473041534,
10,300,O,-1,3,0,1,10.961677551269531,54.24296569824219,-0.9730398654937744,0.18034353852272034,
10,300,O,-1,3,0,2,5.622751235961914,63.07462692260742,-0.8550326228141785,0.0931352823972702,
10,300,O,-1,3,0,3,3.7419629096984863,65.25331115722656,-0.6748207807540894,0.06339568644762039,
10,300,O,-1,3,1,0,3.6537399291992188,38.79066467285156,-0.836963951587677,0.10375606268644333,
10,300,O,-1,3,1,1,6.251707077026367,41.01445388793945,-0.6835023164749146,0.14463520050048828,
10,300,O,-1,3,1,2,6.298340320587158,44.17965316772461,-0.4407855272293091,0.13235050439834595,
10,300,O,-1,3,1,3,7.783202648162842,39.42127990722656,-0.6538368463516235,0.17629201710224152,
10,300,O,-1,4,0,0,13.95925521850586,65.5726089477539,-0.5043959617614746,0.1807137280702591,
10,300,O,-1,4,0,1,13.610875129699707,68.76663970947266,-0.635265052318573,0.17161382734775543,
10,300,O,-1,4,0,2,3.9369471073150635,59.869876861572266,-0.6824585795402527,0.07163060456514359,
10,300,O,-1,4,0,3,9.09109115600586,64.3841552734375,-0.49029091000556946,0.12953846156597137,
10,300,O,-1,4,1,0,20.808820724487305,74.04741668701172,2.084460973739624,0.20183248817920685,
10,300,O,-1,4,1,1,22.008285522460938,87.42681121826172,2.0075623989105225,0.18617872893810272,
10,300,O,-1,4,1,2,14.116765975952148,81.34860229492188,1.7878309488296509,0.13161034882068634,
10,300,O,-1,4,1,3,22.09471893310547,85.51577758789062,2.3747801780700684,0.18738827109336853,
10,300,O,-1,5,0,0,8.508004188537598,19.735069274902344,1.113350510597229,0.2725664973258972,
10,300,O,-1,5,0,1,2.9503579139709473,21.256322860717773,1.107358694076538,0.07978586107492447,
10,300,O,-1,5,0,2,3.5759880542755127,23.15340805053711,1.0234379768371582,0.09929800033569336,
10,300,O,-1,5,0,3,7.369424819946289,20.96527099609375,1.0549226999282837,0.2314719408750534,
10,300,O,-1,5,1,0,10.367414474487305,26.95102882385254,1.2181423902511597,0.25344032049179077,
10,300,O,-1,5,1,1,7.098459720611572,29.578672409057617,1.1731715202331543,0.1668909192085266,
10,300,O,-1,5,1,2,11.009040832519531,34.024444580078125,1.1297619342803955,0.22502143681049347,
10,300,O,-1,5,1,3,7.985172271728516,40.83256149291992,1.186259150505066,0.1427399218082428,
10,300,O,-1,6,0,0,5.728719711303711,43.527557373046875,1.9044551849365234,0.08076277375221252,
10,300,O,-1,6,0,1,12.327788352966309,37.8269157409668,2.089834451675415,0.21300284564495087,
10,300,O,-1,6,0,2,7.614391326904297,50.190956115722656,1.9109151363372803,0.10204014182090759,
10,300,O,-1,6,0,3,10.803177833557129,51.33708572387695,2.151942729949951,0.14421533048152924,
10,300,O,-1,6,1,0,7.399230003356934,27.168941497802734,1.9432594776153564,0.16723327338695526,
10,300,O,-1,6,1,1,5.511938095092773,21.71776008605957,1.970401406288147,0.14020724594593048,
10,300,O,-1,6,1,2,8.344766616821289,26.013912200927734,2.0154318809509277,0.19569261372089386,
10,300,O,-1,6,1,3,7.0901031494140625,25.93979263305664,2.0449459552764893,0.1628260612487793,
10,300,O,-1,7,0,0,15.840670585632324,91.42963409423828,0.3310518264770508,0.14503204822540283,
10,300,O,-1,7,0,1,9.295223236083984,135.906494140625,1.236612319946289,0.05597613751888275,
10,300,O,-1,7,0,2,16.280364990234375,132.57284545898438,0.7110695838928223,0.10509701073169708,
10,300,O,-1,7,0,3,13.14706802368164,132.53753662109375,0.8149293661117554,0.08512574434280396,
10,300,O,-1,7,1,0,12.34350872039795,87.3663330078125,0.7629697918891907,0.11703794449567795,
10,300,O,-1,7,1,1,8.047371864318848,88.24000549316406,0.5691690444946289,0.07812727987766266,
10,300,O,-1,7,1,2,9.658843040466309,71.56187438964844,0.46036261320114136,0.11389847099781036,
10,300,O,-1,7,1,3,4.453040599822998,88.39118957519531,0.7423713803291321,0.04028875753283501,
10,300,O,-1,8,0,0,14.436029434204102,74.1715316772461,1.0442595481872559,0.15293815732002258,
10,300,O,-1,8,0,1,9.519998550415039,64.14781188964844,1.086172342300415,0.11619779467582703,
10,300,O,-1,8,0,2,10.38569450378418,69.57491302490234,1.037791132926941,0.11844360828399658,
10,300,O,-1,8,0,3,12.538433074951172,77.30921173095703,1.2307149171829224,0.1276022344827652,
10,300,O,-1,8,1,0,5.076621055603027,53.58987808227539,2.1424038410186768,0.05191091075539589,
10,300,O,-1,8,1,1,13.001628875732422,57.54841232299805,2.1554057598114014,0.15858294069766998,
10,300,O,-1,8,1,2,5.462606430053711,58.173095703125,2.0493650436401367,0.05542205646634102,
10,300,O,-1,8,1,3,8.56061840057373,47.65164566040039,2.197755813598633,0.11779914051294327,
10,300,O,-1,9,0,0,6.361025810241699,37.67198181152344,2.034663677215576,0.10301268100738525,
10,300,O,-1,9,0,1,5.245368957519531,28.640779495239258,2.1769537925720215,0.0967673659324646,
10,300,O,-1,9,0,2,8.205345153808594,26.530519485473633,2.5523488521575928,0.17564880847930908,
10,300,O,-1,9,0,3,7.341561317443848,31.882761001586914,1.814170479774475,0.1477511078119278,
10,300,O,-1,9,1,0,1.6910037994384766,18.91800880432129,-0.17450767755508423,0.08975916355848312,
10,300,O,-1,9,1,1,2.5803661346435547,19.882471084594727,-0.333056777715683,0.1278047114610672,
10,300,O,-1,9,1,2,1.8790462017059326,14.942761421203613,-0.23058101534843445,0.12371446937322617,
10,300,O,-1,9,1,3,2.0222349166870117,16.865459442138672,-0.2647915780544281,0.11941146850585938,
10,300,O,-1,10,0,0,4.635131359100342,34.08872985839844,1.0100055932998657,0.09612185508012772,
10,300,O,-1,10,0,1,5.566490650177002,34.93341064453125,1.4138195514678955,0.10624422878026962,
10,300,O,-1,10,0,2,6.719289302825928,26.499113082885742,0.7066478729248047,0.1849374622106552,
10,300,O,-1,10,0,3,5.558331489562988,29.624282836914062,0.8836320638656616,0.13629265129566193,
10,300,O,-1,10,1,0,2.7333998680114746,7.742902755737305,1.3854563236236572,0.14827480912208557,
10,300,O,-1,10,1,1,2.403266191482544,8.418312072753906,1.4896507263183594,0.09790211170911789,
10,300,O,-1,10,1,2,3.131481885910034,8.900960922241211,1.4473600387573242,0.15910333395004272,
10,300,O,-1,10,1,3,2.661114454269409,7.274806022644043,1.4367060661315918,0.1440613716840744,
10,300,O,-1,11,0,0,4.306395053863525,8.673473358154297,1.5186583995819092,0.24323232471942902,
10,300,O,-1,11,0,1,2.9742050170898438,9.273470878601074,1.5650856494903564,0.13190802931785583,
10,300,O,-1,11,0,2,2.991093635559082,7.563910007476807,1.536940574645996,0.16124893724918365,
10,300,O,-1,11,0,3,3.312641143798828,8.483460426330566,1.5373860597610474,0.1730484813451767,
10,300,O,-1,11,1,0,9.693161010742188,66.25211334228516,3.5579047203063965,0.08475589752197266,
10,300,O,-1,11,1,1,10.573522567749023,56.25278091430664,1.929395318031311,0.1331978142261505,
10,300,O,-1,11,1,2,9.13522720336914,62.57530975341797,2.9615867137908936,0.08979977667331696,
10,300,O,-1,11,1,3,12.479467391967773,54.468040466308594,3.0391368865966797,0.14771665632724762,
10,300,O,-1,12,0,0,-0.8903303146362305,0.28782162070274353,-1.1197247505187988,0.44351762533187866,
10,300,O,-1,12,0,1,-0.6017447710037231,0.2813394069671631,-0.9911385774612427,0.5805494785308838,
10,300,O,-1,12,0,2,-0.6532570123672485,0.26996925473213196,-1.1403040885925293,0.6433772444725037,
10,300,O,-1,12,0,3,-0.7881351113319397,0.2647116482257843,-1.119826078414917,0.5561527609825134,
10,300,O,-1,12,1,0,1.0020089149475098,0.7656257152557373,0.13564178347587585,0.5308645367622375,
10,300,O,-1,12,1,1,1.0417331457138062,0.7394049167633057,0.3285195231437683,0.4909847676753998,
10,300,O,-1,12,1,2,1.0915268659591675,0.7372391223907471,0.31059980392456055,0.514388382434845,
10,300,O,-1,12,1,3,0.9171763062477112,0.7400853633880615,0.19988565146923065,0.4921795427799225,
10,300,O,-1,13,0,0,-0.1749534010887146,0.8953631520271301,-1.0006603002548218,0.4797636866569519,
10,300,O,-1,13,0,1,-0.049948811531066895,0.9690224528312683,-0.9429427981376648,0.47958436608314514,
10,300,O,-1,13,0,2,-0.12355327606201172,0.7816433310508728,-0.5028547048568726,0.32671788334846497,
10,300,O,-1,13,0,3,0.31238508224487305,0.9389973282814026,-0.9400145411491394,0.571507453918457,
10,300,O,-1,13,1,0,2.5626068115234375,0.8401804566383362,1.1414387226104736,0.6284604072570801,
10,300,O,-1,13,1,1,2.669163703918457,1.0516456365585327,1.300872564315796,0.5654243230819702,
10,300,O,-1,13,1,2,2.670304298400879,0.9727781414985657,1.3420605659484863,0.5772408246994019,
10,300,O,-1,13,1,3,2.646775960922241,0.7813584208488464,1.7765414714813232,0.5269061326980591,
10,300,O,-1,14,0,0,1.966110348701477,1.661026954650879,0.7095053791999817,0.43069344758987427,
10,300,O,-1,14,0,1,1.9601752758026123,1.6405702829360962,0.7900758385658264,0.4163062870502472,
10,300,O,-1,14,0,2,1.7663111686706543,1.592430591583252,0.5600039958953857,0.43101829290390015,
10,300,O,-1,14,0,3,1.822403073310852,1.6196177005767822,0.9228214621543884,0.3570902943611145,
10,300,O,-1,14,1,0,2.1795055866241455,0.9225497841835022,1.0774283409118652,0.5443359613418579,
10,300,O,-1,14,1,1,2.1454224586486816,0.9076775312423706,1.0953912734985352,0.5363572239875793,
10,300,O,-1,14,1,2,2.1921427249908447,0.9681515693664551,1.264924168586731,0.4892018437385559,
10,300,O,-1,14,1,3,2.4827680587768555,1.0948086977005005,1.2108638286590576,0.5374138355255127,
10,300,O,-1,15,0,0,0.16370919346809387,0.721541702747345,-1.54746675491333,0.7034009695053101,
10,300,O,-1,15,0,1,0.7767410278320312,0.5983311533927917,-1.6014957427978516,0.7989861965179443,
10,300,O,-1,15,0,2,0.20063257217407227,0.6658856868743896,-1.4023884534835815,0.7065169215202332,
10,300,O,-1,15,0,3,0.37399783730506897,0.628627359867096,-1.4640834331512451,0.745155394077301,
10,300,O,-1,15,1,0,-0.7878379821777344,0.2807745635509491,-1.6719169616699219,0.7589614987373352,
10,300,O,-1,15,1,1,-0.5688977837562561,0.29486554861068726,-1.7747220993041992,0.8035133481025696,
10,300,O,-1,15,1,2,-0.7006974816322327,0.2805940806865692,-1.8745248317718506,0.8070751428604126,
10,300,O,-1,15,1,3,-1.2434916496276855,0.3605606257915497,-1.951359510421753,0.6625317931175232,
10,300,O,-1,16,0,0,1.3741223812103271,0.6094581484794617,-0.6117366552352905,0.7651700377464294,
10,300,O,-1,16,0,1,1.6267203092575073,0.5754578113555908,-0.4645043611526489,0.7842046618461609,
10,300,O,-1,16,0,2,0.808657705783844,0.5423218607902527,-0.1663503646850586,0.6425814628601074,
10,300,O,-1,16,0,3,1.205312728881836,0.6808120608329773,-0.6185983419418335,0.728188693523407,
10,300,O,-1,16,1,0,-1.644722580909729,0.4266335666179657,-2.758729934692383,0.7230804562568665,
10,300,O,-1,16,1,1,-1.5522434711456299,0.3646649420261383,-2.6605329513549805,0.7524262070655823,
10,300,O,-1,16,1,2,-1.519033432006836,0.39076918363571167,-2.7840662002563477,0.7640000581741333,
10,300,O,-1,16,1,3,-1.5743838548660278,0.4310900866985321,-2.774517774581909,0.735725998878479,
10,300,O,-1,17,0,0,0.8798058032989502,1.6503748893737793,-1.3694896697998047,0.5767911672592163,
10,300,O,-1,17,0,1,0.6461324691772461,1.726638913154602,-1.7756478786468506,0.5837839245796204,
10,300,O,-1,17,0,2,0.258064866065979,1.4825665950775146,-1.4746568202972412,0.5389008522033691,
10,300,O,-1,17,0,3,0.672527551651001,1.6912704706192017,-1.5610671043395996,0.5690882802009583,
10,300,O,-1,17,1,0,1.2479865550994873,0.4988683760166168,-0.1881728172302246,0.7421905994415283,
10,300,O,-1,17,1,1,1.0138627290725708,0.4664134979248047,-0.20848536491394043,0.7238132953643799,
10,300,O,-1,17,1,2,1.0734723806381226,0.55336594581604,-0.2089099884033203,0.6985611319541931,
10,300,O,-1,17,1,3,0.9087534546852112,0.6023343205451965,-0.20324695110321045,0.6486483812332153,
10,300,O,-1,18,0,0,2.0574395656585693,5.400031089782715,-0.8358874320983887,0.3488727807998657,
10,300,O,-1,18,0,1,2.2886037826538086,4.699171543121338,-0.9432220458984375,0.407492995262146,
10,300,O,-1,18,0,2,0.8605220317840576,3.848940372467041,-1.169950246810913,0.3453528881072998,
10,300,O,-1,18,0,3,1.8682355880737305,5.686677932739258,-1.1350376605987549,0.34560301899909973,
10,300,O,-1,18,1,0,0.5973039865493774,2.1347591876983643,-0.3269076347351074,0.3021315634250641,
10,300,O,-1,18,1,1,0.8682911992073059,1.987951397895813,-0.5030698180198669,0.40822669863700867,
10,300,O,-1,18,1,2,0.6621173024177551,2.4240529537200928,-0.5202410221099854,0.32784897089004517,
10,300,O,-1,18,1,3,0.9024512767791748,1.8961464166641235,-0.4608359932899475,0.418258935213089,
10,300,O,-1,19,0,0,-0.7998606562614441,3.914604902267456,-3.5727572441101074,0.4146386384963989,
10,300,O,-1,19,0,1,-0.23441147804260254,3.7395474910736084,-3.4333443641662598,0.46104228496551514,
10,300,O,-1,19,0,2,-0.06803834438323975,4.713747024536133,-3.470568895339966,0.4192230701446533,
10,300,O,-1,19,0,3,-0.33455634117126465,3.80582857131958,-3.525550127029419,0.45606327056884766,
10,300,O,-1,19,1,0,1.6661111116409302,2.997666120529175,-0.15480482578277588,0.3778945505619049,
10,300,O,-1,19,1,1,2.016334056854248,3.427337169647217,0.23795711994171143,0.34162014722824097,
10,300,O,-1,19,1,2,2.0365049839019775,2.8942277431488037,-0.10418415069580078,0.4251686930656433,
10,300,O,-1,19,1,3,1.9346702098846436,4.087892055511475,-0.07660233974456787,0.32976195216178894,
10,300,O,-1,20,0,0,1.5388593673706055,1.8119935989379883,0.5338176488876343,0.35677284002304077,
10,300,O,-1,20,0,1,1.2430931329727173,2.243138074874878,0.7166758179664612,0.19007286429405212,
10,300,O,-1,20,0,2,1.1971702575683594,2.1975014209747314,0.5900503396987915,0.21647126972675323,
10,300,O,-1,20,0,3,1.2077268362045288,2.118300199508667,0.6317354440689087,0.21378211677074432,
10,300,O,-1,20,1,0,0.8784558773040771,3.1988062858581543,0.15963327884674072,0.18348409235477448,
10,300,O,-1,20,1,1,1.2539275884628296,3.4911937713623047,0.051229894161224365,0.25622615218162537,
10,300,O,-1,20,1,2,0.9377898573875427,3.0645229816436768,0.08784502744674683,0.21712908148765564,
10,300,O,-1,20,1,3,1.259364366531372,2.2139220237731934,0.07065141201019287,0.3493506908416748,
10,300,O,-1,21,0,0,-0.9545227289199829,1.033099889755249,-1.9084224700927734,0.48007041215896606,
10,300,O,-1,21,0,1,-0.7674684524536133,1.1164147853851318,-1.9478702545166016,0.5139294862747192,
10,300,O,-1,21,0,2,-0.6687464714050293,0.8858253359794617,-1.8721942901611328,0.5760126709938049,
10,300,O,-1,21,0,3,-1.2033295631408691,1.0013947486877441,-1.9498536586761475,0.42709311842918396,
10,300,O,-1,21,1,0,2.3502233028411865,1.0652645826339722,1.3869246244430542,0.47486746311187744,
10,300,O,-1,21,1,1,2.678206443786621,1.13417387008667,1.3424957990646362,0.5407988429069519,
10,300,O,-1,21,1,2,2.6719472408294678,1.0954426527023315,1.2674765586853027,0.5618077516555786,
10,300,O,-1,21,1,3,1.9937427043914795,1.2177619934082031,1.2549773454666138,0.3775900900363922,
10,300,O,-1,22,0,0,1.084089994430542,3.0738494396209717,-1.046172022819519,0.40934211015701294,
10,300,O,-1,22,0,1,1.470184087753296,3.474532127380371,-1.656008243560791,0.47361353039741516,
10,300,O,-1,22,0,2,2.1151812076568604,3.56778883934021,-1.3998888731002808,0.49627840518951416,
10,300,O,-1,22,0,3,0.8042654991149902,3.4694597721099854,-1.3589059114456177,0.38404276967048645,
10,300,O,-1,22,1,0,4.224003791809082,2.072399377822876,1.8702926635742188,0.5317786335945129,
10,300,O,-1,22,1,1,3.732542037963867,1.918241262435913,1.863957166671753,0.4934435486793518,
10,300,O,-1,22,1,2,4.045731544494629,1.7496873140335083,2.3178045749664307,0.49687135219573975,
10,300,O,-1,22,1,3,3.6509201526641846,2.221053123474121,1.9428627490997314,0.43471860885620117,
10,300,O,-1,23,0,0,1.1278386116027832,3.223788022994995,-0.8353472948074341,0.3784838318824768,
10,300,O,-1,23,0,1,1.8352231979370117,3.4228358268737793,-0.7414594888687134,0.429481565952301,
10,300,O,-1,23,0,2,2.146632432937622,3.2154321670532227,-0.46812114119529724,0.44848546385765076,
10,300,O,-1,23,0,3,2.005988359451294,3.3169097900390625,-0.7849199771881104,0.45694029331207275,
10,300,O,-1,23,1,0,3.89512300491333,4.067583084106445,1.1717674732208252,0.4010278582572937,
10,300,O,-1,23,1,1,2.9098620414733887,4.301684856414795,0.873769998550415,0.32126283645629883,
10,300,O,-1,23,1,2,3.5598556995391846,3.7384350299835205,0.9604282379150391,0.41014260053634644,
10,300,O,-1,23,1,3,3.027961492538452,4.018160820007324,0.9594178199768066,0.33984625339508057,
10,300,O,-1,24,0,0,1.2180602550506592,19.9991455078125,-0.99945467710495,0.09981315582990646,
10,300,O,-1,24,0,1,1.988248348236084,19.893951416015625,-1.0252352952957153,0.13155046105384827,
10,300,O,-1,24,0,2,1.1994569301605225,21.650814056396484,-1.0919275283813477,0.09570484608411789,
10,300,O,-1,24,0,3,1.112743616104126,18.352603912353516,-1.0504915714263916,0.10544218868017197,
10,300,O,-1,24,1,0,2.2016756534576416,13.285648345947266,-0.7359429597854614,0.18107442557811737,
10,300,O,-1,24,1,1,1.6673555374145508,17.190872192382812,-0.8853696584701538,0.12929382920265198,
10,300,O,-1,24,1,2,0.889106273651123,14.275749206542969,-1.0125329494476318,0.11754920333623886,
10,300,O,-1,24,1,3,1.5734436511993408,18.04534149169922,-0.8848525285720825,0.11989562213420868,
10,300,O,-1,25,0,0,2.7554595470428467,18.614032745361328,-1.4123948812484741,0.18294596672058105,
10,300,O,-1,25,0,1,2.9436023235321045,18.46539878845215,-1.3104689121246338,0.18724341690540314,
10,300,O,-1,25,0,2,1.0462009906768799,19.813798904418945,-1.4343702793121338,0.11126448214054108,
10,300,O,-1,25,0,3,1.6983835697174072,17.79665184020996,-1.420233964920044,0.1491072177886963,
10,300,O,-1,25,1,0,1.131813645362854,4.80251407623291,-0.07596670091152191,0.20095194876194,
10,300,O,-1,25,1,1,0.645761251449585,4.164358139038086,0.07013103365898132,0.12144127488136292,
10,300,O,-1,25,1,2,1.5584734678268433,5.0929765701293945,-0.057195767760276794,0.24083390831947327,
10,300,O,-1,25,1,3,0.7793365716934204,4.8446760177612305,-0.07248608767986298,0.1495344340801239,
10,300,O,-1,26,0,0,1.7458980083465576,19.861568450927734,-0.5372134447097778,0.1030997782945633,
10,300,O,-1,26,0,1,3.0751731395721436,20.311912536621094,-0.6330159306526184,0.15437857806682587,
10,300,O,-1,26,0,2,4.076772689819336,25.681049346923828,-0.47829949855804443,0.1506500244140625,
10,300,O,-1,26,0,3,6.7130889892578125,22.915422439575195,-0.3759857416152954,0.2362670749425888,
10,300,O,-1,26,1,0,5.27493953704834,18.09007453918457,2.4987339973449707,0.1330474615097046,
10,300,O,-1,26,1,1,5.842391014099121,17.442798614501953,2.501413345336914,0.16074931621551514,
10,300,O,-1,26,1,2,6.490065574645996,15.824874877929688,2.5269436836242676,0.2002790868282318,
10,300,O,-1,26,1,3,5.711503505706787,15.825979232788086,2.470698118209839,0.16997124254703522,
10,300,O,-1,27,0,0,7.587168216705322,20.76448631286621,1.6628468036651611,0.22197774052619934,
10,300,O,-1,27,0,1,7.272269248962402,22.46830940246582,1.6192153692245483,0.20102347433567047,
10,300,O,-1,27,0,2,6.503210067749023,19.827667236328125,1.5611552000045776,0.19952000677585602,
10,300,O,-1,27,0,3,5.173687934875488,21.403400421142578,1.7426373958587646,0.13815690577030182,
10,300,O,-1,27,1,0,1.1392803192138672,21.915464401245117,-1.1112042665481567,0.09312625229358673,
10,300,O,-1,27,1,1,1.9025976657867432,27.26332664489746,-1.0002552270889282,0.09622872620820999,
10,300,O,-1,27,1,2,4.048653602600098,23.60694694519043,-0.9897819757461548,0.1758899688720703,
10,300,O,-1,27,1,3,1.312709093093872,26.8948917388916,-1.0493497848510742,0.0807349681854248,
10,300,O,-1,28,0,0,1.9580254554748535,14.028573036193848,0.12331044673919678,0.11565793305635452,
10,300,O,-1,28,0,1,2.3522112369537354,13.173300743103027,0.14957529306411743,0.14325213432312012,
10,300,O,-1,28,0,2,1.9371023178100586,9.478948593139648,0.1868792474269867,0.155863955616951,
10,300,O,-1,28,0,3,4.131128311157227,12.63263988494873,0.15084359049797058,0.2395896464586258,
10,300,O,-1,28,1,0,6.538698196411133,32.20461654663086,1.9636729955673218,0.12439015507698059,
10,300,O,-1,28,1,1,7.775276184082031,37.03776931762695,1.9767112731933594,0.1353655755519867,
10,300,O,-1,28,1,2,7.937792778015137,34.81279373168945,1.756723403930664,0.15078036487102509,
10,300,O,-1,28,1,3,8.4398775100708,37.436767578125,2.1760847568511963,0.14333438873291016,
10,300,O,-1,29,0,0,10.487503051757812,36.55092239379883,0.3386719226837158,0.21732087433338165,
10,300,O,-1,29,0,1,11.846153259277344,44.51564407348633,0.46462321281433105,0.2036154866218567,
10,300,O,-1,29,0,2,13.434906959533691,46.436256408691406,0.645594596862793,0.2159424126148224,
10,300,O,-1,29,0,3,9.178278923034668,41.84104537963867,0.12054586410522461,0.17795580625534058,
10,300,O,-1,29,1,0,16.84819221496582,75.05422973632812,2.6356923580169678,0.1592138409614563,
10,300,O,-1,29,1,1,25.036561965942383,68.05510711669922,3.156815528869629,0.24328438937664032,
10,300,O,-1,29,1,2,10.943923950195312,55.90595245361328,3.275424003601074,0.12062235176563263,
10,300,O,-1,29,1,3,13.07924747467041,71.41150665283203,2.5719923973083496,0.12826433777809143,
10,300,O,-1,30,0,0,1.150890588760376,9.68681526184082,-0.5156773328781128,0.14679041504859924,
10,300,O,-1,30,0,1,1.174349308013916,9.295223236083984,-0.44529423117637634,0.14838875830173492,
10,300,O,-1,30,0,2,1.5830059051513672,7.899196147918701,-0.3289480209350586,0.19487561285495758,
10,300,O,-1,30,0,3,1.6219593286514282,10.09830093383789,-0.46865200996398926,0.1715174913406372,
10,300,O,-1,30,1,0,1.4697495698928833,6.5464043617248535,-0.05114874243736267,0.18852625787258148,
10,300,O,-1,30,1,1,3.1597254276275635,7.314655780792236,-0.1382577121257782,0.31075993180274963,
10,300,O,-1,30,1,2,1.2628861665725708,5.703882217407227,-0.08426481485366821,0.1910572499036789,
10,300,O,-1,30,1,3,1.486115574836731,8.569321632385254,-0.11422282457351685,0.15736401081085205,
10,300,O,-1,31,0,0,5.127323627471924,37.23080062866211,-0.3106355667114258,0.12744592130184174,
10,300,O,-1,31,0,1,10.879652976989746,27.553869247436523,-0.42658185958862305,0.2909471094608307,
10,300,O,-1,31,0,2,7.691391468048096,40.96746063232422,0.3993939161300659,0.15109986066818237,
10,300,O,-1,31,0,3,8.042566299438477,43.152713775634766,0.31513750553131104,0.15187513828277588,
10,300,O,-1,31,1,0,1.9473530054092407,3.0002994537353516,0.8780257701873779,0.2627580761909485,
10,300,O,-1,31,1,1,1.941079020500183,3.1561524868011475,0.8449864387512207,0.2577679753303528,
10,300,O,-1,31,1,2,2.2850093841552734,4.998716354370117,0.8492299318313599,0.22313782572746277,
10,300,O,-1,31,1,3,2.4144582748413086,2.887760877609253,0.827925443649292,0.35458844900131226,
10,300,O,-1,32,0,0,0.7867201566696167,4.568450450897217,-0.5033736228942871,0.22020722925662994,
10,300,O,-1,32,0,1,0.9264378547668457,3.746638298034668,-0.41276344656944275,0.26331961154937744,
10,300,O,-1,32,0,2,0.34475409984588623,3.792772054672241,-0.44870951771736145,0.17300976812839508,
10,300,O,-1,32,0,3,0.4049075245857239,4.436331272125244,-0.4379297196865082,0.1596534103155136,
10,300,O,-1,32,1,0,6.655295372009277,11.41203498840332,1.2417066097259521,0.32174667716026306,
10,300,O,-1,32,1,1,4.891436576843262,10.115946769714355,1.187698245048523,0.26800453662872314,
10,300,O,-1,32,1,2,5.0110673904418945,11.334038734436035,1.2600302696228027,0.24865882098674774,
10,300,O,-1,32,1,3,4.86944580078125,10.4777193069458,1.4997810125350952,0.2433430701494217,
10,300,O,-1,33,0,0,15.372878074645996,47.50862121582031,1.063753604888916,0.23147276043891907,
10,300,O,-1,33,0,1,5.1495561599731445,41.00923538208008,1.2722841501235962,0.08637946099042892,
10,300,O,-1,33,0,2,7.830560684204102,44.12315368652344,0.9278762340545654,0.13527821004390717,
10,300,O,-1,33,0,3,6.775330543518066,36.0731086730957,1.5090357065200806,0.12739165127277374,
10,300,O,-1,33,1,0,2.465264320373535,12.758842468261719,-1.7724510431289673,0.24932783842086792,
10,300,O,-1,33,1,1,2.334282398223877,13.586790084838867,-1.7640451192855835,0.23173877596855164,
10,300,O,-1,33,1,2,1.0363285541534424,14.209901809692383,-1.822742223739624,0.1675010323524475,
10,300,O,-1,33,1,3,1.1109821796417236,13.05997085571289,-1.8060375452041626,0.18257629871368408,
10,300,O,-1,34,0,0,4.233306884765625,14.216636657714844,-0.9666918516159058,0.26781153678894043,
10,300,O,-1,34,0,1,2.38185453414917,11.633441925048828,-0.7593253254890442,0.21260644495487213,
10,300,O,-1,34,0,2,2.42242431640625,15.875792503356934,-0.8541820049285889,0.17108072340488434,
10,300,O,-1,34,0,3,2.2497718334198,16.218679428100586,-0.9319132566452026,0.16400130093097687,
10,300,O,-1,34,1,0,4.268415451049805,25.835041046142578,-0.7858438491821289,0.16362491250038147,
10,300,O,-1,34,1,1,4.905839920043945,25.303985595703125,-0.7119737267494202,0.18167810142040253,
10,300,O,-1,34,1,2,5.435975074768066,23.17995834350586,-0.8724095225334167,0.21392807364463806,
10,300,O,-1,34,1,3,6.690471649169922,30.96977996826172,-0.587550163269043,0.19028602540493011,
10,300,O,-1,35,0,0,5.209332466125488,15.881688117980957,0.13396041095256805,0.24217958748340607,
10,300,O,-1,35,0,1,6.200300216674805,16.615577697753906,0.16247844696044922,0.26653051376342773,
10,300,O,-1,35,0,2,3.185370922088623,19.810720443725586,0.07047678530216217,0.1358696073293686,
10,300,O,-1,35,0,3,2.423672676086426,17.085668563842773,-0.09882225096225739,0.1286451518535614,
10,300,O,-1,35,1,0,4.51176118850708,30.977210998535156,-2.3780300617218018,0.18194709718227386,
10,300,O,-1,35,1,1,7.8090081214904785,36.77726745605469,-2.081956386566162,0.2119421362876892,
10,300,O,-1,35,1,2,1.3419907093048096,31.27500343322754,-2.166799306869507,0.10087427496910095,
10,300,O,-1,35,1,3,3.1452488899230957,27.49828338623047,-2.06632661819458,0.15932735800743103,
10,300,F,0,0,0,0,2.2679688930511475,11.82174015045166,-1.3425378799438477,0.23395858705043793,
10,300,F,0,0,0,1,5.034171104431152,14.845271110534668,-1.2562015056610107,0.29761916399002075,
10,300,F,0,0,0,2,3.8116581439971924,13.685559272766113,-1.2951207160949707,0.2717479169368744,
10,300,F,0,0,0,3,7.163430213928223,11.625360488891602,-1.1074879169464111,0.4157017469406128,
10,300,F,0,0,1,0,3.93599009513855,14.068696022033691,0.2351493388414383,0.20826883614063263,
10,300,F,0,0,1,1,6.069940567016602,14.642848014831543,0.23787054419517517,0.2848397195339203,
10,300,F,0,0,1,2,6.943790912628174,12.701799392700195,0.2679416835308075,0.34451285004615784,
10,300,F,0,0,1,3,9.548397064208984,11.937596321105957,0.262423574924469,0.43753117322921753,
10,300,F,0,1,0,0,7.635520935058594,19.00695037841797,0.05064970254898071,0.2852332293987274,
10,300,F,0,1,0,1,6.1766204833984375,18.4344482421875,-0.16372603178024292,0.2559192180633545,
10,300,F,0,1,0,2,5.763267517089844,21.7180233001709,-0.15248480439186096,0.21407689154148102,
10,300,F,0,1,0,3,6.456876754760742,16.19300651550293,-0.20147106051445007,0.2913765013217926,
10,300,F,0,1,1,0,2.335392713546753,10.562820434570312,-1.01849365234375,0.24099713563919067,
10,300,F,0,1,1,1,1.5264136791229248,12.16151237487793,-0.9795393943786621,0.17085114121437073,
10,300,F,0,1,1,2,4.612424373626709,9.635614395141602,-0.9765124320983887,0.3671002686023712,
10,300,F,0,1,1,3,1.8842339515686035,12.697186470031738,-1.0922431945800781,0.18990309536457062,
10,300,F,0,2,0,0,4.034210681915283,9.067359924316406,0.4626913070678711,0.28258195519447327,
10,300,F,0,2,0,1,3.544769525527954,9.081778526306152,0.534404456615448,0.24895213544368744,
10,300,F,0,2,0,2,3.10897159576416,6.730748176574707,0.45231035351753235,0.2830026149749756,
10,300,F,0,2,0,3,3.8043501377105713,7.621448040008545,0.4538172781467438,0.3053717315196991,
10,300,F,0,2,1,0,-0.6089819669723511,3.2905843257904053,-1.5972825288772583,0.2309715300798416,
10,300,F,0,2,1,1,-0.3818037509918213,3.5165250301361084,-1.5792244672775269,0.254016637802124,
10,300,F,0,2,1,2,-0.8507099151611328,3.493637800216675,-1.6025314331054688,0.17708837985992432,
10,300,F,0,2,1,3,-0.35127031803131104,3.3928210735321045,-1.5846785306930542,0.2666119933128357,
10,300,F,0,3,0,0,8.747306823730469,57.045223236083984,-1.0573915243148804,0.14666731655597687,
10,300,F,0,3,0,1,10.961677551269531,54.24296569824219,-1.020580768585205,0.1809319257736206,
10,300,F,0,3,0,2,5.622751235961914,63.07462692260742,-0.6643517017364502,0.09064224362373352,
10,300,F,0,3,0,3,3.7419629096984863,65.25331115722656,-0.7853971123695374,0.06487984955310822,
10,300,F,0,3,1,0,3.6537399291992188,38.79066467285156,-0.7295790314674377,0.10152686387300491,
10,300,F,0,3,1,1,6.251707077026367,41.01445388793945,-0.7962241172790527,0.1466412991285324,
10,300,F,0,3,1,2,6.298340320587158,44.17965316772461,-0.7956768274307251,0.13835594058036804,
10,300,F,0,3,1,3,7.783202648162842,39.42127990722656,-0.7227628231048584,0.17747659981250763,
10,300,F,0,4,0,0,13.95925521850586,65.5726089477539,-0.7764102220535278,0.18348875641822815,
10,300,F,0,4,0,1,13.610875129699707,68.76663970947266,-0.653177797794342,0.17179253697395325,
10,300,F,0,4,0,2,3.9369471073150635,59.869876861572266,-0.5440143346786499,0.06963330507278442,
10,300,F,0,4,0,3,9.09109115600586,64.3841552734375,-0.7916064262390137,0.13307009637355804,
10,300,F,0,4,1,0,20.808820724487305,74.04741668701172,1.9537739753723145,0.20295530557632446,
10,300,F,0,4,1,1,22.008285522460938,87.42681121826172,1.858972191810608,0.187302827835083,
10,300,F,0,4,1,2,14.116765975952148,81.34860229492188,1.8476063013076782,0.13105587661266327,
10,300,F,0,4,1,3,22.09471893310547,85.51577758789062,1.9234557151794434,0.19085843861103058,
10,300,F,0,5,0,0,8.508004188537598,19.735069274902344,1.1582272052764893,0.27136120200157166,
10,300,F,0,5,0,1,2.9503579139709473,21.256322860717773,1.1046077013015747,0.07989543676376343,
10,300,F,0,5,0,2,3.5759880542755127,23.15340805053711,1.0146899223327637,0.09960441291332245,
10,300,F,0,5,0,3,7.369424819946289,20.96527099609375,1.0576716661453247,0.23139448463916779,
10,300,F,0,5,1,0,10.367414474487305,26.95102882385254,1.159075379371643,0.25465983152389526,
10,300,F,0,5,1,1,7.098459720611572,29.578672409057617,1.1427719593048096,0.16760362684726715,
10,300,F,0,5,1,2,11.009040832519531,34.024444580078125,1.1849391460418701,0.2240462303161621,
10,300,F,0,5,1,3,7.985172271728516,40.83256149291992,1.2949968576431274,0.14077840745449066,
10,300,F,0,6,0,0,5.728719711303711,43.527557373046875,1.8485172986984253,0.0818474069237709,
10,300,F,0,6,0,1,12.327788352966309,37.8269157409668,1.9447126388549805,0.21537186205387115,
10,300,F,0,6,0,2,7.614391326904297,50.190956115722656,1.9703911542892456,0.10108362883329391,
10,300,F,0,6,0,3,10.803177833557129,51.33708572387695,1.8384838104248047,0.14866384863853455,
10,300,F,0,6,1,0,7.399230003356934,27.168941497802734,1.9553264379501343,0.16692513227462769,
10,300,F,0,6,1,1,5.511938095092773,21.71776008605957,1.9370065927505493,0.14134247601032257,
10,300,F,0,6,1,2,8.344766616821289,26.013912200927734,2.025743246078491,0.19543610513210297,
10,300,F,0,6,1,3,7.0901031494140625,25.93979263305664,1.9784928560256958,0.16461768746376038,
10,300,F,0,7,0,0,15.840670585632324,91.42963409423828,0.7158992290496826,0.14194411039352417,
10,300,F,0,7,0,1,9.295223236083984,135.906494140625,0.7120320796966553,0.05940348282456398,
10,300,F,0,7,0,2,16.280364990234375,132.57284545898438,1.1981838941574097,0.10214471071958542,
10,300,F,0,7,0,3,13.14706802368164,132.53753662109375,0.7889137268066406,0.08529000729322433,
10,300,F,0,7,1,0,12.34350872039795,87.3663330078125,0.4938800632953644,0.11943267285823822,
10,300,F,0,7,1,1,8.047371864318848,88.24000549316406,0.4666503965854645,0.07911358773708344,
10,300,F,0,7,1,2,9.658843040466309,71.56187438964844,0.6136271357536316,0.11221364885568619,
10,300,F,0,7,1,3,4.453040599822998,88.39118957519531,0.43305259943008423,0.043501101434230804,
10,300,F,0,8,0,0,14.436029434204102,74.1715316772461,1.1316194534301758,0.15209221839904785,
10,300,F,0,8,0,1,9.519998550415039,64.14781188964844,1.3919185400009155,0.11245907843112946,
10,300,F,0,8,0,2,10.38569450378418,69.57491302490234,1.3044720888137817,0.11545472592115402,
10,300,F,0,8,0,3,12.538433074951172,77.30921173095703,1.1397004127502441,0.12849731743335724,
10,300,F,0,8,1,0,5.076621055603027,53.58987808227539,2.211597204208374,0.05074889212846756,
10,300,F,0,8,1,1,13.001628875732422,57.54841232299805,2.264491558074951,0.15723878145217896,
10,300,F,0,8,1,2,5.462606430053711,58.173095703125,2.2506468296051025,0.05232477933168411,
10,300,F,0,8,1,3,8.56061840057373,47.65164566040039,2.095508575439453,0.11946595460176468,
10,300,F,0,9,0,0,6.361025810241699,37.67198181152344,1.8500275611877441,0.10693883150815964,
10,300,F,0,9,0,1,5.245368957519531,28.640779495239258,2.017292022705078,0.10129252076148987,
10,300,F,0,9,0,2,8.205345153808594,26.530519485473633,2.22540020942688,0.18393906950950623,
10,300,F,0,9,0,3,7.341561317443848,31.882761001586914,2.1702919006347656,0.13956023752689362,
10,300,F,0,9,1,0,1.6910037994384766,18.91800880432129,-0.25304290652275085,0.09318576753139496,
10,300,F,0,9,1,1,2.5803661346435547,19.882471084594727,-0.29064851999282837,0.12617911398410797,
10,300,F,0,9,1,2,1.8790462017059326,14.942761421203613,-0.31738394498825073,0.1281525045633316,
10,300,F,0,9,1,3,2.0222349166870117,16.865459442138672,-0.37648048996925354,0.12451691925525665,
10,300,F,0,10,0,0,4.635131359100342,34.08872985839844,0.6849765777587891,0.10384517908096313,
10,300,F,0,10,0,1,5.566490650177002,34.93341064453125,0.5936800241470337,0.12461241334676743,
10,300,F,0,10,0,2,6.719289302825928,26.499113082885742,0.6996974945068359,0.18511167168617249,
10,300,F,0,10,0,3,5.558331489562988,29.624282836914062,0.47515869140625,0.14645765721797943,
10,300,F,0,10,1,0,2.7333998680114746,7.742902755737305,1.4069610834121704,0.1462552398443222,
10,300,F,0,10,1,1,2.403266191482544,8.418312072753906,1.3885056972503662,0.10757475346326828,
10,300,F,0,10,1,2,3.131481885910034,8.900960922241211,1.3304301500320435,0.16829094290733337,
10,300,F,0,10,1,3,2.661114454269409,7.274806022644043,1.412339687347412,0.14650824666023254,
10,300,F,0,11,0,0,4.306395053863525,8.673473358154297,1.524790644645691,0.24282719194889069,
10,300,F,0,11,0,1,2.9742050170898438,9.273470878601074,1.5735417604446411,0.13122031092643738,
10,300,F,0,11,0,2,2.991093635559082,7.563910007476807,1.5523583889007568,0.15981249511241913,
10,300,F,0,11,0,3,3.312641143798828,8.483460426330566,1.4975156784057617,0.17624996602535248,
10,300,F,0,11,1,0,9.693161010742188,66.25211334228516,2.6113924980163574,0.09656885266304016,
10,300,F,0,11,1,1,10.573522567749023,56.25278091430664,1.9133296012878418,0.13341234624385834,
10,300,F,0,11,1,2,9.13522720336914,62.57530975341797,2.8033900260925293,0.0918894112110138,
10,300,F,0,11,1,3,12.479467391967773,54.468040466308594,3.001202344894409,0.14822225272655487,
10,300,F,0,12,0,0,-0.8903303146362305,0.28782162070274353,-1.1423434019088745,0.46683380007743835,
10,300,F,0,12,0,1,-0.6017447710037231,0.2813394069671631,-1.1193536520004272,0.6478627920150757,
10,300,F,0,12,0,2,-0.6532570123672485,0.26996925473213196,-1.1530357599258423,0.6492757797241211,
10,300,F,0,12,0,3,-0.7881351113319397,0.2647116482257843,-1.1449931859970093,0.5741239786148071,
10,300,F,0,12,1,0,1.0020089149475098,0.7656257152557373,0.11927001178264618,0.5355240106582642,
10,300,F,0,12,1,1,1.0417331457138062,0.7394049167633057,0.3475566506385803,0.4842253625392914,
10,300,F,0,12,1,2,1.0915268659591675,0.7372391223907471,0.3036128878593445,0.5166130065917969,
10,300,F,0,12,1,3,0.9171763062477112,0.7400853633880615,0.20682072639465332,0.4897514581680298,
10,300,F,0,13,0,0,-0.1749534010887146,0.8953631520271301,-1.0729820728302002,0.5007431507110596,
10,300,F,0,13,0,1,-0.049948811531066895,0.9690224528312683,-0.9515858292579651,0.4819888472557068,
10,300,F,0,13,0,2,-0.12355327606201172,0.7816433310508728,-0.7389243841171265,0.44049015641212463,
10,300,F,0,13,0,3,0.31238508224487305,0.9389973282814026,-0.983223557472229,0.5797929167747498,
10,300,F,0,13,1,0,2.5626068115234375,0.8401804566383362,1.2162423133850098,0.6157497763633728,
10,300,F,0,13,1,1,2.669163703918457,1.0516456365585327,1.3366456031799316,0.5589038133621216,
10,300,F,0,13,1,2,2.670304298400879,0.9727781414985657,1.2890350818634033,0.5867635607719421,
10,300,F,0,13,1,3,2.646775960922241,0.7813584208488464,1.3248857259750366,0.6284992694854736,
10,300,F,0,14,0,0,1.966110348701477,1.661026954650879,0.8990978002548218,0.39112797379493713,
10,300,F,0,14,0,1,1.9601752758026123,1.6405702829360962,0.5890575647354126,0.45526552200317383,
10,300,F,0,14,0,2,1.7663111686706543,1.592430591583252,0.542221188545227,0.4346106946468353,
10,300,F,0,14,0,3,1.822403073310852,1.6196177005767822,0.6519792675971985,0.4195004999637604,
10,300,F,0,14,1,0,2.1795055866241455,0.9225497841835022,1.0848323106765747,0.5426635146141052,
10,300,F,0,14,1,1,2.1454224586486816,0.9076775312423706,1.247087001800537,0.49741360545158386,
10,300,F,0,14,1,2,2.1921427249908447,0.9681515693664551,1.2157642841339111,0.5021153688430786,
10,300,F,0,14,1,3,2.4827680587768555,1.0948086977005005,1.220016598701477,0.5356179475784302,
10,300,F,0,15,0,0,0.16370919346809387,0.721541702747345,-1.5831849575042725,0.7076927423477173,
10,300,F,0,15,0,1,0.7767410278320312,0.5983311533927917,-1.3790743350982666,0.7827525734901428,
10,300,F,0,15,0,2,0.20063257217407227,0.6658856868743896,-1.5021886825561523,0.7188822031021118,
10,300,F,0,15,0,3,0.37399783730506897,0.628627359867096,-1.6623115539550781,0.7641116976737976,
10,300,F,0,15,1,0,-0.7878379821777344,0.2807745635509491,-1.8212264776229858,0.7863472700119019,
10,300,F,0,15,1,1,-0.5688977837562561,0.29486554861068726,-1.7235947847366333,0.7965830564498901,
10,300,F,0,15,1,2,-0.7006974816322327,0.2805940806865692,-1.9007049798965454,0.8104864358901978,
10,300,F,0,15,1,3,-1.2434916496276855,0.3605606257915497,-2.0015366077423096,0.6776695251464844,
10,300,F,0,16,0,0,1.3741223812103271,0.6094581484794617,-0.39329850673675537,0.743588924407959,
10,300,F,0,16,0,1,1.6267203092575073,0.5754578113555908,-0.6583282947540283,0.7988266348838806,
10,300,F,0,16,0,2,0.808657705783844,0.5423218607902527,-0.5484182834625244,0.7144769430160522,
10,300,F,0,16,0,3,1.205312728881836,0.6808120608329773,-0.7853987216949463,0.7451596260070801,
10,300,F,0,16,1,0,-1.644722580909729,0.4266335666179657,-2.7993361949920654,0.730191707611084,
10,300,F,0,16,1,1,-1.5522434711456299,0.3646649420261383,-2.7388696670532227,0.7649281024932861,
10,300,F,0,16,1,2,-1.519033432006836,0.39076918363571167,-2.787050485610962,0.7644246220588684,
10,300,F,0,16,1,3,-1.5743838548660278,0.4310900866985321,-2.823248863220215,0.7433919310569763,
10,300,F,0,17,0,0,0.8798058032989502,1.6503748893737793,-1.700887680053711,0.6099389791488647,
10,300,F,0,17,0,1,0.6461324691772461,1.726638913154602,-1.981121301651001,0.6034263968467712,
10,300,F,0,17,0,2,0.258064866065979,1.4825665950775146,-2.023128032684326,0.606094241142273,
10,300,F,0,17,0,3,0.672527551651001,1.6912704706192017,-1.858546495437622,0.59944748878479,
10,300,F,0,17,1,0,1.2479865550994873,0.4988683760166168,-0.5467681884765625,0.7824976444244385,
10,300,F,0,17,1,1,1.0138627290725708,0.4664134979248047,-0.2844719886779785,0.7357053756713867,
10,300,F,0,17,1,2,1.0734723806381226,0.55336594581604,-0.1931600570678711,0.6959524750709534,
10,300,F,0,17,1,3,0.9087534546852112,0.6023343205451965,-0.2379518747329712,0.6556199789047241,
10,300,F,0,18,0,0,2.0574395656585693,5.400031089782715,-1.1699512004852295,0.3740851879119873,
10,300,F,0,18,0,1,2.2886037826538086,4.699171543121338,-1.0334582328796387,0.41415849328041077,
10,300,F,0,18,0,2,0.8605220317840576,3.848940372467041,-1.1885061264038086,0.3474125266075134,
10,300,F,0,18,0,3,1.8682355880737305,5.686677932739258,-1.151463270187378,0.3468376100063324,
10,300,F,0,18,1,0,0.5973039865493774,2.1347591876983643,-0.5534390807151794,0.3502487242221832,
10,300,F,0,18,1,1,0.8682911992073059,1.987951397895813,-0.5666541457176208,0.41921958327293396,
10,300,F,0,18,1,2,0.6621173024177551,2.4240529537200928,-0.5343365669250488,0.33046582341194153,
10,300,F,0,18,1,3,0.9024512767791748,1.8961464166641235,-0.5262578725814819,0.4297056198120117,
10,300,F,0,19,0,0,-0.7998606562614441,3.914604902267456,-3.5598058700561523,0.4135027825832367,
10,300,F,0,19,0,1,-0.23441147804260254,3.7395474910736084,-3.540090322494507,0.469208300113678,
10,300,F,0,19,0,2,-0.06803834438323975,4.713747024536133,-3.627032995223999,0.43020740151405334,
10,300,F,0,19,0,3,-0.33455634117126465,3.80582857131958,-3.5963094234466553,0.4615090787410736,
10,300,F,0,19,1,0,1.6661111116409302,2.997666120529175,-0.1720142364501953,0.38010847568511963,
10,300,F,0,19,1,1,2.016334056854248,3.427337169647217,-0.177512526512146,0.3902819752693176,
10,300,F,0,19,1,2,2.0365049839019775,2.8942277431488037,-0.03699147701263428,0.41739365458488464,
10,300,F,0,19,1,3,1.9346702098846436,4.087892055511475,-0.16091573238372803,0.3389008343219757,
10,300,F,0,20,0,0,1.5388593673706055,1.8119935989379883,0.5472589135169983,0.3536890149116516,
10,300,F,0,20,0,1,1.2430931329727173,2.243138074874878,0.5655388236045837,0.23198413848876953,
10,300,F,0,20,0,2,1.1971702575683594,2.1975014209747314,0.5467165112495422,0.22839327156543732,
10,300,F,0,20,0,3,1.2077268362045288,2.118300199508667,0.5748173594474792,0.23004770278930664,
10,300,F,0,20,1,0,0.8784558773040771,3.1988062858581543,0.1201326847076416,0.1916346698999405,
10,300,F,0,20,1,1,1.2539275884628296,3.4911937713623047,0.04358816146850586,0.25743505358695984,
10,300,F,0,20,1,2,0.9377898573875427,3.0645229816436768,0.10565030574798584,0.2135518491268158,
10,300,F,0,20,1,3,1.259364366531372,2.2139220237731934,0.03401839733123779,0.35628101229667664,
10,300,F,0,21,0,0,-0.9545227289199829,1.033099889755249,-1.927430272102356,0.4849969446659088,
10,300,F,0,21,0,1,-0.7674684524536133,1.1164147853851318,-1.950669288635254,0.5145211219787598,
10,300,F,0,21,0,2,-0.6687464714050293,0.8858253359794617,-1.929317831993103,0.5872965455055237,
10,300,F,0,21,0,3,-1.2033295631408691,1.0013947486877441,-1.9587196111679077,0.4299843907356262,
10,300,F,0,21,1,0,2.3502233028411865,1.0652645826339722,1.2510154247283936,0.5078409910202026,
10,300,F,0,21,1,1,2.678206443786621,1.13417387008667,1.3973751068115234,0.5303637981414795,
10,300,F,0,21,1,2,2.6719472408294678,1.0954426527023315,1.3187026977539062,0.5526408553123474,
10,300,F,0,21,1,3,1.9937427043914795,1.2177619934082031,1.3227213621139526,0.3552664518356323,
10,300,F,0,22,0,0,1.084089994430542,3.0738494396209717,-1.367679476737976,0.44370946288108826,
10,300,F,0,22,0,1,1.470184087753296,3.474532127380371,-1.6624318361282349,0.4741252660751343,
10,300,F,0,22,0,2,2.1151812076568604,3.56778883934021,-1.1953622102737427,0.4813002943992615,
10,300,F,0,22,0,3,0.8042654991149902,3.4694597721099854,-1.5019444227218628,0.39929741621017456,
10,300,F,0,22,1,0,4.224003791809082,2.072399377822876,1.8977854251861572,0.528852105140686,
10,300,F,0,22,1,1,3.732542037963867,1.918241262435913,1.8263062238693237,0.49843043088912964,
10,300,F,0,22,1,2,4.045731544494629,1.7496873140335083,1.9294852018356323,0.5474088191986084,
10,300,F,0,22,1,3,3.6509201526641846,2.221053123474121,1.8474485874176025,0.4481203854084015,
10,300,F,0,23,0,0,1.1278386116027832,3.223788022994995,-0.7438978552818298,0.36732950806617737,
10,300,F,0,23,0,1,1.8352231979370117,3.4228358268737793,-0.6711260080337524,0.4227139353752136,
10,300,F,0,23,0,2,2.146632432937622,3.2154321670532227,-0.70952308177948,0.4704132676124573,
10,300,F,0,23,0,3,2.005988359451294,3.3169097900390625,-0.8211091160774231,0.4601390063762665,
10,300,F,0,23,1,0,3.89512300491333,4.067583084106445,0.968040406703949,0.4184735417366028,
10,300,F,0,23,1,1,2.9098620414733887,4.301684856414795,0.9437452554702759,0.31368523836135864,
10,300,F,0,23,1,2,3.5598556995391846,3.7384350299835205,1.0073603391647339,0.4057421088218689,
10,300,F,0,23,1,3,3.027961492538452,4.018160820007324,0.8075495958328247,0.3559166491031647,
10,300,F,0,24,0,0,1.2180602550506592,19.9991455078125,-1.1474590301513672,0.10577038675546646,
10,300,F,0,24,0,1,1.988248348236084,19.893951416015625,-1.0738167762756348,0.13338834047317505,
10,300,F,0,24,0,2,1.1994569301605225,21.650814056396484,-1.170057773590088,0.09864623099565506,
10,300,F,0,24,0,3,1.112743616104126,18.352603912353516,-1.1285836696624756,0.10883435606956482,
10,300,F,0,24,1,0,2.2016756534576416,13.285648345947266,-0.830571174621582,0.18582341074943542,
10,300,F,0,24,1,1,1.6673555374145508,17.190872192382812,-0.8569270968437195,0.12803767621517181,
10,300,F,0,24,1,2,0.889106273651123,14.275749206542969,-0.9479449987411499,0.11401192098855972,
10,300,F,0,24,1,3,1.5734436511993408,18.04534149169922,-0.9474433660507202,0.1225740984082222,
10,300,F,0,25,0,0,2.7554595470428467,18.614032745361328,-1.562687873840332,0.18830078840255737,
10,300,F,0,25,0,1,2.9436023235321045,18.46539878845215,-1.4688849449157715,0.19287127256393433,
10,300,F,0,25,0,2,1.0462009906768799,19.813798904418945,-1.5413225889205933,0.11550761759281158,
10,300,F,0,25,0,3,1.6983835697174072,17.79665184020996,-1.5424740314483643,0.15405137836933136,
10,300,F,0,25,1,0,1.131813645362854,4.80251407623291,-0.06951504945755005,0.20009329915046692,
10,300,F,0,25,1,1,0.645761251449585,4.164358139038086,-0.09378841519355774,0.1508082151412964,
10,300,F,0,25,1,2,1.5584734678268433,5.0929765701293945,-0.09071138501167297,0.24460773169994354,
10,300,F,0,25,1,3,0.7793365716934204,4.8446760177612305,-0.09315825998783112,0.15260954201221466,
10,300,F,0,26,0,0,1.7458980083465576,19.861568450927734,-0.7565444707870483,0.11189594864845276,
10,300,F,0,26,0,1,3.0751731395721436,20.311912536621094,-0.6810810565948486,0.15606731176376343,
10,300,F,0,26,0,2,4.076772689819336,25.681049346923828,-0.6409896612167358,0.15519560873508453,
10,300,F,0,26,0,3,6.7130889892578125,22.915422439575195,-0.5309000611305237,0.24019001424312592,
10,300,F,0,26,1,0,5.27493953704834,18.09007453918457,2.3849937915802,0.13774752616882324,
10,300,F,0,26,1,1,5.842391014099121,17.442798614501953,2.484663724899292,0.16142509877681732,
10,300,F,0,26,1,2,6.490065574645996,15.824874877929688,2.555940866470337,0.19910545647144318,
10,300,F,0,26,1,3,5.711503505706787,15.825979232788086,2.54158616065979,0.16687379777431488,
10,300,F,0,27,0,0,7.587168216705322,20.76448631286621,1.5132745504379272,0.22631371021270752,
10,300,F,0,27,0,1,7.272269248962402,22.46830940246582,1.5789048671722412,0.20216712355613708,
10,300,F,0,27,0,2,6.503210067749023,19.827667236328125,1.64512300491333,0.196797177195549,
10,300,F,0,27,0,3,5.173687934875488,21.403400421142578,1.6702110767364502,0.1406630277633667,
10,300,F,0,27,1,0,1.1392803192138672,21.915464401245117,-1.1122127771377563,0.0931641012430191,
10,300,F,0,27,1,1,1.9025976657867432,27.26332664489746,-1.055661916732788,0.09788564592599869,
10,300,F,0,27,1,2,4.048653602600098,23.60694694519043,-1.0145447254180908,0.17660175263881683,
10,300,F,0,27,1,3,1.312709093093872,26.8948917388916,-0.9490756392478943,0.07757348567247391,
10,300,F,0,28,0,0,1.9580254554748535,14.028573036193848,0.13593095541000366,0.11495379358530045,
10,300,F,0,28,0,1,2.3522112369537354,13.173300743103027,0.11219704151153564,0.1453298032283783,
10,300,F,0,28,0,2,1.9371023178100586,9.478948593139648,0.10878574848175049,0.16169396042823792,
10,300,F,0,28,0,3,4.131128311157227,12.63263988494873,0.11225596070289612,0.24135178327560425,
10,300,F,0,28,1,0,6.538698196411133,32.20461654663086,1.7369122505187988,0.12975554168224335,
10,300,F,0,28,1,1,7.775276184082031,37.03776931762695,1.72908616065979,0.1403350681066513,
10,300,F,0,28,1,2,7.937792778015137,34.81279373168945,1.8019334077835083,0.149842768907547,
10,300,F,0,28,1,3,8.4398775100708,37.436767578125,1.9242898225784302,0.1482420712709427,
10,300,F,0,29,0,0,10.487503051757812,36.55092239379883,-0.1043776273727417,0.22467651963233948,
10,300,F,0,29,0,1,11.846153259277344,44.51564407348633,0.20356833934783936,0.2073175013065338,
10,300,F,0,29,0,2,13.434906959533691,46.436256408691406,0.4059375524520874,0.21910232305526733,
10,300,F,0,29,0,3,9.178278923034668,41.84104537963867,0.37012410163879395,0.1739051192998886,
10,300,F,0,29,1,0,16.84819221496582,75.05422973632812,2.6502418518066406,0.15907679498195648,
10,300,F,0,29,1,1,25.036561965942383,68.05510711669922,2.9220097064971924,0.24525490403175354,
10,300,F,0,29,1,2,10.943923950195312,55.90595245361328,2.7217764854431152,0.12821441888809204,
10,300,F,0,29,1,3,13.07924747467041,71.41150665283203,2.5418190956115723,0.12858529388904572,
10,300,F,0,30,0,0,1.150890588760376,9.68681526184082,-0.5363056659698486,0.14833782613277435,
10,300,F,0,30,0,1,1.174349308013916,9.295223236083984,-0.5279431343078613,0.1547888219356537,
10,300,F,0,30,0,2,1.5830059051513672,7.899196147918701,-0.5788552761077881,0.21487414836883545,
10,300,F,0,30,0,3,1.6219593286514282,10.09830093383789,-0.4657440185546875,0.17131975293159485,
10,300,F,0,30,1,0,1.4697495698928833,6.5464043617248535,0.012147054076194763,0.18210910260677338,
10,300,F,0,30,1,1,3.1597254276275635,7.314655780792236,-0.11110720038414001,0.3089921176433563,
10,300,F,0,30,1,2,1.2628861665725708,5.703882217407227,0.007333338260650635,0.18041016161441803,
10,300,F,0,30,1,3,1.486115574836731,8.569321632385254,-0.11519819498062134,0.1574448049068451,
10,300,F,0,31,0,0,5.127323627471924,37.23080062866211,-0.5983576774597168,0.13329027593135834,
10,300,F,0,31,0,1,10.879652976989746,27.553869247436523,-0.40812253952026367,0.290610134601593,
10,300,F,0,31,0,2,7.691391468048096,40.96746063232422,-0.2816951274871826,0.1629137098789215,
10,300,F,0,31,0,3,8.042566299438477,43.152713775634766,-0.1647583246231079,0.15979981422424316,
10,300,F,0,31,1,0,1.9473530054092407,3.0002994537353516,0.8791307210922241,0.26255783438682556,
10,300,F,0,31,1,1,1.941079020500183,3.1561524868011475,0.8357454538345337,0.25937747955322266,
10,300,F,0,31,1,2,2.2850093841552734,4.998716354370117,0.8270543813705444,0.22580598294734955,
10,300,F,0,31,1,3,2.4144582748413086,2.887760877609253,0.8367184400558472,0.3533175587654114,
10,300,F,0,32,0,0,0.7867201566696167,4.568450450897217,-0.4517293870449066,0.2132720649242401,
10,300,F,0,32,0,1,0.9264378547668457,3.746638298034668,-0.4703848958015442,0.2715725302696228,
10,300,F,0,32,0,2,0.34475409984588623,3.792772054672241,-0.4735684096813202,0.1774681657552719,
10,300,F,0,32,0,3,0.4049075245857239,4.436331272125244,-0.45970094203948975,0.16310475766658783,
10,300,F,0,32,1,0,6.655295372009277,11.41203498840332,1.137631893157959,0.32591623067855835,
10,300,F,0,32,1,1,4.891436576843262,10.115946769714355,1.2824243307113647,0.2629524767398834,
10,300,F,0,32,1,2,5.0110673904418945,11.334038734436035,1.1664412021636963,0.25329145789146423,
10,300,F,0,32,1,3,4.86944580078125,10.4777193069458,1.2719495296478271,0.2555908262729645,
10,300,F,0,33,0,0,15.372878074645996,47.50862121582031,0.9085592031478882,0.23339733481407166,
10,300,F,0,33,0,1,5.1495561599731445,41.00923538208008,1.2289588451385498,0.08726044744253159,
10,300,F,0,33,0,2,7.830560684204102,44.12315368652344,0.9817399978637695,0.13436445593833923,
10,300,F,0,33,0,3,6.775330543518066,36.0731086730957,1.4512746334075928,0.12860918045043945,
10,300,F,0,33,1,0,2.465264320373535,12.758842468261719,-1.8299826383590698,0.25186023116111755,
10,300,F,0,33,1,1,2.334282398223877,13.586790084838867,-1.843833565711975,0.235189288854599,
10,300,F,0,33,1,2,1.0363285541534424,14.209901809692383,-1.809913158416748,0.16687487065792084,
10,300,F,0,33,1,3,1.1109821796417236,13.05997085571289,-1.841091513633728,0.18436580896377563,
10,300,F,0,34,0,0,4.233306884765625,14.216636657714844,-1.0332673788070679,0.2703135013580322,
10,300,F,0,34,0,1,2.38185453414917,11.633441925048828,-0.9026796221733093,0.2201729118824005,
10,300,F,0,34,0,2,2.42242431640625,15.875792503356934,-0.8695531487464905,0.1717454493045807,
10,300,F,0,34,0,3,2.2497718334198,16.218679428100586,-0.9428164958953857,0.1644708812236786,
10,300,F,0,34,1,0,4.268415451049805,25.835041046142578,-0.915215015411377,0.16711322963237762,
10,300,F,0,34,1,1,4.905839920043945,25.303985595703125,-0.6901109218597412,0.18109911680221558,
10,300,F,0,34,1,2,5.435975074768066,23.17995834350586,-0.9493349194526672,0.21597334742546082,
10,300,F,0,34,1,3,6.690471649169922,30.96977996826172,-0.6500968933105469,0.1916079819202423,
10,300,F,0,35,0,0,5.209332466125488,15.881688117980957,-0.03571941703557968,0.24826602637767792,
10,300,F,0,35,0,1,6.200300216674805,16.615577697753906,0.09026843309402466,0.2688610553741455,
10,300,F,0,35,0,2,3.185370922088623,19.810720443725586,-0.06842197477817535,0.1410735547542572,
10,300,F,0,35,0,3,2.423672676086426,17.085668563842773,-0.00637633353471756,0.1245175302028656,
10,300,F,0,35,1,0,4.51176118850708,30.977210998535156,-2.341996669769287,0.18116791546344757,
10,300,F,0,35,1,1,7.8090081214904785,36.77726745605469,-2.1860647201538086,0.21369624137878418,
10,300,F,0,35,1,2,1.3419907093048096,31.27500343322754,-2.290344715118408,0.10405649989843369,
10,300,F,0,35,1,3,3.1452488899230957,27.49828338623047,-2.3532910346984863,0.16663846373558044,
10,300,F,1,0,0,0,2.2679688930511475,11.82174015045166,-1.1301665306091309,0.22326959669589996,
10,300,F,1,0,0,1,5.034171104431152,14.845271110534668,-1.3225555419921875,0.2998173236846924,
10,300,F,1,0,0,2,3.8116581439971924,13.685559272766113,-1.281396508216858,0.2712157070636749,
10,300,F,1,0,0,3,7.163430213928223,11.625360488891602,-1.2945733070373535,0.4211447536945343,
10,300,F,1,0,1,0,3.93599009513855,14.068696022033691,0.5627292394638062,0.19339923560619354,
10,300,F,1,0,1,1,6.069940567016602,14.642848014831543,0.3707278370857239,0.28016889095306396,
10,300,F,1,0,1,2,6.943790912628174,12.701799392700195,0.4872530400753021,0.3370092809200287,
10,300,F,1,0,1,3,9.548397064208984,11.937596321105957,0.26444709300994873,0.4374775290489197,
10,300,F,1,1,0,0,7.635520935058594,19.00695037841797,-0.06270311772823334,0.2882671356201172,
10,300,F,1,1,0,1,6.1766204833984375,18.4344482421875,0.06087258458137512,0.24911199510097504,
10,300,F,1,1,0,2,5.763267517089844,21.7180233001709,-0.18569672107696533,0.2150203138589859,
10,300,F,1,1,0,3,6.456876754760742,16.19300651550293,-0.1395271122455597,0.28945040702819824,
10,300,F,1,1,1,0,2.335392713546753,10.562820434570312,-0.9951596856117249,0.2397223562002182,
10,300,F,1,1,1,1,1.5264136791229248,12.16151237487793,-0.9279596209526062,0.16792505979537964,
10,300,F,1,1,1,2,4.612424373626709,9.635614395141602,-1.0013675689697266,0.3681318461894989,
10,300,F,1,1,1,3,1.8842339515686035,12.697186470031738,-0.9915569424629211,0.18466544151306152,
10,300,F,1,2,0,0,4.034210681915283,9.067359924316406,0.4741428792476654,0.2819313704967499,
10,300,F,1,2,0,1,3.544769525527954,9.081778526306152,0.6393605470657349,0.2423761934041977,
10,300,F,1,2,0,2,3.10897159576416,6.730748176574707,0.4602127969264984,0.282398521900177,
10,300,F,1,2,0,3,3.8043501377105713,7.621448040008545,0.5423120260238647,0.29972365498542786,
10,300,F,1,2,1,0,-0.6089819669723511,3.2905843257904053,-1.556876540184021,0.22364027798175812,
10,300,F,1,2,1,1,-0.3818037509918213,3.5165250301361084,-1.554274082183838,0.2500472366809845,
10,300,F,1,2,1,2,-0.8507099151611328,3.493637800216675,-1.5764321088790894,0.17199815809726715,
10,300,F,1,2,1,3,-0.35127031803131104,3.3928210735321045,-1.5612386465072632,0.2628771960735321,
10,300,F,1,3,0,0,8.747306823730469,57.045223236083984,-0.9012038707733154,0.14466892182826996,
10,300,F,1,3,0,1,10.961677551269531,54.24296569824219,-1.027010202407837,0.18101143836975098,
10,300,F,1,3,0,2,5.622751235961914,63.07462692260742,-0.903620719909668,0.09376835823059082,
10,300,F,1,3,0,3,3.7419629096984863,65.25331115722656,-0.5845411419868469,0.062180448323488235,
10,300,F,1,3,1,0,3.6537399291992188,38.79066467285156,-0.723720908164978,0.10140493512153625,
10,300,F,1,3,1,1,6.251707077026367,41.01445388793945,-0.8037053346633911,0.14677411317825317,
10,300,F,1,3,1,2,6.298340320587158,44.17965316772461,-0.6143679022789001,0.13529826700687408,
10,300,F,1,3,1,3,7.783202648162842,39.42127990722656,-0.7048826217651367,0.17716963589191437,
10,300,F,1,4,0,0,13.95925521850586,65.5726089477539,-0.5164701342582703,0.18083731830120087,
10,300,F,1,4,0,1,13.610875129699707,68.76663970947266,-0.5225174427032471,0.170487180352211,
10,300,F,1,4,0,2,3.9369471073150635,59.869876861572266,-0.3934765160083771,0.06745176762342453,
10,300,F,1,4,0,3,9.09109115600586,64.3841552734375,-0.7949153184890747,0.1331087350845337,
10,300,F,1,4,1,0,20.808820724487305,74.04741668701172,2.357720375061035,0.1994745433330536,
10,300,F,1,4,1,1,22.008285522460938,87.42681121826172,1.9790350198745728,0.1863947957754135,
10,300,F,1,4,1,2,14.116765975952148,81.34860229492188,1.7605763673782349,0.13186295330524445,
10,300,F,1,4,1,3,22.09471893310547,85.51577758789062,2.1218321323394775,0.18933680653572083,
10,300,F,1,5,0,0,8.508004188537598,19.735069274902344,1.1292588710784912,0.27213969826698303,
10,300,F,1,5,0,1,2.9503579139709473,21.256322860717773,1.1468628644943237,0.07820942997932434,
10,300,F,1,5,0,2,3.5759880542755127,23.15340805053711,1.0350013971328735,0.09889263659715652,
10,300,F,1,5,0,3,7.369424819946289,20.96527099609375,1.0267341136932373,0.23226526379585266,
10,300,F,1,5,1,0,10.367414474487305,26.95102882385254,1.135799765586853,0.2551393210887909,
10,300,F,1,5,1,1,7.098459720611572,29.578672409057617,1.0955305099487305,0.16870880126953125,
10,300,F,1,5,1,2,11.009040832519531,34.024444580078125,1.0967388153076172,0.22560390830039978,
10,300,F,1,5,1,3,7.985172271728516,40.83256149291992,1.2901784181594849,0.1408655345439911,
10,300,F,1,6,0,0,5.728719711303711,43.527557373046875,1.9647959470748901,0.07958988845348358,
10,300,F,1,6,0,1,12.327788352966309,37.8269157409668,2.2041497230529785,0.21112661063671112,
10,300,F,1,6,0,2,7.614391326904297,50.190956115722656,1.9329029321670532,0.10168676823377609,
10,300,F,1,6,0,3,10.803177833557129,51.33708572387695,1.9944759607315063,0.14645583927631378,
10,300,F,1,6,1,0,7.399230003356934,27.168941497802734,1.9815137386322021,0.1662556529045105,
10,300,F,1,6,1,1,5.511938095092773,21.71776008605957,2.090606927871704,0.1360960602760315,
10,300,F,1,6,1,2,8.344766616821289,26.013912200927734,2.091862201690674,0.19378747045993805,
10,300,F,1,6,1,3,7.0901031494140625,25.93979263305664,2.140784740447998,0.16022859513759613,
10,300,F,1,7,0,0,15.840670585632324,91.42963409423828,1.0855740308761597,0.13895685970783234,
10,300,F,1,7,0,1,9.295223236083984,135.906494140625,1.0080827474594116,0.057472310960292816,
10,300,F,1,7,0,2,16.280364990234375,132.57284545898438,2.091360092163086,0.09668046981096268,
10,300,F,1,7,0,3,13.14706802368164,132.53753662109375,1.8371210098266602,0.07862456887960434,
10,300,F,1,7,1,0,12.34350872039795,87.3663330078125,0.5318783521652222,0.1190953180193901,
10,300,F,1,7,1,1,8.047371864318848,88.24000549316406,0.6062161922454834,0.07777032256126404,
10,300,F,1,7,1,2,9.658843040466309,71.56187438964844,0.5398733019828796,0.11302521824836731,
10,300,F,1,7,1,3,4.453040599822998,88.39118957519531,0.4719012975692749,0.04309882968664169,
10,300,F,1,8,0,0,14.436029434204102,74.1715316772461,1.3130615949630737,0.1503298282623291,
10,300,F,1,8,0,1,9.519998550415039,64.14781188964844,1.0906445980072021,0.11614333093166351,
10,300,F,1,8,0,2,10.38569450378418,69.57491302490234,1.1555569171905518,0.1171262264251709,
10,300,F,1,8,0,3,12.538433074951172,77.30921173095703,1.330269694328308,0.1266210526227951,
10,300,F,1,8,1,0,5.076621055603027,53.58987808227539,2.0835959911346436,0.05289627984166145,
10,300,F,1,8,1,1,13.001628875732422,57.54841232299805,2.108534812927246,0.15915916860103607,
10,300,F,1,8,1,2,5.462606430053711,58.173095703125,2.1573877334594727,0.05376235395669937,
10,300,F,1,8,1,3,8.56061840057373,47.65164566040039,2.17289400100708,0.1182050034403801,
10,300,F,1,9,0,0,6.361025810241699,37.67198181152344,2.146785259246826,0.100611612200737,
10,300,F,1,9,0,1,5.245368957519531,28.640779495239258,2.325697422027588,0.09251044690608978,
10,300,F,1,9,0,2,8.205345153808594,26.530519485473633,2.2319774627685547,0.183773934841156,
10,300,F,1,9,0,3,7.341561317443848,31.882761001586914,2.1535592079162598,0.13994862139225006,
10,300,F,1,9,1,0,1.6910037994384766,18.91800880432129,-0.2469542920589447,0.09292104095220566,
10,300,F,1,9,1,1,2.5803661346435547,19.882471084594727,-0.34211137890815735,0.12815101444721222,
10,300,F,1,9,1,2,1.8790462017059326,14.942761421203613,-0.3089579641819,0.12772366404533386,
10,300,F,1,9,1,3,2.0222349166870117,16.865459442138672,-0.18898698687553406,0.1159123033285141,
10,300,F,1,10,0,0,4.635131359100342,34.08872985839844,0.9658404588699341,0.097179114818573,
10,300,F,1,10,0,1,5.566490650177002,34.93341064453125,0.4156026840209961,0.12850138545036316,
10,300,F,1,10,0,2,6.719289302825928,26.499113082885742,0.7916883230209351,0.18279993534088135,
10,300,F,1,10,0,3,5.558331489562988,29.624282836914062,0.9215562343597412,0.13533659279346466,
10,300,F,1,10,1,0,2.7333998680114746,7.742902755737305,1.3408832550048828,0.15243050456047058,
10,300,F,1,10,1,1,2.403266191482544,8.418312072753906,1.4644150733947754,0.1003350168466568,
10,300,F,1,10,1,2,3.131481885910034,8.900960922241211,1.3503706455230713,0.166738361120224,
10,300,F,1,10,1,3,2.661114454269409,7.274806022644043,1.4346885681152344,0.14426448941230774,
10,300,F,1,11,0,0,4.306395053863525,8.673473358154297,1.5643819570541382,0.2402011603116989,
10,300,F,1,11,0,1,2.9742050170898438,9.273470878601074,1.620332956314087,0.1273951530456543,
10,300,F,1,11,0,2,2.991093635559082,7.563910007476807,1.5242794752120972,0.16242486238479614,
10,300,F,1,11,0,3,3.312641143798828,8.483460426330566,1.4826240539550781,0.1774393767118454,
10,300,F,1,11,1,0,9.693161010742188,66.25211334228516,3.2828330993652344,0.08822064846754074,
10,300,F,1,11,1,1,10.573522567749023,56.25278091430664,2.6779887676239014,0.1230824813246727,
10,300,F,1,11,1,2,9.13522720336914,62.57530975341797,2.523024082183838,0.09556931257247925,
10,300,F,1,11,1,3,12.479467391967773,54.468040466308594,2.986043930053711,0.14842410385608673,
10,300,F,1,12,0,0,-0.8903303146362305,0.28782162070274353,-1.07481050491333,0.3905980885028839,
10,300,F,1,12,0,1,-0.6017447710037231,0.2813394069671631,-1.1039865016937256,0.6409568786621094,
10,300,F,1,12,0,2,-0.6532570123672485,0.26996925473213196,-1.1367626190185547,0.6417010426521301,
10,300,F,1,12,0,3,-0.7881351113319397,0.2647116482257843,-1.1002830266952515,0.5411159992218018,
10,300,F,1,12,1,0,1.0020089149475098,0.7656257152557373,0.18881244957447052,0.5150652527809143,
10,300,F,1,12,1,1,1.0417331457138062,0.7394049167633057,0.4814862310886383,0.4310746490955353,
10,300,F,1,12,1,2,1.0915268659591675,0.7372391223907471,0.18575403094291687,0.5512880682945251,
10,300,F,1,12,1,3,0.9171763062477112,0.7400853633880615,0.1847662627696991,0.49739378690719604,
10,300,F,1,13,0,0,-0.1749534010887146,0.8953631520271301,-1.034777045249939,0.4898758828639984,
10,300,F,1,13,0,1,-0.049948811531066895,0.9690224528312683,-1.1194822788238525,0.5246525406837463,
10,300,F,1,13,0,2,-0.12355327606201172,0.7816433310508728,-0.817735493183136,0.47036874294281006,
10,300,F,1,13,0,3,0.31238508224487305,0.9389973282814026,-1.1339962482452393,0.6063529253005981,
10,300,F,1,13,1,0,2.5626068115234375,0.8401804566383362,1.3489309549331665,0.590925395488739,
10,300,F,1,13,1,1,2.669163703918457,1.0516456365585327,1.2820653915405273,0.5687757134437561,
10,300,F,1,13,1,2,2.670304298400879,0.9727781414985657,1.2851933240890503,0.587436854839325,
10,300,F,1,13,1,3,2.646775960922241,0.7813584208488464,1.2473257780075073,0.6417116522789001,
10,300,F,1,14,0,0,1.966110348701477,1.661026954650879,0.8550904393196106,0.40079405903816223,
10,300,F,1,14,0,1,1.9601752758026123,1.6405702829360962,0.5768483877182007,0.45746490359306335,
10,300,F,1,14,0,2,1.7663111686706543,1.592430591583252,0.7465118169784546,0.3903941810131073,
10,300,F,1,14,0,3,1.822403073310852,1.6196177005767822,0.6278953552246094,0.4244685471057892,
10,300,F,1,14,1,0,2.1795055866241455,0.9225497841835022,1.2439324855804443,0.5035043954849243,
10,300,F,1,14,1,1,2.1454224586486816,0.9076775312423706,1.1828148365020752,0.5146849155426025,
10,300,F,1,14,1,2,2.1921427249908447,0.9681515693664551,1.2816905975341797,0.48464298248291016,
10,300,F,1,14,1,3,2.4827680587768555,1.0948086977005005,1.1523547172546387,0.5485737919807434,
10,300,F,1,15,0,0,0.16370919346809387,0.721541702747345,-1.5239944458007812,0.7005113363265991,
10,300,F,1,15,0,1,0.7767410278320312,0.5983311533927917,-1.4341535568237305,0.7870121002197266,
10,300,F,1,15,0,2,0.20063257217407227,0.6658856868743896,-1.4764773845672607,0.7157973051071167,
10,300,F,1,15,0,3,0.37399783730506897,0.628627359867096,-1.549532175064087,0.7536879181861877,
10,300,F,1,15,1,0,-0.7878379821777344,0.2807745635509491,-1.7891933917999268,0.781009316444397,
10,300,F,1,15,1,1,-0.5688977837562561,0.29486554861068726,-1.935260534286499,0.8225014805793762,
10,300,F,1,15,1,2,-0.7006974816322327,0.2805940806865692,-1.771740198135376,0.792404294013977,
10,300,F,1,15,1,3,-1.2434916496276855,0.3605606257915497,-1.869776964187622,0.6346333026885986,
10,300,F,1,16,0,0,1.3741223812103271,0.6094581484794617,-0.5291242599487305,0.7574493885040283,
10,300,F,1,16,0,1,1.6267203092575073,0.5754578113555908,-0.5960546731948853,0.7943494915962219,
10,300,F,1,16,0,2,0.808657705783844,0.5423218607902527,-0.70273756980896,0.7359315752983093,
10,300,F,1,16,0,3,1.205312728881836,0.6808120608329773,-0.7001549005508423,0.7367600798606873,
10,300,F,1,16,1,0,-1.644722580909729,0.4266335666179657,-2.8152616024017334,0.732882022857666,
10,300,F,1,16,1,1,-1.5522434711456299,0.3646649420261383,-2.6946983337402344,0.7580385208129883,
10,300,F,1,16,1,2,-1.519033432006836,0.39076918363571167,-2.8082656860351562,0.7673994898796082,
10,300,F,1,16,1,3,-1.5743838548660278,0.4310900866985321,-2.782132863998413,0.7369539737701416,
10,300,F,1,17,0,0,0.8798058032989502,1.6503748893737793,-1.6673338413238525,0.6068209409713745,
10,300,F,1,17,0,1,0.6461324691772461,1.726638913154602,-1.9357190132141113,0.5992473363876343,
10,300,F,1,17,0,2,0.258064866065979,1.4825665950775146,-1.9540956020355225,0.5987344980239868,
10,300,F,1,17,0,3,0.672527551651001,1.6912704706192017,-2.0033223628997803,0.6127263903617859,
10,300,F,1,17,1,0,1.2479865550994873,0.4988683760166168,0.07658052444458008,0.7013254761695862,
10,300,F,1,17,1,1,1.0138627290725708,0.4664134979248047,-0.21597325801849365,0.7250325083732605,
10,300,F,1,17,1,2,1.0734723806381226,0.55336594581604,-0.4397757053375244,0.7322354912757874,
10,300,F,1,17,1,3,0.9087534546852112,0.6023343205451965,-0.44222307205200195,0.6916341781616211,
10,300,F,1,18,0,0,2.0574395656585693,5.400031089782715,-1.1080377101898193,0.36956092715263367,
10,300,F,1,18,0,1,2.2886037826538086,4.699171543121338,-1.0550026893615723,0.41572779417037964,
10,300,F,1,18,0,2,0.8605220317840576,3.848940372467041,-1.0355234146118164,0.3300348222255707,
10,300,F,1,18,0,3,1.8682355880737305,5.686677932739258,-1.1489644050598145,0.34665006399154663,
10,300,F,1,18,1,0,0.5973039865493774,2.1347591876983643,-0.4153960943222046,0.32175159454345703,
10,300,F,1,18,1,1,0.8682911992073059,1.987951397895813,-0.524165153503418,0.41191965341567993,
10,300,F,1,18,1,2,0.6621173024177551,2.4240529537200928,-0.5493560433387756,0.3332318961620331,
10,300,F,1,18,1,3,0.9024512767791748,1.8961464166641235,-0.5485479235649109,0.43350347876548767,
10,300,F,1,19,0,0,-0.7998606562614441,3.914604902267456,-3.5422096252441406,0.41195255517959595,
10,300,F,1,19,0,1,-0.23441147804260254,3.7395474910736084,-3.5366554260253906,0.46894943714141846,
10,300,F,1,19,0,2,-0.06803834438323975,4.713747024536133,-3.5926358699798584,0.4278284013271332,
10,300,F,1,19,0,3,-0.33455634117126465,3.80582857131958,-3.582223653793335,0.4604337215423584,
10,300,F,1,19,1,0,1.6661111116409302,2.997666120529175,-0.09440493583679199,0.36999762058258057,
10,300,F,1,19,1,1,2.016334056854248,3.427337169647217,-0.15710234642028809,0.3880600333213806,
10,300,F,1,19,1,2,2.0365049839019775,2.8942277431488037,-0.1980816125869751,0.4356926381587982,
10,300,F,1,19,1,3,1.9346702098846436,4.087892055511475,-0.06808006763458252,0.32882416248321533,
10,300,F,1,20,0,0,1.5388593673706055,1.8119935989379883,0.5618927478790283,0.3502977788448334,
10,300,F,1,20,0,1,1.2430931329727173,2.243138074874878,0.6534101366996765,0.20816105604171753,
10,300,F,1,20,0,2,1.1971702575683594,2.1975014209747314,0.5373381972312927,0.2309258133172989,
10,300,F,1,20,0,3,1.2077268362045288,2.118300199508667,0.6380432844161987,0.21193712949752808,
10,300,F,1,20,1,0,0.8784558773040771,3.1988062858581543,0.052885353565216064,0.20514245331287384,
10,300,F,1,20,1,1,1.2539275884628296,3.4911937713623047,0.047249674797058105,0.2568562924861908,
10,300,F,1,20,1,2,0.9377898573875427,3.0645229816436768,0.12163668870925903,0.2103120982646942,
10,300,F,1,20,1,3,1.259364366531372,2.2139220237731934,0.07825958728790283,0.3478926420211792,
10,300,F,1,21,0,0,-0.9545227289199829,1.033099889755249,-1.886570692062378,0.4742890000343323,
10,300,F,1,21,0,1,-0.7674684524536133,1.1164147853851318,-1.9483646154403687,0.5140340924263,
10,300,F,1,21,0,2,-0.6687464714050293,0.8858253359794617,-1.8861130475997925,0.5788185596466064,
10,300,F,1,21,0,3,-1.2033295631408691,1.0013947486877441,-1.9548982381820679,0.42874178290367126,
10,300,F,1,21,1,0,2.3502233028411865,1.0652645826339722,1.2833329439163208,0.5003812313079834,
10,300,F,1,21,1,1,2.678206443786621,1.13417387008667,1.3412376642227173,0.541032612323761,
10,300,F,1,21,1,2,2.6719472408294678,1.0954426527023315,1.3655937910079956,0.5439068675041199,
10,300,F,1,21,1,3,1.9937427043914795,1.2177619934082031,1.2830930948257446,0.3685154914855957,
10,300,F,1,22,0,0,1.084089994430542,3.0738494396209717,-1.6119390726089478,0.4672592282295227,
10,300,F,1,22,0,1,1.470184087753296,3.474532127380371,-1.3774306774139404,0.45041894912719727,
10,300,F,1,22,0,2,2.1151812076568604,3.56778883934021,-1.1955357789993286,0.48131340742111206,
10,300,F,1,22,0,3,0.8042654991149902,3.4694597721099854,-1.4288917779922485,0.39160215854644775,
10,300,F,1,22,1,0,4.224003791809082,2.072399377822876,1.9290486574172974,0.5254794955253601,
10,300,F,1,22,1,1,3.732542037963867,1.918241262435913,1.9805060625076294,0.4773579239845276,
10,300,F,1,22,1,2,4.045731544494629,1.7496873140335083,2.1324024200439453,0.522337019443512,
10,300,F,1,22,1,3,3.6509201526641846,2.221053123474121,1.9023019075393677,0.44049444794654846,
10,300,F,1,23,0,0,1.1278386116027832,3.223788022994995,-0.5155280828475952,0.33764421939849854,
10,300,F,1,23,0,1,1.8352231979370117,3.4228358268737793,-0.46842098236083984,0.4022792875766754,
10,300,F,1,23,0,2,2.146632432937622,3.2154321670532227,-0.531013548374176,0.4543713331222534,
10,300,F,1,23,0,3,2.005988359451294,3.3169097900390625,-0.7432876825332642,0.45321330428123474,
10,300,F,1,23,1,0,3.89512300491333,4.067583084106445,1.0275880098342896,0.41348037123680115,
10,300,F,1,23,1,1,2.9098620414733887,4.301684856414795,1.0206133127212524,0.30516377091407776,
10,300,F,1,23,1,2,3.5598556995391846,3.7384350299835205,1.0608617067337036,0.40064486861228943,
10,300,F,1,23,1,3,3.027961492538452,4.018160820007324,0.9882274866104126,0.3367067277431488,
10,300,F,1,24,0,0,1.2180602550506592,19.9991455078125,-0.8373229503631592,0.09319552034139633,
10,300,F,1,24,0,1,1.988248348236084,19.893951416015625,-1.0771458148956299,0.13351400196552277,
10,300,F,1,24,0,2,1.1994569301605225,21.650814056396484,-1.1185866594314575,0.09671064466238022,
10,300,F,1,24,0,3,1.112743616104126,18.352603912353516,-1.103888750076294,0.10776445269584656,
10,300,F,1,24,1,0,2.2016756534576416,13.285648345947266,-0.6623529195785522,0.17734277248382568,
10,300,F,1,24,1,1,1.6673555374145508,17.190872192382812,-0.7756183743476868,0.12442666292190552,
10,300,F,1,24,1,2,0.889106273651123,14.275749206542969,-0.8792099952697754,0.11021622270345688,
10,300,F,1,24,1,3,1.5734436511993408,18.04534149169922,-0.9112640619277954,0.1210278570652008,
10,300,F,1,25,0,0,2.7554595470428467,18.614032745361328,-1.3663926124572754,0.18129277229309082,
10,300,F,1,25,0,1,2.9436023235321045,18.46539878845215,-1.4287289381027222,0.19145210087299347,
10,300,F,1,25,0,2,1.0462009906768799,19.813798904418945,-1.4691526889801025,0.1126488670706749,
10,300,F,1,25,0,3,1.6983835697174072,17.79665184020996,-1.410404920578003,0.14870715141296387,
10,300,F,1,25,1,0,1.131813645362854,4.80251407623291,-0.08749336004257202,0.20248141884803772,
10,300,F,1,25,1,1,0.645761251449585,4.164358139038086,-0.07525429129600525,0.14758656919002533,
10,300,F,1,25,1,2,1.5584734678268433,5.0929765701293945,-0.10893913358449936,0.24664446711540222,
10,300,F,1,25,1,3,0.7793365716934204,4.8446760177612305,-0.0906880795955658,0.15224327147006989,
10,300,F,1,26,0,0,1.7458980083465576,19.861568450927734,-0.5906992554664612,0.10526081919670105,
10,300,F,1,26,0,1,3.0751731395721436,20.311912536621094,-0.6546737551689148,0.15514034032821655,
10,300,F,1,26,0,2,4.076772689819336,25.681049346923828,-0.6715450882911682,0.15604393184185028,
10,300,F,1,26,0,3,6.7130889892578125,22.915422439575195,-0.2667531967163086,0.23347653448581696,
10,300,F,1,26,1,0,5.27493953704834,18.09007453918457,2.4666285514831543,0.1343793272972107,
10,300,F,1,26,1,1,5.842391014099121,17.442798614501953,2.514528751373291,0.16021937131881714,
10,300,F,1,26,1,2,6.490065574645996,15.824874877929688,2.6008145809173584,0.19728244841098785,
10,300,F,1,26,1,3,5.711503505706787,15.825979232788086,2.5086755752563477,0.16831469535827637,
10,300,F,1,27,0,0,7.587168216705322,20.76448631286621,1.5342265367507935,0.22570925951004028,
10,300,F,1,27,0,1,7.272269248962402,22.46830940246582,1.6861374378204346,0.19911757111549377,
10,300,F,1,27,0,2,6.503210067749023,19.827667236328125,1.5886739492416382,0.19862967729568481,
10,300,F,1,27,0,3,5.173687934875488,21.403400421142578,1.584826111793518,0.14359891414642334,
10,300,F,1,27,1,0,1.1392803192138672,21.915464401245117,-1.0880215167999268,0.09225545078516006,
10,300,F,1,27,1,1,1.9025976657867432,27.26332664489746,-1.0878138542175293,0.09884436428546906,
10,300,F,1,27,1,2,4.048653602600098,23.60694694519043,-0.7889329195022583,0.1700708568096161,
10,300,F,1,27,1,3,1.312709093093872,26.8948917388916,-0.8317594528198242,0.0738469585776329,
10,300,F,1,28,0,0,1.9580254554748535,14.028573036193848,0.20626941323280334,0.11100884526968002,
10,300,F,1,28,0,1,2.3522112369537354,13.173300743103027,0.13699084520339966,0.14395278692245483,
10,300,F,1,28,0,2,1.9371023178100586,9.478948593139648,0.08595386147499084,0.16338329017162323,
10,300,F,1,28,0,3,4.131128311157227,12.63263988494873,0.19299328327178955,0.23765546083450317,
10,300,F,1,28,1,0,6.538698196411133,32.20461654663086,1.8441319465637207,0.1272268444299698,
10,300,F,1,28,1,1,7.775276184082031,37.03776931762695,1.80338716506958,0.13884995877742767,
10,300,F,1,28,1,2,7.937792778015137,34.81279373168945,1.7665607929229736,0.15057651698589325,
10,300,F,1,28,1,3,8.4398775100708,37.436767578125,2.0402472019195557,0.14598897099494934,
10,300,F,1,29,0,0,10.487503051757812,36.55092239379883,0.4332033395767212,0.21573331952095032,
10,300,F,1,29,0,1,11.846153259277344,44.51564407348633,0.30594658851623535,0.20586979389190674,
10,300,F,1,29,0,2,13.434906959533691,46.436256408691406,0.4264591932296753,0.21883273124694824,
10,300,F,1,29,0,3,9.178278923034668,41.84104537963867,0.07922875881195068,0.17862257361412048,
10,300,F,1,29,1,0,16.84819221496582,75.05422973632812,2.814114570617676,0.15752996504306793,
10,300,F,1,29,1,1,25.036561965942383,68.05510711669922,3.08747935295105,0.24386735260486603,
10,300,F,1,29,1,2,10.943923950195312,55.90595245361328,3.176008939743042,0.12199534475803375,
10,300,F,1,29,1,3,13.07924747467041,71.41150665283203,3.0399603843688965,0.12325586378574371,
10,300,F,1,30,0,0,1.150890588760376,9.68681526184082,-0.4161885380744934,0.13924773037433624,
10,300,F,1,30,0,1,1.174349308013916,9.295223236083984,-0.46372056007385254,0.14982400834560394,
10,300,F,1,30,0,2,1.5830059051513672,7.899196147918701,-0.3202681541442871,0.19416268169879913,
10,300,F,1,30,0,3,1.6219593286514282,10.09830093383789,-0.46857526898384094,0.17151226103305817,
10,300,F,1,30,1,0,1.4697495698928833,6.5464043617248535,0.11279037594795227,0.17169389128684998,
10,300,F,1,30,1,1,3.1597254276275635,7.314655780792236,-0.024236738681793213,0.30327439308166504,
10,300,F,1,30,1,2,1.2628861665725708,5.703882217407227,-0.10685738921165466,0.19364094734191895,
10,300,F,1,30,1,3,1.486115574836731,8.569321632385254,-0.03719717264175415,0.1509331315755844,
10,300,F,1,31,0,0,5.127323627471924,37.23080062866211,-0.01022350788116455,0.12125907838344574,
10,300,F,1,31,0,1,10.879652976989746,27.553869247436523,-0.08961081504821777,0.28474485874176025,
10,300,F,1,31,0,2,7.691391468048096,40.96746063232422,0.45130956172943115,0.15018565952777863,
10,300,F,1,31,0,3,8.042566299438477,43.152713775634766,-0.14560651779174805,0.15948639810085297,
10,300,F,1,31,1,0,1.9473530054092407,3.0002994537353516,0.8698548078536987,0.26423531770706177,
10,300,F,1,31,1,1,1.941079020500183,3.1561524868011475,0.8686745166778564,0.2536100149154663,
10,300,F,1,31,1,2,2.2850093841552734,4.998716354370117,0.856507420539856,0.22225819528102875,
10,300,F,1,31,1,3,2.4144582748413086,2.887760877609253,0.845016360282898,0.35211363434791565,
10,300,F,1,32,0,0,0.7867201566696167,4.568450450897217,-0.38973215222358704,0.2047819346189499,
10,300,F,1,32,0,1,0.9264378547668457,3.746638298034668,-0.4389325678348541,0.267090767621994,
10,300,F,1,32,0,2,0.34475409984588623,3.792772054672241,-0.4516626000404358,0.17354193329811096,
10,300,F,1,32,0,3,0.4049075245857239,4.436331272125244,-0.4733939468860626,0.16526100039482117,
10,300,F,1,32,1,0,6.655295372009277,11.41203498840332,1.1956413984298706,0.3235985338687897,
10,300,F,1,32,1,1,4.891436576843262,10.115946769714355,1.2644577026367188,0.2639160454273224,
10,300,F,1,32,1,2,5.0110673904418945,11.334038734436035,1.2886513471603394,0.24723057448863983,
10,300,F,1,32,1,3,4.86944580078125,10.4777193069458,1.3771605491638184,0.24998454749584198,
10,300,F,1,33,0,0,15.372878074645996,47.50862121582031,0.9143056869506836,0.2333262413740158,
10,300,F,1,33,0,1,5.1495561599731445,41.00923538208008,1.2561924457550049,0.08670686185359955,
10,300,F,1,33,0,2,7.830560684204102,44.12315368652344,1.269322156906128,0.12945283949375153,
10,300,F,1,33,0,3,6.775330543518066,36.0731086730957,1.314253568649292,0.13148389756679535,
10,300,F,1,33,1,0,2.465264320373535,12.758842468261719,-1.639196753501892,0.24339602887630463,
10,300,F,1,33,1,1,2.334282398223877,13.586790084838867,-1.8330578804016113,0.23472510278224945,
10,300,F,1,33,1,2,1.0363285541534424,14.209901809692383,-1.8251426219940186,0.16761809587478638,
10,300,F,1,33,1,3,1.1109821796417236,13.05997085571289,-1.8047436475753784,0.18251007795333862,
10,300,F,1,34,0,0,4.233306884765625,14.216636657714844,-1.0423945188522339,0.27065515518188477,
10,300,F,1,34,0,1,2.38185453414917,11.633441925048828,-0.8857381939888,0.21928629279136658,
10,300,F,1,34,0,2,2.42242431640625,15.875792503356934,-0.9907606840133667,0.17695003747940063,
10,300,F,1,34,0,3,2.2497718334198,16.218679428100586,-0.9080712795257568,0.16297264397144318,
10,300,F,1,34,1,0,4.268415451049805,25.835041046142578,-0.8807094693183899,0.16618569195270538,
10,300,F,1,34,1,1,4.905839920043945,25.303985595703125,-0.6173720359802246,0.17916685342788696,
10,300,F,1,34,1,2,5.435975074768066,23.17995834350586,-0.7095335721969604,0.20956216752529144,
10,300,F,1,34,1,3,6.690471649169922,30.96977996826172,-0.5369457602500916,0.18921329081058502,
10,300,F,1,35,0,0,5.209332466125488,15.881688117980957,0.1550855189561844,0.2414149045944214,
10,300,F,1,35,0,1,6.200300216674805,16.615577697753906,0.10405479371547699,0.26841726899147034,
10,300,F,1,35,0,2,3.185370922088623,19.810720443725586,0.009903788566589355,0.13814674317836761,
10,300,F,1,35,0,3,2.423672676086426,17.085668563842773,0.21017606556415558,0.11469390243291855,
10,300,F,1,35,1,0,4.51176118850708,30.977210998535156,-2.07240891456604,0.17529094219207764,
10,300,F,1,35,1,1,7.8090081214904785,36.77726745605469,-2.0891268253326416,0.21206319332122803,
10,300,F,1,35,1,2,1.3419907093048096,31.27500343322754,-2.2458066940307617,0.10291191190481186,
10,300,F,1,35,1,3,3.1452488899230957,27.49828338623047,-2.2766151428222656,0.16469745337963104,
10,300,F,2,0,0,0,2.2679688930511475,11.82174015045166,-1.0069339275360107,0.21692921221256256,
10,300,F,2,0,0,1,5.034171104431152,14.845271110534668,-1.247305989265442,0.29732343554496765,
10,300,F,2,0,0,2,3.8116581439971924,13.685559272766113,-1.191768765449524,0.26772060990333557,
10,300,F,2,0,0,3,7.163430213928223,11.625360488891602,-1.1755751371383667,0.41769447922706604,
10,300,F,2,0,1,0,3.93599009513855,14.068696022033691,0.4420246481895447,0.19894281029701233,
10,300,F,2,0,1,1,6.069940567016602,14.642848014831543,0.2307996153831482,0.28508663177490234,
10,300,F,2,0,1,2,6.943790912628174,12.701799392700195,0.3254701495170593,0.3425610661506653,
10,300,F,2,0,1,3,9.548397064208984,11.937596321105957,0.3803725838661194,0.43438780307769775,
10,300,F,2,1,0,0,7.635520935058594,19.00695037841797,-0.05494755506515503,0.28806036710739136,
10,300,F,2,1,0,1,6.1766204833984375,18.4344482421875,0.02065470814704895,0.250340074300766,
10,300,F,2,1,0,2,5.763267517089844,21.7180233001709,-0.11947999894618988,0.21313707530498505,
10,300,F,2,1,0,3,6.456876754760742,16.19300651550293,-0.03369815647602081,0.28613537549972534,
10,300,F,2,1,1,0,2.335392713546753,10.562820434570312,-0.9697508811950684,0.23832941055297852,
10,300,F,2,1,1,1,1.5264136791229248,12.16151237487793,-0.9094260931015015,0.16686859726905823,
10,300,F,2,1,1,2,4.612424373626709,9.635614395141602,-0.817455530166626,0.36041831970214844,
10,300,F,2,1,1,3,1.8842339515686035,12.697186470031738,-1.0380725860595703,0.1870935708284378,
10,300,F,2,2,0,0,4.034210681915283,9.067359924316406,0.540193498134613,0.2781555652618408,
10,300,F,2,2,0,1,3.544769525527954,9.081778526306152,0.5447351932525635,0.2483099400997162,
10,300,F,2,2,0,2,3.10897159576416,6.730748176574707,0.482302725315094,0.28070446848869324,
10,300,F,2,2,0,3,3.8043501377105713,7.621448040008545,0.4768598675727844,0.30390986800193787,
10,300,F,2,2,1,0,-0.6089819669723511,3.2905843257904053,-1.5605602264404297,0.22431442141532898,
10,300,F,2,2,1,1,-0.3818037509918213,3.5165250301361084,-1.5707224607467651,0.2526687979698181,
10,300,F,2,2,1,2,-0.8507099151611328,3.493637800216675,-1.61339271068573,0.17918828129768372,
10,300,F,2,2,1,3,-0.35127031803131104,3.3928210735321045,-1.5767333507537842,0.2653502821922302,
10,300,F,2,3,0,0,8.747306823730469,57.045223236083984,-0.9246998429298401,0.1449701488018036,
10,300,F,2,3,0,1,10.961677551269531,54.24296569824219,-0.8441507816314697,0.17874403297901154,
10,300,F,2,3,0,2,5.622751235961914,63.07462692260742,-0.49872708320617676,0.08846564590930939,
10,300,F,2,3,0,3,3.7419629096984863,65.25331115722656,-0.2590080499649048,0.05777217820286751,
10,300,F,2,3,1,0,3.6537399291992188,38.79066467285156,-0.6491003036499023,0.0998489260673523,
10,300,F,2,3,1,1,6.251707077026367,41.01445388793945,-0.7461839318275452,0.14575190842151642,
10,300,F,2,3,1,2,6.298340320587158,44.17965316772461,-0.6232420206069946,0.1354484260082245,
10,300,F,2,3,1,3,7.783202648162842,39.42127990722656,-0.43567973375320435,0.17252004146575928,
10,300,F,2,4,0,0,13.95925521850586,65.5726089477539,-0.0529787540435791,0.17606660723686218,
10,300,F,2,4,0,1,13.610875129699707,68.76663970947266,-0.5722908973693848,0.1709849238395691,
10,300,F,2,4,0,2,3.9369471073150635,59.869876861572266,-0.5793600678443909,0.07014404237270355,
10,300,F,2,4,0,3,9.09109115600586,64.3841552734375,-0.3009417653083801,0.12730439007282257,
10,300,F,2,4,1,0,20.808820724487305,74.04741668701172,2.1685309410095215,0.20110854506492615,
10,300,F,2,4,1,1,22.008285522460938,87.42681121826172,2.422922134399414,0.1830199509859085,
10,300,F,2,4,1,2,14.116765975952148,81.34860229492188,2.0250051021575928,0.1294061839580536,
10,300,F,2,4,1,3,22.09471893310547,85.51577758789062,2.7020580768585205,0.184853196144104,
10,300,F,2,5,0,0,8.508004188537598,19.735069274902344,1.232196569442749,0.2693658173084259,
10,300,F,2,5,0,1,2.9503579139709473,21.256322860717773,1.1333261728286743,0.07875022292137146,
10,300,F,2,5,0,2,3.5759880542755127,23.15340805053711,1.0596528053283691,0.0980272889137268,
10,300,F,2,5,0,3,7.369424819946289,20.96527099609375,1.149318814277649,0.2288033813238144,
10,300,F,2,5,1,0,10.367414474487305,26.95102882385254,1.201480746269226,0.25378474593162537,
10,300,F,2,5,1,1,7.098459720611572,29.578672409057617,1.1975009441375732,0.16631963849067688,
10,300,F,2,5,1,2,11.009040832519531,34.024444580078125,1.1517800092697144,0.22463259100914001,
10,300,F,2,5,1,3,7.985172271728516,40.83256149291992,1.2818299531936646,0.1410164088010788,
10,300,F,2,6,0,0,5.728719711303711,43.527557373046875,2.1722958087921143,0.07553362846374512,
10,300,F,2,6,0,1,12.327788352966309,37.8269157409668,1.9279906749725342,0.21564392745494843,
10,300,F,2,6,0,2,7.614391326904297,50.190956115722656,1.8771045207977295,0.10258299112319946,
10,300,F,2,6,0,3,10.803177833557129,51.33708572387695,2.167090892791748,0.14399917423725128,
10,300,F,2,6,1,0,7.399230003356934,27.168941497802734,2.0850582122802734,0.1635979861021042,
10,300,F,2,6,1,1,5.511938095092773,21.71776008605957,2.0070033073425293,0.13895957171916962,
10,300,F,2,6,1,2,8.344766616821289,26.013912200927734,2.0502421855926514,0.19482602179050446,
10,300,F,2,6,1,3,7.0901031494140625,25.93979263305664,2.094130754470825,0.16149502992630005,
10,300,F,2,7,0,0,15.840670585632324,91.42963409423828,0.4756258726119995,0.1438746303319931,
10,300,F,2,7,0,1,9.295223236083984,135.906494140625,1.8075289726257324,0.05221755430102348,
10,300,F,2,7,0,2,16.280364990234375,132.57284545898438,0.4479883313179016,0.10668341815471649,
10,300,F,2,7,0,3,13.14706802368164,132.53753662109375,1.7337009906768799,0.07928653061389923,
10,300,F,2,7,1,0,12.34350872039795,87.3663330078125,0.6511334776878357,0.11803480237722397,
10,300,F,2,7,1,1,8.047371864318848,88.24000549316406,0.8517338037490845,0.0753978043794632,
10,300,F,2,7,1,2,9.658843040466309,71.56187438964844,0.8238143920898438,0.10989264398813248,
10,300,F,2,7,1,3,4.453040599822998,88.39118957519531,1.1730587482452393,0.035779859870672226,
10,300,F,2,8,0,0,14.436029434204102,74.1715316772461,1.2391828298568726,0.15104833245277405,
10,300,F,2,8,0,1,9.519998550415039,64.14781188964844,1.8953673839569092,0.10623340308666229,
10,300,F,2,8,0,2,10.38569450378418,69.57491302490234,1.3286188840866089,0.11518310010433197,
10,300,F,2,8,0,3,12.538433074951172,77.30921173095703,1.1859157085418701,0.1280430406332016,
10,300,F,2,8,1,0,5.076621055603027,53.58987808227539,2.074302911758423,0.05305180698633194,
10,300,F,2,8,1,1,13.001628875732422,57.54841232299805,2.1573052406311035,0.15855959057807922,
10,300,F,2,8,1,2,5.462606430053711,58.173095703125,2.2232251167297363,0.0527479387819767,
10,300,F,2,8,1,3,8.56061840057373,47.65164566040039,2.176121711730957,0.11815235018730164,
10,300,F,2,9,0,0,6.361025810241699,37.67198181152344,2.35007381439209,0.09622527658939362,
10,300,F,2,9,0,1,5.245368957519531,28.640779495239258,2.4160008430480957,0.08990640938282013,
10,300,F,2,9,0,2,8.205345153808594,26.530519485473633,2.245687246322632,0.1834295243024826,
10,300,F,2,9,0,3,7.341561317443848,31.882761001586914,1.9954746961593628,0.14360064268112183,
10,300,F,2,9,1,0,1.6910037994384766,18.91800880432129,-0.3396889865398407,0.09693644940853119,
10,300,F,2,9,1,1,2.5803661346435547,19.882471084594727,-0.2413477599620819,0.12428166717290878,
10,300,F,2,9,1,2,1.8790462017059326,14.942761421203613,-0.1673392951488495,0.12045251578092575,
10,300,F,2,9,1,3,2.0222349166870117,16.865459442138672,-0.27569323778152466,0.11991243064403534,
10,300,F,2,10,0,0,4.635131359100342,34.08872985839844,1.0179249048233032,0.0959320217370987,
10,300,F,2,10,0,1,5.566490650177002,34.93341064453125,0.9471765756607056,0.11678877472877502,
10,300,F,2,10,0,2,6.719289302825928,26.499113082885742,1.1754416227340698,0.17301295697689056,
10,300,F,2,10,0,3,5.558331489562988,29.624282836914062,1.242695689201355,0.1271551549434662,
10,300,F,2,10,1,0,2.7333998680114746,7.742902755737305,1.4247815608978271,0.14457440376281738,
10,300,F,2,10,1,1,2.403266191482544,8.418312072753906,1.3327140808105469,0.11282193660736084,
10,300,F,2,10,1,2,3.131481885910034,8.900960922241211,1.3530189990997314,0.1665317267179489,
10,300,F,2,10,1,3,2.661114454269409,7.274806022644043,1.334212064743042,0.15426033735275269,
10,300,F,2,11,0,0,4.306395053863525,8.673473358154297,1.560293197631836,0.2404731959104538,
10,300,F,2,11,0,1,2.9742050170898438,9.273470878601074,1.535393238067627,0.13431420922279358,
10,300,F,2,11,0,2,2.991093635559082,7.563910007476807,1.5069167613983154,0.16403211653232574,
10,300,F,2,11,0,3,3.312641143798828,8.483460426330566,1.6270601749420166,0.16575613617897034,
10,300,F,2,11,1,0,9.693161010742188,66.25211334228516,2.730865001678467,0.09509461373090744,
10,300,F,2,11,1,1,10.573522567749023,56.25278091430664,3.003748655319214,0.1186065524816513,
10,300,F,2,11,1,2,9.13522720336914,62.57530975341797,2.9214746952056885,0.09033053368330002,
10,300,F,2,11,1,3,12.479467391967773,54.468040466308594,3.205637216567993,0.14549040794372559,
10,300,F,2,12,0,0,-0.8903303146362305,0.28782162070274353,-1.1338047981262207,0.45826512575149536,
10,300,F,2,12,0,1,-0.6017447710037231,0.2813394069671631,-1.109515905380249,0.6434727311134338,
10,300,F,2,12,0,2,-0.6532570123672485,0.26996925473213196,-1.1348061561584473,0.6407682299613953,
10,300,F,2,12,0,3,-0.7881351113319397,0.2647116482257843,-1.0992406606674194,0.5402852296829224,
10,300,F,2,12,1,0,1.0020089149475098,0.7656257152557373,0.13910087943077087,0.5298680663108826,
10,300,F,2,12,1,1,1.0417331457138062,0.7394049167633057,0.2637898325920105,0.5126993060112,
10,300,F,2,12,1,2,1.0915268659591675,0.7372391223907471,0.17012476921081543,0.555516242980957,
10,300,F,2,12,1,3,0.9171763062477112,0.7400853633880615,0.17706163227558136,0.5000098943710327,
10,300,F,2,13,0,0,-0.1749534010887146,0.8953631520271301,-1.0867823362350464,0.5045555830001831,
10,300,F,2,13,0,1,-0.049948811531066895,0.9690224528312683,-1.0395976305007935,0.5052654147148132,
10,300,F,2,13,0,2,-0.12355327606201172,0.7816433310508728,-0.7711220383644104,0.4530948996543884,
10,300,F,2,13,0,3,0.31238508224487305,0.9389973282814026,-0.8724424839019775,0.5578743815422058,
10,300,F,2,13,1,0,2.5626068115234375,0.8401804566383362,1.319296956062317,0.5967437624931335,
10,300,F,2,13,1,1,2.669163703918457,1.0516456365585327,1.4436982870101929,0.5381667017936707,
10,300,F,2,13,1,2,2.670304298400879,0.9727781414985657,1.2936750650405884,0.5859474539756775,
10,300,F,2,13,1,3,2.646775960922241,0.7813584208488464,1.5374995470046997,0.586721658706665,
10,300,F,2,14,0,0,1.966110348701477,1.661026954650879,0.7545806169509888,0.42176008224487305,
10,300,F,2,14,0,1,1.9601752758026123,1.6405702829360962,0.874289333820343,0.3982774317264557,
10,300,F,2,14,0,2,1.7663111686706543,1.592430591583252,1.2590798139572144,0.2415776252746582,
10,300,F,2,14,0,3,1.822403073310852,1.6196177005767822,0.9021115899085999,0.36233243346214294,
10,300,F,2,14,1,0,2.1795055866241455,0.9225497841835022,1.2222238779067993,0.509238064289093,
10,300,F,2,14,1,1,2.1454224586486816,0.9076775312423706,1.2725430727005005,0.4902282953262329,
10,300,F,2,14,1,2,2.1921427249908447,0.9681515693664551,1.3926078081130981,0.4523058533668518,
10,300,F,2,14,1,3,2.4827680587768555,1.0948086977005005,1.3875179290771484,0.5001007914543152,
10,300,F,2,15,0,0,0.16370919346809387,0.721541702747345,-1.5256919860839844,0.7007222175598145,
10,300,F,2,15,0,1,0.7767410278320312,0.5983311533927917,-1.6092243194580078,0.7995067834854126,
10,300,F,2,15,0,2,0.20063257217407227,0.6658856868743896,-1.412644624710083,0.7078375816345215,
10,300,F,2,15,0,3,0.37399783730506897,0.628627359867096,-1.5637664794921875,0.7550539374351501,
10,300,F,2,15,1,0,-0.7878379821777344,0.2807745635509491,-1.683164358139038,0.7612665891647339,
10,300,F,2,15,1,1,-0.5688977837562561,0.29486554861068726,-1.9382613897323608,0.8228215575218201,
10,300,F,2,15,1,2,-0.7006974816322327,0.2805940806865692,-1.8721767663955688,0.8067631721496582,
10,300,F,2,15,1,3,-1.2434916496276855,0.3605606257915497,-1.946959376335144,0.6611362099647522,
10,300,F,2,16,0,0,1.3741223812103271,0.6094581484794617,-0.7355719804763794,0.7758646607398987,
10,300,F,2,16,0,1,1.6267203092575073,0.5754578113555908,-0.6405060291290283,0.7975653409957886,
10,300,F,2,16,0,2,0.808657705783844,0.5423218607902527,-0.6203501224517822,0.7248954176902771,
10,300,F,2,16,0,3,1.205312728881836,0.6808120608329773,-0.6958662271499634,0.736322820186615,
10,300,F,2,16,1,0,-1.644722580909729,0.4266335666179657,-2.796149492263794,0.7296468615531921,
10,300,F,2,16,1,1,-1.5522434711456299,0.3646649420261383,-2.759586811065674,0.7680260539054871,
10,300,F,2,16,1,2,-1.519033432006836,0.39076918363571167,-2.7740185260772705,0.7625592350959778,
10,300,F,2,16,1,3,-1.5743838548660278,0.4310900866985321,-2.7938787937164307,0.7388258576393127,
10,300,F,2,17,0,0,0.8798058032989502,1.6503748893737793,-1.2585978507995605,0.5644045472145081,
10,300,F,2,17,0,1,0.6461324691772461,1.726638913154602,-1.8006374835968018,0.586276113986969,
10,300,F,2,17,0,2,0.258064866065979,1.4825665950775146,-1.9668340682983398,0.6001131534576416,
10,300,F,2,17,0,3,0.672527551651001,1.6912704706192017,-1.7788152694702148,0.5917382836341858,
10,300,F,2,17,1,0,1.2479865550994873,0.4988683760166168,-0.2715705633163452,0.7528427839279175,
10,300,F,2,17,1,1,1.0138627290725708,0.4664134979248047,-0.37035226821899414,0.7479702234268188,
10,300,F,2,17,1,2,1.0734723806381226,0.55336594581604,-0.3729342222213745,0.7232855558395386,
10,300,F,2,17,1,3,0.9087534546852112,0.6023343205451965,-0.43332958221435547,0.690223753452301,
10,300,F,2,18,0,0,2.0574395656585693,5.400031089782715,-1.0238161087036133,0.36330050230026245,
10,300,F,2,18,0,1,2.2886037826538086,4.699171543121338,-0.9638900756835938,0.40903303027153015,
10,300,F,2,18,0,2,0.8605220317840576,3.848940372467041,-1.0362555980682373,0.3301202058792114,
10,300,F,2,18,0,3,1.8682355880737305,5.686677932739258,-1.0424609184265137,0.3385564386844635,
10,300,F,2,18,1,0,0.5973039865493774,2.1347591876983643,-0.4357147812843323,0.32610204815864563,
10,300,F,2,18,1,1,0.8682911992073059,1.987951397895813,-0.5550147891044617,0.41723790764808655,
10,300,F,2,18,1,2,0.6621173024177551,2.4240529537200928,-0.4730644226074219,0.31893983483314514,
10,300,F,2,18,1,3,0.9024512767791748,1.8961464166641235,-0.4620121121406555,0.41846874356269836,
10,300,F,2,19,0,0,-0.7998606562614441,3.914604902267456,-3.433035373687744,0.40214774012565613,
10,300,F,2,19,0,1,-0.23441147804260254,3.7395474910736084,-3.4722061157226562,0.46404412388801575,
10,300,F,2,19,0,2,-0.06803834438323975,4.713747024536133,-3.5289828777313232,0.42337313294410706,
10,300,F,2,19,0,3,-0.33455634117126465,3.80582857131958,-3.5173330307006836,0.4554237127304077,
10,300,F,2,19,1,0,1.6661111116409302,2.997666120529175,-0.12141478061676025,0.37355363368988037,
10,300,F,2,19,1,1,2.016334056854248,3.427337169647217,0.1531510353088379,0.3521738648414612,
10,300,F,2,19,1,2,2.0365049839019775,2.8942277431488037,-0.13271522521972656,0.4284076988697052,
10,300,F,2,19,1,3,1.9346702098846436,4.087892055511475,-0.08402526378631592,0.33057665824890137,
10,300,F,2,20,0,0,1.5388593673706055,1.8119935989379883,0.5622903108596802,0.3502051532268524,
10,300,F,2,20,0,1,1.2430931329727173,2.243138074874878,0.7407987117767334,0.18295638263225555,
10,300,F,2,20,0,2,1.1971702575683594,2.1975014209747314,0.6232210397720337,0.20709341764450073,
10,300,F,2,20,0,3,1.2077268362045288,2.118300199508667,0.5894258618354797,0.22593756020069122,
10,300,F,2,20,1,0,0.8784558773040771,3.1988062858581543,0.32173311710357666,0.1482408344745636,
10,300,F,2,20,1,1,1.2539275884628296,3.4911937713623047,0.08090394735336304,0.25149422883987427,
10,300,F,2,20,1,2,0.9377898573875427,3.0645229816436768,0.03948187828063965,0.22668339312076569,
10,300,F,2,20,1,3,1.259364366531372,2.2139220237731934,0.12711423635482788,0.33837175369262695,
10,300,F,2,21,0,0,-0.9545227289199829,1.033099889755249,-1.8801140785217285,0.4725559949874878,
10,300,F,2,21,0,1,-0.7674684524536133,1.1164147853851318,-1.9151999950408936,0.506915807723999,
10,300,F,2,21,0,2,-0.6687464714050293,0.8858253359794617,-1.8679932355880737,0.575158417224884,
10,300,F,2,21,0,3,-1.2033295631408691,1.0013947486877441,-1.941506028175354,0.42434394359588623,
10,300,F,2,21,1,0,2.3502233028411865,1.0652645826339722,1.3568646907806396,0.4825354218482971,
10,300,F,2,21,1,1,2.678206443786621,1.13417387008667,1.2940489053726196,0.5496327877044678,
10,300,F,2,21,1,2,2.6719472408294678,1.0954426527023315,1.4080718755722046,0.5356952548027039,
10,300,F,2,21,1,3,1.9937427043914795,1.2177619934082031,1.2946066856384277,0.3647226095199585,
10,300,F,2,22,0,0,1.084089994430542,3.0738494396209717,-1.3013808727264404,0.4369538426399231,
10,300,F,2,22,0,1,1.470184087753296,3.474532127380371,-1.3752985000610352,0.450233519077301,
10,300,F,2,22,0,2,2.1151812076568604,3.56778883934021,-1.565486192703247,0.5077863931655884,
10,300,F,2,22,0,3,0.8042654991149902,3.4694597721099854,-1.397992491722107,0.38828763365745544,
10,300,F,2,22,1,0,4.224003791809082,2.072399377822876,1.9872280359268188,0.5190728306770325,
10,300,F,2,22,1,1,3.732542037963867,1.918241262435913,1.8894145488739014,0.49001508951187134,
10,300,F,2,22,1,2,4.045731544494629,1.7496873140335083,2.063527822494507,0.531152606010437,
10,300,F,2,22,1,3,3.6509201526641846,2.221053123474121,1.857724666595459,0.4467076361179352,
10,300,F,2,23,0,0,1.1278386116027832,3.223788022994995,-0.6215560436248779,0.35176560282707214,
10,300,F,2,23,0,1,1.8352231979370117,3.4228358268737793,-0.6991437673568726,0.4254290461540222,
10,300,F,2,23,0,2,2.146632432937622,3.2154321670532227,-0.31784743070602417,0.43389400839805603,
10,300,F,2,23,0,3,2.005988359451294,3.3169097900390625,-0.704451322555542,0.44969016313552856,
10,300,F,2,23,1,0,3.89512300491333,4.067583084106445,1.3868004083633423,0.3814413845539093,
10,300,F,2,23,1,1,2.9098620414733887,4.301684856414795,1.045959234237671,0.3023074269294739,
10,300,F,2,23,1,2,3.5598556995391846,3.7384350299835205,1.043468713760376,0.4023115336894989,
10,300,F,2,23,1,3,3.027961492538452,4.018160820007324,0.9609481692314148,0.3396802246570587,
10,300,F,2,24,0,0,1.2180602550506592,19.9991455078125,-0.7438157796859741,0.08933445811271667,
10,300,F,2,24,0,1,1.988248348236084,19.893951416015625,-0.9809989929199219,0.12987016141414642,
10,300,F,2,24,0,2,1.1994569301605225,21.650814056396484,-0.93168705701828,0.08961179107427597,
10,300,F,2,24,0,3,1.112743616104126,18.352603912353516,-1.076195478439331,0.1065615713596344,
10,300,F,2,24,1,0,2.2016756534576416,13.285648345947266,-0.8807411789894104,0.18831893801689148,
10,300,F,2,24,1,1,1.6673555374145508,17.190872192382812,-0.7869156002998352,0.12493015825748444,
10,300,F,2,24,1,2,0.889106273651123,14.275749206542969,-0.865146815776825,0.10943561792373657,
10,300,F,2,24,1,3,1.5734436511993408,18.04534149169922,-0.6636638641357422,0.11029770225286484,
10,300,F,2,25,0,0,2.7554595470428467,18.614032745361328,-1.1847697496414185,0.17469999194145203,
10,300,F,2,25,0,1,2.9436023235321045,18.46539878845215,-1.4053096771240234,0.19062212109565735,
10,300,F,2,25,0,2,1.0462009906768799,19.813798904418945,-1.4378327131271362,0.1114024668931961,
10,300,F,2,25,0,3,1.6983835697174072,17.79665184020996,-1.4329935312271118,0.1496260017156601,
10,300,F,2,25,1,0,1.131813645362854,4.80251407623291,-0.0584120899438858,0.1986112743616104,
10,300,F,2,25,1,1,0.645761251449585,4.164358139038086,-0.03323182463645935,0.1401907503604889,
10,300,F,2,25,1,2,1.5584734678268433,5.0929765701293945,-0.029800862073898315,0.23772111535072327,
10,300,F,2,25,1,3,0.7793365716934204,4.8446760177612305,-0.09051238000392914,0.15221719443798065,
10,300,F,2,26,0,0,1.7458980083465576,19.861568450927734,-0.5919063687324524,0.10530947893857956,
10,300,F,2,26,0,1,3.0751731395721436,20.311912536621094,-0.6015123724937439,0.15326803922653198,
10,300,F,2,26,0,2,4.076772689819336,25.681049346923828,-0.5037153363227844,0.15136337280273438,
10,300,F,2,26,0,3,6.7130889892578125,22.915422439575195,-0.5317758321762085,0.24021205306053162,
10,300,F,2,26,1,0,5.27493953704834,18.09007453918457,2.5884523391723633,0.12930375337600708,
10,300,F,2,26,1,1,5.842391014099121,17.442798614501953,2.6140899658203125,0.15617461502552032,
10,300,F,2,26,1,2,6.490065574645996,15.824874877929688,2.6189558506011963,0.19654308259487152,
10,300,F,2,26,1,3,5.711503505706787,15.825979232788086,2.5409884452819824,0.16690000891685486,
10,300,F,2,27,0,0,7.587168216705322,20.76448631286621,1.5870485305786133,0.22418113052845,
10,300,F,2,27,0,1,7.272269248962402,22.46830940246582,1.6251503229141235,0.2008548229932785,
10,300,F,2,27,0,2,6.503210067749023,19.827667236328125,1.7136139869689941,0.19456247985363007,
10,300,F,2,27,0,3,5.173687934875488,21.403400421142578,1.7241342067718506,0.1387985348701477,
10,300,F,2,27,1,0,1.1392803192138672,21.915464401245117,-1.0883047580718994,0.09226610511541367,
10,300,F,2,27,1,1,1.9025976657867432,27.26332664489746,-1.0930421352386475,0.09900007396936417,
10,300,F,2,27,1,2,4.048653602600098,23.60694694519043,-0.8520400524139404,0.17190809547901154,
10,300,F,2,27,1,3,1.312709093093872,26.8948917388916,-0.9127902984619141,0.07642409205436707,
10,300,F,2,28,0,0,1.9580254554748535,14.028573036193848,0.16718682646751404,0.11320513486862183,
10,300,F,2,28,0,1,2.3522112369537354,13.173300743103027,0.17591357231140137,0.14178206026554108,
10,300,F,2,28,0,2,1.9371023178100586,9.478948593139648,0.10989350080490112,0.16161184012889862,
10,300,F,2,28,0,3,4.131128311157227,12.63263988494873,0.14142128825187683,0.24002069234848022,
10,300,F,2,28,1,0,6.538698196411133,32.20461654663086,1.7772445678710938,0.12880605459213257,
10,300,F,2,28,1,1,7.775276184082031,37.03776931762695,1.7808542251586914,0.1393008828163147,
10,300,F,2,28,1,2,7.937792778015137,34.81279373168945,1.849094033241272,0.14886251091957092,
10,300,F,2,28,1,3,8.4398775100708,37.436767578125,1.9196491241455078,0.14833198487758636,
10,300,F,2,29,0,0,10.487503051757812,36.55092239379883,0.26937854290008545,0.21848048269748688,
10,300,F,2,29,0,1,11.846153259277344,44.51564407348633,0.9861491918563843,0.1961151659488678,
10,300,F,2,29,0,2,13.434906959533691,46.436256408691406,0.6240320205688477,0.21622778475284576,
10,300,F,2,29,0,3,9.178278923034668,41.84104537963867,0.22432148456573486,0.1762763410806656,
10,300,F,2,29,1,0,16.84819221496582,75.05422973632812,3.5808985233306885,0.15021584928035736,
10,300,F,2,29,1,1,25.036561965942383,68.05510711669922,4.011096954345703,0.23602750897407532,
10,300,F,2,29,1,2,10.943923950195312,55.90595245361328,3.4843835830688477,0.11772244423627853,
10,300,F,2,29,1,3,13.07924747467041,71.41150665283203,3.402592182159424,0.11933498829603195,
10,300,F,2,30,0,0,1.150890588760376,9.68681526184082,-0.4567301869392395,0.1423373967409134,
10,300,F,2,30,0,1,1.174349308013916,9.295223236083984,-0.5384995341300964,0.15559935569763184,
10,300,F,2,30,0,2,1.5830059051513672,7.899196147918701,-0.48066002130508423,0.20713584125041962,
10,300,F,2,30,0,3,1.6219593286514282,10.09830093383789,-0.4147931933403015,0.16784042119979858,
10,300,F,2,30,1,0,1.4697495698928833,6.5464043617248535,0.0014432519674301147,0.183201402425766,
10,300,F,2,30,1,1,3.1597254276275635,7.314655780792236,-0.07269933819770813,0.30647578835487366,
10,300,F,2,30,1,2,1.2628861665725708,5.703882217407227,-0.13434052467346191,0.19676175713539124,
10,300,F,2,30,1,3,1.486115574836731,8.569321632385254,0.040005162358284,0.14438821375370026,
10,300,F,2,31,0,0,5.127323627471924,37.23080062866211,-0.06933867931365967,0.12248345464468002,
10,300,F,2,31,0,1,10.879652976989746,27.553869247436523,-0.25367164611816406,0.28777801990509033,
10,300,F,2,31,0,2,7.691391468048096,40.96746063232422,0.1224355697631836,0.1559438556432724,
10,300,F,2,31,0,3,8.042566299438477,43.152713775634766,0.5026895999908447,0.14873726665973663,
10,300,F,2,31,1,0,1.9473530054092407,3.0002994537353516,0.9155822992324829,0.2558910548686981,
10,300,F,2,31,1,1,1.941079020500183,3.1561524868011475,0.8333452343940735,0.2597943842411041,
10,300,F,2,31,1,2,2.2850093841552734,4.998716354370117,0.879968523979187,0.2194088250398636,
10,300,F,2,31,1,3,2.4144582748413086,2.887760877609253,0.8247137069702148,0.3550514280796051,
10,300,F,2,32,0,0,0.7867201566696167,4.568450450897217,-0.43163445591926575,0.21054010093212128,
10,300,F,2,32,0,1,0.9264378547668457,3.746638298034668,-0.4119609594345093,0.26320335268974304,
10,300,F,2,32,0,2,0.34475409984588623,3.792772054672241,-0.5327799320220947,0.1878964751958847,
10,300,F,2,32,0,3,0.4049075245857239,4.436331272125244,-0.4933829605579376,0.16838879883289337,
10,300,F,2,32,1,0,6.655295372009277,11.41203498840332,1.4324383735656738,0.31396999955177307,
10,300,F,2,32,1,1,4.891436576843262,10.115946769714355,1.1813101768493652,0.2683427333831787,
10,300,F,2,32,1,2,5.0110673904418945,11.334038734436035,1.5448672771453857,0.2341989427804947,
10,300,F,2,32,1,3,4.86944580078125,10.4777193069458,1.4393994808197021,0.24662812054157257,
10,300,F,2,33,0,0,15.372878074645996,47.50862121582031,0.9187857508659363,0.2332708090543747,
10,300,F,2,33,0,1,5.1495561599731445,41.00923538208008,1.138229250907898,0.08909989148378372,
10,300,F,2,33,0,2,7.830560684204102,44.12315368652344,1.204115390777588,0.1305713802576065,
10,300,F,2,33,0,3,6.775330543518066,36.0731086730957,1.5140889883041382,0.1272849589586258,
10,300,F,2,33,1,0,2.465264320373535,12.758842468261719,-1.7690658569335938,0.24917832016944885,
10,300,F,2,33,1,1,2.334282398223877,13.586790084838867,-1.758370280265808,0.23149219155311584,
10,300,F,2,33,1,2,1.0363285541534424,14.209901809692383,-1.7454955577850342,0.1637164056301117,
10,300,F,2,33,1,3,1.1109821796417236,13.05997085571289,-1.5379953384399414,0.16862857341766357,
10,300,F,2,34,0,0,4.233306884765625,14.216636657714844,-0.9908069968223572,0.26871979236602783,
10,300,F,2,34,0,1,2.38185453414917,11.633441925048828,-0.8048670291900635,0.21502606570720673,
10,300,F,2,34,0,2,2.42242431640625,15.875792503356934,-0.8655034303665161,0.17157042026519775,
10,300,F,2,34,0,3,2.2497718334198,16.218679428100586,-0.8944810032844543,0.16238515079021454,
10,300,F,2,34,1,0,4.268415451049805,25.835041046142578,-0.8391830325126648,0.1650666743516922,
10,300,F,2,34,1,1,4.905839920043945,25.303985595703125,-0.7013039588928223,0.18139563500881195,
10,300,F,2,34,1,2,5.435975074768066,23.17995834350586,-0.8145784735679626,0.2123834490776062,
10,300,F,2,34,1,3,6.690471649169922,30.96977996826172,-0.44566357135772705,0.18727105855941772,
10,300,F,2,35,0,0,5.209332466125488,15.881688117980957,0.1217583492398262,0.2426205575466156,
10,300,F,2,35,0,1,6.200300216674805,16.615577697753906,0.027168884873390198,0.27088552713394165,
10,300,F,2,35,0,2,3.185370922088623,19.810720443725586,0.06813887506723404,0.1359577178955078,
10,300,F,2,35,0,3,2.423672676086426,17.085668563842773,-0.03707549721002579,0.1258925348520279,
10,300,F,2,35,1,0,4.51176118850708,30.977210998535156,-2.1505038738250732,0.17700205743312836,
10,300,F,2,35,1,1,7.8090081214904785,36.77726745605469,-1.839159607887268,0.20782071352005005,
10,300,F,2,35,1,2,1.3419907093048096,31.27500343322754,-1.9467333555221558,0.09514957666397095,
10,300,F,2,35,1,3,3.1452488899230957,27.49828338623047,-1.9367643594741821,0.15598423779010773,
10,300,Free,0,0,0,0,2.2679688930511475,11.82174015045166,-1.091971516609192,0.2213154435157776,17.0
10,300,Free,0,0,0,1,5.034171104431152,14.845271110534668,-1.3331316709518433,0.30016642808914185,17.0
10,300,Free,0,0,0,2,3.8116581439971924,13.685559272766113,-1.2102608680725098,0.2684444785118103,14.0
10,300,Free,0,0,0,3,7.163430213928223,11.625360488891602,-1.3007185459136963,0.4213218092918396,24.0
10,300,Free,0,0,1,0,3.93599009513855,14.068696022033691,0.22152303159236908,0.20887549221515656,24.0
10,300,Free,0,0,1,1,6.069940567016602,14.642848014831543,0.21426449716091156,0.28566330671310425,19.0
10,300,Free,0,0,1,2,6.943790912628174,12.701799392700195,0.365123450756073,0.34120893478393555,24.0
10,300,Free,0,0,1,3,9.548397064208984,11.937596321105957,0.2577804923057556,0.4376542270183563,17.0
10,300,Free,0,1,0,0,7.635520935058594,19.00695037841797,0.1058313250541687,0.2837469279766083,28.0
10,300,Free,0,1,0,1,6.1766204833984375,18.4344482421875,-0.14235344529151917,0.25527676939964294,30.0
10,300,Free,0,1,0,2,5.763267517089844,21.7180233001709,-0.1970386654138565,0.2153419852256775,33.0
10,300,Free,0,1,0,3,6.456876754760742,16.19300651550293,-0.008225515484809875,0.2853328287601471,20.0
10,300,Free,0,1,1,0,2.335392713546753,10.562820434570312,-1.071363091468811,0.24386966228485107,24.0
10,300,Free,0,1,1,1,1.5264136791229248,12.16151237487793,-1.0477720499038696,0.17469045519828796,36.0
10,300,Free,0,1,1,2,4.612424373626709,9.635614395141602,-1.0236037969589233,0.36905187368392944,24.0
10,300,Free,0,1,1,3,1.8842339515686035,12.697186470031738,-1.0536975860595703,0.1879059374332428,39.0
10,300,Free,0,2,0,0,4.034210681915283,9.067359924316406,0.47705593705177307,0.2817656397819519,29.0
10,300,Free,0,2,0,1,3.544769525527954,9.081778526306152,0.5552759766578674,0.24765357375144958,41.0
10,300,Free,0,2,0,2,3.10897159576416,6.730748176574707,0.4345119595527649,0.2843594253063202,15.0
10,300,Free,0,2,0,3,3.8043501377105713,7.621448040008545,0.46734946966171265,0.30451396107673645,32.0
10,300,Free,0,2,1,0,-0.6089819669723511,3.2905843257904053,-1.5995864868164062,0.23138539493083954,16.0
10,300,Free,0,2,1,1,-0.3818037509918213,3.5165250301361084,-1.5454657077789307,0.24863578379154205,29.0
10,300,Free,0,2,1,2,-0.8507099151611328,3.493637800216675,-1.5720123052597046,0.17112992703914642,29.0
10,300,Free,0,2,1,3,-0.35127031803131104,3.3928210735321045,-1.5443814992904663,0.2601676285266876,19.0
10,300,Free,0,3,0,0,8.747306823730469,57.045223236083984,-0.79139244556427,0.14325828850269318,31.0
10,300,Free,0,3,0,1,10.961677551269531,54.24296569824219,-0.9891639947891235,0.1805431991815567,25.0
10,300,Free,0,3,0,2,5.622751235961914,63.07462692260742,-1.0243325233459473,0.09533735364675522,28.0
10,300,Free,0,3,0,3,3.7419629096984863,65.25331115722656,-0.5367968678474426,0.06153649464249611,27.0
10,300,Free,0,3,1,0,3.6537399291992188,38.79066467285156,-0.8517078161239624,0.10406125336885452,21.0
10,300,Free,0,3,1,1,6.251707077026367,41.01445388793945,-0.7331359386444092,0.1455196887254715,30.0
10,300,Free,0,3,1,2,6.298340320587158,44.17965316772461,-0.7147921323776245,0.13699455559253693,37.0
10,300,Free,0,3,1,3,7.783202648162842,39.42127990722656,-0.7789864540100098,0.1784403920173645,39.0
10,300,Free,0,4,0,0,13.95925521850586,65.5726089477539,-0.5596095323562622,0.1812785267829895,28.0
10,300,Free,0,4,0,1,13.610875129699707,68.76663970947266,-0.6574917435646057,0.17183555662631989,32.0
10,300,Free,0,4,0,2,3.9369471073150635,59.869876861572266,-0.6844732761383057,0.07165959477424622,36.0
10,300,Free,0,4,0,3,9.09109115600586,64.3841552734375,-0.8040249943733215,0.1332150399684906,27.0
10,300,Free,0,4,1,0,20.808820724487305,74.04741668701172,2.1012206077575684,0.2016882747411728,32.0
10,300,Free,0,4,1,1,22.008285522460938,87.42681121826172,2.187089681625366,0.18481644988059998,29.0
10,300,Free,0,4,1,2,14.116765975952148,81.34860229492188,1.6711583137512207,0.13269057869911194,27.0
10,300,Free,0,4,1,3,22.09471893310547,85.51577758789062,1.8784717321395874,0.19120270013809204,36.0
10,300,Free,0,5,0,0,8.508004188537598,19.735069274902344,1.1597052812576294,0.27132147550582886,16.0
10,300,Free,0,5,0,1,2.9503579139709473,21.256322860717773,1.1255457401275635,0.07906077057123184,20.0
10,300,Free,0,5,0,2,3.5759880542755127,23.15340805053711,1.0334770679473877,0.09894609451293945,22.0
10,300,Free,0,5,0,3,7.369424819946289,20.96527099609375,1.043503999710083,0.23179350793361664,30.0
10,300,Free,0,5,1,0,10.367414474487305,26.95102882385254,1.172200083732605,0.254389226436615,22.0
10,300,Free,0,5,1,1,7.098459720611572,29.578672409057617,1.1728367805480957,0.16689875721931458,33.0
10,300,Free,0,5,1,2,11.009040832519531,34.024444580078125,1.126751184463501,0.22507457435131073,30.0
10,300,Free,0,5,1,3,7.985172271728516,40.83256149291992,1.2768234014511108,0.14110685884952545,30.0
10,300,Free,0,6,0,0,5.728719711303711,43.527557373046875,1.8796515464782715,0.08124403655529022,33.0
10,300,Free,0,6,0,1,12.327788352966309,37.8269157409668,2.0526602268218994,0.21361105144023895,26.0
10,300,Free,0,6,0,2,7.614391326904297,50.190956115722656,1.9386065006256104,0.10159505903720856,36.0
10,300,Free,0,6,0,3,10.803177833557129,51.33708572387695,1.9865115880966187,0.14656886458396912,28.0
10,300,Free,0,6,1,0,7.399230003356934,27.168941497802734,1.9568456411361694,0.1668863147497177,33.0
10,300,Free,0,6,1,1,5.511938095092773,21.71776008605957,1.9696674346923828,0.14023223519325256,18.0
10,300,Free,0,6,1,2,8.344766616821289,26.013912200927734,2.0236117839813232,0.19548915326595306,36.0
10,300,Free,0,6,1,3,7.0901031494140625,25.93979263305664,2.021446943283081,0.16346047818660736,25.0
10,300,Free,0,7,0,0,15.840670585632324,91.42963409423828,0.27712345123291016,0.1454629898071289,16.0
10,300,Free,0,7,0,1,9.295223236083984,135.906494140625,1.532496690750122,0.054031938314437866,10.0
10,300,Free,0,7,0,2,16.280364990234375,132.57284545898438,0.44850295782089233,0.10668032616376877,7.0
10,300,Free,0,7,0,3,13.14706802368164,132.53753662109375,0.8357923030853271,0.08499397337436676,5.0
10,300,Free,0,7,1,0,12.34350872039795,87.3663330078125,0.6262195706367493,0.1182565689086914,14.0
10,300,Free,0,7,1,1,8.047371864318848,88.24000549316406,0.4191586971282959,0.07956977933645248,6.0
10,300,Free,0,7,1,2,9.658843040466309,71.56187438964844,0.45634204149246216,0.11394257843494415,27.0
10,300,Free,0,7,1,3,4.453040599822998,88.39118957519531,0.869870662689209,0.0389583595097065,19.0
10,300,Free,0,8,0,0,14.436029434204102,74.1715316772461,1.1341283321380615,0.1520678997039795,12.0
10,300,Free,0,8,0,1,9.519998550415039,64.14781188964844,1.2981511354446411,0.11360904574394226,7.0
10,300,Free,0,8,0,2,10.38569450378418,69.57491302490234,1.1074626445770264,0.11766470223665237,9.0
10,300,Free,0,8,0,3,12.538433074951172,77.30921173095703,1.1816551685333252,0.1280849575996399,13.0
10,300,Free,0,8,1,0,5.076621055603027,53.58987808227539,2.1149137020111084,0.052371785044670105,24.0
10,300,Free,0,8,1,1,13.001628875732422,57.54841232299805,2.1522600650787354,0.1586216539144516,16.0
10,300,Free,0,8,1,2,5.462606430053711,58.173095703125,2.262979745864868,0.05213434249162674,12.0
10,300,Free,0,8,1,3,8.56061840057373,47.65164566040039,2.163952350616455,0.11835089325904846,26.0
10,300,Free,0,9,0,0,6.361025810241699,37.67198181152344,1.9784694910049438,0.10421125590801239,29.0
10,300,Free,0,9,0,1,5.245368957519531,28.640779495239258,2.207523822784424,0.09589573740959167,36.0
10,300,Free,0,9,0,2,8.205345153808594,26.530519485473633,1.9233334064483643,0.19145160913467407,35.0
10,300,Free,0,9,0,3,7.341561317443848,31.882761001586914,1.8911182880401611,0.14599452912807465,19.0
10,300,Free,0,9,1,0,1.6910037994384766,18.91800880432129,-0.3033546805381775,0.0953674167394638,15.0
10,300,Free,0,9,1,1,2.5803661346435547,19.882471084594727,-0.24714940786361694,0.12450539320707321,13.0
10,300,Free,0,9,1,2,1.8790462017059326,14.942761421203613,-0.3628547489643097,0.13045941293239594,21.0
10,300,Free,0,9,1,3,2.0222349166870117,16.865459442138672,-0.23478209972381592,0.11802954226732254,11.0
10,300,Free,0,10,0,0,4.635131359100342,34.08872985839844,0.9133962392807007,0.09843134880065918,23.0
10,300,Free,0,10,0,1,5.566490650177002,34.93341064453125,1.2862201929092407,0.10915248095989227,27.0
10,300,Free,0,10,0,2,6.719289302825928,26.499113082885742,1.1735104322433472,0.17306280136108398,25.0
10,300,Free,0,10,0,3,5.558331489562988,29.624282836914062,1.324350357055664,0.1250501573085785,26.0
10,300,Free,0,10,1,0,2.7333998680114746,7.742902755737305,1.4355883598327637,0.14355188608169556,26.0
10,300,Free,0,10,1,1,2.403266191482544,8.418312072753906,1.4075566530227661,0.10576877743005753,20.0
10,300,Free,0,10,1,2,3.131481885910034,8.900960922241211,1.4001991748809814,0.16283324360847473,29.0
10,300,Free,0,10,1,3,2.661114454269409,7.274806022644043,1.4869213104248047,0.13897423446178436,23.0
10,300,Free,0,11,0,0,4.306395053863525,8.673473358154297,1.5562703609466553,0.24074065685272217,28.0
10,300,Free,0,11,0,1,2.9742050170898438,9.273470878601074,1.5348143577575684,0.13436098396778107,26.0
10,300,Free,0,11,0,2,2.991093635559082,7.563910007476807,1.48727285861969,0.16584312915802002,35.0
10,300,Free,0,11,0,3,3.312641143798828,8.483460426330566,1.5423400402069092,0.17264893651008606,21.0
10,300,Free,0,11,1,0,9.693161010742188,66.25211334228516,3.2618191242218018,0.0884842574596405,16.0
10,300,Free,0,11,1,1,10.573522567749023,56.25278091430664,2.3879902362823486,0.12702897191047668,11.0
10,300,Free,0,11,1,2,9.13522720336914,62.57530975341797,3.0402920246124268,0.08875656872987747,20.0
10,300,Free,0,11,1,3,12.479467391967773,54.468040466308594,2.244382381439209,0.15818531811237335,10.0
10,300,Free,0,12,0,0,-0.8903303146362305,0.28782162070274353,-1.0938503742218018,0.4142128825187683,13.0
10,300,Free,0,12,0,1,-0.6017447710037231,0.2813394069671631,-1.0684195756912231,0.623884916305542,5.0
10,300,Free,0,12,0,2,-0.6532570123672485,0.26996925473213196,-1.1191126108169556,0.6331066489219666,9.0
10,300,Free,0,12,0,3,-0.7881351113319397,0.2647116482257843,-1.1439714431762695,0.5734227895736694,9.0
10,300,Free,0,12,1,0,1.0020089149475098,0.7656257152557373,0.21635769307613373,0.5064545273780823,3.0
10,300,Free,0,12,1,1,1.0417331457138062,0.7394049167633057,0.34552323818206787,0.48495590686798096,4.0
10,300,Free,0,12,1,2,1.0915268659591675,0.7372391223907471,0.2301310896873474,0.5388321280479431,5.0
10,300,Free,0,12,1,3,0.9171763062477112,0.7400853633880615,0.13790784776210785,0.5128946304321289,6.0
10,300,Free,0,13,0,0,-0.1749534010887146,0.8953631520271301,-1.1426552534103394,0.5194138884544373,14.0
10,300,Free,0,13,0,1,-0.049948811531066895,0.9690224528312683,-0.9729159474372864,0.4878288507461548,12.0
10,300,Free,0,13,0,2,-0.12355327606201172,0.7816433310508728,-0.7187712788581848,0.4323006272315979,12.0
10,300,Free,0,13,0,3,0.31238508224487305,0.9389973282814026,-0.9568679928779602,0.5747776627540588,21.0
10,300,Free,0,13,1,0,2.5626068115234375,0.8401804566383362,1.367733120918274,0.5871459245681763,17.0
10,300,Free,0,13,1,1,2.669163703918457,1.0516456365585327,1.4437427520751953,0.5381577610969543,14.0
10,300,Free,0,13,1,2,2.670304298400879,0.9727781414985657,1.3035238981246948,0.584204375743866,15.0
10,300,Free,0,13,1,3,2.646775960922241,0.7813584208488464,1.4273757934570312,0.609468936920166,13.0
10,300,Free,0,14,0,0,1.966110348701477,1.661026954650879,1.0686826705932617,0.35076940059661865,34.0
10,300,Free,0,14,0,1,1.9601752758026123,1.6405702829360962,0.344919353723526,0.4961124658584595,30.0
10,300,Free,0,14,0,2,1.7663111686706543,1.592430591583252,0.7357380986213684,0.3928980827331543,16.0
10,300,Free,0,14,0,3,1.822403073310852,1.6196177005767822,0.9356433153152466,0.35380133986473083,22.0
10,300,Free,0,14,1,0,2.1795055866241455,0.9225497841835022,1.2408998012542725,0.5043134093284607,22.0
10,300,Free,0,14,1,1,2.1454224586486816,0.9076775312423706,1.1461708545684814,0.5240108966827393,20.0
10,300,Free,0,14,1,2,2.1921427249908447,0.9681515693664551,1.2747371196746826,0.48654353618621826,11.0
10,300,Free,0,14,1,3,2.4827680587768555,1.0948086977005005,1.1683967113494873,0.5455679297447205,11.0
10,300,Free,0,15,0,0,0.16370919346809387,0.721541702747345,-1.4596209526062012,0.6922894716262817,4.0
10,300,Free,0,15,0,1,0.7767410278320312,0.5983311533927917,-1.5990033149719238,0.7988177537918091,6.0
10,300,Free,0,15,0,2,0.20063257217407227,0.6658856868743896,-1.2340097427368164,0.6829912662506104,5.0
10,300,Free,0,15,0,3,0.37399783730506897,0.628627359867096,-1.5801641941070557,0.7566090822219849,7.0
10,300,Free,0,15,1,0,-0.7878379821777344,0.2807745635509491,-1.7032952308654785,0.7652841806411743,13.0
10,300,Free,0,15,1,1,-0.5688977837562561,0.29486554861068726,-1.698453426361084,0.7929927110671997,4.0
10,300,Free,0,15,1,2,-0.7006974816322327,0.2805940806865692,-1.5597654581069946,0.753791868686676,5.0
10,300,Free,0,15,1,3,-1.2434916496276855,0.3605606257915497,-1.961099624633789,0.6655804514884949,3.0
10,300,Free,0,16,0,0,1.3741223812103271,0.6094581484794617,-0.6045470237731934,0.7645177841186523,10.0
10,300,Free,0,16,0,1,1.6267203092575073,0.5754578113555908,-0.5826972723007202,0.7933631539344788,18.0
10,300,Free,0,16,0,2,0.808657705783844,0.5423218607902527,-0.3131316900253296,0.6741071939468384,5.0
10,300,Free,0,16,0,3,1.205312728881836,0.6808120608329773,-0.7266378402709961,0.7394282817840576,5.0
10,300,Free,0,16,1,0,-1.644722580909729,0.4266335666179657,-2.6442277431488037,0.7008470892906189,8.0
10,300,Free,0,16,1,1,-1.5522434711456299,0.3646649420261383,-2.641613245010376,0.7492048144340515,4.0
10,300,Free,0,16,1,2,-1.519033432006836,0.39076918363571167,-2.8005049228668213,0.766319990158081,3.0
10,300,Free,0,16,1,3,-1.5743838548660278,0.4310900866985321,-2.8162264823913574,0.7423147559165955,14.0
10,300,Free,0,17,0,0,0.8798058032989502,1.6503748893737793,-1.4706122875213623,0.587488055229187,19.0
10,300,Free,0,17,0,1,0.6461324691772461,1.726638913154602,-2.0024213790893555,0.6053571105003357,21.0
10,300,Free,0,17,0,2,0.258064866065979,1.4825665950775146,-1.9328076839447021,0.5964091420173645,16.0
10,300,Free,0,17,0,3,0.672527551651001,1.6912704706192017,-1.6214079856872559,0.5756127834320068,13.0
10,300,Free,0,17,1,0,1.2479865550994873,0.4988683760166168,-0.15520083904266357,0.7377215027809143,1.0
10,300,Free,0,17,1,1,1.0138627290725708,0.4664134979248047,-0.39779794216156006,0.751653254032135,3.0
10,300,Free,0,17,1,2,1.0734723806381226,0.55336594581604,-0.2089099884033203,0.6985611319541931,0.0
10,300,Free,0,17,1,3,0.9087534546852112,0.6023343205451965,-0.3494584560394287,0.6762593984603882,8.0
10,300,Free,0,18,0,0,2.0574395656585693,5.400031089782715,-1.1242024898529053,0.37074846029281616,24.0
10,300,Free,0,18,0,1,2.2886037826538086,4.699171543121338,-0.833695650100708,0.39919596910476685,16.0
10,300,Free,0,18,0,2,0.8605220317840576,3.848940372467041,-1.1796495914459229,0.3464311361312866,20.0
10,300,Free,0,18,0,3,1.8682355880737305,5.686677932739258,-1.1407110691070557,0.34602996706962585,21.0
10,300,Free,0,18,1,0,0.5973039865493774,2.1347591876983643,-0.46717363595962524,0.33272862434387207,22.0
10,300,Free,0,18,1,1,0.8682911992073059,1.987951397895813,-0.5497360825538635,0.41633474826812744,41.0
10,300,Free,0,18,1,2,0.6621173024177551,2.4240529537200928,-0.5346412658691406,0.33052217960357666,20.0
10,300,Free,0,18,1,3,0.9024512767791748,1.8961464166641235,-0.5616174340248108,0.43570682406425476,36.0
10,300,Free,0,19,0,0,-0.7998606562614441,3.914604902267456,-3.53914475440979,0.4116816818714142,15.0
10,300,Free,0,19,0,1,-0.23441147804260254,3.7395474910736084,-3.5221140384674072,0.46785053610801697,17.0
10,300,Free,0,19,0,2,-0.06803834438323975,4.713747024536133,-3.4725229740142822,0.4193628430366516,21.0
10,300,Free,0,19,0,3,-0.33455634117126465,3.80582857131958,-3.575453042984009,0.45991531014442444,27.0
10,300,Free,0,19,1,0,1.6661111116409302,2.997666120529175,-0.1089932918548584,0.3719232678413391,15.0
10,300,Free,0,19,1,1,2.016334056854248,3.427337169647217,-0.0920647382736206,0.3808705508708954,28.0
10,300,Free,0,19,1,2,2.0365049839019775,2.8942277431488037,-0.03692507743835449,0.41738584637641907,34.0
10,300,Free,0,19,1,3,1.9346702098846436,4.087892055511475,-0.17648446559906006,0.3405611515045166,31.0
10,300,Free,0,20,0,0,1.5388593673706055,1.8119935989379883,0.5396165251731873,0.3554460108280182,24.0
10,300,Free,0,20,0,1,1.2430931329727173,2.243138074874878,0.6361182928085327,0.21296517550945282,11.0
10,300,Free,0,20,0,2,1.1971702575683594,2.1975014209747314,0.5736623406410217,0.22102297842502594,16.0
10,300,Free,0,20,0,3,1.2077268362045288,2.118300199508667,0.5720915198326111,0.23080980777740479,21.0
10,300,Free,0,20,1,0,0.8784558773040771,3.1988062858581543,0.07892680168151855,0.1999654769897461,19.0
10,300,Free,0,20,1,1,1.2539275884628296,3.4911937713623047,0.0553593635559082,0.2555712163448334,15.0
10,300,Free,0,20,1,2,0.9377898573875427,3.0645229816436768,0.07242089509963989,0.22020171582698822,8.0
10,300,Free,0,20,1,3,1.259364366531372,2.2139220237731934,0.028470754623413086,0.357317715883255,19.0
10,300,Free,0,21,0,0,-0.9545227289199829,1.033099889755249,-1.9078317880630493,0.4799157977104187,14.0
10,300,Free,0,21,0,1,-0.7674684524536133,1.1164147853851318,-1.9568769931793213,0.5158281326293945,12.0
10,300,Free,0,21,0,2,-0.6687464714050293,0.8858253359794617,-1.882572889328003,0.5781084299087524,9.0
10,300,Free,0,21,0,3,-1.2033295631408691,1.0013947486877441,-1.9605928659439087,0.43059155344963074,16.0
10,300,Free,0,21,1,0,2.3502233028411865,1.0652645826339722,1.3869246244430542,0.47486746311187744,0.0
10,300,Free,0,21,1,1,2.678206443786621,1.13417387008667,1.2697221040725708,0.5539416670799255,13.0
10,300,Free,0,21,1,2,2.6719472408294678,1.0954426527023315,1.2795791625976562,0.5596760511398315,12.0
10,300,Free,0,21,1,3,1.9937427043914795,1.2177619934082031,1.2647826671600342,0.37445512413978577,8.0
10,300,Free,0,22,0,0,1.084089994430542,3.0738494396209717,-1.1594995260238647,0.4219304621219635,8.0
10,300,Free,0,22,0,1,1.470184087753296,3.474532127380371,-1.6912494897842407,0.476408988237381,20.0
10,300,Free,0,22,0,2,2.1151812076568604,3.56778883934021,-1.4054186344146729,0.4966713786125183,19.0
10,300,Free,0,22,0,3,0.8042654991149902,3.4694597721099854,-1.7379839420318604,0.42288297414779663,26.0
10,300,Free,0,22,1,0,4.224003791809082,2.072399377822876,1.8690557479858398,0.5319094657897949,16.0
10,300,Free,0,22,1,1,3.732542037963867,1.918241262435913,1.854832649230957,0.4946611523628235,16.0
10,300,Free,0,22,1,2,4.045731544494629,1.7496873140335083,2.201197862625122,0.5131942629814148,18.0
10,300,Free,0,22,1,3,3.6509201526641846,2.221053123474121,1.8836712837219238,0.44310811161994934,22.0
10,300,Free,0,23,0,0,1.1278386116027832,3.223788022994995,-0.7987116575241089,0.3740628659725189,17.0
10,300,Free,0,23,0,1,1.8352231979370117,3.4228358268737793,-0.1674838662147522,0.3691256642341614,17.0
10,300,Free,0,23,0,2,2.146632432937622,3.2154321670532227,-0.4035918116569519,0.44231292605400085,11.0
10,300,Free,0,23,0,3,2.005988359451294,3.3169097900390625,-0.8128047585487366,0.45940834283828735,22.0
10,300,Free,0,23,1,0,3.89512300491333,4.067583084106445,1.0237823724746704,0.41380202770233154,41.0
10,300,Free,0,23,1,1,2.9098620414733887,4.301684856414795,1.0438120365142822,0.3025502860546112,18.0
10,300,Free,0,23,1,2,3.5598556995391846,3.7384350299835205,0.9351308345794678,0.41248762607574463,31.0
10,300,Free,0,23,1,3,3.027961492538452,4.018160820007324,0.8251343965530396,0.354095995426178,42.0
10,300,Free,0,24,0,0,1.2180602550506592,19.9991455078125,-1.0285718441009521,0.1009913980960846,29.0
10,300,Free,0,24,0,1,1.988248348236084,19.893951416015625,-1.0638164281845093,0.1330106556415558,14.0
10,300,Free,0,24,0,2,1.1994569301605225,21.650814056396484,-1.0629932880401611,0.09461069107055664,24.0
10,300,Free,0,24,0,3,1.112743616104126,18.352603912353516,-0.9277086853981018,0.1000562235713005,23.0
10,300,Free,0,24,1,0,2.2016756534576416,13.285648345947266,-0.7812875509262085,0.18335695564746857,27.0
10,300,Free,0,24,1,1,1.6673555374145508,17.190872192382812,-0.8391422629356384,0.12725038826465607,16.0
10,300,Free,0,24,1,2,0.889106273651123,14.275749206542969,-0.8921177983283997,0.11093150079250336,24.0
10,300,Free,0,24,1,3,1.5734436511993408,18.04534149169922,-0.88752281665802,0.12001022696495056,9.0
10,300,Free,0,25,0,0,2.7554595470428467,18.614032745361328,-1.2375876903533936,0.17662817239761353,27.0
10,300,Free,0,25,0,1,2.9436023235321045,18.46539878845215,-1.2111607789993286,0.18367521464824677,23.0
10,300,Free,0,25,0,2,1.0462009906768799,19.813798904418945,-1.3647656440734863,0.10848107933998108,30.0
10,300,Free,0,25,0,3,1.6983835697174072,17.79665184020996,-1.4678868055343628,0.15104146301746368,34.0
10,300,Free,0,25,1,0,1.131813645362854,4.80251407623291,-0.024046286940574646,0.19398915767669678,28.0
10,300,Free,0,25,1,1,0.645761251449585,4.164358139038086,-0.07047222554683685,0.14675137400627136,32.0
10,300,Free,0,25,1,2,1.5584734678268433,5.0929765701293945,-0.10696381330490112,0.24642427265644073,33.0
10,300,Free,0,25,1,3,0.7793365716934204,4.8446760177612305,-0.07071921229362488,0.14927054941654205,31.0
10,300,Free,0,26,0,0,1.7458980083465576,19.861568450927734,-0.657640814781189,0.10795091092586517,38.0
10,300,Free,0,26,0,1,3.0751731395721436,20.311912536621094,-0.5399803519248962,0.15109054744243622,24.0
10,300,Free,0,26,0,2,4.076772689819336,25.681049346923828,-0.7076740264892578,0.15704475343227386,22.0
10,300,Free,0,26,0,3,6.7130889892578125,22.915422439575195,-0.6653609871864319,0.24356244504451752,38.0
10,300,Free,0,26,1,0,5.27493953704834,18.09007453918457,2.482738971710205,0.13371151685714722,32.0
10,300,Free,0,26,1,1,5.842391014099121,17.442798614501953,2.4382972717285156,0.16329023241996765,37.0
10,300,Free,0,26,1,2,6.490065574645996,15.824874877929688,2.562497615814209,0.19883961975574493,27.0
10,300,Free,0,26,1,3,5.711503505706787,15.825979232788086,2.441930055618286,0.17122173309326172,37.0
10,300,Free,0,27,0,0,7.587168216705322,20.76448631286621,1.6320233345031738,0.22287528216838837,27.0
10,300,Free,0,27,0,1,7.272269248962402,22.46830940246582,1.6261532306671143,0.20082630217075348,36.0
10,300,Free,0,27,0,2,6.503210067749023,19.827667236328125,1.5924277305603027,0.19850808382034302,25.0
10,300,Free,0,27,0,3,5.173687934875488,21.403400421142578,1.7435166835784912,0.13812637329101562,26.0
10,300,Free,0,27,1,0,1.1392803192138672,21.915464401245117,-1.1224727630615234,0.09354893863201141,14.0
10,300,Free,0,27,1,1,1.9025976657867432,27.26332664489746,-1.002622127532959,0.09629963338375092,21.0
10,300,Free,0,27,1,2,4.048653602600098,23.60694694519043,-1.0296711921691895,0.17703595757484436,14.0
10,300,Free,0,27,1,3,1.312709093093872,26.8948917388916,-1.0138741731643677,0.07961896061897278,12.0
10,300,Free,0,28,0,0,1.9580254554748535,14.028573036193848,0.14911150932312012,0.11421723663806915,22.0
10,300,Free,0,28,0,1,2.3522112369537354,13.173300743103027,0.1811780333518982,0.14148761332035065,33.0
10,300,Free,0,28,0,2,1.9371023178100586,9.478948593139648,0.13786068558692932,0.1595328450202942,27.0
10,300,Free,0,28,0,3,4.131128311157227,12.63263988494873,0.25618547201156616,0.23473715782165527,36.0
10,300,Free,0,28,1,0,6.538698196411133,32.20461654663086,1.9362353086471558,0.1250428706407547,20.0
10,300,Free,0,28,1,1,7.775276184082031,37.03776931762695,1.9231112003326416,0.13644611835479736,21.0
10,300,Free,0,28,1,2,7.937792778015137,34.81279373168945,1.8604280948638916,0.14862659573554993,28.0
10,300,Free,0,28,1,3,8.4398775100708,37.436767578125,1.9237639904022217,0.14825224876403809,15.0
10,300,Free,0,29,0,0,10.487503051757812,36.55092239379883,0.251797080039978,0.21877418458461761,33.0
10,300,Free,0,29,0,1,11.846153259277344,44.51564407348633,0.5352127552032471,0.20260849595069885,23.0
10,300,Free,0,29,0,2,13.434906959533691,46.436256408691406,0.44632720947265625,0.21857158839702606,26.0
10,300,Free,0,29,0,3,9.178278923034668,41.84104537963867,0.17934072017669678,0.17700514197349548,44.0
10,300,Free,0,29,1,0,16.84819221496582,75.05422973632812,2.8858304023742676,0.15685123205184937,22.0
10,300,Free,0,29,1,1,25.036561965942383,68.05510711669922,2.8728842735290527,0.24566587805747986,32.0
10,300,Free,0,29,1,2,10.943923950195312,55.90595245361328,2.9841442108154297,0.12463302165269852,36.0
10,300,Free,0,29,1,3,13.07924747467041,71.41150665283203,2.660921573638916,0.12731696665287018,22.0
10,300,Free,0,30,0,0,1.150890588760376,9.68681526184082,-0.5128123164176941,0.14657506346702576,16.0
10,300,Free,0,30,0,1,1.174349308013916,9.295223236083984,-0.5048836469650269,0.15301287174224854,25.0
10,300,Free,0,30,0,2,1.5830059051513672,7.899196147918701,-0.5284919142723083,0.21092422306537628,25.0
10,300,Free,0,30,0,3,1.6219593286514282,10.09830093383789,-0.4610910415649414,0.17100322246551514,29.0
10,300,Free,0,30,1,0,1.4697495698928833,6.5464043617248535,-0.036088377237319946,0.18700851500034332,21.0
10,300,Free,0,30,1,1,3.1597254276275635,7.314655780792236,-0.07183438539505005,0.30641889572143555,22.0
10,300,Free,0,30,1,2,1.2628861665725708,5.703882217407227,-0.10750997066497803,0.19371531903743744,15.0
10,300,Free,0,30,1,3,1.486115574836731,8.569321632385254,-0.1265386939048767,0.15838323533535004,23.0
10,300,Free,0,31,0,0,5.127323627471924,37.23080062866211,-0.2556018829345703,0.1263190507888794,13.0
10,300,Free,0,31,0,1,10.879652976989746,27.553869247436523,-0.22964119911193848,0.2873353660106659,11.0
10,300,Free,0,31,0,2,7.691391468048096,40.96746063232422,0.06734681129455566,0.1569007784128189,11.0
10,300,Free,0,31,0,3,8.042566299438477,43.152713775634766,-0.05516231060028076,0.1580030918121338,15.0
10,300,Free,0,31,1,0,1.9473530054092407,3.0002994537353516,0.8402811288833618,0.2695329487323761,32.0
10,300,Free,0,31,1,1,1.941079020500183,3.1561524868011475,0.8291903138160706,0.2605150043964386,38.0
10,300,Free,0,31,1,2,2.2850093841552734,4.998716354370117,0.8563583493232727,0.2222762405872345,31.0
10,300,Free,0,31,1,3,2.4144582748413086,2.887760877609253,0.8103218674659729,0.35711780190467834,38.0
10,300,Free,0,32,0,0,0.7867201566696167,4.568450450897217,-0.43533003330230713,0.21104395389556885,22.0
10,300,Free,0,32,0,1,0.9264378547668457,3.746638298034668,-0.5104494094848633,0.2772027254104614,19.0
10,300,Free,0,32,0,2,0.34475409984588623,3.792772054672241,-0.49232059717178345,0.18079964816570282,25.0
10,300,Free,0,32,0,3,0.4049075245857239,4.436331272125244,-0.5021145343780518,0.1697477102279663,34.0
10,300,Free,0,32,1,0,6.655295372009277,11.41203498840332,1.1561477184295654,0.3251781761646271,33.0
10,300,Free,0,32,1,1,4.891436576843262,10.115946769714355,1.1907249689102173,0.26784420013427734,27.0
10,300,Free,0,32,1,2,5.0110673904418945,11.334038734436035,1.3998191356658936,0.24163123965263367,30.0
10,300,Free,0,32,1,3,4.86944580078125,10.4777193069458,1.4874701499938965,0.2440151423215866,27.0
10,300,Free,0,33,0,0,15.372878074645996,47.50862121582031,0.9155800938606262,0.2333104908466339,22.0
10,300,Free,0,33,0,1,5.1495561599731445,41.00923538208008,1.321512222290039,0.08537636697292328,19.0
10,300,Free,0,33,0,2,7.830560684204102,44.12315368652344,1.615228295326233,0.12347078323364258,22.0
10,300,Free,0,33,0,3,6.775330543518066,36.0731086730957,1.675162672996521,0.12387081980705261,18.0
10,300,Free,0,33,1,0,2.465264320373535,12.758842468261719,-1.819872260093689,0.2514164447784424,33.0
10,300,Free,0,33,1,1,2.334282398223877,13.586790084838867,-1.7828383445739746,0.23255430161952972,28.0
10,300,Free,0,33,1,2,1.0363285541534424,14.209901809692383,-1.8278700113296509,0.16775107383728027,31.0
10,300,Free,0,33,1,3,1.1109821796417236,13.05997085571289,-1.8073151111602783,0.1826416552066803,29.0
10,300,Free,0,34,0,0,4.233306884765625,14.216636657714844,-1.0334097146987915,0.27031880617141724,32.0
10,300,Free,0,34,0,1,2.38185453414917,11.633441925048828,-0.7356007695198059,0.2113400399684906,21.0
10,300,Free,0,34,0,2,2.42242431640625,15.875792503356934,-0.9057095646858215,0.17330487072467804,30.0
10,300,Free,0,34,0,3,2.2497718334198,16.218679428100586,-0.9294136762619019,0.16389356553554535,31.0
10,300,Free,0,34,1,0,4.268415451049805,25.835041046142578,-0.8409874439239502,0.1651153564453125,33.0
10,300,Free,0,34,1,1,4.905839920043945,25.303985595703125,-0.7814701199531555,0.18351314961910248,32.0
10,300,Free,0,34,1,2,5.435975074768066,23.17995834350586,-0.7954401969909668,0.211870938539505,30.0
10,300,Free,0,34,1,3,6.690471649169922,30.96977996826172,-0.7755203247070312,0.19424591958522797,22.0
10,300,Free,0,35,0,0,5.209332466125488,15.881688117980957,0.024004921317100525,0.24613487720489502,25.0
10,300,Free,0,35,0,1,6.200300216674805,16.615577697753906,0.061969876289367676,0.26977038383483887,25.0
10,300,Free,0,35,0,2,3.185370922088623,19.810720443725586,-0.0588015615940094,0.14071515202522278,24.0
10,300,Free,0,35,0,3,2.423672676086426,17.085668563842773,0.0002159327268600464,0.12422168999910355,19.0
10,300,Free,0,35,1,0,4.51176118850708,30.977210998535156,-2.1763079166412354,0.17756590247154236,34.0
10,300,Free,0,35,1,1,7.8090081214904785,36.77726745605469,-2.1382837295532227,0.21289214491844177,23.0
10,300,Free,0,35,1,2,1.3419907093048096,31.27500343322754,-2.3952596187591553,0.10674121230840683,29.0
10,300,Free,0,35,1,3,3.1452488899230957,27.49828338623047,-2.0024638175964355,0.15768280625343323,33.0
10,300,Free,1,0,0,0,2.2679688930511475,11.82174015045166,-1.2075101137161255,0.2271967977285385,1.0
10,300,Free,1,0,0,1,5.034171104431152,14.845271110534668,-1.2914221286773682,0.2987876534461975,3.0
10,300,Free,1,0,0,2,3.8116581439971924,13.685559272766113,-1.3051949739456177,0.2721381187438965,7.0
10,300,Free,1,0,0,3,7.163430213928223,11.625360488891602,-1.2351467609405518,0.4194268584251404,3.0
10,300,Free,1,0,1,0,3.93599009513855,14.068696022033691,0.23817066848278046,0.20813418924808502,8.0
10,300,Free,1,0,1,1,6.069940567016602,14.642848014831543,0.22896966338157654,0.2851504683494568,6.0
10,300,Free,1,0,1,2,6.943790912628174,12.701799392700195,0.28715062141418457,0.3438624143600464,6.0
10,300,Free,1,0,1,3,9.548397064208984,11.937596321105957,0.3094014525413513,0.4362834095954895,6.0
10,300,Free,1,1,0,0,7.635520935058594,19.00695037841797,0.02931523323059082,0.28580623865127563,8.0
10,300,Free,1,1,0,1,6.1766204833984375,18.4344482421875,-0.16783998906612396,0.2560427784919739,3.0
10,300,Free,1,1,0,2,5.763267517089844,21.7180233001709,-0.11603792011737823,0.21303892135620117,13.0
10,300,Free,1,1,0,3,6.456876754760742,16.19300651550293,-0.0502665638923645,0.2866564095020294,10.0
10,300,Free,1,1,1,0,2.335392713546753,10.562820434570312,-1.0508397817611694,0.2427571564912796,6.0
10,300,Free,1,1,1,1,1.5264136791229248,12.16151237487793,-1.041265606880188,0.1743258833885193,8.0
10,300,Free,1,1,1,2,4.612424373626709,9.635614395141602,-0.8547646999359131,0.3619982898235321,2.0
10,300,Free,1,1,1,3,1.8842339515686035,12.697186470031738,-0.9845548868179321,0.18429867923259735,2.0
10,300,Free,1,2,0,0,4.034210681915283,9.067359924316406,0.49470826983451843,0.2807599902153015,4.0
10,300,Free,1,2,0,1,3.544769525527954,9.081778526306152,0.5062929391860962,0.2506940960884094,11.0
10,300,Free,1,2,0,2,3.10897159576416,6.730748176574707,0.4839991331100464,0.2805740535259247,3.0
10,300,Free,1,2,0,3,3.8043501377105713,7.621448040008545,0.48324477672576904,0.30350369215011597,4.0
10,300,Free,1,2,1,0,-0.6089819669723511,3.2905843257904053,-1.5688050985336304,0.22581909596920013,0.0
10,300,Free,1,2,1,1,-0.3818037509918213,3.5165250301361084,-1.5681403875350952,0.25225844979286194,6.0
10,300,Free,1,2,1,2,-0.8507099151611328,3.493637800216675,-1.527438998222351,0.16227087378501892,12.0
10,300,Free,1,2,1,3,-0.35127031803131104,3.3928210735321045,-1.5862584114074707,0.2668623626232147,0.0
10,300,Free,1,3,0,0,8.747306823730469,57.045223236083984,-0.6579054594039917,0.14153726398944855,9.0
10,300,Free,1,3,0,1,10.961677551269531,54.24296569824219,-0.613831639289856,0.17587020993232727,5.0
10,300,Free,1,3,0,2,5.622751235961914,63.07462692260742,-1.0004857778549194,0.09502783417701721,7.0
10,300,Free,1,3,0,3,3.7419629096984863,65.25331115722656,-0.5017690062522888,0.0610634908080101,8.0
10,300,Free,1,3,1,0,3.6537399291992188,38.79066467285156,-0.6348549127578735,0.099551260471344,5.0
10,300,Free,1,3,1,1,6.251707077026367,41.01445388793945,-0.6554195880889893,0.14413395524024963,15.0
10,300,Free,1,3,1,2,6.298340320587158,44.17965316772461,-0.5860873460769653,0.1348193734884262,10.0
10,300,Free,1,3,1,3,7.783202648162842,39.42127990722656,-0.8141329288482666,0.17904171347618103,4.0
10,300,Free,1,4,0,0,13.95925521850586,65.5726089477539,-0.4516183137893677,0.1801731139421463,3.0
10,300,Free,1,4,0,1,13.610875129699707,68.76663970947266,-0.6047524213790894,0.1713092178106308,3.0
10,300,Free,1,4,0,2,3.9369471073150635,59.869876861572266,-0.4257303476333618,0.06792003661394119,6.0
10,300,Free,1,4,0,3,9.09109115600586,64.3841552734375,-0.7013359069824219,0.13201506435871124,5.0
10,300,Free,1,4,1,0,20.808820724487305,74.04741668701172,2.383096933364868,0.1992548704147339,17.0
10,300,Free,1,4,1,1,22.008285522460938,87.42681121826172,2.5687570571899414,0.18190507590770721,20.0
10,300,Free,1,4,1,2,14.116765975952148,81.34860229492188,1.7162302732467651,0.1322735995054245,13.0
10,300,Free,1,4,1,3,22.09471893310547,85.51577758789062,2.0934197902679443,0.1895550936460495,21.0
10,300,Free,1,5,0,0,8.508004188537598,19.735069274902344,1.1353027820587158,0.27197742462158203,12.0
10,300,Free,1,5,0,1,2.9503579139709473,21.256322860717773,1.0925477743148804,0.08037550747394562,5.0
10,300,Free,1,5,0,2,3.5759880542755127,23.15340805053711,1.058777093887329,0.0980580523610115,6.0
10,300,Free,1,5,0,3,7.369424819946289,20.96527099609375,1.0768928527832031,0.23085249960422516,7.0
10,300,Free,1,5,1,0,10.367414474487305,26.95102882385254,1.230107069015503,0.2531927824020386,16.0
10,300,Free,1,5,1,1,7.098459720611572,29.578672409057617,1.1020734310150146,0.16855590045452118,20.0
10,300,Free,1,5,1,2,11.009040832519531,34.024444580078125,1.2903093099594116,0.22217708826065063,13.0
10,300,Free,1,5,1,3,7.985172271728516,40.83256149291992,1.2930039167404175,0.14081443846225739,18.0
10,300,Free,1,6,0,0,5.728719711303711,43.527557373046875,1.8621635437011719,0.08158304542303085,22.0
10,300,Free,1,6,0,1,12.327788352966309,37.8269157409668,2.012186288833618,0.21427218616008759,15.0
10,300,Free,1,6,0,2,7.614391326904297,50.190956115722656,1.9129035472869873,0.10200820118188858,9.0
10,300,Free,1,6,0,3,10.803177833557129,51.33708572387695,1.8392293453216553,0.1486532986164093,19.0
10,300,Free,1,6,1,0,7.399230003356934,27.168941497802734,1.9444693326950073,0.16720236837863922,5.0
10,300,Free,1,6,1,1,5.511938095092773,21.71776008605957,2.0035645961761475,0.13907693326473236,3.0
10,300,Free,1,6,1,2,8.344766616821289,26.013912200927734,2.0478463172912598,0.1948857307434082,4.0
10,300,Free,1,6,1,3,7.0901031494140625,25.93979263305664,2.0916316509246826,0.1615627557039261,12.0
10,300,Free,1,7,0,0,15.840670585632324,91.42963409423828,0.05772602558135986,0.1472116857767105,4.0
10,300,Free,1,7,0,1,9.295223236083984,135.906494140625,1.0862358808517456,0.05696117877960205,8.0
10,300,Free,1,7,0,2,16.280364990234375,132.57284545898438,0.5529972314834595,0.10605087876319885,11.0
10,300,Free,1,7,0,3,13.14706802368164,132.53753662109375,0.9443724155426025,0.08430755883455276,7.0
10,300,Free,1,7,1,0,12.34350872039795,87.3663330078125,0.44224268198013306,0.1198907420039177,6.0
10,300,Free,1,7,1,1,8.047371864318848,88.24000549316406,0.46723562479019165,0.07910796254873276,6.0
10,300,Free,1,7,1,2,9.658843040466309,71.56187438964844,0.765088677406311,0.11054234951734543,9.0
10,300,Free,1,7,1,3,4.453040599822998,88.39118957519531,0.6875885725021362,0.04085925593972206,1.0
10,300,Free,1,8,0,0,14.436029434204102,74.1715316772461,1.1780723333358765,0.15164171159267426,4.0
10,300,Free,1,8,0,1,9.519998550415039,64.14781188964844,1.1475235223770142,0.11545011401176453,4.0
10,300,Free,1,8,0,2,10.38569450378418,69.57491302490234,1.2843068838119507,0.11568144708871841,3.0
10,300,Free,1,8,0,3,12.538433074951172,77.30921173095703,1.0505861043930054,0.12937194108963013,4.0
10,300,Free,1,8,1,0,5.076621055603027,53.58987808227539,2.0616400241851807,0.053263645619153976,12.0
10,300,Free,1,8,1,1,13.001628875732422,57.54841232299805,2.1050186157226562,0.15920238196849823,11.0
10,300,Free,1,8,1,2,5.462606430053711,58.173095703125,2.2735884189605713,0.0519704706966877,14.0
10,300,Free,1,8,1,3,8.56061840057373,47.65164566040039,2.1199193000793457,0.11906859278678894,16.0
10,300,Free,1,9,0,0,6.361025810241699,37.67198181152344,2.278474807739258,0.09777504205703735,13.0
10,300,Free,1,9,0,1,5.245368957519531,28.640779495239258,2.3278210163116455,0.0924493819475174,10.0
10,300,Free,1,9,0,2,8.205345153808594,26.530519485473633,2.1243720054626465,0.18646718561649323,10.0
10,300,Free,1,9,0,3,7.341561317443848,31.882761001586914,2.055997371673584,0.1422061324119568,19.0
10,300,Free,1,9,1,0,1.6910037994384766,18.91800880432129,-0.2640034556388855,0.09366194158792496,8.0
10,300,Free,1,9,1,1,2.5803661346435547,19.882471084594727,-0.27089396119117737,0.12541981041431427,4.0
10,300,Free,1,9,1,2,1.8790462017059326,14.942761421203613,-0.3496606647968292,0.1297912746667862,5.0
10,300,Free,1,9,1,3,2.0222349166870117,16.865459442138672,-0.2954966723918915,0.12082096934318542,2.0
10,300,Free,1,10,0,0,4.635131359100342,34.08872985839844,1.1675293445587158,0.0923306867480278,9.0
10,300,Free,1,10,0,1,5.566490650177002,34.93341064453125,0.4638146162033081,0.12745191156864166,14.0
10,300,Free,1,10,0,2,6.719289302825928,26.499113082885742,1.2873433828353882,0.17011480033397675,9.0
10,300,Free,1,10,0,3,5.558331489562988,29.624282836914062,1.1516040563583374,0.12949152290821075,11.0
10,300,Free,1,10,1,0,2.7333998680114746,7.742902755737305,1.3751848936080933,0.1492360681295395,18.0
10,300,Free,1,10,1,1,2.403266191482544,8.418312072753906,1.3667497634887695,0.10962826013565063,19.0
10,300,Free,1,10,1,2,3.131481885910034,8.900960922241211,1.4169083833694458,0.1615155190229416,19.0
10,300,Free,1,10,1,3,2.661114454269409,7.274806022644043,1.3863850831985474,0.14909924566745758,8.0
10,300,Free,1,11,0,0,4.306395053863525,8.673473358154297,1.5369641780853271,0.24202167987823486,32.0
10,300,Free,1,11,0,1,2.9742050170898438,9.273470878601074,1.5489524602890015,0.13321706652641296,25.0
10,300,Free,1,11,0,2,2.991093635559082,7.563910007476807,1.4938628673553467,0.1652364432811737,32.0
10,300,Free,1,11,0,3,3.312641143798828,8.483460426330566,1.5513877868652344,0.17191825807094574,18.0
10,300,Free,1,11,1,0,9.693161010742188,66.25211334228516,3.6054842472076416,0.0841539204120636,4.0
10,300,Free,1,11,1,1,10.573522567749023,56.25278091430664,2.324537992477417,0.12788772583007812,6.0
10,300,Free,1,11,1,2,9.13522720336914,62.57530975341797,3.4796645641326904,0.08288861811161041,5.0
10,300,Free,1,11,1,3,12.479467391967773,54.468040466308594,3.0911924839019775,0.14702185988426208,2.0
10,300,Free,1,12,0,0,-0.8903303146362305,0.28782162070274353,-1.0899056196212769,0.4094718396663666,6.0
10,300,Free,1,12,0,1,-0.6017447710037231,0.2813394069671631,-1.116951584815979,0.6468008756637573,6.0
10,300,Free,1,12,0,2,-0.6532570123672485,0.26996925473213196,-1.100064754486084,0.6233566999435425,7.0
10,300,Free,1,12,0,3,-0.7881351113319397,0.2647116482257843,-1.1177926063537598,0.5546342730522156,0.0
10,300,Free,1,12,1,0,1.0020089149475098,0.7656257152557373,0.12851464748382568,0.5329043865203857,0.0
10,300,Free,1,12,1,1,1.0417331457138062,0.7394049167633057,0.31515592336654663,0.4956248998641968,6.0
10,300,Free,1,12,1,2,1.0915268659591675,0.7372391223907471,0.31059980392456055,0.514388382434845,0.0
10,300,Free,1,12,1,3,0.9171763062477112,0.7400853633880615,0.19988565146923065,0.4921795427799225,0.0
10,300,Free,1,13,0,0,-0.1749534010887146,0.8953631520271301,-0.9912707805633545,0.47690990567207336,1.0
10,300,Free,1,13,0,1,-0.049948811531066895,0.9690224528312683,-1.0682268142700195,0.5123925805091858,0.0
10,300,Free,1,13,0,2,-0.12355327606201172,0.7816433310508728,-0.7860212326049805,0.45873746275901794,2.0
10,300,Free,1,13,0,3,0.31238508224487305,0.9389973282814026,-0.9981395602226257,0.5825791954994202,2.0
10,300,Free,1,13,1,0,2.5626068115234375,0.8401804566383362,1.551878809928894,0.5460713505744934,3.0
10,300,Free,1,13,1,1,2.669163703918457,1.0516456365585327,1.5538620948791504,0.5146879553794861,9.0
10,300,Free,1,13,1,2,2.670304298400879,0.9727781414985657,1.278154730796814,0.588664710521698,33.0
10,300,Free,1,13,1,3,2.646775960922241,0.7813584208488464,1.512601613998413,0.5920934081077576,7.0
10,300,Free,1,14,0,0,1.966110348701477,1.661026954650879,0.800000011920929,0.41247034072875977,26.0
10,300,Free,1,14,0,1,1.9601752758026123,1.6405702829360962,0.28698408603668213,0.5049220323562622,5.0
10,300,Free,1,14,0,2,1.7663111686706543,1.592430591583252,0.36925381422042847,0.46732330322265625,8.0
10,300,Free,1,14,0,3,1.822403073310852,1.6196177005767822,0.5704410076141357,0.43598371744155884,28.0
10,300,Free,1,14,1,0,2.1795055866241455,0.9225497841835022,1.3341059684753418,0.4781808853149414,11.0
10,300,Free,1,14,1,1,2.1454224586486816,0.9076775312423706,1.0452947616577148,0.5479255318641663,7.0
10,300,Free,1,14,1,2,2.1921427249908447,0.9681515693664551,1.1439990997314453,0.5198363661766052,9.0
10,300,Free,1,14,1,3,2.4827680587768555,1.0948086977005005,1.0841529369354248,0.5609215497970581,14.0
10,300,Free,1,15,0,0,0.16370919346809387,0.721541702747345,-1.54746675491333,0.7034009695053101,0.0
10,300,Free,1,15,0,1,0.7767410278320312,0.5983311533927917,-1.6014957427978516,0.7989861965179443,0.0
10,300,Free,1,15,0,2,0.20063257217407227,0.6658856868743896,-1.4023884534835815,0.7065169215202332,0.0
10,300,Free,1,15,0,3,0.37399783730506897,0.628627359867096,-1.4584243297576904,0.7445694208145142,2.0
10,300,Free,1,15,1,0,-0.7878379821777344,0.2807745635509491,-1.822028636932373,0.7864776253700256,1.0
10,300,Free,1,15,1,1,-0.5688977837562561,0.29486554861068726,-1.8414162397384644,0.8118740916252136,1.0
10,300,Free,1,15,1,2,-0.7006974816322327,0.2805940806865692,-1.7282931804656982,0.7855096459388733,2.0
10,300,Free,1,15,1,3,-1.2434916496276855,0.3605606257915497,-1.951359510421753,0.6625317931175232,0.0
10,300,Free,1,16,0,0,1.3741223812103271,0.6094581484794617,-0.47759997844696045,0.7523716688156128,9.0
10,300,Free,1,16,0,1,1.6267203092575073,0.5754578113555908,-0.5355730056762695,0.7898063659667969,7.0
10,300,Free,1,16,0,2,0.808657705783844,0.5423218607902527,-0.49510765075683594,0.7062317132949829,17.0
10,300,Free,1,16,0,3,1.205312728881836,0.6808120608329773,-0.5101940631866455,0.7158925533294678,5.0
10,300,Free,1,16,1,0,-1.644722580909729,0.4266335666179657,-2.743119239807129,0.7202458381652832,3.0
10,300,Free,1,16,1,1,-1.5522434711456299,0.3646649420261383,-2.6634554862976074,0.7529164552688599,1.0
10,300,Free,1,16,1,2,-1.519033432006836,0.39076918363571167,-2.7840662002563477,0.7640000581741333,0.0
10,300,Free,1,16,1,3,-1.5743838548660278,0.4310900866985321,-2.750119686126709,0.7317132353782654,1.0
10,300,Free,1,17,0,0,0.8798058032989502,1.6503748893737793,-1.4528982639312744,0.58565354347229,6.0
10,300,Free,1,17,0,1,0.6461324691772461,1.726638913154602,-1.9333291053771973,0.5990248918533325,3.0
10,300,Free,1,17,0,2,0.258064866065979,1.4825665950775146,-1.7471020221710205,0.5749197602272034,7.0
10,300,Free,1,17,0,3,0.672527551651001,1.6912704706192017,-1.658909797668457,0.5795691609382629,2.0
10,300,Free,1,17,1,0,1.2479865550994873,0.4988683760166168,-0.1881728172302246,0.7421905994415283,0.0
10,300,Free,1,17,1,1,1.0138627290725708,0.4664134979248047,-0.11255717277526855,0.7071799635887146,1.0
10,300,Free,1,17,1,2,1.0734723806381226,0.55336594581604,-0.2089099884033203,0.6985611319541931,0.0
10,300,Free,1,17,1,3,0.9087534546852112,0.6023343205451965,-0.20420551300048828,0.6488447189331055,1.0
10,300,Free,1,18,0,0,2.0574395656585693,5.400031089782715,-0.9901752471923828,0.3607649505138397,17.0
10,300,Free,1,18,0,1,2.2886037826538086,4.699171543121338,-0.8275034427642822,0.3987199068069458,27.0
10,300,Free,1,18,0,2,0.8605220317840576,3.848940372467041,-1.1456758975982666,0.34263888001441956,20.0
10,300,Free,1,18,0,3,1.8682355880737305,5.686677932739258,-1.1332271099090576,0.34546661376953125,18.0
10,300,Free,1,18,1,0,0.5973039865493774,2.1347591876983643,-0.4046509861946106,0.3194282054901123,9.0
10,300,Free,1,18,1,1,0.8682911992073059,1.987951397895813,-0.5207264423370361,0.4113208055496216,18.0
10,300,Free,1,18,1,2,0.6621173024177551,2.4240529537200928,-0.5235263109207153,0.32846078276634216,1.0
10,300,Free,1,18,1,3,0.9024512767791748,1.8961464166641235,-0.5278308987617493,0.42997533082962036,9.0
10,300,Free,1,19,0,0,-0.7998606562614441,3.914604902267456,-3.5861802101135254,0.4158112108707428,9.0
10,300,Free,1,19,0,1,-0.23441147804260254,3.7395474910736084,-3.5158936977386475,0.46737903356552124,20.0
10,300,Free,1,19,0,2,-0.06803834438323975,4.713747024536133,-3.524449586868286,0.42305317521095276,15.0
10,300,Free,1,19,0,3,-0.33455634117126465,3.80582857131958,-3.61745285987854,0.46311524510383606,11.0
10,300,Free,1,19,1,0,1.6661111116409302,2.997666120529175,-0.20287513732910156,0.38403940200805664,3.0
10,300,Free,1,19,1,1,2.016334056854248,3.427337169647217,0.21926450729370117,0.34397581219673157,6.0
10,300,Free,1,19,1,2,2.0365049839019775,2.8942277431488037,-0.11456120014190674,0.42635104060173035,9.0
10,300,Free,1,19,1,3,1.9346702098846436,4.087892055511475,0.0861731767654419,0.31138408184051514,13.0
10,300,Free,1,20,0,0,1.5388593673706055,1.8119935989379883,0.6098765134811401,0.33892402052879333,4.0
10,300,Free,1,20,0,1,1.2430931329727173,2.243138074874878,0.5881086587905884,0.226003035902977,6.0
10,300,Free,1,20,0,2,1.1971702575683594,2.1975014209747314,0.665621280670166,0.194774329662323,7.0
10,300,Free,1,20,0,3,1.2077268362045288,2.118300199508667,0.6506454944610596,0.20822501182556152,4.0
10,300,Free,1,20,1,0,0.8784558773040771,3.1988062858581543,0.0770653486251831,0.20033778250217438,7.0
10,300,Free,1,20,1,1,1.2539275884628296,3.4911937713623047,0.04428035020828247,0.2573257088661194,8.0
10,300,Free,1,20,1,2,0.9377898573875427,3.0645229816436768,0.12940984964370728,0.208727166056633,2.0
10,300,Free,1,20,1,3,1.259364366531372,2.2139220237731934,0.09368008375167847,0.3449171781539917,11.0
10,300,Free,1,21,0,0,-0.9545227289199829,1.033099889755249,-1.9100022315979004,0.4804834723472595,2.0
10,300,Free,1,21,0,1,-0.7674684524536133,1.1164147853851318,-1.943972110748291,0.513103187084198,3.0
10,300,Free,1,21,0,2,-0.6687464714050293,0.8858253359794617,-1.907673716545105,0.583092451095581,2.0
10,300,Free,1,21,0,3,-1.2033295631408691,1.0013947486877441,-1.939144492149353,0.4235613942146301,1.0
10,300,Free,1,21,1,0,2.3502233028411865,1.0652645826339722,1.3869246244430542,0.47486746311187744,0.0
10,300,Free,1,21,1,1,2.678206443786621,1.13417387008667,1.2994670867919922,0.5486617684364319,2.0
10,300,Free,1,21,1,2,2.6719472408294678,1.0954426527023315,1.298258900642395,0.5563448071479797,1.0
10,300,Free,1,21,1,3,1.9937427043914795,1.2177619934082031,1.2430437803268433,0.3813633918762207,3.0
10,300,Free,1,22,0,0,1.084089994430542,3.0738494396209717,-1.2721797227859497,0.433925986289978,3.0
10,300,Free,1,22,0,1,1.470184087753296,3.474532127380371,-1.6160550117492676,0.47040796279907227,7.0
10,300,Free,1,22,0,2,2.1151812076568604,3.56778883934021,-1.2787442207336426,0.48751288652420044,8.0
10,300,Free,1,22,0,3,0.8042654991149902,3.4694597721099854,-1.0248199701309204,0.3452052175998688,2.0
10,300,Free,1,22,1,0,4.224003791809082,2.072399377822876,1.8801078796386719,0.5307380557060242,2.0
10,300,Free,1,22,1,1,3.732542037963867,1.918241262435913,1.9285993576049805,0.4846462905406952,3.0
10,300,Free,1,22,1,2,4.045731544494629,1.7496873140335083,2.230210781097412,0.509232759475708,6.0
10,300,Free,1,22,1,3,3.6509201526641846,2.221053123474121,1.9875333309173584,0.42821791768074036,0.0
10,300,Free,1,23,0,0,1.1278386116027832,3.223788022994995,-0.8032531142234802,0.37461429834365845,2.0
10,300,Free,1,23,0,1,1.8352231979370117,3.4228358268737793,-0.4492591321468353,0.4002724587917328,22.0
10,300,Free,1,23,0,2,2.146632432937622,3.2154321670532227,-0.4167618751525879,0.4435838758945465,15.0
10,300,Free,1,23,0,3,2.005988359451294,3.3169097900390625,-0.7960793972015381,0.4579307436943054,14.0
10,300,Free,1,23,1,0,3.89512300491333,4.067583084106445,0.9645489454269409,0.418763667345047,10.0
10,300,Free,1,23,1,1,2.9098620414733887,4.301684856414795,1.655218243598938,0.22580444812774658,4.0
10,300,Free,1,23,1,2,3.5598556995391846,3.7384350299835205,1.2511240243911743,0.38178732991218567,9.0
10,300,Free,1,23,1,3,3.027961492538452,4.018160820007324,0.9262663125991821,0.3434222936630249,5.0
10,300,Free,1,24,0,0,1.2180602550506592,19.9991455078125,-0.9128345251083374,0.09628968685865402,9.0
10,300,Free,1,24,0,1,1.988248348236084,19.893951416015625,-1.1648410558700562,0.1368110328912735,11.0
10,300,Free,1,24,0,2,1.1994569301605225,21.650814056396484,-0.8667588829994202,0.08711950480937958,8.0
10,300,Free,1,24,0,3,1.112743616104126,18.352603912353516,-1.0727524757385254,0.10641179978847504,5.0
10,300,Free,1,24,1,0,2.2016756534576416,13.285648345947266,-0.7586232423782349,0.18221768736839294,5.0
10,300,Free,1,24,1,1,1.6673555374145508,17.190872192382812,-0.7604818940162659,0.12375112622976303,2.0
10,300,Free,1,24,1,2,0.889106273651123,14.275749206542969,-0.8314253687858582,0.1075582355260849,6.0
10,300,Free,1,24,1,3,1.5734436511993408,18.04534149169922,-0.8553415536880493,0.11862705647945404,8.0
10,300,Free,1,25,0,0,2.7554595470428467,18.614032745361328,-1.411724328994751,0.18292191624641418,8.0
10,300,Free,1,25,0,1,2.9436023235321045,18.46539878845215,-1.425136685371399,0.1913248896598816,5.0
10,300,Free,1,25,0,2,1.0462009906768799,19.813798904418945,-1.4265462160110474,0.1109524667263031,7.0
10,300,Free,1,25,0,3,1.6983835697174072,17.79665184020996,-1.3524463176727295,0.14634044468402863,4.0
10,300,Free,1,25,1,0,1.131813645362854,4.80251407623291,-0.04884953796863556,0.19733048975467682,14.0
10,300,Free,1,25,1,1,0.645761251449585,4.164358139038086,0.0028672367334365845,0.13373419642448425,10.0
10,300,Free,1,25,1,2,1.5584734678268433,5.0929765701293945,-0.06481114029884338,0.24169468879699707,21.0
10,300,Free,1,25,1,3,0.7793365716934204,4.8446760177612305,-0.04119811952114105,0.14483745396137238,24.0
10,300,Free,1,26,0,0,1.7458980083465576,19.861568450927734,-0.536691427230835,0.10307862609624863,6.0
10,300,Free,1,26,0,1,3.0751731395721436,20.311912536621094,-0.5383376479148865,0.15103226900100708,12.0
10,300,Free,1,26,0,2,4.076772689819336,25.681049346923828,-0.4192296266555786,0.14898745715618134,7.0
10,300,Free,1,26,0,3,6.7130889892578125,22.915422439575195,-0.35983800888061523,0.2358558177947998,13.0
10,300,Free,1,26,1,0,5.27493953704834,18.09007453918457,2.5065579414367676,0.13272227346897125,7.0
10,300,Free,1,26,1,1,5.842391014099121,17.442798614501953,2.6419079303741455,0.1550375074148178,15.0
10,300,Free,1,26,1,2,6.490065574645996,15.824874877929688,2.5663468837738037,0.19868344068527222,11.0
10,300,Free,1,26,1,3,5.711503505706787,15.825979232788086,2.543013095855713,0.16681119799613953,7.0
10,300,Free,1,27,0,0,7.587168216705322,20.76448631286621,1.5563074350357056,0.22507119178771973,15.0
10,300,Free,1,27,0,1,7.272269248962402,22.46830940246582,1.544385552406311,0.2031438797712326,24.0
10,300,Free,1,27,0,2,6.503210067749023,19.827667236328125,1.593926191329956,0.19845952093601227,15.0
10,300,Free,1,27,0,3,5.173687934875488,21.403400421142578,1.647507667541504,0.14144563674926758,28.0
10,300,Free,1,27,1,0,1.1392803192138672,21.915464401245117,-1.1311895847320557,0.09387563914060593,6.0
10,300,Free,1,27,1,1,1.9025976657867432,27.26332664489746,-1.0442283153533936,0.09754422307014465,12.0
10,300,Free,1,27,1,2,4.048653602600098,23.60694694519043,-0.9686985015869141,0.17528298497200012,6.0
10,300,Free,1,27,1,3,1.312709093093872,26.8948917388916,-0.9915489554405212,0.07891524583101273,6.0
10,300,Free,1,28,0,0,1.9580254554748535,14.028573036193848,0.1405828595161438,0.11469398438930511,17.0
10,300,Free,1,28,0,1,2.3522112369537354,13.173300743103027,0.14496856927871704,0.14350876212120056,11.0
10,300,Free,1,28,0,2,1.9371023178100586,9.478948593139648,0.11727362871170044,0.16106422245502472,10.0
10,300,Free,1,28,0,3,4.131128311157227,12.63263988494873,0.2334357500076294,0.23579032719135284,15.0
10,300,Free,1,28,1,0,6.538698196411133,32.20461654663086,1.8424878120422363,0.12726572155952454,23.0
10,300,Free,1,28,1,1,7.775276184082031,37.03776931762695,1.9190552234649658,0.13652777671813965,16.0
10,300,Free,1,28,1,2,7.937792778015137,34.81279373168945,1.7148237228393555,0.1516474485397339,11.0
10,300,Free,1,28,1,3,8.4398775100708,37.436767578125,1.8786356449127197,0.14912588894367218,18.0
10,300,Free,1,29,0,0,10.487503051757812,36.55092239379883,0.3902561664581299,0.2164553701877594,15.0
10,300,Free,1,29,0,1,11.846153259277344,44.51564407348633,0.4134012460708618,0.20434458553791046,17.0
10,300,Free,1,29,0,2,13.434906959533691,46.436256408691406,0.23102760314941406,0.22139251232147217,21.0
10,300,Free,1,29,0,3,9.178278923034668,41.84104537963867,-0.1330270767211914,0.1820308417081833,16.0
10,300,Free,1,29,1,0,16.84819221496582,75.05422973632812,3.0541744232177734,0.15525367856025696,9.0
10,300,Free,1,29,1,1,25.036561965942383,68.05510711669922,3.6957461833953857,0.23872247338294983,3.0
10,300,Free,1,29,1,2,10.943923950195312,55.90595245361328,3.014918565750122,0.12421102076768875,6.0
10,300,Free,1,29,1,3,13.07924747467041,71.41150665283203,3.158045768737793,0.12198292464017868,9.0
10,300,Free,1,30,0,0,1.150890588760376,9.68681526184082,-0.5763835906982422,0.15132825076580048,10.0
10,300,Free,1,30,0,1,1.174349308013916,9.295223236083984,-0.46164000034332275,0.14966219663619995,1.0
10,300,Free,1,30,0,2,1.5830059051513672,7.899196147918701,-0.48418378829956055,0.20741619169712067,5.0
10,300,Free,1,30,0,3,1.6219593286514282,10.09830093383789,-0.47366076707839966,0.1718577742576599,14.0
10,300,Free,1,30,1,0,1.4697495698928833,6.5464043617248535,-0.04023987054824829,0.18742746114730835,17.0
10,300,Free,1,30,1,1,3.1597254276275635,7.314655780792236,-0.07261797785758972,0.30647045373916626,15.0
10,300,Free,1,30,1,2,1.2628861665725708,5.703882217407227,-0.12850454449653625,0.19610106945037842,3.0
10,300,Free,1,30,1,3,1.486115574836731,8.569321632385254,-0.09752148389816284,0.15597788989543915,9.0
10,300,Free,1,31,0,0,5.127323627471924,37.23080062866211,0.30597031116485596,0.11465175449848175,4.0
10,300,Free,1,31,0,1,10.879652976989746,27.553869247436523,-0.6058876514434814,0.2942037582397461,2.0
10,300,Free,1,31,0,2,7.691391468048096,40.96746063232422,-0.08212745189666748,0.1594863086938858,2.0
10,300,Free,1,31,0,3,8.042566299438477,43.152713775634766,-0.06766128540039062,0.15820840001106262,9.0
10,300,Free,1,31,1,0,1.9473530054092407,3.0002994537353516,0.8750839233398438,0.2632906436920166,11.0
10,300,Free,1,31,1,1,1.941079020500183,3.1561524868011475,0.8588644862174988,0.2553376257419586,9.0
10,300,Free,1,31,1,2,2.2850093841552734,4.998716354370117,0.838259220123291,0.22446012496948242,10.0
10,300,Free,1,31,1,3,2.4144582748413086,2.887760877609253,0.8321509957313538,0.35397833585739136,7.0
10,300,Free,1,32,0,0,0.7867201566696167,4.568450450897217,-0.4188988208770752,0.2087988406419754,22.0
10,300,Free,1,32,0,1,0.9264378547668457,3.746638298034668,-0.4992798864841461,0.27564185857772827,8.0
10,300,Free,1,32,0,2,0.34475409984588623,3.792772054672241,-0.44341886043548584,0.17205466330051422,14.0
10,300,Free,1,32,0,3,0.4049075245857239,4.436331272125244,-0.4697192311286926,0.16468341648578644,21.0
10,300,Free,1,32,1,0,6.655295372009277,11.41203498840332,1.251139760017395,0.32136622071266174,20.0
10,300,Free,1,32,1,1,4.891436576843262,10.115946769714355,1.193110704421997,0.26771771907806396,15.0
10,300,Free,1,32,1,2,5.0110673904418945,11.334038734436035,1.280432939529419,0.24764125049114227,3.0
10,300,Free,1,32,1,3,4.86944580078125,10.4777193069458,1.578701138496399,0.2390059381723404,13.0
10,300,Free,1,33,0,0,15.372878074645996,47.50862121582031,0.9713274240493774,0.23262010514736176,16.0
10,300,Free,1,33,0,1,5.1495561599731445,41.00923538208008,0.9333167672157288,0.0932270884513855,7.0
10,300,Free,1,33,0,2,7.830560684204102,44.12315368652344,1.5234023332595825,0.12506680190563202,17.0
10,300,Free,1,33,0,3,6.775330543518066,36.0731086730957,1.0644066333770752,0.13667717576026917,20.0
10,300,Free,1,33,1,0,2.465264320373535,12.758842468261719,-1.7803560495376587,0.24967683851718903,13.0
10,300,Free,1,33,1,1,2.334282398223877,13.586790084838867,-1.8181798458099365,0.23408326506614685,22.0
10,300,Free,1,33,1,2,1.0363285541534424,14.209901809692383,-1.8013179302215576,0.16645480692386627,16.0
10,300,Free,1,33,1,3,1.1109821796417236,13.05997085571289,-1.7776914834976196,0.18112346529960632,23.0
10,300,Free,1,34,0,0,4.233306884765625,14.216636657714844,-1.0304505825042725,0.2702079713344574,21.0
10,300,Free,1,34,0,1,2.38185453414917,11.633441925048828,-0.8704115152359009,0.21848244965076447,24.0
10,300,Free,1,34,0,2,2.42242431640625,15.875792503356934,-0.981065571308136,0.17653611302375793,15.0
10,300,Free,1,34,0,3,2.2497718334198,16.218679428100586,-0.8984692096710205,0.16255764663219452,17.0
10,300,Free,1,34,1,0,4.268415451049805,25.835041046142578,-0.9690796732902527,0.1685570478439331,1.0
10,300,Free,1,34,1,1,4.905839920043945,25.303985595703125,-0.6813385486602783,0.1808665543794632,4.0
10,300,Free,1,34,1,2,5.435975074768066,23.17995834350586,-0.8584690690040588,0.21355627477169037,3.0
10,300,Free,1,34,1,3,6.690471649169922,30.96977996826172,-0.6319065690040588,0.19122396409511566,2.0
10,300,Free,1,35,0,0,5.209332466125488,15.881688117980957,-0.06261222064495087,0.24922171235084534,9.0
10,300,Free,1,35,0,1,6.200300216674805,16.615577697753906,0.014463946223258972,0.2712917923927307,9.0
10,300,Free,1,35,0,2,3.185370922088623,19.810720443725586,0.03174856677651405,0.1373269259929657,15.0
10,300,Free,1,35,0,3,2.423672676086426,17.085668563842773,0.07424156367778778,0.12088597565889359,6.0
10,300,Free,1,35,1,0,4.51176118850708,30.977210998535156,-2.1256234645843506,0.17645768821239471,15.0
10,300,Free,1,35,1,1,7.8090081214904785,36.77726745605469,-2.309649705886841,0.21576838195323944,8.0
10,300,Free,1,35,1,2,1.3419907093048096,31.27500343322754,-2.2154831886291504,0.1021309420466423,9.0
10,300,Free,1,35,1,3,3.1452488899230957,27.49828338623047,-2.154195785522461,0.16157962381839752,13.0
10,300,Free,2,0,0,0,2.2679688930511475,11.82174015045166,-1.0982383489608765,0.22163675725460052,15.0
10,300,Free,2,0,0,1,5.034171104431152,14.845271110534668,-1.232177495956421,0.29681989550590515,15.0
10,300,Free,2,0,0,2,3.8116581439971924,13.685559272766113,-1.3003932237625122,0.27195221185684204,21.0
10,300,Free,2,0,0,3,7.163430213928223,11.625360488891602,-1.1986825466156006,0.4183676838874817,13.0
10,300,Free,2,0,1,0,3.93599009513855,14.068696022033691,0.23666155338287354,0.20820143818855286,15.0
10,300,Free,2,0,1,1,6.069940567016602,14.642848014831543,0.2709732949733734,0.28368163108825684,18.0
10,300,Free,2,0,1,2,6.943790912628174,12.701799392700195,0.2929770350456238,0.34366488456726074,12.0
10,300,Free,2,0,1,3,9.548397064208984,11.937596321105957,0.2817084491252899,0.43701961636543274,16.0
10,300,Free,2,1,0,0,7.635520935058594,19.00695037841797,0.009260088205337524,0.2863440215587616,26.0
10,300,Free,2,1,0,1,6.1766204833984375,18.4344482421875,-0.1287951022386551,0.25486862659454346,22.0
10,300,Free,2,1,0,2,5.763267517089844,21.7180233001709,-0.1352052241563797,0.21358512341976166,23.0
10,300,Free,2,1,0,3,6.456876754760742,16.19300651550293,-0.14148929715156555,0.2895115613937378,25.0
10,300,Free,2,1,1,0,2.335392713546753,10.562820434570312,-1.0399763584136963,0.24216696619987488,21.0
10,300,Free,2,1,1,1,1.5264136791229248,12.16151237487793,-0.9510354399681091,0.1692366749048233,22.0
10,300,Free,2,1,1,2,4.612424373626709,9.635614395141602,-0.9380530118942261,0.3654974400997162,25.0
10,300,Free,2,1,1,3,1.8842339515686035,12.697186470031738,-1.031125783920288,0.18673186004161835,22.0
10,300,Free,2,2,0,0,4.034210681915283,9.067359924316406,0.5348342657089233,0.2784633934497833,21.0
10,300,Free,2,2,0,1,3.544769525527954,9.081778526306152,0.43142566084861755,0.25529420375823975,26.0
10,300,Free,2,2,0,2,3.10897159576416,6.730748176574707,0.5145581960678101,0.2782164514064789,19.0
10,300,Free,2,2,0,3,3.8043501377105713,7.621448040008545,0.49615278840065,0.3026811182498932,15.0
10,300,Free,2,2,1,0,-0.6089819669723511,3.2905843257904053,-1.5997586250305176,0.23141628503799438,11.0
10,300,Free,2,2,1,1,-0.3818037509918213,3.5165250301361084,-1.5755647420883179,0.2534370422363281,23.0
10,300,Free,2,2,1,2,-0.8507099151611328,3.493637800216675,-1.5891584157943726,0.17448805272579193,20.0
10,300,Free,2,2,1,3,-0.35127031803131104,3.3928210735321045,-1.5852528810501099,0.2667030394077301,15.0
10,300,Free,2,3,0,0,8.747306823730469,57.045223236083984,-0.7933293581008911,0.14328321814537048,16.0
10,300,Free,2,3,0,1,10.961677551269531,54.24296569824219,-0.8848855495452881,0.17925024032592773,12.0
10,300,Free,2,3,0,2,5.622751235961914,63.07462692260742,-0.8384782075881958,0.09291939437389374,17.0
10,300,Free,2,3,0,3,3.7419629096984863,65.25331115722656,-0.5431609749794006,0.06162237748503685,21.0
10,300,Free,2,3,1,0,3.6537399291992188,38.79066467285156,-0.6705011129379272,0.10029573738574982,18.0
10,300,Free,2,3,1,1,6.251707077026367,41.01445388793945,-0.7482753396034241,0.14578911662101746,28.0
10,300,Free,2,3,1,2,6.298340320587158,44.17965316772461,-0.6466621160507202,0.13584448397159576,19.0
10,300,Free,2,3,1,3,7.783202648162842,39.42127990722656,-0.7343641519546509,0.17767567932605743,12.0
10,300,Free,2,4,0,0,13.95925521850586,65.5726089477539,-0.321785032749176,0.17884016036987305,12.0
10,300,Free,2,4,0,1,13.610875129699707,68.76663970947266,-0.6108462810516357,0.17137008905410767,15.0
10,300,Free,2,4,0,2,3.9369471073150635,59.869876861572266,-0.6002269983291626,0.07044529914855957,13.0
10,300,Free,2,4,0,3,9.09109115600586,64.3841552734375,-0.7299269437789917,0.13234950602054596,12.0
10,300,Free,2,4,1,0,20.808820724487305,74.04741668701172,1.952322006225586,0.20296774804592133,22.0
10,300,Free,2,4,1,1,22.008285522460938,87.42681121826172,2.1944186687469482,0.18476074934005737,28.0
10,300,Free,2,4,1,2,14.116765975952148,81.34860229492188,1.969656229019165,0.1299215704202652,18.0
10,300,Free,2,4,1,3,22.09471893310547,85.51577758789062,2.31093430519104,0.1878809779882431,29.0
10,300,Free,2,5,0,0,8.508004188537598,19.735069274902344,1.1546189785003662,0.2714582681655884,23.0
10,300,Free,2,5,0,1,2.9503579139709473,21.256322860717773,1.122922420501709,0.07916542887687683,24.0
10,300,Free,2,5,0,2,3.5759880542755127,23.15340805053711,1.1131653785705566,0.09614305943250656,17.0
10,300,Free,2,5,0,3,7.369424819946289,20.96527099609375,1.0811896324157715,0.23073123395442963,22.0
10,300,Free,2,5,1,0,10.367414474487305,26.95102882385254,1.259437084197998,0.25258535146713257,30.0
10,300,Free,2,5,1,1,7.098459720611572,29.578672409057617,1.1525421142578125,0.16737470030784607,33.0
10,300,Free,2,5,1,2,11.009040832519531,34.024444580078125,1.1708444356918335,0.22429558634757996,24.0
10,300,Free,2,5,1,3,7.985172271728516,40.83256149291992,1.2591843605041504,0.14142541587352753,32.0
10,300,Free,2,6,0,0,5.728719711303711,43.527557373046875,1.8459031581878662,0.0818980410695076,18.0
10,300,Free,2,6,0,1,12.327788352966309,37.8269157409668,1.9358463287353516,0.2155161201953888,21.0
10,300,Free,2,6,0,2,7.614391326904297,50.190956115722656,1.9672740697860718,0.1011338159441948,24.0
10,300,Free,2,6,0,3,10.803177833557129,51.33708572387695,2.0810248851776123,0.14522582292556763,27.0
10,300,Free,2,6,1,0,7.399230003356934,27.168941497802734,1.9357973337173462,0.16742369532585144,17.0
10,300,Free,2,6,1,1,5.511938095092773,21.71776008605957,1.985397458076477,0.13969652354717255,22.0
10,300,Free,2,6,1,2,8.344766616821289,26.013912200927734,2.0577290058135986,0.1946394145488739,29.0
10,300,Free,2,6,1,3,7.0901031494140625,25.93979263305664,2.0823748111724854,0.16181355714797974,17.0
10,300,Free,2,7,0,0,15.840670585632324,91.42963409423828,0.11349064111709595,0.14676789939403534,13.0
10,300,Free,2,7,0,1,9.295223236083984,135.906494140625,0.7860411405563354,0.0589214563369751,11.0
10,300,Free,2,7,0,2,16.280364990234375,132.57284545898438,0.2662543058395386,0.10777602344751358,12.0
10,300,Free,2,7,0,3,13.14706802368164,132.53753662109375,0.516967236995697,0.08700355887413025,12.0
10,300,Free,2,7,1,0,12.34350872039795,87.3663330078125,0.639973521232605,0.11813415586948395,9.0
10,300,Free,2,7,1,1,8.047371864318848,88.24000549316406,0.6519936919212341,0.0773288831114769,15.0
10,300,Free,2,7,1,2,9.658843040466309,71.56187438964844,0.4948481619358063,0.11351992189884186,18.0
10,300,Free,2,7,1,3,4.453040599822998,88.39118957519531,0.47907328605651855,0.04302453249692917,16.0
10,300,Free,2,8,0,0,14.436029434204102,74.1715316772461,1.1557695865631104,0.15185806155204773,9.0
10,300,Free,2,8,0,1,9.519998550415039,64.14781188964844,1.1397383213043213,0.11554506421089172,10.0
10,300,Free,2,8,0,2,10.38569450378418,69.57491302490234,1.2231687307357788,0.11636810004711151,12.0
10,300,Free,2,8,0,3,12.538433074951172,77.30921173095703,1.1587612628936768,0.12831000983715057,12.0
10,300,Free,2,8,1,0,5.076621055603027,53.58987808227539,2.143359661102295,0.05189487338066101,23.0
10,300,Free,2,8,1,1,13.001628875732422,57.54841232299805,2.0835764408111572,0.1594657003879547,12.0
10,300,Free,2,8,1,2,5.462606430053711,58.173095703125,2.034684658050537,0.05564716085791588,10.0
10,300,Free,2,8,1,3,8.56061840057373,47.65164566040039,2.158961772918701,0.11843229830265045,25.0
10,300,Free,2,9,0,0,6.361025810241699,37.67198181152344,2.286055326461792,0.097611203789711,26.0
10,300,Free,2,9,0,1,5.245368957519531,28.640779495239258,2.204246997833252,0.09598925709724426,20.0
10,300,Free,2,9,0,2,8.205345153808594,26.530519485473633,2.203101873397827,0.18449841439723969,18.0
10,300,Free,2,9,0,3,7.341561317443848,31.882761001586914,1.9587693214416504,0.14444418251514435,16.0
10,300,Free,2,9,1,0,1.6910037994384766,18.91800880432129,-0.2347026765346527,0.09238786995410919,13.0
10,300,Free,2,9,1,1,2.5803661346435547,19.882471084594727,-0.22148388624191284,0.123514823615551,10.0
10,300,Free,2,9,1,2,1.8790462017059326,14.942761421203613,-0.2676260769367218,0.1256140023469925,12.0
10,300,Free,2,9,1,3,2.0222349166870117,16.865459442138672,-0.19213372468948364,0.1160580962896347,10.0
10,300,Free,2,10,0,0,4.635131359100342,34.08872985839844,1.0256494283676147,0.09574676305055618,19.0
10,300,Free,2,10,0,1,5.566490650177002,34.93341064453125,1.0729258060455322,0.11397182941436768,26.0
10,300,Free,2,10,0,2,6.719289302825928,26.499113082885742,1.059499979019165,0.17599448561668396,16.0
10,300,Free,2,10,0,3,5.558331489562988,29.624282836914062,0.7295223474502563,0.14015604555606842,30.0
10,300,Free,2,10,1,0,2.7333998680114746,7.742902755737305,1.3538600206375122,0.15122482180595398,27.0
10,300,Free,2,10,1,1,2.403266191482544,8.418312072753906,1.4256129264831543,0.10405032336711884,23.0
10,300,Free,2,10,1,2,3.131481885910034,8.900960922241211,1.4337196350097656,0.1601855605840683,21.0
10,300,Free,2,10,1,3,2.661114454269409,7.274806022644043,1.4096109867095947,0.14678137004375458,21.0
10,300,Free,2,11,0,0,4.306395053863525,8.673473358154297,1.4932196140289307,0.24490827322006226,30.0
10,300,Free,2,11,0,1,2.9742050170898438,9.273470878601074,1.5442838668823242,0.13359513878822327,31.0
10,300,Free,2,11,0,2,2.991093635559082,7.563910007476807,1.4376157522201538,0.17038628458976746,31.0
10,300,Free,2,11,0,3,3.312641143798828,8.483460426330566,1.5926032066345215,0.16857334971427917,23.0
10,300,Free,2,11,1,0,9.693161010742188,66.25211334228516,2.713078022003174,0.0953144058585167,12.0
10,300,Free,2,11,1,1,10.573522567749023,56.25278091430664,3.21943736076355,0.1156177818775177,15.0
10,300,Free,2,11,1,2,9.13522720336914,62.57530975341797,2.908118724822998,0.0905071273446083,13.0
10,300,Free,2,11,1,3,12.479467391967773,54.468040466308594,2.542881488800049,0.15428373217582703,13.0
10,300,Free,2,12,0,0,-0.8903303146362305,0.28782162070274353,-1.0968360900878906,0.4177510440349579,15.0
10,300,Free,2,12,0,1,-0.6017447710037231,0.2813394069671631,-1.1399097442626953,0.6566956639289856,16.0
10,300,Free,2,12,0,2,-0.6532570123672485,0.26996925473213196,-1.1309534311294556,0.6389171481132507,15.0
10,300,Free,2,12,0,3,-0.7881351113319397,0.2647116482257843,-1.1075676679611206,0.5468385219573975,2.0
10,300,Free,2,12,1,0,1.0020089149475098,0.7656257152557373,0.12593859434127808,0.5336373448371887,7.0
10,300,Free,2,12,1,1,1.0417331457138062,0.7394049167633057,0.32384222745895386,0.49261853098869324,5.0
10,300,Free,2,12,1,2,1.0915268659591675,0.7372391223907471,0.12026095390319824,0.5684887766838074,3.0
10,300,Free,2,12,1,3,0.9171763062477112,0.7400853633880615,0.19842660427093506,0.4926874339580536,8.0
10,300,Free,2,13,0,0,-0.1749534010887146,0.8953631520271301,-1.0255107879638672,0.48716843128204346,6.0
10,300,Free,2,13,0,1,-0.049948811531066895,0.9690224528312683,-0.9660633206367493,0.48596709966659546,11.0
10,300,Free,2,13,0,2,-0.12355327606201172,0.7816433310508728,-1.0749837160110474,0.5489844083786011,7.0
10,300,Free,2,13,0,3,0.31238508224487305,0.9389973282814026,-1.0160114765167236,0.5858693718910217,15.0
10,300,Free,2,13,1,0,2.5626068115234375,0.8401804566383362,1.2490354776382446,0.6098991632461548,7.0
10,300,Free,2,13,1,1,2.669163703918457,1.0516456365585327,1.3373081684112549,0.5587811470031738,9.0
10,300,Free,2,13,1,2,2.670304298400879,0.9727781414985657,1.2993152141571045,0.5849510431289673,6.0
10,300,Free,2,13,1,3,2.646775960922241,0.7813584208488464,1.4279638528823853,0.6093540787696838,9.0
10,300,Free,2,14,0,0,1.966110348701477,1.661026954650879,0.8821330070495605,0.3948909640312195,19.0
10,300,Free,2,14,0,1,1.9601752758026123,1.6405702829360962,0.2500819265842438,0.5103744864463806,12.0
10,300,Free,2,14,0,2,1.7663111686706543,1.592430591583252,0.85699063539505,0.3634736239910126,21.0
10,300,Free,2,14,0,3,1.822403073310852,1.6196177005767822,0.6707829833030701,0.41556164622306824,29.0
10,300,Free,2,14,1,0,2.1795055866241455,0.9225497841835022,1.4276610612869263,0.4490247964859009,8.0
10,300,Free,2,14,1,1,2.1454224586486816,0.9076775312423706,1.2185947895050049,0.5052193999290466,21.0
10,300,Free,2,14,1,2,2.1921427249908447,0.9681515693664551,1.2187222242355347,0.5013568997383118,21.0
10,300,Free,2,14,1,3,2.4827680587768555,1.0948086977005005,1.2713316679000854,0.5252852439880371,16.0
10,300,Free,2,15,0,0,0.16370919346809387,0.721541702747345,-1.543013334274292,0.7028570175170898,5.0
10,300,Free,2,15,0,1,0.7767410278320312,0.5983311533927917,-1.4737448692321777,0.7899720668792725,2.0
10,300,Free,2,15,0,2,0.20063257217407227,0.6658856868743896,-1.3988080024719238,0.7060530781745911,4.0
10,300,Free,2,15,0,3,0.37399783730506897,0.628627359867096,-1.4376261234283447,0.742392361164093,6.0
10,300,Free,2,15,1,0,-0.7878379821777344,0.2807745635509491,-1.8054232597351074,0.7837467193603516,14.0
10,300,Free,2,15,1,1,-0.5688977837562561,0.29486554861068726,-1.8505208492279053,0.8129605650901794,4.0
10,300,Free,2,15,1,2,-0.7006974816322327,0.2805940806865692,-1.8596391677856445,0.8050801753997803,7.0
10,300,Free,2,15,1,3,-1.2434916496276855,0.3605606257915497,-1.951359510421753,0.6625317931175232,0.0
10,300,Free,2,16,0,0,1.3741223812103271,0.6094581484794617,-0.34831058979034424,0.7386420965194702,10.0
10,300,Free,2,16,0,1,1.6267203092575073,0.5754578113555908,-0.3419991731643677,0.7738138437271118,12.0
10,300,Free,2,16,0,2,0.808657705783844,0.5423218607902527,-0.6787861585617065,0.7328155636787415,12.0
10,300,Free,2,16,0,3,1.205312728881836,0.6808120608329773,-0.708816409111023,0.7376387119293213,8.0
10,300,Free,2,16,1,0,-1.644722580909729,0.4266335666179657,-2.606022834777832,0.6926124691963196,10.0
10,300,Free,2,16,1,1,-1.5522434711456299,0.3646649420261383,-2.661214828491211,0.7525407671928406,6.0
10,300,Free,2,16,1,2,-1.519033432006836,0.39076918363571167,-2.7514500617980957,0.7592579126358032,3.0
10,300,Free,2,16,1,3,-1.5743838548660278,0.4310900866985321,-2.6870388984680176,0.7207505106925964,4.0
10,300,Free,2,17,0,0,0.8798058032989502,1.6503748893737793,-1.2985928058624268,0.5689547061920166,22.0
10,300,Free,2,17,0,1,0.6461324691772461,1.726638913154602,-1.5966439247131348,0.5650143027305603,14.0
10,300,Free,2,17,0,2,0.258064866065979,1.4825665950775146,-1.396022081375122,0.5273413062095642,15.0
10,300,Free,2,17,0,3,0.672527551651001,1.6912704706192017,-1.934312105178833,0.6065083742141724,10.0
10,300,Free,2,17,1,0,1.2479865550994873,0.4988683760166168,-0.25821590423583984,0.751196563243866,5.0
10,300,Free,2,17,1,1,1.0138627290725708,0.4664134979248047,-0.2948662042617798,0.7372528910636902,7.0
10,300,Free,2,17,1,2,1.0734723806381226,0.55336594581604,-0.3331810235977173,0.7176732420921326,4.0
10,300,Free,2,17,1,3,0.9087534546852112,0.6023343205451965,-0.3393667936325073,0.6744938492774963,4.0
10,300,Free,2,18,0,0,2.0574395656585693,5.400031089782715,-0.9521036148071289,0.35787102580070496,27.0
10,300,Free,2,18,0,1,2.2886037826538086,4.699171543121338,-0.9819719791412354,0.41037383675575256,26.0
10,300,Free,2,18,0,2,0.8605220317840576,3.848940372467041,-1.1165449619293213,0.33935195207595825,16.0
10,300,Free,2,18,0,3,1.8682355880737305,5.686677932739258,-1.0495285987854004,0.3390997350215912,19.0
10,300,Free,2,18,1,0,0.5973039865493774,2.1347591876983643,-0.47591304779052734,0.33454644680023193,10.0
10,300,Free,2,18,1,1,0.8682911992073059,1.987951397895813,-0.5170146822929382,0.41067302227020264,25.0
10,300,Free,2,18,1,2,0.6621173024177551,2.4240529537200928,-0.5493643879890442,0.33323341608047485,14.0
10,300,Free,2,18,1,3,0.9024512767791748,1.8961464166641235,-0.5503364205360413,0.4338059723377228,24.0
10,300,Free,2,19,0,0,-0.7998606562614441,3.914604902267456,-3.5788252353668213,0.41516929864883423,30.0
10,300,Free,2,19,0,1,-0.23441147804260254,3.7395474910736084,-3.526057004928589,0.4681489169597626,24.0
10,300,Free,2,19,0,2,-0.06803834438323975,4.713747024536133,-3.6098217964172363,0.4290194511413574,35.0
10,300,Free,2,19,0,3,-0.33455634117126465,3.80582857131958,-3.5020742416381836,0.4542320966720581,27.0
10,300,Free,2,19,1,0,1.6661111116409302,2.997666120529175,0.022934317588806152,0.3540686070919037,11.0
10,300,Free,2,19,1,1,2.016334056854248,3.427337169647217,-0.1691523790359497,0.389373779296875,31.0
10,300,Free,2,19,1,2,2.0365049839019775,2.8942277431488037,0.005216479301452637,0.41240113973617554,17.0
10,300,Free,2,19,1,3,1.9346702098846436,4.087892055511475,-0.06526327133178711,0.32851359248161316,24.0
10,300,Free,2,20,0,0,1.5388593673706055,1.8119935989379883,0.5780994892120361,0.3465002775192261,13.0
10,300,Free,2,20,0,1,1.2430931329727173,2.243138074874878,0.7045058608055115,0.19361625611782074,16.0
10,300,Free,2,20,0,2,1.1971702575683594,2.1975014209747314,0.6401897668838501,0.20220880210399628,22.0
10,300,Free,2,20,0,3,1.2077268362045288,2.118300199508667,0.5944976806640625,0.22450029850006104,15.0
10,300,Free,2,20,1,0,0.8784558773040771,3.1988062858581543,0.13911408185958862,0.18773844838142395,12.0
10,300,Free,2,20,1,1,1.2539275884628296,3.4911937713623047,0.04251974821090698,0.2576037645339966,20.0
10,300,Free,2,20,1,2,0.9377898573875427,3.0645229816436768,0.09824967384338379,0.21504266560077667,14.0
10,300,Free,2,20,1,3,1.259364366531372,2.2139220237731934,0.10106515884399414,0.3434825837612152,20.0
10,300,Free,2,21,0,0,-0.9545227289199829,1.033099889755249,-1.8893300294876099,0.47502610087394714,2.0
10,300,Free,2,21,0,1,-0.7674684524536133,1.1164147853851318,-1.950893521308899,0.5145684480667114,7.0
10,300,Free,2,21,0,2,-0.6687464714050293,0.8858253359794617,-1.912176251411438,0.5839740633964539,6.0
10,300,Free,2,21,0,3,-1.2033295631408691,1.0013947486877441,-1.9560267925262451,0.4291093051433563,15.0
10,300,Free,2,21,1,0,2.3502233028411865,1.0652645826339722,1.3501918315887451,0.4842073321342468,3.0
10,300,Free,2,21,1,1,2.678206443786621,1.13417387008667,1.2431143522262573,0.5585611462593079,18.0
10,300,Free,2,21,1,2,2.6719472408294678,1.0954426527023315,1.3124845027923584,0.5537739396095276,7.0
10,300,Free,2,21,1,3,1.9937427043914795,1.2177619934082031,1.2639774084091187,0.3747137784957886,6.0
10,300,Free,2,22,0,0,1.084089994430542,3.0738494396209717,-0.9853709936141968,0.4023597240447998,8.0
10,300,Free,2,22,0,1,1.470184087753296,3.474532127380371,-1.461839199066162,0.45765987038612366,18.0
10,300,Free,2,22,0,2,2.1151812076568604,3.56778883934021,-1.4803080558776855,0.5019335150718689,21.0
10,300,Free,2,22,0,3,0.8042654991149902,3.4694597721099854,-1.2053778171539307,0.3667832612991333,10.0
10,300,Free,2,22,1,0,4.224003791809082,2.072399377822876,1.827437162399292,0.5362687110900879,9.0
10,300,Free,2,22,1,1,3.732542037963867,1.918241262435913,1.883922815322876,0.49075862765312195,10.0
10,300,Free,2,22,1,2,4.045731544494629,1.7496873140335083,2.087045431137085,0.5281793475151062,19.0
10,300,Free,2,22,1,3,3.6509201526641846,2.221053123474121,1.8684401512145996,0.4452267587184906,28.0
10,300,Free,2,23,0,0,1.1278386116027832,3.223788022994995,-0.814260721206665,0.37594687938690186,11.0
10,300,Free,2,23,0,1,1.8352231979370117,3.4228358268737793,-0.6009562015533447,0.41580015420913696,21.0
10,300,Free,2,23,0,2,2.146632432937622,3.2154321670532227,-0.42936545610427856,0.44479477405548096,19.0
10,300,Free,2,23,0,3,2.005988359451294,3.3169097900390625,-0.5353962779045105,0.43380963802337646,22.0
10,300,Free,2,23,1,0,3.89512300491333,4.067583084106445,0.8505269289016724,0.42808201909065247,18.0
10,300,Free,2,23,1,1,2.9098620414733887,4.301684856414795,1.1288689374923706,0.2927975356578827,9.0
10,300,Free,2,23,1,2,3.5598556995391846,3.7384350299835205,1.0073946714401245,0.405738890171051,19.0
10,300,Free,2,23,1,3,3.027961492538452,4.018160820007324,0.8112061023712158,0.35553890466690063,13.0
10,300,Free,2,24,0,0,1.2180602550506592,19.9991455078125,-1.0008249282836914,0.09986867010593414,20.0
10,300,Free,2,24,0,1,1.988248348236084,19.893951416015625,-0.6856215000152588,0.11848151683807373,23.0
10,300,Free,2,24,0,2,1.1994569301605225,21.650814056396484,-1.065237045288086,0.09469562023878098,15.0
10,300,Free,2,24,0,3,1.112743616104126,18.352603912353516,-0.7868958711624146,0.09379896521568298,13.0
10,300,Free,2,24,1,0,2.2016756534576416,13.285648345947266,-0.8568168878555298,0.18713082373142242,18.0
10,300,Free,2,24,1,1,1.6673555374145508,17.190872192382812,-0.803563117980957,0.12567108869552612,13.0
10,300,Free,2,24,1,2,0.889106273651123,14.275749206542969,-0.9958781599998474,0.11663979291915894,12.0
10,300,Free,2,24,1,3,1.5734436511993408,18.04534149169922,-0.8688384294509888,0.11920768767595291,8.0
10,300,Free,2,25,0,0,2.7554595470428467,18.614032745361328,-1.396514892578125,0.18237605690956116,12.0
10,300,Free,2,25,0,1,2.9436023235321045,18.46539878845215,-1.3731642961502075,0.18948009610176086,22.0
10,300,Free,2,25,0,2,1.0462009906768799,19.813798904418945,-1.5092374086380005,0.11423896253108978,20.0
10,300,Free,2,25,0,3,1.6983835697174072,17.79665184020996,-1.4718273878097534,0.1512010097503662,12.0
10,300,Free,2,25,1,0,1.131813645362854,4.80251407623291,-0.04573844373226166,0.19691288471221924,25.0
10,300,Free,2,25,1,1,0.645761251449585,4.164358139038086,-0.05857443809509277,0.14466625452041626,21.0
10,300,Free,2,25,1,2,1.5584734678268433,5.0929765701293945,-0.04377204179763794,0.23931178450584412,20.0
10,300,Free,2,25,1,3,0.7793365716934204,4.8446760177612305,-0.07115951180458069,0.1493363231420517,23.0
10,300,Free,2,26,0,0,1.7458980083465576,19.861568450927734,-0.6765894293785095,0.10870944708585739,31.0
10,300,Free,2,26,0,1,3.0751731395721436,20.311912536621094,-0.6434286832809448,0.1547449827194214,25.0
10,300,Free,2,26,0,2,4.076772689819336,25.681049346923828,-0.7559038996696472,0.15837712585926056,28.0
10,300,Free,2,26,0,3,6.7130889892578125,22.915422439575195,-0.4268990755081177,0.23756082355976105,20.0
10,300,Free,2,26,1,0,5.27493953704834,18.09007453918457,2.5478439331054688,0.13100223243236542,24.0
10,300,Free,2,26,1,1,5.842391014099121,17.442798614501953,2.564781665802002,0.15818266570568085,26.0
10,300,Free,2,26,1,2,6.490065574645996,15.824874877929688,2.5560262203216553,0.1991019994020462,21.0
10,300,Free,2,26,1,3,5.711503505706787,15.825979232788086,2.605724811553955,0.16405126452445984,16.0
10,300,Free,2,27,0,0,7.587168216705322,20.76448631286621,1.629048466682434,0.22296178340911865,21.0
10,300,Free,2,27,0,1,7.272269248962402,22.46830940246582,1.6135568618774414,0.2011841982603073,37.0
10,300,Free,2,27,0,2,6.503210067749023,19.827667236328125,1.5899326801300049,0.19858893752098083,31.0
10,300,Free,2,27,0,3,5.173687934875488,21.403400421142578,1.525090217590332,0.1456409990787506,35.0
10,300,Free,2,27,1,0,1.1392803192138672,21.915464401245117,-1.1144752502441406,0.09324900060892105,10.0
10,300,Free,2,27,1,1,1.9025976657867432,27.26332664489746,-1.0157132148742676,0.09669160097837448,17.0
10,300,Free,2,27,1,2,4.048653602600098,23.60694694519043,-1.0620014667510986,0.17796245217323303,16.0
10,300,Free,2,27,1,3,1.312709093093872,26.8948917388916,-1.065865397453308,0.08125360310077667,17.0
10,300,Free,2,28,0,0,1.9580254554748535,14.028573036193848,0.09932932257652283,0.11699280142784119,19.0
10,300,Free,2,28,0,1,2.3522112369537354,13.173300743103027,0.16678783297538757,0.14229197800159454,27.0
10,300,Free,2,28,0,2,1.9371023178100586,9.478948593139648,0.07814368605613708,0.1639595925807953,25.0
10,300,Free,2,28,0,3,4.131128311157227,12.63263988494873,0.14617612957954407,0.2398032248020172,34.0
10,300,Free,2,28,1,0,6.538698196411133,32.20461654663086,1.8743641376495361,0.12651118636131287,25.0
10,300,Free,2,28,1,1,7.775276184082031,37.03776931762695,1.8660229444503784,0.13759401440620422,23.0
10,300,Free,2,28,1,2,7.937792778015137,34.81279373168945,1.8046786785125732,0.14978575706481934,22.0
10,300,Free,2,28,1,3,8.4398775100708,37.436767578125,1.869792103767395,0.1492968648672104,21.0
10,300,Free,2,29,0,0,10.487503051757812,36.55092239379883,0.4807443618774414,0.21493250131607056,22.0
10,300,Free,2,29,0,1,11.846153259277344,44.51564407348633,0.46749794483184814,0.2035745233297348,15.0
10,300,Free,2,29,0,2,13.434906959533691,46.436256408691406,0.04828989505767822,0.223770871758461,21.0
10,300,Free,2,29,0,3,9.178278923034668,41.84104537963867,0.08131468296051025,0.17858891189098358,23.0
10,300,Free,2,29,1,0,16.84819221496582,75.05422973632812,2.9198856353759766,0.1565285474061966,19.0
10,300,Free,2,29,1,1,25.036561965942383,68.05510711669922,2.9160518646240234,0.24530477821826935,20.0
10,300,Free,2,29,1,2,10.943923950195312,55.90595245361328,3.436441421508789,0.11838946491479874,20.0
10,300,Free,2,29,1,3,13.07924747467041,71.41150665283203,3.0529913902282715,0.12311557680368423,14.0
10,300,Free,2,30,0,0,1.150890588760376,9.68681526184082,-0.526611328125,0.1476113349199295,24.0
10,300,Free,2,30,0,1,1.174349308013916,9.295223236083984,-0.4733169376850128,0.15056957304477692,23.0
10,300,Free,2,30,0,2,1.5830059051513672,7.899196147918701,-0.4975311756134033,0.2084762305021286,14.0
10,300,Free,2,30,0,3,1.6219593286514282,10.09830093383789,-0.4584559202194214,0.1708238571882248,30.0
10,300,Free,2,30,1,0,1.4697495698928833,6.5464043617248535,-0.03599253296852112,0.1869988590478897,18.0
10,300,Free,2,30,1,1,3.1597254276275635,7.314655780792236,-0.12192431092262268,0.30969756841659546,18.0
10,300,Free,2,30,1,2,1.2628861665725708,5.703882217407227,-0.10422348976135254,0.19334058463573456,17.0
10,300,Free,2,30,1,3,1.486115574836731,8.569321632385254,-0.07893708348274231,0.15443012118339539,16.0
10,300,Free,2,31,0,0,5.127323627471924,37.23080062866211,0.1044306755065918,0.11887464672327042,12.0
10,300,Free,2,31,0,1,10.879652976989746,27.553869247436523,-0.08115649223327637,0.2845878601074219,16.0
10,300,Free,2,31,0,2,7.691391468048096,40.96746063232422,-0.09641134738922119,0.15973253548145294,12.0
10,300,Free,2,31,0,3,8.042566299438477,43.152713775634766,0.08537805080413818,0.15568779408931732,10.0
10,300,Free,2,31,1,0,1.9473530054092407,3.0002994537353516,0.8304935693740845,0.27126944065093994,31.0
10,300,Free,2,31,1,1,1.941079020500183,3.1561524868011475,0.8640110492706299,0.2544322907924652,32.0
10,300,Free,2,31,1,2,2.2850093841552734,4.998716354370117,0.8517196178436279,0.22283712029457092,22.0
10,300,Free,2,31,1,3,2.4144582748413086,2.887760877609253,0.8425037860870361,0.35247865319252014,30.0
10,300,Free,2,32,0,0,0.7867201566696167,4.568450450897217,-0.4396458566188812,0.21163156628608704,20.0
10,300,Free,2,32,0,1,0.9264378547668457,3.746638298034668,-0.48034846782684326,0.27298086881637573,19.0
10,300,Free,2,32,0,2,0.34475409984588623,3.792772054672241,-0.5365320444107056,0.18854838609695435,27.0
10,300,Free,2,32,0,3,0.4049075245857239,4.436331272125244,-0.4775714874267578,0.16591660678386688,24.0
10,300,Free,2,32,1,0,6.655295372009277,11.41203498840332,1.2089552879333496,0.3230643570423126,30.0
10,300,Free,2,32,1,1,4.891436576843262,10.115946769714355,1.2925817966461182,0.2624066174030304,22.0
10,300,Free,2,32,1,2,5.0110673904418945,11.334038734436035,1.3265063762664795,0.24533319473266602,26.0
10,300,Free,2,32,1,3,4.86944580078125,10.4777193069458,1.6050565242767334,0.23754644393920898,21.0
10,300,Free,2,33,0,0,15.372878074645996,47.50862121582031,0.8586709499359131,0.23401394486427307,15.0
10,300,Free,2,33,0,1,5.1495561599731445,41.00923538208008,1.0223379135131836,0.09143868833780289,16.0
10,300,Free,2,33,0,2,7.830560684204102,44.12315368652344,1.3604435920715332,0.12788492441177368,27.0
10,300,Free,2,33,0,3,6.775330543518066,36.0731086730957,1.4717475175857544,0.12817804515361786,24.0
10,300,Free,2,33,1,0,2.465264320373535,12.758842468261719,-1.7393684387207031,0.24786387383937836,27.0
10,300,Free,2,33,1,1,2.334282398223877,13.586790084838867,-1.7651194334030151,0.23178544640541077,21.0
10,300,Free,2,33,1,2,1.0363285541534424,14.209901809692383,-1.7815725803375244,0.16548822820186615,33.0
10,300,Free,2,33,1,3,1.1109821796417236,13.05997085571289,-1.730171799659729,0.1786763072013855,24.0
10,300,Free,2,34,0,0,4.233306884765625,14.216636657714844,-1.0099953413009644,0.2694408595561981,21.0
10,300,Free,2,34,0,1,2.38185453414917,11.633441925048828,-0.8208414912223816,0.21587127447128296,15.0
10,300,Free,2,34,0,2,2.42242431640625,15.875792503356934,-0.9974156618118286,0.17723387479782104,30.0
10,300,Free,2,34,0,3,2.2497718334198,16.218679428100586,-0.9519347548484802,0.16486318409442902,26.0
10,300,Free,2,34,1,0,4.268415451049805,25.835041046142578,-0.8885989785194397,0.16639794409275055,10.0
10,300,Free,2,34,1,1,4.905839920043945,25.303985595703125,-1.0558832883834839,0.19067928194999695,14.0
10,300,Free,2,34,1,2,5.435975074768066,23.17995834350586,-0.8873065710067749,0.21432499587535858,16.0
10,300,Free,2,34,1,3,6.690471649169922,30.96977996826172,-0.6246739625930786,0.19107116758823395,18.0
10,300,Free,2,35,0,0,5.209332466125488,15.881688117980957,0.013359330594539642,0.24651563167572021,20.0
10,300,Free,2,35,0,1,6.200300216674805,16.615577697753906,0.13481196761131287,0.26742517948150635,26.0
10,300,Free,2,35,0,2,3.185370922088623,19.810720443725586,0.026976343244314194,0.1375061422586441,17.0
10,300,Free,2,35,0,3,2.423672676086426,17.085668563842773,0.002338409423828125,0.12412641197443008,16.0
10,300,Free,2,35,1,0,4.51176118850708,30.977210998535156,-2.2593111991882324,0.1793743073940277,26.0
10,300,Free,2,35,1,1,7.8090081214904785,36.77726745605469,-1.890510082244873,0.20869599282741547,16.0
10,300,Free,2,35,1,2,1.3419907093048096,31.27500343322754,-2.0143282413482666,0.09691569954156876,18.0
10,300,Free,2,35,1,3,3.1452488899230957,27.49828338623047,-2.0456323623657227,0.15879516303539276,27.0
20,300,A,0,0,0,0,9.268180847167969,5.481125354766846,2.480008363723755,0.5532649159431458,
20,300,A,0,0,0,1,8.467914581298828,5.880552768707275,2.382869005203247,0.5085450410842896,
20,300,A,0,0,0,2,8.411083221435547,6.077256679534912,2.2943997383117676,0.5016166567802429,
20,300,A,0,0,0,3,6.892848491668701,5.413874626159668,2.490480661392212,0.4484778642654419,
20,300,A,0,0,1,0,12.757590293884277,10.935250282287598,0.37888216972351074,0.5309569239616394,
20,300,A,0,0,1,1,9.30138111114502,12.160130500793457,0.14094197750091553,0.4296526312828064,
20,300,A,0,0,1,2,9.509711265563965,11.228360176086426,0.07103696465492249,0.4567019045352936,
20,300,A,0,0,1,3,10.085358619689941,10.330427169799805,0.6443278789520264,0.4775080680847168,
20,300,A,0,1,0,0,14.108827590942383,9.228937149047852,3.530829429626465,0.5340552926063538,
20,300,A,0,1,0,1,12.53827953338623,10.410473823547363,2.8761441707611084,0.48135918378829956,
20,300,A,0,1,0,2,11.353808403015137,11.965408325195312,2.817521095275879,0.41636982560157776,
20,300,A,0,1,0,3,10.700164794921875,11.541526794433594,2.6467697620391846,0.4109939634799957,
20,300,A,0,1,1,0,4.537968635559082,5.252424240112305,0.13428544998168945,0.4560515880584717,
20,300,A,0,1,1,1,3.966437578201294,5.225973129272461,0.010703355073928833,0.4308277368545532,
20,300,A,0,1,1,2,6.827901840209961,5.7925591468811035,0.143282949924469,0.5357476472854614,
20,300,A,0,1,1,3,5.098812103271484,4.33259391784668,0.012630075216293335,0.5400046110153198,
20,300,A,0,2,0,0,11.329084396362305,13.884672164916992,0.772193431854248,0.4319237172603607,
20,300,A,0,2,0,1,12.832437515258789,14.858135223388672,0.605523943901062,0.4514266848564148,
20,300,A,0,2,0,2,11.705644607543945,11.010029792785645,0.9160535335540771,0.4949439764022827,
20,300,A,0,2,0,3,13.666425704956055,12.845848083496094,0.587311863899231,0.5044988989830017,
20,300,A,0,2,1,0,7.616372585296631,10.845829010009766,-0.7105938196182251,0.43431156873703003,
20,300,A,0,2,1,1,5.684296131134033,12.158034324645996,-0.6575008630752563,0.3428029716014862,
20,300,A,0,2,1,2,8.090076446533203,10.65009593963623,-0.7564327716827393,0.45374614000320435,
20,300,A,0,2,1,3,5.809021949768066,12.490532875061035,-0.8503901958465576,0.3477509915828705,
20,300,A,0,3,0,0,31.34212875366211,44.07912826538086,5.771681785583496,0.36712998151779175,
20,300,A,0,3,0,1,30.834346771240234,46.98050308227539,4.711703300476074,0.3573395311832428,
20,300,A,0,3,0,2,34.11967086791992,36.022640228271484,4.934000015258789,0.4475759267807007,
20,300,A,0,3,0,3,24.64101791381836,46.215965270996094,3.579712390899658,0.31305232644081116,
20,300,A,0,3,1,0,14.17695140838623,48.86959457397461,-0.16446936130523682,0.22688168287277222,
20,300,A,0,3,1,1,10.868550300598145,33.03639602661133,0.48910462856292725,0.23907047510147095,
20,300,A,0,3,1,2,13.00742244720459,33.40925216674805,0.4647512435913086,0.27295202016830444,
20,300,A,0,3,1,3,18.347496032714844,37.233131408691406,0.07545608282089233,0.3291952908039093,
20,300,A,0,4,0,0,11.664019584655762,24.189205169677734,2.6440341472625732,0.27161112427711487,
20,300,A,0,4,0,1,11.101280212402344,27.398778915405273,2.583719253540039,0.23715002834796906,
20,300,A,0,4,0,2,17.411903381347656,24.415889739990234,3.225511074066162,0.3675014078617096,
20,300,A,0,4,0,3,16.005491256713867,29.201425552368164,3.1645736694335938,0.3054282069206238,
20,300,A,0,4,1,0,4.298184394836426,12.027724266052246,-1.162130355834961,0.3122313916683197,
20,300,A,0,4,1,1,7.973040580749512,10.430333137512207,-1.3270646333694458,0.4713582694530487,
20,300,A,0,4,1,2,5.459632873535156,10.676063537597656,-1.2743229866027832,0.38678622245788574,
20,300,A,0,4,1,3,6.959650039672852,14.925182342529297,-0.9894108176231384,0.3475114107131958,
20,300,A,0,5,0,0,8.26202392578125,8.660765647888184,2.0402445793151855,0.418058842420578,
20,300,A,0,5,0,1,7.465131759643555,10.321187973022461,2.1101443767547607,0.34160035848617554,
20,300,A,0,5,0,2,9.499939918518066,8.694257736206055,2.09466552734375,0.45996829867362976,
20,300,A,0,5,0,3,8.96641731262207,11.654586791992188,2.3030757904052734,0.36376065015792847,
20,300,A,0,5,1,0,15.990455627441406,25.43079948425293,-0.2777366638183594,0.39013394713401794,
20,300,A,0,5,1,1,12.651693344116211,23.713645935058594,-0.037348270416259766,0.34857431054115295,
20,300,A,0,5,1,2,9.445605278015137,24.11097526550293,-0.08473801612854004,0.2832928001880646,
20,300,A,0,5,1,3,16.38580894470215,25.87113380432129,-0.02742159366607666,0.38816311955451965,
20,300,A,0,6,0,0,26.61004066467285,78.57447052001953,0.2827138900756836,0.2509711682796478,
20,300,A,0,6,0,1,31.679576873779297,86.010498046875,2.5652878284454346,0.252893328666687,
20,300,A,0,6,0,2,40.66617202758789,83.86325073242188,1.9795682430267334,0.31568053364753723,
20,300,A,0,6,0,3,32.44700241088867,79.50548553466797,1.5874450206756592,0.2796134948730469,
20,300,A,0,6,1,0,18.161739349365234,76.01371765136719,2.945305347442627,0.16679173707962036,
20,300,A,0,6,1,1,22.529438018798828,77.2954330444336,1.5946406126022339,0.21311970055103302,
20,300,A,0,6,1,2,26.499223709106445,67.4886474609375,3.0845580101013184,0.25757768750190735,
20,300,A,0,6,1,3,30.976787567138672,85.85285949707031,1.9737474918365479,0.2525167465209961,
20,300,A,0,7,0,0,13.433576583862305,40.57564926147461,1.981637954711914,0.22011281549930573,
20,300,A,0,7,0,1,17.93805694580078,37.356685638427734,1.6810712814331055,0.3032246232032776,
20,300,A,0,7,0,2,14.884125709533691,45.819976806640625,2.2371630668640137,0.21630963683128357,
20,300,A,0,7,0,3,9.677839279174805,42.68763732910156,2.3826048374176025,0.1459546834230423,
20,300,A,0,7,1,0,21.719783782958984,29.645462036132812,1.7840851545333862,0.4020821154117584,
20,300,A,0,7,1,1,12.011616706848145,33.96794509887695,1.1316492557525635,0.24259696900844574,
20,300,A,0,7,1,2,13.937983512878418,38.585323333740234,1.1871086359024048,0.24837981164455414,
20,300,A,0,7,1,3,14.306577682495117,32.19038391113281,0.9464609026908875,0.29330340027809143,
20,300,A,0,8,0,0,4.504683017730713,35.64112854003906,0.7512457370758057,0.0952780470252037,
20,300,A,0,8,0,1,10.148760795593262,38.15391540527344,0.9812608361244202,0.19372834265232086,
20,300,A,0,8,0,2,6.569416522979736,30.955581665039062,1.0886951684951782,0.15041925013065338,
20,300,A,0,8,0,3,12.305617332458496,31.909114837646484,1.0960891246795654,0.25996941328048706,
20,300,A,0,8,1,0,14.925996780395508,33.36620330810547,2.4267737865448,0.2725194990634918,
20,300,A,0,8,1,1,9.749479293823242,28.30829620361328,2.4782910346984863,0.20436464250087738,
20,300,A,0,8,1,2,8.042329788208008,36.20918655395508,2.4832472801208496,0.1330934315919876,
20,300,A,0,8,1,3,11.234466552734375,28.84520721435547,2.709508180618286,0.2281220406293869,
20,300,A,0,9,0,0,9.22131061553955,19.547109603881836,2.6595823764801025,0.2513221204280853,
20,300,A,0,9,0,1,12.14574146270752,25.88506507873535,2.541863441467285,0.2706160545349121,
20,300,A,0,9,0,2,13.052593231201172,27.296733856201172,2.777035713195801,0.2734876573085785,
20,300,A,0,9,0,3,9.039137840270996,25.753398895263672,2.5355849266052246,0.20161710679531097,
20,300,A,0,9,1,0,15.779260635375977,36.13622283935547,2.977897882461548,0.2615855038166046,
20,300,A,0,9,1,1,10.593145370483398,36.08182144165039,3.182033061981201,0.17039808630943298,
20,300,A,0,9,1,2,19.884187698364258,35.738380432128906,2.9453353881835938,0.32155928015708923,
20,300,A,0,9,1,3,11.103632926940918,33.272552490234375,2.717618465423584,0.20130349695682526,
20,300,A,0,10,0,0,19.882137298583984,35.29947280883789,1.133363962173462,0.34688958525657654,
20,300,A,0,10,0,1,15.620132446289062,37.695438385009766,1.0036869049072266,0.27940964698791504,
20,300,A,0,10,0,2,14.99620246887207,33.485748291015625,0.34962940216064453,0.30429807305336,
20,300,A,0,10,0,3,23.970731735229492,33.82577896118164,1.4621927738189697,0.3995529115200043,
20,300,A,0,10,1,0,9.671875953674316,23.388748168945312,-0.2903043031692505,0.2987077236175537,
20,300,A,0,10,1,1,5.6640119552612305,25.8992862701416,-0.5631544589996338,0.19383297860622406,
20,300,A,0,10,1,2,8.702988624572754,21.073396682739258,-0.47092103958129883,0.3032967448234558,
20,300,A,0,10,1,3,8.646261215209961,20.809974670410156,-0.40405237674713135,0.30308863520622253,
20,300,A,0,11,0,0,1.8871660232543945,6.555380821228027,-1.134674310684204,0.3155236840248108,
20,300,A,0,11,0,1,2.0852367877960205,6.481326103210449,-1.073075294494629,0.32763803005218506,
20,300,A,0,11,0,2,0.5133988857269287,6.389416217803955,-1.1636654138565063,0.2079053372144699,
20,300,A,0,11,0,3,1.0959296226501465,6.002891540527344,-1.0866682529449463,0.266642302274704,
20,300,A,0,11,1,0,3.719280242919922,14.633546829223633,-0.11841726303100586,0.20776605606079102,
20,300,A,0,11,1,1,6.505157470703125,13.298934936523438,0.37788844108581543,0.31541258096694946,
20,300,A,0,11,1,2,5.182920932769775,13.035709381103516,-0.21145027875900269,0.2926938533782959,
20,300,A,0,11,1,3,9.371870994567871,12.313817977905273,0.8258326053619385,0.409688264131546,
20,300,A,0,12,0,0,-0.6429194808006287,0.3006766438484192,-1.3795585632324219,0.7101396918296814,
20,300,A,0,12,0,1,-0.7491077184677124,0.30553311109542847,-1.3746763467788696,0.6718584895133972,
20,300,A,0,12,0,2,-0.8350474238395691,0.3059423565864563,-1.3659183979034424,0.6343958973884583,
20,300,A,0,12,0,3,-0.6939939260482788,0.312585711479187,-1.3562520742416382,0.6793479323387146,
20,300,A,0,12,1,0,1.7988674640655518,1.543534278869629,-0.6402685046195984,0.61243736743927,
20,300,A,0,12,1,1,1.7945311069488525,1.3447345495224,-0.25022125244140625,0.6032630801200867,
20,300,A,0,12,1,2,2.194581985473633,1.1672391891479492,-0.2908259630203247,0.6804401874542236,
20,300,A,0,12,1,3,1.7932298183441162,1.2880364656448364,-0.06128537654876709,0.5901303887367249,
20,300,A,0,13,0,0,3.61972975730896,0.9331830739974976,2.2194414138793945,0.6000880599021912,
20,300,A,0,13,0,1,4.0512285232543945,1.001987099647522,2.3921024799346924,0.6234707236289978,
20,300,A,0,13,0,2,3.6137566566467285,0.9741010665893555,2.357405662536621,0.5632718801498413,
20,300,A,0,13,0,3,3.6141934394836426,1.1007440090179443,2.214787006378174,0.5597288608551025,
20,300,A,0,13,1,0,2.058302402496338,0.5286742448806763,1.5101724863052368,0.5090339779853821,
20,300,A,0,13,1,1,2.174447536468506,0.536831796169281,1.4639859199523926,0.5696026682853699,
20,300,A,0,13,1,2,2.2043166160583496,0.427508145570755,1.4465689659118652,0.6393114924430847,
20,300,A,0,13,1,3,2.1594924926757812,0.4712422788143158,1.5280427932739258,0.5726438164710999,
20,300,A,0,14,0,0,4.856734275817871,1.9794925451278687,1.9263867139816284,0.5968315601348877,
20,300,A,0,14,0,1,4.970536231994629,2.1001930236816406,2.749333381652832,0.5140012502670288,
20,300,A,0,14,0,2,4.046027183532715,2.2288146018981934,2.5809478759765625,0.3966219127178192,
20,300,A,0,14,0,3,4.469343185424805,2.036161422729492,2.4396653175354004,0.4992026686668396,
20,300,A,0,14,1,0,-0.19248437881469727,1.1720787286758423,-1.349966287612915,0.49686703085899353,
20,300,A,0,14,1,1,0.1011422872543335,0.9428740739822388,-0.9506774544715881,0.5273088812828064,
20,300,A,0,14,1,2,-0.03319978713989258,1.0140001773834229,-1.3604493141174316,0.5668979287147522,
20,300,A,0,14,1,3,-0.13625431060791016,1.045458436012268,-1.0361049175262451,0.4625746011734009,
20,300,A,0,15,0,0,0.16026026010513306,0.6898206472396851,-3.2701778411865234,0.8325783014297485,
20,300,A,0,15,0,1,0.36825597286224365,0.6684264540672302,-2.863856792449951,0.8286322951316833,
20,300,A,0,15,0,2,0.1191205382347107,0.5868555307388306,-3.3450095653533936,0.8551326394081116,
20,300,A,0,15,0,3,-0.06006801128387451,0.6452195644378662,-3.217895984649658,0.8303414583206177,
20,300,A,0,15,1,0,0.36202651262283325,0.24835024774074554,-1.0502793788909912,0.8504505157470703,
20,300,A,0,15,1,1,0.39238953590393066,0.27916887402534485,-1.1554920673370361,0.8472024202346802,
20,300,A,0,15,1,2,0.2556845545768738,0.2615780830383301,-1.041968822479248,0.8322390913963318,
20,300,A,0,15,1,3,0.08024144172668457,0.32467353343963623,-0.9651639461517334,0.7630256414413452,
20,300,A,0,16,0,0,-0.428364634513855,0.37238889932632446,-1.8548651933670044,0.7929895520210266,
20,300,A,0,16,0,1,-0.8307321667671204,0.3241291344165802,-1.8435826301574707,0.7575661540031433,
20,300,A,0,16,0,2,-0.688959002494812,0.3767760396003723,-1.9087697267532349,0.764011561870575,
20,300,A,0,16,0,3,-0.5822317600250244,0.3516356647014618,-1.7284040451049805,0.7652330994606018,
20,300,A,0,16,1,0,-1.700178623199463,0.16218824684619904,-2.2318315505981445,0.7662459015846252,
20,300,A,0,16,1,1,-1.65159010887146,0.14259272813796997,-2.1631131172180176,0.7820068597793579,
20,300,A,0,16,1,2,-1.6830289363861084,0.14491724967956543,-2.3243038654327393,0.815671980381012,
20,300,A,0,16,1,3,-1.6808348894119263,0.15054979920387268,-2.230891466140747,0.7851149439811707,
20,300,A,0,17,0,0,1.1177902221679688,0.17952649295330048,0.7492981553077698,0.6724080443382263,
20,300,A,0,17,0,1,1.15616774559021,0.17363491654396057,0.66352379322052,0.7393960356712341,
20,300,A,0,17,0,2,1.162825107574463,0.1795637309551239,0.702229380607605,0.7195015549659729,
20,300,A,0,17,0,3,1.1393401622772217,0.19064787030220032,0.6821748614311218,0.705705463886261,
20,300,A,0,17,1,0,-0.0437244176864624,1.1651066541671753,-2.369910478591919,0.6662821769714355,
20,300,A,0,17,1,1,0.282055139541626,0.8326953053474426,-1.882181167602539,0.7221506834030151,
20,300,A,0,17,1,2,0.06983470916748047,1.0360047817230225,-2.704521417617798,0.7281084656715393,
20,300,A,0,17,1,3,0.31808435916900635,0.9324383735656738,-1.9875446557998657,0.7120385766029358,
20,300,A,0,18,0,0,1.0592721700668335,2.682347059249878,-1.31575345993042,0.46961650252342224,
20,300,A,0,18,0,1,1.547012448310852,2.429246187210083,-1.1708588600158691,0.5280375480651855,
20,300,A,0,18,0,2,1.0097144842147827,2.6710870265960693,-1.4011027812957764,0.47439250349998474,
20,300,A,0,18,0,3,0.684126615524292,2.5959885120391846,-1.3169152736663818,0.4352900981903076,
20,300,A,0,18,1,0,0.945274829864502,1.2628971338272095,-0.4028410315513611,0.5163191556930542,
20,300,A,0,18,1,1,0.6483034491539001,1.274101972579956,-0.3661125898361206,0.4432632625102997,
20,300,A,0,18,1,2,0.7073157429695129,1.5747952461242676,-0.47174710035324097,0.42814943194389343,
20,300,A,0,18,1,3,0.9857264757156372,1.5991063117980957,-0.3721058666706085,0.4592020809650421,
20,300,A,0,19,0,0,5.884248733520508,8.393440246582031,0.24202895164489746,0.40199175477027893,
20,300,A,0,19,0,1,6.482381820678711,7.166982650756836,-0.012011885643005371,0.47538354992866516,
20,300,A,0,19,0,2,3.8034849166870117,7.042203903198242,-0.1002202033996582,0.3566359877586365,
20,300,A,0,19,0,3,5.20123291015625,7.8027143478393555,0.6024895906448364,0.37082281708717346,
20,300,A,0,19,1,0,9.659049987792969,7.4668755531311035,0.5071916580200195,0.5506953001022339,
20,300,A,0,19,1,1,6.938770771026611,9.18655014038086,0.1861046552658081,0.4236510694026947,
20,300,A,0,19,1,2,8.370745658874512,9.096126556396484,-0.2513751983642578,0.4866237938404083,
20,300,A,0,19,1,3,8.03619384765625,8.552249908447266,-0.6188509464263916,0.5029869675636292,
20,300,A,0,20,0,0,3.311030387878418,3.872866153717041,0.24483448266983032,0.4418747127056122,
20,300,A,0,20,0,1,3.242724895477295,3.970785617828369,0.032971978187561035,0.44700729846954346,
20,300,A,0,20,0,2,2.6527583599090576,3.9533183574676514,0.5976638197898865,0.3420361578464508,
20,300,A,0,20,0,3,2.4516329765319824,3.84159255027771,0.17102330923080444,0.37251460552215576,
20,300,A,0,20,1,0,1.6023926734924316,5.0901689529418945,-2.742419958114624,0.4605003595352173,
20,300,A,0,20,1,1,1.1889114379882812,5.794661045074463,-3.1825215816497803,0.43000125885009766,
20,300,A,0,20,1,2,2.9901373386383057,6.990574836730957,-2.8936803340911865,0.45701712369918823,
20,300,A,0,20,1,3,1.3809013366699219,5.293543338775635,-2.400562286376953,0.4166898727416992,
20,300,A,0,21,0,0,0.46212494373321533,0.8939211964607239,-1.124607801437378,0.6396428942680359,
20,300,A,0,21,0,1,0.15289413928985596,0.8434103727340698,-1.1359071731567383,0.6044434309005737,
20,300,A,0,21,0,2,1.0212726593017578,0.8461893200874329,-1.0670037269592285,0.7116376757621765,
20,300,A,0,21,0,3,0.4810326099395752,1.017533779144287,-1.2386890649795532,0.6282649636268616,
20,300,A,0,21,1,0,3.716449737548828,0.6197158098220825,2.023881673812866,0.7319897413253784,
20,300,A,0,21,1,1,3.26900053024292,0.7074294686317444,2.108646869659424,0.6212465167045593,
20,300,A,0,21,1,2,3.6735219955444336,0.7161096930503845,1.9216313362121582,0.7098421454429626,
20,300,A,0,21,1,3,2.978513240814209,0.7619708776473999,2.07210636138916,0.5432863831520081,
20,300,A,0,22,0,0,0.03083980083465576,0.5064153671264648,-0.7676807045936584,0.6119231581687927,
20,300,A,0,22,0,1,-0.050605952739715576,0.45367151498794556,-0.7373368740081787,0.6021829843521118,
20,300,A,0,22,0,2,0.06752771139144897,0.4396790862083435,-0.7497427463531494,0.6502014994621277,
20,300,A,0,22,0,3,0.24607670307159424,0.4318124055862427,-0.7683270573616028,0.7014191746711731,
20,300,A,0,22,1,0,3.0932068824768066,1.6059688329696655,-0.17450183629989624,0.6704810857772827,
20,300,A,0,22,1,1,2.769551992416382,1.6061311960220337,-0.39766159653663635,0.663520872592926,
20,300,A,0,22,1,2,2.637209892272949,1.646965503692627,-0.365634948015213,0.6457993984222412,
20,300,A,0,22,1,3,2.8790688514709473,1.7992563247680664,-0.23494800925254822,0.6337968111038208,
20,300,A,0,23,0,0,3.1784818172454834,0.9647926688194275,2.0478756427764893,0.5395660400390625,
20,300,A,0,23,0,1,2.639061212539673,0.8413395881652832,1.8657076358795166,0.4789476990699768,
20,300,A,0,23,0,2,3.1238057613372803,1.1173948049545288,1.9777518510818481,0.5063308477401733,
20,300,A,0,23,0,3,3.1010241508483887,1.0992786884307861,1.8970235586166382,0.522733211517334,
20,300,A,0,23,1,0,2.1201882362365723,1.1550928354263306,0.4115217328071594,0.5966516137123108,
20,300,A,0,23,1,1,2.3148772716522217,1.0646350383758545,0.42252403497695923,0.6399596333503723,
20,300,A,0,23,1,2,1.8283836841583252,1.3298261165618896,0.6719025373458862,0.46514007449150085,
20,300,A,0,23,1,3,1.9414035081863403,1.290113091468811,0.5398036241531372,0.5207092761993408,
20,300,A,0,24,0,0,7.536741256713867,14.704553604125977,2.1469523906707764,0.26822417974472046,
20,300,A,0,24,0,1,6.957164764404297,13.632166862487793,2.431624174118042,0.24923524260520935,
20,300,A,0,24,0,2,7.454995155334473,13.140746116638184,1.863619327545166,0.29849132895469666,
20,300,A,0,24,0,3,5.857394218444824,12.997657775878906,2.1606879234313965,0.22143438458442688,
20,300,A,0,24,1,0,4.170969009399414,9.424784660339355,-0.15552711486816406,0.31462493538856506,
20,300,A,0,24,1,1,3.1101577281951904,8.309900283813477,-0.41494137048721313,0.2978537678718567,
20,300,A,0,24,1,2,2.754803419113159,8.283843994140625,-0.6126365065574646,0.28901877999305725,
20,300,A,0,24,1,3,4.859530448913574,9.101405143737793,-0.14482736587524414,0.35477396845817566,
20,300,A,0,25,0,0,3.3367128372192383,7.056754112243652,0.7049000263214111,0.2716410756111145,
20,300,A,0,25,0,1,4.068171977996826,7.488734245300293,0.8501572608947754,0.30055946111679077,
20,300,A,0,25,0,2,3.6948890686035156,7.149936199188232,0.8038041591644287,0.28792738914489746,
20,300,A,0,25,0,3,2.6363768577575684,7.779839992523193,0.6773860454559326,0.20115256309509277,
20,300,A,0,25,1,0,15.610319137573242,17.27365493774414,2.654470682144165,0.42858290672302246,
20,300,A,0,25,1,1,12.766303062438965,17.58244514465332,3.250214099884033,0.3511661887168884,
20,300,A,0,25,1,2,12.769890785217285,16.25438117980957,2.928966522216797,0.37711474299430847,
20,300,A,0,25,1,3,13.68411922454834,16.154218673706055,3.399352550506592,0.3890000581741333,
20,300,A,0,26,0,0,4.9614458084106445,5.081254482269287,2.145214557647705,0.35659846663475037,
20,300,A,0,26,0,1,4.402622699737549,5.66759729385376,2.27362322807312,0.27306780219078064,
20,300,A,0,26,0,2,4.670346260070801,5.896852970123291,2.184305191040039,0.29656121134757996,
20,300,A,0,26,0,3,4.915213584899902,4.9379048347473145,2.1874523162841797,0.35584136843681335,
20,300,A,0,26,1,0,3.215507745742798,8.226086616516113,0.2934446334838867,0.26211193203926086,
20,300,A,0,26,1,1,3.2463724613189697,6.616435527801514,0.2905005216598511,0.3087941110134125,
20,300,A,0,26,1,2,4.035042762756348,6.833752155303955,0.1820259392261505,0.36054083704948425,
20,300,A,0,26,1,3,4.174732685089111,9.178091049194336,0.3086085915565491,0.29638609290122986,
20,300,A,0,27,0,0,8.455286026000977,11.207701683044434,0.9482566118240356,0.40112945437431335,
20,300,A,0,27,0,1,6.1298675537109375,13.828453063964844,0.8844061493873596,0.27500706911087036,
20,300,A,0,27,0,2,8.379063606262207,12.952614784240723,0.6797130703926086,0.372814416885376,
20,300,A,0,27,0,3,6.290949821472168,16.82368278503418,0.9310429096221924,0.24161584675312042,
20,300,A,0,27,1,0,35.09771728515625,55.90448760986328,5.045140266418457,0.3496231436729431,
20,300,A,0,27,1,1,15.824234962463379,56.84152603149414,5.87718391418457,0.14893342554569244,
20,300,A,0,27,1,2,17.342388153076172,59.06072235107422,4.9994730949401855,0.17286114394664764,
20,300,A,0,27,1,3,31.87176513671875,47.63705062866211,4.306468963623047,0.3665483593940735,
20,300,A,0,28,0,0,13.597496032714844,15.6506986618042,2.379204750061035,0.41751816868782043,
20,300,A,0,28,0,1,14.634281158447266,23.79452133178711,2.840292453765869,0.33139878511428833,
20,300,A,0,28,0,2,8.162862777709961,16.50300407409668,2.5204567909240723,0.25478896498680115,
20,300,A,0,28,0,3,11.917947769165039,17.526451110839844,2.6506705284118652,0.3458748757839203,
20,300,A,0,28,1,0,16.721824645996094,38.26494598388672,0.5650813579559326,0.2968806028366089,
20,300,A,0,28,1,1,12.063434600830078,28.64645767211914,1.1328225135803223,0.2761855125427246,
20,300,A,0,28,1,2,16.14695930480957,28.630977630615234,0.3844895362854004,0.35506299138069153,
20,300,A,0,28,1,3,19.622005462646484,28.10676383972168,0.44528353214263916,0.4055691063404083,
20,300,A,0,29,0,0,4.0412797927856445,7.7016754150390625,1.7806123495101929,0.22692126035690308,
20,300,A,0,29,0,1,4.44003963470459,6.0910186767578125,1.8977185487747192,0.2944771349430084,
20,300,A,0,29,0,2,4.409505844116211,6.3205790519714355,2.0285234451293945,0.27362701296806335,
20,300,A,0,29,0,3,5.632015228271484,7.569104194641113,1.8240810632705688,0.3347034752368927,
20,300,A,0,29,1,0,24.078847885131836,34.626529693603516,2.0104401111602783,0.3892482817173004,
20,300,A,0,29,1,1,18.49764060974121,39.91794204711914,2.0967888832092285,0.29121455550193787,
20,300,A,0,29,1,2,13.89561653137207,38.33272171020508,1.958044171333313,0.2374677211046219,
20,300,A,0,29,1,3,29.32299041748047,39.90948486328125,1.4684269428253174,0.41105222702026367,
20,300,A,0,30,0,0,5.677286624908447,8.866581916809082,0.5834183692932129,0.36487850546836853,
20,300,A,0,30,0,1,4.888853549957275,9.127816200256348,0.9726522564888,0.3002296984195709,
20,300,A,0,30,0,2,3.956131935119629,9.754300117492676,0.9506296515464783,0.2355445921421051,
20,300,A,0,30,0,3,6.030056476593018,8.333584785461426,0.6710709929466248,0.39137908816337585,
20,300,A,0,30,1,0,5.2399396896362305,5.587198734283447,0.5605149269104004,0.45579004287719727,
20,300,A,0,30,1,1,3.3414108753204346,7.024877071380615,0.3960762917995453,0.29541346430778503,
20,300,A,0,30,1,2,6.3470563888549805,6.805996417999268,0.6311569213867188,0.45647236704826355,
20,300,A,0,30,1,3,4.630431652069092,5.926782608032227,0.5239769220352173,0.40928512811660767,
20,300,A,0,31,0,0,8.91069507598877,13.676833152770996,0.9862502813339233,0.36685073375701904,
20,300,A,0,31,0,1,6.062234878540039,14.595147132873535,0.5651010274887085,0.27359431982040405,
20,300,A,0,31,0,2,9.36136245727539,15.292593955993652,0.14422112703323364,0.3760603964328766,
20,300,A,0,31,0,3,4.750014781951904,12.39830207824707,1.147576928138733,0.2251419574022293,
20,300,A,0,31,1,0,1.031912088394165,5.694676399230957,-2.0461323261260986,0.3508654534816742,
20,300,A,0,31,1,1,1.4118194580078125,5.221517562866211,-2.2133567333221436,0.40977752208709717,
20,300,A,0,31,1,2,0.6384313106536865,6.573269844055176,-2.1711130142211914,0.2994351387023926,
20,300,A,0,31,1,3,1.8410489559173584,7.158634662628174,-2.1013600826263428,0.3551385998725891,
20,300,A,0,32,0,0,3.1538124084472656,2.5002408027648926,1.805747389793396,0.3503009080886841,
20,300,A,0,32,0,1,3.2380013465881348,2.2709829807281494,1.6635502576828003,0.40943390130996704,
20,300,A,0,32,0,2,3.2275748252868652,2.577956438064575,1.720974326133728,0.368852823972702,
20,300,A,0,32,0,3,3.0142459869384766,2.5448927879333496,1.5636136531829834,0.3630642592906952,
20,300,A,0,32,1,0,0.42813873291015625,2.9825477600097656,-1.2925664186477661,0.36585429310798645,
20,300,A,0,32,1,1,0.8264865875244141,2.9103167057037354,-1.4239023923873901,0.4360622763633728,
20,300,A,0,32,1,2,0.05680835247039795,2.5336246490478516,-1.2963502407073975,0.3481435775756836,
20,300,A,0,32,1,3,0.44178831577301025,2.8829240798950195,-1.1634081602096558,0.35765448212623596,
20,300,A,0,33,0,0,14.345513343811035,20.304180145263672,0.22482389211654663,0.4101886451244354,
20,300,A,0,33,0,1,12.549213409423828,23.083744049072266,0.07147878408432007,0.3508778214454651,
20,300,A,0,33,0,2,13.271303176879883,20.107921600341797,0.06866732239723206,0.3963499069213867,
20,300,A,0,33,0,3,10.19975471496582,26.193866729736328,0.21183913946151733,0.2760482132434845,
20,300,A,0,33,1,0,10.56872844696045,24.240367889404297,-0.6485754251480103,0.3163576126098633,
20,300,A,0,33,1,1,15.7715425491333,21.415924072265625,-0.3659508228302002,0.42972102761268616,
20,300,A,0,33,1,2,6.4267730712890625,25.541242599487305,-0.7607072591781616,0.21960772573947906,
20,300,A,0,33,1,3,7.065814971923828,24.27254295349121,0.4246402978897095,0.21482937037944794,
20,300,A,0,34,0,0,10.132965087890625,20.531143188476562,0.38537806272506714,0.3219285309314728,
20,300,A,0,34,0,1,10.871257781982422,16.715139389038086,0.6788053512573242,0.37879467010498047,
20,300,A,0,34,0,2,7.772588729858398,20.88313865661621,0.49266666173934937,0.2584918439388275,
20,300,A,0,34,0,3,7.215791702270508,17.5349178314209,0.17294412851333618,0.28655362129211426,
20,300,A,0,34,1,0,12.669550895690918,23.47088623046875,-0.57740718126297,0.3607771098613739,
20,300,A,0,34,1,1,12.413495063781738,24.515729904174805,-0.6795106530189514,0.34813737869262695,
20,300,A,0,34,1,2,12.840325355529785,19.179487228393555,-0.8295701742172241,0.41613858938217163,
20,300,A,0,34,1,3,11.239214897155762,17.14470672607422,-0.5757461190223694,0.4079798758029938,
20,300,A,0,35,0,0,10.644721984863281,24.645944595336914,0.5618013143539429,0.290332555770874,
20,300,A,0,35,0,1,11.737405776977539,26.280908584594727,0.8851271271705627,0.2922528088092804,
20,300,A,0,35,0,2,12.874576568603516,27.900562286376953,0.7358233332633972,0.3031708598136902,
20,300,A,0,35,0,3,15.302297592163086,28.03215217590332,0.4831850528717041,0.34582674503326416,
20,300,A,0,35,1,0,8.239784240722656,7.373059272766113,1.3886479139328003,0.48165372014045715,
20,300,A,0,35,1,1,6.9686994552612305,10.052597999572754,1.568473219871521,0.3494653105735779,
20,300,A,0,35,1,2,4.019465446472168,10.155313491821289,1.7569223642349243,0.18220077455043793,
20,300,A,0,35,1,3,5.452553749084473,8.216976165771484,1.6737562417984009,0.31501075625419617,
20,300,A,1,0,0,0,9.268180847167969,5.481125354766846,2.772416591644287,0.5423582196235657,
20,300,A,1,0,0,1,8.467914581298828,5.880552768707275,2.5457093715667725,0.5017645359039307,
20,300,A,1,0,0,2,8.411083221435547,6.077256679534912,2.653550863265991,0.4864921569824219,
20,300,A,1,0,0,3,6.892848491668701,5.413874626159668,2.5594804286956787,0.4445737302303314,
20,300,A,1,0,1,0,12.757590293884277,10.935250282287598,0.614354133605957,0.5261712670326233,
20,300,A,1,0,1,1,9.30138111114502,12.160130500793457,0.4317981004714966,0.4217643141746521,
20,300,A,1,0,1,2,9.509711265563965,11.228360176086426,0.46303510665893555,0.4461977779865265,
20,300,A,1,0,1,3,10.085358619689941,10.330427169799805,0.8269467353820801,0.4726370871067047,
20,300,A,1,1,0,0,14.108827590942383,9.228937149047852,3.8252220153808594,0.5270254015922546,
20,300,A,1,1,0,1,12.53827953338623,10.410473823547363,3.6703624725341797,0.4599926173686981,
20,300,A,1,1,0,2,11.353808403015137,11.965408325195312,3.6175479888916016,0.39267033338546753,
20,300,A,1,1,0,3,10.700164794921875,11.541526794433594,3.0252573490142822,0.39939290285110474,
20,300,A,1,1,1,0,4.537968635559082,5.252424240112305,0.049829334020614624,0.460767924785614,
20,300,A,1,1,1,1,3.966437578201294,5.225973129272461,0.2515069246292114,0.4154983460903168,
20,300,A,1,1,1,2,6.827901840209961,5.7925591468811035,0.08633607625961304,0.5378568768501282,
20,300,A,1,1,1,3,5.098812103271484,4.33259391784668,0.2011125087738037,0.5306114554405212,
20,300,A,1,2,0,0,11.329084396362305,13.884672164916992,0.7831196784973145,0.4316696524620056,
20,300,A,1,2,0,1,12.832437515258789,14.858135223388672,1.304072618484497,0.4369039237499237,
20,300,A,1,2,0,2,11.705644607543945,11.010029792785645,1.1128863096237183,0.4903421700000763,
20,300,A,1,2,0,3,13.666425704956055,12.845848083496094,1.1736689805984497,0.4930325448513031,
20,300,A,1,2,1,0,7.616372585296631,10.845829010009766,-0.5486923456192017,0.4294939935207367,
20,300,A,1,2,1,1,5.684296131134033,12.158034324645996,-0.6430063247680664,0.34228765964508057,
20,300,A,1,2,1,2,8.090076446533203,10.65009593963623,-0.7535080909729004,0.4536641836166382,
20,300,A,1,2,1,3,5.809021949768066,12.490532875061035,-0.6614382266998291,0.34125110507011414,
20,300,A,1,3,0,0,31.34212875366211,44.07912826538086,5.294939041137695,0.37143245339393616,
20,300,A,1,3,0,1,30.834346771240234,46.98050308227539,3.052663564682007,0.3716007471084595,
20,300,A,1,3,0,2,34.11967086791992,36.022640228271484,4.773061752319336,0.44893598556518555,
20,300,A,1,3,0,3,24.64101791381836,46.215965270996094,3.2875657081604004,0.31602245569229126,
20,300,A,1,3,1,0,14.17695140838623,48.86959457397461,1.9861807823181152,0.19965113699436188,
20,300,A,1,3,1,1,10.868550300598145,33.03639602661133,1.9572100639343262,0.2124391347169876,
20,300,A,1,3,1,2,13.00742244720459,33.40925216674805,1.7209348678588867,0.2525182068347931,
20,300,A,1,3,1,3,18.347496032714844,37.233131408691406,1.671276569366455,0.30933818221092224,
20,300,A,1,4,0,0,11.664019584655762,24.189205169677734,2.8776755332946777,0.26645028591156006,
20,300,A,1,4,0,1,11.101280212402344,27.398778915405273,3.17348051071167,0.22441460192203522,
20,300,A,1,4,0,2,17.411903381347656,24.415889739990234,3.1999711990356445,0.36791959404945374,
20,300,A,1,4,0,3,16.005491256713867,29.201425552368164,3.549931526184082,0.29900291562080383,
20,300,A,1,4,1,0,4.298184394836426,12.027724266052246,-0.9906640648841858,0.30542120337486267,
20,300,A,1,4,1,1,7.973040580749512,10.430333137512207,-1.0920891761779785,0.464986652135849,
20,300,A,1,4,1,2,5.459632873535156,10.676063537597656,-1.436457633972168,0.3924442529678345,
20,300,A,1,4,1,3,6.959650039672852,14.925182342529297,-0.6619648933410645,0.3380354046821594,
20,300,A,1,5,0,0,8.26202392578125,8.660765647888184,2.1590652465820312,0.41337528824806213,
20,300,A,1,5,0,1,7.465131759643555,10.321187973022461,2.0665740966796875,0.34342527389526367,
20,300,A,1,5,0,2,9.499939918518066,8.694257736206055,2.18597149848938,0.4568881094455719,
20,300,A,1,5,0,3,8.96641731262207,11.654586791992188,2.3839828968048096,0.36093801259994507,
20,300,A,1,5,1,0,15.990455627441406,25.43079948425293,1.0643020868301392,0.36985331773757935,
20,300,A,1,5,1,1,12.651693344116211,23.713645935058594,0.5712981224060059,0.337497353553772,
20,300,A,1,5,1,2,9.445605278015137,24.11097526550293,1.1459839344024658,0.2560774087905884,
20,300,A,1,5,1,3,16.38580894470215,25.87113380432129,1.3085737228393555,0.3682011067867279,
20,300,A,1,6,0,0,26.61004066467285,78.57447052001953,2.483121871948242,0.23492299020290375,
20,300,A,1,6,0,1,31.679576873779297,86.010498046875,2.3611257076263428,0.25421589612960815,
20,300,A,1,6,0,2,40.66617202758789,83.86325073242188,3.534472703933716,0.30688634514808655,
20,300,A,1,6,0,3,32.44700241088867,79.50548553466797,2.6566665172576904,0.2725661098957062,
20,300,A,1,6,1,0,18.161739349365234,76.01371765136719,1.61592435836792,0.1787586361169815,
20,300,A,1,6,1,1,22.529438018798828,77.2954330444336,1.9327833652496338,0.21040163934230804,
20,300,A,1,6,1,2,26.499223709106445,67.4886474609375,3.3359057903289795,0.25551921129226685,
20,300,A,1,6,1,3,30.976787567138672,85.85285949707031,4.616211414337158,0.2349146157503128,
20,300,A,1,7,0,0,13.433576583862305,40.57564926147461,2.5461716651916504,0.21155770123004913,
20,300,A,1,7,0,1,17.93805694580078,37.356685638427734,2.1755874156951904,0.296737939119339,
20,300,A,1,7,0,2,14.884125709533691,45.819976806640625,2.3480143547058105,0.2148209661245346,
20,300,A,1,7,0,3,9.677839279174805,42.68763732910156,3.045039653778076,0.13448379933834076,
20,300,A,1,7,1,0,21.719783782958984,29.645462036132812,1.3707512617111206,0.4070254862308502,
20,300,A,1,7,1,1,12.011616706848145,33.96794509887695,1.1373823881149292,0.24250011146068573,
20,300,A,1,7,1,2,13.937983512878418,38.585323333740234,0.9537327289581299,0.2517812252044678,
20,300,A,1,7,1,3,14.306577682495117,32.19038391113281,1.5437424182891846,0.2839137315750122,
20,300,A,1,8,0,0,4.504683017730713,35.64112854003906,1.5091674327850342,0.07753042876720428,
20,300,A,1,8,0,1,10.148760795593262,38.15391540527344,1.495383858680725,0.18487240374088287,
20,300,A,1,8,0,2,6.569416522979736,30.955581665039062,1.4310569763183594,0.14236071705818176,
20,300,A,1,8,0,3,12.305617332458496,31.909114837646484,1.5080674886703491,0.2528305649757385,
20,300,A,1,8,1,0,14.925996780395508,33.36620330810547,2.834995746612549,0.26598647236824036,
20,300,A,1,8,1,1,9.749479293823242,28.30829620361328,3.0306997299194336,0.19181674718856812,
20,300,A,1,8,1,2,8.042329788208008,36.20918655395508,3.408857822418213,0.11344686895608902,
20,300,A,1,8,1,3,11.234466552734375,28.84520721435547,3.065624237060547,0.22069571912288666,
20,300,A,1,9,0,0,9.22131061553955,19.547109603881836,2.666313648223877,0.25112903118133545,
20,300,A,1,9,0,1,12.14574146270752,25.88506507873535,2.78690505027771,0.2655448317527771,
20,300,A,1,9,0,2,13.052593231201172,27.296733856201172,3.158989429473877,0.26602619886398315,
20,300,A,1,9,0,3,9.039137840270996,25.753398895263672,2.806161403656006,0.1948634833097458,
20,300,A,1,9,1,0,15.779260635375977,36.13622283935547,3.2669477462768555,0.25719812512397766,
20,300,A,1,9,1,1,10.593145370483398,36.08182144165039,3.7470409870147705,0.1594790518283844,
20,300,A,1,9,1,2,19.884187698364258,35.738380432128906,3.0567219257354736,0.3201216459274292,
20,300,A,1,9,1,3,11.103632926940918,33.272552490234375,3.0095341205596924,0.19566725194454193,
20,300,A,1,10,0,0,19.882137298583984,35.29947280883789,1.149000644683838,0.3467005789279938,
20,300,A,1,10,0,1,15.620132446289062,37.695438385009766,0.4176642894744873,0.28739261627197266,
20,300,A,1,10,0,2,14.99620246887207,33.485748291015625,0.958817720413208,0.2953800559043884,
20,300,A,1,10,0,3,23.970731735229492,33.82577896118164,1.2970755100250244,0.4013076722621918,
20,300,A,1,10,1,0,9.671875953674316,23.388748168945312,-0.3851792812347412,0.30069708824157715,
20,300,A,1,10,1,1,5.6640119552612305,25.8992862701416,0.4240567684173584,0.16827496886253357,
20,300,A,1,10,1,2,8.702988624572754,21.073396682739258,0.3690824508666992,0.28339579701423645,
20,300,A,1,10,1,3,8.646261215209961,20.809974670410156,0.27578091621398926,0.28685227036476135,
20,300,A,1,11,0,0,1.8871660232543945,6.555380821228027,-1.0601541996002197,0.31015604734420776,
20,300,A,1,11,0,1,2.0852367877960205,6.481326103210449,-1.1685196161270142,0.3342300057411194,
20,300,A,1,11,0,2,0.5133988857269287,6.389416217803955,-0.987729012966156,0.1902438998222351,
20,300,A,1,11,0,3,1.0959296226501465,6.002891540527344,-0.9601745009422302,0.2551315724849701,
20,300,A,1,11,1,0,3.719280242919922,14.633546829223633,0.3354753255844116,0.1878081113100052,
20,300,A,1,11,1,1,6.505157470703125,13.298934936523438,0.5183429718017578,0.31042686104774475,
20,300,A,1,11,1,2,5.182920932769775,13.035709381103516,0.12590277194976807,0.27950558066368103,
20,300,A,1,11,1,3,9.371870994567871,12.313817977905273,1.1960840225219727,0.3990212082862854,
20,300,A,1,12,0,0,-0.6429194808006287,0.3006766438484192,-1.3837178945541382,0.711297333240509,
20,300,A,1,12,0,1,-0.7491077184677124,0.30553311109542847,-1.3261044025421143,0.653798520565033,
20,300,A,1,12,0,2,-0.8350474238395691,0.3059423565864563,-1.3726955652236938,0.6373330950737,
20,300,A,1,12,0,3,-0.6939939260482788,0.312585711479187,-1.2951587438583374,0.6579091548919678,
20,300,A,1,12,1,0,1.7988674640655518,1.543534278869629,-0.5451604127883911,0.6029557585716248,
20,300,A,1,12,1,1,1.7945311069488525,1.3447345495224,0.09221768379211426,0.5586763024330139,
20,300,A,1,12,1,2,2.194581985473633,1.1672391891479492,-0.22988033294677734,0.675017774105072,
20,300,A,1,12,1,3,1.7932298183441162,1.2880364656448364,-0.4713088274002075,0.6374358534812927,
20,300,A,1,13,0,0,3.61972975730896,0.9331830739974976,2.3076696395874023,0.5843732953071594,
20,300,A,1,13,0,1,4.0512285232543945,1.001987099647522,2.6091058254241943,0.5900400280952454,
20,300,A,1,13,0,2,3.6137566566467285,0.9741010665893555,2.4924654960632324,0.5351223349571228,
20,300,A,1,13,0,3,3.6141934394836426,1.1007440090179443,2.3436522483825684,0.5358027219772339,
20,300,A,1,13,1,0,2.058302402496338,0.5286742448806763,1.7054574489593506,0.40026915073394775,
20,300,A,1,13,1,1,2.174447536468506,0.536831796169281,1.7538774013519287,0.43928271532058716,
20,300,A,1,13,1,2,2.2043166160583496,0.427508145570755,1.7816643714904785,0.4971441328525543,
20,300,A,1,13,1,3,2.1594924926757812,0.4712422788143158,1.7199232578277588,0.4826127588748932,
20,300,A,1,14,0,0,4.856734275817871,1.9794925451278687,2.059826612472534,0.5855681300163269,
20,300,A,1,14,0,1,4.970536231994629,2.1001930236816406,2.4667952060699463,0.5438264012336731,
20,300,A,1,14,0,2,4.046027183532715,2.2288146018981934,2.468641757965088,0.414425253868103,
20,300,A,1,14,0,3,4.469343185424805,2.036161422729492,2.8008711338043213,0.45037439465522766,
20,300,A,1,14,1,0,-0.19248437881469727,1.1720787286758423,-1.3402416706085205,0.4947579503059387,
20,300,A,1,14,1,1,0.1011422872543335,0.9428740739822388,-1.1130214929580688,0.5628847479820251,
20,300,A,1,14,1,2,-0.03319978713989258,1.0140001773834229,-1.105339765548706,0.5139347910881042,
20,300,A,1,14,1,3,-0.13625431060791016,1.045458436012268,-1.12093985080719,0.4850323796272278,
20,300,A,1,15,0,0,0.16026026010513306,0.6898206472396851,-2.852994918823242,0.8137168288230896,
20,300,A,1,15,0,1,0.36825597286224365,0.6684264540672302,-2.1458210945129395,0.7899683713912964,
20,300,A,1,15,0,2,0.1191205382347107,0.5868555307388306,-3.2590994834899902,0.8519938588142395,
20,300,A,1,15,0,3,-0.06006801128387451,0.6452195644378662,-2.765589475631714,0.8074397444725037,
20,300,A,1,15,1,0,0.36202651262283325,0.24835024774074554,-0.879244327545166,0.833279550075531,
20,300,A,1,15,1,1,0.39238953590393066,0.27916887402534485,-0.7651063799858093,0.8056826591491699,
20,300,A,1,15,1,2,0.2556845545768738,0.2615780830383301,-0.8459785580635071,0.8081204891204834,
20,300,A,1,15,1,3,0.08024144172668457,0.32467353343963623,-0.8757611513137817,0.7464827299118042,
20,300,A,1,16,0,0,-0.428364634513855,0.37238889932632446,-1.666015625,0.7687082290649414,
20,300,A,1,16,0,1,-0.8307321667671204,0.3241291344165802,-1.857928991317749,0.7601398825645447,
20,300,A,1,16,0,2,-0.688959002494812,0.3767760396003723,-1.6683752536773682,0.722180962562561,
20,300,A,1,16,0,3,-0.5822317600250244,0.3516356647014618,-1.3162249326705933,0.6760995388031006,
20,300,A,1,16,1,0,-1.700178623199463,0.16218824684619904,-2.1024930477142334,0.7126882672309875,
20,300,A,1,16,1,1,-1.65159010887146,0.14259272813796997,-1.9907746315002441,0.7040276527404785,
20,300,A,1,16,1,2,-1.6830289363861084,0.14491724967956543,-2.1258411407470703,0.7534286379814148,
20,300,A,1,16,1,3,-1.6808348894119263,0.15054979920387268,-1.9972152709960938,0.6775753498077393,
20,300,A,1,17,0,0,1.1177902221679688,0.17952649295330048,0.7848045229911804,0.6497127413749695,
20,300,A,1,17,0,1,1.15616774559021,0.17363491654396057,0.6909801959991455,0.7281953692436218,
20,300,A,1,17,0,2,1.162825107574463,0.1795637309551239,0.7776412963867188,0.6820459961891174,
20,300,A,1,17,0,3,1.1393401622772217,0.19064787030220032,0.8277816772460938,0.6203794479370117,
20,300,A,1,17,1,0,-0.0437244176864624,1.1651066541671753,-2.1447017192840576,0.6432710886001587,
20,300,A,1,17,1,1,0.282055139541626,0.8326953053474426,-1.9486587047576904,0.7281801700592041,
20,300,A,1,17,1,2,0.06983470916748047,1.0360047817230225,-1.7895708084106445,0.64219069480896,
20,300,A,1,17,1,3,0.31808435916900635,0.9324383735656738,-1.920370101928711,0.7059382200241089,
20,300,A,1,18,0,0,1.0592721700668335,2.682347059249878,-1.023398518562317,0.437075138092041,
20,300,A,1,18,0,1,1.547012448310852,2.429246187210083,-0.9829971790313721,0.5101591348648071,
20,300,A,1,18,0,2,1.0097144842147827,2.6710870265960693,-1.0634934902191162,0.4369896650314331,
20,300,A,1,18,0,3,0.684126615524292,2.5959885120391846,-1.085414171218872,0.4053439199924469,
20,300,A,1,18,1,0,0.945274829864502,1.2628971338272095,-0.25903141498565674,0.48812606930732727,
20,300,A,1,18,1,1,0.6483034491539001,1.274101972579956,-0.37294477224349976,0.44492045044898987,
20,300,A,1,18,1,2,0.7073157429695129,1.5747952461242676,-0.3288576304912567,0.3968540132045746,
20,300,A,1,18,1,3,0.9857264757156372,1.5991063117980957,-0.3102283477783203,0.44764333963394165,
20,300,A,1,19,0,0,5.884248733520508,8.393440246582031,0.17779600620269775,0.40471601486206055,
20,300,A,1,19,0,1,6.482381820678711,7.166982650756836,0.16699814796447754,0.46841806173324585,
20,300,A,1,19,0,2,3.8034849166870117,7.042203903198242,0.3671231269836426,0.32794201374053955,
20,300,A,1,19,0,3,5.20123291015625,7.8027143478393555,1.0530669689178467,0.34710127115249634,
20,300,A,1,19,1,0,9.659049987792969,7.4668755531311035,0.8136091232299805,0.5422553420066833,
20,300,A,1,19,1,1,6.938770771026611,9.18655014038086,1.099429965019226,0.3886186182498932,
20,300,A,1,19,1,2,8.370745658874512,9.096126556396484,1.3270509243011475,0.4364171326160431,
20,300,A,1,19,1,3,8.03619384765625,8.552249908447266,0.3214430809020996,0.4742577373981476,
20,300,A,1,20,0,0,3.311030387878418,3.872866153717041,0.5241268873214722,0.4184684753417969,
20,300,A,1,20,0,1,3.242724895477295,3.970785617828369,0.4550985097885132,0.4124676287174225,
20,300,A,1,20,0,2,2.6527583599090576,3.9533183574676514,0.2590891122817993,0.37713468074798584,
20,300,A,1,20,0,3,2.4516329765319824,3.84159255027771,0.3024445176124573,0.35874927043914795,
20,300,A,1,20,1,0,1.6023926734924316,5.0901689529418945,-2.5878357887268066,0.4515139162540436,
20,300,A,1,20,1,1,1.1889114379882812,5.794661045074463,-2.9519970417022705,0.4167761206626892,
20,300,A,1,20,1,2,2.9901373386383057,6.990574836730957,-2.771315336227417,0.45180681347846985,
20,300,A,1,20,1,3,1.3809013366699219,5.293543338775635,-2.953064441680908,0.450164794921875,
20,300,A,1,21,0,0,0.46212494373321533,0.8939211964607239,-0.8799616694450378,0.6002155542373657,
20,300,A,1,21,0,1,0.15289413928985596,0.8434103727340698,-1.0267083644866943,0.5830919146537781,
20,300,A,1,21,0,2,1.0212726593017578,0.8461893200874329,-1.047675609588623,0.7097257971763611,
20,300,A,1,21,0,3,0.4810326099395752,1.017533779144287,-0.9614416360855103,0.5863697528839111,
20,300,A,1,21,1,0,3.716449737548828,0.6197158098220825,2.103468418121338,0.722436249256134,
20,300,A,1,21,1,1,3.26900053024292,0.7074294686317444,1.9938833713531494,0.6431713104248047,
20,300,A,1,21,1,2,3.6735219955444336,0.7161096930503845,2.1157174110412598,0.6850762367248535,
20,300,A,1,21,1,3,2.978513240814209,0.7619708776473999,2.0875682830810547,0.5390141010284424,
20,300,A,1,22,0,0,0.03083980083465576,0.5064153671264648,-0.6907165050506592,0.5876001715660095,
20,300,A,1,22,0,1,-0.050605952739715576,0.45367151498794556,-0.6831454634666443,0.5823357701301575,
20,300,A,1,22,0,2,0.06752771139144897,0.4396790862083435,-0.6491292715072632,0.6197652816772461,
20,300,A,1,22,0,3,0.24607670307159424,0.4318124055862427,-0.7176516056060791,0.69057697057724,
20,300,A,1,22,1,0,3.0932068824768066,1.6059688329696655,-0.07740995287895203,0.6637831330299377,
20,300,A,1,22,1,1,2.769551992416382,1.6061311960220337,-0.10342606902122498,0.6414172649383545,
20,300,A,1,22,1,2,2.637209892272949,1.646965503692627,0.00794917345046997,0.6148553490638733,
20,300,A,1,22,1,3,2.8790688514709473,1.7992563247680664,-0.13604894280433655,0.6262741088867188,
20,300,A,1,23,0,0,3.1784818172454834,0.9647926688194275,1.9469425678253174,0.5607254505157471,
20,300,A,1,23,0,1,2.639061212539673,0.8413395881652832,1.9866716861724854,0.4367522597312927,
20,300,A,1,23,0,2,3.1238057613372803,1.1173948049545288,1.8948380947113037,0.5237756967544556,
20,300,A,1,23,0,3,3.1010241508483887,1.0992786884307861,1.962613582611084,0.5087438225746155,
20,300,A,1,23,1,0,2.1201882362365723,1.1550928354263306,1.1279820203781128,0.4620717167854309,
20,300,A,1,23,1,1,2.3148772716522217,1.0646350383758545,0.993416965007782,0.5538170337677002,
20,300,A,1,23,1,2,1.8283836841583252,1.3298261165618896,0.7848543524742126,0.439685195684433,
20,300,A,1,23,1,3,1.9414035081863403,1.290113091468811,0.5659768581390381,0.5160030722618103,
20,300,A,1,24,0,0,7.536741256713867,14.704553604125977,2.402589797973633,0.2587946951389313,
20,300,A,1,24,0,1,6.957164764404297,13.632166862487793,2.790306568145752,0.23410597443580627,
20,300,A,1,24,0,2,7.454995155334473,13.140746116638184,2.1506099700927734,0.28757643699645996,
20,300,A,1,24,0,3,5.857394218444824,12.997657775878906,2.1884727478027344,0.22013644874095917,
20,300,A,1,24,1,0,4.170969009399414,9.424784660339355,0.09048986434936523,0.30213993787765503,
20,300,A,1,24,1,1,3.1101577281951904,8.309900283813477,-0.31798481941223145,0.29205402731895447,
20,300,A,1,24,1,2,2.754803419113159,8.283843994140625,-0.13528704643249512,0.2586457133293152,
20,300,A,1,24,1,3,4.859530448913574,9.101405143737793,-0.05058455467224121,0.35043415427207947,
20,300,A,1,25,0,0,3.3367128372192383,7.056754112243652,0.9042235016822815,0.2563417851924896,
20,300,A,1,25,0,1,4.068171977996826,7.488734245300293,0.8624366521835327,0.29975634813308716,
20,300,A,1,25,0,2,3.6948890686035156,7.149936199188232,1.0305389165878296,0.27147671580314636,
20,300,A,1,25,0,3,2.6363768577575684,7.779839992523193,0.9241487383842468,0.18038514256477356,
20,300,A,1,25,1,0,15.610319137573242,17.27365493774414,2.9915828704833984,0.4221387207508087,
20,300,A,1,25,1,1,12.766303062438965,17.58244514465332,2.9970006942749023,0.3571728765964508,
20,300,A,1,25,1,2,12.769890785217285,16.25438117980957,2.620234489440918,0.3843978941440582,
20,300,A,1,25,1,3,13.68411922454834,16.154218673706055,2.7646234035491943,0.4033246338367462,
20,300,A,1,26,0,0,4.9614458084106445,5.081254482269287,2.279947280883789,0.345431387424469,
20,300,A,1,26,0,1,4.402622699737549,5.66759729385376,2.46950101852417,0.25433406233787537,
20,300,A,1,26,0,2,4.670346260070801,5.896852970123291,2.32236647605896,0.2847819924354553,
20,300,A,1,26,0,3,4.915213584899902,4.9379048347473145,2.43334698677063,0.3344936668872833,
20,300,A,1,26,1,0,3.215507745742798,8.226086616516113,0.5590298771858215,0.2441040277481079,
20,300,A,1,26,1,1,3.2463724613189697,6.616435527801514,0.4269205927848816,0.29880091547966003,
20,300,A,1,26,1,2,4.035042762756348,6.833752155303955,0.5103814601898193,0.34027037024497986,
20,300,A,1,26,1,3,4.174732685089111,9.178091049194336,0.3540843725204468,0.2939245104789734,
20,300,A,1,27,0,0,8.455286026000977,11.207701683044434,1.1097904443740845,0.39591532945632935,
20,300,A,1,27,0,1,6.1298675537109375,13.828453063964844,0.8814845681190491,0.2751181125640869,
20,300,A,1,27,0,2,8.379063606262207,12.952614784240723,1.272214412689209,0.35428908467292786,
20,300,A,1,27,0,3,6.290949821472168,16.82368278503418,0.8297486305236816,0.24506302177906036,
20,300,A,1,27,1,0,35.09771728515625,55.90448760986328,6.6448259353637695,0.33728986978530884,
20,300,A,1,27,1,1,15.824234962463379,56.84152603149414,5.647365570068359,0.15185187757015228,
20,300,A,1,27,1,2,17.342388153076172,59.06072235107422,4.501069068908691,0.17859463393688202,
20,300,A,1,27,1,3,31.87176513671875,47.63705062866211,5.293405532836914,0.3581245541572571,
20,300,A,1,28,0,0,13.597496032714844,15.6506986618042,2.5469956398010254,0.4138578474521637,
20,300,A,1,28,0,1,14.634281158447266,23.79452133178711,2.9415574073791504,0.32949090003967285,
20,300,A,1,28,0,2,8.162862777709961,16.50300407409668,2.465789556503296,0.2566240131855011,
20,300,A,1,28,0,3,11.917947769165039,17.526451110839844,2.6039018630981445,0.3470146656036377,
20,300,A,1,28,1,0,16.721824645996094,38.26494598388672,0.5598832368850708,0.29694774746894836,
20,300,A,1,28,1,1,12.063434600830078,28.64645767211914,1.6140522956848145,0.2672760784626007,
20,300,A,1,28,1,2,16.14695930480957,28.630977630615234,0.4948526620864868,0.35345566272735596,
20,300,A,1,28,1,3,19.622005462646484,28.10676383972168,0.6416045427322388,0.4030907452106476,
20,300,A,1,29,0,0,4.0412797927856445,7.7016754150390625,1.8334110975265503,0.22280225157737732,
20,300,A,1,29,0,1,4.44003963470459,6.0910186767578125,1.8389513492584229,0.2992471754550934,
20,300,A,1,29,0,2,4.409505844116211,6.3205790519714355,2.2216310501098633,0.2571412920951843,
20,300,A,1,29,0,3,5.632015228271484,7.569104194641113,2.0468521118164062,0.32141628861427307,
20,300,A,1,29,1,0,24.078847885131836,34.626529693603516,2.0450685024261475,0.38887500762939453,
20,300,A,1,29,1,1,18.49764060974121,39.91794204711914,2.7779757976531982,0.28253668546676636,
20,300,A,1,29,1,2,13.89561653137207,38.33272171020508,2.218324899673462,0.23349907994270325,
20,300,A,1,29,1,3,29.32299041748047,39.90948486328125,3.3789849281311035,0.39396557211875916,
20,300,A,1,30,0,0,5.677286624908447,8.866581916809082,1.1620004177093506,0.33741822838783264,
20,300,A,1,30,0,1,4.888853549957275,9.127816200256348,1.8032652139663696,0.252639502286911,
20,300,A,1,30,0,2,3.956131935119629,9.754300117492676,0.8039842247962952,0.2442304641008377,
20,300,A,1,30,0,3,6.030056476593018,8.333584785461426,1.1063218116760254,0.3713974356651306,
20,300,A,1,30,1,0,5.2399396896362305,5.587198734283447,0.5131574869155884,0.45828884840011597,
20,300,A,1,30,1,1,3.3414108753204346,7.024877071380615,0.4752039909362793,0.28977683186531067,
20,300,A,1,30,1,2,6.3470563888549805,6.805996417999268,0.9349143505096436,0.44295960664749146,
20,300,A,1,30,1,3,4.630431652069092,5.926782608032227,0.7010641098022461,0.3986716568470001,
20,300,A,1,31,0,0,8.91069507598877,13.676833152770996,2.4988064765930176,0.3191785216331482,
20,300,A,1,31,0,1,6.062234878540039,14.595147132873535,1.9775158166885376,0.2186696082353592,
20,300,A,1,31,0,2,9.36136245727539,15.292593955993652,1.0362839698791504,0.35249361395835876,
20,300,A,1,31,0,3,4.750014781951904,12.39830207824707,0.8960492610931396,0.23713402450084686,
20,300,A,1,31,1,0,1.031912088394165,5.694676399230957,-1.7237298488616943,0.3260991871356964,
20,300,A,1,31,1,1,1.4118194580078125,5.221517562866211,-2.3051583766937256,0.4158393144607544,
20,300,A,1,31,1,2,0.6384313106536865,6.573269844055176,-1.77846097946167,0.26883745193481445,
20,300,A,1,31,1,3,1.8410489559173584,7.158634662628174,-1.958735704421997,0.34674569964408875,
20,300,A,1,32,0,0,3.1538124084472656,2.5002408027648926,1.8054265975952148,0.3503550589084625,
20,300,A,1,32,0,1,3.2380013465881348,2.2709829807281494,1.862241506576538,0.37725716829299927,
20,300,A,1,32,0,2,3.2275748252868652,2.577956438064575,1.7770622968673706,0.3600654602050781,
20,300,A,1,32,0,3,3.0142459869384766,2.5448927879333496,1.692743182182312,0.34179195761680603,
20,300,A,1,32,1,0,0.42813873291015625,2.9825477600097656,-1.2423608303070068,0.3590119481086731,
20,300,A,1,32,1,1,0.8264865875244141,2.9103167057037354,-1.293486475944519,0.42144155502319336,
20,300,A,1,32,1,2,0.05680835247039795,2.5336246490478516,-1.287989854812622,0.34673842787742615,
20,300,A,1,32,1,3,0.44178831577301025,2.8829240798950195,-1.2075673341751099,0.36391302943229675,
20,300,A,1,33,0,0,14.345513343811035,20.304180145263672,1.2940685749053955,0.3912816643714905,
20,300,A,1,33,0,1,12.549213409423828,23.083744049072266,0.4598214626312256,0.34371092915534973,
20,300,A,1,33,0,2,13.271303176879883,20.107921600341797,0.26061952114105225,0.39285117387771606,
20,300,A,1,33,0,3,10.19975471496582,26.193866729736328,0.42209672927856445,0.271816611289978,
20,300,A,1,33,1,0,10.56872844696045,24.240367889404297,0.19550156593322754,0.2996864914894104,
20,300,A,1,33,1,1,15.7715425491333,21.415924072265625,0.40130293369293213,0.41782665252685547,
20,300,A,1,33,1,2,6.4267730712890625,25.541242599487305,-0.1273646354675293,0.2042081356048584,
20,300,A,1,33,1,3,7.065814971923828,24.27254295349121,1.2665693759918213,0.19284671545028687,
20,300,A,1,34,0,0,10.132965087890625,20.531143188476562,0.3266255259513855,0.3232416808605194,
20,300,A,1,34,0,1,10.871257781982422,16.715139389038086,0.4277099370956421,0.38453802466392517,
20,300,A,1,34,0,2,7.772588729858398,20.88313865661621,0.730548620223999,0.25217530131340027,
20,300,A,1,34,0,3,7.215791702270508,17.5349178314209,0.5759661197662354,0.2746596038341522,
20,300,A,1,34,1,0,12.669550895690918,23.47088623046875,-0.2720581889152527,0.3554166853427887,
20,300,A,1,34,1,1,12.413495063781738,24.515729904174805,-0.7456654906272888,0.34928199648857117,
20,300,A,1,34,1,2,12.840325355529785,19.179487228393555,-0.4475921392440796,0.40926945209503174,
20,300,A,1,34,1,3,11.239214897155762,17.14470672607422,-0.19542348384857178,0.40010151267051697,
20,300,A,1,35,0,0,10.644721984863281,24.645944595336914,1.0019092559814453,0.28122374415397644,
20,300,A,1,35,0,1,11.737405776977539,26.280908584594727,0.6597664952278137,0.29652220010757446,
20,300,A,1,35,0,2,12.874576568603516,27.900562286376953,0.8193498253822327,0.30171412229537964,
20,300,A,1,35,0,3,15.302297592163086,28.03215217590332,1.0112333297729492,0.3376648724079132,
20,300,A,1,35,1,0,8.239784240722656,7.373059272766113,1.672208547592163,0.4711102247238159,
20,300,A,1,35,1,1,6.9686994552612305,10.052597999572754,1.7397323846817017,0.34217485785484314,
20,300,A,1,35,1,2,4.019465446472168,10.155313491821289,1.9653120040893555,0.1682426780462265,
20,300,A,1,35,1,3,5.452553749084473,8.216976165771484,1.58040452003479,0.3203001916408539,
20,300,A,2,0,0,0,9.268180847167969,5.481125354766846,2.503469944000244,0.5524090528488159,
20,300,A,2,0,0,1,8.467914581298828,5.880552768707275,2.8258864879608154,0.4896496534347534,
20,300,A,2,0,0,2,8.411083221435547,6.077256679534912,2.376494884490967,0.49823856353759766,
20,300,A,2,0,0,3,6.892848491668701,5.413874626159668,2.9990429878234863,0.41834330558776855,
20,300,A,2,0,1,0,12.757590293884277,10.935250282287598,0.30313557386398315,0.5324758887290955,
20,300,A,2,0,1,1,9.30138111114502,12.160130500793457,0.09957268834114075,0.43075716495513916,
20,300,A,2,0,1,2,9.509711265563965,11.228360176086426,0.8082500696182251,0.4366050660610199,
20,300,A,2,0,1,3,10.085358619689941,10.330427169799805,0.6397844552993774,0.47762808203697205,
20,300,A,2,1,0,0,14.108827590942383,9.228937149047852,4.33396577835083,0.5143636465072632,
20,300,A,2,1,0,1,12.53827953338623,10.410473823547363,3.351755380630493,0.4687719941139221,
20,300,A,2,1,0,2,11.353808403015137,11.965408325195312,2.8810009956359863,0.4145570993423462,
20,300,A,2,1,0,3,10.700164794921875,11.541526794433594,2.532527208328247,0.4144081175327301,
20,300,A,2,1,1,0,4.537968635559082,5.252424240112305,0.22260063886642456,0.4510307013988495,
20,300,A,2,1,1,1,3.966437578201294,5.225973129272461,0.29679620265960693,0.4125225245952606,
20,300,A,2,1,1,2,6.827901840209961,5.7925591468811035,0.2608565092086792,0.5313313007354736,
20,300,A,2,1,1,3,5.098812103271484,4.33259391784668,-0.028740644454956055,0.5420162081718445,
20,300,A,2,2,0,0,11.329084396362305,13.884672164916992,0.9537726640701294,0.4276718199253082,
20,300,A,2,2,0,1,12.832437515258789,14.858135223388672,1.5402532815933228,0.4318182170391083,
20,300,A,2,2,0,2,11.705644607543945,11.010029792785645,1.4721758365631104,0.481722354888916,
20,300,A,2,2,0,3,13.666425704956055,12.845848083496094,0.7530543804168701,0.5013106465339661,
20,300,A,2,2,1,0,7.616372585296631,10.845829010009766,-0.4478018283843994,0.4264501929283142,
20,300,A,2,2,1,1,5.684296131134033,12.158034324645996,-0.4861152172088623,0.33665764331817627,
20,300,A,2,2,1,2,8.090076446533203,10.65009593963623,-0.7876887917518616,0.45462048053741455,
20,300,A,2,2,1,3,5.809021949768066,12.490532875061035,-0.7205767631530762,0.34329935908317566,
20,300,A,2,3,0,0,31.34212875366211,44.07912826538086,6.189256191253662,0.3633127808570862,
20,300,A,2,3,0,1,30.834346771240234,46.98050308227539,3.7382566928863525,0.36578479409217834,
20,300,A,2,3,0,2,34.11967086791992,36.022640228271484,4.048697471618652,0.4549754858016968,
20,300,A,2,3,0,3,24.64101791381836,46.215965270996094,3.5290932655334473,0.31356877088546753,
20,300,A,2,3,1,0,14.17695140838623,48.86959457397461,0.582067608833313,0.21764183044433594,
20,300,A,2,3,1,1,10.868550300598145,33.03639602661133,1.2572648525238037,0.2253647744655609,
20,300,A,2,3,1,2,13.00742244720459,33.40925216674805,1.2866415977478027,0.259711354970932,
20,300,A,2,3,1,3,18.347496032714844,37.233131408691406,0.48116302490234375,0.324256032705307,
20,300,A,2,4,0,0,11.664019584655762,24.189205169677734,3.857062578201294,0.24399666488170624,
20,300,A,2,4,0,1,11.101280212402344,27.398778915405273,3.532808303833008,0.21644458174705505,
20,300,A,2,4,0,2,17.411903381347656,24.415889739990234,3.4664306640625,0.36352911591529846,
20,300,A,2,4,0,3,16.005491256713867,29.201425552368164,4.147150039672852,0.28880682587623596,
20,300,A,2,4,1,0,4.298184394836426,12.027724266052246,-1.1790673732757568,0.31289684772491455,
20,300,A,2,4,1,1,7.973040580749512,10.430333137512207,-1.0840320587158203,0.46476542949676514,
20,300,A,2,4,1,2,5.459632873535156,10.676063537597656,-1.0212535858154297,0.3777411878108978,
20,300,A,2,4,1,3,6.959650039672852,14.925182342529297,-0.5348403453826904,0.33428189158439636,
20,300,A,2,5,0,0,8.26202392578125,8.660765647888184,2.1669626235961914,0.41306132078170776,
20,300,A,2,5,0,1,7.465131759643555,10.321187973022461,2.8558645248413086,0.3087157607078552,
20,300,A,2,5,0,2,9.499939918518066,8.694257736206055,2.2798666954040527,0.4536837339401245,
20,300,A,2,5,0,3,8.96641731262207,11.654586791992188,2.327430009841919,0.3629136383533478,
20,300,A,2,5,1,0,15.990455627441406,25.43079948425293,0.632441520690918,0.3765251338481903,
20,300,A,2,5,1,1,12.651693344116211,23.713645935058594,0.24177563190460205,0.3435407876968384,
20,300,A,2,5,1,2,9.445605278015137,24.11097526550293,-0.04456222057342529,0.2824358642101288,
20,300,A,2,5,1,3,16.38580894470215,25.87113380432129,-0.22083330154418945,0.39094895124435425,
20,300,A,2,6,0,0,26.61004066467285,78.57447052001953,1.795576810836792,0.2400108277797699,
20,300,A,2,6,0,1,31.679576873779297,86.010498046875,1.2533917427062988,0.26131099462509155,
20,300,A,2,6,0,2,40.66617202758789,83.86325073242188,1.815377950668335,0.3165961802005768,
20,300,A,2,6,0,3,32.44700241088867,79.50548553466797,1.8979706764221191,0.2775809168815613,
20,300,A,2,6,1,0,18.161739349365234,76.01371765136719,2.8093061447143555,0.1680319607257843,
20,300,A,2,6,1,1,22.529438018798828,77.2954330444336,2.647035598754883,0.20459812879562378,
20,300,A,2,6,1,2,26.499223709106445,67.4886474609375,3.202425003051758,0.2566138207912445,
20,300,A,2,6,1,3,30.976787567138672,85.85285949707031,3.65928316116333,0.241383895277977,
20,300,A,2,7,0,0,13.433576583862305,40.57564926147461,2.2707552909851074,0.21575474739074707,
20,300,A,2,7,0,1,17.93805694580078,37.356685638427734,2.4478631019592285,0.29311466217041016,
20,300,A,2,7,0,2,14.884125709533691,45.819976806640625,2.3795692920684814,0.2143961787223816,
20,300,A,2,7,0,3,9.677839279174805,42.68763732910156,2.8010218143463135,0.13874495029449463,
20,300,A,2,7,1,0,21.719783782958984,29.645462036132812,1.8756842613220215,0.40097546577453613,
20,300,A,2,7,1,1,12.011616706848145,33.96794509887695,1.4475376605987549,0.23722432553768158,
20,300,A,2,7,1,2,13.937983512878418,38.585323333740234,1.149017572402954,0.24893708527088165,
20,300,A,2,7,1,3,14.306577682495117,32.19038391113281,1.663033366203308,0.28200840950012207,
20,300,A,2,8,0,0,4.504683017730713,35.64112854003906,1.0341057777404785,0.08873499929904938,
20,300,A,2,8,0,1,10.148760795593262,38.15391540527344,1.183304786682129,0.19027112424373627,
20,300,A,2,8,0,2,6.569416522979736,30.955581665039062,1.2184427976608276,0.14738312363624573,
20,300,A,2,8,0,3,12.305617332458496,31.909114837646484,1.280236840248108,0.25679537653923035,
20,300,A,2,8,1,0,14.925996780395508,33.36620330810547,2.8151512145996094,0.26630672812461853,
20,300,A,2,8,1,1,9.749479293823242,28.30829620361328,2.5576369762420654,0.2025863230228424,
20,300,A,2,8,1,2,8.042329788208008,36.20918655395508,3.3598203659057617,0.11451002955436707,
20,300,A,2,8,1,3,11.234466552734375,28.84520721435547,2.7409138679504395,0.22747281193733215,
20,300,A,2,9,0,0,9.22131061553955,19.547109603881836,2.6386983394622803,0.2519204914569855,
20,300,A,2,9,0,1,12.14574146270752,25.88506507873535,2.3485357761383057,0.2745678722858429,
20,300,A,2,9,0,2,13.052593231201172,27.296733856201172,2.998661518096924,0.26917678117752075,
20,300,A,2,9,0,3,9.039137840270996,25.753398895263672,2.9555001258850098,0.1910868138074875,
20,300,A,2,9,1,0,15.779260635375977,36.13622283935547,3.1099748611450195,0.25958719849586487,
20,300,A,2,9,1,1,10.593145370483398,36.08182144165039,3.4933688640594482,0.16441671550273895,
20,300,A,2,9,1,2,19.884187698364258,35.738380432128906,2.386554479598999,0.3286803662776947,
20,300,A,2,9,1,3,11.103632926940918,33.272552490234375,2.849377393722534,0.19876931607723236,
20,300,A,2,10,0,0,19.882137298583984,35.29947280883789,1.632983684539795,0.3407959043979645,
20,300,A,2,10,0,1,15.620132446289062,37.695438385009766,0.6882097721099854,0.2837292551994324,
20,300,A,2,10,0,2,14.99620246887207,33.485748291015625,1.4484965801239014,0.2880440354347229,
20,300,A,2,10,0,3,23.970731735229492,33.82577896118164,1.1363489627838135,0.4030059576034546,
20,300,A,2,10,1,0,9.671875953674316,23.388748168945312,0.2606625556945801,0.28692755103111267,
20,300,A,2,10,1,1,5.6640119552612305,25.8992862701416,0.2977309226989746,0.1716354936361313,
20,300,A,2,10,1,2,8.702988624572754,21.073396682739258,0.04528987407684326,0.2912001311779022,
20,300,A,2,10,1,3,8.646261215209961,20.809974670410156,-0.08124160766601562,0.2954721748828888,
20,300,A,2,11,0,0,1.8871660232543945,6.555380821228027,-1.162577509880066,0.3175121247768402,
20,300,A,2,11,0,1,2.0852367877960205,6.481326103210449,-1.0865325927734375,0.32857537269592285,
20,300,A,2,11,0,2,0.5133988857269287,6.389416217803955,-1.034469485282898,0.19501231610774994,
20,300,A,2,11,0,3,1.0959296226501465,6.002891540527344,-1.0174000263214111,0.2603834271430969,
20,300,A,2,11,1,0,3.719280242919922,14.633546829223633,0.23984670639038086,0.19209614396095276,
20,300,A,2,11,1,1,6.505157470703125,13.298934936523438,0.5148112773895264,0.31055310368537903,
20,300,A,2,11,1,2,5.182920932769775,13.035709381103516,-0.11641943454742432,0.2890278697013855,
20,300,A,2,11,1,3,9.371870994567871,12.313817977905273,0.8029932975769043,0.41033390164375305,
20,300,A,2,12,0,0,-0.6429194808006287,0.3006766438484192,-1.307453989982605,0.6884861588478088,
20,300,A,2,12,0,1,-0.7491077184677124,0.30553311109542847,-1.3529280424118042,0.6640105843544006,
20,300,A,2,12,0,2,-0.8350474238395691,0.3059423565864563,-1.3586560487747192,0.6311952471733093,
20,300,A,2,12,0,3,-0.6939939260482788,0.312585711479187,-1.3332974910736084,0.671615481376648,
20,300,A,2,12,1,0,1.7988674640655518,1.543534278869629,-1.0645692348480225,0.6497516632080078,
20,300,A,2,12,1,1,1.7945311069488525,1.3447345495224,-0.07611370086669922,0.5817804336547852,
20,300,A,2,12,1,2,2.194581985473633,1.1672391891479492,-0.836252748966217,0.7219583988189697,
20,300,A,2,12,1,3,1.7932298183441162,1.2880364656448364,-0.6744710206985474,0.6570483446121216,
20,300,A,2,13,0,0,3.61972975730896,0.9331830739974976,2.42020320892334,0.5624425411224365,
20,300,A,2,13,0,1,4.0512285232543945,1.001987099647522,2.3609352111816406,0.6278296113014221,
20,300,A,2,13,0,2,3.6137566566467285,0.9741010665893555,2.5930984020233154,0.5116698741912842,
20,300,A,2,13,0,3,3.6141934394836426,1.1007440090179443,2.331012725830078,0.5382639169692993,
20,300,A,2,13,1,0,2.058302402496338,0.5286742448806763,1.6702523231506348,0.42330074310302734,
20,300,A,2,13,1,1,2.174447536468506,0.536831796169281,1.551117181777954,0.5372786521911621,
20,300,A,2,13,1,2,2.2043166160583496,0.427508145570755,1.4530062675476074,0.6373418569564819,
20,300,A,2,13,1,3,2.1594924926757812,0.4712422788143158,1.6144957542419434,0.5362879037857056,
20,300,A,2,14,0,0,4.856734275817871,1.9794925451278687,2.772141456604004,0.5129303932189941,
20,300,A,2,14,0,1,4.970536231994629,2.1001930236816406,2.736762523651123,0.5154109597206116,
20,300,A,2,14,0,2,4.046027183532715,2.2288146018981934,2.6446847915649414,0.3860280513763428,
20,300,A,2,14,0,3,4.469343185424805,2.036161422729492,2.5953822135925293,0.4792588949203491,
20,300,A,2,14,1,0,-0.19248437881469727,1.1720787286758423,-0.6245003938674927,0.2693207561969757,
20,300,A,2,14,1,1,0.1011422872543335,0.9428740739822388,-1.1486347913742065,0.569984495639801,
20,300,A,2,14,1,2,-0.03319978713989258,1.0140001773834229,-0.7290728688240051,0.4069734811782837,
20,300,A,2,14,1,3,-0.13625431060791016,1.045458436012268,-1.0820612907409668,0.47497785091400146,
20,300,A,2,15,0,0,0.16026026010513306,0.6898206472396851,-3.0012269020080566,0.8208866119384766,
20,300,A,2,15,0,1,0.36825597286224365,0.6684264540672302,-2.256254196166992,0.7970120310783386,
20,300,A,2,15,0,2,0.1191205382347107,0.5868555307388306,-2.79508900642395,0.8323780298233032,
20,300,A,2,15,0,3,-0.06006801128387451,0.6452195644378662,-3.1294991970062256,0.8263041377067566,
20,300,A,2,15,1,0,0.36202651262283325,0.24835024774074554,-1.0897154808044434,0.8539195656776428,
20,300,A,2,15,1,1,0.39238953590393066,0.27916887402534485,-1.0451526641845703,0.8373815417289734,
20,300,A,2,15,1,2,0.2556845545768738,0.2615780830383301,-1.0299543142318726,0.8309363722801208,
20,300,A,2,15,1,3,0.08024144172668457,0.32467353343963623,-1.1457436084747314,0.7906221747398376,
20,300,A,2,16,0,0,-0.428364634513855,0.37238889932632446,-1.6290948390960693,0.7632798552513123,
20,300,A,2,16,0,1,-0.8307321667671204,0.3241291344165802,-1.735552191734314,0.7362550497055054,
20,300,A,2,16,0,2,-0.688959002494812,0.3767760396003723,-1.6111280918121338,0.7099369168281555,
20,300,A,2,16,0,3,-0.5822317600250244,0.3516356647014618,-1.5362063646316528,0.7306733131408691,
20,300,A,2,16,1,0,-1.700178623199463,0.16218824684619904,-2.1129581928253174,0.7179176807403564,
20,300,A,2,16,1,1,-1.65159010887146,0.14259272813796997,-2.179041624069214,0.7871890664100647,
20,300,A,2,16,1,2,-1.6830289363861084,0.14491724967956543,-2.077631950378418,0.7313960790634155,
20,300,A,2,16,1,3,-1.6808348894119263,0.15054979920387268,-2.0099596977233887,0.686141848564148,
20,300,A,2,17,0,0,1.1177902221679688,0.17952649295330048,0.7950008511543274,0.6426023840904236,
20,300,A,2,17,0,1,1.15616774559021,0.17363491654396057,0.7156615257263184,0.7172719836235046,
20,300,A,2,17,0,2,1.162825107574463,0.1795637309551239,0.7182538509368896,0.7122998237609863,
20,300,A,2,17,0,3,1.1393401622772217,0.19064787030220032,0.732561469078064,0.680884838104248,
20,300,A,2,17,1,0,-0.0437244176864624,1.1651066541671753,-2.0499095916748047,0.63260817527771,
20,300,A,2,17,1,1,0.282055139541626,0.8326953053474426,-2.0562872886657715,0.7374060750007629,
20,300,A,2,17,1,2,0.06983470916748047,1.0360047817230225,-2.2384653091430664,0.6902182102203369,
20,300,A,2,17,1,3,0.31808435916900635,0.9324383735656738,-2.4831554889678955,0.7502627372741699,
20,300,A,2,18,0,0,1.0592721700668335,2.682347059249878,-1.2615675926208496,0.4638723134994507,
20,300,A,2,18,0,1,1.547012448310852,2.429246187210083,-0.9628588557243347,0.5081619024276733,
20,300,A,2,18,0,2,1.0097144842147827,2.6710870265960693,-1.1366815567016602,0.4455430507659912,
20,300,A,2,18,0,3,0.684126615524292,2.5959885120391846,-1.0673718452453613,0.4028760492801666,
20,300,A,2,18,1,0,0.945274829864502,1.2628971338272095,-0.2983033061027527,0.49614620208740234,
20,300,A,2,18,1,1,0.6483034491539001,1.274101972579956,-0.4301310181617737,0.4584134817123413,
20,300,A,2,18,1,2,0.7073157429695129,1.5747952461242676,-0.2571898102760315,0.37983113527297974,
20,300,A,2,18,1,3,0.9857264757156372,1.5991063117980957,-0.27703922986984253,0.4412376582622528,
20,300,A,2,19,0,0,5.884248733520508,8.393440246582031,-0.03611910343170166,0.41361233592033386,
20,300,A,2,19,0,1,6.482381820678711,7.166982650756836,-0.2406761646270752,0.48402002453804016,
20,300,A,2,19,0,2,3.8034849166870117,7.042203903198242,-0.07895016670227051,0.35538336634635925,
20,300,A,2,19,0,3,5.20123291015625,7.8027143478393555,0.7725116014480591,0.3620769679546356,
20,300,A,2,19,1,0,9.659049987792969,7.4668755531311035,0.17350482940673828,0.559539258480072,
20,300,A,2,19,1,1,6.938770771026611,9.18655014038086,0.8101818561553955,0.4001654088497162,
20,300,A,2,19,1,2,8.370745658874512,9.096126556396484,0.5191004276275635,0.46328479051589966,
20,300,A,2,19,1,3,8.03619384765625,8.552249908447266,0.06246662139892578,0.48249655961990356,
20,300,A,2,20,0,0,3.311030387878418,3.872866153717041,0.16320621967315674,0.44836392998695374,
20,300,A,2,20,0,1,3.242724895477295,3.970785617828369,0.6841403245925903,0.3918578028678894,
20,300,A,2,20,0,2,2.6527583599090576,3.9533183574676514,0.5669467449188232,0.34538283944129944,
20,300,A,2,20,0,3,2.4516329765319824,3.84159255027771,0.7710225582122803,0.30433693528175354,
20,300,A,2,20,1,0,1.6023926734924316,5.0901689529418945,-2.6121668815612793,0.4529481530189514,
20,300,A,2,20,1,1,1.1889114379882812,5.794661045074463,-2.5679194927215576,0.39332398772239685,
20,300,A,2,20,1,2,2.9901373386383057,6.990574836730957,-2.4366683959960938,0.4370330274105072,
20,300,A,2,20,1,3,1.3809013366699219,5.293543338775635,-2.600475788116455,0.429262638092041,
20,300,A,2,21,0,0,0.46212494373321533,0.8939211964607239,-1.1633920669555664,0.6451902985572815,
20,300,A,2,21,0,1,0.15289413928985596,0.8434103727340698,-0.9252982139587402,0.5610901117324829,
20,300,A,2,21,0,2,1.0212726593017578,0.8461893200874329,-0.8240143060684204,0.6856040358543396,
20,300,A,2,21,0,3,0.4810326099395752,1.017533779144287,-0.9510610103607178,0.5846168994903564,
20,300,A,2,21,1,0,3.716449737548828,0.6197158098220825,2.219022750854492,0.7072867155075073,
20,300,A,2,21,1,1,3.26900053024292,0.7074294686317444,2.0027341842651367,0.6415711641311646,
20,300,A,2,21,1,2,3.6735219955444336,0.7161096930503845,2.033079147338867,0.6961197853088379,
20,300,A,2,21,1,3,2.978513240814209,0.7619708776473999,2.160810708999634,0.517640233039856,
20,300,A,2,22,0,0,0.03083980083465576,0.5064153671264648,-0.7167055606842041,0.596147358417511,
20,300,A,2,22,0,1,-0.050605952739715576,0.45367151498794556,-0.7331778407096863,0.600726842880249,
20,300,A,2,22,0,2,0.06752771139144897,0.4396790862083435,-0.6733373999595642,0.6275623440742493,
20,300,A,2,22,0,3,0.24607670307159424,0.4318124055862427,-0.7697373628616333,0.701710045337677,
20,300,A,2,22,1,0,3.0932068824768066,1.6059688329696655,-0.08452162146568298,0.6642829179763794,
20,300,A,2,22,1,1,2.769551992416382,1.6061311960220337,-0.19585686922073364,0.6486673951148987,
20,300,A,2,22,1,2,2.637209892272949,1.646965503692627,-0.05549830198287964,0.6204863786697388,
20,300,A,2,22,1,3,2.8790688514709473,1.7992563247680664,0.04728293418884277,0.6114791631698608,
20,300,A,2,23,0,0,3.1784818172454834,0.9647926688194275,1.9563075304031372,0.5588443875312805,
20,300,A,2,23,0,1,2.639061212539673,0.8413395881652832,1.9435786008834839,0.4525459110736847,
20,300,A,2,23,0,2,3.1238057613372803,1.1173948049545288,1.9352329969406128,0.5154334306716919,
20,300,A,2,23,0,3,3.1010241508483887,1.0992786884307861,1.9803240299224854,0.5048246383666992,
20,300,A,2,23,1,0,2.1201882362365723,1.1550928354263306,0.5714255571365356,0.5727978944778442,
20,300,A,2,23,1,1,2.3148772716522217,1.0646350383758545,0.8229063749313354,0.5835748314857483,
20,300,A,2,23,1,2,1.8283836841583252,1.3298261165618896,0.6696711182594299,0.46561968326568604,
20,300,A,2,23,1,3,1.9414035081863403,1.290113091468811,0.4917755126953125,0.5291113257408142,
20,300,A,2,24,0,0,7.536741256713867,14.704553604125977,2.5041604042053223,0.25498032569885254,
20,300,A,2,24,0,1,6.957164764404297,13.632166862487793,2.3267576694488525,0.25354623794555664,
20,300,A,2,24,0,2,7.454995155334473,13.140746116638184,2.236609935760498,0.2842392325401306,
20,300,A,2,24,0,3,5.857394218444824,12.997657775878906,2.289698839187622,0.21537092328071594,
20,300,A,2,24,1,0,4.170969009399414,9.424784660339355,-0.4836997389793396,0.3306001126766205,
20,300,A,2,24,1,1,3.1101577281951904,8.309900283813477,-0.5697948336601257,0.30692222714424133,
20,300,A,2,24,1,2,2.754803419113159,8.283843994140625,-0.5649440884590149,0.2860965430736542,
20,300,A,2,24,1,3,4.859530448913574,9.101405143737793,0.08789253234863281,0.3439503610134125,
20,300,A,2,25,0,0,3.3367128372192383,7.056754112243652,0.7166754603385925,0.27075475454330444,
20,300,A,2,25,0,1,4.068171977996826,7.488734245300293,0.9388428926467896,0.2947174906730652,
20,300,A,2,25,0,2,3.6948890686035156,7.149936199188232,0.6586408615112305,0.2980751395225525,
20,300,A,2,25,0,3,2.6363768577575684,7.779839992523193,0.6089091897010803,0.20673030614852905,
20,300,A,2,25,1,0,15.610319137573242,17.27365493774414,3.2556350231170654,0.416988730430603,
20,300,A,2,25,1,1,12.766303062438965,17.58244514465332,3.539566993713379,0.34416329860687256,
20,300,A,2,25,1,2,12.769890785217285,16.25438117980957,2.862471342086792,0.3786979019641876,
20,300,A,2,25,1,3,13.68411922454834,16.154218673706055,3.1259207725524902,0.39525434374809265,
20,300,A,2,26,0,0,4.9614458084106445,5.081254482269287,2.104390859603882,0.35990723967552185,
20,300,A,2,26,0,1,4.402622699737549,5.66759729385376,2.2734885215759277,0.27308037877082825,
20,300,A,2,26,0,2,4.670346260070801,5.896852970123291,2.322291851043701,0.28478845953941345,
20,300,A,2,26,0,3,4.915213584899902,4.9379048347473145,2.384942054748535,0.3388071358203888,
20,300,A,2,26,1,0,3.215507745742798,8.226086616516113,0.37628722190856934,0.25658759474754333,
20,300,A,2,26,1,1,3.2463724613189697,6.616435527801514,0.32713037729263306,0.30613890290260315,
20,300,A,2,26,1,2,4.035042762756348,6.833752155303955,0.4293225407600403,0.34539294242858887,
20,300,A,2,26,1,3,4.174732685089111,9.178091049194336,0.2968135476112366,0.297021746635437,
20,300,A,2,27,0,0,8.455286026000977,11.207701683044434,1.1961838006973267,0.39308926463127136,
20,300,A,2,27,0,1,6.1298675537109375,13.828453063964844,1.201825499534607,0.262737900018692,
20,300,A,2,27,0,2,8.379063606262207,12.952614784240723,1.0473871231079102,0.36144599318504333,
20,300,A,2,27,0,3,6.290949821472168,16.82368278503418,1.3583945035934448,0.22671911120414734,
20,300,A,2,27,1,0,35.09771728515625,55.90448760986328,4.598733901977539,0.3529833257198334,
20,300,A,2,27,1,1,15.824234962463379,56.84152603149414,4.894783020019531,0.1612703949213028,
20,300,A,2,27,1,2,17.342388153076172,59.06072235107422,5.7760820388793945,0.16376599669456482,
20,300,A,2,27,1,3,31.87176513671875,47.63705062866211,4.553563117980957,0.36446014046669006,
20,300,A,2,28,0,0,13.597496032714844,15.6506986618042,2.6797826290130615,0.410928338766098,
20,300,A,2,28,0,1,14.634281158447266,23.79452133178711,2.9496564865112305,0.32933783531188965,
20,300,A,2,28,0,2,8.162862777709961,16.50300407409668,3.3655223846435547,0.2252236157655716,
20,300,A,2,28,0,3,11.917947769165039,17.526451110839844,2.8711225986480713,0.3404482305049896,
20,300,A,2,28,1,0,16.721824645996094,38.26494598388672,0.9531126022338867,0.29183128476142883,
20,300,A,2,28,1,1,12.063434600830078,28.64645767211914,1.5881989002227783,0.2677602767944336,
20,300,A,2,28,1,2,16.14695930480957,28.630977630615234,0.5891172885894775,0.3520764410495758,
20,300,A,2,28,1,3,19.622005462646484,28.10676383972168,0.6520055532455444,0.40295884013175964,
20,300,A,2,29,0,0,4.0412797927856445,7.7016754150390625,1.7855477333068848,0.22653809189796448,
20,300,A,2,29,0,1,4.44003963470459,6.0910186767578125,1.9531313180923462,0.28991949558258057,
20,300,A,2,29,0,2,4.409505844116211,6.3205790519714355,1.968003273010254,0.2786441147327423,
20,300,A,2,29,0,3,5.632015228271484,7.569104194641113,2.006408214569092,0.3238678574562073,
20,300,A,2,29,1,0,24.078847885131836,34.626529693603516,1.6547576189041138,0.3930560052394867,
20,300,A,2,29,1,1,18.49764060974121,39.91794204711914,1.6155251264572144,0.29722005128860474,
20,300,A,2,29,1,2,13.89561653137207,38.33272171020508,2.6653366088867188,0.22658595442771912,
20,300,A,2,29,1,3,29.32299041748047,39.90948486328125,2.18650484085083,0.4047444760799408,
20,300,A,2,30,0,0,5.677286624908447,8.866581916809082,0.5952053666114807,0.3643418252468109,
20,300,A,2,30,0,1,4.888853549957275,9.127816200256348,0.9426320791244507,0.30183646082878113,
20,300,A,2,30,0,2,3.956131935119629,9.754300117492676,0.6784138083457947,0.25151270627975464,
20,300,A,2,30,0,3,6.030056476593018,8.333584785461426,1.0495498180389404,0.37407785654067993,
20,300,A,2,30,1,0,5.2399396896362305,5.587198734283447,0.911406397819519,0.4365319013595581,
20,300,A,2,30,1,1,3.3414108753204346,7.024877071380615,0.773166298866272,0.26771727204322815,
20,300,A,2,30,1,2,6.3470563888549805,6.805996417999268,0.915416955947876,0.443847119808197,
20,300,A,2,30,1,3,4.630431652069092,5.926782608032227,0.7462553977966309,0.39590179920196533,
20,300,A,2,31,0,0,8.91069507598877,13.676833152770996,1.5115394592285156,0.351070374250412,
20,300,A,2,31,0,1,6.062234878540039,14.595147132873535,0.7587215900421143,0.26652613282203674,
20,300,A,2,31,0,2,9.36136245727539,15.292593955993652,0.4185614287853241,0.3689975440502167,
20,300,A,2,31,0,3,4.750014781951904,12.39830207824707,1.1879348754882812,0.22318261861801147,
20,300,A,2,31,1,0,1.031912088394165,5.694676399230957,-1.855678677558899,0.336460143327713,
20,300,A,2,31,1,1,1.4118194580078125,5.221517562866211,-2.2087934017181396,0.40947291254997253,
20,300,A,2,31,1,2,0.6384313106536865,6.573269844055176,-1.8400726318359375,0.2738141715526581,
20,300,A,2,31,1,3,1.8410489559173584,7.158634662628174,-1.9664711952209473,0.3472065031528473,
20,300,A,2,32,0,0,3.1538124084472656,2.5002408027648926,1.7835536003112793,0.35402634739875793,
20,300,A,2,32,0,1,3.2380013465881348,2.2709829807281494,1.7110689878463745,0.4020448625087738,
20,300,A,2,32,0,2,3.2275748252868652,2.577956438064575,1.797642469406128,0.35677945613861084,
20,300,A,2,32,0,3,3.0142459869384766,2.5448927879333496,1.6011735200881958,0.35701993107795715,
20,300,A,2,32,1,0,0.42813873291015625,2.9825477600097656,-1.2299786806106567,0.35730165243148804,
20,300,A,2,32,1,1,0.8264865875244141,2.9103167057037354,-1.3378897905349731,0.42650389671325684,
20,300,A,2,32,1,2,0.05680835247039795,2.5336246490478516,-1.260257363319397,0.3420336842536926,
20,300,A,2,32,1,3,0.44178831577301025,2.8829240798950195,-1.1913899183273315,0.3616344630718231,
20,300,A,2,33,0,0,14.345513343811035,20.304180145263672,0.26843857765197754,0.40944039821624756,
20,300,A,2,33,0,1,12.549213409423828,23.083744049072266,0.1365184187889099,0.34968844056129456,
20,300,A,2,33,0,2,13.271303176879883,20.107921600341797,1.0203121900558472,0.37859711050987244,
20,300,A,2,33,0,3,10.19975471496582,26.193866729736328,0.6907882690429688,0.26633647084236145,
20,300,A,2,33,1,0,10.56872844696045,24.240367889404297,-0.40854382514953613,0.31169813871383667,
20,300,A,2,33,1,1,15.7715425491333,21.415924072265625,0.24593770503997803,0.42027512192726135,
20,300,A,2,33,1,2,6.4267730712890625,25.541242599487305,0.812067985534668,0.18021294474601746,
20,300,A,2,33,1,3,7.065814971923828,24.27254295349121,0.84893798828125,0.20390275120735168,
20,300,A,2,34,0,0,10.132965087890625,20.531143188476562,0.21318942308425903,0.3257627785205841,
20,300,A,2,34,0,1,10.871257781982422,16.715139389038086,0.7527891397476196,0.37708190083503723,
20,300,A,2,34,0,2,7.772588729858398,20.88313865661621,-0.13372641801834106,0.27462542057037354,
20,300,A,2,34,0,3,7.215791702270508,17.5349178314209,0.3337557315826416,0.2818548381328583,
20,300,A,2,34,1,0,12.669550895690918,23.47088623046875,-0.6382924914360046,0.3618353009223938,
20,300,A,2,34,1,1,12.413495063781738,24.515729904174805,-0.20649182796478271,0.33983421325683594,
20,300,A,2,34,1,2,12.840325355529785,19.179487228393555,-0.30479466915130615,0.4066598415374756,
20,300,A,2,34,1,3,11.239214897155762,17.14470672607422,-0.5109124779701233,0.40665149688720703,
20,300,A,2,35,0,0,10.644721984863281,24.645944595336914,1.2468336820602417,0.2760525941848755,
20,300,A,2,35,0,1,11.737405776977539,26.280908584594727,0.7163761258125305,0.29545462131500244,
20,300,A,2,35,0,2,12.874576568603516,27.900562286376953,1.0544307231903076,0.29758143424987793,
20,300,A,2,35,0,3,15.302297592163086,28.03215217590332,1.163866639137268,0.3352676331996918,
20,300,A,2,35,1,0,8.239784240722656,7.373059272766113,1.548643708229065,0.4757569134235382,
20,300,A,2,35,1,1,6.9686994552612305,10.052597999572754,1.4834306240081787,0.3530258536338806,
20,300,A,2,35,1,2,4.019465446472168,10.155313491821289,1.7778356075286865,0.18082116544246674,
20,300,A,2,35,1,3,5.452553749084473,8.216976165771484,1.93876314163208,0.2995362877845764,
20,300,O,-1,0,0,0,9.268180847167969,5.481125354766846,2.389051675796509,0.5565524101257324,
20,300,O,-1,0,0,1,8.467914581298828,5.880552768707275,2.4307022094726562,0.5065724849700928,
20,300,O,-1,0,0,2,8.411083221435547,6.077256679534912,2.0862486362457275,0.5099812746047974,
20,300,O,-1,0,0,3,6.892848491668701,5.413874626159668,2.3260207176208496,0.4575657844543457,
20,300,O,-1,0,1,0,12.757590293884277,10.935250282287598,0.043931812047958374,0.5376002192497253,
20,300,O,-1,0,1,1,9.30138111114502,12.160130500793457,-0.04329875111579895,0.4345390498638153,
20,300,O,-1,0,1,2,9.509711265563965,11.228360176086426,-0.04289934039115906,0.4596806466579437,
20,300,O,-1,0,1,3,10.085358619689941,10.330427169799805,0.2441505789756775,0.4878735840320587,
20,300,O,-1,1,0,0,14.108827590942383,9.228937149047852,2.923806667327881,0.5479103922843933,
20,300,O,-1,1,0,1,12.53827953338623,10.410473823547363,3.109847068786621,0.47524958848953247,
20,300,O,-1,1,0,2,11.353808403015137,11.965408325195312,2.9460301399230957,0.4126884341239929,
20,300,O,-1,1,0,3,10.700164794921875,11.541526794433594,2.848825454711914,0.4048570692539215,
20,300,O,-1,1,1,0,4.537968635559082,5.252424240112305,0.018587708473205566,0.4624919295310974,
20,300,O,-1,1,1,1,3.966437578201294,5.225973129272461,-0.04193124175071716,0.43407195806503296,
20,300,O,-1,1,1,2,6.827901840209961,5.7925591468811035,0.05177515745162964,0.539127767086029,
20,300,O,-1,1,1,3,5.098812103271484,4.33259391784668,-0.1971258521080017,0.550025463104248,
20,300,O,-1,2,0,0,11.329084396362305,13.884672164916992,0.49779820442199707,0.4382304847240448,
20,300,O,-1,2,0,1,12.832437515258789,14.858135223388672,0.6351568102836609,0.45082587003707886,
20,300,O,-1,2,0,2,11.705644607543945,11.010029792785645,0.9425094127655029,0.4943302869796753,
20,300,O,-1,2,0,3,13.666425704956055,12.845848083496094,0.6486514210700989,0.5033237338066101,
20,300,O,-1,2,1,0,7.616372585296631,10.845829010009766,-1.0608525276184082,0.4444604218006134,
20,300,O,-1,2,1,1,5.684296131134033,12.158034324645996,-1.0836880207061768,0.3576021194458008,
20,300,O,-1,2,1,2,8.090076446533203,10.65009593963623,-0.9411561489105225,0.45887312293052673,
20,300,O,-1,2,1,3,5.809021949768066,12.490532875061035,-0.478549599647522,0.3348352611064911,
20,300,O,-1,3,0,0,31.34212875366211,44.07912826538086,4.690608024597168,0.3768030107021332,
20,300,O,-1,3,0,1,30.834346771240234,46.98050308227539,3.5564095973968506,0.3673378825187683,
20,300,O,-1,3,0,2,34.11967086791992,36.022640228271484,3.6304619312286377,0.4584026634693146,
20,300,O,-1,3,0,3,24.64101791381836,46.215965270996094,6.210546016693115,0.28509649634361267,
20,300,O,-1,3,1,0,14.17695140838623,48.86959457397461,0.5682681798934937,0.2178146243095398,
20,300,O,-1,3,1,1,10.868550300598145,33.03639602661133,0.09769046306610107,0.24586930871009827,
20,300,O,-1,3,1,2,13.00742244720459,33.40925216674805,1.2041277885437012,0.2610623836517334,
20,300,O,-1,3,1,3,18.347496032714844,37.233131408691406,0.46515941619873047,0.3244522213935852,
20,300,O,-1,4,0,0,11.664019584655762,24.189205169677734,2.72878098487854,0.2697475850582123,
20,300,O,-1,4,0,1,11.101280212402344,27.398778915405273,2.9547677040100098,0.22918684780597687,
20,300,O,-1,4,0,2,17.411903381347656,24.415889739990234,2.715501308441162,0.3757489323616028,
20,300,O,-1,4,0,3,16.005491256713867,29.201425552368164,2.9239397048950195,0.30938103795051575,
20,300,O,-1,4,1,0,4.298184394836426,12.027724266052246,-1.1764647960662842,0.31279468536376953,
20,300,O,-1,4,1,1,7.973040580749512,10.430333137512207,-1.1266977787017822,0.465934693813324,
20,300,O,-1,4,1,2,5.459632873535156,10.676063537597656,-0.9438392519950867,0.37492072582244873,
20,300,O,-1,4,1,3,6.959650039672852,14.925182342529297,-1.0453364849090576,0.34910282492637634,
20,300,O,-1,5,0,0,8.26202392578125,8.660765647888184,2.325687885284424,0.40667909383773804,
20,300,O,-1,5,0,1,7.465131759643555,10.321187973022461,2.264498472213745,0.335053026676178,
20,300,O,-1,5,0,2,9.499939918518066,8.694257736206055,2.2256858348846436,0.4555373787879944,
20,300,O,-1,5,0,3,8.96641731262207,11.654586791992188,2.116961717605591,0.37015998363494873,
20,300,O,-1,5,1,0,15.990455627441406,25.43079948425293,0.020086705684661865,0.3857468366622925,
20,300,O,-1,5,1,1,12.651693344116211,23.713645935058594,-0.003695070743560791,0.34797152876853943,
20,300,O,-1,5,1,2,9.445605278015137,24.11097526550293,-0.28968775272369385,0.28763270378112793,
20,300,O,-1,5,1,3,16.38580894470215,25.87113380432129,-0.0021753311157226562,0.38779762387275696,
20,300,O,-1,6,0,0,26.61004066467285,78.57447052001953,0.9484472274780273,0.24618728458881378,
20,300,O,-1,6,0,1,31.679576873779297,86.010498046875,0.37989747524261475,0.2668112814426422,
20,300,O,-1,6,0,2,40.66617202758789,83.86325073242188,1.2926886081695557,0.31949469447135925,
20,300,O,-1,6,0,3,32.44700241088867,79.50548553466797,2.8701083660125732,0.27114275097846985,
20,300,O,-1,6,1,0,18.161739349365234,76.01371765136719,2.650721549987793,0.16947349905967712,
20,300,O,-1,6,1,1,22.529438018798828,77.2954330444336,1.7425000667572021,0.21193347871303558,
20,300,O,-1,6,1,2,26.499223709106445,67.4886474609375,3.8635616302490234,0.2511604428291321,
20,300,O,-1,6,1,3,30.976787567138672,85.85285949707031,1.6448243856430054,0.2546513080596924,
20,300,O,-1,7,0,0,13.433576583862305,40.57564926147461,2.1249427795410156,0.21795876324176788,
20,300,O,-1,7,0,1,17.93805694580078,37.356685638427734,2.7303667068481445,0.28931552171707153,
20,300,O,-1,7,0,2,14.884125709533691,45.819976806640625,2.2326576709747314,0.21637001633644104,
20,300,O,-1,7,0,3,9.677839279174805,42.68763732910156,2.9729361534118652,0.1357472836971283,
20,300,O,-1,7,1,0,21.719783782958984,29.645462036132812,1.5367385149002075,0.4050501585006714,
20,300,O,-1,7,1,1,12.011616706848145,33.96794509887695,1.2238869667053223,0.24103599786758423,
20,300,O,-1,7,1,2,13.937983512878418,38.585323333740234,1.0302586555480957,0.2506692707538605,
20,300,O,-1,7,1,3,14.306577682495117,32.19038391113281,1.2340903282165527,0.2888126075267792,
20,300,O,-1,8,0,0,4.504683017730713,35.64112854003906,0.7907862663269043,0.0943690687417984,
20,300,O,-1,8,0,1,10.148760795593262,38.15391540527344,1.0792088508605957,0.19205603003501892,
20,300,O,-1,8,0,2,6.569416522979736,30.955581665039062,0.8356344699859619,0.15627913177013397,
20,300,O,-1,8,0,3,12.305617332458496,31.909114837646484,1.0200501680374146,0.2612721621990204,
20,300,O,-1,8,1,0,14.925996780395508,33.36620330810547,2.370610237121582,0.2734092175960541,
20,300,O,-1,8,1,1,9.749479293823242,28.30829620361328,2.2153334617614746,0.21020179986953735,
20,300,O,-1,8,1,2,8.042329788208008,36.20918655395508,2.853757858276367,0.12533460557460785,
20,300,O,-1,8,1,3,11.234466552734375,28.84520721435547,2.168518543243408,0.2391366958618164,
20,300,O,-1,9,0,0,9.22131061553955,19.547109603881836,2.654728412628174,0.2514612674713135,
20,300,O,-1,9,0,1,12.14574146270752,25.88506507873535,2.323317289352417,0.27508023381233215,
20,300,O,-1,9,0,2,13.052593231201172,27.296733856201172,2.8310580253601074,0.2724415361881256,
20,300,O,-1,9,0,3,9.039137840270996,25.753398895263672,2.219790458679199,0.20935745537281036,
20,300,O,-1,9,1,0,15.779260635375977,36.13622283935547,2.6955666542053223,0.2658211290836334,
20,300,O,-1,9,1,1,10.593145370483398,36.08182144165039,2.8553552627563477,0.17658281326293945,
20,300,O,-1,9,1,2,19.884187698364258,35.738380432128906,3.2119457721710205,0.31810805201530457,
20,300,O,-1,9,1,3,11.103632926940918,33.272552490234375,2.6892735958099365,0.20184653997421265,
20,300,O,-1,10,0,0,19.882137298583984,35.29947280883789,0.827301025390625,0.35056716203689575,
20,300,O,-1,10,0,1,15.620132446289062,37.695438385009766,1.0994086265563965,0.27808865904808044,
20,300,O,-1,10,0,2,14.99620246887207,33.485748291015625,1.5583422183990479,0.2863773703575134,
20,300,O,-1,10,0,3,23.970731735229492,33.82577896118164,1.326767921447754,0.40099287033081055,
20,300,O,-1,10,1,0,9.671875953674316,23.388748168945312,0.05872488021850586,0.29129084944725037,
20,300,O,-1,10,1,1,5.6640119552612305,25.8992862701416,0.1339348554611206,0.17595255374908447,
20,300,O,-1,10,1,2,8.702988624572754,21.073396682739258,-0.03141140937805176,0.2930240035057068,
20,300,O,-1,10,1,3,8.646261215209961,20.809974670410156,0.25412750244140625,0.2873810827732086,
20,300,O,-1,11,0,0,1.8871660232543945,6.555380821228027,-1.0186619758605957,0.30713072419166565,
20,300,O,-1,11,0,1,2.0852367877960205,6.481326103210449,-1.145301342010498,0.33263829350471497,
20,300,O,-1,11,0,2,0.5133988857269287,6.389416217803955,-1.0134074687957764,0.19287057220935822,
20,300,O,-1,11,0,3,1.0959296226501465,6.002891540527344,-0.9729390144348145,0.25630947947502136,
20,300,O,-1,11,1,0,3.719280242919922,14.633546829223633,0.282234787940979,0.1902010440826416,
20,300,O,-1,11,1,1,6.505157470703125,13.298934936523438,-0.0676649808883667,0.33076202869415283,
20,300,O,-1,11,1,2,5.182920932769775,13.035709381103516,-0.1534128189086914,0.29045945405960083,
20,300,O,-1,11,1,3,9.371870994567871,12.313817977905273,0.023706793785095215,0.43154704570770264,
20,300,O,-1,12,0,0,-0.6429194808006287,0.3006766438484192,-1.354013442993164,0.7028213143348694,
20,300,O,-1,12,0,1,-0.7491077184677124,0.30553311109542847,-1.4067586660385132,0.6827884316444397,
20,300,O,-1,12,0,2,-0.8350474238395691,0.3059423565864563,-1.3958830833435059,0.6470349431037903,
20,300,O,-1,12,0,3,-0.6939939260482788,0.312585711479187,-1.3112972974777222,0.6638462543487549,
20,300,O,-1,12,1,0,1.7988674640655518,1.543534278869629,-0.7751492261886597,0.6251329183578491,
20,300,O,-1,12,1,1,1.7945311069488525,1.3447345495224,-0.6959453821182251,0.6493714451789856,
20,300,O,-1,12,1,2,2.194581985473633,1.1672391891479492,-0.3299109935760498,0.6838234663009644,
20,300,O,-1,12,1,3,1.7932298183441162,1.2880364656448364,-0.5206022262573242,0.6423977017402649,
20,300,O,-1,13,0,0,3.61972975730896,0.9331830739974976,2.045964002609253,0.6277614235877991,
20,300,O,-1,13,0,1,4.0512285232543945,1.001987099647522,2.5929276943206787,0.5927358269691467,
20,300,O,-1,13,0,2,3.6137566566467285,0.9741010665893555,2.2308928966522217,0.5867137908935547,
20,300,O,-1,13,0,3,3.6141934394836426,1.1007440090179443,2.2884745597839355,0.546358585357666,
20,300,O,-1,13,1,0,2.058302402496338,0.5286742448806763,1.451451063156128,0.534423291683197,
20,300,O,-1,13,1,1,2.174447536468506,0.536831796169281,1.5478790998458862,0.5385665893554688,
20,300,O,-1,13,1,2,2.2043166160583496,0.427508145570755,1.4863144159317017,0.6267967820167542,
20,300,O,-1,13,1,3,2.1594924926757812,0.4712422788143158,1.7308349609375,0.476339191198349,
20,300,O,-1,14,0,0,4.856734275817871,1.9794925451278687,2.3100931644439697,0.5626526474952698,
20,300,O,-1,14,0,1,4.970536231994629,2.1001930236816406,2.221815586090088,0.5668734908103943,
20,300,O,-1,14,0,2,4.046027183532715,2.2288146018981934,2.0773873329162598,0.46900802850723267,
20,300,O,-1,14,0,3,4.469343185424805,2.036161422729492,1.9427640438079834,0.5537415742874146,
20,300,O,-1,14,1,0,-0.19248437881469727,1.1720787286758423,-1.404802918434143,0.5084381699562073,
20,300,O,-1,14,1,1,0.1011422872543335,0.9428740739822388,-1.2921013832092285,0.5963927507400513,
20,300,O,-1,14,1,2,-0.03319978713989258,1.0140001773834229,-1.0775480270385742,0.5073719024658203,
20,300,O,-1,14,1,3,-0.13625431060791016,1.045458436012268,-1.104682207107544,0.480875164270401,
20,300,O,-1,15,0,0,0.16026026010513306,0.6898206472396851,-2.945835828781128,0.8182730078697205,
20,300,O,-1,15,0,1,0.36825597286224365,0.6684264540672302,-2.331261157989502,0.8015327453613281,
20,300,O,-1,15,0,2,0.1191205382347107,0.5868555307388306,-3.3821516036987305,0.8564488291740417,
20,300,O,-1,15,0,3,-0.06006801128387451,0.6452195644378662,-2.7524912357330322,0.8066840767860413,
20,300,O,-1,15,1,0,0.36202651262283325,0.24835024774074554,-0.9439403414726257,0.8402190804481506,
20,300,O,-1,15,1,1,0.39238953590393066,0.27916887402534485,-0.7953395247459412,0.809687614440918,
20,300,O,-1,15,1,2,0.2556845545768738,0.2615780830383301,-0.8833757042884827,0.8132436871528625,
20,300,O,-1,15,1,3,0.08024144172668457,0.32467353343963623,-1.1461334228515625,0.7906748056411743,
20,300,O,-1,16,0,0,-0.428364634513855,0.37238889932632446,-1.6851407289505005,0.7714234590530396,
20,300,O,-1,16,0,1,-0.8307321667671204,0.3241291344165802,-1.968510627746582,0.778283417224884,
20,300,O,-1,16,0,2,-0.688959002494812,0.3767760396003723,-1.570028305053711,0.7004591822624207,
20,300,O,-1,16,0,3,-0.5822317600250244,0.3516356647014618,-1.6387710571289062,0.750289797782898,
20,300,O,-1,16,1,0,-1.700178623199463,0.16218824684619904,-2.0742383003234863,0.6975498795509338,
20,300,O,-1,16,1,1,-1.65159010887146,0.14259272813796997,-2.1621975898742676,0.7817013263702393,
20,300,O,-1,16,1,2,-1.6830289363861084,0.14491724967956543,-2.0100619792938232,0.6929395794868469,
20,300,O,-1,16,1,3,-1.6808348894119263,0.15054979920387268,-1.9677428007125854,0.6558529138565063,
20,300,O,-1,17,0,0,1.1177902221679688,0.17952649295330048,0.6826245784759521,0.7079408168792725,
20,300,O,-1,17,0,1,1.15616774559021,0.17363491654396057,0.787684440612793,0.6797102093696594,
20,300,O,-1,17,0,2,1.162825107574463,0.1795637309551239,0.7624216675758362,0.6903898119926453,
20,300,O,-1,17,0,3,1.1393401622772217,0.19064787030220032,0.701617419719696,0.6965996623039246,
20,300,O,-1,17,1,0,-0.0437244176864624,1.1651066541671753,-2.1365861892700195,0.6423825025558472,
20,300,O,-1,17,1,1,0.282055139541626,0.8326953053474426,-1.5672581195831299,0.6895254850387573,
20,300,O,-1,17,1,2,0.06983470916748047,1.0360047817230225,-1.7631369829177856,0.6388939619064331,
20,300,O,-1,17,1,3,0.31808435916900635,0.9324383735656738,-2.9681553840637207,0.7789738178253174,
20,300,O,-1,18,0,0,1.0592721700668335,2.682347059249878,-1.205070972442627,0.4577491581439972,
20,300,O,-1,18,0,1,1.547012448310852,2.429246187210083,-1.353100299835205,0.5441766381263733,
20,300,O,-1,18,0,2,1.0097144842147827,2.6710870265960693,-1.3782472610473633,0.47201794385910034,
20,300,O,-1,18,0,3,0.684126615524292,2.5959885120391846,-1.2344262599945068,0.4249718189239502,
20,300,O,-1,18,1,0,0.945274829864502,1.2628971338272095,-0.5068614482879639,0.5348502397537231,
20,300,O,-1,18,1,1,0.6483034491539001,1.274101972579956,-0.45915138721466064,0.46501296758651733,
20,300,O,-1,18,1,2,0.7073157429695129,1.5747952461242676,-0.42108744382858276,0.41743260622024536,
20,300,O,-1,18,1,3,0.9857264757156372,1.5991063117980957,-0.28996628522872925,0.44375020265579224,
20,300,O,-1,19,0,0,5.884248733520508,8.393440246582031,0.30754268169403076,0.3991873562335968,
20,300,O,-1,19,0,1,6.482381820678711,7.166982650756836,-0.14984619617462158,0.480623722076416,
20,300,O,-1,19,0,2,3.8034849166870117,7.042203903198242,-0.4485132694244385,0.3764761984348297,
20,300,O,-1,19,0,3,5.20123291015625,7.8027143478393555,-0.14532756805419922,0.40660494565963745,
20,300,O,-1,19,1,0,9.659049987792969,7.4668755531311035,0.2918025255203247,0.556443989276886,
20,300,O,-1,19,1,1,6.938770771026611,9.18655014038086,-0.17704415321350098,0.4364897310733795,
20,300,O,-1,19,1,2,8.370745658874512,9.096126556396484,0.5503506660461426,0.4622933268547058,
20,300,O,-1,19,1,3,8.03619384765625,8.552249908447266,0.04246807098388672,0.4831220507621765,
20,300,O,-1,20,0,0,3.311030387878418,3.872866153717041,-0.2775489091873169,0.48094961047172546,
20,300,O,-1,20,0,1,3.242724895477295,3.970785617828369,-0.1909428834915161,0.4637300968170166,
20,300,O,-1,20,0,2,2.6527583599090576,3.9533183574676514,-0.1794205904006958,0.41738709807395935,
20,300,O,-1,20,0,3,2.4516329765319824,3.84159255027771,-0.2588992118835449,0.41368749737739563,
20,300,O,-1,20,1,0,1.6023926734924316,5.0901689529418945,-2.40201997756958,0.44030749797821045,
20,300,O,-1,20,1,1,1.1889114379882812,5.794661045074463,-2.712512969970703,0.4023710787296295,
20,300,O,-1,20,1,2,2.9901373386383057,6.990574836730957,-2.494868278503418,0.43965935707092285,
20,300,O,-1,20,1,3,1.3809013366699219,5.293543338775635,-2.639747142791748,0.43166908621788025,
20,300,O,-1,21,0,0,0.46212494373321533,0.8939211964607239,-1.162764310836792,0.6451018452644348,
20,300,O,-1,21,0,1,0.15289413928985596,0.8434103727340698,-1.3521500825881958,0.6408658027648926,
20,300,O,-1,21,0,2,1.0212726593017578,0.8461893200874329,-0.9748268127441406,0.7022859454154968,
20,300,O,-1,21,0,3,0.4810326099395752,1.017533779144287,-1.3270243406295776,0.6398863196372986,
20,300,O,-1,21,1,0,3.716449737548828,0.6197158098220825,2.122206449508667,0.7200870513916016,
20,300,O,-1,21,1,1,3.26900053024292,0.7074294686317444,2.088146209716797,0.6253584623336792,
20,300,O,-1,21,1,2,3.6735219955444336,0.7161096930503845,1.9773321151733398,0.7031422853469849,
20,300,O,-1,21,1,3,2.978513240814209,0.7619708776473999,2.068650960922241,0.5442302823066711,
20,300,O,-1,22,0,0,0.03083980083465576,0.5064153671264648,-0.694803774356842,0.5889682769775391,
20,300,O,-1,22,0,1,-0.050605952739715576,0.45367151498794556,-0.778671383857727,0.6160977482795715,
20,300,O,-1,22,0,2,0.06752771139144897,0.4396790862083435,-0.687798023223877,0.6320692300796509,
20,300,O,-1,22,0,3,0.24607670307159424,0.4318124055862427,-0.7794209718704224,0.7036921381950378,
20,300,O,-1,22,1,0,3.0932068824768066,1.6059688329696655,-0.34551990032196045,0.6816520094871521,
20,300,O,-1,22,1,1,2.769551992416382,1.6061311960220337,-0.3701847791671753,0.6615726947784424,
20,300,O,-1,22,1,2,2.637209892272949,1.646965503692627,-0.0032477378845214844,0.6158612370491028,
20,300,O,-1,22,1,3,2.8790688514709473,1.7992563247680664,-0.0487731397151947,0.6193740367889404,
20,300,O,-1,23,0,0,3.1784818172454834,0.9647926688194275,2.0294957160949707,0.5435696840286255,
20,300,O,-1,23,0,1,2.639061212539673,0.8413395881652832,1.8147737979888916,0.49488115310668945,
20,300,O,-1,23,0,2,3.1238057613372803,1.1173948049545288,1.8494988679885864,0.532803475856781,
20,300,O,-1,23,0,3,3.1010241508483887,1.0992786884307861,1.9976791143417358,0.5009230375289917,
20,300,O,-1,23,1,0,2.1201882362365723,1.1550928354263306,0.5075198411941528,0.5826616883277893,
20,300,O,-1,23,1,1,2.3148772716522217,1.0646350383758545,0.5829421877861023,0.6193068027496338,
20,300,O,-1,23,1,2,1.8283836841583252,1.3298261165618896,0.3998541831970215,0.5178917050361633,
20,300,O,-1,23,1,3,1.9414035081863403,1.290113091468811,0.4611874222755432,0.534310519695282,
20,300,O,-1,24,0,0,7.536741256713867,14.704553604125977,2.345078468322754,0.2609371840953827,
20,300,O,-1,24,0,1,6.957164764404297,13.632166862487793,2.3423361778259277,0.25290894508361816,
20,300,O,-1,24,0,2,7.454995155334473,13.140746116638184,2.142202377319336,0.28790104389190674,
20,300,O,-1,24,0,3,5.857394218444824,12.997657775878906,2.352235794067383,0.21239757537841797,
20,300,O,-1,24,1,0,4.170969009399414,9.424784660339355,-0.5249491930007935,0.3325555622577667,
20,300,O,-1,24,1,1,3.1101577281951904,8.309900283813477,-0.503373384475708,0.3030613362789154,
20,300,O,-1,24,1,2,2.754803419113159,8.283843994140625,-0.6743820905685425,0.2927667200565338,
20,300,O,-1,24,1,3,4.859530448913574,9.101405143737793,-0.2541619539260864,0.35973671078681946,
20,300,O,-1,25,0,0,3.3367128372192383,7.056754112243652,0.6644917726516724,0.2746662497520447,
20,300,O,-1,25,0,1,4.068171977996826,7.488734245300293,0.7776662707328796,0.3052632212638855,
20,300,O,-1,25,0,2,3.6948890686035156,7.149936199188232,0.6334502100944519,0.29980671405792236,
20,300,O,-1,25,0,3,2.6363768577575684,7.779839992523193,0.8104901313781738,0.19008316099643707,
20,300,O,-1,25,1,0,15.610319137573242,17.27365493774414,2.554011344909668,0.4304755628108978,
20,300,O,-1,25,1,1,12.766303062438965,17.58244514465332,3.298607110977173,0.35000544786453247,
20,300,O,-1,25,1,2,12.769890785217285,16.25438117980957,2.6871798038482666,0.3828331232070923,
20,300,O,-1,25,1,3,13.68411922454834,16.154218673706055,2.6091055870056152,0.4067325294017792,
20,300,O,-1,26,0,0,4.9614458084106445,5.081254482269287,2.152310609817505,0.3560198247432709,
20,300,O,-1,26,0,1,4.402622699737549,5.66759729385376,2.2372210025787354,0.27644604444503784,
20,300,O,-1,26,0,2,4.670346260070801,5.896852970123291,2.215188980102539,0.2939600646495819,
20,300,O,-1,26,0,3,4.915213584899902,4.9379048347473145,2.2299487590789795,0.3522503972053528,
20,300,O,-1,26,1,0,3.215507745742798,8.226086616516113,0.18909817934036255,0.2689545154571533,
20,300,O,-1,26,1,1,3.2463724613189697,6.616435527801514,0.326529324054718,0.3061826527118683,
20,300,O,-1,26,1,2,4.035042762756348,6.833752155303955,0.10085046291351318,0.3653614819049835,
20,300,O,-1,26,1,3,4.174732685089111,9.178091049194336,0.2936473488807678,0.29719221591949463,
20,300,O,-1,27,0,0,8.455286026000977,11.207701683044434,1.1323366165161133,0.3951803743839264,
20,300,O,-1,27,0,1,6.1298675537109375,13.828453063964844,0.8603711724281311,0.27591946721076965,
20,300,O,-1,27,0,2,8.379063606262207,12.952614784240723,0.9631669521331787,0.3640863001346588,
20,300,O,-1,27,0,3,6.290949821472168,16.82368278503418,0.8850061893463135,0.24318644404411316,
20,300,O,-1,27,1,0,35.09771728515625,55.90448760986328,3.9735147953033447,0.35763153433799744,
20,300,O,-1,27,1,1,15.824234962463379,56.84152603149414,4.856590270996094,0.16174279153347015,
20,300,O,-1,27,1,2,17.342388153076172,59.06072235107422,5.270027160644531,0.16971513628959656,
20,300,O,-1,27,1,3,31.87176513671875,47.63705062866211,4.106773376464844,0.36822599172592163,
20,300,O,-1,28,0,0,13.597496032714844,15.6506986618042,2.6289985179901123,0.4120521545410156,
20,300,O,-1,28,0,1,14.634281158447266,23.79452133178711,2.4229049682617188,0.3391493260860443,
20,300,O,-1,28,0,2,8.162862777709961,16.50300407409668,2.4286580085754395,0.257865309715271,
20,300,O,-1,28,0,3,11.917947769165039,17.526451110839844,2.426159620285034,0.3513104021549225,
20,300,O,-1,28,1,0,16.721824645996094,38.26494598388672,0.18187201023101807,0.3017970025539398,
20,300,O,-1,28,1,1,12.063434600830078,28.64645767211914,0.7399581670761108,0.28329986333847046,
20,300,O,-1,28,1,2,16.14695930480957,28.630977630615234,0.9039437770843506,0.3474271297454834,
20,300,O,-1,28,1,3,19.622005462646484,28.10676383972168,0.48945820331573486,0.4050132632255554,
20,300,O,-1,29,0,0,4.0412797927856445,7.7016754150390625,1.8844377994537354,0.2187795639038086,
20,300,O,-1,29,0,1,4.44003963470459,6.0910186767578125,1.8548765182495117,0.29796090722084045,
20,300,O,-1,29,0,2,4.409505844116211,6.3205790519714355,1.824537754058838,0.29026493430137634,
20,300,O,-1,29,0,3,5.632015228271484,7.569104194641113,1.8452802896499634,0.3334614932537079,
20,300,O,-1,29,1,0,24.078847885131836,34.626529693603516,2.0939652919769287,0.38834717869758606,
20,300,O,-1,29,1,1,18.49764060974121,39.91794204711914,2.6596381664276123,0.28405943512916565,
20,300,O,-1,29,1,2,13.89561653137207,38.33272171020508,2.160008430480957,0.23439185321331024,
20,300,O,-1,29,1,3,29.32299041748047,39.90948486328125,1.5598496198654175,0.41025659441947937,
20,300,O,-1,30,0,0,5.677286624908447,8.866581916809082,0.37101712822914124,0.37439677119255066,
20,300,O,-1,30,0,1,4.888853549957275,9.127816200256348,1.1308234930038452,0.29164016246795654,
20,300,O,-1,30,0,2,3.956131935119629,9.754300117492676,0.8195083141326904,0.2433203160762787,
20,300,O,-1,30,0,3,6.030056476593018,8.333584785461426,0.5192601680755615,0.3980529308319092,
20,300,O,-1,30,1,0,5.2399396896362305,5.587198734283447,0.6125937700271606,0.45301538705825806,
20,300,O,-1,30,1,1,3.3414108753204346,7.024877071380615,0.5047131776809692,0.28765159845352173,
20,300,O,-1,30,1,2,6.3470563888549805,6.805996417999268,0.8128587007522583,0.44846925139427185,
20,300,O,-1,30,1,3,4.630431652069092,5.926782608032227,0.5985479950904846,0.40486180782318115,
20,300,O,-1,31,0,0,8.91069507598877,13.676833152770996,0.4386330544948578,0.382504940032959,
20,300,O,-1,31,0,1,6.062234878540039,14.595147132873535,0.7831927537918091,0.2656230330467224,
20,300,O,-1,31,0,2,9.36136245727539,15.292593955993652,0.7616065740585327,0.3599376380443573,
20,300,O,-1,31,0,3,4.750014781951904,12.39830207824707,0.9157604575157166,0.23620766401290894,
20,300,O,-1,31,1,0,1.031912088394165,5.694676399230957,-2.017261266708374,0.34872204065322876,
20,300,O,-1,31,1,1,1.4118194580078125,5.221517562866211,-2.3121554851531982,0.41629624366760254,
20,300,O,-1,31,1,2,0.6384313106536865,6.573269844055176,-2.3796048164367676,0.31466373801231384,
20,300,O,-1,31,1,3,1.8410489559173584,7.158634662628174,-2.0226197242736816,0.35053184628486633,
20,300,O,-1,32,0,0,3.1538124084472656,2.5002408027648926,1.7818140983581543,0.3543165326118469,
20,300,O,-1,32,0,1,3.2380013465881348,2.2709829807281494,1.6660380363464355,0.4090515971183777,
20,300,O,-1,32,0,2,3.2275748252868652,2.577956438064575,1.6923236846923828,0.3732491135597229,
20,300,O,-1,32,0,3,3.0142459869384766,2.5448927879333496,1.5551447868347168,0.36441144347190857,
20,300,O,-1,32,1,0,0.42813873291015625,2.9825477600097656,-1.1900887489318848,0.35172930359840393,
20,300,O,-1,32,1,1,0.8264865875244141,2.9103167057037354,-1.2332448959350586,0.41442885994911194,
20,300,O,-1,32,1,2,0.05680835247039795,2.5336246490478516,-1.2323189973831177,0.33722493052482605,
20,300,O,-1,32,1,3,0.44178831577301025,2.8829240798950195,-1.3823033571243286,0.38752612471580505,
20,300,O,-1,33,0,0,14.345513343811035,20.304180145263672,0.9080159664154053,0.39824625849723816,
20,300,O,-1,33,0,1,12.549213409423828,23.083744049072266,-0.007167130708694458,0.3523102104663849,
20,300,O,-1,33,0,2,13.271303176879883,20.107921600341797,0.2896847724914551,0.39231792092323303,
20,300,O,-1,33,0,3,10.19975471496582,26.193866729736328,0.33597123622894287,0.2735559344291687,
20,300,O,-1,33,1,0,10.56872844696045,24.240367889404297,-0.5599885582923889,0.31464532017707825,
20,300,O,-1,33,1,1,15.7715425491333,21.415924072265625,-0.19071924686431885,0.4270475208759308,
20,300,O,-1,33,1,2,6.4267730712890625,25.541242599487305,-0.3914259672164917,0.21070200204849243,
20,300,O,-1,33,1,3,7.065814971923828,24.27254295349121,0.11347341537475586,0.22265388071537018,
20,300,O,-1,34,0,0,10.132965087890625,20.531143188476562,0.045086443424224854,0.3294644057750702,
20,300,O,-1,34,0,1,10.871257781982422,16.715139389038086,0.4398314952850342,0.38426318764686584,
20,300,O,-1,34,0,2,7.772588729858398,20.88313865661621,-0.019098937511444092,0.27172571420669556,
20,300,O,-1,34,0,3,7.215791702270508,17.5349178314209,0.1262960433959961,0.28790515661239624,
20,300,O,-1,34,1,0,12.669550895690918,23.47088623046875,-0.5272426605224609,0.35990259051322937,
20,300,O,-1,34,1,1,12.413495063781738,24.515729904174805,-0.6475421190261841,0.34758275747299194,
20,300,O,-1,34,1,2,12.840325355529785,19.179487228393555,-0.5707820653915405,0.4115023910999298,
20,300,O,-1,34,1,3,11.239214897155762,17.14470672607422,-0.5606163740158081,0.40767040848731995,
20,300,O,-1,35,0,0,10.644721984863281,24.645944595336914,0.8128781914710999,0.28516456484794617,
20,300,O,-1,35,0,1,11.737405776977539,26.280908584594727,0.3943312168121338,0.30148521065711975,
20,300,O,-1,35,0,2,12.874576568603516,27.900562286376953,0.59749436378479,0.30557000637054443,
20,300,O,-1,35,0,3,15.302297592163086,28.03215217590332,0.8676678538322449,0.3399040102958679,
20,300,O,-1,35,1,0,8.239784240722656,7.373059272766113,1.7038042545318604,0.46990880370140076,
20,300,O,-1,35,1,1,6.9686994552612305,10.052597999572754,1.6207818984985352,0.34725573658943176,
20,300,O,-1,35,1,2,4.019465446472168,10.155313491821289,1.860327959060669,0.1753336489200592,
20,300,O,-1,35,1,3,5.452553749084473,8.216976165771484,1.8480217456817627,0.3049130141735077,
20,300,F,0,0,0,0,9.268180847167969,5.481125354766846,2.320397138595581,0.5590018630027771,
20,300,F,0,0,0,1,8.467914581298828,5.880552768707275,2.2113187313079834,0.5154914259910583,
20,300,F,0,0,0,2,8.411083221435547,6.077256679534912,2.164475202560425,0.5068708658218384,
20,300,F,0,0,0,3,6.892848491668701,5.413874626159668,2.161374092102051,0.46636882424354553,
20,300,F,0,0,1,0,12.757590293884277,10.935250282287598,-0.08425214886665344,0.5400930643081665,
20,300,F,0,0,1,1,9.30138111114502,12.160130500793457,-0.19548338651657104,0.43851256370544434,
20,300,F,0,0,1,2,9.509711265563965,11.228360176086426,-0.04989030957221985,0.4598623812198639,
20,300,F,0,0,1,3,10.085358619689941,10.330427169799805,0.008147895336151123,0.49379605054855347,
20,300,F,0,1,0,0,14.108827590942383,9.228937149047852,3.2113404273986816,0.5414516925811768,
20,300,F,0,1,0,1,12.53827953338623,10.410473823547363,2.5749146938323975,0.48902738094329834,
20,300,F,0,1,0,2,11.353808403015137,11.965408325195312,2.4962010383605957,0.4253758192062378,
20,300,F,0,1,0,3,10.700164794921875,11.541526794433594,2.330843448638916,0.42033976316452026,
20,300,F,0,1,1,0,4.537968635559082,5.252424240112305,-0.12780386209487915,0.47042548656463623,
20,300,F,0,1,1,1,3.966437578201294,5.225973129272461,-0.21373850107192993,0.4444088637828827,
20,300,F,0,1,1,2,6.827901840209961,5.7925591468811035,-0.09625616669654846,0.5444925427436829,
20,300,F,0,1,1,3,5.098812103271484,4.33259391784668,-0.20797106623649597,0.550531804561615,
20,300,F,0,2,0,0,11.329084396362305,13.884672164916992,0.3813452124595642,0.4408649206161499,
20,300,F,0,2,0,1,12.832437515258789,14.858135223388672,0.5539032220840454,0.45247021317481995,
20,300,F,0,2,0,2,11.705644607543945,11.010029792785645,0.45008325576782227,0.5055137276649475,
20,300,F,0,2,0,3,13.666425704956055,12.845848083496094,0.5192818641662598,0.5057957768440247,
20,300,F,0,2,1,0,7.616372585296631,10.845829010009766,-1.0292794704437256,0.44356054067611694,
20,300,F,0,2,1,1,5.684296131134033,12.158034324645996,-1.0851750373840332,0.35765260457992554,
20,300,F,0,2,1,2,8.090076446533203,10.65009593963623,-1.2392939329147339,0.46694791316986084,
20,300,F,0,2,1,3,5.809021949768066,12.490532875061035,-0.8778473138809204,0.34868481755256653,
20,300,F,0,3,0,0,31.34212875366211,44.07912826538086,4.051793098449707,0.3823811113834381,
20,300,F,0,3,0,1,30.834346771240234,46.98050308227539,3.027263879776001,0.37181419134140015,
20,300,F,0,3,0,2,34.11967086791992,36.022640228271484,3.4827678203582764,0.4596026539802551,
20,300,F,0,3,0,3,24.64101791381836,46.215965270996094,2.558865785598755,0.32332006096839905,
20,300,F,0,3,1,0,14.17695140838623,48.86959457397461,-0.12275302410125732,0.22637109458446503,
20,300,F,0,3,1,1,10.868550300598145,33.03639602661133,-0.012501001358032227,0.24776147305965424,
20,300,F,0,3,1,2,13.00742244720459,33.40925216674805,0.24718034267425537,0.27637821435928345,
20,300,F,0,3,1,3,18.347496032714844,37.233131408691406,-0.28594115376472473,0.3335346579551697,
20,300,F,0,4,0,0,11.664019584655762,24.189205169677734,2.362860679626465,0.277726411819458,
20,300,F,0,4,0,1,11.101280212402344,27.398778915405273,2.208043336868286,0.24504666030406952,
20,300,F,0,4,0,2,17.411903381347656,24.415889739990234,2.402470111846924,0.3807053864002228,
20,300,F,0,4,0,3,16.005491256713867,29.201425552368164,2.71737003326416,0.3127385973930359,
20,300,F,0,4,1,0,4.298184394836426,12.027724266052246,-1.3335399627685547,0.31890714168548584,
20,300,F,0,4,1,1,7.973040580749512,10.430333137512207,-1.3839831352233887,0.47287890315055847,
20,300,F,0,4,1,2,5.459632873535156,10.676063537597656,-1.4568148851394653,0.3931472599506378,
20,300,F,0,4,1,3,6.959650039672852,14.925182342529297,-1.310757040977478,0.35655084252357483,
20,300,F,0,5,0,0,8.26202392578125,8.660765647888184,2.0519490242004395,0.4176008105278015,
20,300,F,0,5,0,1,7.465131759643555,10.321187973022461,1.9690525531768799,0.3474733829498291,
20,300,F,0,5,0,2,9.499939918518066,8.694257736206055,1.9971057176589966,0.4632210433483124,
20,300,F,0,5,0,3,8.96641731262207,11.654586791992188,2.0562903881073,0.3722183108329773,
20,300,F,0,5,1,0,15.990455627441406,25.43079948425293,-0.23880285024642944,0.38956397771835327,
20,300,F,0,5,1,1,12.651693344116211,23.713645935058594,-0.3398260474205017,0.35394251346588135,
20,300,F,0,5,1,2,9.445605278015137,24.11097526550293,-0.5207816362380981,0.2924635708332062,
20,300,F,0,5,1,3,16.38580894470215,25.87113380432129,-0.46163317561149597,0.3943820893764496,
20,300,F,0,6,0,0,26.61004066467285,78.57447052001953,0.4279736280441284,0.24993254244327545,
20,300,F,0,6,0,1,31.679576873779297,86.010498046875,0.04006946086883545,0.26892906427383423,
20,300,F,0,6,0,2,40.66617202758789,83.86325073242188,0.7865278720855713,0.32227823138237,
20,300,F,0,6,0,3,32.44700241088867,79.50548553466797,0.8319129943847656,0.2845115661621094,
20,300,F,0,6,1,0,18.161739349365234,76.01371765136719,2.2531886100769043,0.17306526005268097,
20,300,F,0,6,1,1,22.529438018798828,77.2954330444336,1.5373384952545166,0.213578462600708,
20,300,F,0,6,1,2,26.499223709106445,67.4886474609375,2.6910603046417236,0.2607775926589966,
20,300,F,0,6,1,3,30.976787567138672,85.85285949707031,1.8945587873458862,0.25303179025650024,
20,300,F,0,7,0,0,13.433576583862305,40.57564926147461,1.9808766841888428,0.22012421488761902,
20,300,F,0,7,0,1,17.93805694580078,37.356685638427734,1.842719554901123,0.3011174499988556,
20,300,F,0,7,0,2,14.884125709533691,45.819976806640625,2.184135675430298,0.21701976656913757,
20,300,F,0,7,0,3,9.677839279174805,42.68763732910156,2.582015037536621,0.1425337791442871,
20,300,F,0,7,1,0,21.719783782958984,29.645462036132812,1.0073834657669067,0.411304235458374,
20,300,F,0,7,1,1,12.011616706848145,33.96794509887695,0.7895703911781311,0.24833035469055176,
20,300,F,0,7,1,2,13.937983512878418,38.585323333740234,0.8463799357414246,0.2533355951309204,
20,300,F,0,7,1,3,14.306577682495117,32.19038391113281,1.089522123336792,0.2910768687725067,
20,300,F,0,8,0,0,4.504683017730713,35.64112854003906,0.7955919504165649,0.09425846487283707,
20,300,F,0,8,0,1,10.148760795593262,38.15391540527344,0.9682376980781555,0.19395017623901367,
20,300,F,0,8,0,2,6.569416522979736,30.955581665039062,0.7682317495346069,0.15782630443572998,
20,300,F,0,8,0,3,12.305617332458496,31.909114837646484,0.6264015436172485,0.2679436504840851,
20,300,F,0,8,1,0,14.925996780395508,33.36620330810547,2.3938276767730713,0.273041695356369,
20,300,F,0,8,1,1,9.749479293823242,28.30829620361328,2.203965187072754,0.21045222878456116,
20,300,F,0,8,1,2,8.042329788208008,36.20918655395508,2.6751697063446045,0.12909166514873505,
20,300,F,0,8,1,3,11.234466552734375,28.84520721435547,2.510202169418335,0.23221683502197266,
20,300,F,0,9,0,0,9.22131061553955,19.547109603881836,2.5511741638183594,0.25441789627075195,
20,300,F,0,9,0,1,12.14574146270752,25.88506507873535,2.4424638748168945,0.2726532518863678,
20,300,F,0,9,0,2,13.052593231201172,27.296733856201172,2.7492904663085938,0.27402374148368835,
20,300,F,0,9,0,3,9.039137840270996,25.753398895263672,2.4267637729644775,0.20430144667625427,
20,300,F,0,9,1,0,15.779260635375977,36.13622283935547,2.9905216693878174,0.2613949775695801,
20,300,F,0,9,1,1,10.593145370483398,36.08182144165039,2.7172658443450928,0.17916950583457947,
20,300,F,0,9,1,2,19.884187698364258,35.738380432128906,2.3797032833099365,0.32876676321029663,
20,300,F,0,9,1,3,11.103632926940918,33.272552490234375,2.537015914916992,0.204751119017601,
20,300,F,0,10,0,0,19.882137298583984,35.29947280883789,0.9236438274383545,0.34941402077674866,
20,300,F,0,10,0,1,15.620132446289062,37.695438385009766,0.45635461807250977,0.2868710458278656,
20,300,F,0,10,0,2,14.99620246887207,33.485748291015625,0.6200869083404541,0.3003668189048767,
20,300,F,0,10,0,3,23.970731735229492,33.82577896118164,0.41066408157348633,0.4105553925037384,
20,300,F,0,10,1,0,9.671875953674316,23.388748168945312,-0.8980967402458191,0.3112594485282898,
20,300,F,0,10,1,1,5.6640119552612305,25.8992862701416,-0.4763380289077759,0.19164855778217316,
20,300,F,0,10,1,2,8.702988624572754,21.073396682739258,-0.5634571313858032,0.3054216802120209,
20,300,F,0,10,1,3,8.646261215209961,20.809974670410156,-0.7341083288192749,0.31070759892463684,
20,300,F,0,11,0,0,1.8871660232543945,6.555380821228027,-1.1526542901992798,0.31680628657341003,
20,300,F,0,11,0,1,2.0852367877960205,6.481326103210449,-1.2059171199798584,0.3367777466773987,
20,300,F,0,11,0,2,0.5133988857269287,6.389416217803955,-1.1892434358596802,0.2104090452194214,
20,300,F,0,11,0,3,1.0959296226501465,6.002891540527344,-1.1361111402511597,0.271045446395874,
20,300,F,0,11,1,0,3.719280242919922,14.633546829223633,-0.36784827709198,0.21832165122032166,
20,300,F,0,11,1,1,6.505157470703125,13.298934936523438,0.05710244178771973,0.32653358578681946,
20,300,F,0,11,1,2,5.182920932769775,13.035709381103516,0.023795247077941895,0.28354892134666443,
20,300,F,0,11,1,3,9.371870994567871,12.313817977905273,0.5286924839019775,0.4179789423942566,
20,300,F,0,12,0,0,-0.6429194808006287,0.3006766438484192,-1.394853115081787,0.7143514156341553,
20,300,F,0,12,0,1,-0.7491077184677124,0.30553311109542847,-1.4579637050628662,0.6988008618354797,
20,300,F,0,12,0,2,-0.8350474238395691,0.3059423565864563,-1.4059760570526123,0.6510976552963257,
20,300,F,0,12,0,3,-0.6939939260482788,0.312585711479187,-1.3527438640594482,0.6781898140907288,
20,300,F,0,12,1,0,1.7988674640655518,1.543534278869629,-1.3639699220657349,0.6720330715179443,
20,300,F,0,12,1,1,1.7945311069488525,1.3447345495224,-0.6937791109085083,0.6491733193397522,
20,300,F,0,12,1,2,2.194581985473633,1.1672391891479492,-0.9160114526748657,0.7271423935890198,
20,300,F,0,12,1,3,1.7932298183441162,1.2880364656448364,-0.8714653849601746,0.6741401553153992,
20,300,F,0,13,0,0,3.61972975730896,0.9331830739974976,2.283294439315796,0.5888370275497437,
20,300,F,0,13,0,1,4.0512285232543945,1.001987099647522,2.249640703201294,0.6426037549972534,
20,300,F,0,13,0,2,3.6137566566467285,0.9741010665893555,2.0585737228393555,0.6148708462715149,
20,300,F,0,13,0,3,3.6141934394836426,1.1007440090179443,2.1326704025268555,0.5737296342849731,
20,300,F,0,13,1,0,2.058302402496338,0.5286742448806763,1.3345617055892944,0.5778761506080627,
20,300,F,0,13,1,1,2.174447536468506,0.536831796169281,1.4168922901153564,0.5852617621421814,
20,300,F,0,13,1,2,2.2043166160583496,0.427508145570755,1.37284255027771,0.6604335308074951,
20,300,F,0,13,1,3,2.1594924926757812,0.4712422788143158,1.368543028831482,0.6266476511955261,
20,300,F,0,14,0,0,4.856734275817871,1.9794925451278687,1.9271215200424194,0.596771240234375,
20,300,F,0,14,0,1,4.970536231994629,2.1001930236816406,2.3786680698394775,0.5523943901062012,
20,300,F,0,14,0,2,4.046027183532715,2.2288146018981934,1.7667183876037598,0.5056003928184509,
20,300,F,0,14,0,3,4.469343185424805,2.036161422729492,1.7858829498291016,0.5685752630233765,
20,300,F,0,14,1,0,-0.19248437881469727,1.1720787286758423,-1.4312880039215088,0.5138382911682129,
20,300,F,0,14,1,1,0.1011422872543335,0.9428740739822388,-1.1953023672103882,0.5789459943771362,
20,300,F,0,14,1,2,-0.03319978713989258,1.0140001773834229,-1.340620517730713,0.5631985068321228,
20,300,F,0,14,1,3,-0.13625431060791016,1.045458436012268,-1.3699883222579956,0.5413031578063965,
20,300,F,0,15,0,0,0.16026026010513306,0.6898206472396851,-3.655379295349121,0.8468922972679138,
20,300,F,0,15,0,1,0.36825597286224365,0.6684264540672302,-2.9790737628936768,0.8335490226745605,
20,300,F,0,15,0,2,0.1191205382347107,0.5868555307388306,-3.582042932510376,0.8631406426429749,
20,300,F,0,15,0,3,-0.06006801128387451,0.6452195644378662,-3.3989105224609375,0.8380498290061951,
20,300,F,0,15,1,0,0.36202651262283325,0.24835024774074554,-0.9652097225189209,0.8423759937286377,
20,300,F,0,15,1,1,0.39238953590393066,0.27916887402534485,-1.2024989128112793,0.8510350584983826,
20,300,F,0,15,1,2,0.2556845545768738,0.2615780830383301,-1.1809327602386475,0.8459670543670654,
20,300,F,0,15,1,3,0.08024144172668457,0.32467353343963623,-1.112227201461792,0.7859966158866882,
20,300,F,0,16,0,0,-0.428364634513855,0.37238889932632446,-2.0950777530670166,0.8173760175704956,
20,300,F,0,16,0,1,-0.8307321667671204,0.3241291344165802,-2.169426918029785,0.805073082447052,
20,300,F,0,16,0,2,-0.688959002494812,0.3767760396003723,-1.9216465950012207,0.7658995985984802,
20,300,F,0,16,0,3,-0.5822317600250244,0.3516356647014618,-1.9401861429214478,0.7943158149719238,
20,300,F,0,16,1,0,-1.700178623199463,0.16218824684619904,-2.3406519889831543,0.7979369163513184,
20,300,F,0,16,1,1,-1.65159010887146,0.14259272813796997,-2.2405920028686523,0.8050932288169861,
20,300,F,0,16,1,2,-1.6830289363861084,0.14491724967956543,-2.3099682331085205,0.8122484683990479,
20,300,F,0,16,1,3,-1.6808348894119263,0.15054979920387268,-2.281702756881714,0.7996456623077393,
20,300,F,0,17,0,0,1.1177902221679688,0.17952649295330048,0.6856311559677124,0.7065052390098572,
20,300,F,0,17,0,1,1.15616774559021,0.17363491654396057,0.5288098454475403,0.783225417137146,
20,300,F,0,17,0,2,1.162825107574463,0.1795637309551239,0.6412712335586548,0.7438892722129822,
20,300,F,0,17,0,3,1.1393401622772217,0.19064787030220032,0.6267528533935547,0.728898823261261,
20,300,F,0,17,1,0,-0.0437244176864624,1.1651066541671753,-2.9453370571136475,0.7135021090507507,
20,300,F,0,17,1,1,0.282055139541626,0.8326953053474426,-2.6302618980407715,0.7776521444320679,
20,300,F,0,17,1,2,0.06983470916748047,1.0360047817230225,-3.0137667655944824,0.7485185265541077,
20,300,F,0,17,1,3,0.31808435916900635,0.9324383735656738,-2.573878288269043,0.7561870813369751,
20,300,F,0,18,0,0,1.0592721700668335,2.682347059249878,-1.445410966873169,0.48287421464920044,
20,300,F,0,18,0,1,1.547012448310852,2.429246187210083,-1.4194297790527344,0.5497800707817078,
20,300,F,0,18,0,2,1.0097144842147827,2.6710870265960693,-1.4523428678512573,0.4796392023563385,
20,300,F,0,18,0,3,0.684126615524292,2.5959885120391846,-1.3676469326019287,0.44145411252975464,
20,300,F,0,18,1,0,0.945274829864502,1.2628971338272095,-0.46126607060432434,0.5269052386283875,
20,300,F,0,18,1,1,0.6483034491539001,1.274101972579956,-0.46663057804107666,0.4666878283023834,
20,300,F,0,18,1,2,0.7073157429695129,1.5747952461242676,-0.4811641573905945,0.4300982654094696,
20,300,F,0,18,1,3,0.9857264757156372,1.5991063117980957,-0.3851316273212433,0.46157389879226685,
20,300,F,0,19,0,0,5.884248733520508,8.393440246582031,-0.472318172454834,0.4309534728527069,
20,300,F,0,19,0,1,6.482381820678711,7.166982650756836,-0.9767992496490479,0.5099889039993286,
20,300,F,0,19,0,2,3.8034849166870117,7.042203903198242,-0.3969686031341553,0.3736175000667572,
20,300,F,0,19,0,3,5.20123291015625,7.8027143478393555,-0.38461756706237793,0.41721054911613464,
20,300,F,0,19,1,0,9.659049987792969,7.4668755531311035,-0.39364027976989746,0.573797881603241,
20,300,F,0,19,1,1,6.938770771026611,9.18655014038086,-0.540153980255127,0.4487675726413727,
20,300,F,0,19,1,2,8.370745658874512,9.096126556396484,-0.2892911434173584,0.4877200722694397,
20,300,F,0,19,1,3,8.03619384765625,8.552249908447266,-1.1671562194824219,0.5183350443840027,
20,300,F,0,20,0,0,3.311030387878418,3.872866153717041,-0.3126479387283325,0.4833798110485077,
20,300,F,0,20,0,1,3.242724895477295,3.970785617828369,-0.03034377098083496,0.45184075832366943,
20,300,F,0,20,0,2,2.6527583599090576,3.9533183574676514,0.09456121921539307,0.39287275075912476,
20,300,F,0,20,0,3,2.4516329765319824,3.84159255027771,-0.30611300468444824,0.41788220405578613,
20,300,F,0,20,1,0,1.6023926734924316,5.0901689529418945,-3.1725995540618896,0.484025776386261,
20,300,F,0,20,1,1,1.1889114379882812,5.794661045074463,-3.364147424697876,0.44000598788261414,
20,300,F,0,20,1,2,2.9901373386383057,6.990574836730957,-3.3353023529052734,0.4750249683856964,
20,300,F,0,20,1,3,1.3809013366699219,5.293543338775635,-2.8979783058166504,0.4470006823539734,
20,300,F,0,21,0,0,0.46212494373321533,0.8939211964607239,-1.2058751583099365,0.6510739326477051,
20,300,F,0,21,0,1,0.15289413928985596,0.8434103727340698,-1.2152674198150635,0.6186376214027405,
20,300,F,0,21,0,2,1.0212726593017578,0.8461893200874329,-1.0126593112945557,0.7061966061592102,
20,300,F,0,21,0,3,0.4810326099395752,1.017533779144287,-1.3291558027267456,0.6401577591896057,
20,300,F,0,21,1,0,3.716449737548828,0.6197158098220825,1.9228413105010986,0.7432107329368591,
20,300,F,0,21,1,1,3.26900053024292,0.7074294686317444,1.905025839805603,0.658478319644928,
20,300,F,0,21,1,2,3.6735219955444336,0.7161096930503845,1.8809691667556763,0.7145452499389648,
20,300,F,0,21,1,3,2.978513240814209,0.7619708776473999,1.944999098777771,0.5756183862686157,
20,300,F,0,22,0,0,0.03083980083465576,0.5064153671264648,-0.8369746208190918,0.631491482257843,
20,300,F,0,22,0,1,-0.050605952739715576,0.45367151498794556,-0.8315358757972717,0.6325360536575317,
20,300,F,0,22,0,2,0.06752771139144897,0.4396790862083435,-0.8455617427825928,0.6749783158302307,
20,300,F,0,22,0,3,0.24607670307159424,0.4318124055862427,-0.8092894554138184,0.7096431851387024,
20,300,F,0,22,1,0,3.0932068824768066,1.6059688329696655,-0.5637595653533936,0.6948530077934265,
20,300,F,0,22,1,1,2.769551992416382,1.6061311960220337,-0.5455940365791321,0.6736353039741516,
20,300,F,0,22,1,2,2.637209892272949,1.646965503692627,-0.3016240894794464,0.6408553123474121,
20,300,F,0,22,1,3,2.8790688514709473,1.7992563247680664,-0.7481368780136108,0.6684291958808899,
20,300,F,0,23,0,0,3.1784818172454834,0.9647926688194275,1.8668793439865112,0.5761752128601074,
20,300,F,0,23,0,1,2.639061212539673,0.8413395881652832,1.8871620893478394,0.47193124890327454,
20,300,F,0,23,0,2,3.1238057613372803,1.1173948049545288,1.8029011487960815,0.5417318940162659,
20,300,F,0,23,0,3,3.1010241508483887,1.0992786884307861,1.8156442642211914,0.5390204787254333,
20,300,F,0,23,1,0,2.1201882362365723,1.1550928354263306,0.22674958407878876,0.6210985779762268,
20,300,F,0,23,1,1,2.3148772716522217,1.0646350383758545,0.4417407810688019,0.6376045346260071,
20,300,F,0,23,1,2,1.8283836841583252,1.3298261165618896,0.5183366537094116,0.4962537884712219,
20,300,F,0,23,1,3,1.9414035081863403,1.290113091468811,0.5854432582855225,0.5124424695968628,
20,300,F,0,24,0,0,7.536741256713867,14.704553604125977,1.9544968605041504,0.2751663625240326,
20,300,F,0,24,0,1,6.957164764404297,13.632166862487793,1.9363081455230713,0.26917120814323425,
20,300,F,0,24,0,2,7.454995155334473,13.140746116638184,2.036726236343384,0.2919480800628662,
20,300,F,0,24,0,3,5.857394218444824,12.997657775878906,2.241079807281494,0.21766705811023712,
20,300,F,0,24,1,0,4.170969009399414,9.424784660339355,-0.4469364285469055,0.32884764671325684,
20,300,F,0,24,1,1,3.1101577281951904,8.309900283813477,-0.729741632938385,0.3160463273525238,
20,300,F,0,24,1,2,2.754803419113159,8.283843994140625,-0.7095975875854492,0.29488667845726013,
20,300,F,0,24,1,3,4.859530448913574,9.101405143737793,-0.5050170421600342,0.37083956599235535,
20,300,F,0,25,0,0,3.3367128372192383,7.056754112243652,0.7561918497085571,0.2677645981311798,
20,300,F,0,25,0,1,4.068171977996826,7.488734245300293,0.6555167436599731,0.31304773688316345,
20,300,F,0,25,0,2,3.6948890686035156,7.149936199188232,0.5685254335403442,0.3042305111885071,
20,300,F,0,25,0,3,2.6363768577575684,7.779839992523193,0.5838673114776611,0.2087506800889969,
20,300,F,0,25,1,0,15.610319137573242,17.27365493774414,2.431255578994751,0.43277132511138916,
20,300,F,0,25,1,1,12.766303062438965,17.58244514465332,2.857243537902832,0.36044076085090637,
20,300,F,0,25,1,2,12.769890785217285,16.25438117980957,2.7602810859680176,0.3811153173446655,
20,300,F,0,25,1,3,13.68411922454834,16.154218673706055,2.749812602996826,0.40365085005760193,
20,300,F,0,26,0,0,4.9614458084106445,5.081254482269287,2.159304141998291,0.35544857382774353,
20,300,F,0,26,0,1,4.402622699737549,5.66759729385376,2.170377254486084,0.2825683355331421,
20,300,F,0,26,0,2,4.670346260070801,5.896852970123291,2.12495756149292,0.30150625109672546,
20,300,F,0,26,0,3,4.915213584899902,4.9379048347473145,2.118638277053833,0.3615725040435791,
20,300,F,0,26,1,0,3.215507745742798,8.226086616516113,0.049540430307388306,0.27791014313697815,
20,300,F,0,26,1,1,3.2463724613189697,6.616435527801514,0.2519031763076782,0.3115699589252472,
20,300,F,0,26,1,2,4.035042762756348,6.833752155303955,0.2171805500984192,0.3584303855895996,
20,300,F,0,26,1,3,4.174732685089111,9.178091049194336,0.16313397884368896,0.30414655804634094,
20,300,F,0,27,0,0,8.455286026000977,11.207701683044434,0.9458322525024414,0.40120700001716614,
20,300,F,0,27,0,1,6.1298675537109375,13.828453063964844,0.6122425198554993,0.2852063775062561,
20,300,F,0,27,0,2,8.379063606262207,12.952614784240723,0.7645764946937561,0.37022656202316284,
20,300,F,0,27,0,3,6.290949821472168,16.82368278503418,0.5609204173088074,0.2540614902973175,
20,300,F,0,27,1,0,35.09771728515625,55.90448760986328,3.973719358444214,0.3576299846172333,
20,300,F,0,27,1,1,15.824234962463379,56.84152603149414,4.21925687789917,0.1695481538772583,
20,300,F,0,27,1,2,17.342388153076172,59.06072235107422,3.237440586090088,0.19278095662593842,
20,300,F,0,27,1,3,31.87176513671875,47.63705062866211,3.497070550918579,0.37329354882240295,
20,300,F,0,28,0,0,13.597496032714844,15.6506986618042,2.055281162261963,0.42445674538612366,
20,300,F,0,28,0,1,14.634281158447266,23.79452133178711,2.5705511569976807,0.33642831444740295,
20,300,F,0,28,0,2,8.162862777709961,16.50300407409668,2.594606876373291,0.252285361289978,
20,300,F,0,28,0,3,11.917947769165039,17.526451110839844,2.1203815937042236,0.35856977105140686,
20,300,F,0,28,1,0,16.721824645996094,38.26494598388672,0.4335380792617798,0.2985759973526001,
20,300,F,0,28,1,1,12.063434600830078,28.64645767211914,0.46319401264190674,0.2882283926010132,
20,300,F,0,28,1,2,16.14695930480957,28.630977630615234,0.42350566387176514,0.35449567437171936,
20,300,F,0,28,1,3,19.622005462646484,28.10676383972168,0.17923355102539062,0.4088950753211975,
20,300,F,0,29,0,0,4.0412797927856445,7.7016754150390625,1.7663086652755737,0.22802963852882385,
20,300,F,0,29,0,1,4.44003963470459,6.0910186767578125,1.7762283086776733,0.30426761507987976,
20,300,F,0,29,0,2,4.409505844116211,6.3205790519714355,1.731276035308838,0.2976204752922058,
20,300,F,0,29,0,3,5.632015228271484,7.569104194641113,1.7208330631256104,0.3406868278980255,
20,300,F,0,29,1,0,24.078847885131836,34.626529693603516,1.5136480331420898,0.394553542137146,
20,300,F,0,29,1,1,18.49764060974121,39.91794204711914,1.7414727210998535,0.2956582307815552,
20,300,F,0,29,1,2,13.89561653137207,38.33272171020508,2.047412395477295,0.23610970377922058,
20,300,F,0,29,1,3,29.32299041748047,39.90948486328125,2.0594675540924072,0.4058702290058136,
20,300,F,0,30,0,0,5.677286624908447,8.866581916809082,0.3510598838329315,0.37527644634246826,
20,300,F,0,30,0,1,4.888853549957275,9.127816200256348,0.45760592818260193,0.326810747385025,
20,300,F,0,30,0,2,3.956131935119629,9.754300117492676,0.4893374443054199,0.2622168958187103,
20,300,F,0,30,0,3,6.030056476593018,8.333584785461426,0.2838186025619507,0.4081186354160309,
20,300,F,0,30,1,0,5.2399396896362305,5.587198734283447,0.39116501808166504,0.4646212160587311,
20,300,F,0,30,1,1,3.3414108753204346,7.024877071380615,0.1299142837524414,0.3137338161468506,
20,300,F,0,30,1,2,6.3470563888549805,6.805996417999268,0.2883058786392212,0.47095760703086853,
20,300,F,0,30,1,3,4.630431652069092,5.926782608032227,0.20206516981124878,0.42764875292778015,
20,300,F,0,31,0,0,8.91069507598877,13.676833152770996,-0.19664812088012695,0.39972227811813354,
20,300,F,0,31,0,1,6.062234878540039,14.595147132873535,0.4368607997894287,0.27820122241973877,
20,300,F,0,31,0,2,9.36136245727539,15.292593955993652,0.19822704792022705,0.37468254566192627,
20,300,F,0,31,0,3,4.750014781951904,12.39830207824707,0.9847062230110168,0.23294973373413086,
20,300,F,0,31,1,0,1.031912088394165,5.694676399230957,-2.107485294342041,0.35537368059158325,
20,300,F,0,31,1,1,1.4118194580078125,5.221517562866211,-2.269329071044922,0.41348835825920105,
20,300,F,0,31,1,2,0.6384313106536865,6.573269844055176,-2.173640727996826,0.29962384700775146,
20,300,F,0,31,1,3,1.8410489559173584,7.158634662628174,-2.2940139770507812,0.3661390244960785,
20,300,F,0,32,0,0,3.1538124084472656,2.5002408027648926,1.6411182880401611,0.376954585313797,
20,300,F,0,32,0,1,3.2380013465881348,2.2709829807281494,1.559596061706543,0.4249785542488098,
20,300,F,0,32,0,2,3.2275748252868652,2.577956438064575,1.5885685682296753,0.38866984844207764,
20,300,F,0,32,0,3,3.0142459869384766,2.5448927879333496,1.5034245252609253,0.3725167512893677,
20,300,F,0,32,1,0,0.42813873291015625,2.9825477600097656,-1.4187477827072144,0.38242295384407043,
20,300,F,0,32,1,1,0.8264865875244141,2.9103167057037354,-1.3649017810821533,0.42954039573669434,
20,300,F,0,32,1,2,0.05680835247039795,2.5336246490478516,-1.3662261962890625,0.35965558886528015,
20,300,F,0,32,1,3,0.44178831577301025,2.8829240798950195,-1.2167657613754272,0.3652013838291168,
20,300,F,0,33,0,0,14.345513343811035,20.304180145263672,-0.12975968420505524,0.4162018597126007,
20,300,F,0,33,0,1,12.549213409423828,23.083744049072266,-0.21139423549175262,0.35600051283836365,
20,300,F,0,33,0,2,13.271303176879883,20.107921600341797,-0.2873070240020752,0.40273261070251465,
20,300,F,0,33,0,3,10.19975471496582,26.193866729736328,-0.22089174389839172,0.2846042811870575,
20,300,F,0,33,1,0,10.56872844696045,24.240367889404297,-0.8836590051651001,0.32086026668548584,
20,300,F,0,33,1,1,15.7715425491333,21.415924072265625,-0.9818887710571289,0.43892359733581543,
20,300,F,0,33,1,2,6.4267730712890625,25.541242599487305,-0.7776103019714355,0.22001056373119354,
20,300,F,0,33,1,3,7.065814971923828,24.27254295349121,-0.4771624207496643,0.23708483576774597,
20,300,F,0,34,0,0,10.132965087890625,20.531143188476562,-0.46135157346725464,0.340374618768692,
20,300,F,0,34,0,1,10.871257781982422,16.715139389038086,0.17002874612808228,0.39032262563705444,
20,300,F,0,34,0,2,7.772588729858398,20.88313865661621,-0.2543134093284607,0.27765101194381714,
20,300,F,0,34,0,3,7.215791702270508,17.5349178314209,-0.5005606412887573,0.30558276176452637,
20,300,F,0,34,1,0,12.669550895690918,23.47088623046875,-1.2011027336120605,0.37145373225212097,
20,300,F,0,34,1,1,12.413495063781738,24.515729904174805,-0.8445025682449341,0.3509846329689026,
20,300,F,0,34,1,2,12.840325355529785,19.179487228393555,-0.9489815831184387,0.4182532727718353,
20,300,F,0,34,1,3,11.239214897155762,17.14470672607422,-0.7691822052001953,0.41190803050994873,
20,300,F,0,35,0,0,10.644721984863281,24.645944595336914,0.8438363671302795,0.2845221161842346,
20,300,F,0,35,0,1,11.737405776977539,26.280908584594727,0.5338237881660461,0.2988857924938202,
20,300,F,0,35,0,2,12.874576568603516,27.900562286376953,0.47151732444763184,0.30774053931236267,
20,300,F,0,35,0,3,15.302297592163086,28.03215217590332,0.5887541770935059,0.3442111015319824,
20,300,F,0,35,1,0,8.239784240722656,7.373059272766113,1.4666324853897095,0.47879618406295776,
20,300,F,0,35,1,1,6.9686994552612305,10.052597999572754,1.6231389045715332,0.3471558392047882,
20,300,F,0,35,1,2,4.019465446472168,10.155313491821289,1.4797306060791016,0.20005711913108826,
20,300,F,0,35,1,3,5.452553749084473,8.216976165771484,1.520084023475647,0.3236748278141022,
20,300,F,1,0,0,0,9.268180847167969,5.481125354766846,2.4850575923919678,0.5530809760093689,
20,300,F,1,0,0,1,8.467914581298828,5.880552768707275,2.5479578971862793,0.5016695857048035,
20,300,F,1,0,0,2,8.411083221435547,6.077256679534912,2.3753466606140137,0.4982861578464508,
20,300,F,1,0,0,3,6.892848491668701,5.413874626159668,2.356786012649536,0.455888569355011,
20,300,F,1,0,1,0,12.757590293884277,10.935250282287598,0.5552561283111572,0.5273815393447876,
20,300,F,1,0,1,1,9.30138111114502,12.160130500793457,-0.028131484985351562,0.4341399371623993,
20,300,F,1,0,1,2,9.509711265563965,11.228360176086426,0.5747294425964355,0.4431300163269043,
20,300,F,1,0,1,3,10.085358619689941,10.330427169799805,0.5030809640884399,0.4812142848968506,
20,300,F,1,1,0,0,14.108827590942383,9.228937149047852,2.8405983448028564,0.5497456789016724,
20,300,F,1,1,0,1,12.53827953338623,10.410473823547363,3.610511541366577,0.4616638720035553,
20,300,F,1,1,0,2,11.353808403015137,11.965408325195312,3.207343578338623,0.40505748987197876,
20,300,F,1,1,0,3,10.700164794921875,11.541526794433594,2.462411880493164,0.416483998298645,
20,300,F,1,1,1,0,4.537968635559082,5.252424240112305,-0.045827776193618774,0.4660119414329529,
20,300,F,1,1,1,1,3.966437578201294,5.225973129272461,0.0932157039642334,0.4256664514541626,
20,300,F,1,1,1,2,6.827901840209961,5.7925591468811035,0.012022078037261963,0.5405808091163635,
20,300,F,1,1,1,3,5.098812103271484,4.33259391784668,-0.00032761693000793457,0.5406365394592285,
20,300,F,1,2,0,0,11.329084396362305,13.884672164916992,0.6965342164039612,0.4336767792701721,
20,300,F,1,2,0,1,12.832437515258789,14.858135223388672,1.198529601097107,0.4391472339630127,
20,300,F,1,2,0,2,11.705644607543945,11.010029792785645,1.0335028171539307,0.4922081530094147,
20,300,F,1,2,0,3,13.666425704956055,12.845848083496094,0.5942270755767822,0.5043666958808899,
20,300,F,1,2,1,0,7.616372585296631,10.845829010009766,-0.6553146839141846,0.4326758086681366,
20,300,F,1,2,1,1,5.684296131134033,12.158034324645996,-0.35133516788482666,0.3317435681819916,
20,300,F,1,2,1,2,8.090076446533203,10.65009593963623,-0.7526492476463318,0.4536401033401489,
20,300,F,1,2,1,3,5.809021949768066,12.490532875061035,-0.44971299171447754,0.33381223678588867,
20,300,F,1,3,0,0,31.34212875366211,44.07912826538086,5.54757022857666,0.3691598176956177,
20,300,F,1,3,0,1,30.834346771240234,46.98050308227539,4.67863655090332,0.35763007402420044,
20,300,F,1,3,0,2,34.11967086791992,36.022640228271484,4.608522891998291,0.4503195881843567,
20,300,F,1,3,0,3,24.64101791381836,46.215965270996094,4.674941062927246,0.3016842007637024,
20,300,F,1,3,1,0,14.17695140838623,48.86959457397461,1.4657714366912842,0.20641474425792694,
20,300,F,1,3,1,1,10.868550300598145,33.03639602661133,0.9124810695648193,0.231577068567276,
20,300,F,1,3,1,2,13.00742244720459,33.40925216674805,1.1923483610153198,0.26125481724739075,
20,300,F,1,3,1,3,18.347496032714844,37.233131408691406,2.0920016765594482,0.3039056360721588,
20,300,F,1,4,0,0,11.664019584655762,24.189205169677734,3.4413533210754395,0.2536930441856384,
20,300,F,1,4,0,1,11.101280212402344,27.398778915405273,2.3860561847686768,0.24132534861564636,
20,300,F,1,4,0,2,17.411903381347656,24.415889739990234,3.908378839492798,0.3561111092567444,
20,300,F,1,4,0,3,16.005491256713867,29.201425552368164,2.8780806064605713,0.3101292848587036,
20,300,F,1,4,1,0,4.298184394836426,12.027724266052246,-0.9309985041618347,0.3030197024345398,
20,300,F,1,4,1,1,7.973040580749512,10.430333137512207,-1.1788175106048584,0.4673561751842499,
20,300,F,1,4,1,2,5.459632873535156,10.676063537597656,-1.323418140411377,0.3885105848312378,
20,300,F,1,4,1,3,6.959650039672852,14.925182342529297,-1.0224300622940063,0.3484519124031067,
20,300,F,1,5,0,0,8.26202392578125,8.660765647888184,2.2758822441101074,0.40869662165641785,
20,300,F,1,5,0,1,7.465131759643555,10.321187973022461,2.221133232116699,0.3369055986404419,
20,300,F,1,5,0,2,9.499939918518066,8.694257736206055,2.135302782058716,0.4586017429828644,
20,300,F,1,5,0,3,8.96641731262207,11.654586791992188,2.3584604263305664,0.3618311285972595,
20,300,F,1,5,1,0,15.990455627441406,25.43079948425293,0.41523778438568115,0.379827618598938,
20,300,F,1,5,1,1,12.651693344116211,23.713645935058594,0.04376453161239624,0.3471195697784424,
20,300,F,1,5,1,2,9.445605278015137,24.11097526550293,0.14874255657196045,0.27828389406204224,
20,300,F,1,5,1,3,16.38580894470215,25.87113380432129,1.2183785438537598,0.3695897161960602,
20,300,F,1,6,0,0,26.61004066467285,78.57447052001953,3.3545167446136475,0.22837597131729126,
20,300,F,1,6,0,1,31.679576873779297,86.010498046875,0.9538686275482178,0.2632063329219818,
20,300,F,1,6,0,2,40.66617202758789,83.86325073242188,6.20340633392334,0.29125264286994934,
20,300,F,1,6,0,3,32.44700241088867,79.50548553466797,4.444155693054199,0.2604714035987854,
20,300,F,1,6,1,0,18.161739349365234,76.01371765136719,3.2050693035125732,0.1644124984741211,
20,300,F,1,6,1,1,22.529438018798828,77.2954330444336,3.009997606277466,0.20161612331867218,
20,300,F,1,6,1,2,26.499223709106445,67.4886474609375,4.376880645751953,0.24687086045742035,
20,300,F,1,6,1,3,30.976787567138672,85.85285949707031,4.264106750488281,0.23730780184268951,
20,300,F,1,7,0,0,13.433576583862305,40.57564926147461,2.5088229179382324,0.21212947368621826,
20,300,F,1,7,0,1,17.93805694580078,37.356685638427734,2.768221855163574,0.288803368806839,
20,300,F,1,7,0,2,14.884125709533691,45.819976806640625,2.9907147884368896,0.20607715845108032,
20,300,F,1,7,0,3,9.677839279174805,42.68763732910156,3.5293307304382324,0.1259007751941681,
20,300,F,1,7,1,0,21.719783782958984,29.645462036132812,1.481813907623291,0.4057052433490753,
20,300,F,1,7,1,1,12.011616706848145,33.96794509887695,1.2758914232254028,0.24015311896800995,
20,300,F,1,7,1,2,13.937983512878418,38.585323333740234,1.1013851165771484,0.2496328055858612,
20,300,F,1,7,1,3,14.306577682495117,32.19038391113281,1.6639832258224487,0.28199321031570435,
20,300,F,1,8,0,0,4.504683017730713,35.64112854003906,0.9843780398368835,0.08989213407039642,
20,300,F,1,8,0,1,10.148760795593262,38.15391540527344,1.510964274406433,0.18460099399089813,
20,300,F,1,8,0,2,6.569416522979736,30.955581665039062,1.1870977878570557,0.14811858534812927,
20,300,F,1,8,0,3,12.305617332458496,31.909114837646484,0.9334853291511536,0.26274964213371277,
20,300,F,1,8,1,0,14.925996780395508,33.36620330810547,2.809474468231201,0.2663983106613159,
20,300,F,1,8,1,1,9.749479293823242,28.30829620361328,2.7692244052886963,0.19780509173870087,
20,300,F,1,8,1,2,8.042329788208008,36.20918655395508,3.124234199523926,0.11958231776952744,
20,300,F,1,8,1,3,11.234466552734375,28.84520721435547,3.194634437561035,0.21796999871730804,
20,300,F,1,9,0,0,9.22131061553955,19.547109603881836,2.622023582458496,0.2523975968360901,
20,300,F,1,9,0,1,12.14574146270752,25.88506507873535,2.501908779144287,0.27143630385398865,
20,300,F,1,9,0,2,13.052593231201172,27.296733856201172,3.330789804458618,0.26261985301971436,
20,300,F,1,9,0,3,9.039137840270996,25.753398895263672,3.0703318119049072,0.18815863132476807,
20,300,F,1,9,1,0,15.779260635375977,36.13622283935547,3.539672374725342,0.25301048159599304,
20,300,F,1,9,1,1,10.593145370483398,36.08182144165039,4.122559547424316,0.1520615667104721,
20,300,F,1,9,1,2,19.884187698364258,35.738380432128906,3.3454740047454834,0.3163663446903229,
20,300,F,1,9,1,3,11.103632926940918,33.272552490234375,2.901845693588257,0.19775569438934326,
20,300,F,1,10,0,0,19.882137298583984,35.29947280883789,1.4184160232543945,0.34342682361602783,
20,300,F,1,10,0,1,15.620132446289062,37.695438385009766,1.8859195709228516,0.26704853773117065,
20,300,F,1,10,0,2,14.99620246887207,33.485748291015625,1.5937902927398682,0.28583788871765137,
20,300,F,1,10,0,3,23.970731735229492,33.82577896118164,2.2653748989105225,0.390868216753006,
20,300,F,1,10,1,0,9.671875953674316,23.388748168945312,-0.12698590755462646,0.2952566146850586,
20,300,F,1,10,1,1,5.6640119552612305,25.8992862701416,-0.16688227653503418,0.18376493453979492,
20,300,F,1,10,1,2,8.702988624572754,21.073396682739258,0.10447299480438232,0.28978633880615234,
20,300,F,1,10,1,3,8.646261215209961,20.809974670410156,0.23402738571166992,0.28787124156951904,
20,300,F,1,11,0,0,1.8871660232543945,6.555380821228027,-1.013946771621704,0.3067852258682251,
20,300,F,1,11,0,1,2.0852367877960205,6.481326103210449,-0.9199916124343872,0.3167881965637207,
20,300,F,1,11,0,2,0.5133988857269287,6.389416217803955,-1.09169340133667,0.20077434182167053,
20,300,F,1,11,0,3,1.0959296226501465,6.002891540527344,-0.8826919794082642,0.2479005604982376,
20,300,F,1,11,1,0,3.719280242919922,14.633546829223633,-0.2300087809562683,0.21252349019050598,
20,300,F,1,11,1,1,6.505157470703125,13.298934936523438,0.6771645545959473,0.30470094084739685,
20,300,F,1,11,1,2,5.182920932769775,13.035709381103516,0.21475958824157715,0.2759496569633484,
20,300,F,1,11,1,3,9.371870994567871,12.313817977905273,0.27302443981170654,0.4249282777309418,
20,300,F,1,12,0,0,-0.6429194808006287,0.3006766438484192,-1.3156110048294067,0.6910966634750366,
20,300,F,1,12,0,1,-0.7491077184677124,0.30553311109542847,-1.4188193082809448,0.686711311340332,
20,300,F,1,12,0,2,-0.8350474238395691,0.3059423565864563,-1.3577436208724976,0.6307891607284546,
20,300,F,1,12,0,3,-0.6939939260482788,0.312585711479187,-1.2957472801208496,0.6581293344497681,
20,300,F,1,12,1,0,1.7988674640655518,1.543534278869629,-0.8368955254554749,0.6306713223457336,
20,300,F,1,12,1,1,1.7945311069488525,1.3447345495224,-0.2151637077331543,0.5991167426109314,
20,300,F,1,12,1,2,2.194581985473633,1.1672391891479492,-0.5358227491378784,0.700527012348175,
20,300,F,1,12,1,3,1.7932298183441162,1.2880364656448364,-0.7497553825378418,0.6637877821922302,
20,300,F,1,13,0,0,3.61972975730896,0.9331830739974976,2.5382111072540283,0.5368132591247559,
20,300,F,1,13,0,1,4.0512285232543945,1.001987099647522,2.3169150352478027,0.6338168978691101,
20,300,F,1,13,0,2,3.6137566566467285,0.9741010665893555,2.546208620071411,0.5228852033615112,
20,300,F,1,13,0,3,3.6141934394836426,1.1007440090179443,2.1507959365844727,0.570716381072998,
20,300,F,1,13,1,0,2.058302402496338,0.5286742448806763,1.5636101961135864,0.4833969473838806,
20,300,F,1,13,1,1,2.174447536468506,0.536831796169281,1.5152052640914917,0.5511717200279236,
20,300,F,1,13,1,2,2.2043166160583496,0.427508145570755,1.6171244382858276,0.5786852836608887,
20,300,F,1,13,1,3,2.1594924926757812,0.4712422788143158,1.6427435874938965,0.5230298638343811,
20,300,F,1,14,0,0,4.856734275817871,1.9794925451278687,2.170376777648926,0.5757488012313843,
20,300,F,1,14,0,1,4.970536231994629,2.1001930236816406,2.782870292663574,0.5102000832557678,
20,300,F,1,14,0,2,4.046027183532715,2.2288146018981934,2.4411492347717285,0.418624609708786,
20,300,F,1,14,0,3,4.469343185424805,2.036161422729492,2.294990062713623,0.5164102911949158,
20,300,F,1,14,1,0,-0.19248437881469727,1.1720787286758423,-1.0896708965301514,0.4335773289203644,
20,300,F,1,14,1,1,0.1011422872543335,0.9428740739822388,-1.0739305019378662,0.5548169612884521,
20,300,F,1,14,1,2,-0.03319978713989258,1.0140001773834229,-0.8182405233383179,0.4363662302494049,
20,300,F,1,14,1,3,-0.13625431060791016,1.045458436012268,-0.929565966129303,0.43143603205680847,
20,300,F,1,15,0,0,0.16026026010513306,0.6898206472396851,-3.458505392074585,0.8398962616920471,
20,300,F,1,15,0,1,0.36825597286224365,0.6684264540672302,-2.5658347606658936,0.8144556879997253,
20,300,F,1,15,0,2,0.1191205382347107,0.5868555307388306,-3.2448935508728027,0.8514617085456848,
20,300,F,1,15,0,3,-0.06006801128387451,0.6452195644378662,-3.291682243347168,0.8335704803466797,
20,300,F,1,15,1,0,0.36202651262283325,0.24835024774074554,-1.0359609127044678,0.8491498827934265,
20,300,F,1,15,1,1,0.39238953590393066,0.27916887402534485,-0.85975581407547,0.817693293094635,
20,300,F,1,15,1,2,0.2556845545768738,0.2615780830383301,-0.9841235876083374,0.8257756233215332,
20,300,F,1,15,1,3,0.08024144172668457,0.32467353343963623,-1.0695775747299194,0.7798066139221191,
20,300,F,1,16,0,0,-0.428364634513855,0.37238889932632446,-1.8106591701507568,0.7877743244171143,
20,300,F,1,16,0,1,-0.8307321667671204,0.3241291344165802,-1.9454400539398193,0.7747284173965454,
20,300,F,1,16,0,2,-0.688959002494812,0.3767760396003723,-1.7335478067398071,0.734919548034668,
20,300,F,1,16,0,3,-0.5822317600250244,0.3516356647014618,-1.3370590209960938,0.6821984052658081,
20,300,F,1,16,1,0,-1.700178623199463,0.16218824684619904,-2.2318882942199707,0.7662649750709534,
20,300,F,1,16,1,1,-1.65159010887146,0.14259272813796997,-2.119486093521118,0.7664285898208618,
20,300,F,1,16,1,2,-1.6830289363861084,0.14491724967956543,-2.168673515319824,0.7701775431632996,
20,300,F,1,16,1,3,-1.6808348894119263,0.15054979920387268,-2.1328489780426025,0.7501512765884399,
20,300,F,1,17,0,0,1.1177902221679688,0.17952649295330048,0.8370238542556763,0.6099733114242554,
20,300,F,1,17,0,1,1.15616774559021,0.17363491654396057,0.6693134307861328,0.7371116876602173,
20,300,F,1,17,0,2,1.162825107574463,0.1795637309551239,0.7308760285377502,0.7063614726066589,
20,300,F,1,17,0,3,1.1393401622772217,0.19064787030220032,0.7059048414230347,0.6945152878761292,
20,300,F,1,17,1,0,-0.0437244176864624,1.1651066541671753,-1.8644152879714966,0.6097837686538696,
20,300,F,1,17,1,1,0.282055139541626,0.8326953053474426,-2.1165900230407715,0.7423065304756165,
20,300,F,1,17,1,2,0.06983470916748047,1.0360047817230225,-2.194481372833252,0.6860896944999695,
20,300,F,1,17,1,3,0.31808435916900635,0.9324383735656738,-2.582498550415039,0.7567353844642639,
20,300,F,1,18,0,0,1.0592721700668335,2.682347059249878,-0.9354634284973145,0.4264914095401764,
20,300,F,1,18,0,1,1.547012448310852,2.429246187210083,-0.8928091526031494,0.5010859370231628,
20,300,F,1,18,0,2,1.0097144842147827,2.6710870265960693,-1.120201826095581,0.4436398148536682,
20,300,F,1,18,0,3,0.684126615524292,2.5959885120391846,-0.7715076208114624,0.3592718839645386,
20,300,F,1,18,1,0,0.945274829864502,1.2628971338272095,-0.35239776968955994,0.5067905187606812,
20,300,F,1,18,1,1,0.6483034491539001,1.274101972579956,-0.4269389808177948,0.4576776325702667,
20,300,F,1,18,1,2,0.7073157429695129,1.5747952461242676,-0.4791618585586548,0.4296850562095642,
20,300,F,1,18,1,3,0.9857264757156372,1.5991063117980957,-0.25170785188674927,0.43624770641326904,
20,300,F,1,19,0,0,5.884248733520508,8.393440246582031,0.3270397186279297,0.3983476758003235,
20,300,F,1,19,0,1,6.482381820678711,7.166982650756836,0.6438928842544556,0.44892558455467224,
20,300,F,1,19,0,2,3.8034849166870117,7.042203903198242,0.1379624605178833,0.34232503175735474,
20,300,F,1,19,0,3,5.20123291015625,7.8027143478393555,0.4664783477783203,0.37764835357666016,
20,300,F,1,19,1,0,9.659049987792969,7.4668755531311035,0.41718125343322754,0.553115725517273,
20,300,F,1,19,1,1,6.938770771026611,9.18655014038086,0.981635332107544,0.3933742046356201,
20,300,F,1,19,1,2,8.370745658874512,9.096126556396484,0.5079517364501953,0.46363765001296997,
20,300,F,1,19,1,3,8.03619384765625,8.552249908447266,0.33681797981262207,0.47376033663749695,
20,300,F,1,20,0,0,3.311030387878418,3.872866153717041,0.09376108646392822,0.45376697182655334,
20,300,F,1,20,0,1,3.242724895477295,3.970785617828369,0.14048343896865845,0.43860167264938354,
20,300,F,1,20,0,2,2.6527583599090576,3.9533183574676514,0.28359168767929077,0.3747207820415497,
20,300,F,1,20,0,3,2.4516329765319824,3.84159255027771,0.7260866165161133,0.3099520802497864,
20,300,F,1,20,1,0,1.6023926734924316,5.0901689529418945,-2.518050193786621,0.4473581910133362,
20,300,F,1,20,1,1,1.1889114379882812,5.794661045074463,-2.761070728302002,0.40534907579421997,
20,300,F,1,20,1,2,2.9901373386383057,6.990574836730957,-2.47042179107666,0.4385591745376587,
20,300,F,1,20,1,3,1.3809013366699219,5.293543338775635,-3.0712132453918457,0.45683059096336365,
20,300,F,1,21,0,0,0.46212494373321533,0.8939211964607239,-0.9098061323165894,0.6054812669754028,
20,300,F,1,21,0,1,0.15289413928985596,0.8434103727340698,-0.981404185295105,0.5735416412353516,
20,300,F,1,21,0,2,1.0212726593017578,0.8461893200874329,-0.9193216562271118,0.6963562965393066,
20,300,F,1,21,0,3,0.4810326099395752,1.017533779144287,-1.1588139533996582,0.6170913577079773,
20,300,F,1,21,1,0,3.716449737548828,0.6197158098220825,2.157785177230835,0.7155153155326843,
20,300,F,1,21,1,1,3.26900053024292,0.7074294686317444,2.001250982284546,0.6418403387069702,
20,300,F,1,21,1,2,3.6735219955444336,0.7161096930503845,2.13211727142334,0.6827884316444397,
20,300,F,1,21,1,3,2.978513240814209,0.7619708776473999,2.020895004272461,0.5568878054618835,
20,300,F,1,22,0,0,0.03083980083465576,0.5064153671264648,-0.7678340077400208,0.6119687557220459,
20,300,F,1,22,0,1,-0.050605952739715576,0.45367151498794556,-0.6867884397506714,0.5837318897247314,
20,300,F,1,22,0,2,0.06752771139144897,0.4396790862083435,-0.7333057522773743,0.6455665826797485,
20,300,F,1,22,0,3,0.24607670307159424,0.4318124055862427,-0.7621514797210693,0.7001386880874634,
20,300,F,1,22,1,0,3.0932068824768066,1.6059688329696655,-0.14621153473854065,0.6685571670532227,
20,300,F,1,22,1,1,2.769551992416382,1.6061311960220337,-0.31737083196640015,0.657764196395874,
20,300,F,1,22,1,2,2.637209892272949,1.646965503692627,0.08443766832351685,0.6078408360481262,
20,300,F,1,22,1,3,2.8790688514709473,1.7992563247680664,-0.1189405620098114,0.6249412894248962,
20,300,F,1,23,0,0,3.1784818172454834,0.9647926688194275,2.0578112602233887,0.5373724699020386,
20,300,F,1,23,0,1,2.639061212539673,0.8413395881652832,1.9624266624450684,0.44574838876724243,
20,300,F,1,23,0,2,3.1238057613372803,1.1173948049545288,1.9087035655975342,0.5209448337554932,
20,300,F,1,23,0,3,3.1010241508483887,1.0992786884307861,2.058821439743042,0.4866737425327301,
20,300,F,1,23,1,0,2.1201882362365723,1.1550928354263306,0.8810345530509949,0.517554759979248,
20,300,F,1,23,1,1,2.3148772716522217,1.0646350383758545,0.49951761960983276,0.6303343772888184,
20,300,F,1,23,1,2,1.8283836841583252,1.3298261165618896,0.5770884156227112,0.4847874641418457,
20,300,F,1,23,1,3,1.9414035081863403,1.290113091468811,0.5955556631088257,0.5105720162391663,
20,300,F,1,24,0,0,7.536741256713867,14.704553604125977,2.9119091033935547,0.23926429450511932,
20,300,F,1,24,0,1,6.957164764404297,13.632166862487793,2.649780750274658,0.24010543525218964,
20,300,F,1,24,0,2,7.454995155334473,13.140746116638184,2.821889877319336,0.2606697380542755,
20,300,F,1,24,0,3,5.857394218444824,12.997657775878906,2.794086456298828,0.1907299906015396,
20,300,F,1,24,1,0,4.170969009399414,9.424784660339355,-0.22690653800964355,0.318164199590683,
20,300,F,1,24,1,1,3.1101577281951904,8.309900283813477,-0.2863612771034241,0.29014158248901367,
20,300,F,1,24,1,2,2.754803419113159,8.283843994140625,-0.40076225996017456,0.275850385427475,
20,300,F,1,24,1,3,4.859530448913574,9.101405143737793,-0.43224453926086426,0.36765846610069275,
20,300,F,1,25,0,0,3.3367128372192383,7.056754112243652,0.7550888657569885,0.267848402261734,
20,300,F,1,25,0,1,4.068171977996826,7.488734245300293,0.994263231754303,0.2910170257091522,
20,300,F,1,25,0,2,3.6948890686035156,7.149936199188232,0.7631012797355652,0.2908022105693817,
20,300,F,1,25,0,3,2.6363768577575684,7.779839992523193,0.7462506294250488,0.19546356797218323,
20,300,F,1,25,1,0,15.610319137573242,17.27365493774414,3.622929811477661,0.4096705913543701,
20,300,F,1,25,1,1,12.766303062438965,17.58244514465332,3.458350896835327,0.3461441099643707,
20,300,F,1,25,1,2,12.769890785217285,16.25438117980957,3.0664148330688477,0.37381651997566223,
20,300,F,1,25,1,3,13.68411922454834,16.154218673706055,2.8280029296875,0.4019245505332947,
20,300,F,1,26,0,0,4.9614458084106445,5.081254482269287,2.393270492553711,0.33573421835899353,
20,300,F,1,26,0,1,4.402622699737549,5.66759729385376,2.28556227684021,0.27195292711257935,
20,300,F,1,26,0,2,4.670346260070801,5.896852970123291,2.256232738494873,0.29047325253486633,
20,300,F,1,26,0,3,4.915213584899902,4.9379048347473145,2.2740426063537598,0.3484819233417511,
20,300,F,1,26,1,0,3.215507745742798,8.226086616516113,0.3854236602783203,0.2559732496738434,
20,300,F,1,26,1,1,3.2463724613189697,6.616435527801514,0.1764199435710907,0.3169347047805786,
20,300,F,1,26,1,2,4.035042762756348,6.833752155303955,0.42641931772232056,0.3455749452114105,
20,300,F,1,26,1,3,4.174732685089111,9.178091049194336,0.5275155901908875,0.2843765616416931,
20,300,F,1,27,0,0,8.455286026000977,11.207701683044434,1.0615136623382568,0.39748314023017883,
20,300,F,1,27,0,1,6.1298675537109375,13.828453063964844,1.0058223009109497,0.27036252617836,
20,300,F,1,27,0,2,8.379063606262207,12.952614784240723,0.8661341071128845,0.36710137128829956,
20,300,F,1,27,0,3,6.290949821472168,16.82368278503418,0.918400228023529,0.24204781651496887,
20,300,F,1,27,1,0,35.09771728515625,55.90448760986328,5.888033866882324,0.34318238496780396,
20,300,F,1,27,1,1,15.824234962463379,56.84152603149414,4.566874027252197,0.16530902683734894,
20,300,F,1,27,1,2,17.342388153076172,59.06072235107422,5.889925003051758,0.16241590678691864,
20,300,F,1,27,1,3,31.87176513671875,47.63705062866211,4.494330406188965,0.3649619519710541,
20,300,F,1,28,0,0,13.597496032714844,15.6506986618042,2.7723512649536133,0.4088687598705292,
20,300,F,1,28,0,1,14.634281158447266,23.79452133178711,3.1021525859832764,0.32644274830818176,
20,300,F,1,28,0,2,8.162862777709961,16.50300407409668,2.6265993118286133,0.25119996070861816,
20,300,F,1,28,0,3,11.917947769165039,17.526451110839844,2.3165948390960693,0.3539303243160248,
20,300,F,1,28,1,0,16.721824645996094,38.26494598388672,1.5109858512878418,0.2844434976577759,
20,300,F,1,28,1,1,12.063434600830078,28.64645767211914,1.3948886394500732,0.2713606655597687,
20,300,F,1,28,1,2,16.14695930480957,28.630977630615234,0.8720800876617432,0.34790074825286865,
20,300,F,1,28,1,3,19.622005462646484,28.10676383972168,0.9326927661895752,0.3993777632713318,
20,300,F,1,29,0,0,4.0412797927856445,7.7016754150390625,1.8046083450317383,0.22505468130111694,
20,300,F,1,29,0,1,4.44003963470459,6.0910186767578125,1.8469080924987793,0.2986050844192505,
20,300,F,1,29,0,2,4.409505844116211,6.3205790519714355,1.8483784198760986,0.2883598506450653,
20,300,F,1,29,0,3,5.632015228271484,7.569104194641113,1.8839889764785767,0.33118167519569397,
20,300,F,1,29,1,0,24.078847885131836,34.626529693603516,2.4095606803894043,0.3849182426929474,
20,300,F,1,29,1,1,18.49764060974121,39.91794204711914,2.7707090377807617,0.28263038396835327,
20,300,F,1,29,1,2,13.89561653137207,38.33272171020508,2.386246919631958,0.23091666400432587,
20,300,F,1,29,1,3,29.32299041748047,39.90948486328125,2.4511663913726807,0.4023853838443756,
20,300,F,1,30,0,0,5.677286624908447,8.866581916809082,1.5996222496032715,0.3150175213813782,
20,300,F,1,30,0,1,4.888853549957275,9.127816200256348,1.1831897497177124,0.28874972462654114,
20,300,F,1,30,0,2,3.956131935119629,9.754300117492676,0.9759985208511353,0.23402167856693268,
20,300,F,1,30,0,3,6.030056476593018,8.333584785461426,1.2817888259887695,0.36296600103378296,
20,300,F,1,30,1,0,5.2399396896362305,5.587198734283447,0.895679771900177,0.4374241530895233,
20,300,F,1,30,1,1,3.3414108753204346,7.024877071380615,0.44843557476997375,0.2916937470436096,
20,300,F,1,30,1,2,6.3470563888549805,6.805996417999268,0.7846856117248535,0.44972553849220276,
20,300,F,1,30,1,3,4.630431652069092,5.926782608032227,0.5236161947250366,0.4093063473701477,
20,300,F,1,31,0,0,8.91069507598877,13.676833152770996,2.0186150074005127,0.33507266640663147,
20,300,F,1,31,0,1,6.062234878540039,14.595147132873535,1.7820932865142822,0.22675900161266327,
20,300,F,1,31,0,2,9.36136245727539,15.292593955993652,0.9412126541137695,0.35508963465690613,
20,300,F,1,31,0,3,4.750014781951904,12.39830207824707,1.5827351808547974,0.20347969233989716,
20,300,F,1,31,1,0,1.031912088394165,5.694676399230957,-1.782994031906128,0.33079248666763306,
20,300,F,1,31,1,1,1.4118194580078125,5.221517562866211,-2.279956579208374,0.41418763995170593,
20,300,F,1,31,1,2,0.6384313106536865,6.573269844055176,-2.062798500061035,0.2912534177303314,
20,300,F,1,31,1,3,1.8410489559173584,7.158634662628174,-2.048487424850464,0.3520525097846985,
20,300,F,1,32,0,0,3.1538124084472656,2.5002408027648926,1.7583591938018799,0.3582040071487427,
20,300,F,1,32,0,1,3.2380013465881348,2.2709829807281494,1.6713286638259888,0.40823692083358765,
20,300,F,1,32,0,2,3.2275748252868652,2.577956438064575,1.7589720487594604,0.36292630434036255,
20,300,F,1,32,0,3,3.0142459869384766,2.5448927879333496,1.5688749551773071,0.36222442984580994,
20,300,F,1,32,1,0,0.42813873291015625,2.9825477600097656,-1.246884822845459,0.35963454842567444,
20,300,F,1,32,1,1,0.8264865875244141,2.9103167057037354,-1.3809573650360107,0.4313300549983978,
20,300,F,1,32,1,2,0.05680835247039795,2.5336246490478516,-1.3265455961227417,0.35316863656044006,
20,300,F,1,32,1,3,0.44178831577301025,2.8829240798950195,-1.2661967277526855,0.372036337852478,
20,300,F,1,33,0,0,14.345513343811035,20.304180145263672,0.43171608448028564,0.40662240982055664,
20,300,F,1,33,0,1,12.549213409423828,23.083744049072266,0.42581337690353394,0.3443448841571808,
20,300,F,1,33,0,2,13.271303176879883,20.107921600341797,0.765504002571106,0.38345208764076233,
20,300,F,1,33,0,3,10.19975471496582,26.193866729736328,0.8520172834396362,0.2630082964897156,
20,300,F,1,33,1,0,10.56872844696045,24.240367889404297,-0.42210453748703003,0.3119630515575409,
20,300,F,1,33,1,1,15.7715425491333,21.415924072265625,0.28865933418273926,0.4196039140224457,
20,300,F,1,33,1,2,6.4267730712890625,25.541242599487305,-0.5111637115478516,0.21361181139945984,
20,300,F,1,33,1,3,7.065814971923828,24.27254295349121,1.0285906791687012,0.1991841197013855,
20,300,F,1,34,0,0,10.132965087890625,20.531143188476562,0.2563689351081848,0.324805349111557,
20,300,F,1,34,0,1,10.871257781982422,16.715139389038086,0.5669975280761719,0.38136523962020874,
20,300,F,1,34,0,2,7.772588729858398,20.88313865661621,0.6039338111877441,0.25555065274238586,
20,300,F,1,34,0,3,7.215791702270508,17.5349178314209,0.7444038391113281,0.26957035064697266,
20,300,F,1,34,1,0,12.669550895690918,23.47088623046875,-0.6149970889091492,0.361430823802948,
20,300,F,1,34,1,1,12.413495063781738,24.515729904174805,-0.5225850939750671,0.34540602564811707,
20,300,F,1,34,1,2,12.840325355529785,19.179487228393555,-0.6146999597549438,0.41229432821273804,
20,300,F,1,34,1,3,11.239214897155762,17.14470672607422,-0.20883572101593018,0.4003828763961792,
20,300,F,1,35,0,0,10.644721984863281,24.645944595336914,1.1804523468017578,0.277461439371109,
20,300,F,1,35,0,1,11.737405776977539,26.280908584594727,1.0999782085418701,0.28813397884368896,
20,300,F,1,35,0,2,12.874576568603516,27.900562286376953,0.9527244567871094,0.29937541484832764,
20,300,F,1,35,0,3,15.302297592163086,28.03215217590332,0.8592362403869629,0.3400350511074066,
20,300,F,1,35,1,0,8.239784240722656,7.373059272766113,1.7640907764434814,0.4676012098789215,
20,300,F,1,35,1,1,6.9686994552612305,10.052597999572754,1.5289326906204224,0.35112565755844116,
20,300,F,1,35,1,2,4.019465446472168,10.155313491821289,1.9222040176391602,0.17116904258728027,
20,300,F,1,35,1,3,5.452553749084473,8.216976165771484,1.6139286756515503,0.31841006875038147,
20,300,F,2,0,0,0,9.268180847167969,5.481125354766846,2.453099250793457,0.5542426109313965,
20,300,F,2,0,0,1,8.467914581298828,5.880552768707275,2.4739980697631836,0.5047734379768372,
20,300,F,2,0,0,2,8.411083221435547,6.077256679534912,2.108403205871582,0.5091043710708618,
20,300,F,2,0,0,3,6.892848491668701,5.413874626159668,2.566800594329834,0.444156289100647,
20,300,F,2,0,1,0,12.757590293884277,10.935250282287598,0.10318684577941895,0.5364387035369873,
20,300,F,2,0,1,1,9.30138111114502,12.160130500793457,-0.06769442558288574,0.43517979979515076,
20,300,F,2,0,1,2,9.509711265563965,11.228360176086426,0.12170910835266113,0.4553665816783905,
20,300,F,2,0,1,3,10.085358619689941,10.330427169799805,0.45184028148651123,0.48254579305648804,
20,300,F,2,1,0,0,14.108827590942383,9.228937149047852,3.1543824672698975,0.5427457690238953,
20,300,F,2,1,0,1,12.53827953338623,10.410473823547363,2.461766242980957,0.491849422454834,
20,300,F,2,1,0,2,11.353808403015137,11.965408325195312,2.8313374519348145,0.41597622632980347,
20,300,F,2,1,0,3,10.700164794921875,11.541526794433594,3.0899276733398438,0.3973647952079773,
20,300,F,2,1,1,0,4.537968635559082,5.252424240112305,0.11206257343292236,0.4573005735874176,
20,300,F,2,1,1,1,3.966437578201294,5.225973129272461,-0.12502124905586243,0.43911874294281006,
20,300,F,2,1,1,2,6.827901840209961,5.7925591468811035,-0.03127989172935486,0.5421531796455383,
20,300,F,2,1,1,3,5.098812103271484,4.33259391784668,-0.21601949632167816,0.550906777381897,
20,300,F,2,2,0,0,11.329084396362305,13.884672164916992,0.9031214714050293,0.4288642704486847,
20,300,F,2,2,0,1,12.832437515258789,14.858135223388672,0.7117149829864502,0.4492674469947815,
20,300,F,2,2,0,2,11.705644607543945,11.010029792785645,1.018578052520752,0.49255746603012085,
20,300,F,2,2,0,3,13.666425704956055,12.845848083496094,0.7713038921356201,0.5009571313858032,
20,300,F,2,2,1,0,7.616372585296631,10.845829010009766,-0.8019300699234009,0.4369935989379883,
20,300,F,2,2,1,1,5.684296131134033,12.158034324645996,-0.7919716238975525,0.3475455045700073,
20,300,F,2,2,1,2,8.090076446533203,10.65009593963623,-0.9727229475975037,0.45973965525627136,
20,300,F,2,2,1,3,5.809021949768066,12.490532875061035,-0.7545681595802307,0.3444708585739136,
20,300,F,2,3,0,0,31.34212875366211,44.07912826538086,3.7562320232391357,0.38492831587791443,
20,300,F,2,3,0,1,30.834346771240234,46.98050308227539,3.7025909423828125,0.36608996987342834,
20,300,F,2,3,0,2,34.11967086791992,36.022640228271484,3.7185122966766357,0.457684725522995,
20,300,F,2,3,0,3,24.64101791381836,46.215965270996094,2.967263698577881,0.3192494213581085,
20,300,F,2,3,1,0,14.17695140838623,48.86959457397461,0.1109771728515625,0.22349800169467926,
20,300,F,2,3,1,1,10.868550300598145,33.03639602661133,0.9951282739639282,0.23009702563285828,
20,300,F,2,3,1,2,13.00742244720459,33.40925216674805,0.5037854909896851,0.27233392000198364,
20,300,F,2,3,1,3,18.347496032714844,37.233131408691406,1.1832904815673828,0.31553393602371216,
20,300,F,2,4,0,0,11.664019584655762,24.189205169677734,3.08036732673645,0.2619134485721588,
20,300,F,2,4,0,1,11.101280212402344,27.398778915405273,2.6727652549743652,0.23525400459766388,
20,300,F,2,4,0,2,17.411903381347656,24.415889739990234,3.045846462249756,0.3704315423965454,
20,300,F,2,4,0,3,16.005491256713867,29.201425552368164,3.012117385864258,0.3079378306865692,
20,300,F,2,4,1,0,4.298184394836426,12.027724266052246,-1.363999366760254,0.32007989287376404,
20,300,F,2,4,1,1,7.973040580749512,10.430333137512207,-1.1887935400009155,0.4676273763179779,
20,300,F,2,4,1,2,5.459632873535156,10.676063537597656,-1.1048545837402344,0.3807585537433624,
20,300,F,2,4,1,3,6.959650039672852,14.925182342529297,-1.0252773761749268,0.34853291511535645,
20,300,F,2,5,0,0,8.26202392578125,8.660765647888184,2.051693916320801,0.4176107943058014,
20,300,F,2,5,0,1,7.465131759643555,10.321187973022461,2.089205265045166,0.3424786627292633,
20,300,F,2,5,0,2,9.499939918518066,8.694257736206055,2.076991081237793,0.46056053042411804,
20,300,F,2,5,0,3,8.96641731262207,11.654586791992188,2.1635234355926514,0.36857110261917114,
20,300,F,2,5,1,0,15.990455627441406,25.43079948425293,-0.05831646919250488,0.3869078755378723,
20,300,F,2,5,1,1,12.651693344116211,23.713645935058594,-0.014044344425201416,0.34815704822540283,
20,300,F,2,5,1,2,9.445605278015137,24.11097526550293,-0.49082043766975403,0.29184094071388245,
20,300,F,2,5,1,3,16.38580894470215,25.87113380432129,-0.42689454555511475,0.3938892185688019,
20,300,F,2,6,0,0,26.61004066467285,78.57447052001953,1.5551748275756836,0.24177387356758118,
20,300,F,2,6,0,1,31.679576873779297,86.010498046875,1.1274006366729736,0.2621094286441803,
20,300,F,2,6,0,2,40.66617202758789,83.86325073242188,2.142235040664673,0.31477102637290955,
20,300,F,2,6,0,3,32.44700241088867,79.50548553466797,2.7622716426849365,0.27186253666877747,
20,300,F,2,6,1,0,18.161739349365234,76.01371765136719,2.993913412094116,0.16634754836559296,
20,300,F,2,6,1,1,22.529438018798828,77.2954330444336,2.211040496826172,0.20815080404281616,
20,300,F,2,6,1,2,26.499223709106445,67.4886474609375,3.1223273277282715,0.25726911425590515,
20,300,F,2,6,1,3,30.976787567138672,85.85285949707031,2.2067959308624268,0.25099697709083557,
20,300,F,2,7,0,0,13.433576583862305,40.57564926147461,2.273345708847046,0.2157154679298401,
20,300,F,2,7,0,1,17.93805694580078,37.356685638427734,2.254307746887207,0.2956942021846771,
20,300,F,2,7,0,2,14.884125709533691,45.819976806640625,2.423074245452881,0.2138097584247589,
20,300,F,2,7,0,3,9.677839279174805,42.68763732910156,2.6210711002349854,0.14186052978038788,
20,300,F,2,7,1,0,21.719783782958984,29.645462036132812,1.3833272457122803,0.40687623620033264,
20,300,F,2,7,1,1,12.011616706848145,33.96794509887695,0.8960331678390503,0.24655531346797943,
20,300,F,2,7,1,2,13.937983512878418,38.585323333740234,0.8160289525985718,0.25377383828163147,
20,300,F,2,7,1,3,14.306577682495117,32.19038391113281,1.3005250692367554,0.287767231464386,
20,300,F,2,8,0,0,4.504683017730713,35.64112854003906,1.1308377981185913,0.08647564798593521,
20,300,F,2,8,0,1,10.148760795593262,38.15391540527344,1.0412516593933105,0.1927049309015274,
20,300,F,2,8,0,2,6.569416522979736,30.955581665039062,0.9062508344650269,0.15465208888053894,
20,300,F,2,8,0,3,12.305617332458496,31.909114837646484,1.1285371780395508,0.25941210985183716,
20,300,F,2,8,1,0,14.925996780395508,33.36620330810547,3.092008352279663,0.2618127763271332,
20,300,F,2,8,1,1,9.749479293823242,28.30829620361328,2.513573408126831,0.20357485115528107,
20,300,F,2,8,1,2,8.042329788208008,36.20918655395508,2.5688865184783936,0.13131234049797058,
20,300,F,2,8,1,3,11.234466552734375,28.84520721435547,2.4996845722198486,0.23243175446987152,
20,300,F,2,9,0,0,9.22131061553955,19.547109603881836,2.6598305702209473,0.25131499767303467,
20,300,F,2,9,0,1,12.14574146270752,25.88506507873535,2.3049185276031494,0.2754535377025604,
20,300,F,2,9,0,2,13.052593231201172,27.296733856201172,2.7035868167877197,0.27490511536598206,
20,300,F,2,9,0,3,9.039137840270996,25.753398895263672,2.652233839035034,0.19871945679187775,
20,300,F,2,9,1,0,15.779260635375977,36.13622283935547,2.6223855018615723,0.266911119222641,
20,300,F,2,9,1,1,10.593145370483398,36.08182144165039,2.8823354244232178,0.1760755181312561,
20,300,F,2,9,1,2,19.884187698364258,35.738380432128906,2.507915735244751,0.3271465003490448,
20,300,F,2,9,1,3,11.103632926940918,33.272552490234375,2.7272729873657227,0.2011183351278305,
20,300,F,2,10,0,0,19.882137298583984,35.29947280883789,0.797827959060669,0.35091909766197205,
20,300,F,2,10,0,1,15.620132446289062,37.695438385009766,0.6918849945068359,0.2836792469024658,
20,300,F,2,10,0,2,14.99620246887207,33.485748291015625,1.0502567291259766,0.2940216660499573,
20,300,F,2,10,0,3,23.970731735229492,33.82577896118164,0.9467422962188721,0.4049970507621765,
20,300,F,2,10,1,0,9.671875953674316,23.388748168945312,-0.5025807619094849,0.3031432032585144,
20,300,F,2,10,1,1,5.6640119552612305,25.8992862701416,-0.1612151861190796,0.18361912667751312,
20,300,F,2,10,1,2,8.702988624572754,21.073396682739258,0.1384795904159546,0.288971483707428,
20,300,F,2,10,1,3,8.646261215209961,20.809974670410156,-0.2614924907684326,0.29974544048309326,
20,300,F,2,11,0,0,1.8871660232543945,6.555380821228027,-1.1802735328674316,0.3187671899795532,
20,300,F,2,11,0,1,2.0852367877960205,6.481326103210449,-1.2027678489685059,0.33656397461891174,
20,300,F,2,11,0,2,0.5133988857269287,6.389416217803955,-1.2278870344161987,0.21416179835796356,
20,300,F,2,11,0,3,1.0959296226501465,6.002891540527344,-1.0533664226531982,0.26364654302597046,
20,300,F,2,11,1,0,3.719280242919922,14.633546829223633,0.37414300441741943,0.186061292886734,
20,300,F,2,11,1,1,6.505157470703125,13.298934936523438,0.3828386068344116,0.3152380585670471,
20,300,F,2,11,1,2,5.182920932769775,13.035709381103516,-0.1369532346725464,0.2898232042789459,
20,300,F,2,11,1,3,9.371870994567871,12.313817977905273,0.4808238744735718,0.4192928075790405,
20,300,F,2,12,0,0,-0.6429194808006287,0.3006766438484192,-1.3659330606460571,0.7062816023826599,
20,300,F,2,12,0,1,-0.7491077184677124,0.30553311109542847,-1.39508855342865,0.6788979172706604,
20,300,F,2,12,0,2,-0.8350474238395691,0.3059423565864563,-1.3784403800964355,0.6397861242294312,
20,300,F,2,12,0,3,-0.6939939260482788,0.312585711479187,-1.3703701496124268,0.683925449848175,
20,300,F,2,12,1,0,1.7988674640655518,1.543534278869629,-0.5159932374954224,0.59995436668396,
20,300,F,2,12,1,1,1.7945311069488525,1.3447345495224,-0.826076865196228,0.66087806224823,
20,300,F,2,12,1,2,2.194581985473633,1.1672391891479492,-0.6959495544433594,0.7123447060585022,
20,300,F,2,12,1,3,1.7932298183441162,1.2880364656448364,-0.666657567024231,0.656333327293396,
20,300,F,2,13,0,0,3.61972975730896,0.9331830739974976,2.184854030609131,0.6059290766716003,
20,300,F,2,13,0,1,4.0512285232543945,1.001987099647522,2.5050811767578125,0.6067761778831482,
20,300,F,2,13,0,2,3.6137566566467285,0.9741010665893555,1.9199426174163818,0.6348830461502075,
20,300,F,2,13,0,3,3.6141934394836426,1.1007440090179443,2.240311861038208,0.5551877021789551,
20,300,F,2,13,1,0,2.058302402496338,0.5286742448806763,1.444248914718628,0.5373576283454895,
20,300,F,2,13,1,1,2.174447536468506,0.536831796169281,1.401540994644165,0.5901228785514832,
20,300,F,2,13,1,2,2.2043166160583496,0.427508145570755,1.4752813577651978,0.6303569674491882,
20,300,F,2,13,1,3,2.1594924926757812,0.4712422788143158,1.4823150634765625,0.5896602272987366,
20,300,F,2,14,0,0,4.856734275817871,1.9794925451278687,2.2024245262145996,0.5728145837783813,
20,300,F,2,14,0,1,4.970536231994629,2.1001930236816406,2.4170775413513184,0.5487000346183777,
20,300,F,2,14,0,2,4.046027183532715,2.2288146018981934,2.3079376220703125,0.4381476044654846,
20,300,F,2,14,0,3,4.469343185424805,2.036161422729492,2.176623821258545,0.5296332240104675,
20,300,F,2,14,1,0,-0.19248437881469727,1.1720787286758423,-1.2979507446289062,0.4853762686252594,
20,300,F,2,14,1,1,0.1011422872543335,0.9428740739822388,-1.2842772006988525,0.5950364470481873,
20,300,F,2,14,1,2,-0.03319978713989258,1.0140001773834229,-0.9224365949630737,0.4672233760356903,
20,300,F,2,14,1,3,-0.13625431060791016,1.045458436012268,-1.2591168880462646,0.5178488492965698,
20,300,F,2,15,0,0,0.16026026010513306,0.6898206472396851,-3.4477789402008057,0.8394967317581177,
20,300,F,2,15,0,1,0.36825597286224365,0.6684264540672302,-3.079873561859131,0.8376248478889465,
20,300,F,2,15,0,2,0.1191205382347107,0.5868555307388306,-3.3514633178710938,0.8553630709648132,
20,300,F,2,15,0,3,-0.06006801128387451,0.6452195644378662,-3.085712432861328,0.8242322206497192,
20,300,F,2,15,1,0,0.36202651262283325,0.24835024774074554,-1.0415959358215332,0.8496644496917725,
20,300,F,2,15,1,1,0.39238953590393066,0.27916887402534485,-1.0265382528305054,0.8355989456176758,
20,300,F,2,15,1,2,0.2556845545768738,0.2615780830383301,-1.0377962589263916,0.831788957118988,
20,300,F,2,15,1,3,0.08024144172668457,0.32467353343963623,-1.069824457168579,0.7798434495925903,
20,300,F,2,16,0,0,-0.428364634513855,0.37238889932632446,-1.7778077125549316,0.7837252020835876,
20,300,F,2,16,0,1,-0.8307321667671204,0.3241291344165802,-1.9299581050872803,0.7722781300544739,
20,300,F,2,16,0,2,-0.688959002494812,0.3767760396003723,-1.5071423053741455,0.6846954822540283,
20,300,F,2,16,0,3,-0.5822317600250244,0.3516356647014618,-1.5952742099761963,0.7423306703567505,
20,300,F,2,16,1,0,-1.700178623199463,0.16218824684619904,-2.309478282928467,0.7897722125053406,
20,300,F,2,16,1,1,-1.65159010887146,0.14259272813796997,-2.262899875640869,0.8108605146408081,
20,300,F,2,16,1,2,-1.6830289363861084,0.14491724967956543,-2.299211025238037,0.8095948100090027,
20,300,F,2,16,1,3,-1.6808348894119263,0.15054979920387268,-2.0100722312927246,0.6862154603004456,
20,300,F,2,17,0,0,1.1177902221679688,0.17952649295330048,0.7030736207962036,0.6978904604911804,
20,300,F,2,17,0,1,1.15616774559021,0.17363491654396057,0.6521801948547363,0.7437586188316345,
20,300,F,2,17,0,2,1.162825107574463,0.1795637309551239,0.6599502563476562,0.736879289150238,
20,300,F,2,17,0,3,1.1393401622772217,0.19064787030220032,0.6142502427101135,0.7336344718933105,
20,300,F,2,17,1,0,-0.0437244176864624,1.1651066541671753,-2.5561702251434326,0.6831842064857483,
20,300,F,2,17,1,1,0.282055139541626,0.8326953053474426,-2.6215946674346924,0.7771363854408264,
20,300,F,2,17,1,2,0.06983470916748047,1.0360047817230225,-2.833127975463867,0.7369856834411621,
20,300,F,2,17,1,3,0.31808435916900635,0.9324383735656738,-2.3757243156433105,0.7428640723228455,
20,300,F,2,18,0,0,1.0592721700668335,2.682347059249878,-1.4270634651184082,0.48103854060173035,
20,300,F,2,18,0,1,1.547012448310852,2.429246187210083,-1.357917070388794,0.5445883274078369,
20,300,F,2,18,0,2,1.0097144842147827,2.6710870265960693,-1.3393409252166748,0.467926025390625,
20,300,F,2,18,0,3,0.684126615524292,2.5959885120391846,-1.3844372034072876,0.44346463680267334,
20,300,F,2,18,1,0,0.945274829864502,1.2628971338272095,-0.3158871829509735,0.4996562898159027,
20,300,F,2,18,1,1,0.6483034491539001,1.274101972579956,-0.5373334884643555,0.4820173978805542,
20,300,F,2,18,1,2,0.7073157429695129,1.5747952461242676,-0.4754355251789093,0.428914338350296,
20,300,F,2,18,1,3,0.9857264757156372,1.5991063117980957,-0.3693503737449646,0.4586976170539856,
20,300,F,2,19,0,0,5.884248733520508,8.393440246582031,0.06371474266052246,0.4094937741756439,
20,300,F,2,19,0,1,6.482381820678711,7.166982650756836,-0.6390953063964844,0.49840760231018066,
20,300,F,2,19,0,2,3.8034849166870117,7.042203903198242,-0.5118780136108398,0.37995490431785583,
20,300,F,2,19,0,3,5.20123291015625,7.8027143478393555,0.761730432510376,0.36263877153396606,
20,300,F,2,19,1,0,9.659049987792969,7.4668755531311035,-0.7598814964294434,0.5825250744819641,
20,300,F,2,19,1,1,6.938770771026611,9.18655014038086,1.1635210514068604,0.3859996795654297,
20,300,F,2,19,1,2,8.370745658874512,9.096126556396484,0.18684792518615723,0.4736045300960541,
20,300,F,2,19,1,3,8.03619384765625,8.552249908447266,-0.2916872501373291,0.49335405230522156,
20,300,F,2,20,0,0,3.311030387878418,3.872866153717041,-0.41067004203796387,0.49004778265953064,
20,300,F,2,20,0,1,3.242724895477295,3.970785617828369,0.10302489995956421,0.44155916571617126,
20,300,F,2,20,0,2,2.6527583599090576,3.9533183574676514,0.18655043840408325,0.38417288661003113,
20,300,F,2,20,0,3,2.4516329765319824,3.84159255027771,-0.02992379665374756,0.3924558460712433,
20,300,F,2,20,1,0,1.6023926734924316,5.0901689529418945,-2.3497018814086914,0.4370691478252411,
20,300,F,2,20,1,1,1.1889114379882812,5.794661045074463,-2.5790719985961914,0.39403149485588074,
20,300,F,2,20,1,2,2.9901373386383057,6.990574836730957,-2.3926310539245605,0.43502941727638245,
20,300,F,2,20,1,3,1.3809013366699219,5.293543338775635,-2.7647955417633057,0.43919816613197327,
20,300,F,2,21,0,0,0.46212494373321533,0.8939211964607239,-1.1252996921539307,0.6397433876991272,
20,300,F,2,21,0,1,0.15289413928985596,0.8434103727340698,-1.3302900791168213,0.6374914646148682,
20,300,F,2,21,0,2,1.0212726593017578,0.8461893200874329,-0.9513778686523438,0.6998093724250793,
20,300,F,2,21,0,3,0.4810326099395752,1.017533779144287,-1.2991262674331665,0.6362953782081604,
20,300,F,2,21,1,0,3.716449737548828,0.6197158098220825,2.094569683074951,0.7235381007194519,
20,300,F,2,21,1,1,3.26900053024292,0.7074294686317444,2.0494227409362793,0.6328870058059692,
20,300,F,2,21,1,2,3.6735219955444336,0.7161096930503845,1.964436411857605,0.7047207951545715,
20,300,F,2,21,1,3,2.978513240814209,0.7619708776473999,1.9928133487701416,0.5640077590942383,
20,300,F,2,22,0,0,0.03083980083465576,0.5064153671264648,-0.7911385893821716,0.6187761425971985,
20,300,F,2,22,0,1,-0.050605952739715576,0.45367151498794556,-0.7369288802146912,0.6020405888557434,
20,300,F,2,22,0,2,0.06752771139144897,0.4396790862083435,-0.7325049638748169,0.6453376412391663,
20,300,F,2,22,0,3,0.24607670307159424,0.4318124055862427,-0.7322908043861389,0.6937891244888306,
20,300,F,2,22,1,0,3.0932068824768066,1.6059688329696655,-0.3169286847114563,0.6798374652862549,
20,300,F,2,22,1,1,2.769551992416382,1.6061311960220337,-0.45042723417282104,0.6671996712684631,
20,300,F,2,22,1,2,2.637209892272949,1.646965503692627,-0.22311675548553467,0.6345998048782349,
20,300,F,2,22,1,3,2.8790688514709473,1.7992563247680664,-0.38500460982322693,0.6446495652198792,
20,300,F,2,23,0,0,3.1784818172454834,0.9647926688194275,1.8922194242477417,0.571404218673706,
20,300,F,2,23,0,1,2.639061212539673,0.8413395881652832,1.9134958982467651,0.46305638551712036,
20,300,F,2,23,0,2,3.1238057613372803,1.1173948049545288,1.9645007848739624,0.5092041492462158,
20,300,F,2,23,0,3,3.1010241508483887,1.0992786884307861,1.924949288368225,0.5168756246566772,
20,300,F,2,23,1,0,2.1201882362365723,1.1550928354263306,0.457091748714447,0.5901294946670532,
20,300,F,2,23,1,1,2.3148772716522217,1.0646350383758545,0.3085443377494812,0.6533226370811462,
20,300,F,2,23,1,2,1.8283836841583252,1.3298261165618896,0.6321502923965454,0.47355711460113525,
20,300,F,2,23,1,3,1.9414035081863403,1.290113091468811,0.5400993824005127,0.5206566452980042,
20,300,F,2,24,0,0,7.536741256713867,14.704553604125977,2.26192569732666,0.2640131115913391,
20,300,F,2,24,0,1,6.957164764404297,13.632166862487793,2.5130767822265625,0.2458522617816925,
20,300,F,2,24,0,2,7.454995155334473,13.140746116638184,1.9572510719299316,0.2949672341346741,
20,300,F,2,24,0,3,5.857394218444824,12.997657775878906,2.4042482376098633,0.2099074274301529,
20,300,F,2,24,1,0,4.170969009399414,9.424784660339355,-0.4889514446258545,0.33084970712661743,
20,300,F,2,24,1,1,3.1101577281951904,8.309900283813477,-0.596015989780426,0.3084346652030945,
20,300,F,2,24,1,2,2.754803419113159,8.283843994140625,-0.36438292264938354,0.27354010939598083,
20,300,F,2,24,1,3,4.859530448913574,9.101405143737793,-0.17102891206741333,0.3559702932834625,
20,300,F,2,25,0,0,3.3367128372192383,7.056754112243652,0.653321385383606,0.27549809217453003,
20,300,F,2,25,0,1,4.068171977996826,7.488734245300293,0.7301065921783447,0.3083150386810303,
20,300,F,2,25,0,2,3.6948890686035156,7.149936199188232,0.6048083901405334,0.30176517367362976,
20,300,F,2,25,0,3,2.6363768577575684,7.779839992523193,0.8352529406547546,0.18798983097076416,
20,300,F,2,25,1,0,15.610319137573242,17.27365493774414,2.650984287261963,0.42864879965782166,
20,300,F,2,25,1,1,12.766303062438965,17.58244514465332,3.0881404876708984,0.35502374172210693,
20,300,F,2,25,1,2,12.769890785217285,16.25438117980957,2.4890997409820557,0.38744017481803894,
20,300,F,2,25,1,3,13.68411922454834,16.154218673706055,3.0892014503479004,0.3960844874382019,
20,300,F,2,26,0,0,4.9614458084106445,5.081254482269287,2.170198678970337,0.3545565605163574,
20,300,F,2,26,0,1,4.402622699737549,5.66759729385376,2.1484224796295166,0.28455665707588196,
20,300,F,2,26,0,2,4.670346260070801,5.896852970123291,2.2057409286499023,0.2947578430175781,
20,300,F,2,26,0,3,4.915213584899902,4.9379048347473145,2.222672462463379,0.35286813974380493,
20,300,F,2,26,1,0,3.215507745742798,8.226086616516113,0.1828591525554657,0.26935961842536926,
20,300,F,2,26,1,1,3.2463724613189697,6.616435527801514,0.2354142665863037,0.31274905800819397,
20,300,F,2,26,1,2,4.035042762756348,6.833752155303955,0.22046875953674316,0.3582322895526886,
20,300,F,2,26,1,3,4.174732685089111,9.178091049194336,0.5054501295089722,0.28560563921928406,
20,300,F,2,27,0,0,8.455286026000977,11.207701683044434,1.0186790227890015,0.3988673686981201,
20,300,F,2,27,0,1,6.1298675537109375,13.828453063964844,0.6935853362083435,0.2821882665157318,
20,300,F,2,27,0,2,8.379063606262207,12.952614784240723,0.8579580783843994,0.3673541247844696,
20,300,F,2,27,0,3,6.290949821472168,16.82368278503418,0.7419933676719666,0.24802424013614655,
20,300,F,2,27,1,0,35.09771728515625,55.90448760986328,4.414568901062012,0.3543594479560852,
20,300,F,2,27,1,1,15.824234962463379,56.84152603149414,4.05396842956543,0.1715487390756607,
20,300,F,2,27,1,2,17.342388153076172,59.06072235107422,5.729428291320801,0.1643180251121521,
20,300,F,2,27,1,3,31.87176513671875,47.63705062866211,4.704594135284424,0.36317697167396545,
20,300,F,2,28,0,0,13.597496032714844,15.6506986618042,2.5244505405426025,0.41435232758522034,
20,300,F,2,28,0,1,14.634281158447266,23.79452133178711,2.778864860534668,0.3325508236885071,
20,300,F,2,28,0,2,8.162862777709961,16.50300407409668,2.8154845237731934,0.2447269707918167,
20,300,F,2,28,0,3,11.917947769165039,17.526451110839844,2.4868271350860596,0.34985053539276123,
20,300,F,2,28,1,0,16.721824645996094,38.26494598388672,0.5738956928253174,0.2967666685581207,
20,300,F,2,28,1,1,12.063434600830078,28.64645767211914,1.2920544147491455,0.27326157689094543,
20,300,F,2,28,1,2,16.14695930480957,28.630977630615234,0.38602375984191895,0.35504069924354553,
20,300,F,2,28,1,3,19.622005462646484,28.10676383972168,0.2682766914367676,0.407786101102829,
20,300,F,2,29,0,0,4.0412797927856445,7.7016754150390625,1.8635417222976685,0.22043192386627197,
20,300,F,2,29,0,1,4.44003963470459,6.0910186767578125,1.7437816858291626,0.3068366050720215,
20,300,F,2,29,0,2,4.409505844116211,6.3205790519714355,1.875364065170288,0.28619104623794556,
20,300,F,2,29,0,3,5.632015228271484,7.569104194641113,1.7888157367706299,0.3367592990398407,
20,300,F,2,29,1,0,24.078847885131836,34.626529693603516,1.7931921482086182,0.39157968759536743,
20,300,F,2,29,1,1,18.49764060974121,39.91794204711914,1.8201026916503906,0.2946796715259552,
20,300,F,2,29,1,2,13.89561653137207,38.33272171020508,2.3186428546905518,0.23195841908454895,
20,300,F,2,29,1,3,29.32299041748047,39.90948486328125,2.034930467605591,0.40608716011047363,
20,300,F,2,30,0,0,5.677286624908447,8.866581916809082,0.4372715651988983,0.3714584410190582,
20,300,F,2,30,0,1,4.888853549957275,9.127816200256348,1.0990347862243652,0.29338330030441284,
20,300,F,2,30,0,2,3.956131935119629,9.754300117492676,0.5736021995544434,0.25748446583747864,
20,300,F,2,30,0,3,6.030056476593018,8.333584785461426,0.4937228560447693,0.3991611897945404,
20,300,F,2,30,1,0,5.2399396896362305,5.587198734283447,0.5461050868034363,0.45655280351638794,
20,300,F,2,30,1,1,3.3414108753204346,7.024877071380615,0.39680230617523193,0.2953621447086334,
20,300,F,2,30,1,2,6.3470563888549805,6.805996417999268,0.6594291925430298,0.45524242520332336,
20,300,F,2,30,1,3,4.630431652069092,5.926782608032227,0.6217037439346313,0.4034747779369354,
20,300,F,2,31,0,0,8.91069507598877,13.676833152770996,0.5104250311851501,0.38049694895744324,
20,300,F,2,31,0,1,6.062234878540039,14.595147132873535,0.8592634201049805,0.26280131936073303,
20,300,F,2,31,0,2,9.36136245727539,15.292593955993652,1.297649621963501,0.345247745513916,
20,300,F,2,31,0,3,4.750014781951904,12.39830207824707,0.6687166690826416,0.24765758216381073,
20,300,F,2,31,1,0,1.031912088394165,5.694676399230957,-1.861055612564087,0.3368755877017975,
20,300,F,2,31,1,1,1.4118194580078125,5.221517562866211,-2.3419547080993652,0.4182342290878296,
20,300,F,2,31,1,2,0.6384313106536865,6.573269844055176,-2.321218967437744,0.31046628952026367,
20,300,F,2,31,1,3,1.8410489559173584,7.158634662628174,-2.255171060562134,0.3639513850212097,
20,300,F,2,32,0,0,3.1538124084472656,2.5002408027648926,1.6170729398727417,0.3806655704975128,
20,300,F,2,32,0,1,3.2380013465881348,2.2709829807281494,1.667592167854309,0.4088125228881836,
20,300,F,2,32,0,2,3.2275748252868652,2.577956438064575,1.7121853828430176,0.3702080249786377,
20,300,F,2,32,0,3,3.0142459869384766,2.5448927879333496,1.6269242763519287,0.35280928015708923,
20,300,F,2,32,1,0,0.42813873291015625,2.9825477600097656,-1.2653592824935913,0.36216455698013306,
20,300,F,2,32,1,1,0.8264865875244141,2.9103167057037354,-1.2376844882965088,0.41495147347450256,
20,300,F,2,32,1,2,0.05680835247039795,2.5336246490478516,-1.3146694898605347,0.35120153427124023,
20,300,F,2,32,1,3,0.44178831577301025,2.8829240798950195,-1.3423192501068115,0.3822788596153259,
20,300,F,2,33,0,0,14.345513343811035,20.304180145263672,0.28019487857818604,0.40923839807510376,
20,300,F,2,33,0,1,12.549213409423828,23.083744049072266,0.5648437142372131,0.3417454659938812,
20,300,F,2,33,0,2,13.271303176879883,20.107921600341797,0.0833655297756195,0.39608341455459595,
20,300,F,2,33,0,3,10.19975471496582,26.193866729736328,0.6067006587982178,0.2680603265762329,
20,300,F,2,33,1,0,10.56872844696045,24.240367889404297,-0.9014022350311279,0.3211977183818817,
20,300,F,2,33,1,1,15.7715425491333,21.415924072265625,-0.03080582618713379,0.42458575963974,
20,300,F,2,33,1,2,6.4267730712890625,25.541242599487305,-0.7430438995361328,0.21918633580207825,
20,300,F,2,33,1,3,7.065814971923828,24.27254295349121,-0.4154670238494873,0.23560257256031036,
20,300,F,2,34,0,0,10.132965087890625,20.531143188476562,0.30241596698760986,0.3237813413143158,
20,300,F,2,34,0,1,10.871257781982422,16.715139389038086,0.14920681715011597,0.3907853066921234,
20,300,F,2,34,0,2,7.772588729858398,20.88313865661621,0.6239219903945923,0.255019873380661,
20,300,F,2,34,0,3,7.215791702270508,17.5349178314209,-0.1035001277923584,0.2944890260696411,
20,300,F,2,34,1,0,12.669550895690918,23.47088623046875,-0.7638785243034363,0.36400702595710754,
20,300,F,2,34,1,1,12.413495063781738,24.515729904174805,-0.9479045867919922,0.3527563810348511,
20,300,F,2,34,1,2,12.840325355529785,19.179487228393555,-0.4957391619682312,0.410144180059433,
20,300,F,2,34,1,3,11.239214897155762,17.14470672607422,-0.8463473916053772,0.41346055269241333,
20,300,F,2,35,0,0,10.644721984863281,24.645944595336914,0.5074417591094971,0.2914416491985321,
20,300,F,2,35,0,1,11.737405776977539,26.280908584594727,0.26439201831817627,0.30388930439949036,
20,300,F,2,35,0,2,12.874576568603516,27.900562286376953,0.7435476779937744,0.3030363917350769,
20,300,F,2,35,0,3,15.302297592163086,28.03215217590332,0.4667406976222992,0.34607768058776855,
20,300,F,2,35,1,0,8.239784240722656,7.373059272766113,1.5186890363693237,0.4768711030483246,
20,300,F,2,35,1,1,6.9686994552612305,10.052597999572754,1.6084002256393433,0.34778010845184326,
20,300,F,2,35,1,2,4.019465446472168,10.155313491821289,1.672855257987976,0.18769991397857666,
20,300,F,2,35,1,3,5.452553749084473,8.216976165771484,1.5514582395553589,0.32192376255989075,
20,300,Free,0,0,0,0,9.268180847167969,5.481125354766846,2.1618099212646484,0.5645579099655151,67.0
20,300,Free,0,0,0,1,8.467914581298828,5.880552768707275,2.098987340927124,0.5199344754219055,57.0
20,300,Free,0,0,0,2,8.411083221435547,6.077256679534912,2.117947816848755,0.508725643157959,60.0
20,300,Free,0,0,0,3,6.892848491668701,5.413874626159668,2.128894329071045,0.46807175874710083,54.0
20,300,Free,0,0,1,0,12.757590293884277,10.935250282287598,-0.20883943140506744,0.5424903035163879,55.0
20,300,Free,0,0,1,1,9.30138111114502,12.160130500793457,-0.2982766628265381,0.4411650598049164,47.0
20,300,Free,0,0,1,2,9.509711265563965,11.228360176086426,-0.06546339392662048,0.46026667952537537,50.0
20,300,Free,0,0,1,3,10.085358619689941,10.330427169799805,0.09038949012756348,0.49174782633781433,49.0
20,300,Free,0,1,0,0,14.108827590942383,9.228937149047852,2.586559534072876,0.5552577376365662,46.0
20,300,Free,0,1,0,1,12.53827953338623,10.410473823547363,2.3895952701568604,0.4936332702636719,46.0
20,300,Free,0,1,0,2,11.353808403015137,11.965408325195312,2.5453689098358154,0.4240157902240753,54.0
20,300,Free,0,1,0,3,10.700164794921875,11.541526794433594,2.40952730178833,0.418040007352829,35.0
20,300,Free,0,1,1,0,4.537968635559082,5.252424240112305,-0.19909562170505524,0.4742048978805542,47.0
20,300,Free,0,1,1,1,3.966437578201294,5.225973129272461,-0.1429472118616104,0.4401957392692566,36.0
20,300,Free,0,1,1,2,6.827901840209961,5.7925591468811035,-0.16408225893974304,0.5469091534614563,33.0
20,300,Free,0,1,1,3,5.098812103271484,4.33259391784668,-0.30166929960250854,0.5548586845397949,42.0
20,300,Free,0,2,0,0,11.329084396362305,13.884672164916992,0.4114481210708618,0.4401862919330597,50.0
20,300,Free,0,2,0,1,12.832437515258789,14.858135223388672,0.4110276699066162,0.45533785223960876,41.0
20,300,Free,0,2,0,2,11.705644607543945,11.010029792785645,0.4148964285850525,0.5062939524650574,45.0
20,300,Free,0,2,0,3,13.666425704956055,12.845848083496094,0.5565584897994995,0.5050859451293945,49.0
20,300,Free,0,2,1,0,7.616372585296631,10.845829010009766,-1.0244381427764893,0.4434223175048828,50.0
20,300,Free,0,2,1,1,5.684296131134033,12.158034324645996,-0.9587616920471191,0.35333362221717834,43.0
20,300,Free,0,2,1,2,8.090076446533203,10.65009593963623,-0.9971679449081421,0.4604087471961975,46.0
20,300,Free,0,2,1,3,5.809021949768066,12.490532875061035,-1.0276092290878296,0.3537317216396332,45.0
20,300,Free,0,3,0,0,31.34212875366211,44.07912826538086,4.495091915130615,0.3785209059715271,43.0
20,300,Free,0,3,0,1,30.834346771240234,46.98050308227539,4.970247268676758,0.35505855083465576,43.0
20,300,Free,0,3,0,2,34.11967086791992,36.022640228271484,2.781981945037842,0.4652246832847595,47.0
20,300,Free,0,3,0,3,24.64101791381836,46.215965270996094,2.401820659637451,0.3248724639415741,43.0
20,300,Free,0,3,1,0,14.17695140838623,48.86959457397461,0.6688957214355469,0.21655280888080597,27.0
20,300,Free,0,3,1,1,10.868550300598145,33.03639602661133,-0.13050776720046997,0.24977731704711914,32.0
20,300,Free,0,3,1,2,13.00742244720459,33.40925216674805,-0.0010417699813842773,0.2802478075027466,51.0
20,300,Free,0,3,1,3,18.347496032714844,37.233131408691406,0.6123809814453125,0.32264289259910583,36.0
20,300,Free,0,4,0,0,11.664019584655762,24.189205169677734,2.29587459564209,0.27916818857192993,41.0
20,300,Free,0,4,0,1,11.101280212402344,27.398778915405273,2.358023166656494,0.2419137954711914,25.0
20,300,Free,0,4,0,2,17.411903381347656,24.415889739990234,2.6671085357666016,0.3765203654766083,48.0
20,300,Free,0,4,0,3,16.005491256713867,29.201425552368164,3.2654714584350586,0.30375730991363525,34.0
20,300,Free,0,4,1,0,4.298184394836426,12.027724266052246,-1.4101144075393677,0.32184773683547974,35.0
20,300,Free,0,4,1,1,7.973040580749512,10.430333137512207,-1.4280805587768555,0.47405102849006653,39.0
20,300,Free,0,4,1,2,5.459632873535156,10.676063537597656,-1.4304838180541992,0.3922376334667206,38.0
20,300,Free,0,4,1,3,6.959650039672852,14.925182342529297,-0.9927884936332703,0.34760773181915283,32.0
20,300,Free,0,5,0,0,8.26202392578125,8.660765647888184,2.0314483642578125,0.4184025824069977,31.0
20,300,Free,0,5,0,1,7.465131759643555,10.321187973022461,2.1411876678466797,0.3402939736843109,32.0
20,300,Free,0,5,0,2,9.499939918518066,8.694257736206055,2.0809290409088135,0.4604286849498749,34.0
20,300,Free,0,5,0,3,8.96641731262207,11.654586791992188,2.0645694732666016,0.3719382584095001,38.0
20,300,Free,0,5,1,0,15.990455627441406,25.43079948425293,-0.440020889043808,0.3924982249736786,39.0
20,300,Free,0,5,1,1,12.651693344116211,23.713645935058594,-0.45940279960632324,0.3560403883457184,42.0
20,300,Free,0,5,1,2,9.445605278015137,24.11097526550293,-0.473398894071579,0.29147839546203613,45.0
20,300,Free,0,5,1,3,16.38580894470215,25.87113380432129,-0.23356831073760986,0.3911314904689789,45.0
20,300,Free,0,6,0,0,26.61004066467285,78.57447052001953,1.1038050651550293,0.24506208300590515,43.0
20,300,Free,0,6,0,1,31.679576873779297,86.010498046875,1.1913337707519531,0.2617044746875763,48.0
20,300,Free,0,6,0,2,40.66617202758789,83.86325073242188,1.6753761768341064,0.31737494468688965,32.0
20,300,Free,0,6,0,3,32.44700241088867,79.50548553466797,2.3342413902282715,0.2747057378292084,35.0
20,300,Free,0,6,1,0,18.161739349365234,76.01371765136719,1.6241542100906372,0.17868559062480927,28.0
20,300,Free,0,6,1,1,22.529438018798828,77.2954330444336,2.3972742557525635,0.2066371887922287,35.0
20,300,Free,0,6,1,2,26.499223709106445,67.4886474609375,2.954975128173828,0.2586345076560974,36.0
20,300,Free,0,6,1,3,30.976787567138672,85.85285949707031,1.9554626941680908,0.25263574719429016,40.0
20,300,Free,0,7,0,0,13.433576583862305,40.57564926147461,2.1119468212127686,0.21815459430217743,38.0
20,300,Free,0,7,0,1,17.93805694580078,37.356685638427734,2.2653181552886963,0.2955479919910431,46.0
20,300,Free,0,7,0,2,14.884125709533691,45.819976806640625,2.2560360431671143,0.21605658531188965,24.0
20,300,Free,0,7,0,3,9.677839279174805,42.68763732910156,2.387049674987793,0.14587873220443726,37.0
20,300,Free,0,7,1,0,21.719783782958984,29.645462036132812,1.3800530433654785,0.4069151282310486,27.0
20,300,Free,0,7,1,1,12.011616706848145,33.96794509887695,0.8230718374252319,0.2477726936340332,43.0
20,300,Free,0,7,1,2,13.937983512878418,38.585323333740234,1.0790743827819824,0.24995821714401245,42.0
20,300,Free,0,7,1,3,14.306577682495117,32.19038391113281,0.9993864297866821,0.29248130321502686,35.0
20,300,Free,0,8,0,0,4.504683017730713,35.64112854003906,0.7430742979049683,0.09546566754579544,24.0
20,300,Free,0,8,0,1,10.148760795593262,38.15391540527344,1.3425629138946533,0.18752506375312805,25.0
20,300,Free,0,8,0,2,6.569416522979736,30.955581665039062,0.677545428276062,0.15989899635314941,40.0
20,300,Free,0,8,0,3,12.305617332458496,31.909114837646484,0.8747209906578064,0.26374927163124084,26.0
20,300,Free,0,8,1,0,14.925996780395508,33.36620330810547,2.4752438068389893,0.27174991369247437,25.0
20,300,Free,0,8,1,1,9.749479293823242,28.30829620361328,2.200833797454834,0.2105211764574051,22.0
20,300,Free,0,8,1,2,8.042329788208008,36.20918655395508,2.7100601196289062,0.12836019694805145,23.0
20,300,Free,0,8,1,3,11.234466552734375,28.84520721435547,2.2800002098083496,0.23689265549182892,27.0
20,300,Free,0,9,0,0,9.22131061553955,19.547109603881836,2.386752128601074,0.2590646743774414,29.0
20,300,Free,0,9,0,1,12.14574146270752,25.88506507873535,2.50417423248291,0.27138984203338623,29.0
20,300,Free,0,9,0,2,13.052593231201172,27.296733856201172,2.318636417388916,0.28224459290504456,31.0
20,300,Free,0,9,0,3,9.039137840270996,25.753398895263672,2.603888988494873,0.19992293417453766,36.0
20,300,Free,0,9,1,0,15.779260635375977,36.13622283935547,2.8016984462738037,0.26423460245132446,34.0
20,300,Free,0,9,1,1,10.593145370483398,36.08182144165039,2.790668487548828,0.17779654264450073,42.0
20,300,Free,0,9,1,2,19.884187698364258,35.738380432128906,2.51754093170166,0.32702451944351196,46.0
20,300,Free,0,9,1,3,11.103632926940918,33.272552490234375,2.364621877670288,0.20801439881324768,42.0
20,300,Free,0,10,0,0,19.882137298583984,35.29947280883789,0.811436653137207,0.3507566750049591,36.0
20,300,Free,0,10,0,1,15.620132446289062,37.695438385009766,0.9950048923492432,0.2795292139053345,49.0
20,300,Free,0,10,0,2,14.99620246887207,33.485748291015625,1.1977367401123047,0.2918197214603424,32.0
20,300,Free,0,10,0,3,23.970731735229492,33.82577896118164,1.2388412952423096,0.4019240736961365,34.0
20,300,Free,0,10,1,0,9.671875953674316,23.388748168945312,-0.39373326301574707,0.3008759021759033,38.0
20,300,Free,0,10,1,1,5.6640119552612305,25.8992862701416,-0.5858844518661499,0.19440297782421112,26.0
20,300,Free,0,10,1,2,8.702988624572754,21.073396682739258,-0.10946822166442871,0.2948704957962036,27.0
20,300,Free,0,10,1,3,8.646261215209961,20.809974670410156,-0.3620023727416992,0.3021058142185211,36.0
20,300,Free,0,11,0,0,1.8871660232543945,6.555380821228027,-1.0590803623199463,0.31007808446884155,38.0
20,300,Free,0,11,0,1,2.0852367877960205,6.481326103210449,-1.110917091369629,0.33026716113090515,31.0
20,300,Free,0,11,0,2,0.5133988857269287,6.389416217803955,-1.0309638977050781,0.19465665519237518,28.0
20,300,Free,0,11,0,3,1.0959296226501465,6.002891540527344,-1.025951862335205,0.2611619532108307,36.0
20,300,Free,0,11,1,0,3.719280242919922,14.633546829223633,-0.23804223537445068,0.2128637582063675,28.0
20,300,Free,0,11,1,1,6.505157470703125,13.298934936523438,0.3599264621734619,0.31604498624801636,32.0
20,300,Free,0,11,1,2,5.182920932769775,13.035709381103516,0.026924729347229004,0.2834256589412689,41.0
20,300,Free,0,11,1,3,9.371870994567871,12.313817977905273,0.31544971466064453,0.42378661036491394,43.0
20,300,Free,0,12,0,0,-0.6429194808006287,0.3006766438484192,-1.398890495300293,0.7154428362846375,45.0
20,300,Free,0,12,0,1,-0.7491077184677124,0.30553311109542847,-1.4363359212875366,0.6922391057014465,40.0
20,300,Free,0,12,0,2,-0.8350474238395691,0.3059423565864563,-1.41574227809906,0.6549407839775085,43.0
20,300,Free,0,12,0,3,-0.6939939260482788,0.312585711479187,-1.3589723110198975,0.6802401542663574,26.0
20,300,Free,0,12,1,0,1.7988674640655518,1.543534278869629,-1.053755760192871,0.6488901376724243,46.0
20,300,Free,0,12,1,1,1.7945311069488525,1.3447345495224,-0.9974735379219055,0.6749288439750671,54.0
20,300,Free,0,12,1,2,2.194581985473633,1.1672391891479492,-0.8404088616371155,0.7222333550453186,26.0
20,300,Free,0,12,1,3,1.7932298183441162,1.2880364656448364,-0.6563840508460999,0.6553887128829956,38.0
20,300,Free,0,13,0,0,3.61972975730896,0.9331830739974976,1.9686790704727173,0.638893723487854,42.0
20,300,Free,0,13,0,1,4.0512285232543945,1.001987099647522,2.3148932456970215,0.6340872049331665,45.0
20,300,Free,0,13,0,2,3.6137566566467285,0.9741010665893555,2.1379446983337402,0.602393627166748,28.0
20,300,Free,0,13,0,3,3.6141934394836426,1.1007440090179443,2.229491710662842,0.5571240782737732,40.0
20,300,Free,0,13,1,0,2.058302402496338,0.5286742448806763,1.4446022510528564,0.5372145771980286,35.0
20,300,Free,0,13,1,1,2.174447536468506,0.536831796169281,1.3713736534118652,0.5993510484695435,57.0
20,300,Free,0,13,1,2,2.2043166160583496,0.427508145570755,1.4218456745147705,0.6466813683509827,39.0
20,300,Free,0,13,1,3,2.1594924926757812,0.4712422788143158,1.4570672512054443,0.5984874367713928,44.0
20,300,Free,0,14,0,0,4.856734275817871,1.9794925451278687,1.8568464517593384,0.602462112903595,38.0
20,300,Free,0,14,0,1,4.970536231994629,2.1001930236816406,1.8115111589431763,0.6006643772125244,34.0
20,300,Free,0,14,0,2,4.046027183532715,2.2288146018981934,2.3038249015808105,0.43872949481010437,41.0
20,300,Free,0,14,0,3,4.469343185424805,2.036161422729492,1.6540579795837402,0.5802980661392212,28.0
20,300,Free,0,14,1,0,-0.19248437881469727,1.1720787286758423,-1.2135426998138428,0.46556976437568665,47.0
20,300,Free,0,14,1,1,0.1011422872543335,0.9428740739822388,-1.311358094215393,0.5996924638748169,32.0
20,300,Free,0,14,1,2,-0.03319978713989258,1.0140001773834229,-1.13700270652771,0.5212018489837646,44.0
20,300,Free,0,14,1,3,-0.13625431060791016,1.045458436012268,-1.1336325407028198,0.48823198676109314,51.0
20,300,Free,0,15,0,0,0.16026026010513306,0.6898206472396851,-3.3120839595794678,0.8342639803886414,17.0
20,300,Free,0,15,0,1,0.36825597286224365,0.6684264540672302,-3.181492328643799,0.8415365815162659,16.0
20,300,Free,0,15,0,2,0.1191205382347107,0.5868555307388306,-3.700345993041992,0.8668150901794434,20.0
20,300,Free,0,15,0,3,-0.06006801128387451,0.6452195644378662,-3.271833896636963,0.8327140212059021,18.0
20,300,Free,0,15,1,0,0.36202651262283325,0.24835024774074554,-1.2255676984786987,0.8647288680076599,26.0
20,300,Free,0,15,1,1,0.39238953590393066,0.27916887402534485,-1.2510253190994263,0.8547949194908142,18.0
20,300,Free,0,15,1,2,0.2556845545768738,0.2615780830383301,-1.1840089559555054,0.846245527267456,18.0
20,300,Free,0,15,1,3,0.08024144172668457,0.32467353343963623,-1.290693998336792,0.8085209727287292,18.0
20,300,Free,0,16,0,0,-0.428364634513855,0.37238889932632446,-1.7637279033660889,0.7819420099258423,33.0
20,300,Free,0,16,0,1,-0.8307321667671204,0.3241291344165802,-1.951781153678894,0.7757168412208557,12.0
20,300,Free,0,16,0,2,-0.688959002494812,0.3767760396003723,-1.6338329315185547,0.7149199843406677,39.0
20,300,Free,0,16,0,3,-0.5822317600250244,0.3516356647014618,-1.595923662185669,0.7424532771110535,15.0
20,300,Free,0,16,1,0,-1.700178623199463,0.16218824684619904,-2.208937644958496,0.758269727230072,30.0
20,300,Free,0,16,1,1,-1.65159010887146,0.14259272813796997,-2.1795706748962402,0.787356972694397,34.0
20,300,Free,0,16,1,2,-1.6830289363861084,0.14491724967956543,-2.1702351570129395,0.7707453966140747,25.0
20,300,Free,0,16,1,3,-1.6808348894119263,0.15054979920387268,-2.233372926712036,0.7858734726905823,32.0
20,300,Free,0,17,0,0,1.1177902221679688,0.17952649295330048,0.7419701218605042,0.676730751991272,38.0
20,300,Free,0,17,0,1,1.15616774559021,0.17363491654396057,0.6412495374679565,0.7478263974189758,23.0
20,300,Free,0,17,0,2,1.162825107574463,0.1795637309551239,0.6250928640365601,0.7496657967567444,19.0
20,300,Free,0,17,0,3,1.1393401622772217,0.19064787030220032,0.5880903005599976,0.7430267333984375,33.0
20,300,Free,0,17,1,0,-0.0437244176864624,1.1651066541671753,-2.780914306640625,0.7014304995536804,19.0
20,300,Free,0,17,1,1,0.282055139541626,0.8326953053474426,-2.319438934326172,0.7575278878211975,27.0
20,300,Free,0,17,1,2,0.06983470916748047,1.0360047817230225,-1.746872901916504,0.6368352174758911,30.0
20,300,Free,0,17,1,3,0.31808435916900635,0.9324383735656738,-2.671196460723877,0.7622373700141907,39.0
20,300,Free,0,18,0,0,1.0592721700668335,2.682347059249878,-1.4174292087554932,0.4800693988800049,45.0
20,300,Free,0,18,0,1,1.547012448310852,2.429246187210083,-1.539201259613037,0.5595569014549255,52.0
20,300,Free,0,18,0,2,1.0097144842147827,2.6710870265960693,-1.5853832960128784,0.49278515577316284,45.0
20,300,Free,0,18,0,3,0.684126615524292,2.5959885120391846,-1.3145591020584106,0.4350005090236664,40.0
20,300,Free,0,18,1,0,0.945274829864502,1.2628971338272095,-0.49128228425979614,0.5321657657623291,37.0
20,300,Free,0,18,1,1,0.6483034491539001,1.274101972579956,-0.5266819000244141,0.4797646105289459,38.0
20,300,Free,0,18,1,2,0.7073157429695129,1.5747952461242676,-0.4634001553058624,0.4264109134674072,42.0
20,300,Free,0,18,1,3,0.9857264757156372,1.5991063117980957,-0.3080010712146759,0.44721806049346924,42.0
20,300,Free,0,19,0,0,5.884248733520508,8.393440246582031,0.19846105575561523,0.40384232997894287,27.0
20,300,Free,0,19,0,1,6.482381820678711,7.166982650756836,-0.24081873893737793,0.48402535915374756,24.0
20,300,Free,0,19,0,2,3.8034849166870117,7.042203903198242,0.3840090036392212,0.3268572688102722,22.0
20,300,Free,0,19,0,3,5.20123291015625,7.8027143478393555,0.24383950233459473,0.3885071873664856,39.0
20,300,Free,0,19,1,0,9.659049987792969,7.4668755531311035,-0.25908517837524414,0.5704992413520813,49.0
20,300,Free,0,19,1,1,6.938770771026611,9.18655014038086,-0.9653506278991699,0.46248161792755127,39.0
20,300,Free,0,19,1,2,8.370745658874512,9.096126556396484,-0.5455689430236816,0.4950087070465088,48.0
20,300,Free,0,19,1,3,8.03619384765625,8.552249908447266,-0.6665589809417725,0.504361093044281,34.0
20,300,Free,0,20,0,0,3.311030387878418,3.872866153717041,-0.07039523124694824,0.4661276340484619,34.0
20,300,Free,0,20,0,1,3.242724895477295,3.970785617828369,-0.19867444038391113,0.46428948640823364,45.0
20,300,Free,0,20,0,2,2.6527583599090576,3.9533183574676514,-0.21854841709136963,0.420727401971817,40.0
20,300,Free,0,20,0,3,2.4516329765319824,3.84159255027771,-0.48924338817596436,0.43359968066215515,36.0
20,300,Free,0,20,1,0,1.6023926734924316,5.0901689529418945,-2.8895103931427,0.4687820374965668,51.0
20,300,Free,0,20,1,1,1.1889114379882812,5.794661045074463,-3.181790351867676,0.4299602210521698,54.0
20,300,Free,0,20,1,2,2.9901373386383057,6.990574836730957,-3.135087490081787,0.4670111835002899,45.0
20,300,Free,0,20,1,3,1.3809013366699219,5.293543338775635,-3.346276044845581,0.4717402458190918,35.0
20,300,Free,0,21,0,0,0.46212494373321533,0.8939211964607239,-1.279553771018982,0.6608282327651978,47.0
20,300,Free,0,21,0,1,0.15289413928985596,0.8434103727340698,-1.4599993228912354,0.6566343307495117,34.0
20,300,Free,0,21,0,2,1.0212726593017578,0.8461893200874329,-1.2957769632339478,0.7324927449226379,66.0
20,300,Free,0,21,0,3,0.4810326099395752,1.017533779144287,-1.4550721645355225,0.655498206615448,51.0
20,300,Free,0,21,1,0,3.716449737548828,0.6197158098220825,1.9452897310256958,0.7407996654510498,53.0
20,300,Free,0,21,1,1,3.26900053024292,0.7074294686317444,1.968727469444275,0.6476422548294067,50.0
20,300,Free,0,21,1,2,3.6735219955444336,0.7161096930503845,1.9107447862625122,0.7111164331436157,47.0
20,300,Free,0,21,1,3,2.978513240814209,0.7619708776473999,2.0180463790893555,0.5576207041740417,50.0
20,300,Free,0,22,0,0,0.03083980083465576,0.5064153671264648,-0.8114011287689209,0.6245037317276001,42.0
20,300,Free,0,22,0,1,-0.050605952739715576,0.45367151498794556,-0.8187772631645203,0.6286989450454712,48.0
20,300,Free,0,22,0,2,0.06752771139144897,0.4396790862083435,-0.8206441402435303,0.6688792109489441,54.0
20,300,Free,0,22,0,3,0.24607670307159424,0.4318124055862427,-0.7947143316268921,0.7067694067955017,49.0
20,300,Free,0,22,1,0,3.0932068824768066,1.6059688329696655,-0.5497509241104126,0.6940386295318604,42.0
20,300,Free,0,22,1,1,2.769551992416382,1.6061311960220337,-0.44827091693878174,0.6670508980751038,47.0
20,300,Free,0,22,1,2,2.637209892272949,1.646965503692627,-0.46797746419906616,0.6534274816513062,38.0
20,300,Free,0,22,1,3,2.8790688514709473,1.7992563247680664,-0.2816678583621979,0.6372462511062622,53.0
20,300,Free,0,23,0,0,3.1784818172454834,0.9647926688194275,1.9539097547531128,0.5593275427818298,45.0
20,300,Free,0,23,0,1,2.639061212539673,0.8413395881652832,1.948225498199463,0.450885534286499,47.0
20,300,Free,0,23,0,2,3.1238057613372803,1.1173948049545288,1.8747575283050537,0.5278167724609375,39.0
20,300,Free,0,23,0,3,3.1010241508483887,1.0992786884307861,1.9961187839508057,0.5012763738632202,47.0
20,300,Free,0,23,1,0,2.1201882362365723,1.1550928354263306,0.2671118378639221,0.6160147190093994,49.0
20,300,Free,0,23,1,1,2.3148772716522217,1.0646350383758545,0.3319461941719055,0.6506605744361877,47.0
20,300,Free,0,23,1,2,1.8283836841583252,1.3298261165618896,0.48050007224082947,0.5033717751502991,42.0
20,300,Free,0,23,1,3,1.9414035081863403,1.290113091468811,0.3296892046928406,0.555413544178009,38.0
20,300,Free,0,24,0,0,7.536741256713867,14.704553604125977,2.186001777648926,0.26679936051368713,37.0
20,300,Free,0,24,0,1,6.957164764404297,13.632166862487793,2.3577919006347656,0.25227561593055725,38.0
20,300,Free,0,24,0,2,7.454995155334473,13.140746116638184,2.158449411392212,0.2872735261917114,49.0
20,300,Free,0,24,0,3,5.857394218444824,12.997657775878906,2.303304672241211,0.21472594141960144,21.0
20,300,Free,0,24,1,0,4.170969009399414,9.424784660339355,-0.3900992274284363,0.32612013816833496,25.0
20,300,Free,0,24,1,1,3.1101577281951904,8.309900283813477,-0.63715660572052,0.3107943832874298,33.0
20,300,Free,0,24,1,2,2.754803419113159,8.283843994140625,-0.4115738272666931,0.27653414011001587,30.0
20,300,Free,0,24,1,3,4.859530448913574,9.101405143737793,-0.3685039281845093,0.3648456931114197,35.0
20,300,Free,0,25,0,0,3.3367128372192383,7.056754112243652,0.5821548700332642,0.2807532846927643,34.0
20,300,Free,0,25,0,1,4.068171977996826,7.488734245300293,0.5506439208984375,0.3195933401584625,33.0
20,300,Free,0,25,0,2,3.6948890686035156,7.149936199188232,0.6069668531417847,0.30161798000335693,38.0
20,300,Free,0,25,0,3,2.6363768577575684,7.779839992523193,0.6479684114456177,0.20355834066867828,33.0
20,300,Free,0,25,1,0,15.610319137573242,17.27365493774414,2.5029640197753906,0.43143248558044434,45.0
20,300,Free,0,25,1,1,12.766303062438965,17.58244514465332,2.7465124130249023,0.36300647258758545,33.0
20,300,Free,0,25,1,2,12.769890785217285,16.25438117980957,2.355315923690796,0.39051303267478943,41.0
20,300,Free,0,25,1,3,13.68411922454834,16.154218673706055,2.604480743408203,0.4068332612514496,34.0
20,300,Free,0,26,0,0,4.9614458084106445,5.081254482269287,2.1321330070495605,0.3576624393463135,39.0
20,300,Free,0,26,0,1,4.402622699737549,5.66759729385376,2.2210381031036377,0.2779378294944763,30.0
20,300,Free,0,26,0,2,4.670346260070801,5.896852970123291,2.0680346488952637,0.30618441104888916,31.0
20,300,Free,0,26,0,3,4.915213584899902,4.9379048347473145,2.138688325881958,0.3599132001399994,45.0
20,300,Free,0,26,1,0,3.215507745742798,8.226086616516113,0.23959201574325562,0.26565927267074585,36.0
20,300,Free,0,26,1,1,3.2463724613189697,6.616435527801514,0.24554449319839478,0.31202512979507446,30.0
20,300,Free,0,26,1,2,4.035042762756348,6.833752155303955,0.13588276505470276,0.36329004168510437,48.0
20,300,Free,0,26,1,3,4.174732685089111,9.178091049194336,0.16415563225746155,0.304092675447464,27.0
20,300,Free,0,27,0,0,8.455286026000977,11.207701683044434,0.5499818325042725,0.4136086404323578,56.0
20,300,Free,0,27,0,1,6.1298675537109375,13.828453063964844,0.8084167242050171,0.27788394689559937,39.0
20,300,Free,0,27,0,2,8.379063606262207,12.952614784240723,0.7161751389503479,0.37170514464378357,34.0
20,300,Free,0,27,0,3,6.290949821472168,16.82368278503418,0.6440839767456055,0.25130075216293335,41.0
20,300,Free,0,27,1,0,35.09771728515625,55.90448760986328,4.296809196472168,0.35523635149002075,23.0
20,300,Free,0,27,1,1,15.824234962463379,56.84152603149414,4.463987350463867,0.16656821966171265,28.0
20,300,Free,0,27,1,2,17.342388153076172,59.06072235107422,4.574728965759277,0.177752286195755,23.0
20,300,Free,0,27,1,3,31.87176513671875,47.63705062866211,3.67626690864563,0.3718126118183136,33.0
20,300,Free,0,28,0,0,13.597496032714844,15.6506986618042,2.225759267807007,0.4208257496356964,33.0
20,300,Free,0,28,0,1,14.634281158447266,23.79452133178711,3.081699848175049,0.32683250308036804,38.0
20,300,Free,0,28,0,2,8.162862777709961,16.50300407409668,2.460265636444092,0.25680893659591675,43.0
20,300,Free,0,28,0,3,11.917947769165039,17.526451110839844,2.168931484222412,0.35742801427841187,34.0
20,300,Free,0,28,1,0,16.721824645996094,38.26494598388672,0.38607263565063477,0.29918578267097473,26.0
20,300,Free,0,28,1,1,12.063434600830078,28.64645767211914,0.408672571182251,0.2891913056373596,41.0
20,300,Free,0,28,1,2,16.14695930480957,28.630977630615234,0.1670612096786499,0.3582063615322113,32.0
20,300,Free,0,28,1,3,19.622005462646484,28.10676383972168,0.09189558029174805,0.40997880697250366,47.0
20,300,Free,0,29,0,0,4.0412797927856445,7.7016754150390625,1.892386555671692,0.21814915537834167,28.0
20,300,Free,0,29,0,1,4.44003963470459,6.0910186767578125,1.742652177810669,0.3069256842136383,49.0
20,300,Free,0,29,0,2,4.409505844116211,6.3205790519714355,1.8166463375091553,0.2908932864665985,35.0
20,300,Free,0,29,0,3,5.632015228271484,7.569104194641113,1.8266985416412354,0.3345503807067871,31.0
20,300,Free,0,29,1,0,24.078847885131836,34.626529693603516,1.3881641626358032,0.39587903022766113,34.0
20,300,Free,0,29,1,1,18.49764060974121,39.91794204711914,2.1954243183135986,0.2899709939956665,33.0
20,300,Free,0,29,1,2,13.89561653137207,38.33272171020508,1.8018441200256348,0.23982974886894226,29.0
20,300,Free,0,29,1,3,29.32299041748047,39.90948486328125,1.8533234596252441,0.4076879620552063,25.0
20,300,Free,0,30,0,0,5.677286624908447,8.866581916809082,0.4728579521179199,0.36986884474754333,29.0
20,300,Free,0,30,0,1,4.888853549957275,9.127816200256348,0.4897095561027527,0.32521307468414307,32.0
20,300,Free,0,30,0,2,3.956131935119629,9.754300117492676,0.37512388825416565,0.2685358226299286,29.0
20,300,Free,0,30,0,3,6.030056476593018,8.333584785461426,0.2707996666431427,0.40866541862487793,40.0
20,300,Free,0,30,1,0,5.2399396896362305,5.587198734283447,0.6218416690826416,0.4525197446346283,36.0
20,300,Free,0,30,1,1,3.3414108753204346,7.024877071380615,0.20756292343139648,0.30848830938339233,29.0
20,300,Free,0,30,1,2,6.3470563888549805,6.805996417999268,0.3944307565689087,0.4665570855140686,47.0
20,300,Free,0,30,1,3,4.630431652069092,5.926782608032227,0.5363457202911377,0.4085560142993927,42.0
20,300,Free,0,31,0,0,8.91069507598877,13.676833152770996,0.21331655979156494,0.38872331380844116,37.0
20,300,Free,0,31,0,1,6.062234878540039,14.595147132873535,0.46986812353134155,0.27702105045318604,29.0
20,300,Free,0,31,0,2,9.36136245727539,15.292593955993652,-0.05517780780792236,0.3810954988002777,33.0
20,300,Free,0,31,0,3,4.750014781951904,12.39830207824707,1.0793206691741943,0.22843331098556519,30.0
20,300,Free,0,31,1,0,1.031912088394165,5.694676399230957,-2.2718539237976074,0.36714863777160645,43.0
20,300,Free,0,31,1,1,1.4118194580078125,5.221517562866211,-2.255525588989258,0.4125775694847107,34.0
20,300,Free,0,31,1,2,0.6384313106536865,6.573269844055176,-2.2407822608947754,0.3045986592769623,40.0
20,300,Free,0,31,1,3,1.8410489559173584,7.158634662628174,-2.222541332244873,0.3621020019054413,35.0
20,300,Free,0,32,0,0,3.1538124084472656,2.5002408027648926,1.54884672164917,0.3909585773944855,45.0
20,300,Free,0,32,0,1,3.2380013465881348,2.2709829807281494,1.6819671392440796,0.40659189224243164,39.0
20,300,Free,0,32,0,2,3.2275748252868652,2.577956438064575,1.6675035953521729,0.3770084083080292,36.0
20,300,Free,0,32,0,3,3.0142459869384766,2.5448927879333496,1.5409815311431885,0.3666517734527588,45.0
20,300,Free,0,32,1,0,0.42813873291015625,2.9825477600097656,-1.3698656558990479,0.3761080801486969,32.0
20,300,Free,0,32,1,1,0.8264865875244141,2.9103167057037354,-1.36105477809906,0.42910993099212646,34.0
20,300,Free,0,32,1,2,0.05680835247039795,2.5336246490478516,-1.33845853805542,0.3551299273967743,36.0
20,300,Free,0,32,1,3,0.44178831577301025,2.8829240798950195,-1.2929519414901733,0.375674843788147,34.0
20,300,Free,0,33,0,0,14.345513343811035,20.304180145263672,-0.12574172019958496,0.41613438725471497,42.0
20,300,Free,0,33,0,1,12.549213409423828,23.083744049072266,-0.32157278060913086,0.35797396302223206,44.0
20,300,Free,0,33,0,2,13.271303176879883,20.107921600341797,-0.5040237307548523,0.4065527319908142,40.0
20,300,Free,0,33,0,3,10.19975471496582,26.193866729736328,0.11393293738365173,0.2780018746852875,34.0
20,300,Free,0,33,1,0,10.56872844696045,24.240367889404297,-0.8539755344390869,0.3202950358390808,40.0
20,300,Free,0,33,1,1,15.7715425491333,21.415924072265625,-1.031243920326233,0.43964818120002747,41.0
20,300,Free,0,33,1,2,6.4267730712890625,25.541242599487305,-0.4432182312011719,0.21196326613426208,40.0
20,300,Free,0,33,1,3,7.065814971923828,24.27254295349121,-0.6621411442756653,0.24149487912654877,29.0
20,300,Free,0,34,0,0,10.132965087890625,20.531143188476562,0.12278503179550171,0.3277585804462433,31.0
20,300,Free,0,34,0,1,10.871257781982422,16.715139389038086,0.05984467267990112,0.39276304841041565,34.0
20,300,Free,0,34,0,2,7.772588729858398,20.88313865661621,-0.1488354206085205,0.27500584721565247,36.0
20,300,Free,0,34,0,3,7.215791702270508,17.5349178314209,0.12349462509155273,0.287986159324646,47.0
20,300,Free,0,34,1,0,12.669550895690918,23.47088623046875,-0.7142375707626343,0.36315035820007324,32.0
20,300,Free,0,34,1,1,12.413495063781738,24.515729904174805,-0.5838608741760254,0.3464752435684204,29.0
20,300,Free,0,34,1,2,12.840325355529785,19.179487228393555,-0.895612359046936,0.41731005907058716,37.0
20,300,Free,0,34,1,3,11.239214897155762,17.14470672607422,-0.9392140507698059,0.4153180718421936,49.0
20,300,Free,0,35,0,0,10.644721984863281,24.645944595336914,1.041731357574463,0.2803880274295807,30.0
20,300,Free,0,35,0,1,11.737405776977539,26.280908584594727,0.04229656979441643,0.3079603910446167,25.0
20,300,Free,0,35,0,2,12.874576568603516,27.900562286376953,0.6420486569404602,0.30479905009269714,26.0
20,300,Free,0,35,0,3,15.302297592163086,28.03215217590332,0.7295795679092407,0.3420434892177582,35.0
20,300,Free,0,35,1,0,8.239784240722656,7.373059272766113,1.5039761066436768,0.47741663455963135,41.0
20,300,Free,0,35,1,1,6.9686994552612305,10.052597999572754,1.4647690057754517,0.353801965713501,32.0
20,300,Free,0,35,1,2,4.019465446472168,10.155313491821289,1.6300947666168213,0.19046878814697266,22.0
20,300,Free,0,35,1,3,5.452553749084473,8.216976165771484,1.573206901550293,0.3207046389579773,42.0
20,300,Free,1,0,0,0,9.268180847167969,5.481125354766846,2.270909547805786,0.5607507824897766,39.0
20,300,Free,1,0,0,1,8.467914581298828,5.880552768707275,2.3147382736206055,0.5113275051116943,34.0
20,300,Free,1,0,0,2,8.411083221435547,6.077256679534912,2.2470593452453613,0.5035440325737,32.0
20,300,Free,1,0,0,3,6.892848491668701,5.413874626159668,2.435134172439575,0.4515700936317444,33.0
20,300,Free,1,0,1,0,12.757590293884277,10.935250282287598,0.12039750814437866,0.5361002683639526,27.0
20,300,Free,1,0,1,1,9.30138111114502,12.160130500793457,0.10994088649749756,0.4304807484149933,32.0
20,300,Free,1,0,1,2,9.509711265563965,11.228360176086426,0.227805495262146,0.4525492489337921,31.0
20,300,Free,1,0,1,3,10.085358619689941,10.330427169799805,0.3316035270690918,0.4856436550617218,33.0
20,300,Free,1,1,0,0,14.108827590942383,9.228937149047852,3.099658727645874,0.5439821481704712,27.0
20,300,Free,1,1,0,1,12.53827953338623,10.410473823547363,2.677584171295166,0.48643937706947327,29.0
20,300,Free,1,1,0,2,11.353808403015137,11.965408325195312,2.925663948059082,0.41327494382858276,25.0
20,300,Free,1,1,0,3,10.700164794921875,11.541526794433594,2.4947617053985596,0.4155280590057373,19.0
20,300,Free,1,1,1,0,4.537968635559082,5.252424240112305,-0.2058829814195633,0.4745618999004364,37.0
20,300,Free,1,1,1,1,3.966437578201294,5.225973129272461,-0.11867547035217285,0.4387364685535431,29.0
20,300,Free,1,1,1,2,6.827901840209961,5.7925591468811035,-0.011481702327728271,0.5414355993270874,29.0
20,300,Free,1,1,1,3,5.098812103271484,4.33259391784668,-0.14758357405662537,0.5476982593536377,27.0
20,300,Free,1,2,0,0,11.329084396362305,13.884672164916992,0.38820433616638184,0.4407104253768921,27.0
20,300,Free,1,2,0,1,12.832437515258789,14.858135223388672,0.9173078536987305,0.4450383484363556,38.0
20,300,Free,1,2,0,2,11.705644607543945,11.010029792785645,0.7108754515647888,0.49965324997901917,30.0
20,300,Free,1,2,0,3,13.666425704956055,12.845848083496094,0.7491449117660522,0.501386284828186,27.0
20,300,Free,1,2,1,0,7.616372585296631,10.845829010009766,-0.9517650604248047,0.4413388669490814,29.0
20,300,Free,1,2,1,1,5.684296131134033,12.158034324645996,-0.9446877241134644,0.35284915566444397,31.0
20,300,Free,1,2,1,2,8.090076446533203,10.65009593963623,-0.7806853652000427,0.45442476868629456,20.0
20,300,Free,1,2,1,3,5.809021949768066,12.490532875061035,-0.5969494581222534,0.3390029966831207,22.0
20,300,Free,1,3,0,0,31.34212875366211,44.07912826538086,3.8107566833496094,0.3844600021839142,30.0
20,300,Free,1,3,0,1,30.834346771240234,46.98050308227539,3.5505969524383545,0.36738741397857666,36.0
20,300,Free,1,3,0,2,34.11967086791992,36.022640228271484,2.7004125118255615,0.46587151288986206,34.0
20,300,Free,1,3,0,3,24.64101791381836,46.215965270996094,3.390780448913574,0.3149760365486145,21.0
20,300,Free,1,3,1,0,14.17695140838623,48.86959457397461,0.36380982398986816,0.220365971326828,15.0
20,300,Free,1,3,1,1,10.868550300598145,33.03639602661133,0.048959434032440186,0.2467072755098343,15.0
20,300,Free,1,3,1,2,13.00742244720459,33.40925216674805,0.16090190410614014,0.2777279317378998,22.0
20,300,Free,1,3,1,3,18.347496032714844,37.233131408691406,0.6017638444900513,0.32277369499206543,31.0
20,300,Free,1,4,0,0,11.664019584655762,24.189205169677734,2.6207683086395264,0.27212104201316833,22.0
20,300,Free,1,4,0,1,11.101280212402344,27.398778915405273,2.5779454708099365,0.23727263510227203,24.0
20,300,Free,1,4,0,2,17.411903381347656,24.415889739990234,2.940601348876953,0.3721354305744171,21.0
20,300,Free,1,4,0,3,16.005491256713867,29.201425552368164,2.9816393852233887,0.308437317609787,22.0
20,300,Free,1,4,1,0,4.298184394836426,12.027724266052246,-1.1655832529067993,0.31236717104911804,23.0
20,300,Free,1,4,1,1,7.973040580749512,10.430333137512207,-1.1615418195724487,0.46688586473464966,26.0
20,300,Free,1,4,1,2,5.459632873535156,10.676063537597656,-1.398528814315796,0.3911300301551819,25.0
20,300,Free,1,4,1,3,6.959650039672852,14.925182342529297,-1.0843820571899414,0.3502092659473419,11.0
20,300,Free,1,5,0,0,8.26202392578125,8.660765647888184,2.1407995223999023,0.41410017013549805,26.0
20,300,Free,1,5,0,1,7.465131759643555,10.321187973022461,2.0683298110961914,0.34335190057754517,26.0
20,300,Free,1,5,0,2,9.499939918518066,8.694257736206055,2.012157917022705,0.4627217948436737,37.0
20,300,Free,1,5,0,3,8.96641731262207,11.654586791992188,2.285348653793335,0.3643757700920105,27.0
20,300,Free,1,5,1,0,15.990455627441406,25.43079948425293,-0.3814017176628113,0.39164629578590393,18.0
20,300,Free,1,5,1,1,12.651693344116211,23.713645935058594,-0.010231494903564453,0.34808868169784546,23.0
20,300,Free,1,5,1,2,9.445605278015137,24.11097526550293,-0.16309309005737305,0.28495821356773376,17.0
20,300,Free,1,5,1,3,16.38580894470215,25.87113380432129,0.0017614960670471191,0.38774052262306213,8.0
20,300,Free,1,6,0,0,26.61004066467285,78.57447052001953,1.9450981616973877,0.23891015350818634,14.0
20,300,Free,1,6,0,1,31.679576873779297,86.010498046875,0.3647104501724243,0.266906201839447,7.0
20,300,Free,1,6,0,2,40.66617202758789,83.86325073242188,3.3289053440093994,0.3080619275569916,14.0
20,300,Free,1,6,0,3,32.44700241088867,79.50548553466797,2.811426877975464,0.27153462171554565,19.0
20,300,Free,1,6,1,0,18.161739349365234,76.01371765136719,2.1966371536254883,0.17357368767261505,22.0
20,300,Free,1,6,1,1,22.529438018798828,77.2954330444336,1.5643874406814575,0.2133619785308838,20.0
20,300,Free,1,6,1,2,26.499223709106445,67.4886474609375,3.20176100730896,0.25661924481391907,24.0
20,300,Free,1,6,1,3,30.976787567138672,85.85285949707031,2.237591505050659,0.2507956922054291,21.0
20,300,Free,1,7,0,0,13.433576583862305,40.57564926147461,2.2109785079956055,0.2166597992181778,29.0
20,300,Free,1,7,0,1,17.93805694580078,37.356685638427734,1.9027276039123535,0.3003319799900055,20.0
20,300,Free,1,7,0,2,14.884125709533691,45.819976806640625,2.1961236000061035,0.2168593406677246,14.0
20,300,Free,1,7,0,3,9.677839279174805,42.68763732910156,2.6119351387023926,0.142018124461174,24.0
20,300,Free,1,7,1,0,21.719783782958984,29.645462036132812,0.8558722734451294,0.41307011246681213,36.0
20,300,Free,1,7,1,1,12.011616706848145,33.96794509887695,1.417968988418579,0.237730473279953,25.0
20,300,Free,1,7,1,2,13.937983512878418,38.585323333740234,0.6748352646827698,0.25580596923828125,21.0
20,300,Free,1,7,1,3,14.306577682495117,32.19038391113281,0.9382196664810181,0.29343125224113464,21.0
20,300,Free,1,8,0,0,4.504683017730713,35.64112854003906,0.664753794670105,0.09726002812385559,21.0
20,300,Free,1,8,0,1,10.148760795593262,38.15391540527344,0.9132698178291321,0.19488514959812164,20.0
20,300,Free,1,8,0,2,6.569416522979736,30.955581665039062,0.852875828742981,0.15588247776031494,23.0
20,300,Free,1,8,0,3,12.305617332458496,31.909114837646484,1.1452298164367676,0.2591250538825989,20.0
20,300,Free,1,8,1,0,14.925996780395508,33.36620330810547,2.4543192386627197,0.2720823585987091,21.0
20,300,Free,1,8,1,1,9.749479293823242,28.30829620361328,2.706535816192627,0.19922763109207153,15.0
20,300,Free,1,8,1,2,8.042329788208008,36.20918655395508,3.094404697418213,0.12022042274475098,16.0
20,300,Free,1,8,1,3,11.234466552734375,28.84520721435547,2.673447370529175,0.22886614501476288,19.0
20,300,Free,1,9,0,0,9.22131061553955,19.547109603881836,2.4000110626220703,0.2586921155452728,21.0
20,300,Free,1,9,0,1,12.14574146270752,25.88506507873535,2.259397506713867,0.27637556195259094,14.0
20,300,Free,1,9,0,2,13.052593231201172,27.296733856201172,2.800030469894409,0.2730427384376526,18.0
20,300,Free,1,9,0,3,9.039137840270996,25.753398895263672,2.6787004470825195,0.1980590969324112,25.0
20,300,Free,1,9,1,0,15.779260635375977,36.13622283935547,2.9097697734832764,0.2626120448112488,21.0
20,300,Free,1,9,1,1,10.593145370483398,36.08182144165039,3.404524564743042,0.1661323457956314,10.0
20,300,Free,1,9,1,2,19.884187698364258,35.738380432128906,2.5107369422912598,0.32711073756217957,22.0
20,300,Free,1,9,1,3,11.103632926940918,33.272552490234375,2.4654829502105713,0.2061084508895874,23.0
20,300,Free,1,10,0,0,19.882137298583984,35.29947280883789,0.6354320049285889,0.3528515696525574,20.0
20,300,Free,1,10,0,1,15.620132446289062,37.695438385009766,0.4973914623260498,0.28631696105003357,21.0
20,300,Free,1,10,0,2,14.99620246887207,33.485748291015625,2.268079996109009,0.2754178047180176,23.0
20,300,Free,1,10,0,3,23.970731735229492,33.82577896118164,1.4636380672454834,0.39953747391700745,30.0
20,300,Free,1,10,1,0,9.671875953674316,23.388748168945312,-0.18003559112548828,0.2963813543319702,23.0
20,300,Free,1,10,1,1,5.6640119552612305,25.8992862701416,-0.001223444938659668,0.1794811189174652,24.0
20,300,Free,1,10,1,2,8.702988624572754,21.073396682739258,-0.31998729705810547,0.2998027801513672,16.0
20,300,Free,1,10,1,3,8.646261215209961,20.809974670410156,-0.01860499382019043,0.29397499561309814,23.0
20,300,Free,1,11,0,0,1.8871660232543945,6.555380821228027,-1.188546895980835,0.319352388381958,23.0
20,300,Free,1,11,0,1,2.0852367877960205,6.481326103210449,-1.1053926944732666,0.3298846483230591,15.0
20,300,Free,1,11,0,2,0.5133988857269287,6.389416217803955,-1.0962212085723877,0.20122675597667694,22.0
20,300,Free,1,11,0,3,1.0959296226501465,6.002891540527344,-1.0536417961120605,0.2636713981628418,15.0
20,300,Free,1,11,1,0,3.719280242919922,14.633546829223633,0.16166901588439941,0.19556815922260284,28.0
20,300,Free,1,11,1,1,6.505157470703125,13.298934936523438,-0.28281736373901367,0.33793026208877563,28.0
20,300,Free,1,11,1,2,5.182920932769775,13.035709381103516,-0.18836736679077148,0.2918068766593933,25.0
20,300,Free,1,11,1,3,9.371870994567871,12.313817977905273,0.33335208892822266,0.4233035147190094,29.0
20,300,Free,1,12,0,0,-0.6429194808006287,0.3006766438484192,-1.4018645286560059,0.7162415385246277,27.0
20,300,Free,1,12,0,1,-0.7491077184677124,0.30553311109542847,-1.4276044368743896,0.6895082592964172,10.0
20,300,Free,1,12,0,2,-0.8350474238395691,0.3059423565864563,-1.4140328168869019,0.6542741656303406,23.0
20,300,Free,1,12,0,3,-0.6939939260482788,0.312585711479187,-1.3706904649734497,0.6840277910232544,27.0
20,300,Free,1,12,1,0,1.7988674640655518,1.543534278869629,-1.0948560237884521,0.6521422863006592,26.0
20,300,Free,1,12,1,1,1.7945311069488525,1.3447345495224,-0.36273252964019775,0.6160093545913696,32.0
20,300,Free,1,12,1,2,2.194581985473633,1.1672391891479492,-0.8197988271713257,0.7208643555641174,36.0
20,300,Free,1,12,1,3,1.7932298183441162,1.2880364656448364,-0.932982325553894,0.6791338324546814,25.0
20,300,Free,1,13,0,0,3.61972975730896,0.9331830739974976,2.1520137786865234,0.611319363117218,34.0
20,300,Free,1,13,0,1,4.0512285232543945,1.001987099647522,2.2995760440826416,0.6361226439476013,25.0
20,300,Free,1,13,0,2,3.6137566566467285,0.9741010665893555,2.1355600357055664,0.602780282497406,29.0
20,300,Free,1,13,0,3,3.6141934394836426,1.1007440090179443,2.3197693824768066,0.5404313802719116,24.0
20,300,Free,1,13,1,0,2.058302402496338,0.5286742448806763,1.4362355470657349,0.5405793190002441,10.0
20,300,Free,1,13,1,1,2.174447536468506,0.536831796169281,1.5175751447677612,0.5502806901931763,16.0
20,300,Free,1,13,1,2,2.2043166160583496,0.427508145570755,1.519917368888855,0.6155181527137756,14.0
20,300,Free,1,13,1,3,2.1594924926757812,0.4712422788143158,1.592570185661316,0.5460813641548157,7.0
20,300,Free,1,14,0,0,4.856734275817871,1.9794925451278687,2.1189169883728027,0.5803768038749695,20.0
20,300,Free,1,14,0,1,4.970536231994629,2.1001930236816406,2.0240321159362793,0.5838479995727539,22.0
20,300,Free,1,14,0,2,4.046027183532715,2.2288146018981934,2.223816394805908,0.44981470704078674,32.0
20,300,Free,1,14,0,3,4.469343185424805,2.036161422729492,1.7320244312286377,0.5734429955482483,21.0
20,300,Free,1,14,1,0,-0.19248437881469727,1.1720787286758423,-1.3406959772109985,0.4948568642139435,14.0
20,300,Free,1,14,1,1,0.1011422872543335,0.9428740739822388,-1.14774751663208,0.5698103904724121,24.0
20,300,Free,1,14,1,2,-0.03319978713989258,1.0140001773834229,-1.2573902606964111,0.546955406665802,13.0
20,300,Free,1,14,1,3,-0.13625431060791016,1.045458436012268,-1.2598001956939697,0.5180007219314575,30.0
20,300,Free,1,15,0,0,0.16026026010513306,0.6898206472396851,-3.0815703868865967,0.8245468139648438,11.0
20,300,Free,1,15,0,1,0.36825597286224365,0.6684264540672302,-2.3663477897644043,0.8035790324211121,17.0
20,300,Free,1,15,0,2,0.1191205382347107,0.5868555307388306,-3.5156569480895996,0.8609884977340698,8.0
20,300,Free,1,15,0,3,-0.06006801128387451,0.6452195644378662,-3.0500340461730957,0.8225070834159851,12.0
20,300,Free,1,15,1,0,0.36202651262283325,0.24835024774074554,-0.9787470102310181,0.8437187671661377,18.0
20,300,Free,1,15,1,1,0.39238953590393066,0.27916887402534485,-1.0815279483795166,0.8407557606697083,14.0
20,300,Free,1,15,1,2,0.2556845545768738,0.2615780830383301,-0.7807835340499878,0.7984831929206848,16.0
20,300,Free,1,15,1,3,0.08024144172668457,0.32467353343963623,-1.1471564769744873,0.7908127903938293,14.0
20,300,Free,1,16,0,0,-0.428364634513855,0.37238889932632446,-1.5951440334320068,0.7580583691596985,10.0
20,300,Free,1,16,0,1,-0.8307321667671204,0.3241291344165802,-1.8770825862884521,0.7634921669960022,0.0
20,300,Free,1,16,0,2,-0.688959002494812,0.3767760396003723,-1.65363609790802,0.719128429889679,5.0
20,300,Free,1,16,0,3,-0.5822317600250244,0.3516356647014618,-1.5413365364074707,0.7317274808883667,13.0
20,300,Free,1,16,1,0,-1.700178623199463,0.16218824684619904,-2.1957924365997314,0.7534390687942505,15.0
20,300,Free,1,16,1,1,-1.65159010887146,0.14259272813796997,-2.0745904445648193,0.7478881478309631,21.0
20,300,Free,1,16,1,2,-1.6830289363861084,0.14491724967956543,-2.1816961765289307,0.7748279571533203,23.0
20,300,Free,1,16,1,3,-1.6808348894119263,0.15054979920387268,-2.3139350414276123,0.8078864216804504,13.0
20,300,Free,1,17,0,0,1.1177902221679688,0.17952649295330048,0.6826245784759521,0.7079408168792725,0.0
20,300,Free,1,17,0,1,1.15616774559021,0.17363491654396057,0.7253496050834656,0.712740421295166,14.0
20,300,Free,1,17,0,2,1.162825107574463,0.1795637309551239,0.7876240015029907,0.6763246059417725,15.0
20,300,Free,1,17,0,3,1.1393401622772217,0.19064787030220032,0.6049500107765198,0.7370511889457703,16.0
20,300,Free,1,17,1,0,-0.0437244176864624,1.1651066541671753,-2.0766992568969727,0.6356856822967529,15.0
20,300,Free,1,17,1,1,0.282055139541626,0.8326953053474426,-1.8869414329528809,0.7225913405418396,18.0
20,300,Free,1,17,1,2,0.06983470916748047,1.0360047817230225,-2.7513933181762695,0.731412410736084,15.0
20,300,Free,1,17,1,3,0.31808435916900635,0.9324383735656738,-2.548337459564209,0.7545478343963623,16.0
20,300,Free,1,18,0,0,1.0592721700668335,2.682347059249878,-1.2340139150619507,0.4609033763408661,12.0
20,300,Free,1,18,0,1,1.547012448310852,2.429246187210083,-1.2554771900177002,0.535671055316925,17.0
20,300,Free,1,18,0,2,1.0097144842147827,2.6710870265960693,-1.4831877946853638,0.4827473759651184,22.0
20,300,Free,1,18,0,3,0.684126615524292,2.5959885120391846,-1.0909593105316162,0.40609830617904663,10.0
20,300,Free,1,18,1,0,0.945274829864502,1.2628971338272095,-0.45782968401908875,0.5262954235076904,28.0
20,300,Free,1,18,1,1,0.6483034491539001,1.274101972579956,-0.4856160581111908,0.4708925783634186,37.0
20,300,Free,1,18,1,2,0.7073157429695129,1.5747952461242676,-0.5168640613555908,0.43736717104911804,32.0
20,300,Free,1,18,1,3,0.9857264757156372,1.5991063117980957,-0.3681221604347229,0.45847252011299133,31.0
20,300,Free,1,19,0,0,5.884248733520508,8.393440246582031,-0.708782434463501,0.4399321675300598,23.0
20,300,Free,1,19,0,1,6.482381820678711,7.166982650756836,-0.868358850479126,0.5063287615776062,29.0
20,300,Free,1,19,0,2,3.8034849166870117,7.042203903198242,-0.14085638523101807,0.3590156137943268,34.0
20,300,Free,1,19,0,3,5.20123291015625,7.8027143478393555,-0.5697851181030273,0.4251607358455658,35.0
20,300,Free,1,19,1,0,9.659049987792969,7.4668755531311035,-0.35856127738952637,0.572942852973938,35.0
20,300,Free,1,19,1,1,6.938770771026611,9.18655014038086,-0.20638298988342285,0.43750202655792236,20.0
20,300,Free,1,19,1,2,8.370745658874512,9.096126556396484,0.5608358383178711,0.4619598686695099,18.0
20,300,Free,1,19,1,3,8.03619384765625,8.552249908447266,-0.4796915054321289,0.49893471598625183,8.0
20,300,Free,1,20,0,0,3.311030387878418,3.872866153717041,-0.12545251846313477,0.4701489508152008,16.0
20,300,Free,1,20,0,1,3.242724895477295,3.970785617828369,-0.16051387786865234,0.4615171551704407,12.0
20,300,Free,1,20,0,2,2.6527583599090576,3.9533183574676514,-0.17849421501159668,0.4173075258731842,21.0
20,300,Free,1,20,0,3,2.4516329765319824,3.84159255027771,-0.42724525928497314,0.4283744692802429,9.0
20,300,Free,1,20,1,0,1.6023926734924316,5.0901689529418945,-2.974234104156494,0.4734378159046173,36.0
20,300,Free,1,20,1,1,1.1889114379882812,5.794661045074463,-3.1116342544555664,0.4259987771511078,35.0
20,300,Free,1,20,1,2,2.9901373386383057,6.990574836730957,-3.0344221591949463,0.46288877725601196,31.0
20,300,Free,1,20,1,3,1.3809013366699219,5.293543338775635,-3.1967687606811523,0.4637393355369568,25.0
20,300,Free,1,21,0,0,0.46212494373321533,0.8939211964607239,-1.2265970706939697,0.6538735628128052,26.0
20,300,Free,1,21,0,1,0.15289413928985596,0.8434103727340698,-1.2906222343444824,0.6312036514282227,25.0
20,300,Free,1,21,0,2,1.0212726593017578,0.8461893200874329,-0.8648306727409363,0.6903006434440613,22.0
20,300,Free,1,21,0,3,0.4810326099395752,1.017533779144287,-1.3247305154800415,0.639593780040741,28.0
20,300,Free,1,21,1,0,3.716449737548828,0.6197158098220825,2.0381908416748047,0.7303208708763123,29.0
20,300,Free,1,21,1,1,3.26900053024292,0.7074294686317444,2.0570178031921387,0.6314343214035034,27.0
20,300,Free,1,21,1,2,3.6735219955444336,0.7161096930503845,1.9472770690917969,0.7067953944206238,27.0
20,300,Free,1,21,1,3,2.978513240814209,0.7619708776473999,1.9906338453292847,0.5645508170127869,43.0
20,300,Free,1,22,0,0,0.03083980083465576,0.5064153671264648,-0.7955952286720276,0.620050847530365,21.0
20,300,Free,1,22,0,1,-0.050605952739715576,0.45367151498794556,-0.802194356918335,0.623590350151062,26.0
20,300,Free,1,22,0,2,0.06752771139144897,0.4396790862083435,-0.7757844924926758,0.6573016047477722,24.0
20,300,Free,1,22,0,3,0.24607670307159424,0.4318124055862427,-0.6960139274597168,0.6857038736343384,34.0
20,300,Free,1,22,1,0,3.0932068824768066,1.6059688329696655,-0.3353402018547058,0.6810082793235779,29.0
20,300,Free,1,22,1,1,2.769551992416382,1.6061311960220337,-0.3813728094100952,0.662368655204773,29.0
20,300,Free,1,22,1,2,2.637209892272949,1.646965503692627,-0.08557960391044617,0.6230989098548889,39.0
20,300,Free,1,22,1,3,2.8790688514709473,1.7992563247680664,0.0004094243049621582,0.6153722405433655,39.0
20,300,Free,1,23,0,0,3.1784818172454834,0.9647926688194275,1.899907112121582,0.5699355602264404,30.0
20,300,Free,1,23,0,1,2.639061212539673,0.8413395881652832,1.8816343545913696,0.4737570285797119,27.0
20,300,Free,1,23,0,2,3.1238057613372803,1.1173948049545288,1.8291022777557373,0.5367540121078491,35.0
20,300,Free,1,23,0,3,3.1010241508483887,1.0992786884307861,2.040138006210327,0.4911135137081146,32.0
20,300,Free,1,23,1,0,2.1201882362365723,1.1550928354263306,0.541178822517395,0.577523946762085,38.0
20,300,Free,1,23,1,1,2.3148772716522217,1.0646350383758545,0.5771529674530029,0.6200932860374451,22.0
20,300,Free,1,23,1,2,1.8283836841583252,1.3298261165618896,0.3805399537086487,0.5212440490722656,21.0
20,300,Free,1,23,1,3,1.9414035081863403,1.290113091468811,0.5109636187553406,0.5257901549339294,32.0
20,300,Free,1,24,0,0,7.536741256713867,14.704553604125977,2.0706591606140137,0.2709920406341553,8.0
20,300,Free,1,24,0,1,6.957164764404297,13.632166862487793,2.3978819847106934,0.2506277859210968,8.0
20,300,Free,1,24,0,2,7.454995155334473,13.140746116638184,2.1744065284729004,0.28665614128112793,8.0
20,300,Free,1,24,0,3,5.857394218444824,12.997657775878906,2.5978922843933105,0.20049642026424408,8.0
20,300,Free,1,24,1,0,4.170969009399414,9.424784660339355,-0.5142295956611633,0.3320485055446625,29.0
20,300,Free,1,24,1,1,3.1101577281951904,8.309900283813477,-0.5344723463058472,0.30487439036369324,18.0
20,300,Free,1,24,1,2,2.754803419113159,8.283843994140625,-0.5664675831794739,0.2861902713775635,21.0
20,300,Free,1,24,1,3,4.859530448913574,9.101405143737793,-0.48461538553237915,0.3699509799480438,18.0
20,300,Free,1,25,0,0,3.3367128372192383,7.056754112243652,0.6679900288581848,0.2744053602218628,22.0
20,300,Free,1,25,0,1,4.068171977996826,7.488734245300293,0.7560517191886902,0.30665352940559387,23.0
20,300,Free,1,25,0,2,3.6948890686035156,7.149936199188232,0.7699655294418335,0.29031902551651,28.0
20,300,Free,1,25,0,3,2.6363768577575684,7.779839992523193,0.6039043664932251,0.2071349322795868,28.0
20,300,Free,1,25,1,0,15.610319137573242,17.27365493774414,2.793787956237793,0.4259372353553772,33.0
20,300,Free,1,25,1,1,12.766303062438965,17.58244514465332,2.793544054031372,0.36191925406455994,29.0
20,300,Free,1,25,1,2,12.769890785217285,16.25438117980957,2.6007370948791504,0.3848521113395691,20.0
20,300,Free,1,25,1,3,13.68411922454834,16.154218673706055,2.5665948390960693,0.407657265663147,38.0
20,300,Free,1,26,0,0,4.9614458084106445,5.081254482269287,2.14304518699646,0.3567751348018646,44.0
20,300,Free,1,26,0,1,4.402622699737549,5.66759729385376,2.140702724456787,0.2852531671524048,22.0
20,300,Free,1,26,0,2,4.670346260070801,5.896852970123291,2.145751953125,0.29978153109550476,25.0
20,300,Free,1,26,0,3,4.915213584899902,4.9379048347473145,2.185056686401367,0.35604262351989746,38.0
20,300,Free,1,26,1,0,3.215507745742798,8.226086616516113,0.3648245334625244,0.2573569118976593,17.0
20,300,Free,1,26,1,1,3.2463724613189697,6.616435527801514,0.07232633233070374,0.3241971433162689,25.0
20,300,Free,1,26,1,2,4.035042762756348,6.833752155303955,0.21644818782806396,0.358474463224411,18.0
20,300,Free,1,26,1,3,4.174732685089111,9.178091049194336,0.2829466462135315,0.2977675795555115,23.0
20,300,Free,1,27,0,0,8.455286026000977,11.207701683044434,0.8228756189346313,0.40511494874954224,34.0
20,300,Free,1,27,0,1,6.1298675537109375,13.828453063964844,0.8121549487113953,0.2777429521083832,36.0
20,300,Free,1,27,0,2,8.379063606262207,12.952614784240723,1.0113379955291748,0.3625788688659668,19.0
20,300,Free,1,27,0,3,6.290949821472168,16.82368278503418,0.9692102670669556,0.24030879139900208,20.0
20,300,Free,1,27,1,0,35.09771728515625,55.90448760986328,4.0916242599487305,0.3567585349082947,17.0
20,300,Free,1,27,1,1,15.824234962463379,56.84152603149414,4.607349395751953,0.1648126244544983,10.0
20,300,Free,1,27,1,2,17.342388153076172,59.06072235107422,4.462413787841797,0.1790360063314438,7.0
20,300,Free,1,27,1,3,31.87176513671875,47.63705062866211,4.710963249206543,0.36312273144721985,7.0
20,300,Free,1,28,0,0,13.597496032714844,15.6506986618042,2.370194911956787,0.41771337389945984,39.0
20,300,Free,1,28,0,1,14.634281158447266,23.79452133178711,3.234342098236084,0.3239128887653351,28.0
20,300,Free,1,28,0,2,8.162862777709961,16.50300407409668,2.2487430572509766,0.2638215124607086,36.0
20,300,Free,1,28,0,3,11.917947769165039,17.526451110839844,2.3347606658935547,0.3534974157810211,35.0
20,300,Free,1,28,1,0,16.721824645996094,38.26494598388672,0.8930132389068604,0.2926180958747864,27.0
20,300,Free,1,28,1,1,12.063434600830078,28.64645767211914,0.946397066116333,0.2795789837837219,29.0
20,300,Free,1,28,1,2,16.14695930480957,28.630977630615234,0.609062910079956,0.3517838418483734,27.0
20,300,Free,1,28,1,3,19.622005462646484,28.10676383972168,0.4994187355041504,0.4048877954483032,24.0
20,300,Free,1,29,0,0,4.0412797927856445,7.7016754150390625,1.7976956367492676,0.22559332847595215,18.0
20,300,Free,1,29,0,1,4.44003963470459,6.0910186767578125,1.7538079023361206,0.3060447871685028,23.0
20,300,Free,1,29,0,2,4.409505844116211,6.3205790519714355,1.764371633529663,0.2950277328491211,21.0
20,300,Free,1,29,0,3,5.632015228271484,7.569104194641113,1.8077479600906372,0.3356572091579437,22.0
20,300,Free,1,29,1,0,24.078847885131836,34.626529693603516,1.6662306785583496,0.3929339647293091,27.0
20,300,Free,1,29,1,1,18.49764060974121,39.91794204711914,2.095958709716797,0.29122498631477356,18.0
20,300,Free,1,29,1,2,13.89561653137207,38.33272171020508,1.730819821357727,0.24089890718460083,26.0
20,300,Free,1,29,1,3,29.32299041748047,39.90948486328125,2.07289719581604,0.40575140714645386,33.0
20,300,Free,1,30,0,0,5.677286624908447,8.866581916809082,0.44855940341949463,0.37095513939857483,17.0
20,300,Free,1,30,0,1,4.888853549957275,9.127816200256348,1.0677920579910278,0.2950882613658905,14.0
20,300,Free,1,30,0,2,3.956131935119629,9.754300117492676,0.317298024892807,0.27169397473335266,10.0
20,300,Free,1,30,0,3,6.030056476593018,8.333584785461426,0.5457233190536499,0.39690011739730835,19.0
20,300,Free,1,30,1,0,5.2399396896362305,5.587198734283447,0.3582969307899475,0.4663020968437195,31.0
20,300,Free,1,30,1,1,3.3414108753204346,7.024877071380615,0.3672069311141968,0.29744774103164673,26.0
20,300,Free,1,30,1,2,6.3470563888549805,6.805996417999268,0.7115428447723389,0.4529605507850647,34.0
20,300,Free,1,30,1,3,4.630431652069092,5.926782608032227,0.378958523273468,0.4177015423774719,29.0
20,300,Free,1,31,0,0,8.91069507598877,13.676833152770996,0.28800445795059204,0.38667598366737366,10.0
20,300,Free,1,31,0,1,6.062234878540039,14.595147132873535,1.6103768348693848,0.23373007774353027,18.0
20,300,Free,1,31,0,2,9.36136245727539,15.292593955993652,0.598261833190918,0.36428382992744446,8.0
20,300,Free,1,31,0,3,4.750014781951904,12.39830207824707,0.10601592063903809,0.27249836921691895,14.0
20,300,Free,1,31,1,0,1.031912088394165,5.694676399230957,-1.9891724586486816,0.34662315249443054,29.0
20,300,Free,1,31,1,1,1.4118194580078125,5.221517562866211,-2.228044271469116,0.41075581312179565,26.0
20,300,Free,1,31,1,2,0.6384313106536865,6.573269844055176,-2.309114694595337,0.3095896542072296,26.0
20,300,Free,1,31,1,3,1.8410489559173584,7.158634662628174,-2.2914857864379883,0.3659970462322235,21.0
20,300,Free,1,32,0,0,3.1538124084472656,2.5002408027648926,1.5907928943634033,0.38467127084732056,33.0
20,300,Free,1,32,0,1,3.2380013465881348,2.2709829807281494,1.6070902347564697,0.41797932982444763,24.0
20,300,Free,1,32,0,2,3.2275748252868652,2.577956438064575,1.524118185043335,0.39787253737449646,22.0
20,300,Free,1,32,0,3,3.0142459869384766,2.5448927879333496,1.6218520402908325,0.353643000125885,25.0
20,300,Free,1,32,1,0,0.42813873291015625,2.9825477600097656,-1.3099714517593384,0.3681923449039459,24.0
20,300,Free,1,32,1,1,0.8264865875244141,2.9103167057037354,-1.3242285251617432,0.4249558448791504,30.0
20,300,Free,1,32,1,2,0.05680835247039795,2.5336246490478516,-1.3283926248550415,0.3534735143184662,20.0
20,300,Free,1,32,1,3,0.44178831577301025,2.8829240798950195,-1.2343087196350098,0.3676440715789795,34.0
20,300,Free,1,33,0,0,14.345513343811035,20.304180145263672,-0.04360988736152649,0.41475218534469604,30.0
20,300,Free,1,33,0,1,12.549213409423828,23.083744049072266,-0.003045499324798584,0.3522353172302246,27.0
20,300,Free,1,33,0,2,13.271303176879883,20.107921600341797,0.13510292768478394,0.3951435685157776,29.0
20,300,Free,1,33,0,3,10.19975471496582,26.193866729736328,-0.1637984663248062,0.2834869921207428,16.0
20,300,Free,1,33,1,0,10.56872844696045,24.240367889404297,-0.4661821722984314,0.31282275915145874,19.0
20,300,Free,1,33,1,1,15.7715425491333,21.415924072265625,-0.5544658899307251,0.4325694739818573,24.0
20,300,Free,1,33,1,2,6.4267730712890625,25.541242599487305,-0.7555050849914551,0.2194836586713791,15.0
20,300,Free,1,33,1,3,7.065814971923828,24.27254295349121,-0.7103840708732605,0.24263662099838257,23.0
20,300,Free,1,34,0,0,10.132965087890625,20.531143188476562,-0.42972826957702637,0.339703768491745,22.0
20,300,Free,1,34,0,1,10.871257781982422,16.715139389038086,0.22265255451202393,0.38915014266967773,31.0
20,300,Free,1,34,0,2,7.772588729858398,20.88313865661621,0.36656033992767334,0.26179730892181396,19.0
20,300,Free,1,34,0,3,7.215791702270508,17.5349178314209,0.2127283215522766,0.28539687395095825,23.0
20,300,Free,1,34,1,0,12.669550895690918,23.47088623046875,-0.7980726361274719,0.3645957112312317,22.0
20,300,Free,1,34,1,1,12.413495063781738,24.515729904174805,-0.8511289954185486,0.3510984480381012,16.0
20,300,Free,1,34,1,2,12.840325355529785,19.179487228393555,-0.6012665033340454,0.41205233335494995,24.0
20,300,Free,1,34,1,3,11.239214897155762,17.14470672607422,-0.1615840196609497,0.399390310049057,35.0
20,300,Free,1,35,0,0,10.644721984863281,24.645944595336914,0.6542560458183289,0.28843826055526733,37.0
20,300,Free,1,35,0,1,11.737405776977539,26.280908584594727,0.4880019724369049,0.29974180459976196,17.0
20,300,Free,1,35,0,2,12.874576568603516,27.900562286376953,0.5797834396362305,0.3058759570121765,22.0
20,300,Free,1,35,0,3,15.302297592163086,28.03215217590332,0.6409515142440796,0.34340935945510864,29.0
20,300,Free,1,35,1,0,8.239784240722656,7.373059272766113,1.5505640506744385,0.47568535804748535,30.0
20,300,Free,1,35,1,1,6.9686994552612305,10.052597999572754,1.6039495468139648,0.34796836972236633,22.0
20,300,Free,1,35,1,2,4.019465446472168,10.155313491821289,1.7620359659194946,0.18186387419700623,26.0
20,300,Free,1,35,1,3,5.452553749084473,8.216976165771484,1.5836796760559082,0.3201160132884979,28.0
20,300,Free,2,0,0,0,9.268180847167969,5.481125354766846,2.1849231719970703,0.5637569427490234,37.0
20,300,Free,2,0,0,1,8.467914581298828,5.880552768707275,2.2594761848449707,0.5135613679885864,22.0
20,300,Free,2,0,0,2,8.411083221435547,6.077256679534912,2.1588125228881836,0.5070973634719849,29.0
20,300,Free,2,0,0,3,6.892848491668701,5.413874626159668,2.4961326122283936,0.44816020131111145,25.0
20,300,Free,2,0,1,0,12.757590293884277,10.935250282287598,0.13708657026290894,0.5357716083526611,33.0
20,300,Free,2,0,1,1,9.30138111114502,12.160130500793457,-0.11083310842514038,0.436309278011322,33.0
20,300,Free,2,0,1,2,9.509711265563965,11.228360176086426,0.18096673488616943,0.4537966549396515,32.0
20,300,Free,2,0,1,3,10.085358619689941,10.330427169799805,-0.08935341238975525,0.4962030351161957,36.0
20,300,Free,2,1,0,0,14.108827590942383,9.228937149047852,3.365034818649292,0.5379230976104736,24.0
20,300,Free,2,1,0,1,12.53827953338623,10.410473823547363,2.825805425643921,0.4826566278934479,6.0
20,300,Free,2,1,0,2,11.353808403015137,11.965408325195312,3.2681119441986084,0.4032543897628784,6.0
20,300,Free,2,1,0,3,10.700164794921875,11.541526794433594,2.7111661434173584,0.40905189514160156,6.0
20,300,Free,2,1,1,0,4.537968635559082,5.252424240112305,-0.18556976318359375,0.47349199652671814,28.0
20,300,Free,2,1,1,1,3.966437578201294,5.225973129272461,-0.2644346356391907,0.4473872482776642,13.0
20,300,Free,2,1,1,2,6.827901840209961,5.7925591468811035,-0.08716437220573425,0.5441666841506958,19.0
20,300,Free,2,1,1,3,5.098812103271484,4.33259391784668,-0.22448796033859253,0.551300585269928,21.0
20,300,Free,2,2,0,0,11.329084396362305,13.884672164916992,0.4768887162208557,0.43870532512664795,17.0
20,300,Free,2,2,0,1,12.832437515258789,14.858135223388672,0.8282616138458252,0.44687798619270325,20.0
20,300,Free,2,2,0,2,11.705644607543945,11.010029792785645,0.9612289667129517,0.49389517307281494,14.0
20,300,Free,2,2,0,3,13.666425704956055,12.845848083496094,0.6319413185119629,0.5036444067955017,21.0
20,300,Free,2,2,1,0,7.616372585296631,10.845829010009766,-1.2055199146270752,0.44854676723480225,18.0
20,300,Free,2,2,1,1,5.684296131134033,12.158034324645996,-0.8220335245132446,0.34859636425971985,32.0
20,300,Free,2,2,1,2,8.090076446533203,10.65009593963623,-0.8007156848907471,0.45498403906822205,27.0
20,300,Free,2,2,1,3,5.809021949768066,12.490532875061035,-1.2226970195770264,0.36018994450569153,36.0
20,300,Free,2,3,0,0,31.34212875366211,44.07912826538086,3.813479423522949,0.38443660736083984,25.0
20,300,Free,2,3,0,1,30.834346771240234,46.98050308227539,5.418907642364502,0.3510616421699524,27.0
20,300,Free,2,3,0,2,34.11967086791992,36.022640228271484,3.66139554977417,0.4581506550312042,22.0
20,300,Free,2,3,0,3,24.64101791381836,46.215965270996094,4.459543228149414,0.30394959449768066,23.0
20,300,Free,2,3,1,0,14.17695140838623,48.86959457397461,0.7208646535873413,0.21589957177639008,8.0
20,300,Free,2,3,1,1,10.868550300598145,33.03639602661133,0.04920029640197754,0.2467031329870224,21.0
20,300,Free,2,3,1,2,13.00742244720459,33.40925216674805,0.5510976314544678,0.27158328890800476,23.0
20,300,Free,2,3,1,3,18.347496032714844,37.233131408691406,0.7250161170959473,0.32125210762023926,18.0
20,300,Free,2,4,0,0,11.664019584655762,24.189205169677734,3.0964694023132324,0.261550635099411,7.0
20,300,Free,2,4,0,1,11.101280212402344,27.398778915405273,2.517247200012207,0.23855924606323242,6.0
20,300,Free,2,4,0,2,17.411903381347656,24.415889739990234,2.7398667335510254,0.37535983324050903,11.0
20,300,Free,2,4,0,3,16.005491256713867,29.201425552368164,2.764427900314331,0.3119765818119049,5.0
20,300,Free,2,4,1,0,4.298184394836426,12.027724266052246,-0.828327476978302,0.2988481819629669,18.0
20,300,Free,2,4,1,1,7.973040580749512,10.430333137512207,-1.316696286201477,0.47108030319213867,23.0
20,300,Free,2,4,1,2,5.459632873535156,10.676063537597656,-1.0366696119308472,0.3782997727394104,29.0
20,300,Free,2,4,1,3,6.959650039672852,14.925182342529297,-0.8683014512062073,0.3440383970737457,11.0
20,300,Free,2,5,0,0,8.26202392578125,8.660765647888184,2.165433406829834,0.41312214732170105,24.0
20,300,Free,2,5,0,1,7.465131759643555,10.321187973022461,2.045604944229126,0.34429991245269775,26.0
20,300,Free,2,5,0,2,9.499939918518066,8.694257736206055,2.14898943901062,0.45813992619514465,33.0
20,300,Free,2,5,0,3,8.96641731262207,11.654586791992188,2.264413833618164,0.3651006817817688,26.0
20,300,Free,2,5,1,0,15.990455627441406,25.43079948425293,-0.15800607204437256,0.3883778154850006,40.0
20,300,Free,2,5,1,1,12.651693344116211,23.713645935058594,-0.034055233001708984,0.3485153913497925,31.0
20,300,Free,2,5,1,2,9.445605278015137,24.11097526550293,-0.11831533908843994,0.2840074300765991,16.0
20,300,Free,2,5,1,3,16.38580894470215,25.87113380432129,0.506118893623352,0.38034436106681824,12.0
20,300,Free,2,6,0,0,26.61004066467285,78.57447052001953,1.809368371963501,0.23990944027900696,22.0
20,300,Free,2,6,0,1,31.679576873779297,86.010498046875,2.2198050022125244,0.2551286220550537,9.0
20,300,Free,2,6,0,2,40.66617202758789,83.86325073242188,2.570685625076294,0.31236371397972107,16.0
20,300,Free,2,6,0,3,32.44700241088867,79.50548553466797,2.3863513469696045,0.2743607759475708,20.0
20,300,Free,2,6,1,0,18.161739349365234,76.01371765136719,2.8331637382507324,0.16781464219093323,8.0
20,300,Free,2,6,1,1,22.529438018798828,77.2954330444336,2.4426445960998535,0.2062675505876541,16.0
20,300,Free,2,6,1,2,26.499223709106445,67.4886474609375,3.5209524631500244,0.2539964020252228,11.0
20,300,Free,2,6,1,3,30.976787567138672,85.85285949707031,2.1509156227111816,0.2513619661331177,13.0
20,300,Free,2,7,0,0,13.433576583862305,40.57564926147461,2.8346123695373535,0.20711371302604675,13.0
20,300,Free,2,7,0,1,17.93805694580078,37.356685638427734,2.03177547454834,0.298636794090271,27.0
20,300,Free,2,7,0,2,14.884125709533691,45.819976806640625,2.183420419692993,0.21702934801578522,16.0
20,300,Free,2,7,0,3,9.677839279174805,42.68763732910156,2.337651491165161,0.14672210812568665,13.0
20,300,Free,2,7,1,0,21.719783782958984,29.645462036132812,1.586267113685608,0.404458224773407,25.0
20,300,Free,2,7,1,1,12.011616706848145,33.96794509887695,1.1521650552749634,0.24225032329559326,27.0
20,300,Free,2,7,1,2,13.937983512878418,38.585323333740234,0.9888699650764465,0.2512710988521576,18.0
20,300,Free,2,7,1,3,14.306577682495117,32.19038391113281,1.0816538333892822,0.2911997139453888,23.0
20,300,Free,2,8,0,0,4.504683017730713,35.64112854003906,1.0562407970428467,0.08821898698806763,15.0
20,300,Free,2,8,0,1,10.148760795593262,38.15391540527344,1.208878755569458,0.1898314207792282,15.0
20,300,Free,2,8,0,2,6.569416522979736,30.955581665039062,1.289198875427246,0.1457182615995407,1.0
20,300,Free,2,8,0,3,12.305617332458496,31.909114837646484,1.064190149307251,0.260516494512558,7.0
20,300,Free,2,8,1,0,14.925996780395508,33.36620330810547,2.199836254119873,0.2761012613773346,15.0
20,300,Free,2,8,1,1,9.749479293823242,28.30829620361328,2.4102797508239746,0.20588260889053345,18.0
20,300,Free,2,8,1,2,8.042329788208008,36.20918655395508,3.284548282623291,0.11613701283931732,14.0
20,300,Free,2,8,1,3,11.234466552734375,28.84520721435547,2.5801236629486084,0.23078523576259613,21.0
20,300,Free,2,9,0,0,9.22131061553955,19.547109603881836,2.5842933654785156,0.2534748613834381,14.0
20,300,Free,2,9,0,1,12.14574146270752,25.88506507873535,2.5377025604248047,0.2707015872001648,22.0
20,300,Free,2,9,0,2,13.052593231201172,27.296733856201172,2.949129343032837,0.27014464139938354,8.0
20,300,Free,2,9,0,3,9.039137840270996,25.753398895263672,2.5554192066192627,0.2011258900165558,14.0
20,300,Free,2,9,1,0,15.779260635375977,36.13622283935547,3.705705165863037,0.2504378855228424,21.0
20,300,Free,2,9,1,1,10.593145370483398,36.08182144165039,3.641587972640991,0.1615387201309204,23.0
20,300,Free,2,9,1,2,19.884187698364258,35.738380432128906,2.8233747482299805,0.3231264054775238,26.0
20,300,Free,2,9,1,3,11.103632926940918,33.272552490234375,2.60733962059021,0.20341220498085022,19.0
20,300,Free,2,10,0,0,19.882137298583984,35.29947280883789,1.1470341682434082,0.34672436118125916,27.0
20,300,Free,2,10,0,1,15.620132446289062,37.695438385009766,1.3251817226409912,0.2749537229537964,11.0
20,300,Free,2,10,0,2,14.99620246887207,33.485748291015625,1.3028724193572998,0.2902415692806244,22.0
20,300,Free,2,10,0,3,23.970731735229492,33.82577896118164,1.0536727905273438,0.40387579798698425,33.0
20,300,Free,2,10,1,0,9.671875953674316,23.388748168945312,0.07626163959503174,0.29091405868530273,22.0
20,300,Free,2,10,1,1,5.6640119552612305,25.8992862701416,0.24791336059570312,0.1729532778263092,15.0
20,300,Free,2,10,1,2,8.702988624572754,21.073396682739258,-0.11538851261138916,0.29501017928123474,12.0
20,300,Free,2,10,1,3,8.646261215209961,20.809974670410156,0.1506190299987793,0.2898980677127838,23.0
20,300,Free,2,11,0,0,1.8871660232543945,6.555380821228027,-1.0819618701934814,0.3117355406284332,21.0
20,300,Free,2,11,0,1,2.0852367877960205,6.481326103210449,-1.0877230167388916,0.3286581337451935,32.0
20,300,Free,2,11,0,2,0.5133988857269287,6.389416217803955,-1.057964563369751,0.19738812744617462,26.0
20,300,Free,2,11,0,3,1.0959296226501465,6.002891540527344,-1.0915567874908447,0.26708003878593445,14.0
20,300,Free,2,11,1,0,3.719280242919922,14.633546829223633,0.00975954532623291,0.20223011076450348,18.0
20,300,Free,2,11,1,1,6.505157470703125,13.298934936523438,0.3068286180496216,0.3179076313972473,7.0
20,300,Free,2,11,1,2,5.182920932769775,13.035709381103516,-0.16107511520385742,0.2907552719116211,21.0
20,300,Free,2,11,1,3,9.371870994567871,12.313817977905273,0.800896167755127,0.410393089056015,19.0
20,300,Free,2,12,0,0,-0.6429194808006287,0.3006766438484192,-1.3792235851287842,0.7100460529327393,11.0
20,300,Free,2,12,0,1,-0.7491077184677124,0.30553311109542847,-1.4271799325942993,0.6893742680549622,19.0
20,300,Free,2,12,0,2,-0.8350474238395691,0.3059423565864563,-1.4032217264175415,0.6499982476234436,19.0
20,300,Free,2,12,0,3,-0.6939939260482788,0.312585711479187,-1.3634750843048096,0.6817063093185425,17.0
20,300,Free,2,12,1,0,1.7988674640655518,1.543534278869629,-0.766062319278717,0.6243038177490234,25.0
20,300,Free,2,12,1,1,1.7945311069488525,1.3447345495224,-0.7508151531219482,0.6543170809745789,17.0
20,300,Free,2,12,1,2,2.194581985473633,1.1672391891479492,-0.7195580005645752,0.714008629322052,17.0
20,300,Free,2,12,1,3,1.7932298183441162,1.2880364656448364,-0.6907863020896912,0.6585317254066467,23.0
20,300,Free,2,13,0,0,3.61972975730896,0.9331830739974976,2.184086799621582,0.6060567498207092,10.0
20,300,Free,2,13,0,1,4.0512285232543945,1.001987099647522,2.496990442276001,0.6080207824707031,16.0
20,300,Free,2,13,0,2,3.6137566566467285,0.9741010665893555,2.236374616622925,0.5857503414154053,9.0
20,300,Free,2,13,0,3,3.6141934394836426,1.1007440090179443,2.3053808212280273,0.5431756973266602,16.0
20,300,Free,2,13,1,0,2.058302402496338,0.5286742448806763,1.517735481262207,0.5055612921714783,18.0
20,300,Free,2,13,1,1,2.174447536468506,0.536831796169281,1.4273474216461182,0.581884503364563,10.0
20,300,Free,2,13,1,2,2.2043166160583496,0.427508145570755,1.5631089210510254,0.5999795794487,4.0
20,300,Free,2,13,1,3,2.1594924926757812,0.4712422788143158,1.547081470489502,0.5651355385780334,16.0
20,300,Free,2,14,0,0,4.856734275817871,1.9794925451278687,2.1108202934265137,0.581095814704895,18.0
20,300,Free,2,14,0,1,4.970536231994629,2.1001930236816406,2.6494250297546387,0.5249834060668945,26.0
20,300,Free,2,14,0,2,4.046027183532715,2.2288146018981934,2.1021907329559326,0.46585166454315186,25.0
20,300,Free,2,14,0,3,4.469343185424805,2.036161422729492,2.2458434104919434,0.5219897627830505,13.0
20,300,Free,2,14,1,0,-0.19248437881469727,1.1720787286758423,-1.2123165130615234,0.4652708172798157,16.0
20,300,Free,2,14,1,1,0.1011422872543335,0.9428740739822388,-1.2561007738113403,0.5900756120681763,5.0
20,300,Free,2,14,1,2,-0.03319978713989258,1.0140001773834229,-1.390139102935791,0.572321355342865,17.0
20,300,Free,2,14,1,3,-0.13625431060791016,1.045458436012268,-1.0548052787780762,0.4676917493343353,7.0
20,300,Free,2,15,0,0,0.16026026010513306,0.6898206472396851,-3.22745680809021,0.8308241963386536,4.0
20,300,Free,2,15,0,1,0.36825597286224365,0.6684264540672302,-2.551298141479492,0.8137040138244629,9.0
20,300,Free,2,15,0,2,0.1191205382347107,0.5868555307388306,-3.318523645401001,0.8541792631149292,7.0
20,300,Free,2,15,0,3,-0.06006801128387451,0.6452195644378662,-2.8921005725860596,0.8144455552101135,1.0
20,300,Free,2,15,1,0,0.36202651262283325,0.24835024774074554,-0.9704992771148682,0.8429033756256104,7.0
20,300,Free,2,15,1,1,0.39238953590393066,0.27916887402534485,-0.8828138709068298,0.820397675037384,14.0
20,300,Free,2,15,1,2,0.2556845545768738,0.2615780830383301,-0.7843149900436401,0.7990299463272095,18.0
20,300,Free,2,15,1,3,0.08024144172668457,0.32467353343963623,-1.2880229949951172,0.8082188963890076,6.0
20,300,Free,2,16,0,0,-0.428364634513855,0.37238889932632446,-1.7294853925704956,0.7774803042411804,12.0
20,300,Free,2,16,0,1,-0.8307321667671204,0.3241291344165802,-2.0033304691314697,0.783441424369812,5.0
20,300,Free,2,16,0,2,-0.688959002494812,0.3767760396003723,-1.5262218713760376,0.6896507740020752,21.0
20,300,Free,2,16,0,3,-0.5822317600250244,0.3516356647014618,-1.4740803241729736,0.7172174453735352,10.0
20,300,Free,2,16,1,0,-1.700178623199463,0.16218824684619904,-2.315063714981079,0.7912831902503967,9.0
20,300,Free,2,16,1,1,-1.65159010887146,0.14259272813796997,-2.1344306468963623,0.7720096707344055,4.0
20,300,Free,2,16,1,2,-1.6830289363861084,0.14491724967956543,-2.049516201019287,0.716628909111023,14.0
20,300,Free,2,16,1,3,-1.6808348894119263,0.15054979920387268,-2.0224225521087646,0.694089949131012,15.0
20,300,Free,2,17,0,0,1.1177902221679688,0.17952649295330048,0.7066069841384888,0.6960834264755249,16.0
20,300,Free,2,17,0,1,1.15616774559021,0.17363491654396057,0.6814544796943665,0.7321887612342834,13.0
20,300,Free,2,17,0,2,1.162825107574463,0.1795637309551239,0.7101523876190186,0.715986430644989,17.0
20,300,Free,2,17,0,3,1.1393401622772217,0.19064787030220032,0.7048161029815674,0.6950473189353943,13.0
20,300,Free,2,17,1,0,-0.0437244176864624,1.1651066541671753,-1.8639215230941772,0.6097192764282227,6.0
20,300,Free,2,17,1,1,0.282055139541626,0.8326953053474426,-2.7914321422576904,0.7868263721466064,15.0
20,300,Free,2,17,1,2,0.06983470916748047,1.0360047817230225,-2.2407243251800537,0.690427303314209,4.0
20,300,Free,2,17,1,3,0.31808435916900635,0.9324383735656738,-2.5509936809539795,0.7547194361686707,3.0
20,300,Free,2,18,0,0,1.0592721700668335,2.682347059249878,-1.3117754459381104,0.46919897198677063,23.0
20,300,Free,2,18,0,1,1.547012448310852,2.429246187210083,-1.4109543561935425,0.5490717887878418,28.0
20,300,Free,2,18,0,2,1.0097144842147827,2.6710870265960693,-1.2696893215179443,0.4604399502277374,23.0
20,300,Free,2,18,0,3,0.684126615524292,2.5959885120391846,-1.3588342666625977,0.44039300084114075,25.0
20,300,Free,2,18,1,0,0.945274829864502,1.2628971338272095,-0.46790218353271484,0.5280784368515015,10.0
20,300,Free,2,18,1,1,0.6483034491539001,1.274101972579956,-0.47283947467803955,0.46807026863098145,16.0
20,300,Free,2,18,1,2,0.7073157429695129,1.5747952461242676,-0.42340287566185,0.4179311692714691,18.0
20,300,Free,2,18,1,3,0.9857264757156372,1.5991063117980957,-0.2835750877857208,0.44251084327697754,25.0
20,300,Free,2,19,0,0,5.884248733520508,8.393440246582031,0.17974746227264404,0.40463364124298096,14.0
20,300,Free,2,19,0,1,6.482381820678711,7.166982650756836,0.014720916748046875,0.47435495257377625,22.0
20,300,Free,2,19,0,2,3.8034849166870117,7.042203903198242,0.33856213092803955,0.3297688364982605,21.0
20,300,Free,2,19,0,3,5.20123291015625,7.8027143478393555,0.3842431306838989,0.38170385360717773,21.0
20,300,Free,2,19,1,0,9.659049987792969,7.4668755531311035,0.27022218704223633,0.5570119619369507,20.0
20,300,Free,2,19,1,1,6.938770771026611,9.18655014038086,-0.12621617317199707,0.434727281332016,11.0
20,300,Free,2,19,1,2,8.370745658874512,9.096126556396484,0.6810263395309448,0.4581073522567749,22.0
20,300,Free,2,19,1,3,8.03619384765625,8.552249908447266,0.07150542736053467,0.4822133481502533,13.0
20,300,Free,2,20,0,0,3.311030387878418,3.872866153717041,-0.036038756370544434,0.4635871648788452,23.0
20,300,Free,2,20,0,1,3.242724895477295,3.970785617828369,-0.17351043224334717,0.4624645411968231,23.0
20,300,Free,2,20,0,2,2.6527583599090576,3.9533183574676514,-0.20505249500274658,0.4195796251296997,25.0
20,300,Free,2,20,0,3,2.4516329765319824,3.84159255027771,-0.16585814952850342,0.4052419066429138,25.0
20,300,Free,2,20,1,0,1.6023926734924316,5.0901689529418945,-2.712437152862549,0.4587804675102234,18.0
20,300,Free,2,20,1,1,1.1889114379882812,5.794661045074463,-3.0471463203430176,0.4223085045814514,31.0
20,300,Free,2,20,1,2,2.9901373386383057,6.990574836730957,-2.927027702331543,0.45841991901397705,24.0
20,300,Free,2,20,1,3,1.3809013366699219,5.293543338775635,-2.862602472305298,0.4449494183063507,22.0
20,300,Free,2,21,0,0,0.46212494373321533,0.8939211964607239,-1.1549451351165771,0.6439966559410095,17.0
20,300,Free,2,21,0,1,0.15289413928985596,0.8434103727340698,-1.298099160194397,0.6324054002761841,19.0
20,300,Free,2,21,0,2,1.0212726593017578,0.8461893200874329,-0.9963704347610474,0.7045255303382874,24.0
20,300,Free,2,21,0,3,0.4810326099395752,1.017533779144287,-1.3340247869491577,0.6407762765884399,17.0
20,300,Free,2,21,1,0,3.716449737548828,0.6197158098220825,2.0859646797180176,0.724595308303833,23.0
20,300,Free,2,21,1,1,3.26900053024292,0.7074294686317444,2.0804896354675293,0.6268714666366577,20.0
20,300,Free,2,21,1,2,3.6735219955444336,0.7161096930503845,1.9626246690750122,0.7049412131309509,31.0
20,300,Free,2,21,1,3,2.978513240814209,0.7619708776473999,2.1348557472229004,0.525437593460083,13.0
20,300,Free,2,22,0,0,0.03083980083465576,0.5064153671264648,-0.8327576518058777,0.6303572058677673,7.0
20,300,Free,2,22,0,1,-0.050605952739715576,0.45367151498794556,-0.7401112914085388,0.6031484007835388,23.0
20,300,Free,2,22,0,2,0.06752771139144897,0.4396790862083435,-0.7369512319564819,0.6466051340103149,10.0
20,300,Free,2,22,0,3,0.24607670307159424,0.4318124055862427,-0.8012294173240662,0.7080609798431396,21.0
20,300,Free,2,22,1,0,3.0932068824768066,1.6059688329696655,-0.3064979314804077,0.6791703104972839,22.0
20,300,Free,2,22,1,1,2.769551992416382,1.6061311960220337,-0.6044672727584839,0.6774934530258179,21.0
20,300,Free,2,22,1,2,2.637209892272949,1.646965503692627,-0.034191131591796875,0.6186137199401855,28.0
20,300,Free,2,22,1,3,2.8790688514709473,1.7992563247680664,-0.0309295654296875,0.6179318428039551,9.0
20,300,Free,2,23,0,0,3.1784818172454834,0.9647926688194275,2.02942156791687,0.5435857176780701,20.0
20,300,Free,2,23,0,1,2.639061212539673,0.8413395881652832,1.892356276512146,0.47020402550697327,27.0
20,300,Free,2,23,0,2,3.1238057613372803,1.1173948049545288,1.9229904413223267,0.5179924368858337,21.0
20,300,Free,2,23,0,3,3.1010241508483887,1.0992786884307861,2.002105474472046,0.499918133020401,14.0
20,300,Free,2,23,1,0,2.1201882362365723,1.1550928354263306,0.6766203045845032,0.555504560470581,30.0
20,300,Free,2,23,1,1,2.3148772716522217,1.0646350383758545,0.6443678736686707,0.6107572913169861,23.0
20,300,Free,2,23,1,2,1.8283836841583252,1.3298261165618896,0.6106045842170715,0.4780093729496002,4.0
20,300,Free,2,23,1,3,1.9414035081863403,1.290113091468811,0.48252105712890625,0.5306965708732605,13.0
20,300,Free,2,24,0,0,7.536741256713867,14.704553604125977,2.2130911350250244,0.2658076584339142,8.0
20,300,Free,2,24,0,1,6.957164764404297,13.632166862487793,2.1136929988861084,0.2621544897556305,18.0
20,300,Free,2,24,0,2,7.454995155334473,13.140746116638184,2.0823779106140137,0.29020214080810547,24.0
20,300,Free,2,24,0,3,5.857394218444824,12.997657775878906,2.3212032318115234,0.21387584507465363,11.0
20,300,Free,2,24,1,0,4.170969009399414,9.424784660339355,-0.4916613698005676,0.3309784233570099,28.0
20,300,Free,2,24,1,1,3.1101577281951904,8.309900283813477,-0.6554011702537537,0.3118356764316559,19.0
20,300,Free,2,24,1,2,2.754803419113159,8.283843994140625,-0.3862990736961365,0.27493366599082947,10.0
20,300,Free,2,24,1,3,4.859530448913574,9.101405143737793,-0.4632231593132019,0.3690165579319,21.0
20,300,Free,2,25,0,0,3.3367128372192383,7.056754112243652,0.6102738976478577,0.2786860167980194,12.0
20,300,Free,2,25,0,1,4.068171977996826,7.488734245300293,0.7467182874679565,0.3072521388530731,21.0
20,300,Free,2,25,0,2,3.6948890686035156,7.149936199188232,0.7043871879577637,0.2949085235595703,21.0
20,300,Free,2,25,0,3,2.6363768577575684,7.779839992523193,0.7230736613273621,0.19738727807998657,19.0
20,300,Free,2,25,1,0,15.610319137573242,17.27365493774414,3.049456834793091,0.4210177958011627,28.0
20,300,Free,2,25,1,1,12.766303062438965,17.58244514465332,2.6489064693450928,0.3652510643005371,29.0
20,300,Free,2,25,1,2,12.769890785217285,16.25438117980957,2.7888383865356445,0.38044169545173645,23.0
20,300,Free,2,25,1,3,13.68411922454834,16.154218673706055,2.5180089473724365,0.40871068835258484,19.0
20,300,Free,2,26,0,0,4.9614458084106445,5.081254482269287,2.215972423553467,0.35078176856040955,23.0
20,300,Free,2,26,0,1,4.402622699737549,5.66759729385376,2.1865904331207275,0.28109291195869446,28.0
20,300,Free,2,26,0,2,4.670346260070801,5.896852970123291,2.2280476093292236,0.2928713858127594,22.0
20,300,Free,2,26,0,3,4.915213584899902,4.9379048347473145,2.3072311878204346,0.3456164002418518,15.0
20,300,Free,2,26,1,0,3.215507745742798,8.226086616516113,0.48860883712768555,0.24896398186683655,14.0
20,300,Free,2,26,1,1,3.2463724613189697,6.616435527801514,0.3925185799598694,0.30134811997413635,20.0
20,300,Free,2,26,1,2,4.035042762756348,6.833752155303955,0.31518465280532837,0.35247260332107544,14.0
20,300,Free,2,26,1,3,4.174732685089111,9.178091049194336,0.2155386209487915,0.3013707995414734,24.0
20,300,Free,2,27,0,0,8.455286026000977,11.207701683044434,1.0914862155914307,0.3965107500553131,27.0
20,300,Free,2,27,0,1,6.1298675537109375,13.828453063964844,0.7124972343444824,0.28148290514945984,15.0
20,300,Free,2,27,0,2,8.379063606262207,12.952614784240723,0.9566340446472168,0.3642902374267578,31.0
20,300,Free,2,27,0,3,6.290949821472168,16.82368278503418,0.7265351414680481,0.24854342639446259,7.0
20,300,Free,2,27,1,0,35.09771728515625,55.90448760986328,4.250720024108887,0.3555788993835449,8.0
20,300,Free,2,27,1,1,15.824234962463379,56.84152603149414,4.533538818359375,0.16571742296218872,12.0
20,300,Free,2,27,1,2,17.342388153076172,59.06072235107422,4.028519630432129,0.1839577704668045,10.0
20,300,Free,2,27,1,3,31.87176513671875,47.63705062866211,4.373320579528809,0.365984708070755,8.0
20,300,Free,2,28,0,0,13.597496032714844,15.6506986618042,2.7261698246002197,0.409898042678833,28.0
20,300,Free,2,28,0,1,14.634281158447266,23.79452133178711,2.739254951477051,0.33329159021377563,13.0
20,300,Free,2,28,0,2,8.162862777709961,16.50300407409668,2.766613006591797,0.2464125007390976,20.0
20,300,Free,2,28,0,3,11.917947769165039,17.526451110839844,2.344759464263916,0.35325887799263,34.0
20,300,Free,2,28,1,0,16.721824645996094,38.26494598388672,0.38972902297973633,0.2991388440132141,14.0
20,300,Free,2,28,1,1,12.063434600830078,28.64645767211914,1.0870394706726074,0.2770217955112457,23.0
20,300,Free,2,28,1,2,16.14695930480957,28.630977630615234,0.4374270439147949,0.35429298877716064,20.0
20,300,Free,2,28,1,3,19.622005462646484,28.10676383972168,0.44633805751800537,0.4055558443069458,26.0
20,300,Free,2,29,0,0,4.0412797927856445,7.7016754150390625,1.8222384452819824,0.22367751598358154,26.0
20,300,Free,2,29,0,1,4.44003963470459,6.0910186767578125,1.7536510229110718,0.3060571849346161,27.0
20,300,Free,2,29,0,2,4.409505844116211,6.3205790519714355,1.7991660833358765,0.29228121042251587,13.0
20,300,Free,2,29,0,3,5.632015228271484,7.569104194641113,1.851894497871399,0.33307304978370667,10.0
20,300,Free,2,29,1,0,24.078847885131836,34.626529693603516,1.9486340284347534,0.3899133801460266,20.0
20,300,Free,2,29,1,1,18.49764060974121,39.91794204711914,2.110161781311035,0.2910462021827698,23.0
20,300,Free,2,29,1,2,13.89561653137207,38.33272171020508,2.2641305923461914,0.23279637098312378,17.0
20,300,Free,2,29,1,3,29.32299041748047,39.90948486328125,1.7514830827713013,0.40858182311058044,30.0
20,300,Free,2,30,0,0,5.677286624908447,8.866581916809082,0.35246482491493225,0.3752146065235138,6.0
20,300,Free,2,30,0,1,4.888853549957275,9.127816200256348,0.552198052406311,0.32208138704299927,12.0
20,300,Free,2,30,0,2,3.956131935119629,9.754300117492676,0.3502076268196106,0.26989999413490295,11.0
20,300,Free,2,30,0,3,6.030056476593018,8.333584785461426,0.5999331474304199,0.3945247232913971,17.0
20,300,Free,2,30,1,0,5.2399396896362305,5.587198734283447,0.4405049681663513,0.4620780050754547,13.0
20,300,Free,2,30,1,1,3.3414108753204346,7.024877071380615,0.44557639956474304,0.29189786314964294,17.0
20,300,Free,2,30,1,2,6.3470563888549805,6.805996417999268,0.3457942008972168,0.4685828685760498,16.0
20,300,Free,2,30,1,3,4.630431652069092,5.926782608032227,0.5304862260818481,0.4089016318321228,28.0
20,300,Free,2,31,0,0,8.91069507598877,13.676833152770996,-0.02224498987197876,0.3950920104980469,17.0
20,300,Free,2,31,0,1,6.062234878540039,14.595147132873535,0.9460805058479309,0.25955435633659363,19.0
20,300,Free,2,31,0,2,9.36136245727539,15.292593955993652,0.2981531023979187,0.3721170425415039,16.0
20,300,Free,2,31,0,3,4.750014781951904,12.39830207824707,0.9213664531707764,0.23594379425048828,8.0
20,300,Free,2,31,1,0,1.031912088394165,5.694676399230957,-2.119767904281616,0.3562687039375305,12.0
20,300,Free,2,31,1,1,1.4118194580078125,5.221517562866211,-2.3752591609954834,0.4203850030899048,22.0
20,300,Free,2,31,1,2,0.6384313106536865,6.573269844055176,-2.2162342071533203,0.30278798937797546,17.0
20,300,Free,2,31,1,3,1.8410489559173584,7.158634662628174,-2.0802524089813232,0.3539101183414459,9.0
20,300,Free,2,32,0,0,3.1538124084472656,2.5002408027648926,1.784945011138916,0.35379403829574585,30.0
20,300,Free,2,32,0,1,3.2380013465881348,2.2709829807281494,1.6339735984802246,0.41394150257110596,21.0
20,300,Free,2,32,0,2,3.2275748252868652,2.577956438064575,1.645639419555664,0.38028278946876526,10.0
20,300,Free,2,32,0,3,3.0142459869384766,2.5448927879333496,1.5914875268936157,0.35858961939811707,32.0
20,300,Free,2,32,1,0,0.42813873291015625,2.9825477600097656,-1.2746161222457886,0.36342474818229675,15.0
20,300,Free,2,32,1,1,0.8264865875244141,2.9103167057037354,-1.2067036628723145,0.4112849831581116,17.0
20,300,Free,2,32,1,2,0.05680835247039795,2.5336246490478516,-1.237600326538086,0.3381393253803253,21.0
20,300,Free,2,32,1,3,0.44178831577301025,2.8829240798950195,-1.239093542098999,0.3683070242404938,15.0
20,300,Free,2,33,0,0,14.345513343811035,20.304180145263672,0.9771896600723267,0.39701008796691895,29.0
20,300,Free,2,33,0,1,12.549213409423828,23.083744049072266,0.3217155337333679,0.34627777338027954,18.0
20,300,Free,2,33,0,2,13.271303176879883,20.107921600341797,0.1318427324295044,0.3952028751373291,10.0
20,300,Free,2,33,0,3,10.19975471496582,26.193866729736328,0.7170145511627197,0.26579713821411133,11.0
20,300,Free,2,33,1,0,10.56872844696045,24.240367889404297,-0.7645780444145203,0.31858688592910767,19.0
20,300,Free,2,33,1,1,15.7715425491333,21.415924072265625,-0.516476571559906,0.43199777603149414,8.0
20,300,Free,2,33,1,2,6.4267730712890625,25.541242599487305,-0.5407789945602417,0.21432821452617645,16.0
20,300,Free,2,33,1,3,7.065814971923828,24.27254295349121,0.09929358959197998,0.2230067253112793,14.0
20,300,Free,2,34,0,0,10.132965087890625,20.531143188476562,-0.05198776721954346,0.33158355951309204,15.0
20,300,Free,2,34,0,1,10.871257781982422,16.715139389038086,0.2708011269569397,0.3880734145641327,19.0
20,300,Free,2,34,0,2,7.772588729858398,20.88313865661621,0.21168792247772217,0.26581671833992004,18.0
20,300,Free,2,34,0,3,7.215791702270508,17.5349178314209,0.2814241647720337,0.28339070081710815,15.0
20,300,Free,2,34,1,0,12.669550895690918,23.47088623046875,-0.8390964269638062,0.36530062556266785,26.0
20,300,Free,2,34,1,1,12.413495063781738,24.515729904174805,-0.5850598216056824,0.3464961647987366,12.0
20,300,Free,2,34,1,2,12.840325355529785,19.179487228393555,-0.7522922158241272,0.41476181149482727,27.0
20,300,Free,2,34,1,3,11.239214897155762,17.14470672607422,-0.5317405462265015,0.40707889199256897,24.0
20,300,Free,2,35,0,0,10.644721984863281,24.645944595336914,0.979259729385376,0.28169822692871094,19.0
20,300,Free,2,35,0,1,11.737405776977539,26.280908584594727,0.5576817989349365,0.29843926429748535,27.0
20,300,Free,2,35,0,2,12.874576568603516,27.900562286376953,0.7263614535331726,0.3033354878425598,10.0
20,300,Free,2,35,0,3,15.302297592163086,28.03215217590332,0.8746743202209473,0.3397950828075409,10.0
20,300,Free,2,35,1,0,8.239784240722656,7.373059272766113,1.6414765119552612,0.472273588180542,29.0
20,300,Free,2,35,1,1,6.9686994552612305,10.052597999572754,1.6114193201065063,0.3476523458957672,19.0
20,300,Free,2,35,1,2,4.019465446472168,10.155313491821289,1.7486454248428345,0.18274550139904022,16.0
20,300,Free,2,35,1,3,5.452553749084473,8.216976165771484,1.8233534097671509,0.30636048316955566,35.0
20,600,A,0,0,0,0,9.268180847167969,5.481125354766846,2.480008363723755,0.5532649159431458,
20,600,A,0,0,0,1,8.467914581298828,5.880552768707275,2.376415967941284,0.5088099241256714,
20,600,A,0,0,0,2,8.411083221435547,6.077256679534912,2.2943997383117676,0.5016166567802429,
20,600,A,0,0,0,3,6.892848491668701,5.413874626159668,2.4256718158721924,0.45209527015686035,
20,600,A,0,0,1,0,12.757590293884277,10.935250282287598,0.11497807502746582,0.5362069010734558,
20,600,A,0,0,1,1,9.30138111114502,12.160130500793457,0.14094197750091553,0.4296526312828064,
20,600,A,0,0,1,2,9.509711265563965,11.228360176086426,0.014536798000335693,0.4581831693649292,
20,600,A,0,0,1,3,10.085358619689941,10.330427169799805,0.6443278789520264,0.4775080680847168,
20,600,A,0,1,0,0,14.108827590942383,9.228937149047852,3.5114450454711914,0.5345107913017273,
20,600,A,0,1,0,1,12.53827953338623,10.410473823547363,2.8761441707611084,0.48135918378829956,
20,600,A,0,1,0,2,11.353808403015137,11.965408325195312,2.587416172027588,0.4228476285934448,
20,600,A,0,1,0,3,10.700164794921875,11.541526794433594,2.6467697620391846,0.4109939634799957,
20,600,A,0,1,1,0,4.537968635559082,5.252424240112305,0.06635415554046631,0.45985159277915955,
20,600,A,0,1,1,1,3.966437578201294,5.225973129272461,-0.06984612345695496,0.43577757477760315,
20,600,A,0,1,1,2,6.827901840209961,5.7925591468811035,0.05772465467453003,0.5389094948768616,
20,600,A,0,1,1,3,5.098812103271484,4.33259391784668,-0.07176482677459717,0.544089674949646,
20,600,A,0,2,0,0,11.329084396362305,13.884672164916992,0.7352131605148315,0.4327819347381592,
20,600,A,0,2,0,1,12.832437515258789,14.858135223388672,0.6053216457366943,0.4514307677745819,
20,600,A,0,2,0,2,11.705644607543945,11.010029792785645,0.7501925826072693,0.49875766038894653,
20,600,A,0,2,0,3,13.666425704956055,12.845848083496094,0.5327613353729248,0.5055392980575562,
20,600,A,0,2,1,0,7.616372585296631,10.845829010009766,-0.781682014465332,0.43640121817588806,
20,600,A,0,2,1,1,5.684296131134033,12.158034324645996,-0.6575008630752563,0.3428029716014862,
20,600,A,0,2,1,2,8.090076446533203,10.65009593963623,-0.9167314767837524,0.45820075273513794,
20,600,A,0,2,1,3,5.809021949768066,12.490532875061035,-1.1449315547943115,0.3576311469078064,
20,600,A,0,3,0,0,31.34212875366211,44.07912826538086,5.771681785583496,0.36712998151779175,
20,600,A,0,3,0,1,30.834346771240234,46.98050308227539,4.711703300476074,0.3573395311832428,
20,600,A,0,3,0,2,34.11967086791992,36.022640228271484,4.934000015258789,0.4475759267807007,
20,600,A,0,3,0,3,24.64101791381836,46.215965270996094,3.579712390899658,0.31305232644081116,
20,600,A,0,3,1,0,14.17695140838623,48.86959457397461,-0.16446936130523682,0.22688168287277222,
20,600,A,0,3,1,1,10.868550300598145,33.03639602661133,0.48910462856292725,0.23907047510147095,
20,600,A,0,3,1,2,13.00742244720459,33.40925216674805,0.4647512435913086,0.27295202016830444,
20,600,A,0,3,1,3,18.347496032714844,37.233131408691406,0.07545608282089233,0.3291952908039093,
20,600,A,0,4,0,0,11.664019584655762,24.189205169677734,2.540127992630005,0.27388301491737366,
20,600,A,0,4,0,1,11.101280212402344,27.398778915405273,2.583719253540039,0.23715002834796906,
20,600,A,0,4,0,2,17.411903381347656,24.415889739990234,3.0550451278686523,0.37028220295906067,
20,600,A,0,4,0,3,16.005491256713867,29.201425552368164,3.1645736694335938,0.3054282069206238,
20,600,A,0,4,1,0,4.298184394836426,12.027724266052246,-1.2482763528823853,0.31560271978378296,
20,600,A,0,4,1,1,7.973040580749512,10.430333137512207,-1.3987598419189453,0.47327226400375366,
20,600,A,0,4,1,2,5.459632873535156,10.676063537597656,-1.3079524040222168,0.3879684507846832,
20,600,A,0,4,1,3,6.959650039672852,14.925182342529297,-1.0928447246551514,0.3504486083984375,
20,600,A,0,5,0,0,8.26202392578125,8.660765647888184,2.0043606758117676,0.4194585978984833,
20,600,A,0,5,0,1,7.465131759643555,10.321187973022461,2.0521631240844727,0.3440266251564026,
20,600,A,0,5,0,2,9.499939918518066,8.694257736206055,2.09466552734375,0.45996829867362976,
20,600,A,0,5,0,3,8.96641731262207,11.654586791992188,2.130833625793457,0.36968743801116943,
20,600,A,0,5,1,0,15.990455627441406,25.43079948425293,-0.30361753702163696,0.39051222801208496,
20,600,A,0,5,1,1,12.651693344116211,23.713645935058594,-0.11525088548660278,0.349965363740921,
20,600,A,0,5,1,2,9.445605278015137,24.11097526550293,-0.18325889110565186,0.2853855788707733,
20,600,A,0,5,1,3,16.38580894470215,25.87113380432129,-0.0791703462600708,0.3889109790325165,
20,600,A,0,6,0,0,26.61004066467285,78.57447052001953,-0.06866788864135742,0.2534717619419098,
20,600,A,0,6,0,1,31.679576873779297,86.010498046875,2.0385165214538574,0.2562962472438812,
20,600,A,0,6,0,2,40.66617202758789,83.86325073242188,1.4107460975646973,0.31884217262268066,
20,600,A,0,6,0,3,32.44700241088867,79.50548553466797,1.500303030014038,0.2801818549633026,
20,600,A,0,6,1,0,18.161739349365234,76.01371765136719,2.9272499084472656,0.1669565886259079,
20,600,A,0,6,1,1,22.529438018798828,77.2954330444336,1.5946406126022339,0.21311970055103302,
20,600,A,0,6,1,2,26.499223709106445,67.4886474609375,3.0845580101013184,0.25757768750190735,
20,600,A,0,6,1,3,30.976787567138672,85.85285949707031,1.9737474918365479,0.2525167465209961,
20,600,A,0,7,0,0,13.433576583862305,40.57564926147461,1.981637954711914,0.22011281549930573,
20,600,A,0,7,0,1,17.93805694580078,37.356685638427734,1.6810712814331055,0.3032246232032776,
20,600,A,0,7,0,2,14.884125709533691,45.819976806640625,2.2371630668640137,0.21630963683128357,
20,600,A,0,7,0,3,9.677839279174805,42.68763732910156,2.3330230712890625,0.14680103957653046,
20,600,A,0,7,1,0,21.719783782958984,29.645462036132812,1.3405083417892456,0.4073839783668518,
20,600,A,0,7,1,1,12.011616706848145,33.96794509887695,1.0864481925964355,0.24335958063602448,
20,600,A,0,7,1,2,13.937983512878418,38.585323333740234,1.065955400466919,0.2501494586467743,
20,600,A,0,7,1,3,14.306577682495117,32.19038391113281,0.8412853479385376,0.2949313819408417,
20,600,A,0,8,0,0,4.504683017730713,35.64112854003906,0.65526282787323,0.09747699648141861,
20,600,A,0,8,0,1,10.148760795593262,38.15391540527344,0.956857442855835,0.19414392113685608,
20,600,A,0,8,0,2,6.569416522979736,30.955581665039062,1.069174885749817,0.15087416768074036,
20,600,A,0,8,0,3,12.305617332458496,31.909114837646484,1.0736464262008667,0.2603543698787689,
20,600,A,0,8,1,0,14.925996780395508,33.36620330810547,2.4267737865448,0.2725194990634918,
20,600,A,0,8,1,1,9.749479293823242,28.30829620361328,2.45625638961792,0.20485706627368927,
20,600,A,0,8,1,2,8.042329788208008,36.20918655395508,2.4211606979370117,0.13438014686107635,
20,600,A,0,8,1,3,11.234466552734375,28.84520721435547,2.6447815895080566,0.22945664823055267,
20,600,A,0,9,0,0,9.22131061553955,19.547109603881836,2.6595823764801025,0.2513221204280853,
20,600,A,0,9,0,1,12.14574146270752,25.88506507873535,2.5185179710388184,0.27109554409980774,
20,600,A,0,9,0,2,13.052593231201172,27.296733856201172,2.777035713195801,0.2734876573085785,
20,600,A,0,9,0,3,9.039137840270996,25.753398895263672,2.41011381149292,0.20471055805683136,
20,600,A,0,9,1,0,15.779260635375977,36.13622283935547,2.931198835372925,0.262289434671402,
20,600,A,0,9,1,1,10.593145370483398,36.08182144165039,3.0900681018829346,0.17214855551719666,
20,600,A,0,9,1,2,19.884187698364258,35.738380432128906,2.8189823627471924,0.32318270206451416,
20,600,A,0,9,1,3,11.103632926940918,33.272552490234375,2.463937997817993,0.20613771677017212,
20,600,A,0,10,0,0,19.882137298583984,35.29947280883789,0.9266982078552246,0.3493773937225342,
20,600,A,0,10,0,1,15.620132446289062,37.695438385009766,0.8820698261260986,0.28108102083206177,
20,600,A,0,10,0,2,14.99620246887207,33.485748291015625,0.3066723346710205,0.30491843819618225,
20,600,A,0,10,0,3,23.970731735229492,33.82577896118164,1.4459478855133057,0.3997259736061096,
20,600,A,0,10,1,0,9.671875953674316,23.388748168945312,-0.2903043031692505,0.2987077236175537,
20,600,A,0,10,1,1,5.6640119552612305,25.8992862701416,-0.746841311454773,0.19841614365577698,
20,600,A,0,10,1,2,8.702988624572754,21.073396682739258,-0.47092103958129883,0.3032967448234558,
20,600,A,0,10,1,3,8.646261215209961,20.809974670410156,-0.43023526668548584,0.30369916558265686,
20,600,A,0,11,0,0,1.8871660232543945,6.555380821228027,-1.134674310684204,0.3155236840248108,
20,600,A,0,11,0,1,2.0852367877960205,6.481326103210449,-1.079045295715332,0.32805418968200684,
20,600,A,0,11,0,2,0.5133988857269287,6.389416217803955,-1.1636654138565063,0.2079053372144699,
20,600,A,0,11,0,3,1.0959296226501465,6.002891540527344,-1.0866682529449463,0.266642302274704,
20,600,A,0,11,1,0,3.719280242919922,14.633546829223633,-0.22097766399383545,0.21214058995246887,
20,600,A,0,11,1,1,6.505157470703125,13.298934936523438,0.37788844108581543,0.31541258096694946,
20,600,A,0,11,1,2,5.182920932769775,13.035709381103516,-0.21145027875900269,0.2926938533782959,
20,600,A,0,11,1,3,9.371870994567871,12.313817977905273,0.8258326053619385,0.409688264131546,
20,600,A,0,12,0,0,-0.6429194808006287,0.3006766438484192,-1.3970493078231812,0.7149461507797241,
20,600,A,0,12,0,1,-0.7491077184677124,0.30553311109542847,-1.4068471193313599,0.6828175783157349,
20,600,A,0,12,0,2,-0.8350474238395691,0.3059423565864563,-1.389946460723877,0.6446007490158081,
20,600,A,0,12,0,3,-0.6939939260482788,0.312585711479187,-1.3562520742416382,0.6793479323387146,
20,600,A,0,12,1,0,1.7988674640655518,1.543534278869629,-0.6402685046195984,0.61243736743927,
20,600,A,0,12,1,1,1.7945311069488525,1.3447345495224,-0.4224957227706909,0.6224523782730103,
20,600,A,0,12,1,2,2.194581985473633,1.1672391891479492,-0.2908259630203247,0.6804401874542236,
20,600,A,0,12,1,3,1.7932298183441162,1.2880364656448364,-0.16316425800323486,0.6030007004737854,
20,600,A,0,13,0,0,3.61972975730896,0.9331830739974976,2.1625986099243164,0.6095981597900391,
20,600,A,0,13,0,1,4.0512285232543945,1.001987099647522,2.3831377029418945,0.6247348785400391,
20,600,A,0,13,0,2,3.6137566566467285,0.9741010665893555,2.357405662536621,0.5632718801498413,
20,600,A,0,13,0,3,3.6141934394836426,1.1007440090179443,2.1344687938690186,0.5734325051307678,
20,600,A,0,13,1,0,2.058302402496338,0.5286742448806763,1.5101724863052368,0.5090339779853821,
20,600,A,0,13,1,1,2.174447536468506,0.536831796169281,1.4168599843978882,0.5852721333503723,
20,600,A,0,13,1,2,2.2043166160583496,0.427508145570755,1.4092046022415161,0.6503344774246216,
20,600,A,0,13,1,3,2.1594924926757812,0.4712422788143158,1.4884867668151855,0.5874430537223816,
20,600,A,0,14,0,0,4.856734275817871,1.9794925451278687,1.8185051679611206,0.6054997444152832,
20,600,A,0,14,0,1,4.970536231994629,2.1001930236816406,2.749333381652832,0.5140012502670288,
20,600,A,0,14,0,2,4.046027183532715,2.2288146018981934,2.5809478759765625,0.3966219127178192,
20,600,A,0,14,0,3,4.469343185424805,2.036161422729492,2.326280355453491,0.5127896070480347,
20,600,A,0,14,1,0,-0.19248437881469727,1.1720787286758423,-1.411703109741211,0.5098565816879272,
20,600,A,0,14,1,1,0.1011422872543335,0.9428740739822388,-0.9506774544715881,0.5273088812828064,
20,600,A,0,14,1,2,-0.03319978713989258,1.0140001773834229,-1.4461990594863892,0.5822000503540039,
20,600,A,0,14,1,3,-0.13625431060791016,1.045458436012268,-1.0489904880523682,0.46611103415489197,
20,600,A,0,15,0,0,0.16026026010513306,0.6898206472396851,-3.3038477897644043,0.8339353799819946,
20,600,A,0,15,0,1,0.36825597286224365,0.6684264540672302,-3.1792972087860107,0.8414540886878967,
20,600,A,0,15,0,2,0.1191205382347107,0.5868555307388306,-3.3450095653533936,0.8551326394081116,
20,600,A,0,15,0,3,-0.06006801128387451,0.6452195644378662,-3.2318968772888184,0.8309637308120728,
20,600,A,0,15,1,0,0.36202651262283325,0.24835024774074554,-1.0790531635284424,0.8529976010322571,
20,600,A,0,15,1,1,0.39238953590393066,0.27916887402534485,-1.2038233280181885,0.8511402606964111,
20,600,A,0,15,1,2,0.2556845545768738,0.2615780830383301,-1.041968822479248,0.8322390913963318,
20,600,A,0,15,1,3,0.08024144172668457,0.32467353343963623,-0.9905110597610474,0.7673301696777344,
20,600,A,0,16,0,0,-0.428364634513855,0.37238889932632446,-1.966408610343933,0.8050761818885803,
20,600,A,0,16,0,1,-0.8307321667671204,0.3241291344165802,-1.8463776111602783,0.7580718994140625,
20,600,A,0,16,0,2,-0.688959002494812,0.3767760396003723,-1.9087697267532349,0.764011561870575,
20,600,A,0,16,0,3,-0.5822317600250244,0.3516356647014618,-1.7284040451049805,0.7652330994606018,
20,600,A,0,16,1,0,-1.700178623199463,0.16218824684619904,-2.2420270442962646,0.7696309089660645,
20,600,A,0,16,1,1,-1.65159010887146,0.14259272813796997,-2.1883175373077393,0.7900949120521545,
20,600,A,0,16,1,2,-1.6830289363861084,0.14491724967956543,-2.3341259956359863,0.8179464340209961,
20,600,A,0,16,1,3,-1.6808348894119263,0.15054979920387268,-2.230891466140747,0.7851149439811707,
20,600,A,0,17,0,0,1.1177902221679688,0.17952649295330048,0.746508777141571,0.674066960811615,
20,600,A,0,17,0,1,1.15616774559021,0.17363491654396057,0.6394996643066406,0.7484656572341919,
20,600,A,0,17,0,2,1.162825107574463,0.1795637309551239,0.6881052851676941,0.7255567312240601,
20,600,A,0,17,0,3,1.1393401622772217,0.19064787030220032,0.6681559085845947,0.7119392156600952,
20,600,A,0,17,1,0,-0.0437244176864624,1.1651066541671753,-2.369910478591919,0.6662821769714355,
20,600,A,0,17,1,1,0.282055139541626,0.8326953053474426,-1.9085569381713867,0.7245747447013855,
20,600,A,0,17,1,2,0.06983470916748047,1.0360047817230225,-2.7169251441955566,0.7289906740188599,
20,600,A,0,17,1,3,0.31808435916900635,0.9324383735656738,-2.0339298248291016,0.7161054015159607,
20,600,A,0,18,0,0,1.0592721700668335,2.682347059249878,-1.3492255210876465,0.47310376167297363,
20,600,A,0,18,0,1,1.547012448310852,2.429246187210083,-1.1708588600158691,0.5280375480651855,
20,600,A,0,18,0,2,1.0097144842147827,2.6710870265960693,-1.4332807064056396,0.4776996076107025,
20,600,A,0,18,0,3,0.684126615524292,2.5959885120391846,-1.361316442489624,0.440692275762558,
20,600,A,0,18,1,0,0.945274829864502,1.2628971338272095,-0.43481290340423584,0.5221701264381409,
20,600,A,0,18,1,1,0.6483034491539001,1.274101972579956,-0.3661125898361206,0.4432632625102997,
20,600,A,0,18,1,2,0.7073157429695129,1.5747952461242676,-0.4756084084510803,0.42895016074180603,
20,600,A,0,18,1,3,0.9857264757156372,1.5991063117980957,-0.45261549949645996,0.47353628277778625,
20,600,A,0,19,0,0,5.884248733520508,8.393440246582031,-0.19018006324768066,0.4198564887046814,
20,600,A,0,19,0,1,6.482381820678711,7.166982650756836,-0.04299759864807129,0.4765707552433014,
20,600,A,0,19,0,2,3.8034849166870117,7.042203903198242,-0.23432564735412598,0.36442282795906067,
20,600,A,0,19,0,3,5.20123291015625,7.8027143478393555,0.2162764072418213,0.3898252248764038,
20,600,A,0,19,1,0,9.659049987792969,7.4668755531311035,0.5060485601425171,0.5507261753082275,
20,600,A,0,19,1,1,6.938770771026611,9.18655014038086,0.05803275108337402,0.4282451570034027,
20,600,A,0,19,1,2,8.370745658874512,9.096126556396484,-0.40090036392211914,0.49091997742652893,
20,600,A,0,19,1,3,8.03619384765625,8.552249908447266,-0.839808464050293,0.5092881321907043,
20,600,A,0,20,0,0,3.311030387878418,3.872866153717041,0.1418365240097046,0.4500378668308258,
20,600,A,0,20,0,1,3.242724895477295,3.970785617828369,-0.05089426040649414,0.4533914625644684,
20,600,A,0,20,0,2,2.6527583599090576,3.9533183574676514,0.4140757918357849,0.36154428124427795,
20,600,A,0,20,0,3,2.4516329765319824,3.84159255027771,0.17102330923080444,0.37251460552215576,
20,600,A,0,20,1,0,1.6023926734924316,5.0901689529418945,-2.822314739227295,0.4650304615497589,
20,600,A,0,20,1,1,1.1889114379882812,5.794661045074463,-3.1825215816497803,0.43000125885009766,
20,600,A,0,20,1,2,2.9901373386383057,6.990574836730957,-2.9690423011779785,0.4601770341396332,
20,600,A,0,20,1,3,1.3809013366699219,5.293543338775635,-2.4771454334259033,0.42157116532325745,
20,600,A,0,21,0,0,0.46212494373321533,0.8939211964607239,-1.1250718832015991,0.6397103071212769,
20,600,A,0,21,0,1,0.15289413928985596,0.8434103727340698,-1.1775455474853516,0.6120200157165527,
20,600,A,0,21,0,2,1.0212726593017578,0.8461893200874329,-1.1048089265823364,0.7153054475784302,
20,600,A,0,21,0,3,0.4810326099395752,1.017533779144287,-1.3127225637435913,0.6380543112754822,
20,600,A,0,21,1,0,3.716449737548828,0.6197158098220825,2.0119879245758057,0.7333612442016602,
20,600,A,0,21,1,1,3.26900053024292,0.7074294686317444,2.108646869659424,0.6212465167045593,
20,600,A,0,21,1,2,3.6735219955444336,0.7161096930503845,1.9135483503341675,0.7107893228530884,
20,600,A,0,21,1,3,2.978513240814209,0.7619708776473999,2.052499294281006,0.5485914349555969,
20,600,A,0,22,0,0,0.03083980083465576,0.5064153671264648,-0.7676807045936584,0.6119231581687927,
20,600,A,0,22,0,1,-0.050605952739715576,0.45367151498794556,-0.7373368740081787,0.6021829843521118,
20,600,A,0,22,0,2,0.06752771139144897,0.4396790862083435,-0.7772997617721558,0.6577058434486389,
20,600,A,0,22,0,3,0.24607670307159424,0.4318124055862427,-0.7683270573616028,0.7014191746711731,
20,600,A,0,22,1,0,3.0932068824768066,1.6059688329696655,-0.20253750681877136,0.6723658442497253,
20,600,A,0,22,1,1,2.769551992416382,1.6061311960220337,-0.4901295006275177,0.6699151396751404,
20,600,A,0,22,1,2,2.637209892272949,1.646965503692627,-0.45927873253822327,0.6527919769287109,
20,600,A,0,22,1,3,2.8790688514709473,1.7992563247680664,-0.38095182180404663,0.6443649530410767,
20,600,A,0,23,0,0,3.1784818172454834,0.9647926688194275,2.0478756427764893,0.5395660400390625,
20,600,A,0,23,0,1,2.639061212539673,0.8413395881652832,1.8657076358795166,0.4789476990699768,
20,600,A,0,23,0,2,3.1238057613372803,1.1173948049545288,1.9777518510818481,0.5063308477401733,
20,600,A,0,23,0,3,3.1010241508483887,1.0992786884307861,1.8970235586166382,0.522733211517334,
20,600,A,0,23,1,0,2.1201882362365723,1.1550928354263306,0.3968115746974945,0.5987128615379333,
20,600,A,0,23,1,1,2.3148772716522217,1.0646350383758545,0.38759905099868774,0.6441625356674194,
20,600,A,0,23,1,2,1.8283836841583252,1.3298261165618896,0.6676502227783203,0.4660532772541046,
20,600,A,0,23,1,3,1.9414035081863403,1.290113091468811,0.5001882314682007,0.5276609659194946,
20,600,A,0,24,0,0,7.536741256713867,14.704553604125977,2.0119338035583496,0.2731083631515503,
20,600,A,0,24,0,1,6.957164764404297,13.632166862487793,2.2032670974731445,0.25855982303619385,
20,600,A,0,24,0,2,7.454995155334473,13.140746116638184,1.7737255096435547,0.30184173583984375,
20,600,A,0,24,0,3,5.857394218444824,12.997657775878906,2.1053805351257324,0.22400522232055664,
20,600,A,0,24,1,0,4.170969009399414,9.424784660339355,-0.19952619075775146,0.3168109059333801,
20,600,A,0,24,1,1,3.1101577281951904,8.309900283813477,-0.419821560382843,0.2981431782245636,
20,600,A,0,24,1,2,2.754803419113159,8.283843994140625,-0.645510733127594,0.2910192012786865,
20,600,A,0,24,1,3,4.859530448913574,9.101405143737793,-0.2075466513633728,0.35763019323349,
20,600,A,0,25,0,0,3.3367128372192383,7.056754112243652,0.6130472421646118,0.27848145365715027,
20,600,A,0,25,0,1,4.068171977996826,7.488734245300293,0.7633519172668457,0.3061845898628235,
20,600,A,0,25,0,2,3.6948890686035156,7.149936199188232,0.8038041591644287,0.28792738914489746,
20,600,A,0,25,0,3,2.6363768577575684,7.779839992523193,0.6758876442909241,0.20127548277378082,
20,600,A,0,25,1,0,15.610319137573242,17.27365493774414,2.654470682144165,0.42858290672302246,
20,600,A,0,25,1,1,12.766303062438965,17.58244514465332,3.250214099884033,0.3511661887168884,
20,600,A,0,25,1,2,12.769890785217285,16.25438117980957,2.928966522216797,0.37711474299430847,
20,600,A,0,25,1,3,13.68411922454834,16.154218673706055,3.399352550506592,0.3890000581741333,
20,600,A,0,26,0,0,4.9614458084106445,5.081254482269287,2.138786792755127,0.3571217358112335,
20,600,A,0,26,0,1,4.402622699737549,5.66759729385376,2.27362322807312,0.27306780219078064,
20,600,A,0,26,0,2,4.670346260070801,5.896852970123291,2.149517774581909,0.2994682490825653,
20,600,A,0,26,0,3,4.915213584899902,4.9379048347473145,2.1874523162841797,0.35584136843681335,
20,600,A,0,26,1,0,3.215507745742798,8.226086616516113,0.2934446334838867,0.26211193203926086,
20,600,A,0,26,1,1,3.2463724613189697,6.616435527801514,0.2703152894973755,0.31024855375289917,
20,600,A,0,26,1,2,4.035042762756348,6.833752155303955,0.15558508038520813,0.36211907863616943,
20,600,A,0,26,1,3,4.174732685089111,9.178091049194336,0.2988045811653137,0.29691454768180847,
20,600,A,0,27,0,0,8.455286026000977,11.207701683044434,0.8766719698905945,0.4034113883972168,
20,600,A,0,27,0,1,6.1298675537109375,13.828453063964844,0.8391054272651672,0.27672484517097473,
20,600,A,0,27,0,2,8.379063606262207,12.952614784240723,0.6111435890197754,0.37488991022109985,
20,600,A,0,27,0,3,6.290949821472168,16.82368278503418,0.8556753396987915,0.2441837042570114,
20,600,A,0,27,1,0,35.09771728515625,55.90448760986328,5.012031555175781,0.34987354278564453,
20,600,A,0,27,1,1,15.824234962463379,56.84152603149414,5.835351943969727,0.1494661271572113,
20,600,A,0,27,1,2,17.342388153076172,59.06072235107422,4.784636974334717,0.17534233629703522,
20,600,A,0,27,1,3,31.87176513671875,47.63705062866211,3.7697038650512695,0.37103766202926636,
20,600,A,0,28,0,0,13.597496032714844,15.6506986618042,2.379204750061035,0.41751816868782043,
20,600,A,0,28,0,1,14.634281158447266,23.79452133178711,2.81250262260437,0.33192047476768494,
20,600,A,0,28,0,2,8.162862777709961,16.50300407409668,2.4294486045837402,0.2578389346599579,
20,600,A,0,28,0,3,11.917947769165039,17.526451110839844,2.5184192657470703,0.3490877151489258,
20,600,A,0,28,1,0,16.721824645996094,38.26494598388672,0.40649139881134033,0.2989235818386078,
20,600,A,0,28,1,1,12.063434600830078,28.64645767211914,0.9735143184661865,0.2790873348712921,
20,600,A,0,28,1,2,16.14695930480957,28.630977630615234,0.2145693302154541,0.3575221300125122,
20,600,A,0,28,1,3,19.622005462646484,28.10676383972168,0.37217438220977783,0.4064868092536926,
20,600,A,0,29,0,0,4.0412797927856445,7.7016754150390625,1.7806123495101929,0.22692126035690308,
20,600,A,0,29,0,1,4.44003963470459,6.0910186767578125,1.8977185487747192,0.2944771349430084,
20,600,A,0,29,0,2,4.409505844116211,6.3205790519714355,2.0285234451293945,0.27362701296806335,
20,600,A,0,29,0,3,5.632015228271484,7.569104194641113,1.8240810632705688,0.3347034752368927,
20,600,A,0,29,1,0,24.078847885131836,34.626529693603516,1.8056212663650513,0.3914467692375183,
20,600,A,0,29,1,1,18.49764060974121,39.91794204711914,1.9005366563796997,0.29367583990097046,
20,600,A,0,29,1,2,13.89561653137207,38.33272171020508,1.585579752922058,0.24307595193386078,
20,600,A,0,29,1,3,29.32299041748047,39.90948486328125,1.369857907295227,0.41190770268440247,
20,600,A,0,30,0,0,5.677286624908447,8.866581916809082,0.5834183692932129,0.36487850546836853,
20,600,A,0,30,0,1,4.888853549957275,9.127816200256348,0.8337922096252441,0.30760061740875244,
20,600,A,0,30,0,2,3.956131935119629,9.754300117492676,0.9264046549797058,0.23699316382408142,
20,600,A,0,30,0,3,6.030056476593018,8.333584785461426,0.6521180272102356,0.3922203481197357,
20,600,A,0,30,1,0,5.2399396896362305,5.587198734283447,0.5452677011489868,0.45659708976745605,
20,600,A,0,30,1,1,3.3414108753204346,7.024877071380615,0.311153769493103,0.30136415362358093,
20,600,A,0,30,1,2,6.3470563888549805,6.805996417999268,0.5757797956466675,0.4588654935359955,
20,600,A,0,30,1,3,4.630431652069092,5.926782608032227,0.4148302674293518,0.4156420826911926,
20,600,A,0,31,0,0,8.91069507598877,13.676833152770996,0.7676997780799866,0.3731924295425415,
20,600,A,0,31,0,1,6.062234878540039,14.595147132873535,0.41356703639030457,0.27903178334236145,
20,600,A,0,31,0,2,9.36136245727539,15.292593955993652,-0.19567418098449707,0.38459470868110657,
20,600,A,0,31,0,3,4.750014781951904,12.39830207824707,1.0146936178207397,0.2315240204334259,
20,600,A,0,31,1,0,1.031912088394165,5.694676399230957,-2.085232734680176,0.35374578833580017,
20,600,A,0,31,1,1,1.4118194580078125,5.221517562866211,-2.2133567333221436,0.40977752208709717,
20,600,A,0,31,1,2,0.6384313106536865,6.573269844055176,-2.1800308227539062,0.3001003563404083,
20,600,A,0,31,1,3,1.8410489559173584,7.158634662628174,-2.112739086151123,0.3557989299297333,
20,600,A,0,32,0,0,3.1538124084472656,2.5002408027648926,1.805747389793396,0.3503009080886841,
20,600,A,0,32,0,1,3.2380013465881348,2.2709829807281494,1.6635502576828003,0.40943390130996704,
20,600,A,0,32,0,2,3.2275748252868652,2.577956438064575,1.720974326133728,0.368852823972702,
20,600,A,0,32,0,3,3.0142459869384766,2.5448927879333496,1.5534251928329468,0.3646842837333679,
20,600,A,0,32,1,0,0.42813873291015625,2.9825477600097656,-1.2933564186096191,0.3659607470035553,
20,600,A,0,32,1,1,0.8264865875244141,2.9103167057037354,-1.4239023923873901,0.4360622763633728,
20,600,A,0,32,1,2,0.05680835247039795,2.5336246490478516,-1.3072091341018677,0.3499596416950226,
20,600,A,0,32,1,3,0.44178831577301025,2.8829240798950195,-1.2274484634399414,0.36669108271598816,
20,600,A,0,33,0,0,14.345513343811035,20.304180145263672,0.22482389211654663,0.4101886451244354,
20,600,A,0,33,0,1,12.549213409423828,23.083744049072266,-0.12131667137145996,0.3543780446052551,
20,600,A,0,33,0,2,13.271303176879883,20.107921600341797,-0.07737427949905396,0.3989848792552948,
20,600,A,0,33,0,3,10.19975471496582,26.193866729736328,0.11455374956130981,0.27798953652381897,
20,600,A,0,33,1,0,10.56872844696045,24.240367889404297,-0.6485754251480103,0.3163576126098633,
20,600,A,0,33,1,1,15.7715425491333,21.415924072265625,-0.3659508228302002,0.42972102761268616,
20,600,A,0,33,1,2,6.4267730712890625,25.541242599487305,-0.7607072591781616,0.21960772573947906,
20,600,A,0,33,1,3,7.065814971923828,24.27254295349121,0.4246402978897095,0.21482937037944794,
20,600,A,0,34,0,0,10.132965087890625,20.531143188476562,0.38537806272506714,0.3219285309314728,
20,600,A,0,34,0,1,10.871257781982422,16.715139389038086,0.6788053512573242,0.37879467010498047,
20,600,A,0,34,0,2,7.772588729858398,20.88313865661621,0.49266666173934937,0.2584918439388275,
20,600,A,0,34,0,3,7.215791702270508,17.5349178314209,0.17294412851333618,0.28655362129211426,
20,600,A,0,34,1,0,12.669550895690918,23.47088623046875,-0.6986798048019409,0.3628813922405243,
20,600,A,0,34,1,1,12.413495063781738,24.515729904174805,-0.7702999114990234,0.3497072160243988,
20,600,A,0,34,1,2,12.840325355529785,19.179487228393555,-0.9979437589645386,0.41911599040031433,
20,600,A,0,34,1,3,11.239214897155762,17.14470672607422,-0.5757461190223694,0.4079798758029938,
20,600,A,0,35,0,0,10.644721984863281,24.645944595336914,0.24953003227710724,0.2966568171977997,
20,600,A,0,35,0,1,11.737405776977539,26.280908584594727,0.8384383320808411,0.29314157366752625,
20,600,A,0,35,0,2,12.874576568603516,27.900562286376953,0.7358233332633972,0.3031708598136902,
20,600,A,0,35,0,3,15.302297592163086,28.03215217590332,0.4831850528717041,0.34582674503326416,
20,600,A,0,35,1,0,8.239784240722656,7.373059272766113,1.3886479139328003,0.48165372014045715,
20,600,A,0,35,1,1,6.9686994552612305,10.052597999572754,1.568473219871521,0.3494653105735779,
20,600,A,0,35,1,2,4.019465446472168,10.155313491821289,1.7142348289489746,0.185002401471138,
20,600,A,0,35,1,3,5.452553749084473,8.216976165771484,1.6737562417984009,0.31501075625419617,
20,600,A,1,0,0,0,9.268180847167969,5.481125354766846,2.772416591644287,0.5423582196235657,
20,600,A,1,0,0,1,8.467914581298828,5.880552768707275,2.5457093715667725,0.5017645359039307,
20,600,A,1,0,0,2,8.411083221435547,6.077256679534912,2.5841870307922363,0.48948433995246887,
20,600,A,1,0,0,3,6.892848491668701,5.413874626159668,2.529153823852539,0.44629645347595215,
20,600,A,1,0,1,0,12.757590293884277,10.935250282287598,0.4366661310195923,0.529791533946991,
20,600,A,1,0,1,1,9.30138111114502,12.160130500793457,0.344441294670105,0.4241563677787781,
20,600,A,1,0,1,2,9.509711265563965,11.228360176086426,0.3475956916809082,0.4493331015110016,
20,600,A,1,0,1,3,10.085358619689941,10.330427169799805,0.5282060503959656,0.4805588722229004,
20,600,A,1,1,0,0,14.108827590942383,9.228937149047852,3.7585856914520264,0.5286351442337036,
20,600,A,1,1,0,1,12.53827953338623,10.410473823547363,3.6703624725341797,0.4599926173686981,
20,600,A,1,1,0,2,11.353808403015137,11.965408325195312,3.59952449798584,0.39322543144226074,
20,600,A,1,1,0,3,10.700164794921875,11.541526794433594,3.0252573490142822,0.39939290285110474,
20,600,A,1,1,1,0,4.537968635559082,5.252424240112305,0.049829334020614624,0.460767924785614,
20,600,A,1,1,1,1,3.966437578201294,5.225973129272461,0.2515069246292114,0.4154983460903168,
20,600,A,1,1,1,2,6.827901840209961,5.7925591468811035,0.08633607625961304,0.5378568768501282,
20,600,A,1,1,1,3,5.098812103271484,4.33259391784668,0.2011125087738037,0.5306114554405212,
20,600,A,1,2,0,0,11.329084396362305,13.884672164916992,0.7831196784973145,0.4316696524620056,
20,600,A,1,2,0,1,12.832437515258789,14.858135223388672,1.2027415037155151,0.4390580654144287,
20,600,A,1,2,0,2,11.705644607543945,11.010029792785645,1.1128863096237183,0.4903421700000763,
20,600,A,1,2,0,3,13.666425704956055,12.845848083496094,1.1736689805984497,0.4930325448513031,
20,600,A,1,2,1,0,7.616372585296631,10.845829010009766,-0.5486923456192017,0.4294939935207367,
20,600,A,1,2,1,1,5.684296131134033,12.158034324645996,-0.7273068428039551,0.345273494720459,
20,600,A,1,2,1,2,8.090076446533203,10.65009593963623,-0.7535080909729004,0.4536641836166382,
20,600,A,1,2,1,3,5.809021949768066,12.490532875061035,-0.6614382266998291,0.34125110507011414,
20,600,A,1,3,0,0,31.34212875366211,44.07912826538086,5.175633907318115,0.3724999725818634,
20,600,A,1,3,0,1,30.834346771240234,46.98050308227539,3.052663564682007,0.3716007471084595,
20,600,A,1,3,0,2,34.11967086791992,36.022640228271484,4.327892780303955,0.4526634216308594,
20,600,A,1,3,0,3,24.64101791381836,46.215965270996094,3.2875657081604004,0.31602245569229126,
20,600,A,1,3,1,0,14.17695140838623,48.86959457397461,1.9861807823181152,0.19965113699436188,
20,600,A,1,3,1,1,10.868550300598145,33.03639602661133,1.9572100639343262,0.2124391347169876,
20,600,A,1,3,1,2,13.00742244720459,33.40925216674805,1.7209348678588867,0.2525182068347931,
20,600,A,1,3,1,3,18.347496032714844,37.233131408691406,1.671276569366455,0.30933818221092224,
20,600,A,1,4,0,0,11.664019584655762,24.189205169677734,2.8776755332946777,0.26645028591156006,
20,600,A,1,4,0,1,11.101280212402344,27.398778915405273,3.17348051071167,0.22441460192203522,
20,600,A,1,4,0,2,17.411903381347656,24.415889739990234,3.17818284034729,0.368275910615921,
20,600,A,1,4,0,3,16.005491256713867,29.201425552368164,3.549931526184082,0.29900291562080383,
20,600,A,1,4,1,0,4.298184394836426,12.027724266052246,-1.0310033559799194,0.3070354759693146,
20,600,A,1,4,1,1,7.973040580749512,10.430333137512207,-1.1760141849517822,0.46727991104125977,
20,600,A,1,4,1,2,5.459632873535156,10.676063537597656,-1.436457633972168,0.3924442529678345,
20,600,A,1,4,1,3,6.959650039672852,14.925182342529297,-0.6619648933410645,0.3380354046821594,
20,600,A,1,5,0,0,8.26202392578125,8.660765647888184,2.1590652465820312,0.41337528824806213,
20,600,A,1,5,0,1,7.465131759643555,10.321187973022461,2.0665740966796875,0.34342527389526367,
20,600,A,1,5,0,2,9.499939918518066,8.694257736206055,2.18597149848938,0.4568881094455719,
20,600,A,1,5,0,3,8.96641731262207,11.654586791992188,2.2964773178100586,0.36398977041244507,
20,600,A,1,5,1,0,15.990455627441406,25.43079948425293,0.9389421939849854,0.37180468440055847,
20,600,A,1,5,1,1,12.651693344116211,23.713645935058594,0.18788039684295654,0.344518780708313,
20,600,A,1,5,1,2,9.445605278015137,24.11097526550293,0.7505630254745483,0.26504412293434143,
20,600,A,1,5,1,3,16.38580894470215,25.87113380432129,0.7473877668380737,0.3767426908016205,
20,600,A,1,6,0,0,26.61004066467285,78.57447052001953,2.244819164276123,0.23669414222240448,
20,600,A,1,6,0,1,31.679576873779297,86.010498046875,1.7428297996520996,0.25819283723831177,
20,600,A,1,6,0,2,40.66617202758789,83.86325073242188,3.534472703933716,0.30688634514808655,
20,600,A,1,6,0,3,32.44700241088867,79.50548553466797,2.3554506301879883,0.27456536889076233,
20,600,A,1,6,1,0,18.161739349365234,76.01371765136719,1.396032452583313,0.1807050108909607,
20,600,A,1,6,1,1,22.529438018798828,77.2954330444336,1.9327833652496338,0.21040163934230804,
20,600,A,1,6,1,2,26.499223709106445,67.4886474609375,3.143500328063965,0.25709599256515503,
20,600,A,1,6,1,3,30.976787567138672,85.85285949707031,3.627091884613037,0.24159961938858032,
20,600,A,1,7,0,0,13.433576583862305,40.57564926147461,2.5461716651916504,0.21155770123004913,
20,600,A,1,7,0,1,17.93805694580078,37.356685638427734,2.1265220642089844,0.29738694429397583,
20,600,A,1,7,0,2,14.884125709533691,45.819976806640625,2.1699867248535156,0.21720902621746063,
20,600,A,1,7,0,3,9.677839279174805,42.68763732910156,2.802255153656006,0.13872350752353668,
20,600,A,1,7,1,0,21.719783782958984,29.645462036132812,1.27424955368042,0.40816786885261536,
20,600,A,1,7,1,1,12.011616706848145,33.96794509887695,0.9029932022094727,0.24643896520137787,
20,600,A,1,7,1,2,13.937983512878418,38.585323333740234,0.9348527789115906,0.2520550787448883,
20,600,A,1,7,1,3,14.306577682495117,32.19038391113281,1.4466135501861572,0.2854576110839844,
20,600,A,1,8,0,0,4.504683017730713,35.64112854003906,1.5091674327850342,0.07753042876720428,
20,600,A,1,8,0,1,10.148760795593262,38.15391540527344,1.495383858680725,0.18487240374088287,
20,600,A,1,8,0,2,6.569416522979736,30.955581665039062,1.4310569763183594,0.14236071705818176,
20,600,A,1,8,0,3,12.305617332458496,31.909114837646484,1.5080674886703491,0.2528305649757385,
20,600,A,1,8,1,0,14.925996780395508,33.36620330810547,2.834995746612549,0.26598647236824036,
20,600,A,1,8,1,1,9.749479293823242,28.30829620361328,3.0306997299194336,0.19181674718856812,
20,600,A,1,8,1,2,8.042329788208008,36.20918655395508,3.408857822418213,0.11344686895608902,
20,600,A,1,8,1,3,11.234466552734375,28.84520721435547,3.065624237060547,0.22069571912288666,
20,600,A,1,9,0,0,9.22131061553955,19.547109603881836,2.666313648223877,0.25112903118133545,
20,600,A,1,9,0,1,12.14574146270752,25.88506507873535,2.522707462310791,0.27100953459739685,
20,600,A,1,9,0,2,13.052593231201172,27.296733856201172,3.158989429473877,0.26602619886398315,
20,600,A,1,9,0,3,9.039137840270996,25.753398895263672,2.806161403656006,0.1948634833097458,
20,600,A,1,9,1,0,15.779260635375977,36.13622283935547,3.2669477462768555,0.25719812512397766,
20,600,A,1,9,1,1,10.593145370483398,36.08182144165039,3.7470409870147705,0.1594790518283844,
20,600,A,1,9,1,2,19.884187698364258,35.738380432128906,2.842221975326538,0.3228846788406372,
20,600,A,1,9,1,3,11.103632926940918,33.272552490234375,3.0095341205596924,0.19566725194454193,
20,600,A,1,10,0,0,19.882137298583984,35.29947280883789,1.149000644683838,0.3467005789279938,
20,600,A,1,10,0,1,15.620132446289062,37.695438385009766,0.4176642894744873,0.28739261627197266,
20,600,A,1,10,0,2,14.99620246887207,33.485748291015625,0.958817720413208,0.2953800559043884,
20,600,A,1,10,0,3,23.970731735229492,33.82577896118164,1.2932190895080566,0.4013485312461853,
20,600,A,1,10,1,0,9.671875953674316,23.388748168945312,-0.3851792812347412,0.30069708824157715,
20,600,A,1,10,1,1,5.6640119552612305,25.8992862701416,0.4240567684173584,0.16827496886253357,
20,600,A,1,10,1,2,8.702988624572754,21.073396682739258,0.3690824508666992,0.28339579701423645,
20,600,A,1,10,1,3,8.646261215209961,20.809974670410156,0.27578091621398926,0.28685227036476135,
20,600,A,1,11,0,0,1.8871660232543945,6.555380821228027,-1.117750883102417,0.31431207060813904,
20,600,A,1,11,0,1,2.0852367877960205,6.481326103210449,-1.1710026264190674,0.3343997299671173,
20,600,A,1,11,0,2,0.5133988857269287,6.389416217803955,-1.082688570022583,0.19987311959266663,
20,600,A,1,11,0,3,1.0959296226501465,6.002891540527344,-1.061453104019165,0.2643762528896332,
20,600,A,1,11,1,0,3.719280242919922,14.633546829223633,0.3354753255844116,0.1878081113100052,
20,600,A,1,11,1,1,6.505157470703125,13.298934936523438,0.5183429718017578,0.31042686104774475,
20,600,A,1,11,1,2,5.182920932769775,13.035709381103516,0.12590277194976807,0.27950558066368103,
20,600,A,1,11,1,3,9.371870994567871,12.313817977905273,0.9680790901184082,0.40563517808914185,
20,600,A,1,12,0,0,-0.6429194808006287,0.3006766438484192,-1.4141103029251099,0.7194833755493164,
20,600,A,1,12,0,1,-0.7491077184677124,0.30553311109542847,-1.3261044025421143,0.653798520565033,
20,600,A,1,12,0,2,-0.8350474238395691,0.3059423565864563,-1.41795814037323,0.655800998210907,
20,600,A,1,12,0,3,-0.6939939260482788,0.312585711479187,-1.3565891981124878,0.6794587969779968,
20,600,A,1,12,1,0,1.7988674640655518,1.543534278869629,-0.6287354230880737,0.6113117933273315,
20,600,A,1,12,1,1,1.7945311069488525,1.3447345495224,-0.0552217960357666,0.579045295715332,
20,600,A,1,12,1,2,2.194581985473633,1.1672391891479492,-0.22988033294677734,0.675017774105072,
20,600,A,1,12,1,3,1.7932298183441162,1.2880364656448364,-0.4713088274002075,0.6374358534812927,
20,600,A,1,13,0,0,3.61972975730896,0.9331830739974976,2.3076696395874023,0.5843732953071594,
20,600,A,1,13,0,1,4.0512285232543945,1.001987099647522,2.574972152709961,0.5956866145133972,
20,600,A,1,13,0,2,3.6137566566467285,0.9741010665893555,2.4924654960632324,0.5351223349571228,
20,600,A,1,13,0,3,3.6141934394836426,1.1007440090179443,2.3436522483825684,0.5358027219772339,
20,600,A,1,13,1,0,2.058302402496338,0.5286742448806763,1.7054574489593506,0.40026915073394775,
20,600,A,1,13,1,1,2.174447536468506,0.536831796169281,1.732244610786438,0.45167234539985657,
20,600,A,1,13,1,2,2.2043166160583496,0.427508145570755,1.7816643714904785,0.4971441328525543,
20,600,A,1,13,1,3,2.1594924926757812,0.4712422788143158,1.702636480331421,0.49224957823753357,
20,600,A,1,14,0,0,4.856734275817871,1.9794925451278687,2.059826612472534,0.5855681300163269,
20,600,A,1,14,0,1,4.970536231994629,2.1001930236816406,2.4667952060699463,0.5438264012336731,
20,600,A,1,14,0,2,4.046027183532715,2.2288146018981934,2.468641757965088,0.414425253868103,
20,600,A,1,14,0,3,4.469343185424805,2.036161422729492,2.8008711338043213,0.45037439465522766,
20,600,A,1,14,1,0,-0.19248437881469727,1.1720787286758423,-1.3402416706085205,0.4947579503059387,
20,600,A,1,14,1,1,0.1011422872543335,0.9428740739822388,-1.1130214929580688,0.5628847479820251,
20,600,A,1,14,1,2,-0.03319978713989258,1.0140001773834229,-1.105339765548706,0.5139347910881042,
20,600,A,1,14,1,3,-0.13625431060791016,1.045458436012268,-1.12093985080719,0.4850323796272278,
20,600,A,1,15,0,0,0.16026026010513306,0.6898206472396851,-2.852994918823242,0.8137168288230896,
20,600,A,1,15,0,1,0.36825597286224365,0.6684264540672302,-2.1458210945129395,0.7899683713912964,
20,600,A,1,15,0,2,0.1191205382347107,0.5868555307388306,-3.2590994834899902,0.8519938588142395,
20,600,A,1,15,0,3,-0.06006801128387451,0.6452195644378662,-2.765589475631714,0.8074397444725037,
20,600,A,1,15,1,0,0.36202651262283325,0.24835024774074554,-0.8913017511367798,0.8346182703971863,
20,600,A,1,15,1,1,0.39238953590393066,0.27916887402534485,-0.7651063799858093,0.8056826591491699,
20,600,A,1,15,1,2,0.2556845545768738,0.2615780830383301,-0.8459785580635071,0.8081204891204834,
20,600,A,1,15,1,3,0.08024144172668457,0.32467353343963623,-0.8757611513137817,0.7464827299118042,
20,600,A,1,16,0,0,-0.428364634513855,0.37238889932632446,-1.6993204355239868,0.7733957171440125,
20,600,A,1,16,0,1,-0.8307321667671204,0.3241291344165802,-1.857928991317749,0.7601398825645447,
20,600,A,1,16,0,2,-0.688959002494812,0.3767760396003723,-1.6857643127441406,0.7256980538368225,
20,600,A,1,16,0,3,-0.5822317600250244,0.3516356647014618,-1.5903434753417969,0.7413963079452515,
20,600,A,1,16,1,0,-1.700178623199463,0.16218824684619904,-2.120375871658325,0.7215104699134827,
20,600,A,1,16,1,1,-1.65159010887146,0.14259272813796997,-2.036186695098877,0.729522705078125,
20,600,A,1,16,1,2,-1.6830289363861084,0.14491724967956543,-2.1258411407470703,0.7534286379814148,
20,600,A,1,16,1,3,-1.6808348894119263,0.15054979920387268,-1.9972152709960938,0.6775753498077393,
20,600,A,1,17,0,0,1.1177902221679688,0.17952649295330048,0.7564961910247803,0.6680479049682617,
20,600,A,1,17,0,1,1.15616774559021,0.17363491654396057,0.6699016690254211,0.7368773221969604,
20,600,A,1,17,0,2,1.162825107574463,0.1795637309551239,0.7536715865135193,0.6949915885925293,
20,600,A,1,17,0,3,1.1393401622772217,0.19064787030220032,0.816451907157898,0.6287546753883362,
20,600,A,1,17,1,0,-0.0437244176864624,1.1651066541671753,-2.1733078956604004,0.6463683843612671,
20,600,A,1,17,1,1,0.282055139541626,0.8326953053474426,-1.9486587047576904,0.7281801700592041,
20,600,A,1,17,1,2,0.06983470916748047,1.0360047817230225,-2.076669216156006,0.6744691133499146,
20,600,A,1,17,1,3,0.31808435916900635,0.9324383735656738,-2.1306710243225098,0.724228024482727,
20,600,A,1,18,0,0,1.0592721700668335,2.682347059249878,-1.0891978740692139,0.4447425603866577,
20,600,A,1,18,0,1,1.547012448310852,2.429246187210083,-0.9829971790313721,0.5101591348648071,
20,600,A,1,18,0,2,1.0097144842147827,2.6710870265960693,-1.1819589138031006,0.4507056176662445,
20,600,A,1,18,0,3,0.684126615524292,2.5959885120391846,-1.085414171218872,0.4053439199924469,
20,600,A,1,18,1,0,0.945274829864502,1.2628971338272095,-0.25903141498565674,0.48812606930732727,
20,600,A,1,18,1,1,0.6483034491539001,1.274101972579956,-0.37294477224349976,0.44492045044898987,
20,600,A,1,18,1,2,0.7073157429695129,1.5747952461242676,-0.37038207054138184,0.4062961935997009,
20,600,A,1,18,1,3,0.9857264757156372,1.5991063117980957,-0.3102283477783203,0.44764333963394165,
20,600,A,1,19,0,0,5.884248733520508,8.393440246582031,0.17779600620269775,0.40471601486206055,
20,600,A,1,19,0,1,6.482381820678711,7.166982650756836,0.16699814796447754,0.46841806173324585,
20,600,A,1,19,0,2,3.8034849166870117,7.042203903198242,0.3671231269836426,0.32794201374053955,
20,600,A,1,19,0,3,5.20123291015625,7.8027143478393555,1.0530669689178467,0.34710127115249634,
20,600,A,1,19,1,0,9.659049987792969,7.4668755531311035,0.8136091232299805,0.5422553420066833,
20,600,A,1,19,1,1,6.938770771026611,9.18655014038086,1.099429965019226,0.3886186182498932,
20,600,A,1,19,1,2,8.370745658874512,9.096126556396484,1.303615689277649,0.4372342824935913,
20,600,A,1,19,1,3,8.03619384765625,8.552249908447266,0.10899662971496582,0.48103538155555725,
20,600,A,1,20,0,0,3.311030387878418,3.872866153717041,0.3256574273109436,0.43529731035232544,
20,600,A,1,20,0,1,3.242724895477295,3.970785617828369,0.4550985097885132,0.4124676287174225,
20,600,A,1,20,0,2,2.6527583599090576,3.9533183574676514,0.2590891122817993,0.37713468074798584,
20,600,A,1,20,0,3,2.4516329765319824,3.84159255027771,0.3024445176124573,0.35874927043914795,
20,600,A,1,20,1,0,1.6023926734924316,5.0901689529418945,-2.7444260120391846,0.4606150984764099,
20,600,A,1,20,1,1,1.1889114379882812,5.794661045074463,-3.152170419692993,0.4282943904399872,
20,600,A,1,20,1,2,2.9901373386383057,6.990574836730957,-2.9685704708099365,0.4601573348045349,
20,600,A,1,20,1,3,1.3809013366699219,5.293543338775635,-3.089961051940918,0.45787349343299866,
20,600,A,1,21,0,0,0.46212494373321533,0.8939211964607239,-0.8799616694450378,0.6002155542373657,
20,600,A,1,21,0,1,0.15289413928985596,0.8434103727340698,-1.0267083644866943,0.5830919146537781,
20,600,A,1,21,0,2,1.0212726593017578,0.8461893200874329,-1.047675609588623,0.7097257971763611,
20,600,A,1,21,0,3,0.4810326099395752,1.017533779144287,-1.0237352848052979,0.596585214138031,
20,600,A,1,21,1,0,3.716449737548828,0.6197158098220825,2.103468418121338,0.722436249256134,
20,600,A,1,21,1,1,3.26900053024292,0.7074294686317444,1.9726018905639648,0.6469610333442688,
20,600,A,1,21,1,2,3.6735219955444336,0.7161096930503845,2.0861151218414307,0.689123272895813,
20,600,A,1,21,1,3,2.978513240814209,0.7619708776473999,2.0212721824645996,0.5567905902862549,
20,600,A,1,22,0,0,0.03083980083465576,0.5064153671264648,-0.7241698503494263,0.5985371470451355,
20,600,A,1,22,0,1,-0.050605952739715576,0.45367151498794556,-0.6831454634666443,0.5823357701301575,
20,600,A,1,22,0,2,0.06752771139144897,0.4396790862083435,-0.6491292715072632,0.6197652816772461,
20,600,A,1,22,0,3,0.24607670307159424,0.4318124055862427,-0.7176516056060791,0.69057697057724,
20,600,A,1,22,1,0,3.0932068824768066,1.6059688329696655,-0.09498906135559082,0.6650159358978271,
20,600,A,1,22,1,1,2.769551992416382,1.6061311960220337,-0.10591542720794678,0.6416164636611938,
20,600,A,1,22,1,2,2.637209892272949,1.646965503692627,-0.07566896080970764,0.6222421526908875,
20,600,A,1,22,1,3,2.8790688514709473,1.7992563247680664,-0.41018688678741455,0.6464081406593323,
20,600,A,1,23,0,0,3.1784818172454834,0.9647926688194275,1.9469425678253174,0.5607254505157471,
20,600,A,1,23,0,1,2.639061212539673,0.8413395881652832,1.9866716861724854,0.4367522597312927,
20,600,A,1,23,0,2,3.1238057613372803,1.1173948049545288,1.8563835620880127,0.5314546823501587,
20,600,A,1,23,0,3,3.1010241508483887,1.0992786884307861,1.962613582611084,0.5087438225746155,
20,600,A,1,23,1,0,2.1201882362365723,1.1550928354263306,1.1279820203781128,0.4620717167854309,
20,600,A,1,23,1,1,2.3148772716522217,1.0646350383758545,0.8289409875869751,0.5825895667076111,
20,600,A,1,23,1,2,1.8283836841583252,1.3298261165618896,0.7848543524742126,0.439685195684433,
20,600,A,1,23,1,3,1.9414035081863403,1.290113091468811,0.5659768581390381,0.5160030722618103,
20,600,A,1,24,0,0,7.536741256713867,14.704553604125977,2.2464776039123535,0.2645817697048187,
20,600,A,1,24,0,1,6.957164764404297,13.632166862487793,2.666825771331787,0.2393827736377716,
20,600,A,1,24,0,2,7.454995155334473,13.140746116638184,2.1506099700927734,0.28757643699645996,
20,600,A,1,24,0,3,5.857394218444824,12.997657775878906,2.09220552444458,0.22461509704589844,
20,600,A,1,24,1,0,4.170969009399414,9.424784660339355,0.09048986434936523,0.30213993787765503,
20,600,A,1,24,1,1,3.1101577281951904,8.309900283813477,-0.31798481941223145,0.29205402731895447,
20,600,A,1,24,1,2,2.754803419113159,8.283843994140625,-0.13528704643249512,0.2586457133293152,
20,600,A,1,24,1,3,4.859530448913574,9.101405143737793,-0.05058455467224121,0.35043415427207947,
20,600,A,1,25,0,0,3.3367128372192383,7.056754112243652,0.9042235016822815,0.2563417851924896,
20,600,A,1,25,0,1,4.068171977996826,7.488734245300293,0.8586916923522949,0.30000150203704834,
20,600,A,1,25,0,2,3.6948890686035156,7.149936199188232,1.0305389165878296,0.27147671580314636,
20,600,A,1,25,0,3,2.6363768577575684,7.779839992523193,0.9241487383842468,0.18038514256477356,
20,600,A,1,25,1,0,15.610319137573242,17.27365493774414,2.885981559753418,0.424172967672348,
20,600,A,1,25,1,1,12.766303062438965,17.58244514465332,2.878260612487793,0.3599514663219452,
20,600,A,1,25,1,2,12.769890785217285,16.25438117980957,2.620234489440918,0.3843978941440582,
20,600,A,1,25,1,3,13.68411922454834,16.154218673706055,2.5419692993164062,0.40819165110588074,
20,600,A,1,26,0,0,4.9614458084106445,5.081254482269287,2.2087650299072266,0.35137903690338135,
20,600,A,1,26,0,1,4.402622699737549,5.66759729385376,2.46950101852417,0.25433406233787537,
20,600,A,1,26,0,2,4.670346260070801,5.896852970123291,2.280648946762085,0.2883826494216919,
20,600,A,1,26,0,3,4.915213584899902,4.9379048347473145,2.3987765312194824,0.3375800549983978,
20,600,A,1,26,1,0,3.215507745742798,8.226086616516113,0.5590298771858215,0.2441040277481079,
20,600,A,1,26,1,1,3.2463724613189697,6.616435527801514,0.3172845244407654,0.30685463547706604,
20,600,A,1,26,1,2,4.035042762756348,6.833752155303955,0.48592180013656616,0.34182456135749817,
20,600,A,1,26,1,3,4.174732685089111,9.178091049194336,0.2681576609611511,0.29856130480766296,
20,600,A,1,27,0,0,8.455286026000977,11.207701683044434,1.1097904443740845,0.39591532945632935,
20,600,A,1,27,0,1,6.1298675537109375,13.828453063964844,0.8814845681190491,0.2751181125640869,
20,600,A,1,27,0,2,8.379063606262207,12.952614784240723,1.272214412689209,0.35428908467292786,
20,600,A,1,27,0,3,6.290949821472168,16.82368278503418,0.8127644658088684,0.2456379532814026,
20,600,A,1,27,1,0,35.09771728515625,55.90448760986328,6.6448259353637695,0.33728986978530884,
20,600,A,1,27,1,1,15.824234962463379,56.84152603149414,5.647365570068359,0.15185187757015228,
20,600,A,1,27,1,2,17.342388153076172,59.06072235107422,4.501069068908691,0.17859463393688202,
20,600,A,1,27,1,3,31.87176513671875,47.63705062866211,4.466446876525879,0.36519792675971985,
20,600,A,1,28,0,0,13.597496032714844,15.6506986618042,2.5469956398010254,0.4138578474521637,
20,600,A,1,28,0,1,14.634281158447266,23.79452133178711,2.9415574073791504,0.32949090003967285,
20,600,A,1,28,0,2,8.162862777709961,16.50300407409668,2.390606641769409,0.2591330409049988,
20,600,A,1,28,0,3,11.917947769165039,17.526451110839844,2.5497968196868896,0.34832829236984253,
20,600,A,1,28,1,0,16.721824645996094,38.26494598388672,0.40425169467926025,0.2989523708820343,
20,600,A,1,28,1,1,12.063434600830078,28.64645767211914,1.6140522956848145,0.2672760784626007,
20,600,A,1,28,1,2,16.14695930480957,28.630977630615234,0.4948526620864868,0.35345566272735596,
20,600,A,1,28,1,3,19.622005462646484,28.10676383972168,0.6416045427322388,0.4030907452106476,
20,600,A,1,29,0,0,4.0412797927856445,7.7016754150390625,1.8334110975265503,0.22280225157737732,
20,600,A,1,29,0,1,4.44003963470459,6.0910186767578125,1.8389513492584229,0.2992471754550934,
20,600,A,1,29,0,2,4.409505844116211,6.3205790519714355,2.2216310501098633,0.2571412920951843,
20,600,A,1,29,0,3,5.632015228271484,7.569104194641113,2.0468521118164062,0.32141628861427307,
20,600,A,1,29,1,0,24.078847885131836,34.626529693603516,2.0144243240356445,0.38920536637306213,
20,600,A,1,29,1,1,18.49764060974121,39.91794204711914,2.7779757976531982,0.28253668546676636,
20,600,A,1,29,1,2,13.89561653137207,38.33272171020508,2.218324899673462,0.23349907994270325,
20,600,A,1,29,1,3,29.32299041748047,39.90948486328125,3.1807234287261963,0.3957846164703369,
20,600,A,1,30,0,0,5.677286624908447,8.866581916809082,1.1620004177093506,0.33741822838783264,
20,600,A,1,30,0,1,4.888853549957275,9.127816200256348,1.8032652139663696,0.252639502286911,
20,600,A,1,30,0,2,3.956131935119629,9.754300117492676,0.647294819355011,0.25329574942588806,
20,600,A,1,30,0,3,6.030056476593018,8.333584785461426,0.9545595645904541,0.37851187586784363,
20,600,A,1,30,1,0,5.2399396896362305,5.587198734283447,0.5131574869155884,0.45828884840011597,
20,600,A,1,30,1,1,3.3414108753204346,7.024877071380615,0.4752039909362793,0.28977683186531067,
20,600,A,1,30,1,2,6.3470563888549805,6.805996417999268,0.8678136467933655,0.44600212574005127,
20,600,A,1,30,1,3,4.630431652069092,5.926782608032227,0.7010641098022461,0.3986716568470001,
20,600,A,1,31,0,0,8.91069507598877,13.676833152770996,2.273743152618408,0.32672157883644104,
20,600,A,1,31,0,1,6.062234878540039,14.595147132873535,1.823433518409729,0.22506174445152283,
20,600,A,1,31,0,2,9.36136245727539,15.292593955993652,0.8032529950141907,0.35881999135017395,
20,600,A,1,31,0,3,4.750014781951904,12.39830207824707,0.5456583499908447,0.253233939409256,
20,600,A,1,31,1,0,1.031912088394165,5.694676399230957,-1.7237298488616943,0.3260991871356964,
20,600,A,1,31,1,1,1.4118194580078125,5.221517562866211,-2.3051583766937256,0.4158393144607544,
20,600,A,1,31,1,2,0.6384313106536865,6.573269844055176,-1.77846097946167,0.26883745193481445,
20,600,A,1,31,1,3,1.8410489559173584,7.158634662628174,-1.9795647859573364,0.34798499941825867,
20,600,A,1,32,0,0,3.1538124084472656,2.5002408027648926,1.8054265975952148,0.3503550589084625,
20,600,A,1,32,0,1,3.2380013465881348,2.2709829807281494,1.862241506576538,0.37725716829299927,
20,600,A,1,32,0,2,3.2275748252868652,2.577956438064575,1.7770622968673706,0.3600654602050781,
20,600,A,1,32,0,3,3.0142459869384766,2.5448927879333496,1.692743182182312,0.34179195761680603,
20,600,A,1,32,1,0,0.42813873291015625,2.9825477600097656,-1.2423608303070068,0.3590119481086731,
20,600,A,1,32,1,1,0.8264865875244141,2.9103167057037354,-1.322106957435608,0.42471468448638916,
20,600,A,1,32,1,2,0.05680835247039795,2.5336246490478516,-1.3016324043273926,0.34902822971343994,
20,600,A,1,32,1,3,0.44178831577301025,2.8829240798950195,-1.301756501197815,0.3768629729747772,
20,600,A,1,33,0,0,14.345513343811035,20.304180145263672,1.2940685749053955,0.3912816643714905,
20,600,A,1,33,0,1,12.549213409423828,23.083744049072266,0.32506662607192993,0.34621572494506836,
20,600,A,1,33,0,2,13.271303176879883,20.107921600341797,0.014874815940856934,0.3973231315612793,
20,600,A,1,33,0,3,10.19975471496582,26.193866729736328,0.2329343557357788,0.2756258547306061,
20,600,A,1,33,1,0,10.56872844696045,24.240367889404297,0.19550156593322754,0.2996864914894104,
20,600,A,1,33,1,1,15.7715425491333,21.415924072265625,0.40130293369293213,0.41782665252685547,
20,600,A,1,33,1,2,6.4267730712890625,25.541242599487305,-0.1273646354675293,0.2042081356048584,
20,600,A,1,33,1,3,7.065814971923828,24.27254295349121,1.2665693759918213,0.19284671545028687,
20,600,A,1,34,0,0,10.132965087890625,20.531143188476562,0.3266255259513855,0.3232416808605194,
20,600,A,1,34,0,1,10.871257781982422,16.715139389038086,0.27397269010543823,0.3880023658275604,
20,600,A,1,34,0,2,7.772588729858398,20.88313865661621,0.730548620223999,0.25217530131340027,
20,600,A,1,34,0,3,7.215791702270508,17.5349178314209,0.5759661197662354,0.2746596038341522,
20,600,A,1,34,1,0,12.669550895690918,23.47088623046875,-0.2720581889152527,0.3554166853427887,
20,600,A,1,34,1,1,12.413495063781738,24.515729904174805,-0.7456654906272888,0.34928199648857117,
20,600,A,1,34,1,2,12.840325355529785,19.179487228393555,-0.4475921392440796,0.40926945209503174,
20,600,A,1,34,1,3,11.239214897155762,17.14470672607422,-0.19542348384857178,0.40010151267051697,
20,600,A,1,35,0,0,10.644721984863281,24.645944595336914,0.7884292602539062,0.2856711149215698,
20,600,A,1,35,0,1,11.737405776977539,26.280908584594727,0.5683600306510925,0.29823923110961914,
20,600,A,1,35,0,2,12.874576568603516,27.900562286376953,0.8193498253822327,0.30171412229537964,
20,600,A,1,35,0,3,15.302297592163086,28.03215217590332,0.951200544834137,0.33860304951667786,
20,600,A,1,35,1,0,8.239784240722656,7.373059272766113,1.672208547592163,0.4711102247238159,
20,600,A,1,35,1,1,6.9686994552612305,10.052597999572754,1.6545685529708862,0.3458205461502075,
20,600,A,1,35,1,2,4.019465446472168,10.155313491821289,1.9653120040893555,0.1682426780462265,
20,600,A,1,35,1,3,5.452553749084473,8.216976165771484,1.58040452003479,0.3203001916408539,
20,600,A,2,0,0,0,9.268180847167969,5.481125354766846,2.503469944000244,0.5524090528488159,
20,600,A,2,0,0,1,8.467914581298828,5.880552768707275,2.8258864879608154,0.4896496534347534,
20,600,A,2,0,0,2,8.411083221435547,6.077256679534912,2.374274730682373,0.4983305335044861,
20,600,A,2,0,0,3,6.892848491668701,5.413874626159668,2.9990429878234863,0.41834330558776855,
20,600,A,2,0,1,0,12.757590293884277,10.935250282287598,0.30313557386398315,0.5324758887290955,
20,600,A,2,0,1,1,9.30138111114502,12.160130500793457,0.006787091493606567,0.43321898579597473,
20,600,A,2,0,1,2,9.509711265563965,11.228360176086426,0.8082500696182251,0.4366050660610199,
20,600,A,2,0,1,3,10.085358619689941,10.330427169799805,0.5587230920791626,0.4797605276107788,
20,600,A,2,1,0,0,14.108827590942383,9.228937149047852,4.304978370666504,0.5151032209396362,
20,600,A,2,1,0,1,12.53827953338623,10.410473823547363,3.3181333541870117,0.46968185901641846,
20,600,A,2,1,0,2,11.353808403015137,11.965408325195312,2.8810009956359863,0.4145570993423462,
20,600,A,2,1,0,3,10.700164794921875,11.541526794433594,2.532527208328247,0.4144081175327301,
20,600,A,2,1,1,0,4.537968635559082,5.252424240112305,0.22260063886642456,0.4510307013988495,
20,600,A,2,1,1,1,3.966437578201294,5.225973129272461,0.29679620265960693,0.4125225245952606,
20,600,A,2,1,1,2,6.827901840209961,5.7925591468811035,0.21735036373138428,0.5329752564430237,
20,600,A,2,1,1,3,5.098812103271484,4.33259391784668,-0.028740644454956055,0.5420162081718445,
20,600,A,2,2,0,0,11.329084396362305,13.884672164916992,0.9537726640701294,0.4276718199253082,
20,600,A,2,2,0,1,12.832437515258789,14.858135223388672,1.5402532815933228,0.4318182170391083,
20,600,A,2,2,0,2,11.705644607543945,11.010029792785645,1.4721758365631104,0.481722354888916,
20,600,A,2,2,0,3,13.666425704956055,12.845848083496094,0.7530543804168701,0.5013106465339661,
20,600,A,2,2,1,0,7.616372585296631,10.845829010009766,-0.4478018283843994,0.4264501929283142,
20,600,A,2,2,1,1,5.684296131134033,12.158034324645996,-0.6118608713150024,0.3411776125431061,
20,600,A,2,2,1,2,8.090076446533203,10.65009593963623,-0.8095839619636536,0.455231249332428,
20,600,A,2,2,1,3,5.809021949768066,12.490532875061035,-0.9492940902709961,0.351102352142334,
20,600,A,2,3,0,0,31.34212875366211,44.07912826538086,6.189256191253662,0.3633127808570862,
20,600,A,2,3,0,1,30.834346771240234,46.98050308227539,3.7382566928863525,0.36578479409217834,
20,600,A,2,3,0,2,34.11967086791992,36.022640228271484,4.048697471618652,0.4549754858016968,
20,600,A,2,3,0,3,24.64101791381836,46.215965270996094,3.1593494415283203,0.3173178434371948,
20,600,A,2,3,1,0,14.17695140838623,48.86959457397461,0.582067608833313,0.21764183044433594,
20,600,A,2,3,1,1,10.868550300598145,33.03639602661133,1.2572648525238037,0.2253647744655609,
20,600,A,2,3,1,2,13.00742244720459,33.40925216674805,1.0249624252319336,0.26397904753685,
20,600,A,2,3,1,3,18.347496032714844,37.233131408691406,0.48116302490234375,0.324256032705307,
20,600,A,2,4,0,0,11.664019584655762,24.189205169677734,3.5354137420654297,0.25152093172073364,
20,600,A,2,4,0,1,11.101280212402344,27.398778915405273,3.3956069946289062,0.21950700879096985,
20,600,A,2,4,0,2,17.411903381347656,24.415889739990234,3.351392984390259,0.3654320538043976,
20,600,A,2,4,0,3,16.005491256713867,29.201425552368164,3.97843074798584,0.2917172610759735,
20,600,A,2,4,1,0,4.298184394836426,12.027724266052246,-1.2425647974014282,0.3153802156448364,
20,600,A,2,4,1,1,7.973040580749512,10.430333137512207,-1.0840320587158203,0.46476542949676514,
20,600,A,2,4,1,2,5.459632873535156,10.676063537597656,-1.0712049007415771,0.3795475959777832,
20,600,A,2,4,1,3,6.959650039672852,14.925182342529297,-0.6626956462860107,0.3380568325519562,
20,600,A,2,5,0,0,8.26202392578125,8.660765647888184,2.1669626235961914,0.41306132078170776,
20,600,A,2,5,0,1,7.465131759643555,10.321187973022461,2.8558645248413086,0.3087157607078552,
20,600,A,2,5,0,2,9.499939918518066,8.694257736206055,2.2798666954040527,0.4536837339401245,
20,600,A,2,5,0,3,8.96641731262207,11.654586791992188,2.272085666656494,0.3648352026939392,
20,600,A,2,5,1,0,15.990455627441406,25.43079948425293,0.4287142753601074,0.37962374091148376,
20,600,A,2,5,1,1,12.651693344116211,23.713645935058594,0.029912948608398438,0.347368448972702,
20,600,A,2,5,1,2,9.445605278015137,24.11097526550293,-0.15209782123565674,0.28472498059272766,
20,600,A,2,5,1,3,16.38580894470215,25.87113380432129,-0.30151963233947754,0.3921036422252655,
20,600,A,2,6,0,0,26.61004066467285,78.57447052001953,1.795576810836792,0.2400108277797699,
20,600,A,2,6,0,1,31.679576873779297,86.010498046875,1.2533917427062988,0.26131099462509155,
20,600,A,2,6,0,2,40.66617202758789,83.86325073242188,1.815377950668335,0.3165961802005768,
20,600,A,2,6,0,3,32.44700241088867,79.50548553466797,1.8979706764221191,0.2775809168815613,
20,600,A,2,6,1,0,18.161739349365234,76.01371765136719,2.507981061935425,0.17076677083969116,
20,600,A,2,6,1,1,22.529438018798828,77.2954330444336,2.3903279304504395,0.20669375360012054,
20,600,A,2,6,1,2,26.499223709106445,67.4886474609375,3.13712215423584,0.2571481466293335,
20,600,A,2,6,1,3,30.976787567138672,85.85285949707031,3.65928316116333,0.241383895277977,
20,600,A,2,7,0,0,13.433576583862305,40.57564926147461,2.2707552909851074,0.21575474739074707,
20,600,A,2,7,0,1,17.93805694580078,37.356685638427734,2.3286147117614746,0.2947061061859131,
20,600,A,2,7,0,2,14.884125709533691,45.819976806640625,2.21437668800354,0.21661494672298431,
20,600,A,2,7,0,3,9.677839279174805,42.68763732910156,2.6880390644073486,0.1407037228345871,
20,600,A,2,7,1,0,21.719783782958984,29.645462036132812,1.7693309783935547,0.40226003527641296,
20,600,A,2,7,1,1,12.011616706848145,33.96794509887695,1.2186274528503418,0.2411252111196518,
20,600,A,2,7,1,2,13.937983512878418,38.585323333740234,1.149017572402954,0.24893708527088165,
20,600,A,2,7,1,3,14.306577682495117,32.19038391113281,1.663033366203308,0.28200840950012207,
20,600,A,2,8,0,0,4.504683017730713,35.64112854003906,1.0341057777404785,0.08873499929904938,
20,600,A,2,8,0,1,10.148760795593262,38.15391540527344,1.161909818649292,0.19063861668109894,
20,600,A,2,8,0,2,6.569416522979736,30.955581665039062,1.0882898569107056,0.15042869746685028,
20,600,A,2,8,0,3,12.305617332458496,31.909114837646484,1.1771204471588135,0.25857606530189514,
20,600,A,2,8,1,0,14.925996780395508,33.36620330810547,2.636647939682007,0.26917532086372375,
20,600,A,2,8,1,1,9.749479293823242,28.30829620361328,2.5576369762420654,0.2025863230228424,
20,600,A,2,8,1,2,8.042329788208008,36.20918655395508,3.087209939956665,0.12037419527769089,
20,600,A,2,8,1,3,11.234466552734375,28.84520721435547,2.658223867416382,0.22917985916137695,
20,600,A,2,9,0,0,9.22131061553955,19.547109603881836,2.6386983394622803,0.2519204914569855,
20,600,A,2,9,0,1,12.14574146270752,25.88506507873535,2.2645673751831055,0.2762709856033325,
20,600,A,2,9,0,2,13.052593231201172,27.296733856201172,2.998661518096924,0.26917678117752075,
20,600,A,2,9,0,3,9.039137840270996,25.753398895263672,2.9555001258850098,0.1910868138074875,
20,600,A,2,9,1,0,15.779260635375977,36.13622283935547,3.1099748611450195,0.25958719849586487,
20,600,A,2,9,1,1,10.593145370483398,36.08182144165039,3.4599192142486572,0.16506348550319672,
20,600,A,2,9,1,2,19.884187698364258,35.738380432128906,2.386554479598999,0.3286803662776947,
20,600,A,2,9,1,3,11.103632926940918,33.272552490234375,2.757789373397827,0.20053255558013916,
20,600,A,2,10,0,0,19.882137298583984,35.29947280883789,1.0772478580474854,0.34756699204444885,
20,600,A,2,10,0,1,15.620132446289062,37.695438385009766,0.37290120124816895,0.2879951298236847,
20,600,A,2,10,0,2,14.99620246887207,33.485748291015625,1.1621179580688477,0.2923527657985687,
20,600,A,2,10,0,3,23.970731735229492,33.82577896118164,1.0437119007110596,0.40398040413856506,
20,600,A,2,10,1,0,9.671875953674316,23.388748168945312,-0.14024567604064941,0.2955380976200104,
20,600,A,2,10,1,1,5.6640119552612305,25.8992862701416,-0.13568127155303955,0.18296152353286743,
20,600,A,2,10,1,2,8.702988624572754,21.073396682739258,0.04528987407684326,0.2912001311779022,
20,600,A,2,10,1,3,8.646261215209961,20.809974670410156,-0.08124160766601562,0.2954721748828888,
20,600,A,2,11,0,0,1.8871660232543945,6.555380821228027,-1.162577509880066,0.3175121247768402,
20,600,A,2,11,0,1,2.0852367877960205,6.481326103210449,-1.1264294385910034,0.3313389718532562,
20,600,A,2,11,0,2,0.5133988857269287,6.389416217803955,-1.1086325645446777,0.20246420800685883,
20,600,A,2,11,0,3,1.0959296226501465,6.002891540527344,-1.0464746952056885,0.2630234956741333,
20,600,A,2,11,1,0,3.719280242919922,14.633546829223633,0.21172475814819336,0.19334852695465088,
20,600,A,2,11,1,1,6.505157470703125,13.298934936523438,0.3931030035018921,0.314875990152359,
20,600,A,2,11,1,2,5.182920932769775,13.035709381103516,-0.11641943454742432,0.2890278697013855,
20,600,A,2,11,1,3,9.371870994567871,12.313817977905273,0.8029932975769043,0.41033390164375305,
20,600,A,2,12,0,0,-0.6429194808006287,0.3006766438484192,-1.3304604291915894,0.6957384347915649,
20,600,A,2,12,0,1,-0.7491077184677124,0.30553311109542847,-1.3847825527191162,0.6753819584846497,
20,600,A,2,12,0,2,-0.8350474238395691,0.3059423565864563,-1.360788106918335,0.6321406960487366,
20,600,A,2,12,0,3,-0.6939939260482788,0.312585711479187,-1.3332974910736084,0.671615481376648,
20,600,A,2,12,1,0,1.7988674640655518,1.543534278869629,-1.0645692348480225,0.6497516632080078,
20,600,A,2,12,1,1,1.7945311069488525,1.3447345495224,-0.1368640661239624,0.5895355939865112,
20,600,A,2,12,1,2,2.194581985473633,1.1672391891479492,-0.8395566344261169,0.7221770286560059,
20,600,A,2,12,1,3,1.7932298183441162,1.2880364656448364,-0.7714326977729797,0.665679395198822,
20,600,A,2,13,0,0,3.61972975730896,0.9331830739974976,2.42020320892334,0.5624425411224365,
20,600,A,2,13,0,1,4.0512285232543945,1.001987099647522,2.3174850940704346,0.6337406039237976,
20,600,A,2,13,0,2,3.6137566566467285,0.9741010665893555,2.5930984020233154,0.5116698741912842,
20,600,A,2,13,0,3,3.6141934394836426,1.1007440090179443,2.331012725830078,0.5382639169692993,
20,600,A,2,13,1,0,2.058302402496338,0.5286742448806763,1.6702523231506348,0.42330074310302734,
20,600,A,2,13,1,1,2.174447536468506,0.536831796169281,1.4630179405212402,0.5699363946914673,
20,600,A,2,13,1,2,2.2043166160583496,0.427508145570755,1.4395332336425781,0.6414399743080139,
20,600,A,2,13,1,3,2.1594924926757812,0.4712422788143158,1.5545895099639893,0.5621016621589661,
20,600,A,2,14,0,0,4.856734275817871,1.9794925451278687,2.772141456604004,0.5129303932189941,
20,600,A,2,14,0,1,4.970536231994629,2.1001930236816406,2.736762523651123,0.5154109597206116,
20,600,A,2,14,0,2,4.046027183532715,2.2288146018981934,2.6446847915649414,0.3860280513763428,
20,600,A,2,14,0,3,4.469343185424805,2.036161422729492,2.5953822135925293,0.4792588949203491,
20,600,A,2,14,1,0,-0.19248437881469727,1.1720787286758423,-0.6245003938674927,0.2693207561969757,
20,600,A,2,14,1,1,0.1011422872543335,0.9428740739822388,-1.1486347913742065,0.569984495639801,
20,600,A,2,14,1,2,-0.03319978713989258,1.0140001773834229,-0.7290728688240051,0.4069734811782837,
20,600,A,2,14,1,3,-0.13625431060791016,1.045458436012268,-1.1237434148788452,0.48574256896972656,
20,600,A,2,15,0,0,0.16026026010513306,0.6898206472396851,-3.0012269020080566,0.8208866119384766,
20,600,A,2,15,0,1,0.36825597286224365,0.6684264540672302,-2.366128444671631,0.8035663962364197,
20,600,A,2,15,0,2,0.1191205382347107,0.5868555307388306,-2.895651340484619,0.8370582461357117,
20,600,A,2,15,0,3,-0.06006801128387451,0.6452195644378662,-3.1294991970062256,0.8263041377067566,
20,600,A,2,15,1,0,0.36202651262283325,0.24835024774074554,-1.1248564720153809,0.856877863407135,
20,600,A,2,15,1,1,0.39238953590393066,0.27916887402534485,-1.0992546081542969,0.8423498868942261,
20,600,A,2,15,1,2,0.2556845545768738,0.2615780830383301,-1.042805552482605,0.8323290348052979,
20,600,A,2,15,1,3,0.08024144172668457,0.32467353343963623,-1.1457436084747314,0.7906221747398376,
20,600,A,2,16,0,0,-0.428364634513855,0.37238889932632446,-1.6716325283050537,0.7695123553276062,
20,600,A,2,16,0,1,-0.8307321667671204,0.3241291344165802,-1.735552191734314,0.7362550497055054,
20,600,A,2,16,0,2,-0.688959002494812,0.3767760396003723,-1.6111280918121338,0.7099369168281555,
20,600,A,2,16,0,3,-0.5822317600250244,0.3516356647014618,-1.5799226760864258,0.7393991351127625,
20,600,A,2,16,1,0,-1.700178623199463,0.16218824684619904,-2.128641128540039,0.7254075407981873,
20,600,A,2,16,1,1,-1.65159010887146,0.14259272813796997,-2.213315963745117,0.7975451350212097,
20,600,A,2,16,1,2,-1.6830289363861084,0.14491724967956543,-2.077631950378418,0.7313960790634155,
20,600,A,2,16,1,3,-1.6808348894119263,0.15054979920387268,-2.0099596977233887,0.686141848564148,
20,600,A,2,17,0,0,1.1177902221679688,0.17952649295330048,0.7766293287277222,0.6552125215530396,
20,600,A,2,17,0,1,1.15616774559021,0.17363491654396057,0.6769509315490723,0.7340362071990967,
20,600,A,2,17,0,2,1.162825107574463,0.1795637309551239,0.7182538509368896,0.7122998237609863,
20,600,A,2,17,0,3,1.1393401622772217,0.19064787030220032,0.7205519676208496,0.6871733069419861,
20,600,A,2,17,1,0,-0.0437244176864624,1.1651066541671753,-2.112312078475952,0.6396979689598083,
20,600,A,2,17,1,1,0.282055139541626,0.8326953053474426,-2.0562872886657715,0.7374060750007629,
20,600,A,2,17,1,2,0.06983470916748047,1.0360047817230225,-2.2883033752441406,0.6947668790817261,
20,600,A,2,17,1,3,0.31808435916900635,0.9324383735656738,-2.675352096557617,0.7624890208244324,
20,600,A,2,18,0,0,1.0592721700668335,2.682347059249878,-1.307873010635376,0.468788743019104,
20,600,A,2,18,0,1,1.547012448310852,2.429246187210083,-1.0371406078338623,0.5154493451118469,
20,600,A,2,18,0,2,1.0097144842147827,2.6710870265960693,-1.1366815567016602,0.4455430507659912,
20,600,A,2,18,0,3,0.684126615524292,2.5959885120391846,-1.1126476526260376,0.40903058648109436,
20,600,A,2,18,1,0,0.945274829864502,1.2628971338272095,-0.2983033061027527,0.49614620208740234,
20,600,A,2,18,1,1,0.6483034491539001,1.274101972579956,-0.4301310181617737,0.4584134817123413,
20,600,A,2,18,1,2,0.7073157429695129,1.5747952461242676,-0.28559333086013794,0.3866913616657257,
20,600,A,2,18,1,3,0.9857264757156372,1.5991063117980957,-0.27703922986984253,0.4412376582622528,
20,600,A,2,19,0,0,5.884248733520508,8.393440246582031,-0.03611910343170166,0.41361233592033386,
20,600,A,2,19,0,1,6.482381820678711,7.166982650756836,-0.2406761646270752,0.48402002453804016,
20,600,A,2,19,0,2,3.8034849166870117,7.042203903198242,-0.07895016670227051,0.35538336634635925,
20,600,A,2,19,0,3,5.20123291015625,7.8027143478393555,0.6060973405838013,0.37063971161842346,
20,600,A,2,19,1,0,9.659049987792969,7.4668755531311035,0.17350482940673828,0.559539258480072,
20,600,A,2,19,1,1,6.938770771026611,9.18655014038086,0.8101818561553955,0.4001654088497162,
20,600,A,2,19,1,2,8.370745658874512,9.096126556396484,0.5191004276275635,0.46328479051589966,
20,600,A,2,19,1,3,8.03619384765625,8.552249908447266,0.06246662139892578,0.48249655961990356,
20,600,A,2,20,0,0,3.311030387878418,3.872866153717041,0.06801033020019531,0.455743670463562,
20,600,A,2,20,0,1,3.242724895477295,3.970785617828369,0.5671721696853638,0.40256041288375854,
20,600,A,2,20,0,2,2.6527583599090576,3.9533183574676514,0.5669467449188232,0.34538283944129944,
20,600,A,2,20,0,3,2.4516329765319824,3.84159255027771,0.7710225582122803,0.30433693528175354,
20,600,A,2,20,1,0,1.6023926734924316,5.0901689529418945,-2.6121668815612793,0.4529481530189514,
20,600,A,2,20,1,1,1.1889114379882812,5.794661045074463,-2.824902296066284,0.409218966960907,
20,600,A,2,20,1,2,2.9901373386383057,6.990574836730957,-2.5215392112731934,0.4408546984195709,
20,600,A,2,20,1,3,1.3809013366699219,5.293543338775635,-2.7481484413146973,0.43820738792419434,
20,600,A,2,21,0,0,0.46212494373321533,0.8939211964607239,-1.203385591506958,0.6507344841957092,
20,600,A,2,21,0,1,0.15289413928985596,0.8434103727340698,-0.9252982139587402,0.5610901117324829,
20,600,A,2,21,0,2,1.0212726593017578,0.8461893200874329,-0.8488539457321167,0.6884790658950806,
20,600,A,2,21,0,3,0.4810326099395752,1.017533779144287,-1.007286787033081,0.5939371585845947,
20,600,A,2,21,1,0,3.716449737548828,0.6197158098220825,2.1651651859283447,0.7145482897758484,
20,600,A,2,21,1,1,3.26900053024292,0.7074294686317444,1.9807401895523071,0.645521342754364,
20,600,A,2,21,1,2,3.6735219955444336,0.7161096930503845,2.013611316680908,0.6986096501350403,
20,600,A,2,21,1,3,2.978513240814209,0.7619708776473999,2.160810708999634,0.517640233039856,
20,600,A,2,22,0,0,0.03083980083465576,0.5064153671264648,-0.7167055606842041,0.596147358417511,
20,600,A,2,22,0,1,-0.050605952739715576,0.45367151498794556,-0.7331778407096863,0.600726842880249,
20,600,A,2,22,0,2,0.06752771139144897,0.4396790862083435,-0.6831920146942139,0.6306455731391907,
20,600,A,2,22,0,3,0.24607670307159424,0.4318124055862427,-0.7840954065322876,0.7046395540237427,
20,600,A,2,22,1,0,3.0932068824768066,1.6059688329696655,-0.08452162146568298,0.6642829179763794,
20,600,A,2,22,1,1,2.769551992416382,1.6061311960220337,-0.19585686922073364,0.6486673951148987,
20,600,A,2,22,1,2,2.637209892272949,1.646965503692627,-0.05549830198287964,0.6204863786697388,
20,600,A,2,22,1,3,2.8790688514709473,1.7992563247680664,0.04728293418884277,0.6114791631698608,
20,600,A,2,23,0,0,3.1784818172454834,0.9647926688194275,1.8895578384399414,0.5719104409217834,
20,600,A,2,23,0,1,2.639061212539673,0.8413395881652832,1.902923822402954,0.466654896736145,
20,600,A,2,23,0,2,3.1238057613372803,1.1173948049545288,1.9152697324752808,0.5195924043655396,
20,600,A,2,23,0,3,3.1010241508483887,1.0992786884307861,1.9430248737335205,0.5130069851875305,
20,600,A,2,23,1,0,2.1201882362365723,1.1550928354263306,0.5165629386901855,0.5812936425209045,
20,600,A,2,23,1,1,2.3148772716522217,1.0646350383758545,0.8229063749313354,0.5835748314857483,
20,600,A,2,23,1,2,1.8283836841583252,1.3298261165618896,0.6696711182594299,0.46561968326568604,
20,600,A,2,23,1,3,1.9414035081863403,1.290113091468811,0.4917755126953125,0.5291113257408142,
20,600,A,2,24,0,0,7.536741256713867,14.704553604125977,2.3033807277679443,0.26248282194137573,
20,600,A,2,24,0,1,6.957164764404297,13.632166862487793,2.3267576694488525,0.25354623794555664,
20,600,A,2,24,0,2,7.454995155334473,13.140746116638184,2.236609935760498,0.2842392325401306,
20,600,A,2,24,0,3,5.857394218444824,12.997657775878906,2.289698839187622,0.21537092328071594,
20,600,A,2,24,1,0,4.170969009399414,9.424784660339355,-0.5158178210258484,0.33212363719940186,
20,600,A,2,24,1,1,3.1101577281951904,8.309900283813477,-0.6398679614067078,0.31094932556152344,
20,600,A,2,24,1,2,2.754803419113159,8.283843994140625,-0.5649440884590149,0.2860965430736542,
20,600,A,2,24,1,3,4.859530448913574,9.101405143737793,0.057897210121154785,0.3453657627105713,
20,600,A,2,25,0,0,3.3367128372192383,7.056754112243652,0.7107838988304138,0.27119848132133484,
20,600,A,2,25,0,1,4.068171977996826,7.488734245300293,0.9388428926467896,0.2947174906730652,
20,600,A,2,25,0,2,3.6948890686035156,7.149936199188232,0.6586408615112305,0.2980751395225525,
20,600,A,2,25,0,3,2.6363768577575684,7.779839992523193,0.6089091897010803,0.20673030614852905,
20,600,A,2,25,1,0,15.610319137573242,17.27365493774414,3.2556350231170654,0.416988730430603,
20,600,A,2,25,1,1,12.766303062438965,17.58244514465332,3.2589006423950195,0.3509581685066223,
20,600,A,2,25,1,2,12.769890785217285,16.25438117980957,2.862471342086792,0.3786979019641876,
20,600,A,2,25,1,3,13.68411922454834,16.154218673706055,2.8354763984680176,0.40175899863243103,
20,600,A,2,26,0,0,4.9614458084106445,5.081254482269287,2.077636480331421,0.36205726861953735,
20,600,A,2,26,0,1,4.402622699737549,5.66759729385376,2.211958408355713,0.27877214550971985,
20,600,A,2,26,0,2,4.670346260070801,5.896852970123291,2.2914469242095947,0.28745415806770325,
20,600,A,2,26,0,3,4.915213584899902,4.9379048347473145,2.3070919513702393,0.3456284701824188,
20,600,A,2,26,1,0,3.215507745742798,8.226086616516113,0.37628722190856934,0.25658759474754333,
20,600,A,2,26,1,1,3.2463724613189697,6.616435527801514,0.32713037729263306,0.30613890290260315,
20,600,A,2,26,1,2,4.035042762756348,6.833752155303955,0.37051790952682495,0.3490596413612366,
20,600,A,2,26,1,3,4.174732685089111,9.178091049194336,0.2518056631088257,0.2994368076324463,
20,600,A,2,27,0,0,8.455286026000977,11.207701683044434,1.128628134727478,0.39530137181282043,
20,600,A,2,27,0,1,6.1298675537109375,13.828453063964844,1.1047309637069702,0.2665347456932068,
20,600,A,2,27,0,2,8.379063606262207,12.952614784240723,1.0473871231079102,0.36144599318504333,
20,600,A,2,27,0,3,6.290949821472168,16.82368278503418,1.278372883796692,0.22955292463302612,
20,600,A,2,27,1,0,35.09771728515625,55.90448760986328,4.598733901977539,0.3529833257198334,
20,600,A,2,27,1,1,15.824234962463379,56.84152603149414,4.894783020019531,0.1612703949213028,
20,600,A,2,27,1,2,17.342388153076172,59.06072235107422,5.7760820388793945,0.16376599669456482,
20,600,A,2,27,1,3,31.87176513671875,47.63705062866211,4.549563407897949,0.36449405550956726,
20,600,A,2,28,0,0,13.597496032714844,15.6506986618042,2.6667306423187256,0.4112175703048706,
20,600,A,2,28,0,1,14.634281158447266,23.79452133178711,2.532162666320801,0.337137907743454,
20,600,A,2,28,0,2,8.162862777709961,16.50300407409668,3.340592861175537,0.22612932324409485,
20,600,A,2,28,0,3,11.917947769165039,17.526451110839844,2.706571102142334,0.3445073068141937,
20,600,A,2,28,1,0,16.721824645996094,38.26494598388672,0.9087297916412354,0.29241248965263367,
20,600,A,2,28,1,1,12.063434600830078,28.64645767211914,1.463839054107666,0.27008056640625,
20,600,A,2,28,1,2,16.14695930480957,28.630977630615234,0.5891172885894775,0.3520764410495758,
20,600,A,2,28,1,3,19.622005462646484,28.10676383972168,0.6520055532455444,0.40295884013175964,
20,600,A,2,29,0,0,4.0412797927856445,7.7016754150390625,1.7855477333068848,0.22653809189796448,
20,600,A,2,29,0,1,4.44003963470459,6.0910186767578125,1.8441262245178223,0.29882970452308655,
20,600,A,2,29,0,2,4.409505844116211,6.3205790519714355,1.906141757965088,0.2837013006210327,
20,600,A,2,29,0,3,5.632015228271484,7.569104194641113,1.9521008729934692,0.32713204622268677,
20,600,A,2,29,1,0,24.078847885131836,34.626529693603516,1.6547576189041138,0.3930560052394867,
20,600,A,2,29,1,1,18.49764060974121,39.91794204711914,1.6155251264572144,0.29722005128860474,
20,600,A,2,29,1,2,13.89561653137207,38.33272171020508,2.442884683609009,0.2300417423248291,
20,600,A,2,29,1,3,29.32299041748047,39.90948486328125,1.7033884525299072,0.40900304913520813,
20,600,A,2,30,0,0,5.677286624908447,8.866581916809082,0.5675928592681885,0.3655976355075836,
20,600,A,2,30,0,1,4.888853549957275,9.127816200256348,0.9091391563415527,0.30362045764923096,
20,600,A,2,30,0,2,3.956131935119629,9.754300117492676,0.6784138083457947,0.25151270627975464,
20,600,A,2,30,0,3,6.030056476593018,8.333584785461426,0.9925872087478638,0.3767443597316742,
20,600,A,2,30,1,0,5.2399396896362305,5.587198734283447,0.9043496251106262,0.43693259358406067,
20,600,A,2,30,1,1,3.3414108753204346,7.024877071380615,0.5416780710220337,0.2849713861942291,
20,600,A,2,30,1,2,6.3470563888549805,6.805996417999268,0.8364086151123047,0.44741469621658325,
20,600,A,2,30,1,3,4.630431652069092,5.926782608032227,0.7236862182617188,0.3972882926464081,
20,600,A,2,31,0,0,8.91069507598877,13.676833152770996,1.5115394592285156,0.351070374250412,
20,600,A,2,31,0,1,6.062234878540039,14.595147132873535,0.5923823118209839,0.27260664105415344,
20,600,A,2,31,0,2,9.36136245727539,15.292593955993652,0.4185614287853241,0.3689975440502167,
20,600,A,2,31,0,3,4.750014781951904,12.39830207824707,1.1879348754882812,0.22318261861801147,
20,600,A,2,31,1,0,1.031912088394165,5.694676399230957,-1.8562886714935303,0.33650729060173035,
20,600,A,2,31,1,1,1.4118194580078125,5.221517562866211,-2.255061149597168,0.41254687309265137,
20,600,A,2,31,1,2,0.6384313106536865,6.573269844055176,-1.9639697074890137,0.2836197018623352,
20,600,A,2,31,1,3,1.8410489559173584,7.158634662628174,-1.9966447353363037,0.34899771213531494,
20,600,A,2,32,0,0,3.1538124084472656,2.5002408027648926,1.7825372219085693,0.3541959226131439,
20,600,A,2,32,0,1,3.2380013465881348,2.2709829807281494,1.7110689878463745,0.4020448625087738,
20,600,A,2,32,0,2,3.2275748252868652,2.577956438064575,1.797642469406128,0.35677945613861084,
20,600,A,2,32,0,3,3.0142459869384766,2.5448927879333496,1.6011735200881958,0.35701993107795715,
20,600,A,2,32,1,0,0.42813873291015625,2.9825477600097656,-1.2299786806106567,0.35730165243148804,
20,600,A,2,32,1,1,0.8264865875244141,2.9103167057037354,-1.386291742324829,0.43192216753959656,
20,600,A,2,32,1,2,0.05680835247039795,2.5336246490478516,-1.261512279510498,0.34224799275398254,
20,600,A,2,32,1,3,0.44178831577301025,2.8829240798950195,-1.1913899183273315,0.3616344630718231,
20,600,A,2,33,0,0,14.345513343811035,20.304180145263672,0.22686660289764404,0.4101536273956299,
20,600,A,2,33,0,1,12.549213409423828,23.083744049072266,0.07656261324882507,0.3507850170135498,
20,600,A,2,33,0,2,13.271303176879883,20.107921600341797,0.7684652805328369,0.38339611887931824,
20,600,A,2,33,0,3,10.19975471496582,26.193866729736328,0.4839416742324829,0.2705624997615814,
20,600,A,2,33,1,0,10.56872844696045,24.240367889404297,-0.645904004573822,0.31630608439445496,
20,600,A,2,33,1,1,15.7715425491333,21.415924072265625,0.24593770503997803,0.42027512192726135,
20,600,A,2,33,1,2,6.4267730712890625,25.541242599487305,0.812067985534668,0.18021294474601746,
20,600,A,2,33,1,3,7.065814971923828,24.27254295349121,0.84893798828125,0.20390275120735168,
20,600,A,2,34,0,0,10.132965087890625,20.531143188476562,0.21318942308425903,0.3257627785205841,
20,600,A,2,34,0,1,10.871257781982422,16.715139389038086,0.7527891397476196,0.37708190083503723,
20,600,A,2,34,0,2,7.772588729858398,20.88313865661621,-0.1746729612350464,0.2756556272506714,
20,600,A,2,34,0,3,7.215791702270508,17.5349178314209,0.3337557315826416,0.2818548381328583,
20,600,A,2,34,1,0,12.669550895690918,23.47088623046875,-0.8953179121017456,0.36626410484313965,
20,600,A,2,34,1,1,12.413495063781738,24.515729904174805,-0.5501654744148254,0.345887690782547,
20,600,A,2,34,1,2,12.840325355529785,19.179487228393555,-0.7291628122329712,0.4143484830856323,
20,600,A,2,34,1,3,11.239214897155762,17.14470672607422,-0.6939488053321838,0.41038641333580017,
20,600,A,2,35,0,0,10.644721984863281,24.645944595336914,1.2468336820602417,0.2760525941848755,
20,600,A,2,35,0,1,11.737405776977539,26.280908584594727,0.6090424060821533,0.2974760830402374,
20,600,A,2,35,0,2,12.874576568603516,27.900562286376953,1.0544307231903076,0.29758143424987793,
20,600,A,2,35,0,3,15.302297592163086,28.03215217590332,1.163866639137268,0.3352676331996918,
20,600,A,2,35,1,0,8.239784240722656,7.373059272766113,1.472875952720642,0.47856605052948,
20,600,A,2,35,1,1,6.9686994552612305,10.052597999572754,1.4290391206741333,0.355282723903656,
20,600,A,2,35,1,2,4.019465446472168,10.155313491821289,1.7140331268310547,0.18501558899879456,
20,600,A,2,35,1,3,5.452553749084473,8.216976165771484,1.8629599809646606,0.3040335774421692,
20,600,O,-1,0,0,0,9.268180847167969,5.481125354766846,1.9067147970199585,0.5732071995735168,
20,600,O,-1,0,0,1,8.467914581298828,5.880552768707275,1.9053034782409668,0.5274069309234619,
20,600,O,-1,0,0,2,8.411083221435547,6.077256679534912,1.9078012704849243,0.5169318914413452,
20,600,O,-1,0,0,3,6.892848491668701,5.413874626159668,1.914488434791565,0.47904613614082336,
20,600,O,-1,0,1,0,12.757590293884277,10.935250282287598,-0.38116255402565,0.5457651615142822,
20,600,O,-1,0,1,1,9.30138111114502,12.160130500793457,-0.3843410015106201,0.4433666169643402,
20,600,O,-1,0,1,2,9.509711265563965,11.228360176086426,-0.3678831458091736,0.4680003523826599,
20,600,O,-1,0,1,3,10.085358619689941,10.330427169799805,-0.3841058313846588,0.5033422708511353,
20,600,O,-1,1,0,0,14.108827590942383,9.228937149047852,2.200223207473755,0.5633864402770996,
20,600,O,-1,1,0,1,12.53827953338623,10.410473823547363,2.066326379776001,0.501471996307373,
20,600,O,-1,1,0,2,11.353808403015137,11.965408325195312,1.9895713329315186,0.43902450799942017,
20,600,O,-1,1,0,3,10.700164794921875,11.541526794433594,1.9885801076889038,0.4301356375217438,
20,600,O,-1,1,1,0,4.537968635559082,5.252424240112305,-0.3695855438709259,0.48302802443504333,
20,600,O,-1,1,1,1,3.966437578201294,5.225973129272461,-0.3862031400203705,0.4544123709201813,
20,600,O,-1,1,1,2,6.827901840209961,5.7925591468811035,-0.36956360936164856,0.5540763139724731,
20,600,O,-1,1,1,3,5.098812103271484,4.33259391784668,-0.37994226813316345,0.5584099292755127,
20,600,O,-1,2,0,0,11.329084396362305,13.884672164916992,-0.05672232806682587,0.4505575895309448,
20,600,O,-1,2,0,1,12.832437515258789,14.858135223388672,-0.05306816101074219,0.4644489884376526,
20,600,O,-1,2,0,2,11.705644607543945,11.010029792785645,-0.05068064481019974,0.5163902640342712,
20,600,O,-1,2,0,3,13.666425704956055,12.845848083496094,-0.06776425242424011,0.5167106986045837,
20,600,O,-1,2,1,0,7.616372585296631,10.845829010009766,-1.5003981590270996,0.45669254660606384,
20,600,O,-1,2,1,1,5.684296131134033,12.158034324645996,-1.443320870399475,0.36958134174346924,
20,600,O,-1,2,1,2,8.090076446533203,10.65009593963623,-1.4368923902511597,0.4721682369709015,
20,600,O,-1,2,1,3,5.809021949768066,12.490532875061035,-1.4564237594604492,0.3677593171596527,
20,600,O,-1,3,0,0,31.34212875366211,44.07912826538086,1.7600053548812866,0.4015968143939972,
20,600,O,-1,3,0,1,30.834346771240234,46.98050308227539,1.719056248664856,0.3826136589050293,
20,600,O,-1,3,0,2,34.11967086791992,36.022640228271484,1.669936180114746,0.473909854888916,
20,600,O,-1,3,0,3,24.64101791381836,46.215965270996094,1.7194547653198242,0.3315357565879822,
20,600,O,-1,3,1,0,14.17695140838623,48.86959457397461,-0.6743596196174622,0.23306810855865479,
20,600,O,-1,3,1,1,10.868550300598145,33.03639602661133,-0.7340896129608154,0.2599214017391205,
20,600,O,-1,3,1,2,13.00742244720459,33.40925216674805,-0.7462241053581238,0.29162004590034485,
20,600,O,-1,3,1,3,18.347496032714844,37.233131408691406,-0.6565476655960083,0.3379267156124115,
20,600,O,-1,4,0,0,11.664019584655762,24.189205169677734,2.0029826164245605,0.2854052782058716,
20,600,O,-1,4,0,1,11.101280212402344,27.398778915405273,1.9574449062347412,0.25022390484809875,
20,600,O,-1,4,0,2,17.411903381347656,24.415889739990234,2.0086300373077393,0.3868306875228882,
20,600,O,-1,4,0,3,16.005491256713867,29.201425552368164,1.956416130065918,0.3248303532600403,
20,600,O,-1,4,1,0,4.298184394836426,12.027724266052246,-1.672107219696045,0.33171942830085754,
20,600,O,-1,4,1,1,7.973040580749512,10.430333137512207,-1.650235891342163,0.4798775315284729,
20,600,O,-1,4,1,2,5.459632873535156,10.676063537597656,-1.6743313074111938,0.40055882930755615,
20,600,O,-1,4,1,3,6.959650039672852,14.925182342529297,-1.5646276473999023,0.36351701617240906,
20,600,O,-1,5,0,0,8.26202392578125,8.660765647888184,1.9169583320617676,0.4228399991989136,
20,600,O,-1,5,0,1,7.465131759643555,10.321187973022461,1.914371132850647,0.3497214615345001,
20,600,O,-1,5,0,2,9.499939918518066,8.694257736206055,1.9205833673477173,0.46574512124061584,
20,600,O,-1,5,0,3,8.96641731262207,11.654586791992188,1.9218978881835938,0.3767302632331848,
20,600,O,-1,5,1,0,15.990455627441406,25.43079948425293,-0.8501513004302979,0.39839237928390503,
20,600,O,-1,5,1,1,12.651693344116211,23.713645935058594,-0.7887582182884216,0.3617488741874695,
20,600,O,-1,5,1,2,9.445605278015137,24.11097526550293,-0.8422502279281616,0.299075722694397,
20,600,O,-1,5,1,3,16.38580894470215,25.87113380432129,-0.8139166235923767,0.3993355631828308,
20,600,O,-1,6,0,0,26.61004066467285,78.57447052001953,-0.7606865167617798,0.2583479881286621,
20,600,O,-1,6,0,1,31.679576873779297,86.010498046875,-0.9984654188156128,0.27532604336738586,
20,600,O,-1,6,0,2,40.66617202758789,83.86325073242188,-0.7420441508293152,0.33054786920547485,
20,600,O,-1,6,0,3,32.44700241088867,79.50548553466797,-0.8230847716331482,0.2950114905834198,
20,600,O,-1,6,1,0,18.161739349365234,76.01371765136719,0.6813879013061523,0.18696749210357666,
20,600,O,-1,6,1,1,22.529438018798828,77.2954330444336,0.7689689993858337,0.21967867016792297,
20,600,O,-1,6,1,2,26.499223709106445,67.4886474609375,0.6888319253921509,0.2766415476799011,
20,600,O,-1,6,1,3,30.976787567138672,85.85285949707031,0.632527232170105,0.2611446976661682,
20,600,O,-1,7,0,0,13.433576583862305,40.57564926147461,1.6414899826049805,0.22517846524715424,
20,600,O,-1,7,0,1,17.93805694580078,37.356685638427734,1.394268274307251,0.3069321811199188,
20,600,O,-1,7,0,2,14.884125709533691,45.819976806640625,1.4496454000473022,0.22672522068023682,
20,600,O,-1,7,0,3,9.677839279174805,42.68763732910156,1.4223366975784302,0.16205328702926636,
20,600,O,-1,7,1,0,21.719783782958984,29.645462036132812,0.4579882025718689,0.41765743494033813,
20,600,O,-1,7,1,1,12.011616706848145,33.96794509887695,0.44751694798469543,0.2539771795272827,
20,600,O,-1,7,1,2,13.937983512878418,38.585323333740234,0.42541468143463135,0.25936880707740784,
20,600,O,-1,7,1,3,14.306577682495117,32.19038391113281,0.49536991119384766,0.30023324489593506,
20,600,O,-1,8,0,0,4.504683017730713,35.64112854003906,0.3867540955543518,0.10357209295034409,
20,600,O,-1,8,0,1,10.148760795593262,38.15391540527344,0.4453256130218506,0.20275746285915375,
20,600,O,-1,8,0,2,6.569416522979736,30.955581665039062,0.36596769094467163,0.16694322228431702,
20,600,O,-1,8,0,3,12.305617332458496,31.909114837646484,0.3576884865760803,0.272428959608078,
20,600,O,-1,8,1,0,14.925996780395508,33.36620330810547,1.8239343166351318,0.28195720911026,
20,600,O,-1,8,1,1,9.749479293823242,28.30829620361328,1.838138222694397,0.21842683851718903,
20,600,O,-1,8,1,2,8.042329788208008,36.20918655395508,1.9211609363555908,0.14460471272468567,
20,600,O,-1,8,1,3,11.234466552734375,28.84520721435547,1.8682186603546143,0.2451162487268448,
20,600,O,-1,9,0,0,9.22131061553955,19.547109603881836,1.9160486459732056,0.2720527946949005,
20,600,O,-1,9,0,1,12.14574146270752,25.88506507873535,1.8432257175445557,0.284697562456131,
20,600,O,-1,9,0,2,13.052593231201172,27.296733856201172,1.863713026046753,0.290728896856308,
20,600,O,-1,9,0,3,9.039137840270996,25.753398895263672,2.088707447052002,0.21252648532390594,
20,600,O,-1,9,1,0,15.779260635375977,36.13622283935547,1.9726248979568481,0.27644863724708557,
20,600,O,-1,9,1,1,10.593145370483398,36.08182144165039,1.7120565176010132,0.19752033054828644,
20,600,O,-1,9,1,2,19.884187698364258,35.738380432128906,2.0480027198791504,0.33292263746261597,
20,600,O,-1,9,1,3,11.103632926940918,33.272552490234375,2.0336227416992188,0.2142055183649063,
20,600,O,-1,10,0,0,19.882137298583984,35.29947280883789,-0.00676727294921875,0.3603821396827698,
20,600,O,-1,10,0,1,15.620132446289062,37.695438385009766,-0.5645290613174438,0.30038291215896606,
20,600,O,-1,10,0,2,14.99620246887207,33.485748291015625,-0.3150951862335205,0.31377509236335754,
20,600,O,-1,10,0,3,23.970731735229492,33.82577896118164,-0.16601574420928955,0.4164198637008667,
20,600,O,-1,10,1,0,9.671875953674316,23.388748168945312,-1.0432510375976562,0.31419089436531067,
20,600,O,-1,10,1,1,5.6640119552612305,25.8992862701416,-1.0825138092041016,0.2066582441329956,
20,600,O,-1,10,1,2,8.702988624572754,21.073396682739258,-0.8220958709716797,0.31129270792007446,
20,600,O,-1,10,1,3,8.646261215209961,20.809974670410156,-0.9676178693771362,0.3159980773925781,
20,600,O,-1,11,0,0,1.8871660232543945,6.555380821228027,-1.2985777854919434,0.3270406723022461,
20,600,O,-1,11,0,1,2.0852367877960205,6.481326103210449,-1.3647596836090088,0.3473854064941406,
20,600,O,-1,11,0,2,0.5133988857269287,6.389416217803955,-1.3292391300201416,0.2238369733095169,
20,600,O,-1,11,0,3,1.0959296226501465,6.002891540527344,-1.3543338775634766,0.28986379504203796,
20,600,O,-1,11,1,0,3.719280242919922,14.633546829223633,-0.6514102816581726,0.2299850583076477,
20,600,O,-1,11,1,1,6.505157470703125,13.298934936523438,-0.5062648057937622,0.3452141284942627,
20,600,O,-1,11,1,2,5.182920932769775,13.035709381103516,-0.6197116374969482,0.30802246928215027,
20,600,O,-1,11,1,3,9.371870994567871,12.313817977905273,-0.7293432950973511,0.45064467191696167,
20,600,O,-1,12,0,0,-0.6429194808006287,0.3006766438484192,-1.4787346124649048,0.735434353351593,
20,600,O,-1,12,0,1,-0.7491077184677124,0.30553311109542847,-1.4601967334747314,0.6994624733924866,
20,600,O,-1,12,0,2,-0.8350474238395691,0.3059423565864563,-1.4840989112854004,0.679639458656311,
20,600,O,-1,12,0,3,-0.6939939260482788,0.312585711479187,-1.4848706722259521,0.716722846031189,
20,600,O,-1,12,1,0,1.7988674640655518,1.543534278869629,-1.4515007734298706,0.6780213117599487,
20,600,O,-1,12,1,1,1.7945311069488525,1.3447345495224,-1.6657190322875977,0.7201375961303711,
20,600,O,-1,12,1,2,2.194581985473633,1.1672391891479492,-1.4294157028198242,0.7563803791999817,
20,600,O,-1,12,1,3,1.7932298183441162,1.2880364656448364,-1.760218858718872,0.73395836353302,
20,600,O,-1,13,0,0,3.61972975730896,0.9331830739974976,1.9130268096923828,0.6465063095092773,
20,600,O,-1,13,0,1,4.0512285232543945,1.001987099647522,1.8259261846542358,0.6895267367362976,
20,600,O,-1,13,0,2,3.6137566566467285,0.9741010665893555,1.7300361394882202,0.6591455936431885,
20,600,O,-1,13,0,3,3.6141934394836426,1.1007440090179443,1.8303430080413818,0.6184059977531433,
20,600,O,-1,13,1,0,2.058302402496338,0.5286742448806763,1.2511780261993408,0.6042260527610779,
20,600,O,-1,13,1,1,2.174447536468506,0.536831796169281,1.2149544954299927,0.6412330865859985,
20,600,O,-1,13,1,2,2.2043166160583496,0.427508145570755,1.2626656293869019,0.6877586245536804,
20,600,O,-1,13,1,3,2.1594924926757812,0.4712422788143158,1.305230975151062,0.6444806456565857,
20,600,O,-1,14,0,0,4.856734275817871,1.9794925451278687,0.6083664894104004,0.6821553111076355,
20,600,O,-1,14,0,1,4.970536231994629,2.1001930236816406,1.187774658203125,0.6430037021636963,
20,600,O,-1,14,0,2,4.046027183532715,2.2288146018981934,0.7742578983306885,0.594804048538208,
20,600,O,-1,14,0,3,4.469343185424805,2.036161422729492,0.5100122690200806,0.6603845953941345,
20,600,O,-1,14,1,0,-0.19248437881469727,1.1720787286758423,-1.8185510635375977,0.5811229944229126,
20,600,O,-1,14,1,1,0.1011422872543335,0.9428740739822388,-1.9989869594573975,0.6901501417160034,
20,600,O,-1,14,1,2,-0.03319978713989258,1.0140001773834229,-1.4824860095977783,0.588354766368866,
20,600,O,-1,14,1,3,-0.13625431060791016,1.045458436012268,-1.529624581336975,0.5713276267051697,
20,600,O,-1,15,0,0,0.16026026010513306,0.6898206472396851,-4.141441822052002,0.8618015646934509,
20,600,O,-1,15,0,1,0.36825597286224365,0.6684264540672302,-4.177237033843994,0.871799647808075,
20,600,O,-1,15,0,2,0.1191205382347107,0.5868555307388306,-4.195537567138672,0.8802705407142639,
20,600,O,-1,15,0,3,-0.06006801128387451,0.6452195644378662,-4.149270057678223,0.8637173175811768,
20,600,O,-1,15,1,0,0.36202651262283325,0.24835024774074554,-1.4957367181777954,0.8820812702178955,
20,600,O,-1,15,1,1,0.39238953590393066,0.27916887402534485,-1.484766960144043,0.8705348968505859,
20,600,O,-1,15,1,2,0.2556845545768738,0.2615780830383301,-1.4929131269454956,0.869873046875,
20,600,O,-1,15,1,3,0.08024144172668457,0.32467353343963623,-1.5002137422561646,0.82957923412323,
20,600,O,-1,16,0,0,-0.428364634513855,0.37238889932632446,-2.5419387817382812,0.8502033352851868,
20,600,O,-1,16,0,1,-0.8307321667671204,0.3241291344165802,-2.6005678176879883,0.845207929611206,
20,600,O,-1,16,0,2,-0.688959002494812,0.3767760396003723,-2.5472397804260254,0.8314244151115417,
20,600,O,-1,16,0,3,-0.5822317600250244,0.3516356647014618,-2.582685947418213,0.850500762462616,
20,600,O,-1,16,1,0,-1.700178623199463,0.16218824684619904,-2.536705255508423,0.8376030325889587,
20,600,O,-1,16,1,1,-1.65159010887146,0.14259272813796997,-2.5157113075256348,0.8583582639694214,
20,600,O,-1,16,1,2,-1.6830289363861084,0.14491724967956543,-2.487813949584961,0.8474076986312866,
20,600,O,-1,16,1,3,-1.6808348894119263,0.15054979920387268,-2.499666690826416,0.8446950316429138,
20,600,O,-1,17,0,0,1.1177902221679688,0.17952649295330048,0.4733194410800934,0.7821272611618042,
20,600,O,-1,17,0,1,1.15616774559021,0.17363491654396057,0.4674074053764343,0.7986596822738647,
20,600,O,-1,17,0,2,1.162825107574463,0.1795637309551239,0.47226738929748535,0.7936336994171143,
20,600,O,-1,17,0,3,1.1393401622772217,0.19064787030220032,0.4649646282196045,0.7796037793159485,
20,600,O,-1,17,1,0,-0.0437244176864624,1.1651066541671753,-3.731370687484741,0.759908139705658,
20,600,O,-1,17,1,1,0.282055139541626,0.8326953053474426,-3.647357940673828,0.8251414895057678,
20,600,O,-1,17,1,2,0.06983470916748047,1.0360047817230225,-3.5837295055389404,0.7790831327438354,
20,600,O,-1,17,1,3,0.31808435916900635,0.9324383735656738,-3.770883798599243,0.8143073320388794,
20,600,O,-1,18,0,0,1.0592721700668335,2.682347059249878,-1.7788935899734497,0.5141127109527588,
20,600,O,-1,18,0,1,1.547012448310852,2.429246187210083,-1.7771939039230347,0.5777759552001953,
20,600,O,-1,18,0,2,1.0097144842147827,2.6710870265960693,-1.7786206007003784,0.5107381343841553,
20,600,O,-1,18,0,3,0.684126615524292,2.5959885120391846,-1.7829262018203735,0.48726698756217957,
20,600,O,-1,18,1,0,0.945274829864502,1.2628971338272095,-0.6332641839981079,0.5555427074432373,
20,600,O,-1,18,1,1,0.6483034491539001,1.274101972579956,-0.6405437588691711,0.5028766393661499,
20,600,O,-1,18,1,2,0.7073157429695129,1.5747952461242676,-0.6436915397644043,0.4617561101913452,
20,600,O,-1,18,1,3,0.9857264757156372,1.5991063117980957,-0.636985182762146,0.5036633610725403,
20,600,O,-1,19,0,0,5.884248733520508,8.393440246582031,-1.7884705066680908,0.47757017612457275,
20,600,O,-1,19,0,1,6.482381820678711,7.166982650756836,-1.5986316204071045,0.5299721956253052,
20,600,O,-1,19,0,2,3.8034849166870117,7.042203903198242,-1.728987216949463,0.43996933102607727,
20,600,O,-1,19,0,3,5.20123291015625,7.8027143478393555,-1.775527000427246,0.47205737233161926,
20,600,O,-1,19,1,0,9.659049987792969,7.4668755531311035,-1.5204463005065918,0.5995534658432007,
20,600,O,-1,19,1,1,6.938770771026611,9.18655014038086,-1.4657235145568848,0.47777119278907776,
20,600,O,-1,19,1,2,8.370745658874512,9.096126556396484,-1.3765454292297363,0.5172783136367798,
20,600,O,-1,19,1,3,8.03619384765625,8.552249908447266,-1.5188674926757812,0.5276907682418823,
20,600,O,-1,20,0,0,3.311030387878418,3.872866153717041,-0.976259708404541,0.5253931283950806,
20,600,O,-1,20,0,1,3.242724895477295,3.970785617828369,-0.9570202827453613,0.5140113234519958,
20,600,O,-1,20,0,2,2.6527583599090576,3.9533183574676514,-0.9438586235046387,0.4763771891593933,
20,600,O,-1,20,0,3,2.4516329765319824,3.84159255027771,-0.9606287479400635,0.470406711101532,
20,600,O,-1,20,1,0,1.6023926734924316,5.0901689529418945,-4.0408830642700195,0.525765597820282,
20,600,O,-1,20,1,1,1.1889114379882812,5.794661045074463,-4.117094039916992,0.4779898226261139,
20,600,O,-1,20,1,2,2.9901373386383057,6.990574836730957,-4.09810209274292,0.5034685730934143,
20,600,O,-1,20,1,3,1.3809013366699219,5.293543338775635,-3.96458101272583,0.5024409294128418,
20,600,O,-1,21,0,0,0.46212494373321533,0.8939211964607239,-1.4784845113754272,0.6846316456794739,
20,600,O,-1,21,0,1,0.15289413928985596,0.8434103727340698,-1.4640467166900635,0.6571992039680481,
20,600,O,-1,21,0,2,1.0212726593017578,0.8461893200874329,-1.4797041416168213,0.7471923232078552,
20,600,O,-1,21,0,3,0.4810326099395752,1.017533779144287,-1.534949779510498,0.6645695567131042,
20,600,O,-1,21,1,0,3.716449737548828,0.6197158098220825,1.8052955865859985,0.7551372051239014,
20,600,O,-1,21,1,1,3.26900053024292,0.7074294686317444,1.8270665407180786,0.6708655953407288,
20,600,O,-1,21,1,2,3.6735219955444336,0.7161096930503845,1.808590292930603,0.722550094127655,
20,600,O,-1,21,1,3,2.978513240814209,0.7619708776473999,1.804081678390503,0.6065018177032471,
20,600,O,-1,22,0,0,0.03083980083465576,0.5064153671264648,-0.8917888402938843,0.645626425743103,
20,600,O,-1,22,0,1,-0.050605952739715576,0.45367151498794556,-0.8813259601593018,0.6467809677124023,
20,600,O,-1,22,0,2,0.06752771139144897,0.4396790862083435,-0.885287880897522,0.6842508316040039,
20,600,O,-1,22,0,3,0.24607670307159424,0.4318124055862427,-0.8892526626586914,0.724458634853363,
20,600,O,-1,22,1,0,3.0932068824768066,1.6059688329696655,-0.9212458729743958,0.7142618894577026,
20,600,O,-1,22,1,1,2.769551992416382,1.6061311960220337,-0.9374743103981018,0.6977068185806274,
20,600,O,-1,22,1,2,2.637209892272949,1.646965503692627,-0.9090743064880371,0.6828641891479492,
20,600,O,-1,22,1,3,2.8790688514709473,1.7992563247680664,-0.9340156316757202,0.6794107556343079,
20,600,O,-1,23,0,0,3.1784818172454834,0.9647926688194275,1.764189600944519,0.5944689512252808,
20,600,O,-1,23,0,1,2.639061212539673,0.8413395881652832,1.73603355884552,0.5176820158958435,
20,600,O,-1,23,0,2,3.1238057613372803,1.1173948049545288,1.7296383380889893,0.5550997257232666,
20,600,O,-1,23,0,3,3.1010241508483887,1.0992786884307861,1.7807615995407104,0.5456664562225342,
20,600,O,-1,23,1,0,2.1201882362365723,1.1550928354263306,0.14395490288734436,0.6311171054840088,
20,600,O,-1,23,1,1,2.3148772716522217,1.0646350383758545,0.10814918577671051,0.6745591759681702,
20,600,O,-1,23,1,2,1.8283836841583252,1.3298261165618896,0.10640688240528107,0.5642490386962891,
20,600,O,-1,23,1,3,1.9414035081863403,1.290113091468811,0.24604743719100952,0.567869246006012,
20,600,O,-1,24,0,0,7.536741256713867,14.704553604125977,1.7015647888183594,0.28409215807914734,
20,600,O,-1,24,0,1,6.957164764404297,13.632166862487793,1.7097504138946533,0.2779412567615509,
20,600,O,-1,24,0,2,7.454995155334473,13.140746116638184,1.7068655490875244,0.30431297421455383,
20,600,O,-1,24,0,3,5.857394218444824,12.997657775878906,1.7347972393035889,0.2408023178577423,
20,600,O,-1,24,1,0,4.170969009399414,9.424784660339355,-0.8987695574760437,0.34976926445961,
20,600,O,-1,24,1,1,3.1101577281951904,8.309900283813477,-0.9094438552856445,0.3260149359703064,
20,600,O,-1,24,1,2,2.754803419113159,8.283843994140625,-0.9261150360107422,0.30764660239219666,
20,600,O,-1,24,1,3,4.859530448913574,9.101405143737793,-0.8785719871520996,0.38667741417884827,
20,600,O,-1,25,0,0,3.3367128372192383,7.056754112243652,0.2982448637485504,0.3009807765483856,
20,600,O,-1,25,0,1,4.068171977996826,7.488734245300293,0.40110939741134644,0.32871365547180176,
20,600,O,-1,25,0,2,3.6948890686035156,7.149936199188232,0.3654397130012512,0.3177141845226288,
20,600,O,-1,25,0,3,2.6363768577575684,7.779839992523193,0.3346990942955017,0.22830666601657867,
20,600,O,-1,25,1,0,15.610319137573242,17.27365493774414,2.0638108253479004,0.43953394889831543,
20,600,O,-1,25,1,1,12.766303062438965,17.58244514465332,2.160459518432617,0.3762499988079071,
20,600,O,-1,25,1,2,12.769890785217285,16.25438117980957,2.026459217071533,0.3979370892047882,
20,600,O,-1,25,1,3,13.68411922454834,16.154218673706055,1.9438459873199463,0.4208814203739166,
20,600,O,-1,26,0,0,4.9614458084106445,5.081254482269287,2.0068163871765137,0.3676794469356537,
20,600,O,-1,26,0,1,4.402622699737549,5.66759729385376,1.939474105834961,0.30294251441955566,
20,600,O,-1,26,0,2,4.670346260070801,5.896852970123291,1.982235312461853,0.31311848759651184,
20,600,O,-1,26,0,3,4.915213584899902,4.9379048347473145,1.9253065586090088,0.3771415054798126,
20,600,O,-1,26,1,0,3.215507745742798,8.226086616516113,0.011499613523483276,0.2803133726119995,
20,600,O,-1,26,1,1,3.2463724613189697,6.616435527801514,-0.10551589727401733,0.33625394105911255,
20,600,O,-1,26,1,2,4.035042762756348,6.833752155303955,-0.0829533189535141,0.3760126829147339,
20,600,O,-1,26,1,3,4.174732685089111,9.178091049194336,-0.013985216617584229,0.3133670687675476,
20,600,O,-1,27,0,0,8.455286026000977,11.207701683044434,0.4258075952529907,0.4173937439918518,
20,600,O,-1,27,0,1,6.1298675537109375,13.828453063964844,0.4105357229709625,0.29258209466934204,
20,600,O,-1,27,0,2,8.379063606262207,12.952614784240723,0.4097994565963745,0.38090571761131287,
20,600,O,-1,27,0,3,6.290949821472168,16.82368278503418,0.3642920255661011,0.26050853729248047,
20,600,O,-1,27,1,0,35.09771728515625,55.90448760986328,2.831594944000244,0.36595097184181213,
20,600,O,-1,27,1,1,15.824234962463379,56.84152603149414,2.5498428344726562,0.1893206536769867,
20,600,O,-1,27,1,2,17.342388153076172,59.06072235107422,2.5170044898986816,0.2006518542766571,
20,600,O,-1,27,1,3,31.87176513671875,47.63705062866211,2.6929049491882324,0.37985438108444214,
20,600,O,-1,28,0,0,13.597496032714844,15.6506986618042,1.9463732242584229,0.42675259709358215,
20,600,O,-1,28,0,1,14.634281158447266,23.79452133178711,1.8767940998077393,0.34902286529541016,
20,600,O,-1,28,0,2,8.162862777709961,16.50300407409668,2.002533435821533,0.27181920409202576,
20,600,O,-1,28,0,3,11.917947769165039,17.526451110839844,1.937497854232788,0.3628343939781189,
20,600,O,-1,28,1,0,16.721824645996094,38.26494598388672,-0.16146522760391235,0.30614379048347473,
20,600,O,-1,28,1,1,12.063434600830078,28.64645767211914,-0.2550724744796753,0.3007083535194397,
20,600,O,-1,28,1,2,16.14695930480957,28.630977630615234,-0.30162763595581055,0.3648790121078491,
20,600,O,-1,28,1,3,19.622005462646484,28.10676383972168,-0.295856237411499,0.41474267840385437,
20,600,O,-1,29,0,0,4.0412797927856445,7.7016754150390625,1.6425554752349854,0.2374880462884903,
20,600,O,-1,29,0,1,4.44003963470459,6.0910186767578125,1.6337943077087402,0.3154054284095764,
20,600,O,-1,29,0,2,4.409505844116211,6.3205790519714355,1.6161773204803467,0.3064907491207123,
20,600,O,-1,29,0,3,5.632015228271484,7.569104194641113,1.5911424160003662,0.3480517268180847,
20,600,O,-1,29,1,0,24.078847885131836,34.626529693603516,0.8169637322425842,0.40184006094932556,
20,600,O,-1,29,1,1,18.49764060974121,39.91794204711914,0.902595579624176,0.3059316873550415,
20,600,O,-1,29,1,2,13.89561653137207,38.33272171020508,0.6292442083358765,0.257104754447937,
20,600,O,-1,29,1,3,29.32299041748047,39.90948486328125,0.9562457799911499,0.41547030210494995,
20,600,O,-1,30,0,0,5.677286624908447,8.866581916809082,-0.15353310108184814,0.39672449231147766,
20,600,O,-1,30,0,1,4.888853549957275,9.127816200256348,-0.14784014225006104,0.3555854558944702,
20,600,O,-1,30,0,2,3.956131935119629,9.754300117492676,-0.16997355222702026,0.29726117849349976,
20,600,O,-1,30,0,3,6.030056476593018,8.333584785461426,-0.11959213018417358,0.42460471391677856,
20,600,O,-1,30,1,0,5.2399396896362305,5.587198734283447,0.01799190044403076,0.48310455679893494,
20,600,O,-1,30,1,1,3.3414108753204346,7.024877071380615,0.042624711990356445,0.31953638792037964,
20,600,O,-1,30,1,2,6.3470563888549805,6.805996417999268,0.02769380807876587,0.4814620912075043,
20,600,O,-1,30,1,3,4.630431652069092,5.926782608032227,0.039488017559051514,0.436495840549469,
20,600,O,-1,31,0,0,8.91069507598877,13.676833152770996,-0.6633135080337524,0.41177040338516235,
20,600,O,-1,31,0,1,6.062234878540039,14.595147132873535,-0.5534778833389282,0.31190216541290283,
20,600,O,-1,31,0,2,9.36136245727539,15.292593955993652,-0.615522027015686,0.39481958746910095,
20,600,O,-1,31,0,3,4.750014781951904,12.39830207824707,-0.5325930118560791,0.29877468943595886,
20,600,O,-1,31,1,0,1.031912088394165,5.694676399230957,-2.531371593475342,0.384888619184494,
20,600,O,-1,31,1,1,1.4118194580078125,5.221517562866211,-2.5695738792419434,0.4326232373714447,
20,600,O,-1,31,1,2,0.6384313106536865,6.573269844055176,-2.56976056098938,0.3279869556427002,
20,600,O,-1,31,1,3,1.8410489559173584,7.158634662628174,-2.5612094402313232,0.38078877329826355,
20,600,O,-1,32,0,0,3.1538124084472656,2.5002408027648926,1.4300180673599243,0.40809187293052673,
20,600,O,-1,32,0,1,3.2380013465881348,2.2709829807281494,1.4065499305725098,0.44643041491508484,
20,600,O,-1,32,0,2,3.2275748252868652,2.577956438064575,1.4078929424285889,0.4137861728668213,
20,600,O,-1,32,0,3,3.0142459869384766,2.5448927879333496,1.4131394624710083,0.3861810863018036,
20,600,O,-1,32,1,0,0.42813873291015625,2.9825477600097656,-1.519641399383545,0.3950609564781189,
20,600,O,-1,32,1,1,0.8264865875244141,2.9103167057037354,-1.4985592365264893,0.44410407543182373,
20,600,O,-1,32,1,2,0.05680835247039795,2.5336246490478516,-1.5262508392333984,0.3845471739768982,
20,600,O,-1,32,1,3,0.44178831577301025,2.8829240798950195,-1.5378718376159668,0.4071209728717804,
20,600,O,-1,33,0,0,14.345513343811035,20.304180145263672,-0.7951006889343262,0.42716044187545776,
20,600,O,-1,33,0,1,12.549213409423828,23.083744049072266,-0.7555723190307617,0.3656313121318817,
20,600,O,-1,33,0,2,13.271303176879883,20.107921600341797,-0.7738678455352783,0.4112415611743927,
20,600,O,-1,33,0,3,10.19975471496582,26.193866729736328,-0.7748552560806274,0.29526662826538086,
20,600,O,-1,33,1,0,10.56872844696045,24.240367889404297,-1.6482024192810059,0.33510246872901917,
20,600,O,-1,33,1,1,15.7715425491333,21.415924072265625,-1.6488111019134521,0.4485587775707245,
20,600,O,-1,33,1,2,6.4267730712890625,25.541242599487305,-1.6338967084884644,0.23988723754882812,
20,600,O,-1,33,1,3,7.065814971923828,24.27254295349121,-1.542167067527771,0.2617957592010498,
20,600,O,-1,34,0,0,10.132965087890625,20.531143188476562,-0.7721829414367676,0.3468967378139496,
20,600,O,-1,34,0,1,10.871257781982422,16.715139389038086,-0.7526832818984985,0.41017353534698486,
20,600,O,-1,34,0,2,7.772588729858398,20.88313865661621,-0.6786439418792725,0.288100004196167,
20,600,O,-1,34,0,3,7.215791702270508,17.5349178314209,-0.7859237790107727,0.3133426308631897,
20,600,O,-1,34,1,0,12.669550895690918,23.47088623046875,-1.357016682624817,0.3740672171115875,
20,600,O,-1,34,1,1,12.413495063781738,24.515729904174805,-1.3629026412963867,0.3597710132598877,
20,600,O,-1,34,1,2,12.840325355529785,19.179487228393555,-1.3742201328277588,0.42566120624542236,
20,600,O,-1,34,1,3,11.239214897155762,17.14470672607422,-1.335012435913086,0.4231049120426178,
20,600,O,-1,35,0,0,10.644721984863281,24.645944595336914,-0.4499228894710541,0.3104214072227478,
20,600,O,-1,35,0,1,11.737405776977539,26.280908584594727,-0.45586055517196655,0.31692078709602356,
20,600,O,-1,35,0,2,12.874576568603516,27.900562286376953,-0.2578528821468353,0.3200456202030182,
20,600,O,-1,35,0,3,15.302297592163086,28.03215217590332,-0.384522020816803,0.3588103652000427,
20,600,O,-1,35,1,0,8.239784240722656,7.373059272766113,1.2870137691497803,0.48533105850219727,
20,600,O,-1,35,1,1,6.9686994552612305,10.052597999572754,1.3286267518997192,0.35940811038017273,
20,600,O,-1,35,1,2,4.019465446472168,10.155313491821289,1.2888075113296509,0.21190936863422394,
20,600,O,-1,35,1,3,5.452553749084473,8.216976165771484,1.3075525760650635,0.3353024423122406,
20,600,F,0,0,0,0,9.268180847167969,5.481125354766846,1.9186190366744995,0.5728111863136292,
20,600,F,0,0,0,1,8.467914581298828,5.880552768707275,1.9081463813781738,0.5272989869117737,
20,600,F,0,0,0,2,8.411083221435547,6.077256679534912,1.9140185117721558,0.516693115234375,
20,600,F,0,0,0,3,6.892848491668701,5.413874626159668,1.9458792209625244,0.47746777534484863,
20,600,F,0,0,1,0,12.757590293884277,10.935250282287598,-0.37056171894073486,0.5455650687217712,
20,600,F,0,0,1,1,9.30138111114502,12.160130500793457,-0.38018548488616943,0.44326072931289673,
20,600,F,0,0,1,2,9.509711265563965,11.228360176086426,-0.35689637064933777,0.4677232801914215,
20,600,F,0,0,1,3,10.085358619689941,10.330427169799805,-0.3551710546016693,0.5026503801345825,
20,600,F,0,1,0,0,14.108827590942383,9.228937149047852,2.0510597229003906,0.5664459466934204,
20,600,F,0,1,0,1,12.53827953338623,10.410473823547363,2.008272171020508,0.5028541088104248,
20,600,F,0,1,0,2,11.353808403015137,11.965408325195312,2.0608127117156982,0.43714454770088196,
20,600,F,0,1,0,3,10.700164794921875,11.541526794433594,1.9885057210922241,0.4301377236843109,
20,600,F,0,1,1,0,4.537968635559082,5.252424240112305,-0.3693862557411194,0.48301786184310913,
20,600,F,0,1,1,1,3.966437578201294,5.225973129272461,-0.36561906337738037,0.4532374143600464,
20,600,F,0,1,1,2,6.827901840209961,5.7925591468811035,-0.36644837260246277,0.5539693236351013,
20,600,F,0,1,1,3,5.098812103271484,4.33259391784668,-0.36178404092788696,0.5575911402702332,
20,600,F,0,2,0,0,11.329084396362305,13.884672164916992,0.029673650860786438,0.44867271184921265,
20,600,F,0,2,0,1,12.832437515258789,14.858135223388672,0.07316811382770538,0.4620010256767273,
20,600,F,0,2,0,2,11.705644607543945,11.010029792785645,0.10483738780021667,0.5130640864372253,
20,600,F,0,2,0,3,13.666425704956055,12.845848083496094,0.0392879843711853,0.5147563219070435,
20,600,F,0,2,1,0,7.616372585296631,10.845829010009766,-1.426706314086914,0.4546794891357422,
20,600,F,0,2,1,1,5.684296131134033,12.158034324645996,-1.4272302389144897,0.3690549433231354,
20,600,F,0,2,1,2,8.090076446533203,10.65009593963623,-1.4688777923583984,0.473003625869751,
20,600,F,0,2,1,3,5.809021949768066,12.490532875061035,-1.4437999725341797,0.367355078458786,
20,600,F,0,3,0,0,31.34212875366211,44.07912826538086,1.7124625444412231,0.40198278427124023,
20,600,F,0,3,0,1,30.834346771240234,46.98050308227539,1.7794532775878906,0.38212326169013977,
20,600,F,0,3,0,2,34.11967086791992,36.022640228271484,1.7545210123062134,0.47325921058654785,
20,600,F,0,3,0,3,24.64101791381836,46.215965270996094,1.8088159561157227,0.33067062497138977,
20,600,F,0,3,1,0,14.17695140838623,48.86959457397461,-0.7469017505645752,0.2339402139186859,
20,600,F,0,3,1,1,10.868550300598145,33.03639602661133,-0.7416858077049255,0.2600472867488861,
20,600,F,0,3,1,2,13.00742244720459,33.40925216674805,-0.6873396635055542,0.29073449969291687,
20,600,F,0,3,1,3,18.347496032714844,37.233131408691406,-0.706251323223114,0.3385113477706909,
20,600,F,0,4,0,0,11.664019584655762,24.189205169677734,1.9848220348358154,0.2857884168624878,
20,600,F,0,4,0,1,11.101280212402344,27.398778915405273,1.9827991724014282,0.2497033178806305,
20,600,F,0,4,0,2,17.411903381347656,24.415889739990234,1.986221194267273,0.3871755301952362,
20,600,F,0,4,0,3,16.005491256713867,29.201425552368164,2.1567904949188232,0.32168781757354736,
20,600,F,0,4,1,0,4.298184394836426,12.027724266052246,-1.6568657159805298,0.331153005361557,
20,600,F,0,4,1,1,7.973040580749512,10.430333137512207,-1.6757210493087769,0.4805377125740051,
20,600,F,0,4,1,2,5.459632873535156,10.676063537597656,-1.6730830669403076,0.4005168378353119,
20,600,F,0,4,1,3,6.959650039672852,14.925182342529297,-1.6439039707183838,0.36566153168678284,
20,600,F,0,5,0,0,8.26202392578125,8.660765647888184,1.9207301139831543,0.4226948618888855,
20,600,F,0,5,0,1,7.465131759643555,10.321187973022461,1.9123518466949463,0.3498041331768036,
20,600,F,0,5,0,2,9.499939918518066,8.694257736206055,1.9165401458740234,0.46587783098220825,
20,600,F,0,5,0,3,8.96641731262207,11.654586791992188,1.9112797975540161,0.37708398699760437,
20,600,F,0,5,1,0,15.990455627441406,25.43079948425293,-0.872381329536438,0.39870864152908325,
20,600,F,0,5,1,1,12.651693344116211,23.713645935058594,-0.8408357501029968,0.36264219880104065,
20,600,F,0,5,1,2,9.445605278015137,24.11097526550293,-0.8203368782997131,0.29862892627716064,
20,600,F,0,5,1,3,16.38580894470215,25.87113380432129,-0.8422051668167114,0.39972978830337524,
20,600,F,0,6,0,0,26.61004066467285,78.57447052001953,-0.658846378326416,0.25763437151908875,
20,600,F,0,6,0,1,31.679576873779297,86.010498046875,-0.8170747756958008,0.27421680092811584,
20,600,F,0,6,0,2,40.66617202758789,83.86325073242188,-0.8609352111816406,0.3311826288700104,
20,600,F,0,6,0,3,32.44700241088867,79.50548553466797,-0.7453888058662415,0.2945254445075989,
20,600,F,0,6,1,0,18.161739349365234,76.01371765136719,0.6548182368278503,0.1871984750032425,
20,600,F,0,6,1,1,22.529438018798828,77.2954330444336,0.7072533369064331,0.22016455233097076,
20,600,F,0,6,1,2,26.499223709106445,67.4886474609375,0.7714980244636536,0.27600008249282837,
20,600,F,0,6,1,3,30.976787567138672,85.85285949707031,0.657833456993103,0.26098373532295227,
20,600,F,0,7,0,0,13.433576583862305,40.57564926147461,1.4365787506103516,0.22819846868515015,
20,600,F,0,7,0,1,17.93805694580078,37.356685638427734,1.3849596977233887,0.30705180764198303,
20,600,F,0,7,0,2,14.884125709533691,45.819976806640625,1.5520894527435303,0.22538602352142334,
20,600,F,0,7,0,3,9.677839279174805,42.68763732910156,1.4137943983078003,0.16219376027584076,
20,600,F,0,7,1,0,21.719783782958984,29.645462036132812,0.4369962215423584,0.41789746284484863,
20,600,F,0,7,1,1,12.011616706848145,33.96794509887695,0.4676598012447357,0.25364699959754944,
20,600,F,0,7,1,2,13.937983512878418,38.585323333740234,0.48002687096595764,0.2585916221141815,
20,600,F,0,7,1,3,14.306577682495117,32.19038391113281,0.4758680462837219,0.3005297780036926,
20,600,F,0,8,0,0,4.504683017730713,35.64112854003906,0.3808749318122864,0.10370463132858276,
20,600,F,0,8,0,1,10.148760795593262,38.15391540527344,0.46447116136550903,0.20243839919567108,
20,600,F,0,8,0,2,6.569416522979736,30.955581665039062,0.4636611342430115,0.16474729776382446,
20,600,F,0,8,0,3,12.305617332458496,31.909114837646484,0.44123563170433044,0.27104029059410095,
20,600,F,0,8,1,0,14.925996780395508,33.36620330810547,1.8717970848083496,0.2812168598175049,
20,600,F,0,8,1,1,9.749479293823242,28.30829620361328,1.8319967985153198,0.2185593545436859,
20,600,F,0,8,1,2,8.042329788208008,36.20918655395508,1.840417504310608,0.1462332308292389,
20,600,F,0,8,1,3,11.234466552734375,28.84520721435547,1.842276692390442,0.24562838673591614,
20,600,F,0,9,0,0,9.22131061553955,19.547109603881836,1.8616633415222168,0.27352413535118103,
20,600,F,0,9,0,1,12.14574146270752,25.88506507873535,1.9863954782485962,0.28185632824897766,
20,600,F,0,9,0,2,13.052593231201172,27.296733856201172,2.0781054496765137,0.28675562143325806,
20,600,F,0,9,0,3,9.039137840270996,25.753398895263672,2.016364812850952,0.21426457166671753,
20,600,F,0,9,1,0,15.779260635375977,36.13622283935547,1.7065602540969849,0.2802828550338745,
20,600,F,0,9,1,1,10.593145370483398,36.08182144165039,1.9172929525375366,0.19384056329727173,
20,600,F,0,9,1,2,19.884187698364258,35.738380432128906,1.8917025327682495,0.3348630964756012,
20,600,F,0,9,1,3,11.103632926940918,33.272552490234375,1.7389990091323853,0.21963535249233246,
20,600,F,0,10,0,0,19.882137298583984,35.29947280883789,-0.17533588409423828,0.3623298108577728,
20,600,F,0,10,0,1,15.620132446289062,37.695438385009766,-0.3632080554962158,0.2977590262889862,
20,600,F,0,10,0,2,14.99620246887207,33.485748291015625,-0.3972374200820923,0.3149282932281494,
20,600,F,0,10,0,3,23.970731735229492,33.82577896118164,-0.4799126386642456,0.4195632040500641,
20,600,F,0,10,1,0,9.671875953674316,23.388748168945312,-1.0090000629425049,0.31350141763687134,
20,600,F,0,10,1,1,5.6640119552612305,25.8992862701416,-1.1402976512908936,0.20805998146533966,
20,600,F,0,10,1,2,8.702988624572754,21.073396682739258,-1.0293471813201904,0.31592613458633423,
20,600,F,0,10,1,3,8.646261215209961,20.809974670410156,-1.1987589597702026,0.32115551829338074,
20,600,F,0,11,0,0,1.8871660232543945,6.555380821228027,-1.3904685974121094,0.33332955837249756,
20,600,F,0,11,0,1,2.0852367877960205,6.481326103210449,-1.3770188093185425,0.34818997979164124,
20,600,F,0,11,0,2,0.5133988857269287,6.389416217803955,-1.344090223312378,0.22523468732833862,
20,600,F,0,11,0,3,1.0959296226501465,6.002891540527344,-1.3076316118240356,0.28591859340667725,
20,600,F,0,11,1,0,3.719280242919922,14.633546829223633,-0.7710652351379395,0.23480291664600372,
20,600,F,0,11,1,1,6.505157470703125,13.298934936523438,0.05999171733856201,0.32643499970436096,
20,600,F,0,11,1,2,5.182920932769775,13.035709381103516,-0.7992706894874573,0.314555823802948,
20,600,F,0,11,1,3,9.371870994567871,12.313817977905273,-0.48960214853286743,0.44470545649528503,
20,600,F,0,12,0,0,-0.6429194808006287,0.3006766438484192,-1.4751631021499634,0.7346003651618958,
20,600,F,0,12,0,1,-0.7491077184677124,0.30553311109542847,-1.4831080436706543,0.706086277961731,
20,600,F,0,12,0,2,-0.8350474238395691,0.3059423565864563,-1.4729591608047485,0.6758584380149841,
20,600,F,0,12,0,3,-0.6939939260482788,0.312585711479187,-1.4344911575317383,0.7031708359718323,
20,600,F,0,12,1,0,1.7988674640655518,1.543534278869629,-1.669856071472168,0.6920480728149414,
20,600,F,0,12,1,1,1.7945311069488525,1.3447345495224,-1.2712651491165161,0.6951082348823547,
20,600,F,0,12,1,2,2.194581985473633,1.1672391891479492,-1.5796328783035278,0.763786256313324,
20,600,F,0,12,1,3,1.7932298183441162,1.2880364656448364,-1.6470009088516235,0.7275880575180054,
20,600,F,0,13,0,0,3.61972975730896,0.9331830739974976,1.7849937677383423,0.6628575325012207,
20,600,F,0,13,0,1,4.0512285232543945,1.001987099647522,1.8695346117019653,0.685274064540863,
20,600,F,0,13,0,2,3.6137566566467285,0.9741010665893555,1.909702181816101,0.6362791061401367,
20,600,F,0,13,0,3,3.6141934394836426,1.1007440090179443,1.7577521800994873,0.627773106098175,
20,600,F,0,13,1,0,2.058302402496338,0.5286742448806763,1.237634539604187,0.6081985235214233,
20,600,F,0,13,1,1,2.174447536468506,0.536831796169281,1.2203364372253418,0.6399380564689636,
20,600,F,0,13,1,2,2.2043166160583496,0.427508145570755,1.2854468822479248,0.6824753284454346,
20,600,F,0,13,1,3,2.1594924926757812,0.4712422788143158,1.2837082147598267,0.6501611471176147,
20,600,F,0,14,0,0,4.856734275817871,1.9794925451278687,1.3211543560028076,0.6410759091377258,
20,600,F,0,14,0,1,4.970536231994629,2.1001930236816406,1.113867163658142,0.6474329829216003,
20,600,F,0,14,0,2,4.046027183532715,2.2288146018981934,0.8387292623519897,0.5899984836578369,
20,600,F,0,14,0,3,4.469343185424805,2.036161422729492,1.1314845085144043,0.621110200881958,
20,600,F,0,14,1,0,-0.19248437881469727,1.1720787286758423,-1.883339762687683,0.5906022787094116,
20,600,F,0,14,1,1,0.1011422872543335,0.9428740739822388,-1.8335652351379395,0.6723380088806152,
20,600,F,0,14,1,2,-0.03319978713989258,1.0140001773834229,-1.6738322973251343,0.6180261969566345,
20,600,F,0,14,1,3,-0.13625431060791016,1.045458436012268,-1.7057771682739258,0.6002042293548584,
20,600,F,0,15,0,0,0.16026026010513306,0.6898206472396851,-4.162087440490723,0.8623707890510559,
20,600,F,0,15,0,1,0.36825597286224365,0.6684264540672302,-4.1294965744018555,0.8706149458885193,
20,600,F,0,15,0,2,0.1191205382347107,0.5868555307388306,-4.159821510314941,0.8793917894363403,
20,600,F,0,15,0,3,-0.06006801128387451,0.6452195644378662,-4.160719871520996,0.8640461564064026,
20,600,F,0,15,1,0,0.36202651262283325,0.24835024774074554,-1.4461424350738525,0.8792375326156616,
20,600,F,0,15,1,1,0.39238953590393066,0.27916887402534485,-1.4933130741119385,0.8710460066795349,
20,600,F,0,15,1,2,0.2556845545768738,0.2615780830383301,-1.4447599649429321,0.8666793704032898,
20,600,F,0,15,1,3,0.08024144172668457,0.32467353343963623,-1.4927754402160645,0.8289112448692322,
20,600,F,0,16,0,0,-0.428364634513855,0.37238889932632446,-2.558687210083008,0.8512058258056641,
20,600,F,0,16,0,1,-0.8307321667671204,0.3241291344165802,-2.566284656524658,0.842631459236145,
20,600,F,0,16,0,2,-0.688959002494812,0.3767760396003723,-2.489551305770874,0.8269580602645874,
20,600,F,0,16,0,3,-0.5822317600250244,0.3516356647014618,-2.544121026992798,0.8480086922645569,
20,600,F,0,16,1,0,-1.700178623199463,0.16218824684619904,-2.499454975128174,0.8313112854957581,
20,600,F,0,16,1,1,-1.65159010887146,0.14259272813796997,-2.525728464126587,0.8597537279129028,
20,600,F,0,16,1,2,-1.6830289363861084,0.14491724967956543,-2.5416371822357178,0.855591893196106,
20,600,F,0,16,1,3,-1.6808348894119263,0.15054979920387268,-2.5071184635162354,0.8458797335624695,
20,600,F,0,17,0,0,1.1177902221679688,0.17952649295330048,0.5350340604782104,0.7644882798194885,
20,600,F,0,17,0,1,1.15616774559021,0.17363491654396057,0.4852553606033325,0.7944047451019287,
20,600,F,0,17,0,2,1.162825107574463,0.1795637309551239,0.47998046875,0.7917880415916443,
20,600,F,0,17,0,3,1.1393401622772217,0.19064787030220032,0.4863722622394562,0.7740110754966736,
20,600,F,0,17,1,0,-0.0437244176864624,1.1651066541671753,-3.6845765113830566,0.7575704455375671,
20,600,F,0,17,1,1,0.282055139541626,0.8326953053474426,-3.583512306213379,0.8227652907371521,
20,600,F,0,17,1,2,0.06983470916748047,1.0360047817230225,-3.638556718826294,0.7816361784934998,
20,600,F,0,17,1,3,0.31808435916900635,0.9324383735656738,-3.644862651824951,0.8095270395278931,
20,600,F,0,18,0,0,1.0592721700668335,2.682347059249878,-1.7708320617675781,0.5134021043777466,
20,600,F,0,18,0,1,1.547012448310852,2.429246187210083,-1.755910038948059,0.5762081742286682,
20,600,F,0,18,0,2,1.0097144842147827,2.6710870265960693,-1.7706429958343506,0.5100221633911133,
20,600,F,0,18,0,3,0.684126615524292,2.5959885120391846,-1.769400954246521,0.485893577337265,
20,600,F,0,18,1,0,0.945274829864502,1.2628971338272095,-0.6394932866096497,0.5565148591995239,
20,600,F,0,18,1,1,0.6483034491539001,1.274101972579956,-0.6295629143714905,0.5007376074790955,
20,600,F,0,18,1,2,0.7073157429695129,1.5747952461242676,-0.6341741681098938,0.45999956130981445,
20,600,F,0,18,1,3,0.9857264757156372,1.5991063117980957,-0.6251803636550903,0.5018380284309387,
20,600,F,0,19,0,0,5.884248733520508,8.393440246582031,-1.754798412322998,0.47647297382354736,
20,600,F,0,19,0,1,6.482381820678711,7.166982650756836,-1.67765474319458,0.5323955416679382,
20,600,F,0,19,0,2,3.8034849166870117,7.042203903198242,-1.746204137802124,0.4407351016998291,
20,600,F,0,19,0,3,5.20123291015625,7.8027143478393555,-1.687513828277588,0.4688946008682251,
20,600,F,0,19,1,0,9.659049987792969,7.4668755531311035,-1.4875743389129639,0.5988462567329407,
20,600,F,0,19,1,1,6.938770771026611,9.18655014038086,-1.3516736030578613,0.4743632674217224,
20,600,F,0,19,1,2,8.370745658874512,9.096126556396484,-1.5127687454223633,0.5207429528236389,
20,600,F,0,19,1,3,8.03619384765625,8.552249908447266,-1.520669937133789,0.5277377367019653,
20,600,F,0,20,0,0,3.311030387878418,3.872866153717041,-0.9301455020904541,0.522695779800415,
20,600,F,0,20,0,1,3.242724895477295,3.970785617828369,-0.8454371690750122,0.5072823166847229,
20,600,F,0,20,0,2,2.6527583599090576,3.9533183574676514,-0.8024852275848389,0.4663851857185364,
20,600,F,0,20,0,3,2.4516329765319824,3.84159255027771,-0.9478614330291748,0.4694729447364807,
20,600,F,0,20,1,0,1.6023926734924316,5.0901689529418945,-3.87243390083313,0.518204391002655,
20,600,F,0,20,1,1,1.1889114379882812,5.794661045074463,-4.086514949798584,0.47654786705970764,
20,600,F,0,20,1,2,2.9901373386383057,6.990574836730957,-4.070554256439209,0.5024950504302979,
20,600,F,0,20,1,3,1.3809013366699219,5.293543338775635,-3.9706804752349854,0.5027260184288025,
20,600,F,0,21,0,0,0.46212494373321533,0.8939211964607239,-1.4114956855773926,0.6769981384277344,
20,600,F,0,21,0,1,0.15289413928985596,0.8434103727340698,-1.421866536140442,0.6512197256088257,
20,600,F,0,21,0,2,1.0212726593017578,0.8461893200874329,-1.472048282623291,0.7466127276420593,
20,600,F,0,21,0,3,0.4810326099395752,1.017533779144287,-1.5054166316986084,0.6612718105316162,
20,600,F,0,21,1,0,3.716449737548828,0.6197158098220825,1.8097805976867676,0.7547025680541992,
20,600,F,0,21,1,1,3.26900053024292,0.7074294686317444,1.8242697715759277,0.671293318271637,
20,600,F,0,21,1,2,3.6735219955444336,0.7161096930503845,1.8025447130203247,0.723198413848877,
20,600,F,0,21,1,3,2.978513240814209,0.7619708776473999,1.8332806825637817,0.6004773378372192,
20,600,F,0,22,0,0,0.03083980083465576,0.5064153671264648,-0.8840522766113281,0.6436975002288818,
20,600,F,0,22,0,1,-0.050605952739715576,0.45367151498794556,-0.8897809386253357,0.6490909457206726,
20,600,F,0,22,0,2,0.06752771139144897,0.4396790862083435,-0.8963519334793091,0.6867398023605347,
20,600,F,0,22,0,3,0.24607670307159424,0.4318124055862427,-0.877281129360199,0.7223374843597412,
20,600,F,0,22,1,0,3.0932068824768066,1.6059688329696655,-0.7976173758506775,0.70783531665802,
20,600,F,0,22,1,1,2.769551992416382,1.6061311960220337,-0.9142341613769531,0.696378767490387,
20,600,F,0,22,1,2,2.637209892272949,1.646965503692627,-0.9246701002120972,0.6838136911392212,
20,600,F,0,22,1,3,2.8790688514709473,1.7992563247680664,-0.9431865215301514,0.6799337267875671,
20,600,F,0,23,0,0,3.1784818172454834,0.9647926688194275,1.7568362951278687,0.5957185626029968,
20,600,F,0,23,0,1,2.639061212539673,0.8413395881652832,1.790741205215454,0.5020655989646912,
20,600,F,0,23,0,2,3.1238057613372803,1.1173948049545288,1.7761937379837036,0.5466970801353455,
20,600,F,0,23,0,3,3.1010241508483887,1.0992786884307861,1.732763648033142,0.5545040369033813,
20,600,F,0,23,1,0,2.1201882362365723,1.1550928354263306,0.15772107243537903,0.6294881701469421,
20,600,F,0,23,1,1,2.3148772716522217,1.0646350383758545,0.11671072244644165,0.6737052202224731,
20,600,F,0,23,1,2,1.8283836841583252,1.3298261165618896,0.3050976097583771,0.5339033007621765,
20,600,F,0,23,1,3,1.9414035081863403,1.290113091468811,0.2784704267978668,0.5631246566772461,
20,600,F,0,24,0,0,7.536741256713867,14.704553604125977,1.7362009286880493,0.2828828990459442,
20,600,F,0,24,0,1,6.957164764404297,13.632166862487793,1.675790548324585,0.2792377471923828,
20,600,F,0,24,0,2,7.454995155334473,13.140746116638184,1.6727908849716187,0.30556565523147583,
20,600,F,0,24,0,3,5.857394218444824,12.997657775878906,1.7016735076904297,0.242268368601799,
20,600,F,0,24,1,0,4.170969009399414,9.424784660339355,-0.8682092428207397,0.3483954071998596,
20,600,F,0,24,1,1,3.1101577281951904,8.309900283813477,-0.857475996017456,0.32316210865974426,
20,600,F,0,24,1,2,2.754803419113159,8.283843994140625,-0.8655449151992798,0.30412381887435913,
20,600,F,0,24,1,3,4.859530448913574,9.101405143737793,-0.7699138522148132,0.38215339183807373,
20,600,F,0,25,0,0,3.3367128372192383,7.056754112243652,0.3863326907157898,0.2948276698589325,
20,600,F,0,25,0,1,4.068171977996826,7.488734245300293,0.34334278106689453,0.332171767950058,
20,600,F,0,25,0,2,3.6948890686035156,7.149936199188232,0.30951380729675293,0.321336030960083,
20,600,F,0,25,0,3,2.6363768577575684,7.779839992523193,0.36400508880615234,0.22605687379837036,
20,600,F,0,25,1,0,15.610319137573242,17.27365493774414,1.9586396217346191,0.44143998622894287,
20,600,F,0,25,1,1,12.766303062438965,17.58244514465332,2.2138447761535645,0.3750664293766022,
20,600,F,0,25,1,2,12.769890785217285,16.25438117980957,2.221285343170166,0.39356082677841187,
20,600,F,0,25,1,3,13.68411922454834,16.154218673706055,2.0405075550079346,0.41886764764785767,
20,600,F,0,26,0,0,4.9614458084106445,5.081254482269287,1.9362317323684692,0.3731852173805237,
20,600,F,0,26,0,1,4.402622699737549,5.66759729385376,1.969725251197815,0.30033940076828003,
20,600,F,0,26,0,2,4.670346260070801,5.896852970123291,2.0030136108398438,0.3114519715309143,
20,600,F,0,26,0,3,4.915213584899902,4.9379048347473145,1.995943546295166,0.37154197692871094,
20,600,F,0,26,1,0,3.215507745742798,8.226086616516113,-0.0763716846704483,0.285803884267807,
20,600,F,0,26,1,1,3.2463724613189697,6.616435527801514,-0.04524296522140503,0.3322162628173828,
20,600,F,0,26,1,2,4.035042762756348,6.833752155303955,-0.10319381952285767,0.37716376781463623,
20,600,F,0,26,1,3,4.174732685089111,9.178091049194336,-0.04916656017303467,0.3151695430278778,
20,600,F,0,27,0,0,8.455286026000977,11.207701683044434,0.45881515741348267,0.41639235615730286,
20,600,F,0,27,0,1,6.1298675537109375,13.828453063964844,0.3528735339641571,0.2946627140045166,
20,600,F,0,27,0,2,8.379063606262207,12.952614784240723,0.39942502975463867,0.38121259212493896,
20,600,F,0,27,0,3,6.290949821472168,16.82368278503418,0.35857516527175903,0.260694295167923,
20,600,F,0,27,1,0,35.09771728515625,55.90448760986328,2.504547595977783,0.3682941794395447,
20,600,F,0,27,1,1,15.824234962463379,56.84152603149414,3.100529670715332,0.1829032301902771,
20,600,F,0,27,1,2,17.342388153076172,59.06072235107422,2.5252480506896973,0.20056265592575073,
20,600,F,0,27,1,3,31.87176513671875,47.63705062866211,2.5252044200897217,0.381205290555954,
20,600,F,0,28,0,0,13.597496032714844,15.6506986618042,1.8698537349700928,0.42835474014282227,
20,600,F,0,28,0,1,14.634281158447266,23.79452133178711,1.916969895362854,0.3483065366744995,
20,600,F,0,28,0,2,8.162862777709961,16.50300407409668,2.0089566707611084,0.2716127634048462,
20,600,F,0,28,0,3,11.917947769165039,17.526451110839844,1.9159104824066162,0.363334059715271,
20,600,F,0,28,1,0,16.721824645996094,38.26494598388672,-0.212660014629364,0.30678731203079224,
20,600,F,0,28,1,1,12.063434600830078,28.64645767211914,-0.16659414768218994,0.29919472336769104,
20,600,F,0,28,1,2,16.14695930480957,28.630977630615234,-0.2670286297798157,0.36439117789268494,
20,600,F,0,28,1,3,19.622005462646484,28.10676383972168,-0.27831465005874634,0.41452881693840027,
20,600,F,0,29,0,0,4.0412797927856445,7.7016754150390625,1.622510552406311,0.23899832367897034,
20,600,F,0,29,0,1,4.44003963470459,6.0910186767578125,1.6532998085021973,0.31390130519866943,
20,600,F,0,29,0,2,4.409505844116211,6.3205790519714355,1.6216115951538086,0.3060770034790039,
20,600,F,0,29,0,3,5.632015228271484,7.569104194641113,1.6533173322677612,0.3445415794849396,
20,600,F,0,29,1,0,24.078847885131836,34.626529693603516,0.863735556602478,0.40135639905929565,
20,600,F,0,29,1,1,18.49764060974121,39.91794204711914,1.079004168510437,0.3037962317466736,
20,600,F,0,29,1,2,13.89561653137207,38.33272171020508,0.802966833114624,0.2545951306819916,
20,600,F,0,29,1,3,29.32299041748047,39.90948486328125,0.7901407480239868,0.41688889265060425,
20,600,F,0,30,0,0,5.677286624908447,8.866581916809082,-0.13560223579406738,0.3959876298904419,
20,600,F,0,30,0,1,4.888853549957275,9.127816200256348,-0.15639787912368774,0.35597455501556396,
20,600,F,0,30,0,2,3.956131935119629,9.754300117492676,-0.16244620084762573,0.2968798577785492,
20,600,F,0,30,0,3,6.030056476593018,8.333584785461426,-0.1601131558418274,0.4262100160121918,
20,600,F,0,30,1,0,5.2399396896362305,5.587198734283447,0.041063010692596436,0.4819989502429962,
20,600,F,0,30,1,1,3.3414108753204346,7.024877071380615,0.04048049449920654,0.3196777105331421,
20,600,F,0,30,1,2,6.3470563888549805,6.805996417999268,0.048213422298431396,0.4806501269340515,
20,600,F,0,30,1,3,4.630431652069092,5.926782608032227,0.02413696050643921,0.4373170733451843,
20,600,F,0,31,0,0,8.91069507598877,13.676833152770996,-0.6094357967376709,0.4104042053222656,
20,600,F,0,31,0,1,6.062234878540039,14.595147132873535,-0.5315815210342407,0.3111910820007324,
20,600,F,0,31,0,2,9.36136245727539,15.292593955993652,-0.3370068073272705,0.388075053691864,
20,600,F,0,31,0,3,4.750014781951904,12.39830207824707,-0.586667537689209,0.3009127080440521,
20,600,F,0,31,1,0,1.031912088394165,5.694676399230957,-2.516801595687866,0.3839190602302551,
20,600,F,0,31,1,1,1.4118194580078125,5.221517562866211,-2.5467095375061035,0.43121013045310974,
20,600,F,0,31,1,2,0.6384313106536865,6.573269844055176,-2.559399366378784,0.327274352312088,
20,600,F,0,31,1,3,1.8410489559173584,7.158634662628174,-2.54653263092041,0.3800016939640045,
20,600,F,0,32,0,0,3.1538124084472656,2.5002408027648926,1.450218915939331,0.4052475392818451,
20,600,F,0,32,0,1,3.2380013465881348,2.2709829807281494,1.4188767671585083,0.4447620213031769,
20,600,F,0,32,0,2,3.2275748252868652,2.577956438064575,1.4105870723724365,0.41342684626579285,
20,600,F,0,32,0,3,3.0142459869384766,2.5448927879333496,1.4102779626846313,0.3866044580936432,
20,600,F,0,32,1,0,0.42813873291015625,2.9825477600097656,-1.5316523313522339,0.3965311050415039,
20,600,F,0,32,1,1,0.8264865875244141,2.9103167057037354,-1.5153517723083496,0.4458813965320587,
20,600,F,0,32,1,2,0.05680835247039795,2.5336246490478516,-1.521601676940918,0.3838513493537903,
20,600,F,0,32,1,3,0.44178831577301025,2.8829240798950195,-1.5417776107788086,0.4075968563556671,
20,600,F,0,33,0,0,14.345513343811035,20.304180145263672,-0.7824966907501221,0.4269566535949707,
20,600,F,0,33,0,1,12.549213409423828,23.083744049072266,-0.7800765633583069,0.36605823040008545,
20,600,F,0,33,0,2,13.271303176879883,20.107921600341797,-0.7755532264709473,0.4112705886363983,
20,600,F,0,33,0,3,10.19975471496582,26.193866729736328,-0.7555716633796692,0.2949008047580719,
20,600,F,0,33,1,0,10.56872844696045,24.240367889404297,-1.660137414932251,0.3353200852870941,
20,600,F,0,33,1,1,15.7715425491333,21.415924072265625,-1.674278736114502,0.44892019033432007,
20,600,F,0,33,1,2,6.4267730712890625,25.541242599487305,-1.6746357679367065,0.2408076822757721,
20,600,F,0,33,1,3,7.065814971923828,24.27254295349121,-1.5395864248275757,0.26173779368400574,
20,600,F,0,34,0,0,10.132965087890625,20.531143188476562,-0.7222827672958374,0.3458583950996399,
20,600,F,0,34,0,1,10.871257781982422,16.715139389038086,-0.7391729950904846,0.4098922312259674,
20,600,F,0,34,0,2,7.772588729858398,20.88313865661621,-0.7259668707847595,0.2892465889453888,
20,600,F,0,34,0,3,7.215791702270508,17.5349178314209,-0.7812077403068542,0.31321579217910767,
20,600,F,0,34,1,0,12.669550895690918,23.47088623046875,-1.3843133449554443,0.37452253699302673,
20,600,F,0,34,1,1,12.413495063781738,24.515729904174805,-1.360207438468933,0.3597259521484375,
20,600,F,0,34,1,2,12.840325355529785,19.179487228393555,-1.3873862028121948,0.4258876144886017,
20,600,F,0,34,1,3,11.239214897155762,17.14470672607422,-1.3166424036026,0.4227480888366699,
20,600,F,0,35,0,0,10.644721984863281,24.645944595336914,-0.2786416709423065,0.3071008026599884,
20,600,F,0,35,0,1,11.737405776977539,26.280908584594727,-0.34593379497528076,0.31496354937553406,
20,600,F,0,35,0,2,12.874576568603516,27.900562286376953,-0.3683904707431793,0.32187241315841675,
20,600,F,0,35,0,3,15.302297592163086,28.03215217590332,-0.14150990545749664,0.3552263677120209,
20,600,F,0,35,1,0,8.239784240722656,7.373059272766113,1.2634508609771729,0.4861762225627899,
20,600,F,0,35,1,1,6.9686994552612305,10.052597999572754,1.3334804773330688,0.35920989513397217,
20,600,F,0,35,1,2,4.019465446472168,10.155313491821289,1.3092759847640991,0.21065552532672882,
20,600,F,0,35,1,3,5.452553749084473,8.216976165771484,1.2810572385787964,0.33672404289245605,
20,600,F,1,0,0,0,9.268180847167969,5.481125354766846,2.4782965183258057,0.5533272624015808,
20,600,F,1,0,0,1,8.467914581298828,5.880552768707275,2.3895909786224365,0.5082687735557556,
20,600,F,1,0,0,2,8.411083221435547,6.077256679534912,2.294949769973755,0.5015941262245178,
20,600,F,1,0,0,3,6.892848491668701,5.413874626159668,2.4203085899353027,0.4523925185203552,
20,600,F,1,0,1,0,12.757590293884277,10.935250282287598,-0.060152262449264526,0.53962641954422,
20,600,F,1,0,1,1,9.30138111114502,12.160130500793457,-0.058199793100357056,0.43493062257766724,
20,600,F,1,0,1,2,9.509711265563965,11.228360176086426,0.19669866561889648,0.453378289937973,
20,600,F,1,0,1,3,10.085358619689941,10.330427169799805,-0.12345600128173828,0.4970394968986511,
20,600,F,1,1,0,0,14.108827590942383,9.228937149047852,2.4052062034606934,0.5591108798980713,
20,600,F,1,1,0,1,12.53827953338623,10.410473823547363,2.6337437629699707,0.4875476658344269,
20,600,F,1,1,0,2,11.353808403015137,11.965408325195312,2.456554651260376,0.42646780610084534,
20,600,F,1,1,0,3,10.700164794921875,11.541526794433594,2.128394603729248,0.4261743128299713,
20,600,F,1,1,1,0,4.537968635559082,5.252424240112305,-0.24974124133586884,0.47685715556144714,
20,600,F,1,1,1,1,3.966437578201294,5.225973129272461,-0.2379900962114334,0.4458376169204712,
20,600,F,1,1,1,2,6.827901840209961,5.7925591468811035,-0.2554347813129425,0.5501238107681274,
20,600,F,1,1,1,3,5.098812103271484,4.33259391784668,-0.1768074482679367,0.5490738749504089,
20,600,F,1,2,0,0,11.329084396362305,13.884672164916992,0.47504740953445435,0.4387471079826355,
20,600,F,1,2,0,1,12.832437515258789,14.858135223388672,0.7222282886505127,0.44905272126197815,
20,600,F,1,2,0,2,11.705644607543945,11.010029792785645,0.4636504054069519,0.5052121877670288,
20,600,F,1,2,0,3,13.666425704956055,12.845848083496094,0.5196604132652283,0.5057885646820068,
20,600,F,1,2,1,0,7.616372585296631,10.845829010009766,-1.0514887571334839,0.44419386982917786,
20,600,F,1,2,1,1,5.684296131134033,12.158034324645996,-1.0112583637237549,0.3551342189311981,
20,600,F,1,2,1,2,8.090076446533203,10.65009593963623,-1.192732810974121,0.46570277214050293,
20,600,F,1,2,1,3,5.809021949768066,12.490532875061035,-0.8163685202598572,0.34659016132354736,
20,600,F,1,3,0,0,31.34212875366211,44.07912826538086,3.0357534885406494,0.3910503387451172,
20,600,F,1,3,0,1,30.834346771240234,46.98050308227539,3.6648190021514893,0.366412878036499,
20,600,F,1,3,0,2,34.11967086791992,36.022640228271484,2.77419114112854,0.465286523103714,
20,600,F,1,3,0,3,24.64101791381836,46.215965270996094,3.4043045043945312,0.314838707447052,
20,600,F,1,3,1,0,14.17695140838623,48.86959457397461,0.4240785837173462,0.219615638256073,
20,600,F,1,3,1,1,10.868550300598145,33.03639602661133,0.17735624313354492,0.24449540674686432,
20,600,F,1,3,1,2,13.00742244720459,33.40925216674805,0.2597144842147827,0.276181697845459,
20,600,F,1,3,1,3,18.347496032714844,37.233131408691406,1.171147108078003,0.3156867027282715,
20,600,F,1,4,0,0,11.664019584655762,24.189205169677734,2.2685024738311768,0.27975571155548096,
20,600,F,1,4,0,1,11.101280212402344,27.398778915405273,2.6688873767852783,0.2353367954492569,
20,600,F,1,4,0,2,17.411903381347656,24.415889739990234,2.607819080352783,0.37746289372444153,
20,600,F,1,4,0,3,16.005491256713867,29.201425552368164,2.8818836212158203,0.3100672662258148,
20,600,F,1,4,1,0,4.298184394836426,12.027724266052246,-1.3739742040634155,0.32046306133270264,
20,600,F,1,4,1,1,7.973040580749512,10.430333137512207,-1.3897396326065063,0.4730322062969208,
20,600,F,1,4,1,2,5.459632873535156,10.676063537597656,-1.3983896970748901,0.3911251723766327,
20,600,F,1,4,1,3,6.959650039672852,14.925182342529297,-1.178337574005127,0.3528563976287842,
20,600,F,1,5,0,0,8.26202392578125,8.660765647888184,2.104036331176758,0.41555365920066833,
20,600,F,1,5,0,1,7.465131759643555,10.321187973022461,2.1541576385498047,0.3397466242313385,
20,600,F,1,5,0,2,9.499939918518066,8.694257736206055,2.035245656967163,0.4619540870189667,
20,600,F,1,5,0,3,8.96641731262207,11.654586791992188,2.2896220684051514,0.3642275929450989,
20,600,F,1,5,1,0,15.990455627441406,25.43079948425293,-0.21826708316802979,0.38926294445991516,
20,600,F,1,5,1,1,12.651693344116211,23.713645935058594,-0.31960785388946533,0.35358646512031555,
20,600,F,1,5,1,2,9.445605278015137,24.11097526550293,-0.3530898690223694,0.2889646291732788,
20,600,F,1,5,1,3,16.38580894470215,25.87113380432129,0.26790499687194824,0.3838598132133484,
20,600,F,1,6,0,0,26.61004066467285,78.57447052001953,1.479466199874878,0.24232740700244904,
20,600,F,1,6,0,1,31.679576873779297,86.010498046875,0.5124565362930298,0.26598185300827026,
20,600,F,1,6,0,2,40.66617202758789,83.86325073242188,1.4135656356811523,0.3188265562057495,
20,600,F,1,6,0,3,32.44700241088867,79.50548553466797,3.0325043201446533,0.27005600929260254,
20,600,F,1,6,1,0,18.161739349365234,76.01371765136719,1.5491236448287964,0.17935089766979218,
20,600,F,1,6,1,1,22.529438018798828,77.2954330444336,2.0901832580566406,0.20913000404834747,
20,600,F,1,6,1,2,26.499223709106445,67.4886474609375,3.0973241329193115,0.2574734091758728,
20,600,F,1,6,1,3,30.976787567138672,85.85285949707031,2.4052300453186035,0.24969808757305145,
20,600,F,1,7,0,0,13.433576583862305,40.57564926147461,2.1215810775756836,0.21800941228866577,
20,600,F,1,7,0,1,17.93805694580078,37.356685638427734,2.0951108932495117,0.29780182242393494,
20,600,F,1,7,0,2,14.884125709533691,45.819976806640625,2.3091187477111816,0.21534395217895508,
20,600,F,1,7,0,3,9.677839279174805,42.68763732910156,2.850605010986328,0.13788250088691711,
20,600,F,1,7,1,0,21.719783782958984,29.645462036132812,0.9816939234733582,0.4116043448448181,
20,600,F,1,7,1,1,12.011616706848145,33.96794509887695,1.042051076889038,0.24410711228847504,
20,600,F,1,7,1,2,13.937983512878418,38.585323333740234,0.8259384632110596,0.2536308169364929,
20,600,F,1,7,1,3,14.306577682495117,32.19038391113281,1.1126229763031006,0.2907160222530365,
20,600,F,1,8,0,0,4.504683017730713,35.64112854003906,0.7996021509170532,0.09416614472866058,
20,600,F,1,8,0,1,10.148760795593262,38.15391540527344,0.9677942991256714,0.19395774602890015,
20,600,F,1,8,0,2,6.569416522979736,30.955581665039062,0.9272909760475159,0.1541661024093628,
20,600,F,1,8,0,3,12.305617332458496,31.909114837646484,0.7589074969291687,0.2657114267349243,
20,600,F,1,8,1,0,14.925996780395508,33.36620330810547,2.595757007598877,0.26982930302619934,
20,600,F,1,8,1,1,9.749479293823242,28.30829620361328,2.258572578430176,0.2092478722333908,
20,600,F,1,8,1,2,8.042329788208008,36.20918655395508,2.3407888412475586,0.13604013621807098,
20,600,F,1,8,1,3,11.234466552734375,28.84520721435547,2.3024351596832275,0.23643949627876282,
20,600,F,1,9,0,0,9.22131061553955,19.547109603881836,2.439119338989258,0.25759100914001465,
20,600,F,1,9,0,1,12.14574146270752,25.88506507873535,2.410372734069824,0.27330854535102844,
20,600,F,1,9,0,2,13.052593231201172,27.296733856201172,2.470806837081909,0.2793610990047455,
20,600,F,1,9,0,3,9.039137840270996,25.753398895263672,2.5078184604644775,0.20230375230312347,
20,600,F,1,9,1,0,15.779260635375977,36.13622283935547,2.459035634994507,0.2693324089050293,
20,600,F,1,9,1,1,10.593145370483398,36.08182144165039,2.9724252223968506,0.17437703907489777,
20,600,F,1,9,1,2,19.884187698364258,35.738380432128906,2.674755096435547,0.32502633333206177,
20,600,F,1,9,1,3,11.103632926940918,33.272552490234375,2.813964366912842,0.19945202767848969,
20,600,F,1,10,0,0,19.882137298583984,35.29947280883789,0.4890592098236084,0.3545835018157959,
20,600,F,1,10,0,1,15.620132446289062,37.695438385009766,1.2001783847808838,0.27669280767440796,
20,600,F,1,10,0,2,14.99620246887207,33.485748291015625,1.0264439582824707,0.2943759262561798,
20,600,F,1,10,0,3,23.970731735229492,33.82577896118164,0.8889999389648438,0.40560078620910645,
20,600,F,1,10,1,0,9.671875953674316,23.388748168945312,-0.7323577404022217,0.30788150429725647,
20,600,F,1,10,1,1,5.6640119552612305,25.8992862701416,-0.6705962419509888,0.19652009010314941,
20,600,F,1,10,1,2,8.702988624572754,21.073396682739258,-0.40736329555511475,0.3018296957015991,
20,600,F,1,10,1,3,8.646261215209961,20.809974670410156,0.006831049919128418,0.2933651804924011,
20,600,F,1,11,0,0,1.8871660232543945,6.555380821228027,-1.0366685390472412,0.30844688415527344,
20,600,F,1,11,0,1,2.0852367877960205,6.481326103210449,-1.0548648834228516,0.3263654410839081,
20,600,F,1,11,0,2,0.5133988857269287,6.389416217803955,-1.170989751815796,0.20862390100955963,
20,600,F,1,11,0,3,1.0959296226501465,6.002891540527344,-1.082808494567871,0.2662963569164276,
20,600,F,1,11,1,0,3.719280242919922,14.633546829223633,-0.2523198127746582,0.2134678214788437,
20,600,F,1,11,1,1,6.505157470703125,13.298934936523438,-0.19987964630126953,0.33518528938293457,
20,600,F,1,11,1,2,5.182920932769775,13.035709381103516,-0.28624123334884644,0.2955525517463684,
20,600,F,1,11,1,3,9.371870994567871,12.313817977905273,0.25758278369903564,0.4253426790237427,
20,600,F,1,12,0,0,-0.6429194808006287,0.3006766438484192,-1.4016786813735962,0.7161917686462402,
20,600,F,1,12,0,1,-0.7491077184677124,0.30553311109542847,-1.4499239921569824,0.6963946223258972,
20,600,F,1,12,0,2,-0.8350474238395691,0.3059423565864563,-1.4381953477859497,0.6634631752967834,
20,600,F,1,12,0,3,-0.6939939260482788,0.312585711479187,-1.3697786331176758,0.683736264705658,
20,600,F,1,12,1,0,1.7988674640655518,1.543534278869629,-1.161031723022461,0.6572539210319519,
20,600,F,1,12,1,1,1.7945311069488525,1.3447345495224,-0.5353586673736572,0.6340484023094177,
20,600,F,1,12,1,2,2.194581985473633,1.1672391891479492,-1.0920205116271973,0.7379252910614014,
20,600,F,1,12,1,3,1.7932298183441162,1.2880364656448364,-1.0747654438018799,0.6900802254676819,
20,600,F,1,13,0,0,3.61972975730896,0.9331830739974976,2.1832094192504883,0.6062026023864746,
20,600,F,1,13,0,1,4.0512285232543945,1.001987099647522,1.9979913234710693,0.6720414161682129,
20,600,F,1,13,0,2,3.6137566566467285,0.9741010665893555,1.895056128501892,0.6382573843002319,
20,600,F,1,13,0,3,3.6141934394836426,1.1007440090179443,1.9487683773040771,0.6020691394805908,
20,600,F,1,13,1,0,2.058302402496338,0.5286742448806763,1.4228664636611938,0.5458554625511169,
20,600,F,1,13,1,1,2.174447536468506,0.536831796169281,1.4549686908721924,0.5726918578147888,
20,600,F,1,13,1,2,2.2043166160583496,0.427508145570755,1.4936072826385498,0.624405562877655,
20,600,F,1,13,1,3,2.1594924926757812,0.4712422788143158,1.4313302040100098,0.607103168964386,
20,600,F,1,14,0,0,4.856734275817871,1.9794925451278687,1.4234702587127686,0.6342912316322327,
20,600,F,1,14,0,1,4.970536231994629,2.1001930236816406,1.8164176940917969,0.6002914905548096,
20,600,F,1,14,0,2,4.046027183532715,2.2288146018981934,1.5552966594696045,0.5277479887008667,
20,600,F,1,14,0,3,4.469343185424805,2.036161422729492,2.6613264083862305,0.4703259766101837,
20,600,F,1,14,1,0,-0.19248437881469727,1.1720787286758423,-1.317875862121582,0.48983943462371826,
20,600,F,1,14,1,1,0.1011422872543335,0.9428740739822388,-1.391821026802063,0.6129158735275269,
20,600,F,1,14,1,2,-0.03319978713989258,1.0140001773834229,-1.27254319190979,0.5500019788742065,
20,600,F,1,14,1,3,-0.13625431060791016,1.045458436012268,-1.2909271717071533,0.5248200297355652,
20,600,F,1,15,0,0,0.16026026010513306,0.6898206472396851,-4.098141670227051,0.860592246055603,
20,600,F,1,15,0,1,0.36825597286224365,0.6684264540672302,-3.9952237606048584,0.8671623468399048,
20,600,F,1,15,0,2,0.1191205382347107,0.5868555307388306,-4.059815883636475,0.8768607974052429,
20,600,F,1,15,0,3,-0.06006801128387451,0.6452195644378662,-4.076932907104492,0.861602783203125,
20,600,F,1,15,1,0,0.36202651262283325,0.24835024774074554,-1.2835561037063599,0.8688706159591675,
20,600,F,1,15,1,1,0.39238953590393066,0.27916887402534485,-1.3848309516906738,0.86424320936203,
20,600,F,1,15,1,2,0.2556845545768738,0.2615780830383301,-1.2990282773971558,0.85598224401474,
20,600,F,1,15,1,3,0.08024144172668457,0.32467353343963623,-1.3612979650497437,0.8161753416061401,
20,600,F,1,16,0,0,-0.428364634513855,0.37238889932632446,-2.3521971702575684,0.837825357913971,
20,600,F,1,16,0,1,-0.8307321667671204,0.3241291344165802,-2.5252349376678467,0.8394312858581543,
20,600,F,1,16,0,2,-0.688959002494812,0.3767760396003723,-1.99454665184021,0.776043713092804,
20,600,F,1,16,0,3,-0.5822317600250244,0.3516356647014618,-2.224775791168213,0.8236690163612366,
20,600,F,1,16,1,0,-1.700178623199463,0.16218824684619904,-2.4461798667907715,0.8214158415794373,
20,600,F,1,16,1,1,-1.65159010887146,0.14259272813796997,-2.423722743988037,0.8441141843795776,
20,600,F,1,16,1,2,-1.6830289363861084,0.14491724967956543,-2.4797234535217285,0.8460965752601624,
20,600,F,1,16,1,3,-1.6808348894119263,0.15054979920387268,-2.422842502593994,0.8313276171684265,
20,600,F,1,17,0,0,1.1177902221679688,0.17952649295330048,0.5745646357536316,0.7516071200370789,
20,600,F,1,17,0,1,1.15616774559021,0.17363491654396057,0.6205637454986572,0.7551813721656799,
20,600,F,1,17,0,2,1.162825107574463,0.1795637309551239,0.6078323125839233,0.7555481195449829,
20,600,F,1,17,0,3,1.1393401622772217,0.19064787030220032,0.5761643648147583,0.7470922470092773,
20,600,F,1,17,1,0,-0.0437244176864624,1.1651066541671753,-3.0284957885742188,0.7192431688308716,
20,600,F,1,17,1,1,0.282055139541626,0.8326953053474426,-3.201625108718872,0.8070846199989319,
20,600,F,1,17,1,2,0.06983470916748047,1.0360047817230225,-2.9727160930633545,0.7459873557090759,
20,600,F,1,17,1,3,0.31808435916900635,0.9324383735656738,-3.283708095550537,0.7943557500839233,
20,600,F,1,18,0,0,1.0592721700668335,2.682347059249878,-1.3833951950073242,0.4766167104244232,
20,600,F,1,18,0,1,1.547012448310852,2.429246187210083,-1.3818532228469849,0.5466227531433105,
20,600,F,1,18,0,2,1.0097144842147827,2.6710870265960693,-1.6239832639694214,0.49647587537765503,
20,600,F,1,18,0,3,0.684126615524292,2.5959885120391846,-1.4814672470092773,0.45480549335479736,
20,600,F,1,18,1,0,0.945274829864502,1.2628971338272095,-0.5144241452217102,0.5361422896385193,
20,600,F,1,18,1,1,0.6483034491539001,1.274101972579956,-0.5805779099464417,0.49096667766571045,
20,600,F,1,18,1,2,0.7073157429695129,1.5747952461242676,-0.5872240662574768,0.4511636793613434,
20,600,F,1,18,1,3,0.9857264757156372,1.5991063117980957,-0.4720180034637451,0.4768778681755066,
20,600,F,1,19,0,0,5.884248733520508,8.393440246582031,-0.6828343868255615,0.43896082043647766,
20,600,F,1,19,0,1,6.482381820678711,7.166982650756836,-1.0999717712402344,0.5140810012817383,
20,600,F,1,19,0,2,3.8034849166870117,7.042203903198242,-1.2342772483825684,0.41703444719314575,
20,600,F,1,19,0,3,5.20123291015625,7.8027143478393555,-0.027592182159423828,0.40124383568763733,
20,600,F,1,19,1,0,9.659049987792969,7.4668755531311035,-0.7582137584686279,0.5824862122535706,
20,600,F,1,19,1,1,6.938770771026611,9.18655014038086,-0.46848487854003906,0.44638678431510925,
20,600,F,1,19,1,2,8.370745658874512,9.096126556396484,-1.1092417240142822,0.5103320479393005,
20,600,F,1,19,1,3,8.03619384765625,8.552249908447266,-1.1167492866516113,0.5169637203216553,
20,600,F,1,20,0,0,3.311030387878418,3.872866153717041,-0.23221635818481445,0.47777679562568665,
20,600,F,1,20,0,1,3.242724895477295,3.970785617828369,-0.6865987777709961,0.49737587571144104,
20,600,F,1,20,0,2,2.6527583599090576,3.9533183574676514,-0.2866785526275635,0.4264531135559082,
20,600,F,1,20,0,3,2.4516329765319824,3.84159255027771,-0.27335023880004883,0.4149778187274933,
20,600,F,1,20,1,0,1.6023926734924316,5.0901689529418945,-3.2065253257751465,0.4857940971851349,
20,600,F,1,20,1,1,1.1889114379882812,5.794661045074463,-2.989727020263672,0.41898253560066223,
20,600,F,1,20,1,2,2.9901373386383057,6.990574836730957,-3.5371036529541016,0.48286211490631104,
20,600,F,1,20,1,3,1.3809013366699219,5.293543338775635,-3.1895580291748047,0.46334734559059143,
20,600,F,1,21,0,0,0.46212494373321533,0.8939211964607239,-1.3428466320037842,0.6687822341918945,
20,600,F,1,21,0,1,0.15289413928985596,0.8434103727340698,-1.2622584104537964,0.6265721321105957,
20,600,F,1,21,0,2,1.0212726593017578,0.8461893200874329,-1.3254314661026,0.7349772453308105,
20,600,F,1,21,0,3,0.4810326099395752,1.017533779144287,-1.2949912548065186,0.6357570290565491,
20,600,F,1,21,1,0,3.716449737548828,0.6197158098220825,1.9395991563796997,0.7414151430130005,
20,600,F,1,21,1,1,3.26900053024292,0.7074294686317444,1.8886430263519287,0.6611582040786743,
20,600,F,1,21,1,2,3.6735219955444336,0.7161096930503845,1.9345157146453857,0.7083194255828857,
20,600,F,1,21,1,3,2.978513240814209,0.7619708776473999,1.9229661226272583,0.5807629227638245,
20,600,F,1,22,0,0,0.03083980083465576,0.5064153671264648,-0.8141639232635498,0.6252713799476624,
20,600,F,1,22,0,1,-0.050605952739715576,0.45367151498794556,-0.827675998210907,0.6313836574554443,
20,600,F,1,22,0,2,0.06752771139144897,0.4396790862083435,-0.8206645250320435,0.66888427734375,
20,600,F,1,22,0,3,0.24607670307159424,0.4318124055862427,-0.8101465702056885,0.7098104357719421,
20,600,F,1,22,1,0,3.0932068824768066,1.6059688329696655,-0.3521081507205963,0.6820672154426575,
20,600,F,1,22,1,1,2.769551992416382,1.6061311960220337,-0.4018162786960602,0.6638134121894836,
20,600,F,1,22,1,2,2.637209892272949,1.646965503692627,-0.13677936792373657,0.6274638175964355,
20,600,F,1,22,1,3,2.8790688514709473,1.7992563247680664,-0.7998913526535034,0.6715616583824158,
20,600,F,1,23,0,0,3.1784818172454834,0.9647926688194275,1.8901722431182861,0.5717936158180237,
20,600,F,1,23,0,1,2.639061212539673,0.8413395881652832,1.879543662071228,0.47444432973861694,
20,600,F,1,23,0,2,3.1238057613372803,1.1173948049545288,1.8082693815231323,0.5407207608222961,
20,600,F,1,23,0,3,3.1010241508483887,1.0992786884307861,1.7707237005233765,0.5475435853004456,
20,600,F,1,23,1,0,2.1201882362365723,1.1550928354263306,0.32466763257980347,0.6085245013237,
20,600,F,1,23,1,1,2.3148772716522217,1.0646350383758545,0.39436596632003784,0.6433558464050293,
20,600,F,1,23,1,2,1.8283836841583252,1.3298261165618896,0.3251216411590576,0.5306089520454407,
20,600,F,1,23,1,3,1.9414035081863403,1.290113091468811,0.533595621585846,0.5218121409416199,
20,600,F,1,24,0,0,7.536741256713867,14.704553604125977,2.36629581451416,0.26014822721481323,
20,600,F,1,24,0,1,6.957164764404297,13.632166862487793,2.257378339767456,0.25637125968933105,
20,600,F,1,24,0,2,7.454995155334473,13.140746116638184,2.2929749488830566,0.2820349931716919,
20,600,F,1,24,0,3,5.857394218444824,12.997657775878906,2.2116034030914307,0.21905259788036346,
20,600,F,1,24,1,0,4.170969009399414,9.424784660339355,-0.7299986481666565,0.34210890531539917,
20,600,F,1,24,1,1,3.1101577281951904,8.309900283813477,-0.7725128531455994,0.3184455931186676,
20,600,F,1,24,1,2,2.754803419113159,8.283843994140625,-0.6846744418144226,0.29338765144348145,
20,600,F,1,24,1,3,4.859530448913574,9.101405143737793,-0.36463814973831177,0.36467429995536804,
20,600,F,1,25,0,0,3.3367128372192383,7.056754112243652,0.5470461845397949,0.28331783413887024,
20,600,F,1,25,0,1,4.068171977996826,7.488734245300293,0.6818037033081055,0.31138724088668823,
20,600,F,1,25,0,2,3.6948890686035156,7.149936199188232,0.6560083627700806,0.2982564866542816,
20,600,F,1,25,0,3,2.6363768577575684,7.779839992523193,0.46215152740478516,0.21842586994171143,
20,600,F,1,25,1,0,15.610319137573242,17.27365493774414,2.182748317718506,0.4373626708984375,
20,600,F,1,25,1,1,12.766303062438965,17.58244514465332,2.5911245346069336,0.36657238006591797,
20,600,F,1,25,1,2,12.769890785217285,16.25438117980957,2.717052698135376,0.38213232159614563,
20,600,F,1,25,1,3,13.68411922454834,16.154218673706055,2.373447895050049,0.4118229150772095,
20,600,F,1,26,0,0,4.9614458084106445,5.081254482269287,1.973868489265442,0.37026146054267883,
20,600,F,1,26,0,1,4.402622699737549,5.66759729385376,2.1040849685668945,0.2885386347770691,
20,600,F,1,26,0,2,4.670346260070801,5.896852970123291,2.2234647274017334,0.29325973987579346,
20,600,F,1,26,0,3,4.915213584899902,4.9379048347473145,2.1648244857788086,0.3577372431755066,
20,600,F,1,26,1,0,3.215507745742798,8.226086616516113,0.27190011739730835,0.26353520154953003,
20,600,F,1,26,1,1,3.2463724613189697,6.616435527801514,0.23434019088745117,0.3128257095813751,
20,600,F,1,26,1,2,4.035042762756348,6.833752155303955,0.4212263226509094,0.3459002375602722,
20,600,F,1,26,1,3,4.174732685089111,9.178091049194336,0.21727478504180908,0.3012784719467163,
20,600,F,1,27,0,0,8.455286026000977,11.207701683044434,0.7443984746932983,0.4075825810432434,
20,600,F,1,27,0,1,6.1298675537109375,13.828453063964844,0.7803863286972046,0.2789393663406372,
20,600,F,1,27,0,2,8.379063606262207,12.952614784240723,0.8050177097320557,0.36898577213287354,
20,600,F,1,27,0,3,6.290949821472168,16.82368278503418,0.6307904720306396,0.2517434060573578,
20,600,F,1,27,1,0,35.09771728515625,55.90448760986328,3.578338384628296,0.3605351448059082,
20,600,F,1,27,1,1,15.824234962463379,56.84152603149414,4.916945457458496,0.16099601984024048,
20,600,F,1,27,1,2,17.342388153076172,59.06072235107422,4.343532562255859,0.180390402674675,
20,600,F,1,27,1,3,31.87176513671875,47.63705062866211,3.0376687049865723,0.3770585060119629,
20,600,F,1,28,0,0,13.597496032714844,15.6506986618042,2.397925615310669,0.4171120524406433,
20,600,F,1,28,0,1,14.634281158447266,23.79452133178711,3.079836130142212,0.3268679976463318,
20,600,F,1,28,0,2,8.162862777709961,16.50300407409668,2.460634708404541,0.25679659843444824,
20,600,F,1,28,0,3,11.917947769165039,17.526451110839844,2.3367085456848145,0.3534509837627411,
20,600,F,1,28,1,0,16.721824645996094,38.26494598388672,0.20600926876068115,0.30148935317993164,
20,600,F,1,28,1,1,12.063434600830078,28.64645767211914,0.7303924560546875,0.28347131609916687,
20,600,F,1,28,1,2,16.14695930480957,28.630977630615234,0.31173479557037354,0.35611820220947266,
20,600,F,1,28,1,3,19.622005462646484,28.10676383972168,0.2784982919692993,0.40765851736068726,
20,600,F,1,29,0,0,4.0412797927856445,7.7016754150390625,1.8115782737731934,0.22451083362102509,
20,600,F,1,29,0,1,4.44003963470459,6.0910186767578125,1.7433850765228271,0.3068678677082062,
20,600,F,1,29,0,2,4.409505844116211,6.3205790519714355,1.7898969650268555,0.2930149734020233,
20,600,F,1,29,0,3,5.632015228271484,7.569104194641113,1.8085854053497314,0.3356083631515503,
20,600,F,1,29,1,0,24.078847885131836,34.626529693603516,1.334573745727539,0.39644336700439453,
20,600,F,1,29,1,1,18.49764060974121,39.91794204711914,2.1677756309509277,0.2903200089931488,
20,600,F,1,29,1,2,13.89561653137207,38.33272171020508,2.1759674549102783,0.23414774239063263,
20,600,F,1,29,1,3,29.32299041748047,39.90948486328125,1.653778076171875,0.4094369113445282,
20,600,F,1,30,0,0,5.677286624908447,8.866581916809082,0.5441149473190308,0.36666157841682434,
20,600,F,1,30,0,1,4.888853549957275,9.127816200256348,0.7832469344139099,0.31024524569511414,
20,600,F,1,30,0,2,3.956131935119629,9.754300117492676,0.6181552410125732,0.2549576759338379,
20,600,F,1,30,0,3,6.030056476593018,8.333584785461426,0.4290139377117157,0.4019513726234436,
20,600,F,1,30,1,0,5.2399396896362305,5.587198734283447,0.44459256529808044,0.46186622977256775,
20,600,F,1,30,1,1,3.3414108753204346,7.024877071380615,0.47318676114082336,0.2899216413497925,
20,600,F,1,30,1,2,6.3470563888549805,6.805996417999268,0.6367003917694092,0.45623162388801575,
20,600,F,1,30,1,3,4.630431652069092,5.926782608032227,0.40561363101005554,0.416172593832016,
20,600,F,1,31,0,0,8.91069507598877,13.676833152770996,1.351754903793335,0.3559531271457672,
20,600,F,1,31,0,1,6.062234878540039,14.595147132873535,0.5816229581832886,0.2729964852333069,
20,600,F,1,31,0,2,9.36136245727539,15.292593955993652,1.4465572834014893,0.34104663133621216,
20,600,F,1,31,0,3,4.750014781951904,12.39830207824707,0.9362861514091492,0.2352406531572342,
20,600,F,1,31,1,0,1.031912088394165,5.694676399230957,-2.221888303756714,0.3636150062084198,
20,600,F,1,31,1,1,1.4118194580078125,5.221517562866211,-2.4230713844299316,0.4234450161457062,
20,600,F,1,31,1,2,0.6384313106536865,6.573269844055176,-2.3707287311553955,0.31402891874313354,
20,600,F,1,31,1,3,1.8410489559173584,7.158634662628174,-2.2514753341674805,0.36374250054359436,
20,600,F,1,32,0,0,3.1538124084472656,2.5002408027648926,1.6323926448822021,0.3783063590526581,
20,600,F,1,32,0,1,3.2380013465881348,2.2709829807281494,1.5619829893112183,0.4246308207511902,
20,600,F,1,32,0,2,3.2275748252868652,2.577956438064575,1.5916788578033447,0.38821861147880554,
20,600,F,1,32,0,3,3.0142459869384766,2.5448927879333496,1.4964146614074707,0.37359941005706787,
20,600,F,1,32,1,0,0.42813873291015625,2.9825477600097656,-1.4367384910583496,0.3847150206565857,
20,600,F,1,32,1,1,0.8264865875244141,2.9103167057037354,-1.4357588291168213,0.4373548924922943,
20,600,F,1,32,1,2,0.05680835247039795,2.5336246490478516,-1.4518749713897705,0.3732232451438904,
20,600,F,1,32,1,3,0.44178831577301025,2.8829240798950195,-1.314330816268921,0.37855198979377747,
20,600,F,1,33,0,0,14.345513343811035,20.304180145263672,0.25680994987487793,0.4096400737762451,
20,600,F,1,33,0,1,12.549213409423828,23.083744049072266,-0.1854172646999359,0.3555334508419037,
20,600,F,1,33,0,2,13.271303176879883,20.107921600341797,-0.33381834626197815,0.40355661511421204,
20,600,F,1,33,0,3,10.19975471496582,26.193866729736328,0.2000017762184143,0.27628496289253235,
20,600,F,1,33,1,0,10.56872844696045,24.240367889404297,-0.7668876647949219,0.3186311423778534,
20,600,F,1,33,1,1,15.7715425491333,21.415924072265625,-0.6642493009567261,0.4342152178287506,
20,600,F,1,33,1,2,6.4267730712890625,25.541242599487305,-0.8757240772247314,0.22234059870243073,
20,600,F,1,33,1,3,7.065814971923828,24.27254295349121,-0.7453835010528564,0.24346283078193665,
20,600,F,1,34,0,0,10.132965087890625,20.531143188476562,-0.414157509803772,0.3393729329109192,
20,600,F,1,34,0,1,10.871257781982422,16.715139389038086,-0.26109910011291504,0.39976149797439575,
20,600,F,1,34,0,2,7.772588729858398,20.88313865661621,0.0019638538360595703,0.2711903750896454,
20,600,F,1,34,0,3,7.215791702270508,17.5349178314209,-0.25039851665496826,0.2986343801021576,
20,600,F,1,34,1,0,12.669550895690918,23.47088623046875,-0.6439495086669922,0.36193346977233887,
20,600,F,1,34,1,1,12.413495063781738,24.515729904174805,-0.9993541240692139,0.35363438725471497,
20,600,F,1,34,1,2,12.840325355529785,19.179487228393555,-0.7024329900741577,0.41387006640434265,
20,600,F,1,34,1,3,11.239214897155762,17.14470672607422,-0.5995016694068909,0.40846508741378784,
20,600,F,1,35,0,0,10.644721984863281,24.645944595336914,0.744644045829773,0.286576509475708,
20,600,F,1,35,0,1,11.737405776977539,26.280908584594727,0.7342648506164551,0.2951165735721588,
20,600,F,1,35,0,2,12.874576568603516,27.900562286376953,0.5607202053070068,0.30620500445365906,
20,600,F,1,35,0,3,15.302297592163086,28.03215217590332,0.6828171610832214,0.34276485443115234,
20,600,F,1,35,1,0,8.239784240722656,7.373059272766113,1.569899320602417,0.47496339678764343,
20,600,F,1,35,1,1,6.9686994552612305,10.052597999572754,1.4844708442687988,0.3529825508594513,
20,600,F,1,35,1,2,4.019465446472168,10.155313491821289,1.5595238208770752,0.1949973851442337,
20,600,F,1,35,1,3,5.452553749084473,8.216976165771484,1.6041995286941528,0.31895971298217773,
20,600,F,2,0,0,0,9.268180847167969,5.481125354766846,1.92990243434906,0.572435200214386,
20,600,F,2,0,0,1,8.467914581298828,5.880552768707275,1.91618812084198,0.5269932150840759,
20,600,F,2,0,0,2,8.411083221435547,6.077256679534912,1.9142122268676758,0.5166856646537781,
20,600,F,2,0,0,3,6.892848491668701,5.413874626159668,1.918627142906189,0.47883862257003784,
20,600,F,2,0,1,0,12.757590293884277,10.935250282287598,-0.37268540263175964,0.5456051826477051,
20,600,F,2,0,1,1,9.30138111114502,12.160130500793457,-0.34956762194633484,0.4424791932106018,
20,600,F,2,0,1,2,9.509711265563965,11.228360176086426,-0.35284075140953064,0.46762093901634216,
20,600,F,2,0,1,3,10.085358619689941,10.330427169799805,-0.35544487833976746,0.5026569962501526,
20,600,F,2,1,0,0,14.108827590942383,9.228937149047852,2.067574977874756,0.566109299659729,
20,600,F,2,1,0,1,12.53827953338623,10.410473823547363,2.07722544670105,0.5012117624282837,
20,600,F,2,1,0,2,11.353808403015137,11.965408325195312,2.0719540119171143,0.436849445104599,
20,600,F,2,1,0,3,10.700164794921875,11.541526794433594,2.031939744949341,0.4289129972457886,
20,600,F,2,1,1,0,4.537968635559082,5.252424240112305,-0.3466952443122864,0.4818606674671173,
20,600,F,2,1,1,1,3.966437578201294,5.225973129272461,-0.3447638750076294,0.4520418047904968,
20,600,F,2,1,1,2,6.827901840209961,5.7925591468811035,-0.35826560854911804,0.5536882281303406,
20,600,F,2,1,1,3,5.098812103271484,4.33259391784668,-0.36373576521873474,0.557679295539856,
20,600,F,2,2,0,0,11.329084396362305,13.884672164916992,0.21046751737594604,0.4446861743927002,
20,600,F,2,2,0,1,12.832437515258789,14.858135223388672,0.10966815054416656,0.46128904819488525,
20,600,F,2,2,0,2,11.705644607543945,11.010029792785645,0.22465813159942627,0.510469913482666,
20,600,F,2,2,0,3,13.666425704956055,12.845848083496094,0.21049842238426208,0.5115976929664612,
20,600,F,2,2,1,0,7.616372585296631,10.845829010009766,-1.3810213804244995,0.45342403650283813,
20,600,F,2,2,1,1,5.684296131134033,12.158034324645996,-1.3570789098739624,0.3667495846748352,
20,600,F,2,2,1,2,8.090076446533203,10.65009593963623,-1.4283661842346191,0.4719450771808624,
20,600,F,2,2,1,3,5.809021949768066,12.490532875061035,-1.4471439123153687,0.3674622178077698,
20,600,F,2,3,0,0,31.34212875366211,44.07912826538086,1.7770297527313232,0.4014584720134735,
20,600,F,2,3,0,1,30.834346771240234,46.98050308227539,1.8175137042999268,0.38181379437446594,
20,600,F,2,3,0,2,34.11967086791992,36.022640228271484,1.7161450386047363,0.4735545814037323,
20,600,F,2,3,0,3,24.64101791381836,46.215965270996094,1.7206990718841553,0.33152374625205994,
20,600,F,2,3,1,0,14.17695140838623,48.86959457397461,-0.6673108339309692,0.23298326134681702,
20,600,F,2,3,1,1,10.868550300598145,33.03639602661133,-0.6729276180267334,0.25890597701072693,
20,600,F,2,3,1,2,13.00742244720459,33.40925216674805,-0.5661729574203491,0.2889053225517273,
20,600,F,2,3,1,3,18.347496032714844,37.233131408691406,-0.6639136672019958,0.3380134105682373,
20,600,F,2,4,0,0,11.664019584655762,24.189205169677734,2.1880104541778564,0.28147777915000916,
20,600,F,2,4,0,1,11.101280212402344,27.398778915405273,2.0065197944641113,0.24921564757823944,
20,600,F,2,4,0,2,17.411903381347656,24.415889739990234,1.998482584953308,0.3869868814945221,
20,600,F,2,4,0,3,16.005491256713867,29.201425552368164,2.0739433765411377,0.32299065589904785,
20,600,F,2,4,1,0,4.298184394836426,12.027724266052246,-1.5616620779037476,0.3275931775569916,
20,600,F,2,4,1,1,7.973040580749512,10.430333137512207,-1.6129755973815918,0.47890931367874146,
20,600,F,2,4,1,2,5.459632873535156,10.676063537597656,-1.6394704580307007,0.39938321709632874,
20,600,F,2,4,1,3,6.959650039672852,14.925182342529297,-1.52335786819458,0.36239486932754517,
20,600,F,2,5,0,0,8.26202392578125,8.660765647888184,1.9291226863861084,0.4223717451095581,
20,600,F,2,5,0,1,7.465131759643555,10.321187973022461,1.9165146350860596,0.3496336340904236,
20,600,F,2,5,0,2,9.499939918518066,8.694257736206055,1.9202779531478882,0.4657551348209381,
20,600,F,2,5,0,3,8.96641731262207,11.654586791992188,1.9233585596084595,0.3766815960407257,
20,600,F,2,5,1,0,15.990455627441406,25.43079948425293,-0.792121410369873,0.39756539463996887,
20,600,F,2,5,1,1,12.651693344116211,23.713645935058594,-0.7595775127410889,0.361247181892395,
20,600,F,2,5,1,2,9.445605278015137,24.11097526550293,-0.7748790383338928,0.29770025610923767,
20,600,F,2,5,1,3,16.38580894470215,25.87113380432129,-0.765390157699585,0.39865803718566895,
20,600,F,2,6,0,0,26.61004066467285,78.57447052001953,-0.8404964804649353,0.2589062750339508,
20,600,F,2,6,0,1,31.679576873779297,86.010498046875,-0.8283188939094543,0.2742856740951538,
20,600,F,2,6,0,2,40.66617202758789,83.86325073242188,-0.3307309150695801,0.3283425569534302,
20,600,F,2,6,0,3,32.44700241088867,79.50548553466797,-0.8985612392425537,0.29548296332359314,
20,600,F,2,6,1,0,18.161739349365234,76.01371765136719,0.7402035593986511,0.18645569682121277,
20,600,F,2,6,1,1,22.529438018798828,77.2954330444336,0.7462644577026367,0.21985748410224915,
20,600,F,2,6,1,2,26.499223709106445,67.4886474609375,0.9443054795265198,0.27465540170669556,
20,600,F,2,6,1,3,30.976787567138672,85.85285949707031,0.9614295363426208,0.25904738903045654,
20,600,F,2,7,0,0,13.433576583862305,40.57564926147461,1.5618964433670044,0.22635433077812195,
20,600,F,2,7,0,1,17.93805694580078,37.356685638427734,1.4393941164016724,0.3063514232635498,
20,600,F,2,7,0,2,14.884125709533691,45.819976806640625,1.676053524017334,0.223759263753891,
20,600,F,2,7,0,3,9.677839279174805,42.68763732910156,1.7295351028442383,0.15696962177753448,
20,600,F,2,7,1,0,21.719783782958984,29.645462036132812,0.4814046025276184,0.417389452457428,
20,600,F,2,7,1,1,12.011616706848145,33.96794509887695,0.4346645772457123,0.2541877031326294,
20,600,F,2,7,1,2,13.937983512878418,38.585323333740234,0.4499208331108093,0.25902026891708374,
20,600,F,2,7,1,3,14.306577682495117,32.19038391113281,0.4783022403717041,0.3004928231239319,
20,600,F,2,8,0,0,4.504683017730713,35.64112854003906,0.44799986481666565,0.1021890863776207,
20,600,F,2,8,0,1,10.148760795593262,38.15391540527344,0.5116696357727051,0.2016507089138031,
20,600,F,2,8,0,2,6.569416522979736,30.955581665039062,0.49046874046325684,0.16414271295070648,
20,600,F,2,8,0,3,12.305617332458496,31.909114837646484,0.4346032440662384,0.27115073800086975,
20,600,F,2,8,1,0,14.925996780395508,33.36620330810547,1.8506883382797241,0.2815435528755188,
20,600,F,2,8,1,1,9.749479293823242,28.30829620361328,1.7975767850875854,0.21930113434791565,
20,600,F,2,8,1,2,8.042329788208008,36.20918655395508,1.9254530668258667,0.14451797306537628,
20,600,F,2,8,1,3,11.234466552734375,28.84520721435547,1.9415130615234375,0.24366548657417297,
20,600,F,2,9,0,0,9.22131061553955,19.547109603881836,1.8905845880508423,0.2727424204349518,
20,600,F,2,9,0,1,12.14574146270752,25.88506507873535,1.992465615272522,0.281735360622406,
20,600,F,2,9,0,2,13.052593231201172,27.296733856201172,1.9160836935043335,0.289762407541275,
20,600,F,2,9,0,3,9.039137840270996,25.753398895263672,1.9308322668075562,0.21630969643592834,
20,600,F,2,9,1,0,15.779260635375977,36.13622283935547,1.6772602796554565,0.2807026207447052,
20,600,F,2,9,1,1,10.593145370483398,36.08182144165039,2.0688812732696533,0.19110092520713806,
20,600,F,2,9,1,2,19.884187698364258,35.738380432128906,2.2597596645355225,0.3302754759788513,
20,600,F,2,9,1,3,11.103632926940918,33.272552490234375,1.9403482675552368,0.215932697057724,
20,600,F,2,10,0,0,19.882137298583984,35.29947280883789,0.05306291580200195,0.3596879839897156,
20,600,F,2,10,0,1,15.620132446289062,37.695438385009766,-0.19793522357940674,0.29559019207954407,
20,600,F,2,10,0,2,14.99620246887207,33.485748291015625,-0.14797186851501465,0.3114168047904968,
20,600,F,2,10,0,3,23.970731735229492,33.82577896118164,0.04458904266357422,0.41429173946380615,
20,600,F,2,10,1,0,9.671875953674316,23.388748168945312,-1.0451152324676514,0.3142283856868744,
20,600,F,2,10,1,1,5.6640119552612305,25.8992862701416,-1.0486503839492798,0.20583443343639374,
20,600,F,2,10,1,2,8.702988624572754,21.073396682739258,-0.7842469215393066,0.310439795255661,
20,600,F,2,10,1,3,8.646261215209961,20.809974670410156,-0.9031306505203247,0.3145451545715332,
20,600,F,2,11,0,0,1.8871660232543945,6.555380821228027,-1.2083052396774292,0.32074591517448425,
20,600,F,2,11,0,1,2.0852367877960205,6.481326103210449,-1.26617431640625,0.3408421576023102,
20,600,F,2,11,0,2,0.5133988857269287,6.389416217803955,-1.2854254245758057,0.21968387067317963,
20,600,F,2,11,0,3,1.0959296226501465,6.002891540527344,-1.288736343383789,0.28430992364883423,
20,600,F,2,11,1,0,3.719280242919922,14.633546829223633,-0.6479367613792419,0.22984428703784943,
20,600,F,2,11,1,1,6.505157470703125,13.298934936523438,-0.6047734618186951,0.3483746349811554,
20,600,F,2,11,1,2,5.182920932769775,13.035709381103516,-0.5652703642845154,0.3060169219970703,
20,600,F,2,11,1,3,9.371870994567871,12.313817977905273,-0.38666588068008423,0.44211581349372864,
20,600,F,2,12,0,0,-0.6429194808006287,0.3006766438484192,-1.4469695091247559,0.7278271317481995,
20,600,F,2,12,0,1,-0.7491077184677124,0.30553311109542847,-1.477262258529663,0.7044241428375244,
20,600,F,2,12,0,2,-0.8350474238395691,0.3059423565864563,-1.4666417837142944,0.6736742854118347,
20,600,F,2,12,0,3,-0.6939939260482788,0.312585711479187,-1.4545388221740723,0.7087160348892212,
20,600,F,2,12,1,0,1.7988674640655518,1.543534278869629,-1.593623161315918,0.6872920393943787,
20,600,F,2,12,1,1,1.7945311069488525,1.3447345495224,-1.178588628768921,0.6885641813278198,
20,600,F,2,12,1,2,2.194581985473633,1.1672391891479492,-1.5326669216156006,0.7615196704864502,
20,600,F,2,12,1,3,1.7932298183441162,1.2880364656448364,-1.2561450004577637,0.7030403017997742,
20,600,F,2,13,0,0,3.61972975730896,0.9331830739974976,1.9087965488433838,0.6470718383789062,
20,600,F,2,13,0,1,4.0512285232543945,1.001987099647522,1.9166512489318848,0.6805462837219238,
20,600,F,2,13,0,2,3.6137566566467285,0.9741010665893555,1.778263807296753,0.6532946825027466,
20,600,F,2,13,0,3,3.6141934394836426,1.1007440090179443,1.7292096614837646,0.6313314437866211,
20,600,F,2,13,1,0,2.058302402496338,0.5286742448806763,1.3180782794952393,0.5833595991134644,
20,600,F,2,13,1,1,2.174447536468506,0.536831796169281,1.3609822988510132,0.6024342775344849,
20,600,F,2,13,1,2,2.2043166160583496,0.427508145570755,1.3124500513076782,0.6759766936302185,
20,600,F,2,13,1,3,2.1594924926757812,0.4712422788143158,1.3552685976028442,0.6305332779884338,
20,600,F,2,14,0,0,4.856734275817871,1.9794925451278687,1.6812305450439453,0.6160050630569458,
20,600,F,2,14,0,1,4.970536231994629,2.1001930236816406,1.4706716537475586,0.6249693632125854,
20,600,F,2,14,0,2,4.046027183532715,2.2288146018981934,1.564316749572754,0.5268436670303345,
20,600,F,2,14,0,3,4.469343185424805,2.036161422729492,1.313472032546997,0.6078296303749084,
20,600,F,2,14,1,0,-0.19248437881469727,1.1720787286758423,-1.7122422456741333,0.5645803213119507,
20,600,F,2,14,1,1,0.1011422872543335,0.9428740739822388,-1.6005682945251465,0.6434698700904846,
20,600,F,2,14,1,2,-0.03319978713989258,1.0140001773834229,-1.424202561378479,0.5783787965774536,
20,600,F,2,14,1,3,-0.13625431060791016,1.045458436012268,-1.4230453968048096,0.5517381429672241,
20,600,F,2,15,0,0,0.16026026010513306,0.6898206472396851,-4.098553657531738,0.8606038093566895,
20,600,F,2,15,0,1,0.36825597286224365,0.6684264540672302,-3.8998615741729736,0.8645962476730347,
20,600,F,2,15,0,2,0.1191205382347107,0.5868555307388306,-4.128448963165283,0.8786090612411499,
20,600,F,2,15,0,3,-0.06006801128387451,0.6452195644378662,-4.129988193511963,0.8631600141525269,
20,600,F,2,15,1,0,0.36202651262283325,0.24835024774074554,-1.445676565170288,0.8792102336883545,
20,600,F,2,15,1,1,0.39238953590393066,0.27916887402534485,-1.4337705373764038,0.8673989176750183,
20,600,F,2,15,1,2,0.2556845545768738,0.2615780830383301,-1.4107232093811035,0.8643257021903992,
20,600,F,2,15,1,3,0.08024144172668457,0.32467353343963623,-1.4710500240325928,0.8269298672676086,
20,600,F,2,16,0,0,-0.428364634513855,0.37238889932632446,-2.331179618835449,0.8363272547721863,
20,600,F,2,16,0,1,-0.8307321667671204,0.3241291344165802,-2.5930113792419434,0.8446472883224487,
20,600,F,2,16,0,2,-0.688959002494812,0.3767760396003723,-2.4697723388671875,0.8253717422485352,
20,600,F,2,16,0,3,-0.5822317600250244,0.3516356647014618,-2.524259328842163,0.8466925621032715,
20,600,F,2,16,1,0,-1.700178623199463,0.16218824684619904,-2.440575122833252,0.8203068971633911,
20,600,F,2,16,1,1,-1.65159010887146,0.14259272813796997,-2.528761148452759,0.860170841217041,
20,600,F,2,16,1,2,-1.6830289363861084,0.14491724967956543,-2.5080361366271973,0.8505891561508179,
20,600,F,2,16,1,3,-1.6808348894119263,0.15054979920387268,-2.5120410919189453,0.8466525077819824,
20,600,F,2,17,0,0,1.1177902221679688,0.17952649295330048,0.5490301847457886,0.7600832581520081,
20,600,F,2,17,0,1,1.15616774559021,0.17363491654396057,0.4753410518169403,0.7967902421951294,
20,600,F,2,17,0,2,1.162825107574463,0.1795637309551239,0.5096491575241089,0.784369945526123,
20,600,F,2,17,0,3,1.1393401622772217,0.19064787030220032,0.487093448638916,0.7738176584243774,
20,600,F,2,17,1,0,-0.0437244176864624,1.1651066541671753,-3.5365514755249023,0.7498661875724792,
20,600,F,2,17,1,1,0.282055139541626,0.8326953053474426,-3.462891101837158,0.8180951476097107,
20,600,F,2,17,1,2,0.06983470916748047,1.0360047817230225,-3.6580021381378174,0.7825273871421814,
20,600,F,2,17,1,3,0.31808435916900635,0.9324383735656738,-3.5578019618988037,0.806078314781189,
20,600,F,2,18,0,0,1.0592721700668335,2.682347059249878,-1.7628564834594727,0.512697160243988,
20,600,F,2,18,0,1,1.547012448310852,2.429246187210083,-1.6934059858322144,0.5715361833572388,
20,600,F,2,18,0,2,1.0097144842147827,2.6710870265960693,-1.708490014076233,0.5043714046478271,
20,600,F,2,18,0,3,0.684126615524292,2.5959885120391846,-1.6477177143096924,0.4731987416744232,
20,600,F,2,18,1,0,0.945274829864502,1.2628971338272095,-0.6193473935127258,0.5533550977706909,
20,600,F,2,18,1,1,0.6483034491539001,1.274101972579956,-0.6373253464698792,0.5022515654563904,
20,600,F,2,18,1,2,0.7073157429695129,1.5747952461242676,-0.6253989338874817,0.45836979150772095,
20,600,F,2,18,1,3,0.9857264757156372,1.5991063117980957,-0.611180305480957,0.4996558725833893,
20,600,F,2,19,0,0,5.884248733520508,8.393440246582031,-1.694230079650879,0.47448769211769104,
20,600,F,2,19,0,1,6.482381820678711,7.166982650756836,-1.6987826824188232,0.5330392122268677,
20,600,F,2,19,0,2,3.8034849166870117,7.042203903198242,-1.6477210521697998,0.4363265335559845,
20,600,F,2,19,0,3,5.20123291015625,7.8027143478393555,-1.1843602657318115,0.45006024837493896,
20,600,F,2,19,1,0,9.659049987792969,7.4668755531311035,-1.4555375576019287,0.598154604434967,
20,600,F,2,19,1,1,6.938770771026611,9.18655014038086,-1.349419116973877,0.4742954671382904,
20,600,F,2,19,1,2,8.370745658874512,9.096126556396484,-1.4697017669677734,0.5196530222892761,
20,600,F,2,19,1,3,8.03619384765625,8.552249908447266,-1.466141939163208,0.526311457157135,
20,600,F,2,20,0,0,3.311030387878418,3.872866153717041,-0.9607453346252441,0.5244891047477722,
20,600,F,2,20,0,1,3.242724895477295,3.970785617828369,-0.9389474391937256,0.5129339098930359,
20,600,F,2,20,0,2,2.6527583599090576,3.9533183574676514,-0.8097211122512817,0.4669058620929718,
20,600,F,2,20,0,3,2.4516329765319824,3.84159255027771,-0.9685752391815186,0.4709862172603607,
20,600,F,2,20,1,0,1.6023926734924316,5.0901689529418945,-3.8032238483428955,0.5150273442268372,
20,600,F,2,20,1,1,1.1889114379882812,5.794661045074463,-3.857095718383789,0.4654701054096222,
20,600,F,2,20,1,2,2.9901373386383057,6.990574836730957,-3.873941659927368,0.4954349100589752,
20,600,F,2,20,1,3,1.3809013366699219,5.293543338775635,-4.039318561553955,0.5059118270874023,
20,600,F,2,21,0,0,0.46212494373321533,0.8939211964607239,-1.4125316143035889,0.6771190166473389,
20,600,F,2,21,0,1,0.15289413928985596,0.8434103727340698,-1.489100694656372,0.6606547832489014,
20,600,F,2,21,0,2,1.0212726593017578,0.8461893200874329,-1.4276350736618042,0.7431974411010742,
20,600,F,2,21,0,3,0.4810326099395752,1.017533779144287,-1.486756443977356,0.6591545343399048,
20,600,F,2,21,1,0,3.716449737548828,0.6197158098220825,1.8260459899902344,0.7531130313873291,
20,600,F,2,21,1,1,3.26900053024292,0.7074294686317444,1.8205666542053223,0.6718579530715942,
20,600,F,2,21,1,2,3.6735219955444336,0.7161096930503845,1.8208024501800537,0.7212311029434204,
20,600,F,2,21,1,3,2.978513240814209,0.7619708776473999,1.8187806606292725,0.6034919023513794,
20,600,F,2,22,0,0,0.03083980083465576,0.5064153671264648,-0.8680862784385681,0.6396495699882507,
20,600,F,2,22,0,1,-0.050605952739715576,0.45367151498794556,-0.8281790614128113,0.631534218788147,
20,600,F,2,22,0,2,0.06752771139144897,0.4396790862083435,-0.8581158518791199,0.6779668927192688,
20,600,F,2,22,0,3,0.24607670307159424,0.4318124055862427,-0.8741646409034729,0.721780002117157,
20,600,F,2,22,1,0,3.0932068824768066,1.6059688329696655,-0.8679496049880981,0.7115263342857361,
20,600,F,2,22,1,1,2.769551992416382,1.6061311960220337,-0.9412218332290649,0.6979199051856995,
20,600,F,2,22,1,2,2.637209892272949,1.646965503692627,-0.5372735261917114,0.6584085822105408,
20,600,F,2,22,1,3,2.8790688514709473,1.7992563247680664,-0.8594931364059448,0.6750965714454651,
20,600,F,2,23,0,0,3.1784818172454834,0.9647926688194275,1.7665396928787231,0.5940679907798767,
20,600,F,2,23,0,1,2.639061212539673,0.8413395881652832,1.7615554332733154,0.5105204582214355,
20,600,F,2,23,0,2,3.1238057613372803,1.1173948049545288,1.772997498512268,0.5472840666770935,
20,600,F,2,23,0,3,3.1010241508483887,1.0992786884307861,1.7500903606414795,0.5513536930084229,
20,600,F,2,23,1,0,2.1201882362365723,1.1550928354263306,0.2156640589237213,0.6224714517593384,
20,600,F,2,23,1,1,2.3148772716522217,1.0646350383758545,0.21812531352043152,0.663237988948822,
20,600,F,2,23,1,2,1.8283836841583252,1.3298261165618896,0.1774141490459442,0.5538687109947205,
20,600,F,2,23,1,3,1.9414035081863403,1.290113091468811,0.14853957295417786,0.581536591053009,
20,600,F,2,24,0,0,7.536741256713867,14.704553604125977,1.7788310050964355,0.28138890862464905,
20,600,F,2,24,0,1,6.957164764404297,13.632166862487793,1.804189920425415,0.27431121468544006,
20,600,F,2,24,0,2,7.454995155334473,13.140746116638184,1.8069689273834229,0.30060645937919617,
20,600,F,2,24,0,3,5.857394218444824,12.997657775878906,1.7799506187438965,0.2387946993112564,
20,600,F,2,24,1,0,4.170969009399414,9.424784660339355,-0.8587997555732727,0.34797123074531555,
20,600,F,2,24,1,1,3.1101577281951904,8.309900283813477,-0.7938840389251709,0.3196381628513336,
20,600,F,2,24,1,2,2.754803419113159,8.283843994140625,-0.8528112173080444,0.3033786416053772,
20,600,F,2,24,1,3,4.859530448913574,9.101405143737793,-0.7445600628852844,0.38108816742897034,
20,600,F,2,25,0,0,3.3367128372192383,7.056754112243652,0.36357322335243225,0.29642781615257263,
20,600,F,2,25,0,1,4.068171977996826,7.488734245300293,0.3656768202781677,0.33083900809288025,
20,600,F,2,25,0,2,3.6948890686035156,7.149936199188232,0.3410390615463257,0.3192991316318512,
20,600,F,2,25,0,3,2.6363768577575684,7.779839992523193,0.3783372640609741,0.224951833486557,
20,600,F,2,25,1,0,15.610319137573242,17.27365493774414,2.109372138977051,0.4387041926383972,
20,600,F,2,25,1,1,12.766303062438965,17.58244514465332,2.3865866661071777,0.37120580673217773,
20,600,F,2,25,1,2,12.769890785217285,16.25438117980957,2.2949180603027344,0.3918902277946472,
20,600,F,2,25,1,3,13.68411922454834,16.154218673706055,2.0013816356658936,0.41968443989753723,
20,600,F,2,26,0,0,4.9614458084106445,5.081254482269287,1.9371309280395508,0.3731156587600708,
20,600,F,2,26,0,1,4.402622699737549,5.66759729385376,1.994867205619812,0.29816100001335144,
20,600,F,2,26,0,2,4.670346260070801,5.896852970123291,2.027275323867798,0.30949586629867554,
20,600,F,2,26,0,3,4.915213584899902,4.9379048347473145,2.0099048614501953,0.37042325735092163,
20,600,F,2,26,1,0,3.215507745742798,8.226086616516113,-0.08159320056438446,0.286127507686615,
20,600,F,2,26,1,1,3.2463724613189697,6.616435527801514,-0.10045778751373291,0.33591699600219727,
20,600,F,2,26,1,2,4.035042762756348,6.833752155303955,-0.037902891635894775,0.37343528866767883,
20,600,F,2,26,1,3,4.174732685089111,9.178091049194336,0.022348761558532715,0.3114955723285675,
20,600,F,2,27,0,0,8.455286026000977,11.207701683044434,0.47368478775024414,0.41594013571739197,
20,600,F,2,27,0,1,6.1298675537109375,13.828453063964844,0.3973880708217621,0.2930575907230377,
20,600,F,2,27,0,2,8.379063606262207,12.952614784240723,0.3971017301082611,0.3812812566757202,
20,600,F,2,27,0,3,6.290949821472168,16.82368278503418,0.460212767124176,0.2573774755001068,
20,600,F,2,27,1,0,35.09771728515625,55.90448760986328,3.30709171295166,0.36251309514045715,
20,600,F,2,27,1,1,15.824234962463379,56.84152603149414,2.897505760192871,0.1852809488773346,
20,600,F,2,27,1,2,17.342388153076172,59.06072235107422,2.8675007820129395,0.19684186577796936,
20,600,F,2,27,1,3,31.87176513671875,47.63705062866211,2.721311330795288,0.3796249330043793,
20,600,F,2,28,0,0,13.597496032714844,15.6506986618042,2.0965633392333984,0.42358162999153137,
20,600,F,2,28,0,1,14.634281158447266,23.79452133178711,2.137986898422241,0.3443376421928406,
20,600,F,2,28,0,2,8.162862777709961,16.50300407409668,2.140749216079712,0.26735106110572815,
20,600,F,2,28,0,3,11.917947769165039,17.526451110839844,2.084334135055542,0.35941484570503235,
20,600,F,2,28,1,0,16.721824645996094,38.26494598388672,-0.08372902870178223,0.3051643669605255,
20,600,F,2,28,1,1,12.063434600830078,28.64645767211914,-0.13208651542663574,0.2986026108264923,
20,600,F,2,28,1,2,16.14695930480957,28.630977630615234,-0.1549363136291504,0.3628055453300476,
20,600,F,2,28,1,3,19.622005462646484,28.10676383972168,-0.25433969497680664,0.41423627734184265,
20,600,F,2,29,0,0,4.0412797927856445,7.7016754150390625,1.6409748792648315,0.23760735988616943,
20,600,F,2,29,0,1,4.44003963470459,6.0910186767578125,1.631684422492981,0.3155677318572998,
20,600,F,2,29,0,2,4.409505844116211,6.3205790519714355,1.688687801361084,0.3009289503097534,
20,600,F,2,29,0,3,5.632015228271484,7.569104194641113,1.6660875082015991,0.3438159227371216,
20,600,F,2,29,1,0,24.078847885131836,34.626529693603516,1.0187931060791016,0.3997472822666168,
20,600,F,2,29,1,1,18.49764060974121,39.91794204711914,1.0036594867706299,0.30470988154411316,
20,600,F,2,29,1,2,13.89561653137207,38.33272171020508,1.0428580045700073,0.25110164284706116,
20,600,F,2,29,1,3,29.32299041748047,39.90948486328125,1.0820643901824951,0.4143911302089691,
20,600,F,2,30,0,0,5.677286624908447,8.866581916809082,-0.1462194323539734,0.39642417430877686,
20,600,F,2,30,0,1,4.888853549957275,9.127816200256348,-0.06298273801803589,0.3517015874385834,
20,600,F,2,30,0,2,3.956131935119629,9.754300117492676,-0.167624831199646,0.29714223742485046,
20,600,F,2,30,0,3,6.030056476593018,8.333584785461426,-0.12029463052749634,0.42463257908821106,
20,600,F,2,30,1,0,5.2399396896362305,5.587198734283447,0.09292352199554443,0.4794963002204895,
20,600,F,2,30,1,1,3.3414108753204346,7.024877071380615,0.06685405969619751,0.31793561577796936,
20,600,F,2,30,1,2,6.3470563888549805,6.805996417999268,0.07260006666183472,0.47968190908432007,
20,600,F,2,30,1,3,4.630431652069092,5.926782608032227,0.07271218299865723,0.43471014499664307,
20,600,F,2,31,0,0,8.91069507598877,13.676833152770996,-0.44853007793426514,0.4062858521938324,
20,600,F,2,31,0,1,6.062234878540039,14.595147132873535,-0.46101105213165283,0.30888932943344116,
20,600,F,2,31,0,2,9.36136245727539,15.292593955993652,-0.577089786529541,0.39389774203300476,
20,600,F,2,31,0,3,4.750014781951904,12.39830207824707,-0.32191264629364014,0.2903183102607727,
20,600,F,2,31,1,0,1.031912088394165,5.694676399230957,-2.486628293991089,0.3819013833999634,
20,600,F,2,31,1,1,1.4118194580078125,5.221517562866211,-2.531386375427246,0.430259108543396,
20,600,F,2,31,1,2,0.6384313106536865,6.573269844055176,-2.557075262069702,0.3271143138408661,
20,600,F,2,31,1,3,1.8410489559173584,7.158634662628174,-2.5463404655456543,0.379991352558136,
20,600,F,2,32,0,0,3.1538124084472656,2.5002408027648926,1.45034921169281,0.4052290916442871,
20,600,F,2,32,0,1,3.2380013465881348,2.2709829807281494,1.4286084175109863,0.4434378147125244,
20,600,F,2,32,0,2,3.2275748252868652,2.577956438064575,1.4328672885894775,0.41043803095817566,
20,600,F,2,32,0,3,3.0142459869384766,2.5448927879333496,1.410130500793457,0.3866262435913086,
20,600,F,2,32,1,0,0.42813873291015625,2.9825477600097656,-1.4535746574401855,0.386844664812088,
20,600,F,2,32,1,1,0.8264865875244141,2.9103167057037354,-1.5245052576065063,0.44684547185897827,
20,600,F,2,32,1,2,0.05680835247039795,2.5336246490478516,-1.4445797204971313,0.37209001183509827,
20,600,F,2,32,1,3,0.44178831577301025,2.8829240798950195,-1.4898591041564941,0.4012086093425751,
20,600,F,2,33,0,0,14.345513343811035,20.304180145263672,-0.7007691264152527,0.42563188076019287,
20,600,F,2,33,0,1,12.549213409423828,23.083744049072266,-0.6676383018493652,0.36409464478492737,
20,600,F,2,33,0,2,13.271303176879883,20.107921600341797,-0.805234432220459,0.41178178787231445,
20,600,F,2,33,0,3,10.19975471496582,26.193866729736328,-0.7095935344696045,0.29402703046798706,
20,600,F,2,33,1,0,10.56872844696045,24.240367889404297,-1.6344399452209473,0.33485135436058044,
20,600,F,2,33,1,1,15.7715425491333,21.415924072265625,-1.6120260953903198,0.44803598523139954,
20,600,F,2,33,1,2,6.4267730712890625,25.541242599487305,-1.5063170194625854,0.23699025809764862,
20,600,F,2,33,1,3,7.065814971923828,24.27254295349121,-1.3222434520721436,0.2568250000476837,
20,600,F,2,34,0,0,10.132965087890625,20.531143188476562,-0.6619759202003479,0.3445990979671478,
20,600,F,2,34,0,1,10.871257781982422,16.715139389038086,-0.5830205678939819,0.4066210687160492,
20,600,F,2,34,0,2,7.772588729858398,20.88313865661621,-0.6197683215141296,0.2866683006286621,
20,600,F,2,34,0,3,7.215791702270508,17.5349178314209,-0.710791289806366,0.3113164007663727,
20,600,F,2,34,1,0,12.669550895690918,23.47088623046875,-1.3220406770706177,0.3734828233718872,
20,600,F,2,34,1,1,12.413495063781738,24.515729904174805,-1.325527310371399,0.35914549231529236,
20,600,F,2,34,1,2,12.840325355529785,19.179487228393555,-1.325576663017273,0.42482343316078186,
20,600,F,2,34,1,3,11.239214897155762,17.14470672607422,-1.3098803758621216,0.4226166605949402,
20,600,F,2,35,0,0,10.644721984863281,24.645944595336914,-0.14562952518463135,0.3044999837875366,
20,600,F,2,35,0,1,11.737405776977539,26.280908584594727,-0.3860759735107422,0.3156795799732208,
20,600,F,2,35,0,2,12.874576568603516,27.900562286376953,-0.07515309751033783,0.31700459122657776,
20,600,F,2,35,0,3,15.302297592163086,28.03215217590332,-0.15806350111961365,0.35547176003456116,
20,600,F,2,35,1,0,8.239784240722656,7.373059272766113,1.2644811868667603,0.48613932728767395,
20,600,F,2,35,1,1,6.9686994552612305,10.052597999572754,1.25502347946167,0.362398624420166,
20,600,F,2,35,1,2,4.019465446472168,10.155313491821289,1.3047833442687988,0.21093107759952545,
20,600,F,2,35,1,3,5.452553749084473,8.216976165771484,1.3085962533950806,0.33524635434150696,
20,600,Free,0,0,0,0,9.268180847167969,5.481125354766846,1.910406231880188,0.5730845332145691,65.0
20,600,Free,0,0,0,1,8.467914581298828,5.880552768707275,1.900424599647522,0.5275921821594238,54.0
20,600,Free,0,0,0,2,8.411083221435547,6.077256679534912,1.9032026529312134,0.5171084403991699,74.0
20,600,Free,0,0,0,3,6.892848491668701,5.413874626159668,1.90432608127594,0.4795551002025604,60.0
20,600,Free,0,0,1,0,12.757590293884277,10.935250282287598,-0.3856315612792969,0.5458494424819946,69.0
20,600,Free,0,0,1,1,9.30138111114502,12.160130500793457,-0.37906613945961,0.4432322084903717,54.0
20,600,Free,0,0,1,2,9.509711265563965,11.228360176086426,-0.38802143931388855,0.4685074985027313,49.0
20,600,Free,0,0,1,3,10.085358619689941,10.330427169799805,-0.3844631314277649,0.5033508539199829,47.0
20,600,Free,0,1,0,0,14.108827590942383,9.228937149047852,2.042412281036377,0.5666220188140869,53.0
20,600,Free,0,1,0,1,12.53827953338623,10.410473823547363,1.995070219039917,0.5031673312187195,66.0
20,600,Free,0,1,0,2,11.353808403015137,11.965408325195312,1.9941980838775635,0.4389027953147888,53.0
20,600,Free,0,1,0,3,10.700164794921875,11.541526794433594,1.9818435907363892,0.43032512068748474,39.0
20,600,Free,0,1,1,0,4.537968635559082,5.252424240112305,-0.3782294988632202,0.4834674894809723,40.0
20,600,Free,0,1,1,1,3.966437578201294,5.225973129272461,-0.37560126185417175,0.4538078308105469,42.0
20,600,Free,0,1,1,2,6.827901840209961,5.7925591468811035,-0.3803307116031647,0.5544456243515015,35.0
20,600,Free,0,1,1,3,5.098812103271484,4.33259391784668,-0.3767619729042053,0.5582667589187622,42.0
20,600,Free,0,2,0,0,11.329084396362305,13.884672164916992,-0.10555732995271683,0.45161736011505127,48.0
20,600,Free,0,2,0,1,12.832437515258789,14.858135223388672,-0.09641775488853455,0.46528446674346924,50.0
20,600,Free,0,2,0,2,11.705644607543945,11.010029792785645,-0.08298224210739136,0.5170755386352539,60.0
20,600,Free,0,2,0,3,13.666425704956055,12.845848083496094,0.019950196146965027,0.5151105523109436,43.0
20,600,Free,0,2,1,0,7.616372585296631,10.845829010009766,-1.4880484342575073,0.4563561975955963,55.0
20,600,Free,0,2,1,1,5.684296131134033,12.158034324645996,-1.490615963935852,0.3711235523223877,50.0
20,600,Free,0,2,1,2,8.090076446533203,10.65009593963623,-1.4801967144012451,0.4732986092567444,41.0
20,600,Free,0,2,1,3,5.809021949768066,12.490532875061035,-1.4825347661972046,0.36859387159347534,66.0
20,600,Free,0,3,0,0,31.34212875366211,44.07912826538086,1.7077162265777588,0.40202128887176514,59.0
20,600,Free,0,3,0,1,30.834346771240234,46.98050308227539,1.7466614246368408,0.3823896050453186,41.0
20,600,Free,0,3,0,2,34.11967086791992,36.022640228271484,1.6628837585449219,0.47396403551101685,46.0
20,600,Free,0,3,0,3,24.64101791381836,46.215965270996094,1.6885069608688354,0.3318348526954651,49.0
20,600,Free,0,3,1,0,14.17695140838623,48.86959457397461,-0.7508118152618408,0.23398716747760773,41.0
20,600,Free,0,3,1,1,10.868550300598145,33.03639602661133,-0.7617900371551514,0.260380357503891,40.0
20,600,Free,0,3,1,2,13.00742244720459,33.40925216674805,-0.6659075617790222,0.29041165113449097,55.0
20,600,Free,0,3,1,3,18.347496032714844,37.233131408691406,-0.7470664381980896,0.3389906883239746,45.0
20,600,Free,0,4,0,0,11.664019584655762,24.189205169677734,2.114217758178711,0.2830492854118347,51.0
20,600,Free,0,4,0,1,11.101280212402344,27.398778915405273,1.9945228099822998,0.24946236610412598,60.0
20,600,Free,0,4,0,2,17.411903381347656,24.415889739990234,2.014617443084717,0.38673844933509827,52.0
20,600,Free,0,4,0,3,16.005491256713867,29.201425552368164,2.012807607650757,0.3239488899707794,56.0
20,600,Free,0,4,1,0,4.298184394836426,12.027724266052246,-1.687665343284607,0.3322966396808624,59.0
20,600,Free,0,4,1,1,7.973040580749512,10.430333137512207,-1.6729705333709717,0.4804665446281433,71.0
20,600,Free,0,4,1,2,5.459632873535156,10.676063537597656,-1.6751892566680908,0.40058770775794983,63.0
20,600,Free,0,4,1,3,6.959650039672852,14.925182342529297,-1.6296967267990112,0.3652782738208771,46.0
20,600,Free,0,5,0,0,8.26202392578125,8.660765647888184,1.9158216714859009,0.4228837192058563,47.0
20,600,Free,0,5,0,1,7.465131759643555,10.321187973022461,1.9121869802474976,0.3498108983039856,64.0
20,600,Free,0,5,0,2,9.499939918518066,8.694257736206055,1.905553936958313,0.4662380814552307,47.0
20,600,Free,0,5,0,3,8.96641731262207,11.654586791992188,1.9107636213302612,0.3771011531352997,61.0
20,600,Free,0,5,1,0,15.990455627441406,25.43079948425293,-0.8738912343978882,0.3987300992012024,50.0
20,600,Free,0,5,1,1,12.651693344116211,23.713645935058594,-0.8728528022766113,0.3631902039051056,51.0
20,600,Free,0,5,1,2,9.445605278015137,24.11097526550293,-0.8275020718574524,0.2987751066684723,33.0
20,600,Free,0,5,1,3,16.38580894470215,25.87113380432129,-0.8405441045761108,0.3997066617012024,50.0
20,600,Free,0,6,0,0,26.61004066467285,78.57447052001953,-0.7600393891334534,0.2583434581756592,49.0
20,600,Free,0,6,0,1,31.679576873779297,86.010498046875,-1.0437602996826172,0.27560245990753174,46.0
20,600,Free,0,6,0,2,40.66617202758789,83.86325073242188,-1.0434234142303467,0.3321545720100403,60.0
20,600,Free,0,6,0,3,32.44700241088867,79.50548553466797,-1.0305218696594238,0.2963058352470398,61.0
20,600,Free,0,6,1,0,18.161739349365234,76.01371765136719,0.6430793404579163,0.18730048835277557,44.0
20,600,Free,0,6,1,1,22.529438018798828,77.2954330444336,0.7005436420440674,0.22021733224391937,27.0
20,600,Free,0,6,1,2,26.499223709106445,67.4886474609375,0.692203164100647,0.2766154110431671,47.0
20,600,Free,0,6,1,3,30.976787567138672,85.85285949707031,0.6458573341369629,0.2610599100589752,37.0
20,600,Free,0,7,0,0,13.433576583862305,40.57564926147461,1.3841291666030884,0.22896771132946014,52.0
20,600,Free,0,7,0,1,17.93805694580078,37.356685638427734,1.3657845258712769,0.3072982132434845,60.0
20,600,Free,0,7,0,2,14.884125709533691,45.819976806640625,1.429075002670288,0.22699357569217682,52.0
20,600,Free,0,7,0,3,9.677839279174805,42.68763732910156,1.3766088485717773,0.1628047674894333,49.0
20,600,Free,0,7,1,0,21.719783782958984,29.645462036132812,0.4342292547225952,0.41792914271354675,65.0
20,600,Free,0,7,1,1,12.011616706848145,33.96794509887695,0.44235759973526,0.25406166911125183,64.0
20,600,Free,0,7,1,2,13.937983512878418,38.585323333740234,0.4321092367172241,0.2592736482620239,59.0
20,600,Free,0,7,1,3,14.306577682495117,32.19038391113281,0.42503345012664795,0.3013015389442444,60.0
20,600,Free,0,8,0,0,4.504683017730713,35.64112854003906,0.37472987174987793,0.10384312272071838,25.0
20,600,Free,0,8,0,1,10.148760795593262,38.15391540527344,0.3977872133255005,0.2035485953092575,37.0
20,600,Free,0,8,0,2,6.569416522979736,30.955581665039062,0.3926151990890503,0.16634541749954224,36.0
20,600,Free,0,8,0,3,12.305617332458496,31.909114837646484,0.3816686272621155,0.27203091979026794,27.0
20,600,Free,0,8,1,0,14.925996780395508,33.36620330810547,1.8037868738174438,0.2822684049606323,37.0
20,600,Free,0,8,1,1,9.749479293823242,28.30829620361328,1.8112092018127441,0.21900750696659088,34.0
20,600,Free,0,8,1,2,8.042329788208008,36.20918655395508,1.8547296524047852,0.14594502747058868,40.0
20,600,Free,0,8,1,3,11.234466552734375,28.84520721435547,1.8461310863494873,0.24555233120918274,36.0
20,600,Free,0,9,0,0,9.22131061553955,19.547109603881836,1.8303608894348145,0.2743683159351349,41.0
20,600,Free,0,9,0,1,12.14574146270752,25.88506507873535,1.8317885398864746,0.2849235534667969,54.0
20,600,Free,0,9,0,2,13.052593231201172,27.296733856201172,1.9861071109771729,0.28846603631973267,56.0
20,600,Free,0,9,0,3,9.039137840270996,25.753398895263672,1.9027209281921387,0.21697954833507538,45.0
20,600,Free,0,9,1,0,15.779260635375977,36.13622283935547,1.6598315238952637,0.2809520363807678,60.0
20,600,Free,0,9,1,1,10.593145370483398,36.08182144165039,1.7458069324493408,0.19691751897335052,49.0
20,600,Free,0,9,1,2,19.884187698364258,35.738380432128906,2.094686508178711,0.3323408365249634,58.0
20,600,Free,0,9,1,3,11.103632926940918,33.272552490234375,1.734989047050476,0.21970874071121216,56.0
20,600,Free,0,10,0,0,19.882137298583984,35.29947280883789,-0.29110634326934814,0.36366063356399536,50.0
20,600,Free,0,10,0,1,15.620132446289062,37.695438385009766,-0.09649550914764404,0.2942523956298828,51.0
20,600,Free,0,10,0,2,14.99620246887207,33.485748291015625,-0.5834038257598877,0.3175276517868042,39.0
20,600,Free,0,10,0,3,23.970731735229492,33.82577896118164,-0.4037775993347168,0.4188039302825928,49.0
20,600,Free,0,10,1,0,9.671875953674316,23.388748168945312,-1.2219922542572021,0.31776654720306396,49.0
20,600,Free,0,10,1,1,5.6640119552612305,25.8992862701416,-1.010885238647461,0.20491373538970947,39.0
20,600,Free,0,10,1,2,8.702988624572754,21.073396682739258,-1.129380702972412,0.31814029812812805,54.0
20,600,Free,0,10,1,3,8.646261215209961,20.809974670410156,-0.8641105890274048,0.3136630356311798,46.0
20,600,Free,0,11,0,0,1.8871660232543945,6.555380821228027,-1.2874805927276611,0.3262731432914734,43.0
20,600,Free,0,11,0,1,2.0852367877960205,6.481326103210449,-1.369438886642456,0.3476927578449249,36.0
20,600,Free,0,11,0,2,0.5133988857269287,6.389416217803955,-1.3496730327606201,0.22575882077217102,44.0
20,600,Free,0,11,0,3,1.0959296226501465,6.002891540527344,-1.3491525650024414,0.2894282341003418,47.0
20,600,Free,0,11,1,0,3.719280242919922,14.633546829223633,-0.8418983817100525,0.23762667179107666,38.0
20,600,Free,0,11,1,1,6.505157470703125,13.298934936523438,-0.6648089289665222,0.3502858579158783,46.0
20,600,Free,0,11,1,2,5.182920932769775,13.035709381103516,-0.5666502714157104,0.30606788396835327,45.0
20,600,Free,0,11,1,3,9.371870994567871,12.313817977905273,-0.7189587354660034,0.4503900110721588,54.0
20,600,Free,0,12,0,0,-0.6429194808006287,0.3006766438484192,-1.4798972606658936,0.735704779624939,50.0
20,600,Free,0,12,0,1,-0.7491077184677124,0.30553311109542847,-1.4864654541015625,0.7070325016975403,52.0
20,600,Free,0,12,0,2,-0.8350474238395691,0.3059423565864563,-1.4877595901489258,0.6808627843856812,57.0
20,600,Free,0,12,0,3,-0.6939939260482788,0.312585711479187,-1.4728996753692627,0.7136159539222717,34.0
20,600,Free,0,12,1,0,1.7988674640655518,1.543534278869629,-1.7108005285263062,0.6945433616638184,59.0
20,600,Free,0,12,1,1,1.7945311069488525,1.3447345495224,-1.7431105375289917,0.7245737314224243,67.0
20,600,Free,0,12,1,2,2.194581985473633,1.1672391891479492,-1.8520289659500122,0.7761271595954895,53.0
20,600,Free,0,12,1,3,1.7932298183441162,1.2880364656448364,-1.7133347988128662,0.7313569188117981,62.0
20,600,Free,0,13,0,0,3.61972975730896,0.9331830739974976,1.8479273319244385,0.6550136804580688,71.0
20,600,Free,0,13,0,1,4.0512285232543945,1.001987099647522,1.740247368812561,0.6975560784339905,50.0
20,600,Free,0,13,0,2,3.6137566566467285,0.9741010665893555,1.726127028465271,0.659611165523529,51.0
20,600,Free,0,13,0,3,3.6141934394836426,1.1007440090179443,1.6898239850997925,0.6361313462257385,46.0
20,600,Free,0,13,1,0,2.058302402496338,0.5286742448806763,1.2365856170654297,0.6085028648376465,52.0
20,600,Free,0,13,1,1,2.174447536468506,0.536831796169281,1.2254887819290161,0.6386894583702087,78.0
20,600,Free,0,13,1,2,2.2043166160583496,0.427508145570755,1.3227049112319946,0.6734384894371033,49.0
20,600,Free,0,13,1,3,2.1594924926757812,0.4712422788143158,1.2446656227111816,0.660015344619751,52.0
20,600,Free,0,14,0,0,4.856734275817871,1.9794925451278687,0.9688925743103027,0.6626248955726624,58.0
20,600,Free,0,14,0,1,4.970536231994629,2.1001930236816406,1.149562120437622,0.6453076004981995,42.0
20,600,Free,0,14,0,2,4.046027183532715,2.2288146018981934,0.9862501621246338,0.5785617828369141,41.0
20,600,Free,0,14,0,3,4.469343185424805,2.036161422729492,1.195582389831543,0.6165364980697632,52.0
20,600,Free,0,14,1,0,-0.19248437881469727,1.1720787286758423,-1.8019216060638428,0.5786187052726746,46.0
20,600,Free,0,14,1,1,0.1011422872543335,0.9428740739822388,-1.8550662994384766,0.6747681498527527,56.0
20,600,Free,0,14,1,2,-0.03319978713989258,1.0140001773834229,-1.792288064956665,0.6343426704406738,42.0
20,600,Free,0,14,1,3,-0.13625431060791016,1.045458436012268,-1.975724220275879,0.6376137137413025,52.0
20,600,Free,0,15,0,0,0.16026026010513306,0.6898206472396851,-4.189718723297119,0.8631253838539124,57.0
20,600,Free,0,15,0,1,0.36825597286224365,0.6684264540672302,-4.193222522735596,0.8721914887428284,30.0
20,600,Free,0,15,0,2,0.1191205382347107,0.5868555307388306,-4.192775726318359,0.8802030682563782,36.0
20,600,Free,0,15,0,3,-0.06006801128387451,0.6452195644378662,-4.1869707107543945,0.8647940158843994,46.0
20,600,Free,0,15,1,0,0.36202651262283325,0.24835024774074554,-1.4967819452285767,0.8821398019790649,32.0
20,600,Free,0,15,1,1,0.39238953590393066,0.27916887402534485,-1.501726746559143,0.8715451955795288,46.0
20,600,Free,0,15,1,2,0.2556845545768738,0.2615780830383301,-1.4815548658370972,0.8691335916519165,30.0
20,600,Free,0,15,1,3,0.08024144172668457,0.32467353343963623,-1.5033520460128784,0.8298594951629639,28.0
20,600,Free,0,16,0,0,-0.428364634513855,0.37238889932632446,-2.6134755611419678,0.8543934226036072,48.0
20,600,Free,0,16,0,1,-0.8307321667671204,0.3241291344165802,-2.5846376419067383,0.8440213203430176,41.0
20,600,Free,0,16,0,2,-0.688959002494812,0.3767760396003723,-2.5765275955200195,0.8336048126220703,68.0
20,600,Free,0,16,0,3,-0.5822317600250244,0.3516356647014618,-2.5783891677856445,0.8502271175384521,35.0
20,600,Free,0,16,1,0,-1.700178623199463,0.16218824684619904,-2.5378475189208984,0.8377885818481445,57.0
20,600,Free,0,16,1,1,-1.65159010887146,0.14259272813796997,-2.524782657623291,0.8596231341362,69.0
20,600,Free,0,16,1,2,-1.6830289363861084,0.14491724967956543,-2.5475385189056396,0.8564360737800598,36.0
20,600,Free,0,16,1,3,-1.6808348894119263,0.15054979920387268,-2.5172977447509766,0.8474692106246948,64.0
20,600,Free,0,17,0,0,1.1177902221679688,0.17952649295330048,0.4823901951313019,0.7797023057937622,75.0
20,600,Free,0,17,0,1,1.15616774559021,0.17363491654396057,0.4610440731048584,0.8001344799995422,61.0
20,600,Free,0,17,0,2,1.162825107574463,0.1795637309551239,0.46957916021347046,0.7942693829536438,69.0
20,600,Free,0,17,0,3,1.1393401622772217,0.19064787030220032,0.45508962869644165,0.7820914387702942,55.0
20,600,Free,0,17,1,0,-0.0437244176864624,1.1651066541671753,-3.7811028957366943,0.7623436450958252,39.0
20,600,Free,0,17,1,1,0.282055139541626,0.8326953053474426,-3.5728814601898193,0.8223633170127869,36.0
20,600,Free,0,17,1,2,0.06983470916748047,1.0360047817230225,-3.637066125869751,0.7815675139427185,40.0
20,600,Free,0,17,1,3,0.31808435916900635,0.9324383735656738,-3.7669291496276855,0.814160943031311,39.0
20,600,Free,0,18,0,0,1.0592721700668335,2.682347059249878,-1.779666781425476,0.5141807198524475,48.0
20,600,Free,0,18,0,1,1.547012448310852,2.429246187210083,-1.771945595741272,0.5773904323577881,58.0
20,600,Free,0,18,0,2,1.0097144842147827,2.6710870265960693,-1.7774261236190796,0.5106310844421387,48.0
20,600,Free,0,18,0,3,0.684126615524292,2.5959885120391846,-1.7744998931884766,0.4864122271537781,58.0
20,600,Free,0,18,1,0,0.945274829864502,1.2628971338272095,-0.6374937891960144,0.556203305721283,46.0
20,600,Free,0,18,1,1,0.6483034491539001,1.274101972579956,-0.6383117437362671,0.5024433135986328,41.0
20,600,Free,0,18,1,2,0.7073157429695129,1.5747952461242676,-0.6401662230491638,0.4611068069934845,56.0
20,600,Free,0,18,1,3,0.9857264757156372,1.5991063117980957,-0.6381893157958984,0.5038487911224365,45.0
20,600,Free,0,19,0,0,5.884248733520508,8.393440246582031,-1.7819314002990723,0.47735750675201416,36.0
20,600,Free,0,19,0,1,6.482381820678711,7.166982650756836,-1.7297730445861816,0.533980131149292,24.0
20,600,Free,0,19,0,2,3.8034849166870117,7.042203903198242,-1.733015537261963,0.4401487112045288,24.0
20,600,Free,0,19,0,3,5.20123291015625,7.8027143478393555,-1.7163958549499512,0.46993666887283325,34.0
20,600,Free,0,19,1,0,9.659049987792969,7.4668755531311035,-1.543616533279419,0.6000503897666931,63.0
20,600,Free,0,19,1,1,6.938770771026611,9.18655014038086,-1.545426368713379,0.48012667894363403,35.0
20,600,Free,0,19,1,2,8.370745658874512,9.096126556396484,-1.518953800201416,0.5208990573883057,45.0
20,600,Free,0,19,1,3,8.03619384765625,8.552249908447266,-1.5388619899749756,0.5282117128372192,49.0
20,600,Free,0,20,0,0,3.311030387878418,3.872866153717041,-0.9356448650360107,0.5230191349983215,36.0
20,600,Free,0,20,0,1,3.242724895477295,3.970785617828369,-0.9820704460144043,0.5154967308044434,37.0
20,600,Free,0,20,0,2,2.6527583599090576,3.9533183574676514,-0.9535033702850342,0.4770452380180359,34.0
20,600,Free,0,20,0,3,2.4516329765319824,3.84159255027771,-0.971571683883667,0.4712044596672058,33.0
20,600,Free,0,20,1,0,1.6023926734924316,5.0901689529418945,-4.022253036499023,0.5249409675598145,55.0
20,600,Free,0,20,1,1,1.1889114379882812,5.794661045074463,-4.1172332763671875,0.4779963493347168,42.0
20,600,Free,0,20,1,2,2.9901373386383057,6.990574836730957,-4.128101825714111,0.504524290561676,45.0
20,600,Free,0,20,1,3,1.3809013366699219,5.293543338775635,-4.141451358795166,0.5105774402618408,49.0
20,600,Free,0,21,0,0,0.46212494373321533,0.8939211964607239,-1.5103859901428223,0.6881415247917175,62.0
20,600,Free,0,21,0,1,0.15289413928985596,0.8434103727340698,-1.5392663478851318,0.6673686504364014,42.0
20,600,Free,0,21,0,2,1.0212726593017578,0.8461893200874329,-1.5057127475738525,0.7491415739059448,65.0
20,600,Free,0,21,0,3,0.4810326099395752,1.017533779144287,-1.538894772529602,0.6650052070617676,66.0
20,600,Free,0,21,1,0,3.716449737548828,0.6197158098220825,1.7965794801712036,0.7559775710105896,68.0
20,600,Free,0,21,1,1,3.26900053024292,0.7074294686317444,1.8067997694015503,0.6739400625228882,63.0
20,600,Free,0,21,1,2,3.6735219955444336,0.7161096930503845,1.7930266857147217,0.7242130637168884,68.0
20,600,Free,0,21,1,3,2.978513240814209,0.7619708776473999,1.8123832941055298,0.6048076152801514,78.0
20,600,Free,0,22,0,0,0.03083980083465576,0.5064153671264648,-0.8979348540306091,0.6471440196037292,52.0
20,600,Free,0,22,0,1,-0.050605952739715576,0.45367151498794556,-0.8885121941566467,0.6487462520599365,51.0
20,600,Free,0,22,0,2,0.06752771139144897,0.4396790862083435,-0.8949533104896545,0.6864273548126221,82.0
20,600,Free,0,22,0,3,0.24607670307159424,0.4318124055862427,-0.8941766023635864,0.7253216505050659,67.0
20,600,Free,0,22,1,0,3.0932068824768066,1.6059688329696655,-0.9476670622825623,0.7155988216400146,59.0
20,600,Free,0,22,1,1,2.769551992416382,1.6061311960220337,-0.9226675033569336,0.6968620419502258,56.0
20,600,Free,0,22,1,2,2.637209892272949,1.646965503692627,-0.966951310634613,0.6863595843315125,66.0
20,600,Free,0,22,1,3,2.8790688514709473,1.7992563247680664,-0.97196364402771,0.6815638542175293,67.0
20,600,Free,0,23,0,0,3.1784818172454834,0.9647926688194275,1.7459646463394165,0.5975519418716431,55.0
20,600,Free,0,23,0,1,2.639061212539673,0.8413395881652832,1.7330890893936157,0.5184949040412903,55.0
20,600,Free,0,23,0,2,3.1238057613372803,1.1173948049545288,1.738187551498413,0.5535800457000732,35.0
20,600,Free,0,23,0,3,3.1010241508483887,1.0992786884307861,1.7195621728897095,0.5568748116493225,55.0
20,600,Free,0,23,1,0,2.1201882362365723,1.1550928354263306,0.11950172483921051,0.6339753866195679,52.0
20,600,Free,0,23,1,1,2.3148772716522217,1.0646350383758545,0.09667909145355225,0.6756962537765503,57.0
20,600,Free,0,23,1,2,1.8283836841583252,1.3298261165618896,0.11778360605239868,0.5626185536384583,60.0
20,600,Free,0,23,1,3,1.9414035081863403,1.290113091468811,0.13402634859085083,0.5834972858428955,38.0
20,600,Free,0,24,0,0,7.536741256713867,14.704553604125977,1.6655925512313843,0.28534379601478577,58.0
20,600,Free,0,24,0,1,6.957164764404297,13.632166862487793,1.7172967195510864,0.2776525318622589,50.0
20,600,Free,0,24,0,2,7.454995155334473,13.140746116638184,1.6837061643600464,0.3051648736000061,69.0
20,600,Free,0,24,0,3,5.857394218444824,12.997657775878906,1.7149872779846191,0.24167975783348083,53.0
20,600,Free,0,24,1,0,4.170969009399414,9.424784660339355,-0.8997716903686523,0.34981420636177063,47.0
20,600,Free,0,24,1,1,3.1101577281951904,8.309900283813477,-0.9063867330551147,0.3258477747440338,36.0
20,600,Free,0,24,1,2,2.754803419113159,8.283843994140625,-0.8426424860954285,0.30278244614601135,45.0
20,600,Free,0,24,1,3,4.859530448913574,9.101405143737793,-0.7333780527114868,0.3806172013282776,43.0
20,600,Free,0,25,0,0,3.3367128372192383,7.056754112243652,0.3061424493789673,0.30043351650238037,49.0
20,600,Free,0,25,0,1,4.068171977996826,7.488734245300293,0.38569149374961853,0.32964012026786804,39.0
20,600,Free,0,25,0,2,3.6948890686035156,7.149936199188232,0.329395592212677,0.3200528621673584,60.0
20,600,Free,0,25,0,3,2.6363768577575684,7.779839992523193,0.3372517228126526,0.22811125218868256,57.0
20,600,Free,0,25,1,0,15.610319137573242,17.27365493774414,2.064685821533203,0.4395180344581604,40.0
20,600,Free,0,25,1,1,12.766303062438965,17.58244514465332,1.8612470626831055,0.3828014135360718,40.0
20,600,Free,0,25,1,2,12.769890785217285,16.25438117980957,2.002899169921875,0.39846205711364746,36.0
20,600,Free,0,25,1,3,13.68411922454834,16.154218673706055,1.9188029766082764,0.42140087485313416,29.0
20,600,Free,0,26,0,0,4.9614458084106445,5.081254482269287,2.0207037925720215,0.36658480763435364,63.0
20,600,Free,0,26,0,1,4.402622699737549,5.66759729385376,1.989012360572815,0.2986695170402527,63.0
20,600,Free,0,26,0,2,4.670346260070801,5.896852970123291,2.0024213790893555,0.31149962544441223,50.0
20,600,Free,0,26,0,3,4.915213584899902,4.9379048347473145,1.9524210691452026,0.3750039339065552,66.0
20,600,Free,0,26,1,0,3.215507745742798,8.226086616516113,-0.13845348358154297,0.28963273763656616,44.0
20,600,Free,0,26,1,1,3.2463724613189697,6.616435527801514,-0.1009954959154129,0.33595284819602966,40.0
20,600,Free,0,26,1,2,4.035042762756348,6.833752155303955,-0.1347261518239975,0.3789485991001129,54.0
20,600,Free,0,26,1,3,4.174732685089111,9.178091049194336,-0.09444111585617065,0.31747525930404663,48.0
20,600,Free,0,27,0,0,8.455286026000977,11.207701683044434,0.36837247014045715,0.4191280007362366,65.0
20,600,Free,0,27,0,1,6.1298675537109375,13.828453063964844,0.3870932161808014,0.2934294641017914,63.0
20,600,Free,0,27,0,2,8.379063606262207,12.952614784240723,0.38057732582092285,0.3817692697048187,60.0
20,600,Free,0,27,0,3,6.290949821472168,16.82368278503418,0.3561449944972992,0.26077327132225037,55.0
20,600,Free,0,27,1,0,35.09771728515625,55.90448760986328,2.4851012229919434,0.3684329390525818,52.0
20,600,Free,0,27,1,1,15.824234962463379,56.84152603149414,2.497100830078125,0.1899300217628479,39.0
20,600,Free,0,27,1,2,17.342388153076172,59.06072235107422,2.4477486610412598,0.20140038430690765,41.0
20,600,Free,0,27,1,3,31.87176513671875,47.63705062866211,2.5218820571899414,0.38123199343681335,65.0
20,600,Free,0,28,0,0,13.597496032714844,15.6506986618042,1.8899445533752441,0.4279349446296692,70.0
20,600,Free,0,28,0,1,14.634281158447266,23.79452133178711,1.90999174118042,0.3484310805797577,56.0
20,600,Free,0,28,0,2,8.162862777709961,16.50300407409668,1.895202398300171,0.27525150775909424,56.0
20,600,Free,0,28,0,3,11.917947769165039,17.526451110839844,1.8818531036376953,0.3641207218170166,41.0
20,600,Free,0,28,1,0,16.721824645996094,38.26494598388672,-0.27778196334838867,0.3076041638851166,57.0
20,600,Free,0,28,1,1,12.063434600830078,28.64645767211914,-0.2311556339263916,0.30029982328414917,79.0
20,600,Free,0,28,1,2,16.14695930480957,28.630977630615234,-0.2722969055175781,0.36446550488471985,63.0
20,600,Free,0,28,1,3,19.622005462646484,28.10676383972168,-0.27400320768356323,0.4144762456417084,61.0
20,600,Free,0,29,0,0,4.0412797927856445,7.7016754150390625,1.6328593492507935,0.23821936547756195,37.0
20,600,Free,0,29,0,1,4.44003963470459,6.0910186767578125,1.6070959568023682,0.3174535632133484,40.0
20,600,Free,0,29,0,2,4.409505844116211,6.3205790519714355,1.61179518699646,0.30682405829429626,38.0
20,600,Free,0,29,0,3,5.632015228271484,7.569104194641113,1.5836615562438965,0.3484715521335602,46.0
20,600,Free,0,29,1,0,24.078847885131836,34.626529693603516,0.8997607231140137,0.4009832739830017,44.0
20,600,Free,0,29,1,1,18.49764060974121,39.91794204711914,1.0514745712280273,0.30413034558296204,44.0
20,600,Free,0,29,1,2,13.89561653137207,38.33272171020508,0.7056623697280884,0.25600290298461914,45.0
20,600,Free,0,29,1,3,29.32299041748047,39.90948486328125,0.8174780011177063,0.41665589809417725,34.0
20,600,Free,0,30,0,0,5.677286624908447,8.866581916809082,-0.18681102991104126,0.39808735251426697,51.0
20,600,Free,0,30,0,1,4.888853549957275,9.127816200256348,-0.17770493030548096,0.356941282749176,51.0
20,600,Free,0,30,0,2,3.956131935119629,9.754300117492676,-0.18931090831756592,0.2982388138771057,30.0
20,600,Free,0,30,0,3,6.030056476593018,8.333584785461426,-0.16923314332962036,0.4265700876712799,44.0
20,600,Free,0,30,1,0,5.2399396896362305,5.587198734283447,0.04236549139022827,0.48193636536598206,49.0
20,600,Free,0,30,1,1,3.3414108753204346,7.024877071380615,0.02892768383026123,0.320438027381897,34.0
20,600,Free,0,30,1,2,6.3470563888549805,6.805996417999268,0.031779348850250244,0.48130062222480774,48.0
20,600,Free,0,30,1,3,4.630431652069092,5.926782608032227,0.03078824281692505,0.4369615614414215,54.0
20,600,Free,0,31,0,0,8.91069507598877,13.676833152770996,-0.6269223690032959,0.4108482897281647,35.0
20,600,Free,0,31,0,1,6.062234878540039,14.595147132873535,-0.6061248779296875,0.3136058449745178,27.0
20,600,Free,0,31,0,2,9.36136245727539,15.292593955993652,-0.6483806371688843,0.3956054747104645,21.0
20,600,Free,0,31,0,3,4.750014781951904,12.39830207824707,-0.6200907230377197,0.3022277355194092,46.0
20,600,Free,0,31,1,0,1.031912088394165,5.694676399230957,-2.5693299770355225,0.387400358915329,41.0
20,600,Free,0,31,1,1,1.4118194580078125,5.221517562866211,-2.578186273574829,0.4331537187099457,39.0
20,600,Free,0,31,1,2,0.6384313106536865,6.573269844055176,-2.5750949382781982,0.32835325598716736,37.0
20,600,Free,0,31,1,3,1.8410489559173584,7.158634662628174,-2.5613455772399902,0.38079604506492615,35.0
20,600,Free,0,32,0,0,3.1538124084472656,2.5002408027648926,1.4495104551315308,0.4053477346897125,51.0
20,600,Free,0,32,0,1,3.2380013465881348,2.2709829807281494,1.406611680984497,0.44642210006713867,44.0
20,600,Free,0,32,0,2,3.2275748252868652,2.577956438064575,1.404841661453247,0.4141925871372223,47.0
20,600,Free,0,32,0,3,3.0142459869384766,2.5448927879333496,1.400014877319336,0.38811808824539185,32.0
20,600,Free,0,32,1,0,0.42813873291015625,2.9825477600097656,-1.512961983680725,0.3942403197288513,24.0
20,600,Free,0,32,1,1,0.8264865875244141,2.9103167057037354,-1.5386788845062256,0.4483316242694855,49.0
20,600,Free,0,32,1,2,0.05680835247039795,2.5336246490478516,-1.5320481061935425,0.38541269302368164,31.0
20,600,Free,0,32,1,3,0.44178831577301025,2.8829240798950195,-1.5280287265777588,0.4059184491634369,35.0
20,600,Free,0,33,0,0,14.345513343811035,20.304180145263672,-0.7924705743789673,0.4271179437637329,74.0
20,600,Free,0,33,0,1,12.549213409423828,23.083744049072266,-0.7868987321853638,0.366176962852478,39.0
20,600,Free,0,33,0,2,13.271303176879883,20.107921600341797,-0.79250168800354,0.41156259179115295,71.0
20,600,Free,0,33,0,3,10.19975471496582,26.193866729736328,-0.7787793278694153,0.29534098505973816,45.0
20,600,Free,0,33,1,0,10.56872844696045,24.240367889404297,-1.721101999282837,0.33642929792404175,40.0
20,600,Free,0,33,1,1,15.7715425491333,21.415924072265625,-1.6514010429382324,0.4485955536365509,39.0
20,600,Free,0,33,1,2,6.4267730712890625,25.541242599487305,-1.7014975547790527,0.24141338467597961,54.0
20,600,Free,0,33,1,3,7.065814971923828,24.27254295349121,-1.685599684715271,0.26500198245048523,41.0
20,600,Free,0,34,0,0,10.132965087890625,20.531143188476562,-0.7942972779273987,0.3473558723926544,46.0
20,600,Free,0,34,0,1,10.871257781982422,16.715139389038086,-0.7436293363571167,0.4099850356578827,38.0
20,600,Free,0,34,0,2,7.772588729858398,20.88313865661621,-0.7753010988235474,0.29043805599212646,41.0
20,600,Free,0,34,0,3,7.215791702270508,17.5349178314209,-0.8144562244415283,0.3141089677810669,49.0
20,600,Free,0,34,1,0,12.669550895690918,23.47088623046875,-1.3594797849655151,0.37410831451416016,39.0
20,600,Free,0,34,1,1,12.413495063781738,24.515729904174805,-1.348997950553894,0.3595384657382965,41.0
20,600,Free,0,34,1,2,12.840325355529785,19.179487228393555,-1.3825989961624146,0.42580533027648926,50.0
20,600,Free,0,34,1,3,11.239214897155762,17.14470672607422,-1.3723610639572144,0.42382898926734924,54.0
20,600,Free,0,35,0,0,10.644721984863281,24.645944595336914,-0.2433636486530304,0.3064129054546356,33.0
20,600,Free,0,35,0,1,11.737405776977539,26.280908584594727,-0.28783100843429565,0.3139244616031647,32.0
20,600,Free,0,35,0,2,12.874576568603516,27.900562286376953,-0.3473270833492279,0.32152506709098816,35.0
20,600,Free,0,35,0,3,15.302297592163086,28.03215217590332,-0.24868309497833252,0.35681188106536865,23.0
20,600,Free,0,35,1,0,8.239784240722656,7.373059272766113,1.2482776641845703,0.48671895265579224,49.0
20,600,Free,0,35,1,1,6.9686994552612305,10.052597999572754,1.2830966711044312,0.3612612783908844,35.0
20,600,Free,0,35,1,2,4.019465446472168,10.155313491821289,1.3214823007583618,0.2099059373140335,44.0
20,600,Free,0,35,1,3,5.452553749084473,8.216976165771484,1.3374695777893066,0.33368992805480957,38.0
20,600,Free,1,0,0,0,9.268180847167969,5.481125354766846,1.9096537828445435,0.57310950756073,48.0
20,600,Free,1,0,0,1,8.467914581298828,5.880552768707275,1.9144296646118164,0.5270600914955139,46.0
20,600,Free,1,0,0,2,8.411083221435547,6.077256679534912,1.9022964239120483,0.5171432495117188,37.0
20,600,Free,1,0,0,3,6.892848491668701,5.413874626159668,1.9090909957885742,0.4793165922164917,38.0
20,600,Free,1,0,1,0,12.757590293884277,10.935250282287598,-0.38033822178840637,0.5457496047019958,15.0
20,600,Free,1,0,1,1,9.30138111114502,12.160130500793457,-0.3858237862586975,0.4434044361114502,34.0
20,600,Free,1,0,1,2,9.509711265563965,11.228360176086426,-0.38269659876823425,0.46837344765663147,27.0
20,600,Free,1,0,1,3,10.085358619689941,10.330427169799805,-0.37589919567108154,0.503146231174469,31.0
20,600,Free,1,1,0,0,14.108827590942383,9.228937149047852,2.0086121559143066,0.567308783531189,27.0
20,600,Free,1,1,0,1,12.53827953338623,10.410473823547363,1.9877538681030273,0.5033407807350159,29.0
20,600,Free,1,1,0,2,11.353808403015137,11.965408325195312,1.9932276010513306,0.4389283061027527,26.0
20,600,Free,1,1,0,3,10.700164794921875,11.541526794433594,1.9947574138641357,0.42996177077293396,23.0
20,600,Free,1,1,1,0,4.537968635559082,5.252424240112305,-0.37926775217056274,0.4835202097892761,29.0
20,600,Free,1,1,1,1,3.966437578201294,5.225973129272461,-0.36410027742385864,0.45315054059028625,24.0
20,600,Free,1,1,1,2,6.827901840209961,5.7925591468811035,-0.3588885962963104,0.5537095665931702,26.0
20,600,Free,1,1,1,3,5.098812103271484,4.33259391784668,-0.37182798981666565,0.5580443739891052,27.0
20,600,Free,1,2,0,0,11.329084396362305,13.884672164916992,-0.020965024828910828,0.44977906346321106,23.0
20,600,Free,1,2,0,1,12.832437515258789,14.858135223388672,0.04607808589935303,0.462528258562088,26.0
20,600,Free,1,2,0,2,11.705644607543945,11.010029792785645,0.02941565215587616,0.5146828889846802,29.0
20,600,Free,1,2,0,3,13.666425704956055,12.845848083496094,0.039356619119644165,0.514755129814148,26.0
20,600,Free,1,2,1,0,7.616372585296631,10.845829010009766,-1.47078275680542,0.4558853507041931,25.0
20,600,Free,1,2,1,1,5.684296131134033,12.158034324645996,-1.4471187591552734,0.369705468416214,37.0
20,600,Free,1,2,1,2,8.090076446533203,10.65009593963623,-1.441002607345581,0.4722757339477539,31.0
20,600,Free,1,2,1,3,5.809021949768066,12.490532875061035,-1.4516624212265015,0.3676069378852844,29.0
20,600,Free,1,3,0,0,31.34212875366211,44.07912826538086,1.6562989950180054,0.40243810415267944,32.0
20,600,Free,1,3,0,1,30.834346771240234,46.98050308227539,1.6531835794448853,0.383147656917572,37.0
20,600,Free,1,3,0,2,34.11967086791992,36.022640228271484,1.6869779825210571,0.4737789034843445,49.0
20,600,Free,1,3,0,3,24.64101791381836,46.215965270996094,1.674450397491455,0.33197060227394104,31.0
20,600,Free,1,3,1,0,14.17695140838623,48.86959457397461,-0.7457625269889832,0.23392654955387115,11.0
20,600,Free,1,3,1,1,10.868550300598145,33.03639602661133,-0.7553305625915527,0.26027336716651917,18.0
20,600,Free,1,3,1,2,13.00742244720459,33.40925216674805,-0.734623372554779,0.2914457619190216,15.0
20,600,Free,1,3,1,3,18.347496032714844,37.233131408691406,-0.6601362824440002,0.33796897530555725,11.0
20,600,Free,1,4,0,0,11.664019584655762,24.189205169677734,2.00244402885437,0.2854166030883789,33.0
20,600,Free,1,4,0,1,11.101280212402344,27.398778915405273,1.9904879331588745,0.24954532086849213,26.0
20,600,Free,1,4,0,2,17.411903381347656,24.415889739990234,1.9821581840515137,0.3872380256652832,34.0
20,600,Free,1,4,0,3,16.005491256713867,29.201425552368164,2.1215052604675293,0.3222433030605316,26.0
20,600,Free,1,4,1,0,4.298184394836426,12.027724266052246,-1.68198823928833,0.33208611607551575,28.0
20,600,Free,1,4,1,1,7.973040580749512,10.430333137512207,-1.675634741783142,0.48053544759750366,36.0
20,600,Free,1,4,1,2,5.459632873535156,10.676063537597656,-1.673172950744629,0.40051984786987305,44.0
20,600,Free,1,4,1,3,6.959650039672852,14.925182342529297,-1.5341846942901611,0.3626896142959595,25.0
20,600,Free,1,5,0,0,8.26202392578125,8.660765647888184,1.925650715827942,0.4225054681301117,43.0
20,600,Free,1,5,0,1,7.465131759643555,10.321187973022461,1.9136940240859985,0.3497491776943207,30.0
20,600,Free,1,5,0,2,9.499939918518066,8.694257736206055,1.9198768138885498,0.46576830744743347,25.0
20,600,Free,1,5,0,3,8.96641731262207,11.654586791992188,1.9112088680267334,0.377086341381073,34.0
20,600,Free,1,5,1,0,15.990455627441406,25.43079948425293,-0.8662125468254089,0.3986208736896515,26.0
20,600,Free,1,5,1,1,12.651693344116211,23.713645935058594,-0.7823598384857178,0.3616389036178589,31.0
20,600,Free,1,5,1,2,9.445605278015137,24.11097526550293,-0.8561433553695679,0.29935869574546814,27.0
20,600,Free,1,5,1,3,16.38580894470215,25.87113380432129,-0.848296046257019,0.3998146057128906,9.0
20,600,Free,1,6,0,0,26.61004066467285,78.57447052001953,-0.8868266344070435,0.25922995805740356,29.0
20,600,Free,1,6,0,1,31.679576873779297,86.010498046875,-1.0437440872192383,0.2756023705005646,21.0
20,600,Free,1,6,0,2,40.66617202758789,83.86325073242188,-1.048238754272461,0.3321802020072937,21.0
20,600,Free,1,6,0,3,32.44700241088867,79.50548553466797,-1.0043264627456665,0.2961426377296448,33.0
20,600,Free,1,6,1,0,18.161739349365234,76.01371765136719,0.6646475195884705,0.18711303174495697,39.0
20,600,Free,1,6,1,1,22.529438018798828,77.2954330444336,0.6231942772865295,0.22082532942295074,24.0
20,600,Free,1,6,1,2,26.499223709106445,67.4886474609375,0.7186669707298279,0.27641016244888306,28.0
20,600,Free,1,6,1,3,30.976787567138672,85.85285949707031,0.6197377443313599,0.26122599840164185,14.0
20,600,Free,1,7,0,0,13.433576583862305,40.57564926147461,1.5535928010940552,0.22647680342197418,23.0
20,600,Free,1,7,0,1,17.93805694580078,37.356685638427734,1.4015604257583618,0.30683839321136475,11.0
20,600,Free,1,7,0,2,14.884125709533691,45.819976806640625,1.5159435272216797,0.22585906088352203,28.0
20,600,Free,1,7,0,3,9.677839279174805,42.68763732910156,1.7038426399230957,0.15739715099334717,29.0
20,600,Free,1,7,1,0,21.719783782958984,29.645462036132812,0.48526984453201294,0.41734522581100464,43.0
20,600,Free,1,7,1,1,12.011616706848145,33.96794509887695,0.460479199886322,0.25376471877098083,24.0
20,600,Free,1,7,1,2,13.937983512878418,38.585323333740234,0.43945133686065674,0.25916925072669983,19.0
20,600,Free,1,7,1,3,14.306577682495117,32.19038391113281,0.4707033038139343,0.3006082773208618,23.0
20,600,Free,1,8,0,0,4.504683017730713,35.64112854003906,0.4154292047023773,0.10292509943246841,23.0
20,600,Free,1,8,0,1,10.148760795593262,38.15391540527344,0.41806405782699585,0.20321133732795715,19.0
20,600,Free,1,8,0,2,6.569416522979736,30.955581665039062,0.4029620885848999,0.16611304879188538,31.0
20,600,Free,1,8,0,3,12.305617332458496,31.909114837646484,0.36725103855133057,0.2722702622413635,20.0
20,600,Free,1,8,1,0,14.925996780395508,33.36620330810547,1.8608814477920532,0.2813858091831207,18.0
20,600,Free,1,8,1,1,9.749479293823242,28.30829620361328,1.8172670602798462,0.21887695789337158,27.0
20,600,Free,1,8,1,2,8.042329788208008,36.20918655395508,1.831000804901123,0.14642275869846344,24.0
20,600,Free,1,8,1,3,11.234466552734375,28.84520721435547,1.8226752281188965,0.24601489305496216,28.0
20,600,Free,1,9,0,0,9.22131061553955,19.547109603881836,1.883456826210022,0.27293524146080017,28.0
20,600,Free,1,9,0,1,12.14574146270752,25.88506507873535,1.8026043176651,0.28549960255622864,29.0
20,600,Free,1,9,0,2,13.052593231201172,27.296733856201172,2.033214569091797,0.28759124875068665,16.0
20,600,Free,1,9,0,3,9.039137840270996,25.753398895263672,1.8895593881607056,0.21729275584220886,21.0
20,600,Free,1,9,1,0,15.779260635375977,36.13622283935547,1.6950360536575317,0.2804480195045471,25.0
20,600,Free,1,9,1,1,10.593145370483398,36.08182144165039,1.8771716356277466,0.19456255435943604,11.0
20,600,Free,1,9,1,2,19.884187698364258,35.738380432128906,1.6985715627670288,0.33724531531333923,22.0
20,600,Free,1,9,1,3,11.103632926940918,33.272552490234375,1.9104642868041992,0.21648447215557098,28.0
20,600,Free,1,10,0,0,19.882137298583984,35.29947280883789,-0.5409952402114868,0.36651432514190674,34.0
20,600,Free,1,10,0,1,15.620132446289062,37.695438385009766,-0.5846813917160034,0.30064448714256287,28.0
20,600,Free,1,10,0,2,14.99620246887207,33.485748291015625,-0.14232468605041504,0.31133681535720825,28.0
20,600,Free,1,10,0,3,23.970731735229492,33.82577896118164,-0.22027158737182617,0.41696563363075256,33.0
20,600,Free,1,10,1,0,9.671875953674316,23.388748168945312,-1.0850321054458618,0.3150300681591034,23.0
20,600,Free,1,10,1,1,5.6640119552612305,25.8992862701416,-0.9718562364578247,0.20395994186401367,21.0
20,600,Free,1,10,1,2,8.702988624572754,21.073396682739258,-1.059377908706665,0.31659233570098877,32.0
20,600,Free,1,10,1,3,8.646261215209961,20.809974670410156,-1.0579805374145508,0.3180236220359802,26.0
20,600,Free,1,11,0,0,1.8871660232543945,6.555380821228027,-1.3363027572631836,0.329636812210083,29.0
20,600,Free,1,11,0,1,2.0852367877960205,6.481326103210449,-1.3868104219436646,0.3488312363624573,18.0
20,600,Free,1,11,0,2,0.5133988857269287,6.389416217803955,-1.4200607538223267,0.23230667412281036,23.0
20,600,Free,1,11,0,3,1.0959296226501465,6.002891540527344,-1.2852611541748047,0.2840133011341095,20.0
20,600,Free,1,11,1,0,3.719280242919922,14.633546829223633,-0.8672651052474976,0.23863287270069122,38.0
20,600,Free,1,11,1,1,6.505157470703125,13.298934936523438,-0.7308419942855835,0.3523751199245453,24.0
20,600,Free,1,11,1,2,5.182920932769775,13.035709381103516,-0.8688665628433228,0.3170550465583801,27.0
20,600,Free,1,11,1,3,9.371870994567871,12.313817977905273,-0.3651759624481201,0.4415721297264099,43.0
20,600,Free,1,12,0,0,-0.6429194808006287,0.3006766438484192,-1.4698292016983032,0.7333449125289917,42.0
20,600,Free,1,12,0,1,-0.7491077184677124,0.30553311109542847,-1.4821827411651611,0.7058244347572327,20.0
20,600,Free,1,12,0,2,-0.8350474238395691,0.3059423565864563,-1.48386549949646,0.6795611381530762,35.0
20,600,Free,1,12,0,3,-0.6939939260482788,0.312585711479187,-1.4791016578674316,0.7152340412139893,32.0
20,600,Free,1,12,1,0,1.7988674640655518,1.543534278869629,-1.7244004011154175,0.6953632235527039,45.0
20,600,Free,1,12,1,1,1.7945311069488525,1.3447345495224,-1.8236818313598633,0.7290451526641846,42.0
20,600,Free,1,12,1,2,2.194581985473633,1.1672391891479492,-1.7003532648086548,0.7694193720817566,54.0
20,600,Free,1,12,1,3,1.7932298183441162,1.2880364656448364,-1.685048222541809,0.729762613773346,33.0
20,600,Free,1,13,0,0,3.61972975730896,0.9331830739974976,1.9979889392852783,0.6347511410713196,29.0
20,600,Free,1,13,0,1,4.0512285232543945,1.001987099647522,1.7411303520202637,0.6974754333496094,41.0
20,600,Free,1,13,0,2,3.6137566566467285,0.9741010665893555,1.7108877897262573,0.6614142060279846,33.0
20,600,Free,1,13,0,3,3.6141934394836426,1.1007440090179443,1.7109462022781372,0.6335728168487549,28.0
20,600,Free,1,13,1,0,2.058302402496338,0.5286742448806763,1.238914966583252,0.6078263521194458,12.0
20,600,Free,1,13,1,1,2.174447536468506,0.536831796169281,1.1644972562789917,0.6529363393783569,25.0
20,600,Free,1,13,1,2,2.2043166160583496,0.427508145570755,1.1997615098953247,0.7014739513397217,21.0
20,600,Free,1,13,1,3,2.1594924926757812,0.4712422788143158,1.2423219680786133,0.6605892181396484,22.0
20,600,Free,1,14,0,0,4.856734275817871,1.9794925451278687,1.1012372970581055,0.6548393368721008,28.0
20,600,Free,1,14,0,1,4.970536231994629,2.1001930236816406,0.5574183464050293,0.6775537133216858,30.0
20,600,Free,1,14,0,2,4.046027183532715,2.2288146018981934,0.900467574596405,0.5852885842323303,39.0
20,600,Free,1,14,0,3,4.469343185424805,2.036161422729492,0.9204562306404114,0.63542640209198,36.0
20,600,Free,1,14,1,0,-0.19248437881469727,1.1720787286758423,-1.9272277355194092,0.596783459186554,35.0
20,600,Free,1,14,1,1,0.1011422872543335,0.9428740739822388,-1.516725778579712,0.6317965388298035,27.0
20,600,Free,1,14,1,2,-0.03319978713989258,1.0140001773834229,-1.740440011024475,0.6273757219314575,25.0
20,600,Free,1,14,1,3,-0.13625431060791016,1.045458436012268,-1.689786672592163,0.5977444648742676,15.0
20,600,Free,1,15,0,0,0.16026026010513306,0.6898206472396851,-4.188444137573242,0.8630907535552979,23.0
20,600,Free,1,15,0,1,0.36825597286224365,0.6684264540672302,-4.172574996948242,0.8716849088668823,29.0
20,600,Free,1,15,0,2,0.1191205382347107,0.5868555307388306,-4.196769714355469,0.8803007006645203,7.0
20,600,Free,1,15,0,3,-0.06006801128387451,0.6452195644378662,-4.188035011291504,0.864824116230011,20.0
20,600,Free,1,15,1,0,0.36202651262283325,0.24835024774074554,-1.4849493503570557,0.8814741969108582,28.0
20,600,Free,1,15,1,1,0.39238953590393066,0.27916887402534485,-1.5040295124053955,0.8716811537742615,26.0
20,600,Free,1,15,1,2,0.2556845545768738,0.2615780830383301,-1.4540371894836426,0.8673068284988403,25.0
20,600,Free,1,15,1,3,0.08024144172668457,0.32467353343963623,-1.491071343421936,0.8287574648857117,24.0
20,600,Free,1,16,0,0,-0.428364634513855,0.37238889932632446,-2.6081438064575195,0.8540892004966736,22.0
20,600,Free,1,16,0,1,-0.8307321667671204,0.3241291344165802,-2.5895373821258545,0.8443881869316101,6.0
20,600,Free,1,16,0,2,-0.688959002494812,0.3767760396003723,-2.5763471126556396,0.8335915207862854,17.0
20,600,Free,1,16,0,3,-0.5822317600250244,0.3516356647014618,-2.5279722213745117,0.8469403386116028,17.0
20,600,Free,1,16,1,0,-1.700178623199463,0.16218824684619904,-2.5231802463531494,0.8353736400604248,21.0
20,600,Free,1,16,1,1,-1.65159010887146,0.14259272813796997,-2.5230040550231934,0.8593769073486328,34.0
20,600,Free,1,16,1,2,-1.6830289363861084,0.14491724967956543,-2.4663443565368652,0.8438783288002014,33.0
20,600,Free,1,16,1,3,-1.6808348894119263,0.15054979920387268,-2.5115108489990234,0.8465696573257446,31.0
20,600,Free,1,17,0,0,1.1177902221679688,0.17952649295330048,0.4731164574623108,0.7821809649467468,9.0
20,600,Free,1,17,0,1,1.15616774559021,0.17363491654396057,0.45843005180358887,0.8007340431213379,18.0
20,600,Free,1,17,0,2,1.162825107574463,0.1795637309551239,0.4721733629703522,0.793656051158905,21.0
20,600,Free,1,17,0,3,1.1393401622772217,0.19064787030220032,0.46566176414489746,0.7794260382652283,22.0
20,600,Free,1,17,1,0,-0.0437244176864624,1.1651066541671753,-3.766625165939331,0.7616397738456726,16.0
20,600,Free,1,17,1,1,0.282055139541626,0.8326953053474426,-3.6184563636779785,0.8240737318992615,26.0
20,600,Free,1,17,1,2,0.06983470916748047,1.0360047817230225,-3.6599769592285156,0.7826175689697266,35.0
20,600,Free,1,17,1,3,0.31808435916900635,0.9324383735656738,-3.583950996398926,0.8071272373199463,28.0
20,600,Free,1,18,0,0,1.0592721700668335,2.682347059249878,-1.7700755596160889,0.5133353471755981,13.0
20,600,Free,1,18,0,1,1.547012448310852,2.429246187210083,-1.7658636569976807,0.5769428014755249,23.0
20,600,Free,1,18,0,2,1.0097144842147827,2.6710870265960693,-1.7740166187286377,0.5103251934051514,10.0
20,600,Free,1,18,0,3,0.684126615524292,2.5959885120391846,-1.7657644748687744,0.4855231046676636,22.0
20,600,Free,1,18,1,0,0.945274829864502,1.2628971338272095,-0.6444151401519775,0.5572801232337952,35.0
20,600,Free,1,18,1,1,0.6483034491539001,1.274101972579956,-0.6433591842651367,0.5034220814704895,30.0
20,600,Free,1,18,1,2,0.7073157429695129,1.5747952461242676,-0.6433306932449341,0.4616897702217102,40.0
20,600,Free,1,18,1,3,0.9857264757156372,1.5991063117980957,-0.6281962394714355,0.5023056864738464,32.0
20,600,Free,1,19,0,0,5.884248733520508,8.393440246582031,-1.7712302207946777,0.47700899839401245,17.0
20,600,Free,1,19,0,1,6.482381820678711,7.166982650756836,-1.8098151683807373,0.5363931059837341,26.0
20,600,Free,1,19,0,2,3.8034849166870117,7.042203903198242,-1.726813793182373,0.4398725628852844,26.0
20,600,Free,1,19,0,3,5.20123291015625,7.8027143478393555,-1.756417989730835,0.47137391567230225,25.0
20,600,Free,1,19,1,0,9.659049987792969,7.4668755531311035,-1.4988210201263428,0.5990884304046631,18.0
20,600,Free,1,19,1,1,6.938770771026611,9.18655014038086,-1.4567937850952148,0.47750595211982727,22.0
20,600,Free,1,19,1,2,8.370745658874512,9.096126556396484,-1.4492716789245605,0.5191341638565063,20.0
20,600,Free,1,19,1,3,8.03619384765625,8.552249908447266,-1.5090291500091553,0.5274340510368347,23.0
20,600,Free,1,20,0,0,3.311030387878418,3.872866153717041,-0.9332706928253174,0.5228796005249023,19.0
20,600,Free,1,20,0,1,3.242724895477295,3.970785617828369,-0.9948208332061768,0.516249418258667,18.0
20,600,Free,1,20,0,2,2.6527583599090576,3.9533183574676514,-0.8668259382247925,0.4709795415401459,21.0
20,600,Free,1,20,0,3,2.4516329765319824,3.84159255027771,-0.9891533851623535,0.4724811017513275,7.0
20,600,Free,1,20,1,0,1.6023926734924316,5.0901689529418945,-4.09135627746582,0.5279852151870728,46.0
20,600,Free,1,20,1,1,1.1889114379882812,5.794661045074463,-4.069368362426758,0.4757358133792877,31.0
20,600,Free,1,20,1,2,2.9901373386383057,6.990574836730957,-4.1364946365356445,0.5048187971115112,33.0
20,600,Free,1,20,1,3,1.3809013366699219,5.293543338775635,-4.144412040710449,0.5107113718986511,33.0
20,600,Free,1,21,0,0,0.46212494373321533,0.8939211964607239,-1.5162200927734375,0.6887749433517456,29.0
20,600,Free,1,21,0,1,0.15289413928985596,0.8434103727340698,-1.5204296112060547,0.6648790240287781,29.0
20,600,Free,1,21,0,2,1.0212726593017578,0.8461893200874329,-1.457666039466858,0.7455167770385742,8.0
20,600,Free,1,21,0,3,0.4810326099395752,1.017533779144287,-1.5212377309799194,0.6630464196205139,36.0
20,600,Free,1,21,1,0,3.716449737548828,0.6197158098220825,1.8253480195999146,0.7531816363334656,37.0
20,600,Free,1,21,1,1,3.26900053024292,0.7074294686317444,1.8076910972595215,0.6738060712814331,39.0
20,600,Free,1,21,1,2,3.6735219955444336,0.7161096930503845,1.8008164167404175,0.7233832478523254,43.0
20,600,Free,1,21,1,3,2.978513240814209,0.7619708776473999,1.8232958316802979,0.6025581359863281,37.0
20,600,Free,1,22,0,0,0.03083980083465576,0.5064153671264648,-0.8804140686988831,0.6427831053733826,39.0
20,600,Free,1,22,0,1,-0.050605952739715576,0.45367151498794556,-0.8844693899154663,0.6476433277130127,25.0
20,600,Free,1,22,0,2,0.06752771139144897,0.4396790862083435,-0.8640930652618408,0.6793705821037292,41.0
20,600,Free,1,22,0,3,0.24607670307159424,0.4318124055862427,-0.8844532370567322,0.7236121892929077,41.0
20,600,Free,1,22,1,0,3.0932068824768066,1.6059688329696655,-0.9620646238327026,0.716322124004364,44.0
20,600,Free,1,22,1,1,2.769551992416382,1.6061311960220337,-0.9620552062988281,0.6990989446640015,35.0
20,600,Free,1,22,1,2,2.637209892272949,1.646965503692627,-0.9649640321731567,0.6862408518791199,42.0
20,600,Free,1,22,1,3,2.8790688514709473,1.7992563247680664,-0.9497368335723877,0.6803061962127686,40.0
20,600,Free,1,23,0,0,3.1784818172454834,0.9647926688194275,1.761244773864746,0.5949703454971313,29.0
20,600,Free,1,23,0,1,2.639061212539673,0.8413395881652832,1.7218034267425537,0.5215848684310913,36.0
20,600,Free,1,23,0,2,3.1238057613372803,1.1173948049545288,1.7242214679718018,0.5560571551322937,37.0
20,600,Free,1,23,0,3,3.1010241508483887,1.0992786884307861,1.7349872589111328,0.5541022419929504,39.0
20,600,Free,1,23,1,0,2.1201882362365723,1.1550928354263306,0.12425917387008667,0.6334227919578552,36.0
20,600,Free,1,23,1,1,2.3148772716522217,1.0646350383758545,0.09734514355659485,0.6756304502487183,32.0
20,600,Free,1,23,1,2,1.8283836841583252,1.3298261165618896,0.18329697847366333,0.5529865622520447,38.0
20,600,Free,1,23,1,3,1.9414035081863403,1.290113091468811,0.11826732754707336,0.5856056213378906,31.0
20,600,Free,1,24,0,0,7.536741256713867,14.704553604125977,1.744311809539795,0.28259915113449097,25.0
20,600,Free,1,24,0,1,6.957164764404297,13.632166862487793,1.6957402229309082,0.27847668528556824,29.0
20,600,Free,1,24,0,2,7.454995155334473,13.140746116638184,1.7386260032653809,0.3031412363052368,11.0
20,600,Free,1,24,0,3,5.857394218444824,12.997657775878906,1.6998181343078613,0.24235031008720398,7.0
20,600,Free,1,24,1,0,4.170969009399414,9.424784660339355,-0.8944850564002991,0.3495769798755646,25.0
20,600,Free,1,24,1,1,3.1101577281951904,8.309900283813477,-0.8724300861358643,0.3239855170249939,25.0
20,600,Free,1,24,1,2,2.754803419113159,8.283843994140625,-0.8977452516555786,0.30600103735923767,23.0
20,600,Free,1,24,1,3,4.859530448913574,9.101405143737793,-0.8662099838256836,0.3861660659313202,31.0
20,600,Free,1,25,0,0,3.3367128372192383,7.056754112243652,0.39133816957473755,0.2944747805595398,28.0
20,600,Free,1,25,0,1,4.068171977996826,7.488734245300293,0.47410860657691956,0.32429206371307373,31.0
20,600,Free,1,25,0,2,3.6948890686035156,7.149936199188232,0.29671522974967957,0.3221594989299774,33.0
20,600,Free,1,25,0,3,2.6363768577575684,7.779839992523193,0.3091341257095337,0.23025861382484436,20.0
20,600,Free,1,25,1,0,15.610319137573242,17.27365493774414,2.1132264137268066,0.43863388895988464,33.0
20,600,Free,1,25,1,1,12.766303062438965,17.58244514465332,2.184177875518799,0.3757247030735016,37.0
20,600,Free,1,25,1,2,12.769890785217285,16.25438117980957,2.160271167755127,0.3949381709098816,23.0
20,600,Free,1,25,1,3,13.68411922454834,16.154218673706055,1.9036681652069092,0.42171433568000793,33.0
20,600,Free,1,26,0,0,4.9614458084106445,5.081254482269287,1.9677540063858032,0.37073829770088196,37.0
20,600,Free,1,26,0,1,4.402622699737549,5.66759729385376,1.9592740535736084,0.3012409210205078,19.0
20,600,Free,1,26,0,2,4.670346260070801,5.896852970123291,1.9654039144515991,0.3144625127315521,10.0
20,600,Free,1,26,0,3,4.915213584899902,4.9379048347473145,1.9527405500411987,0.374978631734848,36.0
20,600,Free,1,26,1,0,3.215507745742798,8.226086616516113,-0.09410928189754486,0.2869020700454712,29.0
20,600,Free,1,26,1,1,3.2463724613189697,6.616435527801514,-0.11945010721683502,0.337180495262146,32.0
20,600,Free,1,26,1,2,4.035042762756348,6.833752155303955,-0.1285398155450821,0.37859925627708435,34.0
20,600,Free,1,26,1,3,4.174732685089111,9.178091049194336,-0.08168143033981323,0.3168269991874695,22.0
20,600,Free,1,27,0,0,8.455286026000977,11.207701683044434,0.47264087200164795,0.41597187519073486,35.0
20,600,Free,1,27,0,1,6.1298675537109375,13.828453063964844,0.35859042406082153,0.29445695877075195,33.0
20,600,Free,1,27,0,2,8.379063606262207,12.952614784240723,0.3879130780696869,0.38155269622802734,26.0
20,600,Free,1,27,0,3,6.290949821472168,16.82368278503418,0.37156978249549866,0.2602718770503998,25.0
20,600,Free,1,27,1,0,35.09771728515625,55.90448760986328,2.5363664627075195,0.3680669367313385,10.0
20,600,Free,1,27,1,1,15.824234962463379,56.84152603149414,2.678110122680664,0.1878349334001541,10.0
20,600,Free,1,27,1,2,17.342388153076172,59.06072235107422,2.44840145111084,0.20139333605766296,7.0
20,600,Free,1,27,1,3,31.87176513671875,47.63705062866211,2.4909777641296387,0.38148027658462524,4.0
20,600,Free,1,28,0,0,13.597496032714844,15.6506986618042,1.8510186672210693,0.4287477433681488,35.0
20,600,Free,1,28,0,1,14.634281158447266,23.79452133178711,1.9741146564483643,0.3472849726676941,31.0
20,600,Free,1,28,0,2,8.162862777709961,16.50300407409668,1.8899040222167969,0.2754201292991638,39.0
20,600,Free,1,28,0,3,11.917947769165039,17.526451110839844,1.9466172456741333,0.36262309551239014,27.0
20,600,Free,1,28,1,0,16.721824645996094,38.26494598388672,-0.19009792804718018,0.30650386214256287,31.0
20,600,Free,1,28,1,1,12.063434600830078,28.64645767211914,-0.22955381870269775,0.30027249455451965,43.0
20,600,Free,1,28,1,2,16.14695930480957,28.630977630615234,-0.2490900158882141,0.3641379773616791,25.0
20,600,Free,1,28,1,3,19.622005462646484,28.10676383972168,-0.24748694896697998,0.4141526222229004,29.0
20,600,Free,1,29,0,0,4.0412797927856445,7.7016754150390625,1.6116318702697754,0.23981545865535736,19.0
20,600,Free,1,29,0,1,4.44003963470459,6.0910186767578125,1.6211025714874268,0.3163805902004242,23.0
20,600,Free,1,29,0,2,4.409505844116211,6.3205790519714355,1.5900897979736328,0.3084701895713806,29.0
20,600,Free,1,29,0,3,5.632015228271484,7.569104194641113,1.6379916667938232,0.3454103171825409,31.0
20,600,Free,1,29,1,0,24.078847885131836,34.626529693603516,0.9593254923820496,0.40036541223526,26.0
20,600,Free,1,29,1,1,18.49764060974121,39.91794204711914,0.8947665691375732,0.3060261607170105,23.0
20,600,Free,1,29,1,2,13.89561653137207,38.33272171020508,0.6378391981124878,0.2569809854030609,22.0
20,600,Free,1,29,1,3,29.32299041748047,39.90948486328125,0.7921603918075562,0.41687169671058655,30.0
20,600,Free,1,30,0,0,5.677286624908447,8.866581916809082,-0.1746234893798828,0.39758896827697754,20.0
20,600,Free,1,30,0,1,4.888853549957275,9.127816200256348,-0.13570654392242432,0.3550329804420471,18.0
20,600,Free,1,30,0,2,3.956131935119629,9.754300117492676,-0.13019025325775146,0.29524120688438416,20.0
20,600,Free,1,30,0,3,6.030056476593018,8.333584785461426,-0.17724072933197021,0.4268858730792999,10.0
20,600,Free,1,30,1,0,5.2399396896362305,5.587198734283447,0.03399103879928589,0.4823383390903473,34.0
20,600,Free,1,30,1,1,3.3414108753204346,7.024877071380615,0.04007112979888916,0.31970465183258057,33.0
20,600,Free,1,30,1,2,6.3470563888549805,6.805996417999268,0.03618764877319336,0.4811262786388397,35.0
20,600,Free,1,30,1,3,4.630431652069092,5.926782608032227,0.03125882148742676,0.4369363784790039,36.0
20,600,Free,1,31,0,0,8.91069507598877,13.676833152770996,-0.6779491901397705,0.41214045882225037,5.0
20,600,Free,1,31,0,1,6.062234878540039,14.595147132873535,-0.6534541845321655,0.31513023376464844,8.0
20,600,Free,1,31,0,2,9.36136245727539,15.292593955993652,-0.6735696792602539,0.3962065577507019,23.0
20,600,Free,1,31,0,3,4.750014781951904,12.39830207824707,-0.5976700782775879,0.30134615302085876,18.0
20,600,Free,1,31,1,0,1.031912088394165,5.694676399230957,-2.5629284381866455,0.3869782090187073,35.0
20,600,Free,1,31,1,1,1.4118194580078125,5.221517562866211,-2.5820369720458984,0.4333905875682831,26.0
20,600,Free,1,31,1,2,0.6384313106536865,6.573269844055176,-2.5797383785247803,0.32867175340652466,20.0
20,600,Free,1,31,1,3,1.8410489559173584,7.158634662628174,-2.5804882049560547,0.38181963562965393,21.0
20,600,Free,1,32,0,0,3.1538124084472656,2.5002408027648926,1.4115538597106934,0.4106679856777191,33.0
20,600,Free,1,32,0,1,3.2380013465881348,2.2709829807281494,1.4036400318145752,0.44682276248931885,30.0
20,600,Free,1,32,0,2,3.2275748252868652,2.577956438064575,1.406906008720398,0.4139177203178406,25.0
20,600,Free,1,32,0,3,3.0142459869384766,2.5448927879333496,1.4129161834716797,0.38621416687965393,25.0
20,600,Free,1,32,1,0,0.42813873291015625,2.9825477600097656,-1.5298619270324707,0.396312415599823,28.0
20,600,Free,1,32,1,1,0.8264865875244141,2.9103167057037354,-1.5511986017227173,0.4496377408504486,25.0
20,600,Free,1,32,1,2,0.05680835247039795,2.5336246490478516,-1.538082480430603,0.38631096482276917,32.0
20,600,Free,1,32,1,3,0.44178831577301025,2.8829240798950195,-1.5144449472427368,0.4042508006095886,34.0
20,600,Free,1,33,0,0,14.345513343811035,20.304180145263672,-0.7895669937133789,0.4270710051059723,30.0
20,600,Free,1,33,0,1,12.549213409423828,23.083744049072266,-0.740961492061615,0.36537647247314453,31.0
20,600,Free,1,33,0,2,13.271303176879883,20.107921600341797,-0.8093711137771606,0.41185295581817627,34.0
20,600,Free,1,33,0,3,10.19975471496582,26.193866729736328,-0.7658522129058838,0.29509586095809937,23.0
20,600,Free,1,33,1,0,10.56872844696045,24.240367889404297,-1.7139949798583984,0.33630022406578064,28.0
20,600,Free,1,33,1,1,15.7715425491333,21.415924072265625,-1.6339192390441895,0.448347270488739,28.0
20,600,Free,1,33,1,2,6.4267730712890625,25.541242599487305,-1.6368341445922852,0.2399536669254303,22.0
20,600,Free,1,33,1,3,7.065814971923828,24.27254295349121,-1.6193115711212158,0.263523668050766,18.0
20,600,Free,1,34,0,0,10.132965087890625,20.531143188476562,-0.7037478685379028,0.34547188878059387,23.0
20,600,Free,1,34,0,1,10.871257781982422,16.715139389038086,-0.6999692916870117,0.4090743362903595,31.0
20,600,Free,1,34,0,2,7.772588729858398,20.88313865661621,-0.764524519443512,0.2901780903339386,25.0
20,600,Free,1,34,0,3,7.215791702270508,17.5349178314209,-0.7635254859924316,0.3127398192882538,29.0
20,600,Free,1,34,1,0,12.669550895690918,23.47088623046875,-1.3997212648391724,0.37477922439575195,27.0
20,600,Free,1,34,1,1,12.413495063781738,24.515729904174805,-1.3595370054244995,0.3597147464752197,31.0
20,600,Free,1,34,1,2,12.840325355529785,19.179487228393555,-1.372312068939209,0.4256284236907959,32.0
20,600,Free,1,34,1,3,11.239214897155762,17.14470672607422,-1.3477904796600342,0.4233528673648834,37.0
20,600,Free,1,35,0,0,10.644721984863281,24.645944595336914,-0.4082440137863159,0.3096163272857666,40.0
20,600,Free,1,35,0,1,11.737405776977539,26.280908584594727,-0.4828619062900543,0.31739985942840576,26.0
20,600,Free,1,35,0,2,12.874576568603516,27.900562286376953,-0.4932054877281189,0.32392340898513794,32.0
20,600,Free,1,35,0,3,15.302297592163086,28.03215217590332,-0.23222805559635162,0.35656896233558655,31.0
20,600,Free,1,35,1,0,8.239784240722656,7.373059272766113,1.2602421045303345,0.4862911105155945,37.0
20,600,Free,1,35,1,1,6.9686994552612305,10.052597999572754,1.2885496616363525,0.3610399067401886,33.0
20,600,Free,1,35,1,2,4.019465446472168,10.155313491821289,1.2728021144866943,0.2128870189189911,35.0
20,600,Free,1,35,1,3,5.452553749084473,8.216976165771484,1.2975019216537476,0.33584240078926086,27.0
20,600,Free,2,0,0,0,9.268180847167969,5.481125354766846,1.913705825805664,0.5729747414588928,39.0
20,600,Free,2,0,0,1,8.467914581298828,5.880552768707275,1.9017529487609863,0.5275418162345886,24.0
20,600,Free,2,0,0,2,8.411083221435547,6.077256679534912,1.9068900346755981,0.5169669389724731,26.0
20,600,Free,2,0,0,3,6.892848491668701,5.413874626159668,1.914741039276123,0.479033499956131,30.0
20,600,Free,2,0,1,0,12.757590293884277,10.935250282287598,-0.3739360272884369,0.5456287860870361,48.0
20,600,Free,2,0,1,1,9.30138111114502,12.160130500793457,-0.36386117339134216,0.44284430146217346,38.0
20,600,Free,2,0,1,2,9.509711265563965,11.228360176086426,-0.38509055972099304,0.46843376755714417,45.0
20,600,Free,2,0,1,3,10.085358619689941,10.330427169799805,-0.3789650797843933,0.503219485282898,49.0
20,600,Free,2,1,0,0,14.108827590942383,9.228937149047852,2.0278210639953613,0.5669187307357788,26.0
20,600,Free,2,1,0,1,12.53827953338623,10.410473823547363,2.0433335304260254,0.5020202994346619,19.0
20,600,Free,2,1,0,2,11.353808403015137,11.965408325195312,2.021961212158203,0.4381713569164276,19.0
20,600,Free,2,1,0,3,10.700164794921875,11.541526794433594,1.9921796321868896,0.4300343096256256,12.0
20,600,Free,2,1,1,0,4.537968635559082,5.252424240112305,-0.37366512417793274,0.48323553800582886,27.0
20,600,Free,2,1,1,1,3.966437578201294,5.225973129272461,-0.38196805119514465,0.4541710615158081,14.0
20,600,Free,2,1,1,2,6.827901840209961,5.7925591468811035,-0.36883383989334106,0.5540512800216675,15.0
20,600,Free,2,1,1,3,5.098812103271484,4.33259391784668,-0.3779779076576233,0.558321475982666,25.0
20,600,Free,2,2,0,0,11.329084396362305,13.884672164916992,-0.04723741114139557,0.4503512978553772,20.0
20,600,Free,2,2,0,1,12.832437515258789,14.858135223388672,-0.010881267488002777,0.46363338828086853,12.0
20,600,Free,2,2,0,2,11.705644607543945,11.010029792785645,-0.014299839735031128,0.515616238117218,14.0
20,600,Free,2,2,0,3,13.666425704956055,12.845848083496094,-0.009074591100215912,0.5156412124633789,19.0
20,600,Free,2,2,1,0,7.616372585296631,10.845829010009766,-1.4547138214111328,0.45544636249542236,22.0
20,600,Free,2,2,1,1,5.684296131134033,12.158034324645996,-1.370769739151001,0.3672008216381073,38.0
20,600,Free,2,2,1,2,8.090076446533203,10.65009593963623,-1.4731954336166382,0.4731162190437317,21.0
20,600,Free,2,2,1,3,5.809021949768066,12.490532875061035,-1.436445713043213,0.36711937189102173,40.0
20,600,Free,2,3,0,0,31.34212875366211,44.07912826538086,1.6572264432907104,0.40243059396743774,40.0
20,600,Free,2,3,0,1,30.834346771240234,46.98050308227539,1.8414011001586914,0.3816194534301758,34.0
20,600,Free,2,3,0,2,34.11967086791992,36.022640228271484,1.6468905210494995,0.4740869104862213,31.0
20,600,Free,2,3,0,3,24.64101791381836,46.215965270996094,1.7571121454238892,0.331171452999115,24.0
20,600,Free,2,3,1,0,14.17695140838623,48.86959457397461,-0.7284566164016724,0.2337186634540558,13.0
20,600,Free,2,3,1,1,10.868550300598145,33.03639602661133,-0.7179489731788635,0.2596536874771118,18.0
20,600,Free,2,3,1,2,13.00742244720459,33.40925216674805,-0.6931664347648621,0.29082223773002625,31.0
20,600,Free,2,3,1,3,18.347496032714844,37.233131408691406,-0.6987634897232056,0.33842331171035767,16.0
20,600,Free,2,4,0,0,11.664019584655762,24.189205169677734,2.0178213119506836,0.2850918769836426,17.0
20,600,Free,2,4,0,1,11.101280212402344,27.398778915405273,1.9730019569396973,0.2499045729637146,19.0
20,600,Free,2,4,0,2,17.411903381347656,24.415889739990234,2.02457857131958,0.386584997177124,34.0
20,600,Free,2,4,0,3,16.005491256713867,29.201425552368164,1.999183177947998,0.3241620659828186,11.0
20,600,Free,2,4,1,0,4.298184394836426,12.027724266052246,-1.6616480350494385,0.3313308358192444,20.0
20,600,Free,2,4,1,1,7.973040580749512,10.430333137512207,-1.665408730506897,0.48027077317237854,29.0
20,600,Free,2,4,1,2,5.459632873535156,10.676063537597656,-1.6549590826034546,0.39990612864494324,24.0
20,600,Free,2,4,1,3,6.959650039672852,14.925182342529297,-1.588861107826233,0.36417409777641296,16.0
20,600,Free,2,5,0,0,8.26202392578125,8.660765647888184,1.9363163709640503,0.422094464302063,39.0
20,600,Free,2,5,0,1,7.465131759643555,10.321187973022461,1.9199732542037964,0.34949183464050293,24.0
20,600,Free,2,5,0,2,9.499939918518066,8.694257736206055,1.920753836631775,0.46573951840400696,29.0
20,600,Free,2,5,0,3,8.96641731262207,11.654586791992188,1.9223650693893433,0.37671470642089844,19.0
20,600,Free,2,5,1,0,15.990455627441406,25.43079948425293,-0.8574985861778259,0.39849692583084106,36.0
20,600,Free,2,5,1,1,12.651693344116211,23.713645935058594,-0.7821913361549377,0.3616360127925873,27.0
20,600,Free,2,5,1,2,9.445605278015137,24.11097526550293,-0.8439050912857056,0.29910945892333984,20.0
20,600,Free,2,5,1,3,16.38580894470215,25.87113380432129,-0.8629640936851501,0.4000187814235687,30.0
20,600,Free,2,6,0,0,26.61004066467285,78.57447052001953,-0.3424556255340576,0.2554085850715637,20.0
20,600,Free,2,6,0,1,31.679576873779297,86.010498046875,-1.0272729396820068,0.2755018472671509,15.0
20,600,Free,2,6,0,2,40.66617202758789,83.86325073242188,-0.9561488628387451,0.33169010281562805,26.0
20,600,Free,2,6,0,3,32.44700241088867,79.50548553466797,-0.9882022142410278,0.29604214429855347,24.0
20,600,Free,2,6,1,0,18.161739349365234,76.01371765136719,0.6168481111526489,0.1875283420085907,19.0
20,600,Free,2,6,1,1,22.529438018798828,77.2954330444336,0.6443181037902832,0.22065939009189606,13.0
20,600,Free,2,6,1,2,26.499223709106445,67.4886474609375,0.661491334438324,0.2768534719944,10.0
20,600,Free,2,6,1,3,30.976787567138672,85.85285949707031,0.6096036434173584,0.26129043102264404,7.0
20,600,Free,2,7,0,0,13.433576583862305,40.57564926147461,1.4226884841918945,0.22840234637260437,20.0
20,600,Free,2,7,0,1,17.93805694580078,37.356685638427734,1.363566279411316,0.30732670426368713,26.0
20,600,Free,2,7,0,2,14.884125709533691,45.819976806640625,1.419899582862854,0.22711323201656342,5.0
20,600,Free,2,7,0,3,9.677839279174805,42.68763732910156,1.4254236221313477,0.16200248897075653,21.0
20,600,Free,2,7,1,0,21.719783782958984,29.645462036132812,0.4568263292312622,0.41767072677612305,36.0
20,600,Free,2,7,1,1,12.011616706848145,33.96794509887695,0.43806135654449463,0.25413206219673157,25.0
20,600,Free,2,7,1,2,13.937983512878418,38.585323333740234,0.4295652508735657,0.2593097984790802,18.0
20,600,Free,2,7,1,3,14.306577682495117,32.19038391113281,0.4557003378868103,0.3008361756801605,26.0
20,600,Free,2,8,0,0,4.504683017730713,35.64112854003906,0.3730292320251465,0.10388143360614777,16.0
20,600,Free,2,8,0,1,10.148760795593262,38.15391540527344,0.37922346591949463,0.20385712385177612,10.0
20,600,Free,2,8,0,2,6.569416522979736,30.955581665039062,0.38698405027389526,0.16647182404994965,6.0
20,600,Free,2,8,0,3,12.305617332458496,31.909114837646484,0.37377095222473145,0.2721620798110962,13.0
20,600,Free,2,8,1,0,14.925996780395508,33.36620330810547,1.8553608655929565,0.28147125244140625,18.0
20,600,Free,2,8,1,1,9.749479293823242,28.30829620361328,1.8138761520385742,0.2189500480890274,19.0
20,600,Free,2,8,1,2,8.042329788208008,36.20918655395508,1.8381664752960205,0.14627856016159058,15.0
20,600,Free,2,8,1,3,11.234466552734375,28.84520721435547,1.886551856994629,0.2447538822889328,20.0
20,600,Free,2,9,0,0,9.22131061553955,19.547109603881836,1.9677503108978271,0.27064844965934753,16.0
20,600,Free,2,9,0,1,12.14574146270752,25.88506507873535,1.761855125427246,0.2863023579120636,20.0
20,600,Free,2,9,0,2,13.052593231201172,27.296733856201172,1.8061532974243164,0.29178810119628906,18.0
20,600,Free,2,9,0,3,9.039137840270996,25.753398895263672,1.9856735467910767,0.21499966084957123,17.0
20,600,Free,2,9,1,0,15.779260635375977,36.13622283935547,1.9059094190597534,0.27741390466690063,38.0
20,600,Free,2,9,1,1,10.593145370483398,36.08182144165039,1.7996532917022705,0.19595389068126678,27.0
20,600,Free,2,9,1,2,19.884187698364258,35.738380432128906,1.7370615005493164,0.3367719054222107,39.0
20,600,Free,2,9,1,3,11.103632926940918,33.272552490234375,1.9518604278564453,0.21571993827819824,25.0
20,600,Free,2,10,0,0,19.882137298583984,35.29947280883789,-0.44370222091674805,0.365406334400177,27.0
20,600,Free,2,10,0,1,15.620132446289062,37.695438385009766,-0.03809833526611328,0.29347991943359375,36.0
20,600,Free,2,10,0,2,14.99620246887207,33.485748291015625,0.0041168928146362305,0.30925649404525757,28.0
20,600,Free,2,10,0,3,23.970731735229492,33.82577896118164,-0.23744463920593262,0.41713812947273254,28.0
20,600,Free,2,10,1,0,9.671875953674316,23.388748168945312,-1.115027666091919,0.315631240606308,32.0
20,600,Free,2,10,1,1,5.6640119552612305,25.8992862701416,-1.070447564125061,0.20636489987373352,10.0
20,600,Free,2,10,1,2,8.702988624572754,21.073396682739258,-0.9012175798416138,0.3130689859390259,12.0
20,600,Free,2,10,1,3,8.646261215209961,20.809974670410156,-1.042123794555664,0.3176690638065338,26.0
20,600,Free,2,11,0,0,1.8871660232543945,6.555380821228027,-1.3373098373413086,0.3297058343887329,26.0
20,600,Free,2,11,0,1,2.0852367877960205,6.481326103210449,-1.4324729442596436,0.3518048822879791,24.0
20,600,Free,2,11,0,2,0.5133988857269287,6.389416217803955,-1.4105701446533203,0.2314302772283554,27.0
20,600,Free,2,11,0,3,1.0959296226501465,6.002891540527344,-1.3967351913452148,0.293408066034317,29.0
20,600,Free,2,11,1,0,3.719280242919922,14.633546829223633,-0.738825261592865,0.23351071774959564,20.0
20,600,Free,2,11,1,1,6.505157470703125,13.298934936523438,-0.8432461023330688,0.35590076446533203,22.0
20,600,Free,2,11,1,2,5.182920932769775,13.035709381103516,-0.7253769636154175,0.3118821680545807,18.0
20,600,Free,2,11,1,3,9.371870994567871,12.313817977905273,-0.8579272031784058,0.45377805829048157,23.0
20,600,Free,2,12,0,0,-0.6429194808006287,0.3006766438484192,-1.454788327217102,0.7297399044036865,25.0
20,600,Free,2,12,0,1,-0.7491077184677124,0.30553311109542847,-1.4823625087738037,0.7058753967285156,33.0
20,600,Free,2,12,0,2,-0.8350474238395691,0.3059423565864563,-1.4757362604141235,0.6768093705177307,30.0
20,600,Free,2,12,0,3,-0.6939939260482788,0.312585711479187,-1.4846831560134888,0.7166746854782104,35.0
20,600,Free,2,12,1,0,1.7988674640655518,1.543534278869629,-1.451942801475525,0.6780509948730469,24.0
20,600,Free,2,12,1,1,1.7945311069488525,1.3447345495224,-1.7795852422714233,0.7266160845756531,21.0
20,600,Free,2,12,1,2,2.194581985473633,1.1672391891479492,-1.7608821392059326,0.7721439003944397,18.0
20,600,Free,2,12,1,3,1.7932298183441162,1.2880364656448364,-1.2669143676757812,0.7037757635116577,21.0
20,600,Free,2,13,0,0,3.61972975730896,0.9331830739974976,1.8828340768814087,0.6505035161972046,8.0
20,600,Free,2,13,0,1,4.0512285232543945,1.001987099647522,1.838120460510254,0.6883491277694702,14.0
20,600,Free,2,13,0,2,3.6137566566467285,0.9741010665893555,1.6687440872192383,0.666302502155304,22.0
20,600,Free,2,13,0,3,3.6141934394836426,1.1007440090179443,1.6814097166061401,0.6371406316757202,17.0
20,600,Free,2,13,1,0,2.058302402496338,0.5286742448806763,1.2689077854156494,0.5989024043083191,18.0
20,600,Free,2,13,1,1,2.174447536468506,0.536831796169281,1.2199978828430176,0.6400197744369507,29.0
20,600,Free,2,13,1,2,2.2043166160583496,0.427508145570755,1.2769999504089355,0.6844550371170044,8.0
20,600,Free,2,13,1,3,2.1594924926757812,0.4712422788143158,1.2962888479232788,0.6468629837036133,21.0
20,600,Free,2,14,0,0,4.856734275817871,1.9794925451278687,0.7768283486366272,0.67331862449646,23.0
20,600,Free,2,14,0,1,4.970536231994629,2.1001930236816406,1.047289252281189,0.6513299345970154,34.0
20,600,Free,2,14,0,2,4.046027183532715,2.2288146018981934,0.9711227416992188,0.5797637701034546,26.0
20,600,Free,2,14,0,3,4.469343185424805,2.036161422729492,0.9864562153816223,0.6310665607452393,17.0
20,600,Free,2,14,1,0,-0.19248437881469727,1.1720787286758423,-1.4887398481369019,0.5251539945602417,20.0
20,600,Free,2,14,1,1,0.1011422872543335,0.9428740739822388,-1.5399538278579712,0.6351064443588257,10.0
20,600,Free,2,14,1,2,-0.03319978713989258,1.0140001773834229,-1.727628231048584,0.6256130933761597,18.0
20,600,Free,2,14,1,3,-0.13625431060791016,1.045458436012268,-1.5404832363128662,0.5732277631759644,15.0
20,600,Free,2,15,0,0,0.16026026010513306,0.6898206472396851,-4.179688930511475,0.8628524541854858,11.0
20,600,Free,2,15,0,1,0.36825597286224365,0.6684264540672302,-4.16080379486084,0.8713942766189575,26.0
20,600,Free,2,15,0,2,0.1191205382347107,0.5868555307388306,-4.182737350463867,0.8799570798873901,9.0
20,600,Free,2,15,0,3,-0.06006801128387451,0.6452195644378662,-4.192386627197266,0.8649472594261169,4.0
20,600,Free,2,15,1,0,0.36202651262283325,0.24835024774074554,-1.500900387763977,0.8823696374893188,31.0
20,600,Free,2,15,1,1,0.39238953590393066,0.27916887402534485,-1.5016745328903198,0.8715421557426453,19.0
20,600,Free,2,15,1,2,0.2556845545768738,0.2615780830383301,-1.467576026916504,0.8682119250297546,26.0
20,600,Free,2,15,1,3,0.08024144172668457,0.32467353343963623,-1.503603219985962,0.8298818469047546,17.0
20,600,Free,2,16,0,0,-0.428364634513855,0.37238889932632446,-2.5854811668395996,0.8527819514274597,29.0
20,600,Free,2,16,0,1,-0.8307321667671204,0.3241291344165802,-2.607945442199707,0.8457514047622681,10.0
20,600,Free,2,16,0,2,-0.688959002494812,0.3767760396003723,-2.585758924484253,0.8342804312705994,16.0
20,600,Free,2,16,0,3,-0.5822317600250244,0.3516356647014618,-2.48789119720459,0.8442225456237793,31.0
20,600,Free,2,16,1,0,-1.700178623199463,0.16218824684619904,-2.4924957752227783,0.8300814032554626,3.0
20,600,Free,2,16,1,1,-1.65159010887146,0.14259272813796997,-2.5110793113708496,0.8577035069465637,23.0
20,600,Free,2,16,1,2,-1.6830289363861084,0.14491724967956543,-2.5126571655273438,0.8512976169586182,12.0
20,600,Free,2,16,1,3,-1.6808348894119263,0.15054979920387268,-2.5234034061431885,0.848406970500946,8.0
20,600,Free,2,17,0,0,1.1177902221679688,0.17952649295330048,0.47678494453430176,0.7812072038650513,28.0
20,600,Free,2,17,0,1,1.15616774559021,0.17363491654396057,0.4669343829154968,0.7987700700759888,9.0
20,600,Free,2,17,0,2,1.162825107574463,0.1795637309551239,0.4697120189666748,0.7942380309104919,27.0
20,600,Free,2,17,0,3,1.1393401622772217,0.19064787030220032,0.4723896086215973,0.7776955962181091,23.0
20,600,Free,2,17,1,0,-0.0437244176864624,1.1651066541671753,-3.8040530681610107,0.7634510397911072,4.0
20,600,Free,2,17,1,1,0.282055139541626,0.8326953053474426,-3.5743353366851807,0.8224183917045593,34.0
20,600,Free,2,17,1,2,0.06983470916748047,1.0360047817230225,-3.6436429023742676,0.7818700075149536,15.0
20,600,Free,2,17,1,3,0.31808435916900635,0.9324383735656738,-3.6532280445098877,0.8098520040512085,11.0
20,600,Free,2,18,0,0,1.0592721700668335,2.682347059249878,-1.7653305530548096,0.5129160284996033,15.0
20,600,Free,2,18,0,1,1.547012448310852,2.429246187210083,-1.7785767316818237,0.577877402305603,30.0
20,600,Free,2,18,0,2,1.0097144842147827,2.6710870265960693,-1.778128743171692,0.5106940269470215,25.0
20,600,Free,2,18,0,3,0.684126615524292,2.5959885120391846,-1.7646708488464355,0.4854115843772888,25.0
20,600,Free,2,18,1,0,0.945274829864502,1.2628971338272095,-0.6425197124481201,0.5569856762886047,17.0
20,600,Free,2,18,1,1,0.6483034491539001,1.274101972579956,-0.642781674861908,0.5033103227615356,6.0
20,600,Free,2,18,1,2,0.7073157429695129,1.5747952461242676,-0.6380478739738464,0.4607158899307251,22.0
20,600,Free,2,18,1,3,0.9857264757156372,1.5991063117980957,-0.6364359259605408,0.5035787224769592,23.0
20,600,Free,2,19,0,0,5.884248733520508,8.393440246582031,-1.7964153289794922,0.47782841324806213,5.0
20,600,Free,2,19,0,1,6.482381820678711,7.166982650756836,-1.75589919090271,0.5347704887390137,20.0
20,600,Free,2,19,0,2,3.8034849166870117,7.042203903198242,-1.7966868877410889,0.44296830892562866,9.0
20,600,Free,2,19,0,3,5.20123291015625,7.8027143478393555,-1.6619257926940918,0.4679679870605469,15.0
20,600,Free,2,19,1,0,9.659049987792969,7.4668755531311035,-1.5274863243103027,0.5997045636177063,19.0
20,600,Free,2,19,1,1,6.938770771026611,9.18655014038086,-1.527649164199829,0.4796031713485718,14.0
20,600,Free,2,19,1,2,8.370745658874512,9.096126556396484,-1.4628219604492188,0.519478440284729,24.0
20,600,Free,2,19,1,3,8.03619384765625,8.552249908447266,-1.5294990539550781,0.5279678702354431,10.0
20,600,Free,2,20,0,0,3.311030387878418,3.872866153717041,-0.9928379058837891,0.5263553857803345,27.0
20,600,Free,2,20,0,1,3.242724895477295,3.970785617828369,-0.9395537376403809,0.5129701495170593,21.0
20,600,Free,2,20,0,2,2.6527583599090576,3.9533183574676514,-0.9636707305908203,0.4777476489543915,24.0
20,600,Free,2,20,0,3,2.4516329765319824,3.84159255027771,-0.9818782806396484,0.4719536006450653,23.0
20,600,Free,2,20,1,0,1.6023926734924316,5.0901689529418945,-3.8022048473358154,0.5149802565574646,24.0
20,600,Free,2,20,1,1,1.1889114379882812,5.794661045074463,-4.161294460296631,0.4800601005554199,19.0
20,600,Free,2,20,1,2,2.9901373386383057,6.990574836730957,-4.149633407592773,0.5052793025970459,23.0
20,600,Free,2,20,1,3,1.3809013366699219,5.293543338775635,-4.145379066467285,0.5107550621032715,24.0
20,600,Free,2,21,0,0,0.46212494373321533,0.8939211964607239,-1.5253052711486816,0.6897562742233276,37.0
20,600,Free,2,21,0,1,0.15289413928985596,0.8434103727340698,-1.4828705787658691,0.6598020195960999,27.0
20,600,Free,2,21,0,2,1.0212726593017578,0.8461893200874329,-1.4452632665634155,0.7445639967918396,32.0
20,600,Free,2,21,0,3,0.4810326099395752,1.017533779144287,-1.5408501625061035,0.6652206778526306,29.0
20,600,Free,2,21,1,0,3.716449737548828,0.6197158098220825,1.794572353363037,0.7561702728271484,18.0
20,600,Free,2,21,1,1,3.26900053024292,0.7074294686317444,1.8088396787643433,0.6736332178115845,25.0
20,600,Free,2,21,1,2,3.6735219955444336,0.7161096930503845,1.8050296306610107,0.7229323387145996,40.0
20,600,Free,2,21,1,3,2.978513240814209,0.7619708776473999,1.8372515439987183,0.5996438264846802,31.0
20,600,Free,2,22,0,0,0.03083980083465576,0.5064153671264648,-0.8889867067337036,0.6449301838874817,22.0
20,600,Free,2,22,0,1,-0.050605952739715576,0.45367151498794556,-0.8697680234909058,0.6435735821723938,15.0
20,600,Free,2,22,0,2,0.06752771139144897,0.4396790862083435,-0.8954798579216003,0.6865450739860535,32.0
20,600,Free,2,22,0,3,0.24607670307159424,0.4318124055862427,-0.8841598033905029,0.7235602736473083,34.0
20,600,Free,2,22,1,0,3.0932068824768066,1.6059688329696655,-0.9642770886421204,0.7164329290390015,28.0
20,600,Free,2,22,1,1,2.769551992416382,1.6061311960220337,-0.9446402788162231,0.6981140375137329,16.0
20,600,Free,2,22,1,2,2.637209892272949,1.646965503692627,-0.9736312627792358,0.6867581009864807,38.0
20,600,Free,2,22,1,3,2.8790688514709473,1.7992563247680664,-0.9015507102012634,0.677545428276062,23.0
20,600,Free,2,23,0,0,3.1784818172454834,0.9647926688194275,1.7228055000305176,0.6014025807380676,18.0
20,600,Free,2,23,0,1,2.639061212539673,0.8413395881652832,1.735063076019287,0.5179502367973328,28.0
20,600,Free,2,23,0,2,3.1238057613372803,1.1173948049545288,1.716933012008667,0.5573389530181885,18.0
20,600,Free,2,23,0,3,3.1010241508483887,1.0992786884307861,1.7541612386703491,0.5506070852279663,24.0
20,600,Free,2,23,1,0,2.1201882362365723,1.1550928354263306,0.16971535980701447,0.6280572414398193,19.0
20,600,Free,2,23,1,1,2.3148772716522217,1.0646350383758545,0.08907681703567505,0.6764455437660217,16.0
20,600,Free,2,23,1,2,1.8283836841583252,1.3298261165618896,0.14771459996700287,0.5582699775695801,17.0
20,600,Free,2,23,1,3,1.9414035081863403,1.290113091468811,0.11132299900054932,0.5865278244018555,22.0
20,600,Free,2,24,0,0,7.536741256713867,14.704553604125977,1.6872421503067017,0.28459101915359497,14.0
20,600,Free,2,24,0,1,6.957164764404297,13.632166862487793,1.768666386604309,0.27568092942237854,13.0
20,600,Free,2,24,0,2,7.454995155334473,13.140746116638184,1.6893454790115356,0.30495762825012207,31.0
20,600,Free,2,24,0,3,5.857394218444824,12.997657775878906,1.7628228664398193,0.23955747485160828,14.0
20,600,Free,2,24,1,0,4.170969009399414,9.424784660339355,-0.8274509310722351,0.3465540409088135,36.0
20,600,Free,2,24,1,1,3.1101577281951904,8.309900283813477,-0.8570705652236938,0.3231397569179535,14.0
20,600,Free,2,24,1,2,2.754803419113159,8.283843994140625,-0.8755887746810913,0.30471041798591614,21.0
20,600,Free,2,24,1,3,4.859530448913574,9.101405143737793,-0.8131400346755981,0.38396114110946655,20.0
20,600,Free,2,25,0,0,3.3367128372192383,7.056754112243652,0.3348639905452728,0.2984359562397003,13.0
20,600,Free,2,25,0,1,4.068171977996826,7.488734245300293,0.4105290174484253,0.3281463384628296,24.0
20,600,Free,2,25,0,2,3.6948890686035156,7.149936199188232,0.3395519256591797,0.319395512342453,17.0
20,600,Free,2,25,0,3,2.6363768577575684,7.779839992523193,0.33399659395217896,0.22836044430732727,21.0
20,600,Free,2,25,1,0,15.610319137573242,17.27365493774414,1.9311013221740723,0.4419369399547577,30.0
20,600,Free,2,25,1,1,12.766303062438965,17.58244514465332,2.1698827743530273,0.3760414123535156,25.0
20,600,Free,2,25,1,2,12.769890785217285,16.25438117980957,1.957157015800476,0.39947861433029175,17.0
20,600,Free,2,25,1,3,13.68411922454834,16.154218673706055,1.917163610458374,0.42143481969833374,23.0
20,600,Free,2,26,0,0,4.9614458084106445,5.081254482269287,2.035858392715454,0.36538591980934143,19.0
20,600,Free,2,26,0,1,4.402622699737549,5.66759729385376,1.9483470916748047,0.3021810054779053,45.0
20,600,Free,2,26,0,2,4.670346260070801,5.896852970123291,1.977365493774414,0.31350791454315186,22.0
20,600,Free,2,26,0,3,4.915213584899902,4.9379048347473145,1.9813681840896606,0.3727056086063385,25.0
20,600,Free,2,26,1,0,3.215507745742798,8.226086616516113,-0.07827925682067871,0.2859221398830414,24.0
20,600,Free,2,26,1,1,3.2463724613189697,6.616435527801514,-0.09584133327007294,0.33560916781425476,16.0
20,600,Free,2,26,1,2,4.035042762756348,6.833752155303955,-0.11104728281497955,0.3776092529296875,24.0
20,600,Free,2,26,1,3,4.174732685089111,9.178091049194336,-0.11030136048793793,0.31827932596206665,25.0
20,600,Free,2,27,0,0,8.455286026000977,11.207701683044434,0.43422120809555054,0.4171387851238251,28.0
20,600,Free,2,27,0,1,6.1298675537109375,13.828453063964844,0.3510505259037018,0.29472827911376953,28.0
20,600,Free,2,27,0,2,8.379063606262207,12.952614784240723,0.3974566161632538,0.38127076625823975,29.0
20,600,Free,2,27,0,3,6.290949821472168,16.82368278503418,0.42010074853897095,0.2586900293827057,13.0
20,600,Free,2,27,1,0,35.09771728515625,55.90448760986328,2.6844234466552734,0.3670075535774231,18.0
20,600,Free,2,27,1,1,15.824234962463379,56.84152603149414,2.587372064590454,0.18888652324676514,13.0
20,600,Free,2,27,1,2,17.342388153076172,59.06072235107422,2.4770960807800293,0.20108337700366974,9.0
20,600,Free,2,27,1,3,31.87176513671875,47.63705062866211,2.6811976432800293,0.3799488842487335,9.0
20,600,Free,2,28,0,0,13.597496032714844,15.6506986618042,1.8890836238861084,0.42795297503471375,32.0
20,600,Free,2,28,0,1,14.634281158447266,23.79452133178711,1.8841452598571777,0.3488919138908386,24.0
20,600,Free,2,28,0,2,8.162862777709961,16.50300407409668,1.9521833658218384,0.2734333872795105,39.0
20,600,Free,2,28,0,3,11.917947769165039,17.526451110839844,1.9919992685317993,0.36156943440437317,27.0
20,600,Free,2,28,1,0,16.721824645996094,38.26494598388672,-0.1506582498550415,0.3060077726840973,32.0
20,600,Free,2,28,1,1,12.063434600830078,28.64645767211914,-0.19632482528686523,0.29970407485961914,30.0
20,600,Free,2,28,1,2,16.14695930480957,28.630977630615234,-0.15701723098754883,0.3628350496292114,28.0
20,600,Free,2,28,1,3,19.622005462646484,28.10676383972168,-0.23131299018859863,0.41395506262779236,27.0
20,600,Free,2,29,0,0,4.0412797927856445,7.7016754150390625,1.628229022026062,0.23856806755065918,13.0
20,600,Free,2,29,0,1,4.44003963470459,6.0910186767578125,1.6520614624023438,0.31399697065353394,23.0
20,600,Free,2,29,0,2,4.409505844116211,6.3205790519714355,1.6104775667190552,0.3069242238998413,9.0
20,600,Free,2,29,0,3,5.632015228271484,7.569104194641113,1.6043726205825806,0.3473079800605774,12.0
20,600,Free,2,29,1,0,24.078847885131836,34.626529693603516,1.1514335870742798,0.3983638882637024,32.0
20,600,Free,2,29,1,1,18.49764060974121,39.91794204711914,1.0503062009811401,0.3041445016860962,30.0
20,600,Free,2,29,1,2,13.89561653137207,38.33272171020508,1.0475529432296753,0.2510329484939575,35.0
20,600,Free,2,29,1,3,29.32299041748047,39.90948486328125,0.7541806101799011,0.4171951115131378,28.0
20,600,Free,2,30,0,0,5.677286624908447,8.866581916809082,-0.1866132616996765,0.3980793058872223,13.0
20,600,Free,2,30,0,1,4.888853549957275,9.127816200256348,-0.1621062159538269,0.3562338352203369,17.0
20,600,Free,2,30,0,2,3.956131935119629,9.754300117492676,-0.18054485321044922,0.29779595136642456,14.0
20,600,Free,2,30,0,3,6.030056476593018,8.333584785461426,-0.1893954873085022,0.4273645579814911,17.0
20,600,Free,2,30,1,0,5.2399396896362305,5.587198734283447,0.027776122093200684,0.4826362431049347,26.0
20,600,Free,2,30,1,1,3.3414108753204346,7.024877071380615,0.035475194454193115,0.32000732421875,16.0
20,600,Free,2,30,1,2,6.3470563888549805,6.805996417999268,0.05080139636993408,0.48054754734039307,27.0
20,600,Free,2,30,1,3,4.630431652069092,5.926782608032227,0.04653310775756836,0.43611812591552734,18.0
20,600,Free,2,31,0,0,8.91069507598877,13.676833152770996,-0.6554387807846069,0.41157108545303345,10.0
20,600,Free,2,31,0,1,6.062234878540039,14.595147132873535,-0.6313443183898926,0.3144189715385437,17.0
20,600,Free,2,31,0,2,9.36136245727539,15.292593955993652,-0.641127347946167,0.39543217420578003,8.0
20,600,Free,2,31,0,3,4.750014781951904,12.39830207824707,-0.6133472919464111,0.30196282267570496,13.0
20,600,Free,2,31,1,0,1.031912088394165,5.694676399230957,-2.547027111053467,0.3859270513057709,18.0
20,600,Free,2,31,1,1,1.4118194580078125,5.221517562866211,-2.567355155944824,0.4324864447116852,29.0
20,600,Free,2,31,1,2,0.6384313106536865,6.573269844055176,-2.5590035915374756,0.32724711298942566,28.0
20,600,Free,2,31,1,3,1.8410489559173584,7.158634662628174,-2.555541515350342,0.38048502802848816,16.0
20,600,Free,2,32,0,0,3.1538124084472656,2.5002408027648926,1.4080016613006592,0.41116100549697876,23.0
20,600,Free,2,32,0,1,3.2380013465881348,2.2709829807281494,1.413256049156189,0.4455240070819855,27.0
20,600,Free,2,32,0,2,3.2275748252868652,2.577956438064575,1.4229425191879272,0.411773145198822,14.0
20,600,Free,2,32,0,3,3.0142459869384766,2.5448927879333496,1.4075727462768555,0.38700413703918457,33.0
20,600,Free,2,32,1,0,0.42813873291015625,2.9825477600097656,-1.5030447244644165,0.3930177092552185,21.0
20,600,Free,2,32,1,1,0.8264865875244141,2.9103167057037354,-1.5486314296722412,0.449370414018631,22.0
20,600,Free,2,32,1,2,0.05680835247039795,2.5336246490478516,-1.529837727546692,0.3850829601287842,24.0
20,600,Free,2,32,1,3,0.44178831577301025,2.8829240798950195,-1.5291187763214111,0.4060518741607666,12.0
20,600,Free,2,33,0,0,14.345513343811035,20.304180145263672,-0.7489213943481445,0.4264131486415863,35.0
20,600,Free,2,33,0,1,12.549213409423828,23.083744049072266,-0.7745953798294067,0.36596277356147766,24.0
20,600,Free,2,33,0,2,13.271303176879883,20.107921600341797,-0.7877584099769592,0.4114809036254883,18.0
20,600,Free,2,33,0,3,10.19975471496582,26.193866729736328,-0.7726669311523438,0.2952251136302948,14.0
20,600,Free,2,33,1,0,10.56872844696045,24.240367889404297,-1.6791304349899292,0.3356660306453705,13.0
20,600,Free,2,33,1,1,15.7715425491333,21.415924072265625,-1.570863962173462,0.44744977355003357,19.0
20,600,Free,2,33,1,2,6.4267730712890625,25.541242599487305,-1.6993178129196167,0.2413642704486847,22.0
20,600,Free,2,33,1,3,7.065814971923828,24.27254295349121,-1.6410704851150513,0.26400959491729736,15.0
20,600,Free,2,34,0,0,10.132965087890625,20.531143188476562,-0.7756582498550415,0.34696897864341736,12.0
20,600,Free,2,34,0,1,10.871257781982422,16.715139389038086,-0.7969855666160583,0.41109418869018555,24.0
20,600,Free,2,34,0,2,7.772588729858398,20.88313865661621,-0.7914168834686279,0.29082638025283813,17.0
20,600,Free,2,34,0,3,7.215791702270508,17.5349178314209,-0.765557587146759,0.3127945363521576,22.0
20,600,Free,2,34,1,0,12.669550895690918,23.47088623046875,-1.333535075187683,0.37367498874664307,25.0
20,600,Free,2,34,1,1,12.413495063781738,24.515729904174805,-1.3608887195587158,0.3597373366355896,21.0
20,600,Free,2,34,1,2,12.840325355529785,19.179487228393555,-1.3239701986312866,0.4247956871986389,28.0
20,600,Free,2,34,1,3,11.239214897155762,17.14470672607422,-1.3695615530014038,0.423774778842926,40.0
20,600,Free,2,35,0,0,10.644721984863281,24.645944595336914,-0.31973588466644287,0.30790039896965027,13.0
20,600,Free,2,35,0,1,11.737405776977539,26.280908584594727,-0.4192809462547302,0.31627073884010315,7.0
20,600,Free,2,35,0,2,12.874576568603516,27.900562286376953,-0.30296945571899414,0.32079243659973145,13.0
20,600,Free,2,35,0,3,15.302297592163086,28.03215217590332,-0.3028434216976166,0.35761019587516785,10.0
20,600,Free,2,35,1,0,8.239784240722656,7.373059272766113,1.2578080892562866,0.48637819290161133,29.0
20,600,Free,2,35,1,1,6.9686994552612305,10.052597999572754,1.2978581190109253,0.3606616258621216,27.0
20,600,Free,2,35,1,2,4.019465446472168,10.155313491821289,1.2754886150360107,0.21272307634353638,27.0
20,600,Free,2,35,1,3,5.452553749084473,8.216976165771484,1.3181287050247192,0.3347333073616028,36.0
