dimension,budget,method,nfe,mean_log_error,trajectories
10,300,no_residual,1,5.355046451660831,360
10,300,no_residual,2,5.043361592707799,360
10,300,no_residual,3,4.892504984627517,360
10,300,no_residual,4,4.757554144546478,360
10,300,no_residual,5,4.681034897388676,360
10,300,no_residual,6,4.621933075398229,360
10,300,no_residual,7,4.5622986267012235,360
10,300,no_residual,8,4.5253239794184354,360
10,300,no_residual,9,4.484124441610505,360
10,300,no_residual,10,4.457498266002158,360
10,300,no_residual,11,4.43210901079038,360
10,300,no_residual,12,4.4164150127671515,360
10,300,no_residual,13,4.378880048603166,360
10,300,no_residual,14,4.350612355340005,360
10,300,no_residual,15,4.325368147379465,360
10,300,no_residual,16,4.299233135434518,360
10,300,no_residual,17,4.261872682642188,360
10,300,no_residual,18,4.24179792265092,360
10,300,no_residual,19,4.213938177380962,360
10,300,no_residual,20,4.161368302730114,360
10,300,no_residual,21,4.1327655422424066,360
10,300,no_residual,22,4.122297113197699,360
10,300,no_residual,23,4.108981246495206,360
10,300,no_residual,24,4.097540157977494,360
10,300,no_residual,25,4.078992858772899,360
10,300,no_residual,26,4.067731723896262,360
10,300,no_residual,27,4.057015974128458,360
10,300,no_residual,28,4.045322080717523,360
10,300,no_residual,29,4.037168862219892,360
10,300,no_residual,30,4.0253753598691535,360
10,300,no_residual,31,4.0223747676290085,360
10,300,no_residual,32,4.021161851905743,360
10,300,no_residual,33,4.009088459054662,360
10,300,no_residual,34,4.001935256150315,360
10,300,no_residual,35,4.001220273856694,360
10,300,no_residual,36,3.9986552887639735,360
10,300,no_residual,37,3.9805859674994624,360
10,300,no_residual,38,3.9741836711900502,360
10,300,no_residual,39,3.962836733601212,360
10,300,no_residual,40,3.9580656539936725,360
10,300,no_residual,41,3.9545080559829153,360
10,300,no_residual,42,3.945410474573676,360
10,300,no_residual,43,3.9386338135570726,360
10,300,no_residual,44,3.936769783735801,360
10,300,no_residual,45,3.93577632809673,360
10,300,no_residual,46,3.9336903331084456,360
10,300,no_residual,47,3.9304443239283553,360
10,300,no_residual,48,3.9271271523739335,360
10,300,no_residual,49,3.925016920526542,360
10,300,no_residual,50,3.9183015213686265,360
10,300,no_residual,51,3.9143712258620496,360
10,300,no_residual,52,3.907263657948862,360
10,300,no_residual,53,3.9057913809261584,360
10,300,no_residual,54,3.9014362557652724,360
10,300,no_residual,55,3.898484490114793,360
10,300,no_residual,56,3.8907345296580687,360
10,300,no_residual,57,3.885660025328641,360
10,300,no_residual,58,3.88094167843794,360
10,300,no_residual,59,3.879929892592021,360
10,300,no_residual,60,3.8753778593863366,360
10,300,no_residual,61,3.8642163578348647,360
10,300,no_residual,62,3.8572001904875,360
10,300,no_residual,63,3.8555642438988826,360
10,300,no_residual,64,3.85032445519067,360
10,300,no_residual,65,3.846120902454891,360
10,300,no_residual,66,3.844622812355512,360
10,300,no_residual,67,3.8434707028354014,360
10,300,no_residual,68,3.835766791639661,360
10,300,no_residual,69,3.822903748078236,360
10,300,no_residual,70,3.811981813974148,360
10,300,no_residual,71,3.8043265284930987,360
10,300,no_residual,72,3.800695601364347,360
10,300,no_residual,73,3.8006574685216497,360
10,300,no_residual,74,3.788683612926058,360
10,300,no_residual,75,3.7775508146316223,360
10,300,no_residual,76,3.776335872242789,360
10,300,no_residual,77,3.7720061383010477,360
10,300,no_residual,78,3.770859601095697,360
10,300,no_residual,79,3.7678903849455265,360
10,300,no_residual,80,3.76618672818751,360
10,300,no_residual,81,3.7620326070070216,360
10,300,no_residual,82,3.7609163762564504,360
10,300,no_residual,83,3.760406853989477,360
10,300,no_residual,84,3.7548901243356108,360
10,300,no_residual,85,3.7509423881177453,360
10,300,no_residual,86,3.747114313898576,360
10,300,no_residual,87,3.74278071107913,360
10,300,no_residual,88,3.741816815966318,360
10,300,no_residual,89,3.739974480647621,360
10,300,no_residual,90,3.7380054993291894,360
10,300,no_residual,91,3.7313885278217356,360
10,300,no_residual,92,3.7309750446381997,360
10,300,no_residual,93,3.7269856043582914,360
10,300,no_residual,94,3.72214150042124,360
10,300,no_residual,95,3.7067543742675357,360
10,300,no_residual,96,3.7054190525348836,360
10,300,no_residual,97,3.705272213120494,360
10,300,no_residual,98,3.7033583990017096,360
10,300,no_residual,99,3.7021046527601786,360
10,300,no_residual,100,3.701405368855803,360
10,300,no_residual,101,3.684097246763885,360
10,300,no_residual,102,3.679685823425334,360
10,300,no_residual,103,3.669901180022556,360
10,300,no_residual,104,3.6658642938178128,360
10,300,no_residual,105,3.6589113687289823,360
10,300,no_residual,106,3.656894685589944,360
10,300,no_residual,107,3.6531078698316133,360
10,300,no_residual,108,3.6494834695614693,360
10,300,no_residual,109,3.645154069687385,360
10,300,no_residual,110,3.621875132802939,360
10,300,no_residual,111,3.619941118760375,360
10,300,no_residual,112,3.6113423512729343,360
10,300,no_residual,113,3.6060516696615195,360
10,300,no_residual,114,3.5877309756374776,360
10,300,no_residual,115,3.5842507505331294,360
10,300,no_residual,116,3.577362110576742,360
10,300,no_residual,117,3.5752984529919662,360
10,300,no_residual,118,3.5638751470729533,360
10,300,no_residual,119,3.5620691623698666,360
10,300,no_residual,120,3.551105375301097,360
10,300,no_residual,121,3.5488566917158235,360
10,300,no_residual,122,3.541408583703415,360
10,300,no_residual,123,3.537625222752937,360
10,300,no_residual,124,3.529836402855326,360
10,300,no_residual,125,3.527851445402027,360
10,300,no_residual,126,3.5200395528935307,360
10,300,no_residual,127,3.5168529015758487,360
10,300,no_residual,128,3.50233336791086,360
10,300,no_residual,129,3.499735646647639,360
10,300,no_residual,130,3.489358035480768,360
10,300,no_residual,131,3.487160139897017,360
10,300,no_residual,132,3.4835574971306587,360
10,300,no_residual,133,3.4813933830631294,360
10,300,no_residual,134,3.4762936150724095,360
10,300,no_residual,135,3.4745333435088055,360
10,300,no_residual,136,3.4596596549279295,360
10,300,no_residual,137,3.4577722545334195,360
10,300,no_residual,138,3.440859466301353,360
10,300,no_residual,139,3.4377285788976653,360
10,300,no_residual,140,3.430008659235669,360
10,300,no_residual,141,3.4283082874885813,360
10,300,no_residual,142,3.4157886968322564,360
10,300,no_residual,143,3.4141169424255446,360
10,300,no_residual,144,3.40240869807272,360
10,300,no_residual,145,3.39963616064751,360
10,300,no_residual,146,3.385084499623209,360
10,300,no_residual,147,3.3821660352975047,360
10,300,no_residual,148,3.373988494919005,360
10,300,no_residual,149,3.371335225684127,360
10,300,no_residual,150,3.356868293598221,360
10,300,no_residual,151,3.35615997072052,360
10,300,no_residual,152,3.345299638682352,360
10,300,no_residual,153,3.340453116558861,360
10,300,no_residual,154,3.331335564834074,360
10,300,no_residual,155,3.326349779839378,360
10,300,no_residual,156,3.3195894472444594,360
10,300,no_residual,157,3.318027577835608,360
10,300,no_residual,158,3.2950283948173777,360
10,300,no_residual,159,3.289197282114697,360
10,300,no_residual,160,3.2773951842756635,360
10,300,no_residual,161,3.2737939606676356,360
10,300,no_residual,162,3.2675844761544024,360
10,300,no_residual,163,3.264844034111217,360
10,300,no_residual,164,3.2564968004082595,360
10,300,no_residual,165,3.2390831253063355,360
10,300,no_residual,166,3.2284740205709537,360
10,300,no_residual,167,3.2256785183790577,360
10,300,no_residual,168,3.1999856971613623,360
10,300,no_residual,169,3.1867612415323996,360
10,300,no_residual,170,3.1786854821119004,360
10,300,no_residual,171,3.172550887304731,360
10,300,no_residual,172,3.1625096839518125,360
10,300,no_residual,173,3.1587781640815495,360
10,300,no_residual,174,3.1482305218932543,360
10,300,no_residual,175,3.1447944169364725,360
10,300,no_residual,176,3.1404052630425268,360
10,300,no_residual,177,3.132217428053271,360
10,300,no_residual,178,3.123379584700773,360
10,300,no_residual,179,3.108513946360856,360
10,300,no_residual,180,3.0890196496910307,360
10,300,no_residual,181,3.087981545850778,360
10,300,no_residual,182,3.084745545297095,360
10,300,no_residual,183,3.0800774085065177,360
10,300,no_residual,184,3.075535402418035,360
10,300,no_residual,185,3.0696447261677324,360
10,300,no_residual,186,3.059113362200082,360
10,300,no_residual,187,3.0529255940733226,360
10,300,no_residual,188,3.048782575354302,360
10,300,no_residual,189,3.0432209512608583,360
10,300,no_residual,190,3.0294278014330582,360
10,300,no_residual,191,3.02829314269108,360
10,300,no_residual,192,3.025164666709866,360
10,300,no_residual,193,3.0232924009910267,360
10,300,no_residual,194,3.0145658721961137,360
10,300,no_residual,195,2.9984717759749695,360
10,300,no_residual,196,2.9922718608966608,360
10,300,no_residual,197,2.98921194737937,360
10,300,no_residual,198,2.9752030657129365,360
10,300,no_residual,199,2.970685081954215,360
10,300,no_residual,200,2.966349113707914,360
10,300,no_residual,201,2.9644452362088023,360
10,300,no_residual,202,2.956975704678929,360
10,300,no_residual,203,2.9559907336458893,360
10,300,no_residual,204,2.9518552471894752,360
10,300,no_residual,205,2.949814364032087,360
10,300,no_residual,206,2.9433785884708374,360
10,300,no_residual,207,2.9366153366292753,360
10,300,no_residual,208,2.932448552156021,360
10,300,no_residual,209,2.931490987581308,360
10,300,no_residual,210,2.927979697192788,360
10,300,no_residual,211,2.9261844980482663,360
10,300,no_residual,212,2.9232219054016175,360
10,300,no_residual,213,2.9200394558303833,360
10,300,no_residual,214,2.9171230203272693,360
10,300,no_residual,215,2.9128720049353825,360
10,300,no_residual,216,2.9090062757268655,360
10,300,no_residual,217,2.907737899481982,360
10,300,no_residual,218,2.9035136180082426,360
10,300,no_residual,219,2.9018850816543114,360
10,300,no_residual,220,2.8951769303008437,360
10,300,no_residual,221,2.8786357043145228,360
10,300,no_residual,222,2.875590305224972,360
10,300,no_residual,223,2.874847654810115,360
10,300,no_residual,224,2.869232785862654,360
10,300,no_residual,225,2.866533897975779,360
10,300,no_residual,226,2.8404012704103994,360
10,300,no_residual,227,2.8312607644855055,360
10,300,no_residual,228,2.8189771741467315,360
10,300,no_residual,229,2.8185508215764785,360
10,300,no_residual,230,2.809922331879087,360
10,300,no_residual,231,2.7914777379138545,360
10,300,no_residual,232,2.7856527921970784,360
10,300,no_residual,233,2.784133734366096,360
10,300,no_residual,234,2.773700972821771,360
10,300,no_residual,235,2.7725757166818155,360
10,300,no_residual,236,2.7694833374848002,360
10,300,no_residual,237,2.768277050587759,360
10,300,no_residual,238,2.7618028520469413,360
10,300,no_residual,239,2.754254963019371,360
10,300,no_residual,240,2.7468653376759455,360
10,300,no_residual,241,2.7458689757705455,360
10,300,no_residual,242,2.740618195409381,360
10,300,no_residual,243,2.74016540519107,360
10,300,no_residual,244,2.7365524430270316,360
10,300,no_residual,245,2.7364891888939127,360
10,300,no_residual,246,2.7227500655230243,360
10,300,no_residual,247,2.72123104241374,360
10,300,no_residual,248,2.713660757508997,360
10,300,no_residual,249,2.7129490058041847,360
10,300,no_residual,250,2.7094491057199397,360
10,300,no_residual,251,2.709304563071515,360
10,300,no_residual,252,2.6937920884429856,360
10,300,no_residual,253,2.6930462038391014,360
10,300,no_residual,254,2.6879333699276993,360
10,300,no_residual,255,2.6804675282934043,360
10,300,no_residual,256,2.673887104371564,360
10,300,no_residual,257,2.673807931275845,360
10,300,no_residual,258,2.6663927145527913,360
10,300,no_residual,259,2.6661447688255495,360
10,300,no_residual,260,2.643234785494663,360
10,300,no_residual,261,2.638760855943464,360
10,300,no_residual,262,2.631369452435948,360
10,300,no_residual,263,2.624368820515053,360
10,300,no_residual,264,2.6114247276249354,360
10,300,no_residual,265,2.5905594109521735,360
10,300,no_residual,266,2.5717738710109717,360
10,300,no_residual,267,2.571383061235444,360
10,300,no_residual,268,2.557215330998476,360
10,300,no_residual,269,2.557211009543554,360
10,300,no_residual,270,2.54974529160915,360
10,300,no_residual,271,2.5492335526159944,360
10,300,no_residual,272,2.534512925962914,360
10,300,no_residual,273,2.5343988824137393,360
10,300,no_residual,274,2.522337646865324,360
10,300,no_residual,275,2.5219374271373884,360
10,300,no_residual,276,2.510271821284449,360
10,300,no_residual,277,2.508585328985189,360
10,300,no_residual,278,2.4990708809375595,360
10,300,no_residual,279,2.499022757549124,360
10,300,no_residual,280,2.4859245816851803,360
10,300,no_residual,281,2.481837432635094,360
10,300,no_residual,282,2.455997749120534,360
10,300,no_residual,283,2.4547930815629386,360
10,300,no_residual,284,2.4449805884952425,360
10,300,no_residual,285,2.44320876483424,360
10,300,no_residual,286,2.4374212926497605,360
10,300,no_residual,287,2.4374116549111045,360
10,300,no_residual,288,2.429630279277891,360
10,300,no_residual,289,2.429183340112579,360
10,300,no_residual,290,2.4142426870741076,360
10,300,no_residual,291,2.413576049586573,360
10,300,no_residual,292,2.3966721117086034,360
10,300,no_residual,293,2.3961225901051386,360
10,300,no_residual,294,2.379783551888982,360
10,300,no_residual,295,2.379783551888982,360
10,300,no_residual,296,2.37577090893489,360
10,300,no_residual,297,2.37577090893489,360
10,300,no_residual,298,2.3608257775345103,360
10,300,no_residual,299,2.3604362707221243,360
10,300,no_residual,300,2.3508488558389273,360
10,300,anchor_only,1,5.355046451660831,360
10,300,anchor_only,2,5.043361592707799,360
10,300,anchor_only,3,4.892504984627517,360
10,300,anchor_only,4,4.757554144546478,360
10,300,anchor_only,5,4.681034897388676,360
10,300,anchor_only,6,4.621933075398229,360
10,300,anchor_only,7,4.5622986267012235,360
10,300,anchor_only,8,4.5253239794184354,360
10,300,anchor_only,9,4.484124441610505,360
10,300,anchor_only,10,4.457498266002158,360
10,300,anchor_only,11,4.43210901079038,360
10,300,anchor_only,12,4.4164150127671515,360
10,300,anchor_only,13,4.378880048603166,360
10,300,anchor_only,14,4.350612355340005,360
10,300,anchor_only,15,4.325368147379465,360
10,300,anchor_only,16,4.299233135434518,360
10,300,anchor_only,17,4.261872682642188,360
10,300,anchor_only,18,4.24179792265092,360
10,300,anchor_only,19,4.213938177380962,360
10,300,anchor_only,20,4.161368302730114,360
10,300,anchor_only,21,4.1327655422424066,360
10,300,anchor_only,22,4.122297113197699,360
10,300,anchor_only,23,4.108981246495206,360
10,300,anchor_only,24,4.097540157977494,360
10,300,anchor_only,25,4.078992858772899,360
10,300,anchor_only,26,4.067731723896262,360
10,300,anchor_only,27,4.057015974128458,360
10,300,anchor_only,28,4.045322080717523,360
10,300,anchor_only,29,4.037168862219892,360
10,300,anchor_only,30,4.0253753598691535,360
10,300,anchor_only,31,4.0223747676290085,360
10,300,anchor_only,32,4.021161851905743,360
10,300,anchor_only,33,4.009088459054662,360
10,300,anchor_only,34,4.001935256150315,360
10,300,anchor_only,35,4.001220273856694,360
10,300,anchor_only,36,3.9986552887639735,360
10,300,anchor_only,37,3.9805859674994624,360
10,300,anchor_only,38,3.9741836711900502,360
10,300,anchor_only,39,3.962836733601212,360
10,300,anchor_only,40,3.9580656539936725,360
10,300,anchor_only,41,3.9545080559829153,360
10,300,anchor_only,42,3.945410474573676,360
10,300,anchor_only,43,3.9386338135570726,360
10,300,anchor_only,44,3.936769783735801,360
10,300,anchor_only,45,3.93577632809673,360
10,300,anchor_only,46,3.9336903331084456,360
10,300,anchor_only,47,3.9304443239283553,360
10,300,anchor_only,48,3.9271271523739335,360
10,300,anchor_only,49,3.925016920526542,360
10,300,anchor_only,50,3.9183015213686265,360
10,300,anchor_only,51,3.9143712258620496,360
10,300,anchor_only,52,3.907263657948862,360
10,300,anchor_only,53,3.9057913809261584,360
10,300,anchor_only,54,3.9014362557652724,360
10,300,anchor_only,55,3.898484490114793,360
10,300,anchor_only,56,3.8907345296580687,360
10,300,anchor_only,57,3.885660025328641,360
10,300,anchor_only,58,3.88094167843794,360
10,300,anchor_only,59,3.879929892592021,360
10,300,anchor_only,60,3.8753778593863366,360
10,300,anchor_only,61,3.8642163578348647,360
10,300,anchor_only,62,3.8572001904875,360
10,300,anchor_only,63,3.8555642438988826,360
10,300,anchor_only,64,3.85032445519067,360
10,300,anchor_only,65,3.846120902454891,360
10,300,anchor_only,66,3.844622812355512,360
10,300,anchor_only,67,3.8434707028354014,360
10,300,anchor_only,68,3.835766791639661,360
10,300,anchor_only,69,3.822903748078236,360
10,300,anchor_only,70,3.811981813974148,360
10,300,anchor_only,71,3.8043265284930987,360
10,300,anchor_only,72,3.800695601364347,360
10,300,anchor_only,73,3.8006574685216497,360
10,300,anchor_only,74,3.788683612926058,360
10,300,anchor_only,75,3.7775508146316223,360
10,300,anchor_only,76,3.776335872242789,360
10,300,anchor_only,77,3.7720061383010477,360
10,300,anchor_only,78,3.770859601095697,360
10,300,anchor_only,79,3.7678903849455265,360
10,300,anchor_only,80,3.76618672818751,360
10,300,anchor_only,81,3.7620326070070216,360
10,300,anchor_only,82,3.7609163762564504,360
10,300,anchor_only,83,3.760406853989477,360
10,300,anchor_only,84,3.7548901243356108,360
10,300,anchor_only,85,3.7509423881177453,360
10,300,anchor_only,86,3.747114313898576,360
10,300,anchor_only,87,3.74278071107913,360
10,300,anchor_only,88,3.741816815966318,360
10,300,anchor_only,89,3.739974480647621,360
10,300,anchor_only,90,3.7380054993291894,360
10,300,anchor_only,91,3.7313885278217356,360
10,300,anchor_only,92,3.7309750446381997,360
10,300,anchor_only,93,3.7269856043582914,360
10,300,anchor_only,94,3.72214150042124,360
10,300,anchor_only,95,3.7067543742675357,360
10,300,anchor_only,96,3.7054190525348836,360
10,300,anchor_only,97,3.705272213120494,360
10,300,anchor_only,98,3.7033583990017096,360
10,300,anchor_only,99,3.7021046527601786,360
10,300,anchor_only,100,3.701405368855803,360
10,300,anchor_only,101,3.684097246763885,360
10,300,anchor_only,102,3.679685823425334,360
10,300,anchor_only,103,3.669901180022556,360
10,300,anchor_only,104,3.6658642938178128,360
10,300,anchor_only,105,3.6589113687289823,360
10,300,anchor_only,106,3.656894685589944,360
10,300,anchor_only,107,3.6531078698316133,360
10,300,anchor_only,108,3.6494834695614693,360
10,300,anchor_only,109,3.645154069687385,360
10,300,anchor_only,110,3.6440924966356563,360
10,300,anchor_only,111,3.639712420773335,360
10,300,anchor_only,112,3.638015130851478,360
10,300,anchor_only,113,3.6338542087605847,360
10,300,anchor_only,114,3.6328968131041637,360
10,300,anchor_only,115,3.631877724480535,360
10,300,anchor_only,116,3.6315625123535513,360
10,300,anchor_only,117,3.6276087239000003,360
10,300,anchor_only,118,3.626436435547474,360
10,300,anchor_only,119,3.624203293154927,360
10,300,anchor_only,120,3.6240739507550015,360
10,300,anchor_only,121,3.619053828689336,360
10,300,anchor_only,122,3.618084586089281,360
10,300,anchor_only,123,3.6149083770883963,360
10,300,anchor_only,124,3.612537468694052,360
10,300,anchor_only,125,3.610809887785351,360
10,300,anchor_only,126,3.6089839583792305,360
10,300,anchor_only,127,3.6060930442154464,360
10,300,anchor_only,128,3.60556421225444,360
10,300,anchor_only,129,3.603407846586915,360
10,300,anchor_only,130,3.6022059506954047,360
10,300,anchor_only,131,3.598180441322296,360
10,300,anchor_only,132,3.5965743897876483,360
10,300,anchor_only,133,3.59540717467099,360
10,300,anchor_only,134,3.595042277973279,360
10,300,anchor_only,135,3.592253234110809,360
10,300,anchor_only,136,3.5921355642675628,360
10,300,anchor_only,137,3.5903227964843594,360
10,300,anchor_only,138,3.5887434716965694,360
10,300,anchor_only,139,3.586728377559236,360
10,300,anchor_only,140,3.5858794383273183,360
10,300,anchor_only,141,3.5821932370764937,360
10,300,anchor_only,142,3.5810387530677628,360
10,300,anchor_only,143,3.576885626065344,360
10,300,anchor_only,144,3.569378370157175,360
10,300,anchor_only,145,3.5681167817755086,360
10,300,anchor_only,146,3.566966101680586,360
10,300,anchor_only,147,3.5654762533072986,360
10,300,anchor_only,148,3.563562093496953,360
10,300,anchor_only,149,3.5559633929876986,360
10,300,anchor_only,150,3.5542421737212493,360
10,300,anchor_only,151,3.5493382350677454,360
10,300,anchor_only,152,3.5455193569528314,360
10,300,anchor_only,153,3.539876365981535,360
10,300,anchor_only,154,3.5176102467683465,360
10,300,anchor_only,155,3.5139246741748544,360
10,300,anchor_only,156,3.5125643642395796,360
10,300,anchor_only,157,3.5101309943816283,360
10,300,anchor_only,158,3.507427667345944,360
10,300,anchor_only,159,3.496092164256091,360
10,300,anchor_only,160,3.4916968471259326,360
10,300,anchor_only,161,3.489280018246852,360
10,300,anchor_only,162,3.4718413021974572,360
10,300,anchor_only,163,3.460911943074776,360
10,300,anchor_only,164,3.459125607393463,360
10,300,anchor_only,165,3.4455931672387448,360
10,300,anchor_only,166,3.4418886120890275,360
10,300,anchor_only,167,3.438809782370007,360
10,300,anchor_only,168,3.430156697255079,360
10,300,anchor_only,169,3.4270515403792015,360
10,300,anchor_only,170,3.423854325540112,360
10,300,anchor_only,171,3.409281590738223,360
10,300,anchor_only,172,3.4087162840077836,360
10,300,anchor_only,173,3.4027588224889813,360
10,300,anchor_only,174,3.4007156009302086,360
10,300,anchor_only,175,3.3947049170796118,360
10,300,anchor_only,176,3.3736570451141343,360
10,300,anchor_only,177,3.367658901096158,360
10,300,anchor_only,178,3.365157953639085,360
10,300,anchor_only,179,3.3563129792001285,360
10,300,anchor_only,180,3.356308099282599,360
10,300,anchor_only,181,3.352867234343644,360
10,300,anchor_only,182,3.3508786162747555,360
10,300,anchor_only,183,3.3408431322045375,360
10,300,anchor_only,184,3.3388534924522157,360
10,300,anchor_only,185,3.3352379413937423,360
10,300,anchor_only,186,3.334286202813729,360
10,300,anchor_only,187,3.3283127738533094,360
10,300,anchor_only,188,3.3282005449032854,360
10,300,anchor_only,189,3.326296613879846,360
10,300,anchor_only,190,3.3259497814254697,360
10,300,anchor_only,191,3.3159069248421105,360
10,300,anchor_only,192,3.3147457750661684,360
10,300,anchor_only,193,3.304371392992122,360
10,300,anchor_only,194,3.304006406371677,360
10,300,anchor_only,195,3.3015531962835216,360
10,300,anchor_only,196,3.299333976203203,360
10,300,anchor_only,197,3.295986599538295,360
10,300,anchor_only,198,3.295738851343358,360
10,300,anchor_only,199,3.293005225106971,360
10,300,anchor_only,200,3.2921931561839703,360
10,300,anchor_only,201,3.285245029157537,360
10,300,anchor_only,202,3.2848894479161923,360
10,300,anchor_only,203,3.2784910980553383,360
10,300,anchor_only,204,3.2784910980553383,360
10,300,anchor_only,205,3.275297165600012,360
10,300,anchor_only,206,3.275042435997312,360
10,300,anchor_only,207,3.2715354494184483,360
10,300,anchor_only,208,3.2705206769447357,360
10,300,anchor_only,209,3.2666574691365033,360
10,300,anchor_only,210,3.2611206893928393,360
10,300,anchor_only,211,3.259811605454764,360
10,300,anchor_only,212,3.259811605454764,360
10,300,anchor_only,213,3.255702958691292,360
10,300,anchor_only,214,3.2556014948936145,360
10,300,anchor_only,215,3.247878657621463,360
10,300,anchor_only,216,3.2475698816498726,360
10,300,anchor_only,217,3.2465187136094444,360
10,300,anchor_only,218,3.2461030861507973,360
10,300,anchor_only,219,3.2453132022385,360
10,300,anchor_only,220,3.2451231205824564,360
10,300,anchor_only,221,3.2420852277508496,360
10,300,anchor_only,222,3.24206440377505,360
10,300,anchor_only,223,3.2418953742342445,360
10,300,anchor_only,224,3.241784856285299,360
10,300,anchor_only,225,3.24017042218322,360
10,300,anchor_only,226,3.24017042218322,360
10,300,anchor_only,227,3.238775145600347,360
10,300,anchor_only,228,3.2385084764288203,360
10,300,anchor_only,229,3.238001046579547,360
10,300,anchor_only,230,3.238001046579547,360
10,300,anchor_only,231,3.220646117778034,360
10,300,anchor_only,232,3.220646117778034,360
10,300,anchor_only,233,3.2173126701950316,360
10,300,anchor_only,234,3.2173126701950316,360
10,300,anchor_only,235,3.215883435081151,360
10,300,anchor_only,236,3.215866377942038,360
10,300,anchor_only,237,3.2096557215954507,360
10,300,anchor_only,238,3.2096557215954507,360
10,300,anchor_only,239,3.2082691342559477,360
10,300,anchor_only,240,3.2081888989680833,360
10,300,anchor_only,241,3.2055472660332227,360
10,300,anchor_only,242,3.2055472660332227,360
10,300,anchor_only,243,3.2038600256594503,360
10,300,anchor_only,244,3.2038600256594503,360
10,300,anchor_only,245,3.1978452616340496,360
10,300,anchor_only,246,3.1978095404216216,360
10,300,anchor_only,247,3.196829001459915,360
10,300,anchor_only,248,3.196829001459915,360
10,300,anchor_only,249,3.1964327776212986,360
10,300,anchor_only,250,3.196401132184093,360
10,300,anchor_only,251,3.196162676383674,360
10,300,anchor_only,252,3.196162676383674,360
10,300,anchor_only,253,3.184729876992716,360
10,300,anchor_only,254,3.184729876992716,360
10,300,anchor_only,255,3.1845273065039033,360
10,300,anchor_only,256,3.1844930602308503,360
10,300,anchor_only,257,3.1838167215687085,360
10,300,anchor_only,258,3.183804257133171,360
10,300,anchor_only,259,3.1824863541820365,360
10,300,anchor_only,260,3.182455744779251,360
10,300,anchor_only,261,3.1810900234402033,360
10,300,anchor_only,262,3.1810900234402033,360
10,300,anchor_only,263,3.1808215592273092,360
10,300,anchor_only,264,3.1808215592273092,360
10,300,anchor_only,265,3.1726639675891355,360
10,300,anchor_only,266,3.1726639675891355,360
10,300,anchor_only,267,3.171103080532135,360
10,300,anchor_only,268,3.171087772874133,360
10,300,anchor_only,269,3.170037823236777,360
10,300,anchor_only,270,3.170037823236777,360
10,300,anchor_only,271,3.1625451072103186,360
10,300,anchor_only,272,3.162533547863693,360
10,300,anchor_only,273,3.162040777945197,360
10,300,anchor_only,274,3.161935669972558,360
10,300,anchor_only,275,3.1553347619597516,360
10,300,anchor_only,276,3.1553347619597516,360
10,300,anchor_only,277,3.1545823797568753,360
10,300,anchor_only,278,3.1545823797568753,360
10,300,anchor_only,279,3.1540583011686523,360
10,300,anchor_only,280,3.154056095608503,360
10,300,anchor_only,281,3.153803635987443,360
10,300,anchor_only,282,3.153803635987443,360
10,300,anchor_only,283,3.152805844615239,360
10,300,anchor_only,284,3.1527394000779076,360
10,300,anchor_only,285,3.1388178447283477,360
10,300,anchor_only,286,3.1388178447283477,360
10,300,anchor_only,287,3.1327023861397896,360
10,300,anchor_only,288,3.1327023861397896,360
10,300,anchor_only,289,3.130446675866364,360
10,300,anchor_only,290,3.130446675866364,360
10,300,anchor_only,291,3.1270997295481964,360
10,300,anchor_only,292,3.1270859362493413,360
10,300,anchor_only,293,3.1225388884241028,360
10,300,anchor_only,294,3.1224164586515664,360
10,300,anchor_only,295,3.1192733183084367,360
10,300,anchor_only,296,3.1192640449436437,360
10,300,anchor_only,297,3.1037227684007247,360
10,300,anchor_only,298,3.103712378261343,360
10,300,anchor_only,299,3.10330666554147,360
10,300,anchor_only,300,3.1032574769965215,360
10,300,no_residual_score_only,1,5.355046451660831,360
10,300,no_residual_score_only,2,5.043361592707799,360
10,300,no_residual_score_only,3,4.892504984627517,360
10,300,no_residual_score_only,4,4.757554144546478,360
10,300,no_residual_score_only,5,4.681034897388676,360
10,300,no_residual_score_only,6,4.621933075398229,360
10,300,no_residual_score_only,7,4.5622986267012235,360
10,300,no_residual_score_only,8,4.5253239794184354,360
10,300,no_residual_score_only,9,4.484124441610505,360
10,300,no_residual_score_only,10,4.457498266002158,360
10,300,no_residual_score_only,11,4.43210901079038,360
10,300,no_residual_score_only,12,4.4164150127671515,360
10,300,no_residual_score_only,13,4.378880048603166,360
10,300,no_residual_score_only,14,4.350612355340005,360
10,300,no_residual_score_only,15,4.325368147379465,360
10,300,no_residual_score_only,16,4.299233135434518,360
10,300,no_residual_score_only,17,4.261872682642188,360
10,300,no_residual_score_only,18,4.24179792265092,360
10,300,no_residual_score_only,19,4.213938177380962,360
10,300,no_residual_score_only,20,4.161368302730114,360
10,300,no_residual_score_only,21,4.1327655422424066,360
10,300,no_residual_score_only,22,4.122297113197699,360
10,300,no_residual_score_only,23,4.108981246495206,360
10,300,no_residual_score_only,24,4.097540157977494,360
10,300,no_residual_score_only,25,4.078992858772899,360
10,300,no_residual_score_only,26,4.067731723896262,360
10,300,no_residual_score_only,27,4.057015974128458,360
10,300,no_residual_score_only,28,4.045322080717523,360
10,300,no_residual_score_only,29,4.037168862219892,360
10,300,no_residual_score_only,30,4.0253753598691535,360
10,300,no_residual_score_only,31,4.0223747676290085,360
10,300,no_residual_score_only,32,4.021161851905743,360
10,300,no_residual_score_only,33,4.009088459054662,360
10,300,no_residual_score_only,34,4.001935256150315,360
10,300,no_residual_score_only,35,4.001220273856694,360
10,300,no_residual_score_only,36,3.9986552887639735,360
10,300,no_residual_score_only,37,3.9805859674994624,360
10,300,no_residual_score_only,38,3.9741836711900502,360
10,300,no_residual_score_only,39,3.962836733601212,360
10,300,no_residual_score_only,40,3.9580656539936725,360
10,300,no_residual_score_only,41,3.9545080559829153,360
10,300,no_residual_score_only,42,3.945410474573676,360
10,300,no_residual_score_only,43,3.9386338135570726,360
10,300,no_residual_score_only,44,3.936769783735801,360
10,300,no_residual_score_only,45,3.93577632809673,360
10,300,no_residual_score_only,46,3.9336903331084456,360
10,300,no_residual_score_only,47,3.9304443239283553,360
10,300,no_residual_score_only,48,3.9271271523739335,360
10,300,no_residual_score_only,49,3.925016920526542,360
10,300,no_residual_score_only,50,3.9183015213686265,360
10,300,no_residual_score_only,51,3.9143712258620496,360
10,300,no_residual_score_only,52,3.907263657948862,360
10,300,no_residual_score_only,53,3.9057913809261584,360
10,300,no_residual_score_only,54,3.9014362557652724,360
10,300,no_residual_score_only,55,3.898484490114793,360
10,300,no_residual_score_only,56,3.8907345296580687,360
10,300,no_residual_score_only,57,3.885660025328641,360
10,300,no_residual_score_only,58,3.88094167843794,360
10,300,no_residual_score_only,59,3.879929892592021,360
10,300,no_residual_score_only,60,3.8753778593863366,360
10,300,no_residual_score_only,61,3.8642163578348647,360
10,300,no_residual_score_only,62,3.8572001904875,360
10,300,no_residual_score_only,63,3.8555642438988826,360
10,300,no_residual_score_only,64,3.85032445519067,360
10,300,no_residual_score_only,65,3.846120902454891,360
10,300,no_residual_score_only,66,3.844622812355512,360
10,300,no_residual_score_only,67,3.8434707028354014,360
10,300,no_residual_score_only,68,3.835766791639661,360
10,300,no_residual_score_only,69,3.822903748078236,360
10,300,no_residual_score_only,70,3.811981813974148,360
10,300,no_residual_score_only,71,3.8043265284930987,360
10,300,no_residual_score_only,72,3.800695601364347,360
10,300,no_residual_score_only,73,3.8006574685216497,360
10,300,no_residual_score_only,74,3.788683612926058,360
10,300,no_residual_score_only,75,3.7775508146316223,360
10,300,no_residual_score_only,76,3.776335872242789,360
10,300,no_residual_score_only,77,3.7720061383010477,360
10,300,no_residual_score_only,78,3.770859601095697,360
10,300,no_residual_score_only,79,3.7678903849455265,360
10,300,no_residual_score_only,80,3.76618672818751,360
10,300,no_residual_score_only,81,3.7620326070070216,360
10,300,no_residual_score_only,82,3.7609163762564504,360
10,300,no_residual_score_only,83,3.760406853989477,360
10,300,no_residual_score_only,84,3.7548901243356108,360
10,300,no_residual_score_only,85,3.7509423881177453,360
10,300,no_residual_score_only,86,3.747114313898576,360
10,300,no_residual_score_only,87,3.74278071107913,360
10,300,no_residual_score_only,88,3.741816815966318,360
10,300,no_residual_score_only,89,3.739974480647621,360
10,300,no_residual_score_only,90,3.7380054993291894,360
10,300,no_residual_score_only,91,3.7313885278217356,360
10,300,no_residual_score_only,92,3.7309750446381997,360
10,300,no_residual_score_only,93,3.7269856043582914,360
10,300,no_residual_score_only,94,3.72214150042124,360
10,300,no_residual_score_only,95,3.7067543742675357,360
10,300,no_residual_score_only,96,3.7054190525348836,360
10,300,no_residual_score_only,97,3.705272213120494,360
10,300,no_residual_score_only,98,3.7033583990017096,360
10,300,no_residual_score_only,99,3.7021046527601786,360
10,300,no_residual_score_only,100,3.701405368855803,360
10,300,no_residual_score_only,101,3.684097246763885,360
10,300,no_residual_score_only,102,3.6620212736922704,360
10,300,no_residual_score_only,103,3.650772162809456,360
10,300,no_residual_score_only,104,3.630888374907124,360
10,300,no_residual_score_only,105,3.62285601662641,360
10,300,no_residual_score_only,106,3.6133440157507533,360
10,300,no_residual_score_only,107,3.6091452374013064,360
10,300,no_residual_score_only,108,3.592515690047749,360
10,300,no_residual_score_only,109,3.5868661231527406,360
10,300,no_residual_score_only,110,3.58068706899981,360
10,300,no_residual_score_only,111,3.5776971837913996,360
10,300,no_residual_score_only,112,3.5611433832302537,360
10,300,no_residual_score_only,113,3.5584227741317735,360
10,300,no_residual_score_only,114,3.5500744033858753,360
10,300,no_residual_score_only,115,3.5483446781758556,360
10,300,no_residual_score_only,116,3.5338433005776397,360
10,300,no_residual_score_only,117,3.531146671651114,360
10,300,no_residual_score_only,118,3.524202679959208,360
10,300,no_residual_score_only,119,3.5195798723872156,360
10,300,no_residual_score_only,120,3.5129877042942104,360
10,300,no_residual_score_only,121,3.5102441794557864,360
10,300,no_residual_score_only,122,3.502000335339888,360
10,300,no_residual_score_only,123,3.498996413754643,360
10,300,no_residual_score_only,124,3.46889365749715,360
10,300,no_residual_score_only,125,3.4664455837249832,360
10,300,no_residual_score_only,126,3.446755066249848,360
10,300,no_residual_score_only,127,3.444380980591006,360
10,300,no_residual_score_only,128,3.431345160582629,360
10,300,no_residual_score_only,129,3.4282642819473406,360
10,300,no_residual_score_only,130,3.4204691990922202,360
10,300,no_residual_score_only,131,3.420178426861977,360
10,300,no_residual_score_only,132,3.417034360289094,360
10,300,no_residual_score_only,133,3.416564963920505,360
10,300,no_residual_score_only,134,3.410492861006825,360
10,300,no_residual_score_only,135,3.4078304681868334,360
10,300,no_residual_score_only,136,3.3987274347920717,360
10,300,no_residual_score_only,137,3.3970338013456596,360
10,300,no_residual_score_only,138,3.3913657609619716,360
10,300,no_residual_score_only,139,3.3889696158385982,360
10,300,no_residual_score_only,140,3.378489620261141,360
10,300,no_residual_score_only,141,3.3765723310430813,360
10,300,no_residual_score_only,142,3.371342617310087,360
10,300,no_residual_score_only,143,3.370080343434033,360
10,300,no_residual_score_only,144,3.36501489954789,360
10,300,no_residual_score_only,145,3.359764028443672,360
10,300,no_residual_score_only,146,3.357018085636634,360
10,300,no_residual_score_only,147,3.354615626643872,360
10,300,no_residual_score_only,148,3.33235673233737,360
10,300,no_residual_score_only,149,3.3309212805669968,360
10,300,no_residual_score_only,150,3.3216390853267512,360
10,300,no_residual_score_only,151,3.3195118222060365,360
10,300,no_residual_score_only,152,3.3110986690090543,360
10,300,no_residual_score_only,153,3.3041107063532795,360
10,300,no_residual_score_only,154,3.2893401364323225,360
10,300,no_residual_score_only,155,3.2873179208722934,360
10,300,no_residual_score_only,156,3.271160908536568,360
10,300,no_residual_score_only,157,3.2695878424606555,360
10,300,no_residual_score_only,158,3.252637433425188,360
10,300,no_residual_score_only,159,3.2507145196677536,360
10,300,no_residual_score_only,160,3.240261426438575,360
10,300,no_residual_score_only,161,3.2382075038154414,360
10,300,no_residual_score_only,162,3.22902805083066,360
10,300,no_residual_score_only,163,3.225693810556451,360
10,300,no_residual_score_only,164,3.2190226463646643,360
10,300,no_residual_score_only,165,3.2136603264121986,360
10,300,no_residual_score_only,166,3.210974573553642,360
10,300,no_residual_score_only,167,3.209213493124583,360
10,300,no_residual_score_only,168,3.2042569237236154,360
10,300,no_residual_score_only,169,3.2010324091970923,360
10,300,no_residual_score_only,170,3.187467723696546,360
10,300,no_residual_score_only,171,3.1785195123612313,360
10,300,no_residual_score_only,172,3.1469285237931937,360
10,300,no_residual_score_only,173,3.143036144112849,360
10,300,no_residual_score_only,174,3.1201106372729606,360
10,300,no_residual_score_only,175,3.1148872163617494,360
10,300,no_residual_score_only,176,3.107842344440674,360
10,300,no_residual_score_only,177,3.083030420497661,360
10,300,no_residual_score_only,178,3.074821656516248,360
10,300,no_residual_score_only,179,3.062544202171014,360
10,300,no_residual_score_only,180,3.0549440888728983,360
10,300,no_residual_score_only,181,3.052569753825688,360
10,300,no_residual_score_only,182,3.0342789816756466,360
10,300,no_residual_score_only,183,3.0147717334741717,360
10,300,no_residual_score_only,184,3.0014717101674337,360
10,300,no_residual_score_only,185,2.992874193982506,360
10,300,no_residual_score_only,186,2.9880413347672783,360
10,300,no_residual_score_only,187,2.985980505282882,360
10,300,no_residual_score_only,188,2.976434946721402,360
10,300,no_residual_score_only,189,2.9734025227054675,360
10,300,no_residual_score_only,190,2.965969015001315,360
10,300,no_residual_score_only,191,2.9632079227970753,360
10,300,no_residual_score_only,192,2.955887589950394,360
10,300,no_residual_score_only,193,2.948302213536126,360
10,300,no_residual_score_only,194,2.9410391738529817,360
10,300,no_residual_score_only,195,2.939048765807141,360
10,300,no_residual_score_only,196,2.9305948729138627,360
10,300,no_residual_score_only,197,2.9264319214323034,360
10,300,no_residual_score_only,198,2.9162036394198996,360
10,300,no_residual_score_only,199,2.908606866441392,360
10,300,no_residual_score_only,200,2.8977459067946105,360
10,300,no_residual_score_only,201,2.8959385261476935,360
10,300,no_residual_score_only,202,2.891482914726441,360
10,300,no_residual_score_only,203,2.8901682820056793,360
10,300,no_residual_score_only,204,2.8842709287507375,360
10,300,no_residual_score_only,205,2.873219620452887,360
10,300,no_residual_score_only,206,2.863669558773564,360
10,300,no_residual_score_only,207,2.8580370869395297,360
10,300,no_residual_score_only,208,2.8498181472837274,360
10,300,no_residual_score_only,209,2.84798408313534,360
10,300,no_residual_score_only,210,2.833660910127939,360
10,300,no_residual_score_only,211,2.8320081360175036,360
10,300,no_residual_score_only,212,2.813997168954257,360
10,300,no_residual_score_only,213,2.806673023686474,360
10,300,no_residual_score_only,214,2.8008654670581143,360
10,300,no_residual_score_only,215,2.797753618862601,360
10,300,no_residual_score_only,216,2.7901676198239964,360
10,300,no_residual_score_only,217,2.7900666250835013,360
10,300,no_residual_score_only,218,2.7861626378541904,360
10,300,no_residual_score_only,219,2.7852628985417183,360
10,300,no_residual_score_only,220,2.7759340748778683,360
10,300,no_residual_score_only,221,2.772926205838083,360
10,300,no_residual_score_only,222,2.767862141676,360
10,300,no_residual_score_only,223,2.7643871392847954,360
10,300,no_residual_score_only,224,2.7549329344685867,360
10,300,no_residual_score_only,225,2.753704931891218,360
10,300,no_residual_score_only,226,2.7467909942717235,360
10,300,no_residual_score_only,227,2.7356067787289478,360
10,300,no_residual_score_only,228,2.72053581514355,360
10,300,no_residual_score_only,229,2.718921356171884,360
10,300,no_residual_score_only,230,2.709554710177418,360
10,300,no_residual_score_only,231,2.70896130635601,360
10,300,no_residual_score_only,232,2.703524433429832,360
10,300,no_residual_score_only,233,2.700979110981993,360
10,300,no_residual_score_only,234,2.697897636012975,360
10,300,no_residual_score_only,235,2.6967397820898116,360
10,300,no_residual_score_only,236,2.694887004804842,360
10,300,no_residual_score_only,237,2.6947106262591793,360
10,300,no_residual_score_only,238,2.6906681787324818,360
10,300,no_residual_score_only,239,2.6812437091264774,360
10,300,no_residual_score_only,240,2.671355838615277,360
10,300,no_residual_score_only,241,2.6712736629313056,360
10,300,no_residual_score_only,242,2.6643664536662977,360
10,300,no_residual_score_only,243,2.66365576059819,360
10,300,no_residual_score_only,244,2.650456291864859,360
10,300,no_residual_score_only,245,2.6494247432876254,360
10,300,no_residual_score_only,246,2.645417618545137,360
10,300,no_residual_score_only,247,2.6434180398695277,360
10,300,no_residual_score_only,248,2.636931248554562,360
10,300,no_residual_score_only,249,2.6343602151629004,360
10,300,no_residual_score_only,250,2.619783591376271,360
10,300,no_residual_score_only,251,2.6188242930081045,360
10,300,no_residual_score_only,252,2.611944274766304,360
10,300,no_residual_score_only,253,2.611040930082497,360
10,300,no_residual_score_only,254,2.6045180846360316,360
10,300,no_residual_score_only,255,2.604273947658183,360
10,300,no_residual_score_only,256,2.5969044775347774,360
10,300,no_residual_score_only,257,2.596285817209336,360
10,300,no_residual_score_only,258,2.5939353827439966,360
10,300,no_residual_score_only,259,2.592456193484893,360
10,300,no_residual_score_only,260,2.5709397618577126,360
10,300,no_residual_score_only,261,2.5692944912674918,360
10,300,no_residual_score_only,262,2.562423995286847,360
10,300,no_residual_score_only,263,2.561787699638884,360
10,300,no_residual_score_only,264,2.5465460648536635,360
10,300,no_residual_score_only,265,2.537175902832475,360
10,300,no_residual_score_only,266,2.528161849930154,360
10,300,no_residual_score_only,267,2.5270079042168745,360
10,300,no_residual_score_only,268,2.514581791391033,360
10,300,no_residual_score_only,269,2.5102360143629348,360
10,300,no_residual_score_only,270,2.501614228961977,360
10,300,no_residual_score_only,271,2.4988565866515713,360
10,300,no_residual_score_only,272,2.48616985255557,360
10,300,no_residual_score_only,273,2.486107550020537,360
10,300,no_residual_score_only,274,2.478044490937729,360
10,300,no_residual_score_only,275,2.4772877644146303,360
10,300,no_residual_score_only,276,2.4571288782707295,360
10,300,no_residual_score_only,277,2.4567498491438027,360
10,300,no_residual_score_only,278,2.4410196655012286,360
10,300,no_residual_score_only,279,2.440436192437877,360
10,300,no_residual_score_only,280,2.431512890896509,360
10,300,no_residual_score_only,281,2.4314412572969353,360
10,300,no_residual_score_only,282,2.425481148352203,360
10,300,no_residual_score_only,283,2.4251556805796506,360
10,300,no_residual_score_only,284,2.420821989420082,360
10,300,no_residual_score_only,285,2.4205546559528885,360
10,300,no_residual_score_only,286,2.4154120739539953,360
10,300,no_residual_score_only,287,2.4145563483354207,360
10,300,no_residual_score_only,288,2.4055568120149826,360
10,300,no_residual_score_only,289,2.4053980778073485,360
10,300,no_residual_score_only,290,2.3924591357523677,360
10,300,no_residual_score_only,291,2.392294345761052,360
10,300,no_residual_score_only,292,2.3807322393667585,360
10,300,no_residual_score_only,293,2.378549171922102,360
10,300,no_residual_score_only,294,2.371913711146623,360
10,300,no_residual_score_only,295,2.3717559835689683,360
10,300,no_residual_score_only,296,2.3658599970049026,360
10,300,no_residual_score_only,297,2.357967925297224,360
10,300,no_residual_score_only,298,2.3395614174648514,360
10,300,no_residual_score_only,299,2.3394160794549848,360
10,300,no_residual_score_only,300,2.333836342865027,360
10,300,cma_es,1,5.098503109955298,360
10,300,cma_es,2,4.805572392708402,360
10,300,cma_es,3,4.639239699069835,360
10,300,cma_es,4,4.574050304085472,360
10,300,cma_es,5,4.520543328928271,360
10,300,cma_es,6,4.466906032658264,360
10,300,cma_es,7,4.435210086635598,360
10,300,cma_es,8,4.383180067008039,360
10,300,cma_es,9,4.352412979696534,360
10,300,cma_es,10,4.315108135208413,360
10,300,cma_es,11,4.262715423128707,360
10,300,cma_es,12,4.223820430023091,360
10,300,cma_es,13,4.189087906995225,360
10,300,cma_es,14,4.112337314177143,360
10,300,cma_es,15,4.072107471303513,360
10,300,cma_es,16,4.040232155624808,360
10,300,cma_es,17,4.015552078371497,360
10,300,cma_es,18,3.9791532352684995,360
10,300,cma_es,19,3.956548573738825,360
10,300,cma_es,20,3.939218728259352,360
10,300,cma_es,21,3.8692541794351643,360
10,300,cma_es,22,3.8108813478823853,360
10,300,cma_es,23,3.7808774606307174,360
10,300,cma_es,24,3.7367196439136996,360
10,300,cma_es,25,3.7226060458986643,360
10,300,cma_es,26,3.7130590045912037,360
10,300,cma_es,27,3.692239527321228,360
10,300,cma_es,28,3.67783386410067,360
10,300,cma_es,29,3.66351670443763,360
10,300,cma_es,30,3.6541241386568917,360
10,300,cma_es,31,3.641605730499569,360
10,300,cma_es,32,3.6034108536881733,360
10,300,cma_es,33,3.582305649096227,360
10,300,cma_es,34,3.5407071264361893,360
10,300,cma_es,35,3.531018695160521,360
10,300,cma_es,36,3.5208082631991426,360
10,300,cma_es,37,3.5050331012062523,360
10,300,cma_es,38,3.4714797809348865,360
10,300,cma_es,39,3.4596777896749678,360
10,300,cma_es,40,3.454020565046172,360
10,300,cma_es,41,3.445940836786461,360
10,300,cma_es,42,3.434641999872008,360
10,300,cma_es,43,3.425442980096013,360
10,300,cma_es,44,3.4078047017602238,360
10,300,cma_es,45,3.3864138807923,360
10,300,cma_es,46,3.3707524806785427,360
10,300,cma_es,47,3.3629655777509644,360
10,300,cma_es,48,3.358830160227714,360
10,300,cma_es,49,3.355815321755063,360
10,300,cma_es,50,3.352147947339787,360
10,300,cma_es,51,3.344885849158694,360
10,300,cma_es,52,3.334526745733004,360
10,300,cma_es,53,3.325203102,360
10,300,cma_es,54,3.3196000725304358,360
10,300,cma_es,55,3.3099278483412737,360
10,300,cma_es,56,3.303822237128313,360
10,300,cma_es,57,3.2880507853390744,360
10,300,cma_es,58,3.275276846528519,360
10,300,cma_es,59,3.2711034031304314,360
10,300,cma_es,60,3.2598422360347588,360
10,300,cma_es,61,3.25010215970889,360
10,300,cma_es,62,3.2463800535719094,360
10,300,cma_es,63,3.2403753990563384,360
10,300,cma_es,64,3.2328131213958318,360
10,300,cma_es,65,3.231334027294674,360
10,300,cma_es,66,3.2198521615283378,360
10,300,cma_es,67,3.2085194761039317,360
10,300,cma_es,68,3.2047871701816733,360
10,300,cma_es,69,3.1914578314273445,360
10,300,cma_es,70,3.1883526446223707,360
10,300,cma_es,71,3.186024598359103,360
10,300,cma_es,72,3.1823832631313436,360
10,300,cma_es,73,3.1766033699128045,360
10,300,cma_es,74,3.1731736006478224,360
10,300,cma_es,75,3.168375935767325,360
10,300,cma_es,76,3.1647808872432357,360
10,300,cma_es,77,3.1608862945436615,360
10,300,cma_es,78,3.157368659346507,360
10,300,cma_es,79,3.1521262660992377,360
10,300,cma_es,80,3.1332450247776147,360
10,300,cma_es,81,3.1273721171871456,360
10,300,cma_es,82,3.1218602017264185,360
10,300,cma_es,83,3.11618411777933,360
10,300,cma_es,84,3.1125555157870397,360
10,300,cma_es,85,3.1090260098648472,360
10,300,cma_es,86,3.102744531594532,360
10,300,cma_es,87,3.087425122831202,360
10,300,cma_es,88,3.0859078220079943,360
10,300,cma_es,89,3.0733506860059565,360
10,300,cma_es,90,3.0673568433953355,360
10,300,cma_es,91,3.062875763030937,360
10,300,cma_es,92,3.0598744770289583,360
10,300,cma_es,93,3.057968764741965,360
10,300,cma_es,94,3.0535720379156697,360
10,300,cma_es,95,3.0507366886871052,360
10,300,cma_es,96,3.0472647879710215,360
10,300,cma_es,97,3.0461064722847366,360
10,300,cma_es,98,3.0315317605567955,360
10,300,cma_es,99,3.011266081792161,360
10,300,cma_es,100,3.0075528221234116,360
10,300,cma_es,101,3.002355959147121,360
10,300,cma_es,102,2.9983236159702016,360
10,300,cma_es,103,2.9945654087530302,360
10,300,cma_es,104,2.98553181913647,360
10,300,cma_es,105,2.9837376344155464,360
10,300,cma_es,106,2.981246078702996,360
10,300,cma_es,107,2.9803108393839306,360
10,300,cma_es,108,2.977401573950589,360
10,300,cma_es,109,2.971409227123612,360
10,300,cma_es,110,2.9684032426660147,360
10,300,cma_es,111,2.9671071267876754,360
10,300,cma_es,112,2.964096799631441,360
10,300,cma_es,113,2.9630826982883502,360
10,300,cma_es,114,2.9594228274667036,360
10,300,cma_es,115,2.9563902490830123,360
10,300,cma_es,116,2.9543488717788184,360
10,300,cma_es,117,2.9494726208804445,360
10,300,cma_es,118,2.946647296940743,360
10,300,cma_es,119,2.9393061654393633,360
10,300,cma_es,120,2.935756501817506,360
10,300,cma_es,121,2.9262628443220176,360
10,300,cma_es,122,2.92386395912717,360
10,300,cma_es,123,2.9217484144006933,360
10,300,cma_es,124,2.9173938117253257,360
10,300,cma_es,125,2.9130010527710946,360
10,300,cma_es,126,2.911373201881908,360
10,300,cma_es,127,2.905598339333111,360
10,300,cma_es,128,2.9023852365731786,360
10,300,cma_es,129,2.9005438590961607,360
10,300,cma_es,130,2.8972933840928454,360
10,300,cma_es,131,2.8956527364223246,360
10,300,cma_es,132,2.893994383596601,360
10,300,cma_es,133,2.8909455828173405,360
10,300,cma_es,134,2.889657938224708,360
10,300,cma_es,135,2.88675367237203,360
10,300,cma_es,136,2.878708211788491,360
10,300,cma_es,137,2.873375089348448,360
10,300,cma_es,138,2.870713331635402,360
10,300,cma_es,139,2.8694439263135765,360
10,300,cma_es,140,2.8668509471581567,360
10,300,cma_es,141,2.8659555261280047,360
10,300,cma_es,142,2.863506246348527,360
10,300,cma_es,143,2.8589336060381685,360
10,300,cma_es,144,2.8566496374222057,360
10,300,cma_es,145,2.8506880853893333,360
10,300,cma_es,146,2.8483194186697616,360
10,300,cma_es,147,2.8452714625682183,360
10,300,cma_es,148,2.842936006949988,360
10,300,cma_es,149,2.8421877744493593,360
10,300,cma_es,150,2.839791030404827,360
10,300,cma_es,151,2.8339970214504207,360
10,300,cma_es,152,2.8313314806842618,360
10,300,cma_es,153,2.8250329910175673,360
10,300,cma_es,154,2.814262528794968,360
10,300,cma_es,155,2.8116550629639603,360
10,300,cma_es,156,2.804197750152962,360
10,300,cma_es,157,2.801350039799073,360
10,300,cma_es,158,2.799399721882229,360
10,300,cma_es,159,2.797539470287364,360
10,300,cma_es,160,2.7941860812111776,360
10,300,cma_es,161,2.792446262058018,360
10,300,cma_es,162,2.7914485853201665,360
10,300,cma_es,163,2.789310859685292,360
10,300,cma_es,164,2.786964135663074,360
10,300,cma_es,165,2.784619957788717,360
10,300,cma_es,166,2.7826905128702095,360
10,300,cma_es,167,2.7811703559039094,360
10,300,cma_es,168,2.7783686606766516,360
10,300,cma_es,169,2.7771200391910535,360
10,300,cma_es,170,2.7764633122148705,360
10,300,cma_es,171,2.7738112784351427,360
10,300,cma_es,172,2.7722996019437973,360
10,300,cma_es,173,2.7692871586141847,360
10,300,cma_es,174,2.761419253466826,360
10,300,cma_es,175,2.759955226549511,360
10,300,cma_es,176,2.7583052317329977,360
10,300,cma_es,177,2.756327550518942,360
10,300,cma_es,178,2.750298829913368,360
10,300,cma_es,179,2.7479139366189544,360
10,300,cma_es,180,2.7474554959415816,360
10,300,cma_es,181,2.7390624981389298,360
10,300,cma_es,182,2.7355849468519615,360
10,300,cma_es,183,2.7331568295742494,360
10,300,cma_es,184,2.7327431589455924,360
10,300,cma_es,185,2.726352019128471,360
10,300,cma_es,186,2.7250694882389026,360
10,300,cma_es,187,2.722730995764088,360
10,300,cma_es,188,2.716205422386191,360
10,300,cma_es,189,2.7151172758182187,360
10,300,cma_es,190,2.7139659173459436,360
10,300,cma_es,191,2.7040262786091054,360
10,300,cma_es,192,2.701421920913818,360
10,300,cma_es,193,2.6999119448691538,360
10,300,cma_es,194,2.695897764825778,360
10,300,cma_es,195,2.6797006386011186,360
10,300,cma_es,196,2.6775168419785382,360
10,300,cma_es,197,2.6648213168234656,360
10,300,cma_es,198,2.6576986032061978,360
10,300,cma_es,199,2.6563170044639404,360
10,300,cma_es,200,2.653720690592319,360
10,300,cma_es,201,2.6473807605885846,360
10,300,cma_es,202,2.6407809144172374,360
10,300,cma_es,203,2.6387329756297646,360
10,300,cma_es,204,2.632983277838187,360
10,300,cma_es,205,2.619815013747179,360
10,300,cma_es,206,2.6154753218684763,360
10,300,cma_es,207,2.61079586434273,360
10,300,cma_es,208,2.5996021276845336,360
10,300,cma_es,209,2.590622391513024,360
10,300,cma_es,210,2.5900653178053097,360
10,300,cma_es,211,2.5875596319677556,360
10,300,cma_es,212,2.5847552870762747,360
10,300,cma_es,213,2.582775963192542,360
10,300,cma_es,214,2.580856881745325,360
10,300,cma_es,215,2.5787928179459594,360
10,300,cma_es,216,2.5774085043041555,360
10,300,cma_es,217,2.575900916303988,360
10,300,cma_es,218,2.575745953583297,360
10,300,cma_es,219,2.573534362692071,360
10,300,cma_es,220,2.5723379965443725,360
10,300,cma_es,221,2.569342230962364,360
10,300,cma_es,222,2.559212132550278,360
10,300,cma_es,223,2.552672064317253,360
10,300,cma_es,224,2.5512994748482654,360
10,300,cma_es,225,2.5493616021197627,360
10,300,cma_es,226,2.547862608419228,360
10,300,cma_es,227,2.544409987570841,360
10,300,cma_es,228,2.5413043618933315,360
10,300,cma_es,229,2.540681270904988,360
10,300,cma_es,230,2.5292570764859597,360
10,300,cma_es,231,2.5274910372145114,360
10,300,cma_es,232,2.523576818198847,360
10,300,cma_es,233,2.522316873430629,360
10,300,cma_es,234,2.520844235748825,360
10,300,cma_es,235,2.5193271460064226,360
10,300,cma_es,236,2.5188305888499825,360
10,300,cma_es,237,2.5164182159649857,360
10,300,cma_es,238,2.5096843943083793,360
10,300,cma_es,239,2.507034328518566,360
10,300,cma_es,240,2.5064340972020003,360
10,300,cma_es,241,2.501363186953434,360
10,300,cma_es,242,2.500103621579653,360
10,300,cma_es,243,2.498799967808872,360
10,300,cma_es,244,2.4959932197997046,360
10,300,cma_es,245,2.4925791832279067,360
10,300,cma_es,246,2.490911471090765,360
10,300,cma_es,247,2.4896284472581844,360
10,300,cma_es,248,2.4893286105730743,360
10,300,cma_es,249,2.4876758287270793,360
10,300,cma_es,250,2.4865736123481685,360
10,300,cma_es,251,2.483711503575833,360
10,300,cma_es,252,2.478239129035966,360
10,300,cma_es,253,2.4766498764120337,360
10,300,cma_es,254,2.4731075619624208,360
10,300,cma_es,255,2.4715211169567692,360
10,300,cma_es,256,2.470105300192198,360
10,300,cma_es,257,2.467236877699629,360
10,300,cma_es,258,2.4655634361960335,360
10,300,cma_es,259,2.463688801828739,360
10,300,cma_es,260,2.4614820805463262,360
10,300,cma_es,261,2.4607381111007247,360
10,300,cma_es,262,2.4548896782689416,360
10,300,cma_es,263,2.452419694214722,360
10,300,cma_es,264,2.443922595314052,360
10,300,cma_es,265,2.442333917401608,360
10,300,cma_es,266,2.439827309958962,360
10,300,cma_es,267,2.4384897262228353,360
10,300,cma_es,268,2.437885524729305,360
10,300,cma_es,269,2.435209200868449,360
10,300,cma_es,270,2.4333264913516213,360
10,300,cma_es,271,2.4303635115068096,360
10,300,cma_es,272,2.4284887566946196,360
10,300,cma_es,273,2.4252305389559212,360
10,300,cma_es,274,2.424007877415482,360
10,300,cma_es,275,2.4234175762832306,360
10,300,cma_es,276,2.42292008759095,360
10,300,cma_es,277,2.419547301829939,360
10,300,cma_es,278,2.414826678150898,360
10,300,cma_es,279,2.4063100930865526,360
10,300,cma_es,280,2.404213880719046,360
10,300,cma_es,281,2.402820277398977,360
10,300,cma_es,282,2.400311253254216,360
10,300,cma_es,283,2.3994710083449564,360
10,300,cma_es,284,2.3965785574364857,360
10,300,cma_es,285,2.394445375465273,360
10,300,cma_es,286,2.3933917848622386,360
10,300,cma_es,287,2.392897404123377,360
10,300,cma_es,288,2.3901303983278703,360
10,300,cma_es,289,2.386499512045561,360
10,300,cma_es,290,2.3853510801232627,360
10,300,cma_es,291,2.381787981692457,360
10,300,cma_es,292,2.378988452958941,360
10,300,cma_es,293,2.377038837284588,360
10,300,cma_es,294,2.3632739871889994,360
10,300,cma_es,295,2.3618719490121154,360
10,300,cma_es,296,2.3512087488457367,360
10,300,cma_es,297,2.347970289938845,360
10,300,cma_es,298,2.346368486833883,360
10,300,cma_es,299,2.342225648029809,360
10,300,cma_es,300,2.3414410611933287,360
10,300,gp_ei,1,5.249704779585679,360
10,300,gp_ei,2,4.996806085225427,360
10,300,gp_ei,3,4.8459464638590335,360
10,300,gp_ei,4,4.756951029085161,360
10,300,gp_ei,5,4.680468017501449,360
10,300,gp_ei,6,4.581627871729484,360
10,300,gp_ei,7,4.535108592890441,360
10,300,gp_ei,8,4.48637244280546,360
10,300,gp_ei,9,4.442983537491634,360
10,300,gp_ei,10,4.384319600452973,360
10,300,gp_ei,11,4.359878552819579,360
10,300,gp_ei,12,4.33655142611132,360
10,300,gp_ei,13,4.293919132258909,360
10,300,gp_ei,14,4.246752654655993,360
10,300,gp_ei,15,4.2310656544092335,360
10,300,gp_ei,16,4.220490205146105,360
10,300,gp_ei,17,4.178724089446713,360
10,300,gp_ei,18,4.1651354415182045,360
10,300,gp_ei,19,4.157834280967866,360
10,300,gp_ei,20,4.136038177719837,360
10,300,gp_ei,21,4.089917160393253,360
10,300,gp_ei,22,4.034414279298899,360
10,300,gp_ei,23,3.985865669518435,360
10,300,gp_ei,24,3.9557883189390823,360
10,300,gp_ei,25,3.9222543608982154,360
10,300,gp_ei,26,3.9010788571439012,360
10,300,gp_ei,27,3.883606618873405,360
10,300,gp_ei,28,3.8623538443245784,360
10,300,gp_ei,29,3.842905314432525,360
10,300,gp_ei,30,3.818457535386449,360
10,300,gp_ei,31,3.800927553838769,360
10,300,gp_ei,32,3.785292421607179,360
10,300,gp_ei,33,3.7672225014001954,360
10,300,gp_ei,34,3.745844716952251,360
10,300,gp_ei,35,3.7242242719156016,360
10,300,gp_ei,36,3.7122525867233875,360
10,300,gp_ei,37,3.701330125257208,360
10,300,gp_ei,38,3.691746712084056,360
10,300,gp_ei,39,3.67702608204366,360
10,300,gp_ei,40,3.6490855099488178,360
10,300,gp_ei,41,3.6293964871559075,360
10,300,gp_ei,42,3.59357332226531,360
10,300,gp_ei,43,3.580180995484612,360
10,300,gp_ei,44,3.5569060542521975,360
10,300,gp_ei,45,3.549883543539834,360
10,300,gp_ei,46,3.5384115733236943,360
10,300,gp_ei,47,3.5287526615211062,360
10,300,gp_ei,48,3.5196653552617563,360
10,300,gp_ei,49,3.511481605730693,360
10,300,gp_ei,50,3.486862746269623,360
10,300,gp_ei,51,3.479040208659502,360
10,300,gp_ei,52,3.470238431665618,360
10,300,gp_ei,53,3.459452684271573,360
10,300,gp_ei,54,3.453429442436429,360
10,300,gp_ei,55,3.4333923199828185,360
10,300,gp_ei,56,3.4210055171551956,360
10,300,gp_ei,57,3.4158224088992797,360
10,300,gp_ei,58,3.4106296461792365,360
10,300,gp_ei,59,3.4016610129384435,360
10,300,gp_ei,60,3.397655534974976,360
10,300,gp_ei,61,3.3756044229171485,360
10,300,gp_ei,62,3.3611828738283687,360
10,300,gp_ei,63,3.340384555228385,360
10,300,gp_ei,64,3.3265071081842157,360
10,300,gp_ei,65,3.305611210597605,360
10,300,gp_ei,66,3.295155271278271,360
10,300,gp_ei,67,3.289884356496937,360
10,300,gp_ei,68,3.2853525796067653,360
10,300,gp_ei,69,3.2831185903918714,360
10,300,gp_ei,70,3.278849104661606,360
10,300,gp_ei,71,3.276430722201848,360
10,300,gp_ei,72,3.2738301274098367,360
10,300,gp_ei,73,3.2712101676901066,360
10,300,gp_ei,74,3.263081529702642,360
10,300,gp_ei,75,3.256240166807472,360
10,300,gp_ei,76,3.2488790217294143,360
10,300,gp_ei,77,3.2436019557492415,360
10,300,gp_ei,78,3.2391436310004518,360
10,300,gp_ei,79,3.233183448317754,360
10,300,gp_ei,80,3.2234682961144556,360
10,300,gp_ei,81,3.2183027336956505,360
10,300,gp_ei,82,3.2135854227536917,360
10,300,gp_ei,83,3.2117739365847036,360
10,300,gp_ei,84,3.2062006950718467,360
10,300,gp_ei,85,3.2031270629068502,360
10,300,gp_ei,86,3.199745253370942,360
10,300,gp_ei,87,3.1879021931316256,360
10,300,gp_ei,88,3.184123031706615,360
10,300,gp_ei,89,3.179303812747928,360
10,300,gp_ei,90,3.1691711223184114,360
10,300,gp_ei,91,3.1612973637394064,360
10,300,gp_ei,92,3.1563089354629144,360
10,300,gp_ei,93,3.1538083069020058,360
10,300,gp_ei,94,3.1522863642108727,360
10,300,gp_ei,95,3.1425901096769033,360
10,300,gp_ei,96,3.1401875829446073,360
10,300,gp_ei,97,3.135376543568648,360
10,300,gp_ei,98,3.129149589721616,360
10,300,gp_ei,99,3.126273684755836,360
10,300,gp_ei,100,3.1239239036383473,360
10,300,gp_ei,101,3.1139023741397702,360
10,300,gp_ei,102,3.1044966233192324,360
10,300,gp_ei,103,3.10298042019911,360
10,300,gp_ei,104,3.101452534554726,360
10,300,gp_ei,105,3.0995329411098558,360
10,300,gp_ei,106,3.0962068671338168,360
10,300,gp_ei,107,3.0920988177703523,360
10,300,gp_ei,108,3.088453010338525,360
10,300,gp_ei,109,3.085281355582459,360
10,300,gp_ei,110,3.0826389329582,360
10,300,gp_ei,111,3.0811655821758768,360
10,300,gp_ei,112,3.077460656237933,360
10,300,gp_ei,113,3.075278399625881,360
10,300,gp_ei,114,3.0733940255503573,360
10,300,gp_ei,115,3.067242008151181,360
10,300,gp_ei,116,3.062783380816806,360
10,300,gp_ei,117,3.060203573550001,360
10,300,gp_ei,118,3.0573586928771506,360
10,300,gp_ei,119,3.054910230335192,360
10,300,gp_ei,120,3.053413869611179,360
10,300,gp_ei,121,3.045573944453841,360
10,300,gp_ei,122,3.0414426648613704,360
10,300,gp_ei,123,3.0387806543065987,360
10,300,gp_ei,124,3.0357643441164757,360
10,300,gp_ei,125,3.0294094739107016,360
10,300,gp_ei,126,3.026588432830425,360
10,300,gp_ei,127,3.017357174323438,360
10,300,gp_ei,128,3.0153367928034394,360
10,300,gp_ei,129,3.0148506442335656,360
10,300,gp_ei,130,3.011239781158394,360
10,300,gp_ei,131,3.009734829739789,360
10,300,gp_ei,132,3.0015427417164955,360
10,300,gp_ei,133,3.000032631613428,360
10,300,gp_ei,134,2.9943873457554044,360
10,300,gp_ei,135,2.993908055137595,360
10,300,gp_ei,136,2.992211125832916,360
10,300,gp_ei,137,2.9912337486246323,360
10,300,gp_ei,138,2.9873085135247637,360
10,300,gp_ei,139,2.986903078907986,360
10,300,gp_ei,140,2.9848202610694696,360
10,300,gp_ei,141,2.9814555398387825,360
10,300,gp_ei,142,2.97886855763799,360
10,300,gp_ei,143,2.971253041978558,360
10,300,gp_ei,144,2.9666556152806156,360
10,300,gp_ei,145,2.9651496345525765,360
10,300,gp_ei,146,2.9626353277646604,360
10,300,gp_ei,147,2.9595660724188817,360
10,300,gp_ei,148,2.958108276240547,360
10,300,gp_ei,149,2.9572931471536545,360
10,300,gp_ei,150,2.9554589449709407,360
10,300,gp_ei,151,2.9420741968839788,360
10,300,gp_ei,152,2.9411085184579746,360
10,300,gp_ei,153,2.9376674074345526,360
10,300,gp_ei,154,2.9339481563438947,360
10,300,gp_ei,155,2.932596899897212,360
10,300,gp_ei,156,2.9292314489303823,360
10,300,gp_ei,157,2.9255138160313665,360
10,300,gp_ei,158,2.9213095380813523,360
10,300,gp_ei,159,2.915137718889245,360
10,300,gp_ei,160,2.914046995622996,360
10,300,gp_ei,161,2.9106558043688517,360
10,300,gp_ei,162,2.9079522399987243,360
10,300,gp_ei,163,2.900186922431976,360
10,300,gp_ei,164,2.8980998170608627,360
10,300,gp_ei,165,2.8959600273336146,360
10,300,gp_ei,166,2.887940458747963,360
10,300,gp_ei,167,2.8856270624965417,360
10,300,gp_ei,168,2.8843235258558324,360
10,300,gp_ei,169,2.8814284657662266,360
10,300,gp_ei,170,2.8800661149405244,360
10,300,gp_ei,171,2.8757565946004813,360
10,300,gp_ei,172,2.8746718714744737,360
10,300,gp_ei,173,2.872699890559965,360
10,300,gp_ei,174,2.8643525209025285,360
10,300,gp_ei,175,2.862693428380362,360
10,300,gp_ei,176,2.8605215127572388,360
10,300,gp_ei,177,2.8588570071289063,360
10,300,gp_ei,178,2.8515120242440006,360
10,300,gp_ei,179,2.8492350737313825,360
10,300,gp_ei,180,2.844930292697016,360
10,300,gp_ei,181,2.842346658422655,360
10,300,gp_ei,182,2.8400725081071023,360
10,300,gp_ei,183,2.8380921921968723,360
10,300,gp_ei,184,2.821857500941809,360
10,300,gp_ei,185,2.8210776949152723,360
10,300,gp_ei,186,2.8190763077009464,360
10,300,gp_ei,187,2.818411188449743,360
10,300,gp_ei,188,2.813101274710407,360
10,300,gp_ei,189,2.811362675370469,360
10,300,gp_ei,190,2.8102795695702936,360
10,300,gp_ei,191,2.78089468348005,360
10,300,gp_ei,192,2.7761159188170232,360
10,300,gp_ei,193,2.7750207646328815,360
10,300,gp_ei,194,2.773083771906951,360
10,300,gp_ei,195,2.770476155130626,360
10,300,gp_ei,196,2.768465358782672,360
10,300,gp_ei,197,2.764795367357798,360
10,300,gp_ei,198,2.76269615268881,360
10,300,gp_ei,199,2.7599867811793137,360
10,300,gp_ei,200,2.7583882478439237,360
10,300,gp_ei,201,2.7566580147807813,360
10,300,gp_ei,202,2.7553158101949164,360
10,300,gp_ei,203,2.7505284876204077,360
10,300,gp_ei,204,2.747787142707442,360
10,300,gp_ei,205,2.745117437723757,360
10,300,gp_ei,206,2.743884206811409,360
10,300,gp_ei,207,2.741999545115664,360
10,300,gp_ei,208,2.7407038914590856,360
10,300,gp_ei,209,2.7399232086443175,360
10,300,gp_ei,210,2.7397001286085447,360
10,300,gp_ei,211,2.7383853928392563,360
10,300,gp_ei,212,2.737337265696,360
10,300,gp_ei,213,2.735665787181796,360
10,300,gp_ei,214,2.7343868615903273,360
10,300,gp_ei,215,2.7340981610961803,360
10,300,gp_ei,216,2.7333932647262937,360
10,300,gp_ei,217,2.7216757287088744,360
10,300,gp_ei,218,2.7202123731720405,360
10,300,gp_ei,219,2.7172910427953925,360
10,300,gp_ei,220,2.7145939547141262,360
10,300,gp_ei,221,2.7127944593638085,360
10,300,gp_ei,222,2.7112918704818396,360
10,300,gp_ei,223,2.7096509925124677,360
10,300,gp_ei,224,2.708792150769255,360
10,300,gp_ei,225,2.705039872589417,360
10,300,gp_ei,226,2.704933267873274,360
10,300,gp_ei,227,2.70406657688523,360
10,300,gp_ei,228,2.7022119380780754,360
10,300,gp_ei,229,2.70143110720979,360
10,300,gp_ei,230,2.6999816097447225,360
10,300,gp_ei,231,2.698699769979161,360
10,300,gp_ei,232,2.697616162315288,360
10,300,gp_ei,233,2.69693499599209,360
10,300,gp_ei,234,2.6947590735422895,360
10,300,gp_ei,235,2.694306035969198,360
10,300,gp_ei,236,2.6914971400391012,360
10,300,gp_ei,237,2.6909699226119668,360
10,300,gp_ei,238,2.6875264193880297,360
10,300,gp_ei,239,2.6817708793745334,360
10,300,gp_ei,240,2.663399334590941,360
10,300,gp_ei,241,2.663078796523358,360
10,300,gp_ei,242,2.661095057210652,360
10,300,gp_ei,243,2.660418159011989,360
10,300,gp_ei,244,2.6595954033706266,360
10,300,gp_ei,245,2.6579270070836087,360
10,300,gp_ei,246,2.6564134624679983,360
10,300,gp_ei,247,2.654730475449895,360
10,300,gp_ei,248,2.652834320055071,360
10,300,gp_ei,249,2.6512976358101503,360
10,300,gp_ei,250,2.648305855528092,360
10,300,gp_ei,251,2.6456406465341424,360
10,300,gp_ei,252,2.6443631752161734,360
10,300,gp_ei,253,2.6443631752161734,360
10,300,gp_ei,254,2.6433821359494107,360
10,300,gp_ei,255,2.6405061568513037,360
10,300,gp_ei,256,2.6395164292027977,360
10,300,gp_ei,257,2.6378261338651665,360
10,300,gp_ei,258,2.6354458908950122,360
10,300,gp_ei,259,2.6338433421838405,360
10,300,gp_ei,260,2.6325908478639777,360
10,300,gp_ei,261,2.631477205124631,360
10,300,gp_ei,262,2.631378182707852,360
10,300,gp_ei,263,2.630911763312391,360
10,300,gp_ei,264,2.630491144389754,360
10,300,gp_ei,265,2.6281099179876617,360
10,300,gp_ei,266,2.627291330724764,360
10,300,gp_ei,267,2.6237438937001665,360
10,300,gp_ei,268,2.622340788875956,360
10,300,gp_ei,269,2.621109583640591,360
10,300,gp_ei,270,2.6194154118606834,360
10,300,gp_ei,271,2.6181674435912563,360
10,300,gp_ei,272,2.6176711398708448,360
10,300,gp_ei,273,2.6173412856746396,360
10,300,gp_ei,274,2.616907719559757,360
10,300,gp_ei,275,2.6150860493766155,360
10,300,gp_ei,276,2.6143913799856513,360
10,300,gp_ei,277,2.6118389968726476,360
10,300,gp_ei,278,2.6036641858249556,360
10,300,gp_ei,279,2.602124389200934,360
10,300,gp_ei,280,2.601228800231621,360
10,300,gp_ei,281,2.600176010196175,360
10,300,gp_ei,282,2.5990374981628594,360
10,300,gp_ei,283,2.5986842919434365,360
10,300,gp_ei,284,2.5982124005861515,360
10,300,gp_ei,285,2.5964504373433077,360
10,300,gp_ei,286,2.59026820820032,360
10,300,gp_ei,287,2.588922334868663,360
10,300,gp_ei,288,2.588615729011627,360
10,300,gp_ei,289,2.5839490464033923,360
10,300,gp_ei,290,2.583405934570494,360
10,300,gp_ei,291,2.582856932241144,360
10,300,gp_ei,292,2.5817194447846776,360
10,300,gp_ei,293,2.5811721307192466,360
10,300,gp_ei,294,2.5795518564202613,360
10,300,gp_ei,295,2.576705305038888,360
10,300,gp_ei,296,2.5749115693940574,360
10,300,gp_ei,297,2.574650907444353,360
10,300,gp_ei,298,2.573901789488796,360
10,300,gp_ei,299,2.57365145558813,360
10,300,gp_ei,300,2.5735838033170215,360
20,300,no_residual,1,5.768470548664035,360
20,300,no_residual,2,5.498117179300003,360
20,300,no_residual,3,5.382594494258724,360
20,300,no_residual,4,5.280642585067138,360
20,300,no_residual,5,5.203233098940467,360
20,300,no_residual,6,5.155433483764117,360
20,300,no_residual,7,5.083103650577036,360
20,300,no_residual,8,5.050618009355281,360
20,300,no_residual,9,5.036860472112074,360
20,300,no_residual,10,5.005184783039038,360
20,300,no_residual,11,4.974617038786078,360
20,300,no_residual,12,4.951048830763853,360
20,300,no_residual,13,4.941420117597827,360
20,300,no_residual,14,4.931923808074018,360
20,300,no_residual,15,4.921710168592741,360
20,300,no_residual,16,4.901039356794443,360
20,300,no_residual,17,4.884781729739635,360
20,300,no_residual,18,4.864124258154676,360
20,300,no_residual,19,4.8603111498603955,360
20,300,no_residual,20,4.8527328311417035,360
20,300,no_residual,21,4.845531743751824,360
20,300,no_residual,22,4.842327209580832,360
20,300,no_residual,23,4.83744332424064,360
20,300,no_residual,24,4.833687387140399,360
20,300,no_residual,25,4.821539697786268,360
20,300,no_residual,26,4.809643276861955,360
20,300,no_residual,27,4.799342970451533,360
20,300,no_residual,28,4.793975230805355,360
20,300,no_residual,29,4.7894219801212605,360
20,300,no_residual,30,4.784523387474741,360
20,300,no_residual,31,4.7799479442182085,360
20,300,no_residual,32,4.774941071569091,360
20,300,no_residual,33,4.771884862486968,360
20,300,no_residual,34,4.767757695592072,360
20,300,no_residual,35,4.7657888892618265,360
20,300,no_residual,36,4.761151285108728,360
20,300,no_residual,37,4.757668394471977,360
20,300,no_residual,38,4.755640592143931,360
20,300,no_residual,39,4.74710041427726,360
20,300,no_residual,40,4.743598128284911,360
20,300,no_residual,41,4.737710304900267,360
20,300,no_residual,42,4.731924607445591,360
20,300,no_residual,43,4.715146075867475,360
20,300,no_residual,44,4.7018684390176615,360
20,300,no_residual,45,4.699332572419923,360
20,300,no_residual,46,4.698477728274866,360
20,300,no_residual,47,4.695313191396163,360
20,300,no_residual,48,4.691957253302633,360
20,300,no_residual,49,4.684423491113369,360
20,300,no_residual,50,4.6821827761533275,360
20,300,no_residual,51,4.680421134004634,360
20,300,no_residual,52,4.678157021851193,360
20,300,no_residual,53,4.677447872249735,360
20,300,no_residual,54,4.675955933805402,360
20,300,no_residual,55,4.6750395644911755,360
20,300,no_residual,56,4.672823779899734,360
20,300,no_residual,57,4.666595822725434,360
20,300,no_residual,58,4.660803463154508,360
20,300,no_residual,59,4.658600062769203,360
20,300,no_residual,60,4.643383103871104,360
20,300,no_residual,61,4.6421425434442884,360
20,300,no_residual,62,4.6374703603741585,360
20,300,no_residual,63,4.636470553304876,360
20,300,no_residual,64,4.6358006060619195,360
20,300,no_residual,65,4.634326485184612,360
20,300,no_residual,66,4.634189857585611,360
20,300,no_residual,67,4.632680477044381,360
20,300,no_residual,68,4.63201643813619,360
20,300,no_residual,69,4.630699506654272,360
20,300,no_residual,70,4.62679356402031,360
20,300,no_residual,71,4.618528902483872,360
20,300,no_residual,72,4.609514001892648,360
20,300,no_residual,73,4.609182132062993,360
20,300,no_residual,74,4.6089572741354425,360
20,300,no_residual,75,4.60839965755729,360
20,300,no_residual,76,4.606521175094605,360
20,300,no_residual,77,4.606230809597045,360
20,300,no_residual,78,4.603693772214935,360
20,300,no_residual,79,4.602381686556706,360
20,300,no_residual,80,4.602220516084608,360
20,300,no_residual,81,4.601888931834371,360
20,300,no_residual,82,4.598870955994653,360
20,300,no_residual,83,4.596494862241676,360
20,300,no_residual,84,4.595842407270291,360
20,300,no_residual,85,4.593638395944454,360
20,300,no_residual,86,4.591125362692043,360
20,300,no_residual,87,4.59062974697369,360
20,300,no_residual,88,4.588723596627958,360
20,300,no_residual,89,4.588013557999118,360
20,300,no_residual,90,4.586677491707578,360
20,300,no_residual,91,4.585697665007818,360
20,300,no_residual,92,4.584878551084787,360
20,300,no_residual,93,4.584335876138731,360
20,300,no_residual,94,4.5763372289659685,360
20,300,no_residual,95,4.5718654063847,360
20,300,no_residual,96,4.570332463215323,360
20,300,no_residual,97,4.56623039854489,360
20,300,no_residual,98,4.564562256520618,360
20,300,no_residual,99,4.564049139810781,360
20,300,no_residual,100,4.564049139810781,360
20,300,no_residual,101,4.513043723525576,360
20,300,no_residual,102,4.504866357805941,360
20,300,no_residual,103,4.486610262427294,360
20,300,no_residual,104,4.483089954969698,360
20,300,no_residual,105,4.475881903970281,360
20,300,no_residual,106,4.468287503094789,360
20,300,no_residual,107,4.454240047476443,360
20,300,no_residual,108,4.451930238973844,360
20,300,no_residual,109,4.437829331516807,360
20,300,no_residual,110,4.423183712547678,360
20,300,no_residual,111,4.419326436482754,360
20,300,no_residual,112,4.408364249706431,360
20,300,no_residual,113,4.405206325028154,360
20,300,no_residual,114,4.401714061791138,360
20,300,no_residual,115,4.3980274827094865,360
20,300,no_residual,116,4.392468126185492,360
20,300,no_residual,117,4.388154633190154,360
20,300,no_residual,118,4.376729350389995,360
20,300,no_residual,119,4.371698644349993,360
20,300,no_residual,120,4.366850423842836,360
20,300,no_residual,121,4.361775639484211,360
20,300,no_residual,122,4.3551949096023685,360
20,300,no_residual,123,4.339802815878606,360
20,300,no_residual,124,4.332706835751313,360
20,300,no_residual,125,4.33098098690894,360
20,300,no_residual,126,4.323892960518522,360
20,300,no_residual,127,4.322414544276518,360
20,300,no_residual,128,4.318317939285603,360
20,300,no_residual,129,4.316585047166964,360
20,300,no_residual,130,4.313095423471107,360
20,300,no_residual,131,4.310753472454978,360
20,300,no_residual,132,4.306185993518555,360
20,300,no_residual,133,4.303626520721639,360
20,300,no_residual,134,4.293373693144532,360
20,300,no_residual,135,4.292477409837562,360
20,300,no_residual,136,4.287958469895425,360
20,300,no_residual,137,4.285225867402729,360
20,300,no_residual,138,4.276041278465248,360
20,300,no_residual,139,4.274126305390434,360
20,300,no_residual,140,4.267478122073439,360
20,300,no_residual,141,4.264986643187996,360
20,300,no_residual,142,4.25857335746888,360
20,300,no_residual,143,4.256678864505242,360
20,300,no_residual,144,4.248443589728529,360
20,300,no_residual,145,4.2457500977171385,360
20,300,no_residual,146,4.232921158144188,360
20,300,no_residual,147,4.228192068626658,360
20,300,no_residual,148,4.226147491727636,360
20,300,no_residual,149,4.21937881750251,360
20,300,no_residual,150,4.213714628469996,360
20,300,no_residual,151,4.212505887786701,360
20,300,no_residual,152,4.206399773591164,360
20,300,no_residual,153,4.2039894346820015,360
20,300,no_residual,154,4.198807041016553,360
20,300,no_residual,155,4.197712810611031,360
20,300,no_residual,156,4.1912091010414505,360
20,300,no_residual,157,4.18533217274539,360
20,300,no_residual,158,4.177076581721819,360
20,300,no_residual,159,4.170366998328612,360
20,300,no_residual,160,4.166530605801006,360
20,300,no_residual,161,4.165105033737892,360
20,300,no_residual,162,4.1589797338720125,360
20,300,no_residual,163,4.158120572149573,360
20,300,no_residual,164,4.1491810826066695,360
20,300,no_residual,165,4.148306360725823,360
20,300,no_residual,166,4.140663061054489,360
20,300,no_residual,167,4.139102244938814,360
20,300,no_residual,168,4.134749296286853,360
20,300,no_residual,169,4.132269673342661,360
20,300,no_residual,170,4.128553126152721,360
20,300,no_residual,171,4.125645983801953,360
20,300,no_residual,172,4.122676720546531,360
20,300,no_residual,173,4.121316383462102,360
20,300,no_residual,174,4.11305407127421,360
20,300,no_residual,175,4.112693115750395,360
20,300,no_residual,176,4.107973927883499,360
20,300,no_residual,177,4.105865138900153,360
20,300,no_residual,178,4.100345488119078,360
20,300,no_residual,179,4.098069854278866,360
20,300,no_residual,180,4.0925472021496665,360
20,300,no_residual,181,4.092139323579728,360
20,300,no_residual,182,4.0875801781557275,360
20,300,no_residual,183,4.086131321923854,360
20,300,no_residual,184,4.081974557152703,360
20,300,no_residual,185,4.081474193856363,360
20,300,no_residual,186,4.077776643567519,360
20,300,no_residual,187,4.074952786793229,360
20,300,no_residual,188,4.071612953364103,360
20,300,no_residual,189,4.068406027731443,360
20,300,no_residual,190,4.050386127781544,360
20,300,no_residual,191,4.048495384454199,360
20,300,no_residual,192,4.0423074597929025,360
20,300,no_residual,193,4.040494513502343,360
20,300,no_residual,194,4.0355590473250365,360
20,300,no_residual,195,4.0331622989229405,360
20,300,no_residual,196,4.028174533005132,360
20,300,no_residual,197,4.025182931667373,360
20,300,no_residual,198,4.007170370903356,360
20,300,no_residual,199,4.005685888911518,360
20,300,no_residual,200,3.9995719493361785,360
20,300,no_residual,201,3.9982730546158396,360
20,300,no_residual,202,3.9939475481374354,360
20,300,no_residual,203,3.9930699364776334,360
20,300,no_residual,204,3.984909306532064,360
20,300,no_residual,205,3.9840421738920715,360
20,300,no_residual,206,3.9799885008482234,360
20,300,no_residual,207,3.976899749311564,360
20,300,no_residual,208,3.969257947408712,360
20,300,no_residual,209,3.966732817027558,360
20,300,no_residual,210,3.9618365031030685,360
20,300,no_residual,211,3.9600530744573983,360
20,300,no_residual,212,3.9510440367135162,360
20,300,no_residual,213,3.9485388767596006,360
20,300,no_residual,214,3.9403474976355692,360
20,300,no_residual,215,3.9378940720943847,360
20,300,no_residual,216,3.930395549756144,360
20,300,no_residual,217,3.9290105564152067,360
20,300,no_residual,218,3.921739590100599,360
20,300,no_residual,219,3.920293352307242,360
20,300,no_residual,220,3.9128201223071373,360
20,300,no_residual,221,3.910692222224649,360
20,300,no_residual,222,3.9056125304026743,360
20,300,no_residual,223,3.9021474422440754,360
20,300,no_residual,224,3.8970746931769358,360
20,300,no_residual,225,3.8957526380382532,360
20,300,no_residual,226,3.8921836042751323,360
20,300,no_residual,227,3.888974967421395,360
20,300,no_residual,228,3.8848497620024074,360
20,300,no_residual,229,3.881528386018265,360
20,300,no_residual,230,3.8756896134077023,360
20,300,no_residual,231,3.8733057443561023,360
20,300,no_residual,232,3.8709740042419263,360
20,300,no_residual,233,3.8696856606764265,360
20,300,no_residual,234,3.8652004711183543,360
20,300,no_residual,235,3.8639493092400192,360
20,300,no_residual,236,3.8590255521281254,360
20,300,no_residual,237,3.8556321364506108,360
20,300,no_residual,238,3.8524643103718783,360
20,300,no_residual,239,3.849463858731242,360
20,300,no_residual,240,3.8441095147271365,360
20,300,no_residual,241,3.8432633519970607,360
20,300,no_residual,242,3.840219915719737,360
20,300,no_residual,243,3.8294326376952887,360
20,300,no_residual,244,3.8242985259245432,360
20,300,no_residual,245,3.8228389188254224,360
20,300,no_residual,246,3.818665403242919,360
20,300,no_residual,247,3.8179277850578774,360
20,300,no_residual,248,3.811233483999843,360
20,300,no_residual,249,3.8084879618136602,360
20,300,no_residual,250,3.806304881092921,360
20,300,no_residual,251,3.7826362032261134,360
20,300,no_residual,252,3.7787793244748547,360
20,300,no_residual,253,3.777811423551675,360
20,300,no_residual,254,3.774269560161152,360
20,300,no_residual,255,3.773892585981468,360
20,300,no_residual,256,3.771543698699213,360
20,300,no_residual,257,3.7673357836606898,360
20,300,no_residual,258,3.7654000508791508,360
20,300,no_residual,259,3.7629720444742585,360
20,300,no_residual,260,3.756634051631366,360
20,300,no_residual,261,3.756034100970997,360
20,300,no_residual,262,3.7496473697973034,360
20,300,no_residual,263,3.7419710820916965,360
20,300,no_residual,264,3.7347530844917642,360
20,300,no_residual,265,3.730739119833838,360
20,300,no_residual,266,3.727200861448957,360
20,300,no_residual,267,3.7267073448985975,360
20,300,no_residual,268,3.721297418067055,360
20,300,no_residual,269,3.719624763609092,360
20,300,no_residual,270,3.7094403686898825,360
20,300,no_residual,271,3.7088966769210505,360
20,300,no_residual,272,3.7036016447553872,360
20,300,no_residual,273,3.703549832196376,360
20,300,no_residual,274,3.6961915766799565,360
20,300,no_residual,275,3.69375119318349,360
20,300,no_residual,276,3.6856743136106407,360
20,300,no_residual,277,3.6856743136106407,360
20,300,no_residual,278,3.6785995001346423,360
20,300,no_residual,279,3.6679417265552003,360
20,300,no_residual,280,3.661299233996213,360
20,300,no_residual,281,3.661190625224122,360
20,300,no_residual,282,3.656106677381563,360
20,300,no_residual,283,3.651899635590466,360
20,300,no_residual,284,3.6490491559969196,360
20,300,no_residual,285,3.6487268019419523,360
20,300,no_residual,286,3.6415028324198575,360
20,300,no_residual,287,3.6413438086297805,360
20,300,no_residual,288,3.637233880643591,360
20,300,no_residual,289,3.637233880643591,360
20,300,no_residual,290,3.6308755785198423,360
20,300,no_residual,291,3.6307817893579277,360
20,300,no_residual,292,3.6220608356186843,360
20,300,no_residual,293,3.621709775668359,360
20,300,no_residual,294,3.607498332738158,360
20,300,no_residual,295,3.600688013729732,360
20,300,no_residual,296,3.597329181440255,360
20,300,no_residual,297,3.596082997542132,360
20,300,no_residual,298,3.5909013878071683,360
20,300,no_residual,299,3.589845348088373,360
20,300,no_residual,300,3.581451429751778,360
20,300,anchor_only,1,5.768470548664035,360
20,300,anchor_only,2,5.498117179300003,360
20,300,anchor_only,3,5.382594494258724,360
20,300,anchor_only,4,5.280642585067138,360
20,300,anchor_only,5,5.203233098940467,360
20,300,anchor_only,6,5.155433483764117,360
20,300,anchor_only,7,5.083103650577036,360
20,300,anchor_only,8,5.050618009355281,360
20,300,anchor_only,9,5.036860472112074,360
20,300,anchor_only,10,5.005184783039038,360
20,300,anchor_only,11,4.974617038786078,360
20,300,anchor_only,12,4.951048830763853,360
20,300,anchor_only,13,4.941420117597827,360
20,300,anchor_only,14,4.931923808074018,360
20,300,anchor_only,15,4.921710168592741,360
20,300,anchor_only,16,4.901039356794443,360
20,300,anchor_only,17,4.884781729739635,360
20,300,anchor_only,18,4.864124258154676,360
20,300,anchor_only,19,4.8603111498603955,360
20,300,anchor_only,20,4.8527328311417035,360
20,300,anchor_only,21,4.845531743751824,360
20,300,anchor_only,22,4.842327209580832,360
20,300,anchor_only,23,4.83744332424064,360
20,300,anchor_only,24,4.833687387140399,360
20,300,anchor_only,25,4.821539697786268,360
20,300,anchor_only,26,4.809643276861955,360
20,300,anchor_only,27,4.799342970451533,360
20,300,anchor_only,28,4.793975230805355,360
20,300,anchor_only,29,4.7894219801212605,360
20,300,anchor_only,30,4.784523387474741,360
20,300,anchor_only,31,4.7799479442182085,360
20,300,anchor_only,32,4.774941071569091,360
20,300,anchor_only,33,4.771884862486968,360
20,300,anchor_only,34,4.767757695592072,360
20,300,anchor_only,35,4.7657888892618265,360
20,300,anchor_only,36,4.761151285108728,360
20,300,anchor_only,37,4.757668394471977,360
20,300,anchor_only,38,4.755640592143931,360
20,300,anchor_only,39,4.74710041427726,360
20,300,anchor_only,40,4.743598128284911,360
20,300,anchor_only,41,4.737710304900267,360
20,300,anchor_only,42,4.731924607445591,360
20,300,anchor_only,43,4.715146075867475,360
20,300,anchor_only,44,4.7018684390176615,360
20,300,anchor_only,45,4.699332572419923,360
20,300,anchor_only,46,4.698477728274866,360
20,300,anchor_only,47,4.695313191396163,360
20,300,anchor_only,48,4.691957253302633,360
20,300,anchor_only,49,4.684423491113369,360
20,300,anchor_only,50,4.6821827761533275,360
20,300,anchor_only,51,4.680421134004634,360
20,300,anchor_only,52,4.678157021851193,360
20,300,anchor_only,53,4.677447872249735,360
20,300,anchor_only,54,4.675955933805402,360
20,300,anchor_only,55,4.6750395644911755,360
20,300,anchor_only,56,4.672823779899734,360
20,300,anchor_only,57,4.666595822725434,360
20,300,anchor_only,58,4.660803463154508,360
20,300,anchor_only,59,4.658600062769203,360
20,300,anchor_only,60,4.643383103871104,360
20,300,anchor_only,61,4.6421425434442884,360
20,300,anchor_only,62,4.6374703603741585,360
20,300,anchor_only,63,4.636470553304876,360
20,300,anchor_only,64,4.6358006060619195,360
20,300,anchor_only,65,4.634326485184612,360
20,300,anchor_only,66,4.634189857585611,360
20,300,anchor_only,67,4.632680477044381,360
20,300,anchor_only,68,4.63201643813619,360
20,300,anchor_only,69,4.630699506654272,360
20,300,anchor_only,70,4.62679356402031,360
20,300,anchor_only,71,4.618528902483872,360
20,300,anchor_only,72,4.609514001892648,360
20,300,anchor_only,73,4.609182132062993,360
20,300,anchor_only,74,4.6089572741354425,360
20,300,anchor_only,75,4.60839965755729,360
20,300,anchor_only,76,4.606521175094605,360
20,300,anchor_only,77,4.606230809597045,360
20,300,anchor_only,78,4.603693772214935,360
20,300,anchor_only,79,4.602381686556706,360
20,300,anchor_only,80,4.602220516084608,360
20,300,anchor_only,81,4.601888931834371,360
20,300,anchor_only,82,4.598870955994653,360
20,300,anchor_only,83,4.596494862241676,360
20,300,anchor_only,84,4.595842407270291,360
20,300,anchor_only,85,4.593638395944454,360
20,300,anchor_only,86,4.591125362692043,360
20,300,anchor_only,87,4.59062974697369,360
20,300,anchor_only,88,4.588723596627958,360
20,300,anchor_only,89,4.588013557999118,360
20,300,anchor_only,90,4.586677491707578,360
20,300,anchor_only,91,4.585697665007818,360
20,300,anchor_only,92,4.584878551084787,360
20,300,anchor_only,93,4.584335876138731,360
20,300,anchor_only,94,4.5763372289659685,360
20,300,anchor_only,95,4.5718654063847,360
20,300,anchor_only,96,4.570332463215323,360
20,300,anchor_only,97,4.56623039854489,360
20,300,anchor_only,98,4.564562256520618,360
20,300,anchor_only,99,4.564049139810781,360
20,300,anchor_only,100,4.564049139810781,360
20,300,anchor_only,101,4.513043723525576,360
20,300,anchor_only,102,4.504866357805941,360
20,300,anchor_only,103,4.486610262427294,360
20,300,anchor_only,104,4.483089954969698,360
20,300,anchor_only,105,4.475881903970281,360
20,300,anchor_only,106,4.468287503094789,360
20,300,anchor_only,107,4.454240047476443,360
20,300,anchor_only,108,4.451930238973844,360
20,300,anchor_only,109,4.437829331516807,360
20,300,anchor_only,110,4.435759743443501,360
20,300,anchor_only,111,4.423280058255472,360
20,300,anchor_only,112,4.42147624739407,360
20,300,anchor_only,113,4.417666847049539,360
20,300,anchor_only,114,4.414860101414177,360
20,300,anchor_only,115,4.409651038998997,360
20,300,anchor_only,116,4.398440869961936,360
20,300,anchor_only,117,4.391692367576698,360
20,300,anchor_only,118,4.38984247335014,360
20,300,anchor_only,119,4.387123866991513,360
20,300,anchor_only,120,4.3865769526551635,360
20,300,anchor_only,121,4.369032663787874,360
20,300,anchor_only,122,4.367486743520834,360
20,300,anchor_only,123,4.365727517043157,360
20,300,anchor_only,124,4.363486281297174,360
20,300,anchor_only,125,4.359589449246051,360
20,300,anchor_only,126,4.358581974522734,360
20,300,anchor_only,127,4.355359680183715,360
20,300,anchor_only,128,4.35299987573367,360
20,300,anchor_only,129,4.351001515554589,360
20,300,anchor_only,130,4.348938057736658,360
20,300,anchor_only,131,4.346336798288284,360
20,300,anchor_only,132,4.34449630238873,360
20,300,anchor_only,133,4.343252795290802,360
20,300,anchor_only,134,4.342415648174986,360
20,300,anchor_only,135,4.341139310965816,360
20,300,anchor_only,136,4.33974766647339,360
20,300,anchor_only,137,4.337590773951476,360
20,300,anchor_only,138,4.336273772321745,360
20,300,anchor_only,139,4.333852089358162,360
20,300,anchor_only,140,4.330361470503014,360
20,300,anchor_only,141,4.32752193424345,360
20,300,anchor_only,142,4.324898416365727,360
20,300,anchor_only,143,4.313833457278063,360
20,300,anchor_only,144,4.307433383522326,360
20,300,anchor_only,145,4.305751556388954,360
20,300,anchor_only,146,4.3022111296050465,360
20,300,anchor_only,147,4.299791900264684,360
20,300,anchor_only,148,4.298250975207825,360
20,300,anchor_only,149,4.293780425382503,360
20,300,anchor_only,150,4.290305492293709,360
20,300,anchor_only,151,4.289796928760638,360
20,300,anchor_only,152,4.288907899633673,360
20,300,anchor_only,153,4.287849658897381,360
20,300,anchor_only,154,4.28274102064953,360
20,300,anchor_only,155,4.280653600175815,360
20,300,anchor_only,156,4.277389450412675,360
20,300,anchor_only,157,4.2763353985166255,360
20,300,anchor_only,158,4.27411645764276,360
20,300,anchor_only,159,4.272946188108704,360
20,300,anchor_only,160,4.270674127350909,360
20,300,anchor_only,161,4.267495608046783,360
20,300,anchor_only,162,4.26465823920231,360
20,300,anchor_only,163,4.254454030574029,360
20,300,anchor_only,164,4.251692879752052,360
20,300,anchor_only,165,4.248676630960347,360
20,300,anchor_only,166,4.248209982838874,360
20,300,anchor_only,167,4.2451420535961715,360
20,300,anchor_only,168,4.242570179813334,360
20,300,anchor_only,169,4.238473109046238,360
20,300,anchor_only,170,4.23678004910565,360
20,300,anchor_only,171,4.232368192398823,360
20,300,anchor_only,172,4.22985800098078,360
20,300,anchor_only,173,4.217813447189182,360
20,300,anchor_only,174,4.215831515488585,360
20,300,anchor_only,175,4.213512466409357,360
20,300,anchor_only,176,4.21001917406742,360
20,300,anchor_only,177,4.190371044181312,360
20,300,anchor_only,178,4.186998005254324,360
20,300,anchor_only,179,4.182215894565799,360
20,300,anchor_only,180,4.177816298748314,360
20,300,anchor_only,181,4.173467312138241,360
20,300,anchor_only,182,4.170960868983893,360
20,300,anchor_only,183,4.166560641766746,360
20,300,anchor_only,184,4.161051575716033,360
20,300,anchor_only,185,4.160190956243831,360
20,300,anchor_only,186,4.156508478368807,360
20,300,anchor_only,187,4.150650661052472,360
20,300,anchor_only,188,4.144880266260794,360
20,300,anchor_only,189,4.1409385943365145,360
20,300,anchor_only,190,4.137545980880401,360
20,300,anchor_only,191,4.133758975540389,360
20,300,anchor_only,192,4.128898730548465,360
20,300,anchor_only,193,4.119882643942659,360
20,300,anchor_only,194,4.116769875566152,360
20,300,anchor_only,195,4.112340597535595,360
20,300,anchor_only,196,4.108894533191631,360
20,300,anchor_only,197,4.104820816948529,360
20,300,anchor_only,198,4.097619786386453,360
20,300,anchor_only,199,4.09420401900333,360
20,300,anchor_only,200,4.090711655355647,360
20,300,anchor_only,201,4.087792746981226,360
20,300,anchor_only,202,4.082986512293602,360
20,300,anchor_only,203,4.0747238640105365,360
20,300,anchor_only,204,4.071707449787686,360
20,300,anchor_only,205,4.068464735027425,360
20,300,anchor_only,206,4.059162609388486,360
20,300,anchor_only,207,4.0576683202530015,360
20,300,anchor_only,208,4.05590304778854,360
20,300,anchor_only,209,4.054378448361613,360
20,300,anchor_only,210,4.050730521793783,360
20,300,anchor_only,211,4.049733635186082,360
20,300,anchor_only,212,4.045797038193642,360
20,300,anchor_only,213,4.044006099771901,360
20,300,anchor_only,214,4.039644454004997,360
20,300,anchor_only,215,4.036981254138573,360
20,300,anchor_only,216,4.034139685469967,360
20,300,anchor_only,217,4.033404152004533,360
20,300,anchor_only,218,4.030030174860875,360
20,300,anchor_only,219,4.026672864454876,360
20,300,anchor_only,220,4.024948152645817,360
20,300,anchor_only,221,4.023340689416025,360
20,300,anchor_only,222,4.019190400916197,360
20,300,anchor_only,223,4.018417420226411,360
20,300,anchor_only,224,4.01633840525267,360
20,300,anchor_only,225,4.014280961918366,360
20,300,anchor_only,226,4.012672644239888,360
20,300,anchor_only,227,4.012188746311404,360
20,300,anchor_only,228,4.008892047448512,360
20,300,anchor_only,229,4.008160774173738,360
20,300,anchor_only,230,4.0066079489796245,360
20,300,anchor_only,231,4.0057052389463665,360
20,300,anchor_only,232,4.003482726580347,360
20,300,anchor_only,233,4.002923866733281,360
20,300,anchor_only,234,3.9990770416657484,360
20,300,anchor_only,235,3.9985316658823997,360
20,300,anchor_only,236,3.9951342687457028,360
20,300,anchor_only,237,3.9948736936546054,360
20,300,anchor_only,238,3.9935214561684784,360
20,300,anchor_only,239,3.9877361792708257,360
20,300,anchor_only,240,3.9863451007659996,360
20,300,anchor_only,241,3.9854350329265045,360
20,300,anchor_only,242,3.9827442924556067,360
20,300,anchor_only,243,3.981369716797398,360
20,300,anchor_only,244,3.980410009046989,360
20,300,anchor_only,245,3.979519959891485,360
20,300,anchor_only,246,3.978367666853674,360
20,300,anchor_only,247,3.9774442357868316,360
20,300,anchor_only,248,3.9763346252902623,360
20,300,anchor_only,249,3.9758228896925663,360
20,300,anchor_only,250,3.970414334880602,360
20,300,anchor_only,251,3.9696111023062484,360
20,300,anchor_only,252,3.9687314453156124,360
20,300,anchor_only,253,3.9682665610405707,360
20,300,anchor_only,254,3.967231656532242,360
20,300,anchor_only,255,3.961818461259098,360
20,300,anchor_only,256,3.961173618823031,360
20,300,anchor_only,257,3.960244716420187,360
20,300,anchor_only,258,3.959971711398537,360
20,300,anchor_only,259,3.9583533353049143,360
20,300,anchor_only,260,3.9490074843255765,360
20,300,anchor_only,261,3.9459950204057437,360
20,300,anchor_only,262,3.9438830864069083,360
20,300,anchor_only,263,3.942477539347806,360
20,300,anchor_only,264,3.9420339501938733,360
20,300,anchor_only,265,3.9399187198413204,360
20,300,anchor_only,266,3.939439022387463,360
20,300,anchor_only,267,3.9392358666749874,360
20,300,anchor_only,268,3.9388631729243873,360
20,300,anchor_only,269,3.938626579872212,360
20,300,anchor_only,270,3.9359387776962698,360
20,300,anchor_only,271,3.930050113099405,360
20,300,anchor_only,272,3.929794081528198,360
20,300,anchor_only,273,3.923989060168537,360
20,300,anchor_only,274,3.9166277223914405,360
20,300,anchor_only,275,3.914616484338052,360
20,300,anchor_only,276,3.9137465816163113,360
20,300,anchor_only,277,3.913280500714464,360
20,300,anchor_only,278,3.9123725036107126,360
20,300,anchor_only,279,3.9121294615845206,360
20,300,anchor_only,280,3.910262909577262,360
20,300,anchor_only,281,3.907385102715947,360
20,300,anchor_only,282,3.907228821272087,360
20,300,anchor_only,283,3.906993111758814,360
20,300,anchor_only,284,3.9057832821195597,360
20,300,anchor_only,285,3.905650210766186,360
20,300,anchor_only,286,3.9013173834224903,360
20,300,anchor_only,287,3.9010126108731527,360
20,300,anchor_only,288,3.8959636745040966,360
20,300,anchor_only,289,3.8949381322855765,360
20,300,anchor_only,290,3.894498439456442,360
20,300,anchor_only,291,3.894176550771906,360
20,300,anchor_only,292,3.8926991981243506,360
20,300,anchor_only,293,3.8926991981243506,360
20,300,anchor_only,294,3.890745269091989,360
20,300,anchor_only,295,3.8868579970847645,360
20,300,anchor_only,296,3.8840591588090727,360
20,300,anchor_only,297,3.881360724648368,360
20,300,anchor_only,298,3.875279273185362,360
20,300,anchor_only,299,3.87048629905726,360
20,300,anchor_only,300,3.8694062143734,360
20,300,no_residual_score_only,1,5.768470548664035,360
20,300,no_residual_score_only,2,5.498117179300003,360
20,300,no_residual_score_only,3,5.382594494258724,360
20,300,no_residual_score_only,4,5.280642585067138,360
20,300,no_residual_score_only,5,5.203233098940467,360
20,300,no_residual_score_only,6,5.155433483764117,360
20,300,no_residual_score_only,7,5.083103650577036,360
20,300,no_residual_score_only,8,5.050618009355281,360
20,300,no_residual_score_only,9,5.036860472112074,360
20,300,no_residual_score_only,10,5.005184783039038,360
20,300,no_residual_score_only,11,4.974617038786078,360
20,300,no_residual_score_only,12,4.951048830763853,360
20,300,no_residual_score_only,13,4.941420117597827,360
20,300,no_residual_score_only,14,4.931923808074018,360
20,300,no_residual_score_only,15,4.921710168592741,360
20,300,no_residual_score_only,16,4.901039356794443,360
20,300,no_residual_score_only,17,4.884781729739635,360
20,300,no_residual_score_only,18,4.864124258154676,360
20,300,no_residual_score_only,19,4.8603111498603955,360
20,300,no_residual_score_only,20,4.8527328311417035,360
20,300,no_residual_score_only,21,4.845531743751824,360
20,300,no_residual_score_only,22,4.842327209580832,360
20,300,no_residual_score_only,23,4.83744332424064,360
20,300,no_residual_score_only,24,4.833687387140399,360
20,300,no_residual_score_only,25,4.821539697786268,360
20,300,no_residual_score_only,26,4.809643276861955,360
20,300,no_residual_score_only,27,4.799342970451533,360
20,300,no_residual_score_only,28,4.793975230805355,360
20,300,no_residual_score_only,29,4.7894219801212605,360
20,300,no_residual_score_only,30,4.784523387474741,360
20,300,no_residual_score_only,31,4.7799479442182085,360
20,300,no_residual_score_only,32,4.774941071569091,360
20,300,no_residual_score_only,33,4.771884862486968,360
20,300,no_residual_score_only,34,4.767757695592072,360
20,300,no_residual_score_only,35,4.7657888892618265,360
20,300,no_residual_score_only,36,4.761151285108728,360
20,300,no_residual_score_only,37,4.757668394471977,360
20,300,no_residual_score_only,38,4.755640592143931,360
20,300,no_residual_score_only,39,4.74710041427726,360
20,300,no_residual_score_only,40,4.743598128284911,360
20,300,no_residual_score_only,41,4.737710304900267,360
20,300,no_residual_score_only,42,4.731924607445591,360
20,300,no_residual_score_only,43,4.715146075867475,360
20,300,no_residual_score_only,44,4.7018684390176615,360
20,300,no_residual_score_only,45,4.699332572419923,360
20,300,no_residual_score_only,46,4.698477728274866,360
20,300,no_residual_score_only,47,4.695313191396163,360
20,300,no_residual_score_only,48,4.691957253302633,360
20,300,no_residual_score_only,49,4.684423491113369,360
20,300,no_residual_score_only,50,4.6821827761533275,360
20,300,no_residual_score_only,51,4.680421134004634,360
20,300,no_residual_score_only,52,4.678157021851193,360
20,300,no_residual_score_only,53,4.677447872249735,360
20,300,no_residual_score_only,54,4.675955933805402,360
20,300,no_residual_score_only,55,4.6750395644911755,360
20,300,no_residual_score_only,56,4.672823779899734,360
20,300,no_residual_score_only,57,4.666595822725434,360
20,300,no_residual_score_only,58,4.660803463154508,360
20,300,no_residual_score_only,59,4.658600062769203,360
20,300,no_residual_score_only,60,4.643383103871104,360
20,300,no_residual_score_only,61,4.6421425434442884,360
20,300,no_residual_score_only,62,4.6374703603741585,360
20,300,no_residual_score_only,63,4.636470553304876,360
20,300,no_residual_score_only,64,4.6358006060619195,360
20,300,no_residual_score_only,65,4.634326485184612,360
20,300,no_residual_score_only,66,4.634189857585611,360
20,300,no_residual_score_only,67,4.632680477044381,360
20,300,no_residual_score_only,68,4.63201643813619,360
20,300,no_residual_score_only,69,4.630699506654272,360
20,300,no_residual_score_only,70,4.62679356402031,360
20,300,no_residual_score_only,71,4.618528902483872,360
20,300,no_residual_score_only,72,4.609514001892648,360
20,300,no_residual_score_only,73,4.609182132062993,360
20,300,no_residual_score_only,74,4.6089572741354425,360
20,300,no_residual_score_only,75,4.60839965755729,360
20,300,no_residual_score_only,76,4.606521175094605,360
20,300,no_residual_score_only,77,4.606230809597045,360
20,300,no_residual_score_only,78,4.603693772214935,360
20,300,no_residual_score_only,79,4.602381686556706,360
20,300,no_residual_score_only,80,4.602220516084608,360
20,300,no_residual_score_only,81,4.601888931834371,360
20,300,no_residual_score_only,82,4.598870955994653,360
20,300,no_residual_score_only,83,4.596494862241676,360
20,300,no_residual_score_only,84,4.595842407270291,360
20,300,no_residual_score_only,85,4.593638395944454,360
20,300,no_residual_score_only,86,4.591125362692043,360
20,300,no_residual_score_only,87,4.59062974697369,360
20,300,no_residual_score_only,88,4.588723596627958,360
20,300,no_residual_score_only,89,4.588013557999118,360
20,300,no_residual_score_only,90,4.586677491707578,360
20,300,no_residual_score_only,91,4.585697665007818,360
20,300,no_residual_score_only,92,4.584878551084787,360
20,300,no_residual_score_only,93,4.584335876138731,360
20,300,no_residual_score_only,94,4.5763372289659685,360
20,300,no_residual_score_only,95,4.5718654063847,360
20,300,no_residual_score_only,96,4.570332463215323,360
20,300,no_residual_score_only,97,4.56623039854489,360
20,300,no_residual_score_only,98,4.564562256520618,360
20,300,no_residual_score_only,99,4.564049139810781,360
20,300,no_residual_score_only,100,4.564049139810781,360
20,300,no_residual_score_only,101,4.513043723525576,360
20,300,no_residual_score_only,102,4.4953985161201135,360
20,300,no_residual_score_only,103,4.483639488970992,360
20,300,no_residual_score_only,104,4.478466238990592,360
20,300,no_residual_score_only,105,4.458479336438489,360
20,300,no_residual_score_only,106,4.454113328525686,360
20,300,no_residual_score_only,107,4.443909138558015,360
20,300,no_residual_score_only,108,4.4408075830056015,360
20,300,no_residual_score_only,109,4.432260587926294,360
20,300,no_residual_score_only,110,4.427131323892237,360
20,300,no_residual_score_only,111,4.420716441026791,360
20,300,no_residual_score_only,112,4.417128783023918,360
20,300,no_residual_score_only,113,4.406997677581117,360
20,300,no_residual_score_only,114,4.401635172734978,360
20,300,no_residual_score_only,115,4.397737932624078,360
20,300,no_residual_score_only,116,4.393967642370179,360
20,300,no_residual_score_only,117,4.389589595044066,360
20,300,no_residual_score_only,118,4.3852639921190235,360
20,300,no_residual_score_only,119,4.38298577212306,360
20,300,no_residual_score_only,120,4.378659640567098,360
20,300,no_residual_score_only,121,4.373979230032476,360
20,300,no_residual_score_only,122,4.36849094301575,360
20,300,no_residual_score_only,123,4.362594928534356,360
20,300,no_residual_score_only,124,4.353643837896481,360
20,300,no_residual_score_only,125,4.35171503214587,360
20,300,no_residual_score_only,126,4.346516381641565,360
20,300,no_residual_score_only,127,4.340148790147552,360
20,300,no_residual_score_only,128,4.332697817447772,360
20,300,no_residual_score_only,129,4.329873184138327,360
20,300,no_residual_score_only,130,4.324058561384582,360
20,300,no_residual_score_only,131,4.318313522331772,360
20,300,no_residual_score_only,132,4.314393235701234,360
20,300,no_residual_score_only,133,4.309634105694873,360
20,300,no_residual_score_only,134,4.3056870601561625,360
20,300,no_residual_score_only,135,4.3032532620857555,360
20,300,no_residual_score_only,136,4.299633110616376,360
20,300,no_residual_score_only,137,4.296402370363727,360
20,300,no_residual_score_only,138,4.292220424805331,360
20,300,no_residual_score_only,139,4.284627620573521,360
20,300,no_residual_score_only,140,4.279896933753301,360
20,300,no_residual_score_only,141,4.277716114985825,360
20,300,no_residual_score_only,142,4.272548579323937,360
20,300,no_residual_score_only,143,4.269199060817038,360
20,300,no_residual_score_only,144,4.263778718025018,360
20,300,no_residual_score_only,145,4.258554476259264,360
20,300,no_residual_score_only,146,4.254037656304552,360
20,300,no_residual_score_only,147,4.252849466139808,360
20,300,no_residual_score_only,148,4.249645350688001,360
20,300,no_residual_score_only,149,4.2487876722301126,360
20,300,no_residual_score_only,150,4.244008751815873,360
20,300,no_residual_score_only,151,4.2416155703216205,360
20,300,no_residual_score_only,152,4.237525434531651,360
20,300,no_residual_score_only,153,4.235510546167097,360
20,300,no_residual_score_only,154,4.228681333906802,360
20,300,no_residual_score_only,155,4.227625444570023,360
20,300,no_residual_score_only,156,4.224662378566865,360
20,300,no_residual_score_only,157,4.217082247420202,360
20,300,no_residual_score_only,158,4.211135210496665,360
20,300,no_residual_score_only,159,4.2091813826540605,360
20,300,no_residual_score_only,160,4.204398011708421,360
20,300,no_residual_score_only,161,4.20283931238785,360
20,300,no_residual_score_only,162,4.197082333798201,360
20,300,no_residual_score_only,163,4.193341030140512,360
20,300,no_residual_score_only,164,4.1889895292410335,360
20,300,no_residual_score_only,165,4.18655462457317,360
20,300,no_residual_score_only,166,4.180582799553454,360
20,300,no_residual_score_only,167,4.177534836517599,360
20,300,no_residual_score_only,168,4.172163094068336,360
20,300,no_residual_score_only,169,4.168397595513318,360
20,300,no_residual_score_only,170,4.162707484388208,360
20,300,no_residual_score_only,171,4.159734345362328,360
20,300,no_residual_score_only,172,4.153117314981689,360
20,300,no_residual_score_only,173,4.151908694598182,360
20,300,no_residual_score_only,174,4.147366701493916,360
20,300,no_residual_score_only,175,4.14588310277857,360
20,300,no_residual_score_only,176,4.138825199801593,360
20,300,no_residual_score_only,177,4.133308115955851,360
20,300,no_residual_score_only,178,4.129322629109766,360
20,300,no_residual_score_only,179,4.127999711792601,360
20,300,no_residual_score_only,180,4.121765294902037,360
20,300,no_residual_score_only,181,4.1199873894322,360
20,300,no_residual_score_only,182,4.11421652979397,360
20,300,no_residual_score_only,183,4.111671662068718,360
20,300,no_residual_score_only,184,4.104763892404867,360
20,300,no_residual_score_only,185,4.103971827626502,360
20,300,no_residual_score_only,186,4.09715703034096,360
20,300,no_residual_score_only,187,4.096634637199655,360
20,300,no_residual_score_only,188,4.088727469380963,360
20,300,no_residual_score_only,189,4.084666000454932,360
20,300,no_residual_score_only,190,4.07929745761591,360
20,300,no_residual_score_only,191,4.078234558430257,360
20,300,no_residual_score_only,192,4.0725110812077885,360
20,300,no_residual_score_only,193,4.071931489743676,360
20,300,no_residual_score_only,194,4.067343931212062,360
20,300,no_residual_score_only,195,4.066895820489381,360
20,300,no_residual_score_only,196,4.064306399664758,360
20,300,no_residual_score_only,197,4.062791900325851,360
20,300,no_residual_score_only,198,4.055359468222433,360
20,300,no_residual_score_only,199,4.05135228202676,360
20,300,no_residual_score_only,200,4.04302894835667,360
20,300,no_residual_score_only,201,4.0417734068070015,360
20,300,no_residual_score_only,202,4.028829538793825,360
20,300,no_residual_score_only,203,4.027447762539786,360
20,300,no_residual_score_only,204,4.020158723260768,360
20,300,no_residual_score_only,205,4.019111734427893,360
20,300,no_residual_score_only,206,4.012015904822606,360
20,300,no_residual_score_only,207,4.008402026984143,360
20,300,no_residual_score_only,208,4.000593528772982,360
20,300,no_residual_score_only,209,3.9996695132113946,360
20,300,no_residual_score_only,210,3.9856831015445757,360
20,300,no_residual_score_only,211,3.980123638121517,360
20,300,no_residual_score_only,212,3.965526229130749,360
20,300,no_residual_score_only,213,3.9646878039042486,360
20,300,no_residual_score_only,214,3.9585966999347306,360
20,300,no_residual_score_only,215,3.951519921125653,360
20,300,no_residual_score_only,216,3.947599152851506,360
20,300,no_residual_score_only,217,3.9460785803688796,360
20,300,no_residual_score_only,218,3.9416562475159598,360
20,300,no_residual_score_only,219,3.9402583875858475,360
20,300,no_residual_score_only,220,3.9353810317934315,360
20,300,no_residual_score_only,221,3.933743660323845,360
20,300,no_residual_score_only,222,3.9274756593061726,360
20,300,no_residual_score_only,223,3.9201832380562496,360
20,300,no_residual_score_only,224,3.9163776814847937,360
20,300,no_residual_score_only,225,3.91284513055332,360
20,300,no_residual_score_only,226,3.9103385950151774,360
20,300,no_residual_score_only,227,3.909071545419292,360
20,300,no_residual_score_only,228,3.9052133811267935,360
20,300,no_residual_score_only,229,3.9037776905222787,360
20,300,no_residual_score_only,230,3.8969785365789957,360
20,300,no_residual_score_only,231,3.895673075439402,360
20,300,no_residual_score_only,232,3.89226676802131,360
20,300,no_residual_score_only,233,3.8879684409851762,360
20,300,no_residual_score_only,234,3.8864576461869134,360
20,300,no_residual_score_only,235,3.881687333530437,360
20,300,no_residual_score_only,236,3.8786608524608694,360
20,300,no_residual_score_only,237,3.877946820988527,360
20,300,no_residual_score_only,238,3.87297368126856,360
20,300,no_residual_score_only,239,3.870269272016707,360
20,300,no_residual_score_only,240,3.8605717180465153,360
20,300,no_residual_score_only,241,3.8554804457503775,360
20,300,no_residual_score_only,242,3.8522490277543935,360
20,300,no_residual_score_only,243,3.8513148760857385,360
20,300,no_residual_score_only,244,3.8455436081794114,360
20,300,no_residual_score_only,245,3.842826644765275,360
20,300,no_residual_score_only,246,3.83927165801131,360
20,300,no_residual_score_only,247,3.837812563677612,360
20,300,no_residual_score_only,248,3.832070403665952,360
20,300,no_residual_score_only,249,3.829863494906025,360
20,300,no_residual_score_only,250,3.8269148181464745,360
20,300,no_residual_score_only,251,3.8264221426897667,360
20,300,no_residual_score_only,252,3.8224948574044277,360
20,300,no_residual_score_only,253,3.8202953110329454,360
20,300,no_residual_score_only,254,3.815912731102833,360
20,300,no_residual_score_only,255,3.812782760565202,360
20,300,no_residual_score_only,256,3.8081565215685567,360
20,300,no_residual_score_only,257,3.8080874221496677,360
20,300,no_residual_score_only,258,3.799771466716251,360
20,300,no_residual_score_only,259,3.795689384317633,360
20,300,no_residual_score_only,260,3.7872321100127606,360
20,300,no_residual_score_only,261,3.7828978054046796,360
20,300,no_residual_score_only,262,3.7780070650270634,360
20,300,no_residual_score_only,263,3.7751062916531044,360
20,300,no_residual_score_only,264,3.7672232674948454,360
20,300,no_residual_score_only,265,3.763017369247956,360
20,300,no_residual_score_only,266,3.749391695054259,360
20,300,no_residual_score_only,267,3.7404532772742254,360
20,300,no_residual_score_only,268,3.7348770868393655,360
20,300,no_residual_score_only,269,3.7256021607773726,360
20,300,no_residual_score_only,270,3.7195621154637655,360
20,300,no_residual_score_only,271,3.7189506545414384,360
20,300,no_residual_score_only,272,3.711804293676994,360
20,300,no_residual_score_only,273,3.7115171196196233,360
20,300,no_residual_score_only,274,3.6996606770128935,360
20,300,no_residual_score_only,275,3.699138485267503,360
20,300,no_residual_score_only,276,3.6934756941065103,360
20,300,no_residual_score_only,277,3.683058167575375,360
20,300,no_residual_score_only,278,3.6716620399010997,360
20,300,no_residual_score_only,279,3.6712791604826256,360
20,300,no_residual_score_only,280,3.6640224348328374,360
20,300,no_residual_score_only,281,3.6637828158479304,360
20,300,no_residual_score_only,282,3.6570860718134592,360
20,300,no_residual_score_only,283,3.6570860718134592,360
20,300,no_residual_score_only,284,3.6529725651265457,360
20,300,no_residual_score_only,285,3.6529576713310403,360
20,300,no_residual_score_only,286,3.6468486113605487,360
20,300,no_residual_score_only,287,3.645012453616243,360
20,300,no_residual_score_only,288,3.640292468770967,360
20,300,no_residual_score_only,289,3.6394280673383173,360
20,300,no_residual_score_only,290,3.6339510542858675,360
20,300,no_residual_score_only,291,3.63268514265206,360
20,300,no_residual_score_only,292,3.6296061660888874,360
20,300,no_residual_score_only,293,3.6290503397289875,360
20,300,no_residual_score_only,294,3.6221546861884377,360
20,300,no_residual_score_only,295,3.621956624007252,360
20,300,no_residual_score_only,296,3.6180669748959096,360
20,300,no_residual_score_only,297,3.6136664738726223,360
20,300,no_residual_score_only,298,3.6045711160564533,360
20,300,no_residual_score_only,299,3.604287689887318,360
20,300,no_residual_score_only,300,3.598476030887648,360
20,300,cma_es,1,5.546818504033666,360
20,300,cma_es,2,5.326913811844556,360
20,300,cma_es,3,5.258543269313997,360
20,300,cma_es,4,5.208227235750439,360
20,300,cma_es,5,5.158455306809808,360
20,300,cma_es,6,5.116490280552448,360
20,300,cma_es,7,5.072951203229636,360
20,300,cma_es,8,5.031804643496737,360
20,300,cma_es,9,4.979180807862637,360
20,300,cma_es,10,4.95352090708854,360
20,300,cma_es,11,4.889065525965064,360
20,300,cma_es,12,4.831189476900661,360
20,300,cma_es,13,4.78607862176715,360
20,300,cma_es,14,4.759229343395213,360
20,300,cma_es,15,4.745347662361703,360
20,300,cma_es,16,4.7269335086364945,360
20,300,cma_es,17,4.703763260300577,360
20,300,cma_es,18,4.6915564774253316,360
20,300,cma_es,19,4.67438531745599,360
20,300,cma_es,20,4.666418540021203,360
20,300,cma_es,21,4.624253592555758,360
20,300,cma_es,22,4.599618084584086,360
20,300,cma_es,23,4.56427415978752,360
20,300,cma_es,24,4.552135597339162,360
20,300,cma_es,25,4.522548659803751,360
20,300,cma_es,26,4.51087481855382,360
20,300,cma_es,27,4.4911196560311435,360
20,300,cma_es,28,4.485491678657163,360
20,300,cma_es,29,4.478798584647485,360
20,300,cma_es,30,4.4630453121786395,360
20,300,cma_es,31,4.438483120145091,360
20,300,cma_es,32,4.414561256983902,360
20,300,cma_es,33,4.4004022424718885,360
20,300,cma_es,34,4.383441330779751,360
20,300,cma_es,35,4.377811992349139,360
20,300,cma_es,36,4.370440503040986,360
20,300,cma_es,37,4.345276947702462,360
20,300,cma_es,38,4.336456952997386,360
20,300,cma_es,39,4.3278751327443885,360
20,300,cma_es,40,4.316906045691212,360
20,300,cma_es,41,4.296640763151149,360
20,300,cma_es,42,4.285004993775651,360
20,300,cma_es,43,4.269690256503377,360
20,300,cma_es,44,4.256554174102609,360
20,300,cma_es,45,4.2531846882556605,360
20,300,cma_es,46,4.246635924178964,360
20,300,cma_es,47,4.242700255353201,360
20,300,cma_es,48,4.235318161694921,360
20,300,cma_es,49,4.224172897779909,360
20,300,cma_es,50,4.213071665584327,360
20,300,cma_es,51,4.204722964989552,360
20,300,cma_es,52,4.193101884806012,360
20,300,cma_es,53,4.186659898777991,360
20,300,cma_es,54,4.182414961267889,360
20,300,cma_es,55,4.175995744815757,360
20,300,cma_es,56,4.172436396202592,360
20,300,cma_es,57,4.150853875286865,360
20,300,cma_es,58,4.147209908770852,360
20,300,cma_es,59,4.137023197569368,360
20,300,cma_es,60,4.133636553498994,360
20,300,cma_es,61,4.1278848599283195,360
20,300,cma_es,62,4.121922818673966,360
20,300,cma_es,63,4.117782694935519,360
20,300,cma_es,64,4.111788594987122,360
20,300,cma_es,65,4.105797745698229,360
20,300,cma_es,66,4.101268767095435,360
20,300,cma_es,67,4.085897225893227,360
20,300,cma_es,68,4.0819488779664335,360
20,300,cma_es,69,4.077593162227952,360
20,300,cma_es,70,4.074761885404466,360
20,300,cma_es,71,4.0711403661714005,360
20,300,cma_es,72,4.062048744048672,360
20,300,cma_es,73,4.056553601578386,360
20,300,cma_es,74,4.053479433656077,360
20,300,cma_es,75,4.043113597840787,360
20,300,cma_es,76,4.040376185778272,360
20,300,cma_es,77,4.025800377641144,360
20,300,cma_es,78,4.017480461652412,360
20,300,cma_es,79,4.0145303478671,360
20,300,cma_es,80,4.010909175277021,360
20,300,cma_es,81,4.007592673624026,360
20,300,cma_es,82,4.004803648667263,360
20,300,cma_es,83,3.999542652026099,360
20,300,cma_es,84,3.995067932852575,360
20,300,cma_es,85,3.9907208488367174,360
20,300,cma_es,86,3.9876404334526305,360
20,300,cma_es,87,3.98456354864144,360
20,300,cma_es,88,3.9787151131706304,360
20,300,cma_es,89,3.9723896876673375,360
20,300,cma_es,90,3.9670440489106866,360
20,300,cma_es,91,3.963898930761792,360
20,300,cma_es,92,3.9598462292482184,360
20,300,cma_es,93,3.958493773499877,360
20,300,cma_es,94,3.956208633552561,360
20,300,cma_es,95,3.951816686322887,360
20,300,cma_es,96,3.946467680259603,360
20,300,cma_es,97,3.9444111708812986,360
20,300,cma_es,98,3.9409994787893337,360
20,300,cma_es,99,3.9405914099499184,360
20,300,cma_es,100,3.938850640958185,360
20,300,cma_es,101,3.9361994785899976,360
20,300,cma_es,102,3.933961691914206,360
20,300,cma_es,103,3.9318043290571327,360
20,300,cma_es,104,3.9176044237510927,360
20,300,cma_es,105,3.9129005741346043,360
20,300,cma_es,106,3.9092155250462173,360
20,300,cma_es,107,3.9002417726767824,360
20,300,cma_es,108,3.8960003123276556,360
20,300,cma_es,109,3.8933958077888877,360
20,300,cma_es,110,3.890465815146348,360
20,300,cma_es,111,3.884139566123073,360
20,300,cma_es,112,3.8809592493527005,360
20,300,cma_es,113,3.8707343718271883,360
20,300,cma_es,114,3.8694086668620016,360
20,300,cma_es,115,3.8671922669548056,360
20,300,cma_es,116,3.86624717454239,360
20,300,cma_es,117,3.8604242149671655,360
20,300,cma_es,118,3.8583363138429823,360
20,300,cma_es,119,3.856479323606791,360
20,300,cma_es,120,3.8536614341625652,360
20,300,cma_es,121,3.850542353540471,360
20,300,cma_es,122,3.8470090164992645,360
20,300,cma_es,123,3.8460645038918178,360
20,300,cma_es,124,3.8427566215223936,360
20,300,cma_es,125,3.830094036965091,360
20,300,cma_es,126,3.828956148923296,360
20,300,cma_es,127,3.827057471999093,360
20,300,cma_es,128,3.823501593074936,360
20,300,cma_es,129,3.821124533222407,360
20,300,cma_es,130,3.8200477212206083,360
20,300,cma_es,131,3.817486829560703,360
20,300,cma_es,132,3.8154350439440066,360
20,300,cma_es,133,3.811072999110518,360
20,300,cma_es,134,3.808959766026939,360
20,300,cma_es,135,3.8064865848241496,360
20,300,cma_es,136,3.804423275579987,360
20,300,cma_es,137,3.802450683906251,360
20,300,cma_es,138,3.7996047691123227,360
20,300,cma_es,139,3.7984824236735344,360
20,300,cma_es,140,3.7878247195056107,360
20,300,cma_es,141,3.7857225349864208,360
20,300,cma_es,142,3.7823766557719822,360
20,300,cma_es,143,3.7815718089997206,360
20,300,cma_es,144,3.780376011328047,360
20,300,cma_es,145,3.773446107980656,360
20,300,cma_es,146,3.7706822496445787,360
20,300,cma_es,147,3.769312848985286,360
20,300,cma_es,148,3.7671427441968404,360
20,300,cma_es,149,3.7566341145357534,360
20,300,cma_es,150,3.7498020063172386,360
20,300,cma_es,151,3.7473636947393416,360
20,300,cma_es,152,3.744670410353772,360
20,300,cma_es,153,3.743607124950129,360
20,300,cma_es,154,3.7420889291103654,360
20,300,cma_es,155,3.7401631437098715,360
20,300,cma_es,156,3.7352570421450793,360
20,300,cma_es,157,3.7336639441990997,360
20,300,cma_es,158,3.730764275675275,360
20,300,cma_es,159,3.7296579700781725,360
20,300,cma_es,160,3.727064840914493,360
20,300,cma_es,161,3.7236781626398567,360
20,300,cma_es,162,3.723085366744959,360
20,300,cma_es,163,3.721951154391191,360
20,300,cma_es,164,3.7209574666558765,360
20,300,cma_es,165,3.720643116474141,360
20,300,cma_es,166,3.715161588665107,360
20,300,cma_es,167,3.711362411316305,360
20,300,cma_es,168,3.7098127907785443,360
20,300,cma_es,169,3.7061496249375496,360
20,300,cma_es,170,3.705026983688008,360
20,300,cma_es,171,3.703309485036978,360
20,300,cma_es,172,3.7007316192493533,360
20,300,cma_es,173,3.6996871687146244,360
20,300,cma_es,174,3.6972062833160275,360
20,300,cma_es,175,3.694248797108257,360
20,300,cma_es,176,3.6911940209807894,360
20,300,cma_es,177,3.6905614509630804,360
20,300,cma_es,178,3.6891591537397246,360
20,300,cma_es,179,3.6875845650357046,360
20,300,cma_es,180,3.6871795661617055,360
20,300,cma_es,181,3.6853247913250655,360
20,300,cma_es,182,3.6844287268085147,360
20,300,cma_es,183,3.678971492502576,360
20,300,cma_es,184,3.6765901058902446,360
20,300,cma_es,185,3.6731618580301295,360
20,300,cma_es,186,3.672221921455516,360
20,300,cma_es,187,3.6702321146518706,360
20,300,cma_es,188,3.6692319806836298,360
20,300,cma_es,189,3.665023327630569,360
20,300,cma_es,190,3.6644073207541954,360
20,300,cma_es,191,3.662596824908806,360
20,300,cma_es,192,3.661720692701504,360
20,300,cma_es,193,3.6596112524672524,360
20,300,cma_es,194,3.6584026597325696,360
20,300,cma_es,195,3.6572631848735107,360
20,300,cma_es,196,3.654840119365997,360
20,300,cma_es,197,3.6536535145635765,360
20,300,cma_es,198,3.6536412110617036,360
20,300,cma_es,199,3.6532607935592525,360
20,300,cma_es,200,3.6525070668097004,360
20,300,cma_es,201,3.650932860456397,360
20,300,cma_es,202,3.649845598772097,360
20,300,cma_es,203,3.64811467995827,360
20,300,cma_es,204,3.6458306416562714,360
20,300,cma_es,205,3.6424315549586184,360
20,300,cma_es,206,3.6410308216307357,360
20,300,cma_es,207,3.6403314050824345,360
20,300,cma_es,208,3.6390255236906617,360
20,300,cma_es,209,3.6370806925663963,360
20,300,cma_es,210,3.6365429407971948,360
20,300,cma_es,211,3.635164364537994,360
20,300,cma_es,212,3.6346187126482774,360
20,300,cma_es,213,3.6338895570057455,360
20,300,cma_es,214,3.6307330944207736,360
20,300,cma_es,215,3.6297332071199846,360
20,300,cma_es,216,3.6268192672367703,360
20,300,cma_es,217,3.625916497264207,360
20,300,cma_es,218,3.6245129346561202,360
20,300,cma_es,219,3.6238213850331547,360
20,300,cma_es,220,3.62203797683235,360
20,300,cma_es,221,3.6200002135521663,360
20,300,cma_es,222,3.618818703089693,360
20,300,cma_es,223,3.6179711769607428,360
20,300,cma_es,224,3.6163733952046546,360
20,300,cma_es,225,3.6140110836493653,360
20,300,cma_es,226,3.6124760255092,360
20,300,cma_es,227,3.6107403039108115,360
20,300,cma_es,228,3.6094509245108783,360
20,300,cma_es,229,3.6084272802964295,360
20,300,cma_es,230,3.6081493242026172,360
20,300,cma_es,231,3.6069194265811952,360
20,300,cma_es,232,3.605698937751022,360
20,300,cma_es,233,3.604722696669416,360
20,300,cma_es,234,3.6031645994620254,360
20,300,cma_es,235,3.6028890618573413,360
20,300,cma_es,236,3.601981875979679,360
20,300,cma_es,237,3.6016265015261086,360
20,300,cma_es,238,3.5992682799027227,360
20,300,cma_es,239,3.5982422708420088,360
20,300,cma_es,240,3.597084227762607,360
20,300,cma_es,241,3.594681735354503,360
20,300,cma_es,242,3.5913766030266228,360
20,300,cma_es,243,3.5878707829252607,360
20,300,cma_es,244,3.585990941612313,360
20,300,cma_es,245,3.5850570159136956,360
20,300,cma_es,246,3.582402016830609,360
20,300,cma_es,247,3.581225168006167,360
20,300,cma_es,248,3.5786209787201835,360
20,300,cma_es,249,3.5771230610875966,360
20,300,cma_es,250,3.5768040851183067,360
20,300,cma_es,251,3.575696086923696,360
20,300,cma_es,252,3.573660501697102,360
20,300,cma_es,253,3.573186446028832,360
20,300,cma_es,254,3.5720037757542693,360
20,300,cma_es,255,3.5679141710886686,360
20,300,cma_es,256,3.5667433437220026,360
20,300,cma_es,257,3.564194298372833,360
20,300,cma_es,258,3.5624686359981306,360
20,300,cma_es,259,3.561067287002828,360
20,300,cma_es,260,3.559998196855938,360
20,300,cma_es,261,3.5589333871928033,360
20,300,cma_es,262,3.5528552871845087,360
20,300,cma_es,263,3.5496275251568576,360
20,300,cma_es,264,3.5491733911221814,360
20,300,cma_es,265,3.547696101303456,360
20,300,cma_es,266,3.545272163240234,360
20,300,cma_es,267,3.5423518348319836,360
20,300,cma_es,268,3.5414013487240275,360
20,300,cma_es,269,3.539542760646548,360
20,300,cma_es,270,3.5391132819395215,360
20,300,cma_es,271,3.5383892916899553,360
20,300,cma_es,272,3.532475164778572,360
20,300,cma_es,273,3.531209057929167,360
20,300,cma_es,274,3.5303682434836516,360
20,300,cma_es,275,3.528832446243707,360
20,300,cma_es,276,3.528448274007553,360
20,300,cma_es,277,3.5266382024251803,360
20,300,cma_es,278,3.525843015688409,360
20,300,cma_es,279,3.5255369613453897,360
20,300,cma_es,280,3.524889166100092,360
20,300,cma_es,281,3.522774815100245,360
20,300,cma_es,282,3.5203061633241512,360
20,300,cma_es,283,3.519337856690136,360
20,300,cma_es,284,3.518175826821306,360
20,300,cma_es,285,3.516193132334679,360
20,300,cma_es,286,3.5151014750806877,360
20,300,cma_es,287,3.5139180419305385,360
20,300,cma_es,288,3.51348531760638,360
20,300,cma_es,289,3.5118406711578047,360
20,300,cma_es,290,3.510849502363229,360
20,300,cma_es,291,3.509039926106896,360
20,300,cma_es,292,3.5071738011633293,360
20,300,cma_es,293,3.5064340969107017,360
20,300,cma_es,294,3.501329583545414,360
20,300,cma_es,295,3.5006036605824167,360
20,300,cma_es,296,3.4975602359354383,360
20,300,cma_es,297,3.4957877543330853,360
20,300,cma_es,298,3.4941533233249795,360
20,300,cma_es,299,3.4933038056102523,360
20,300,cma_es,300,3.492176067369576,360
20,300,gp_ei,1,5.77894686928893,360
20,300,gp_ei,2,5.553530522345473,360
20,300,gp_ei,3,5.4085489708788135,360
20,300,gp_ei,4,5.3236576264758195,360
20,300,gp_ei,5,5.244434402395324,360
20,300,gp_ei,6,5.16527275524796,360
20,300,gp_ei,7,5.116797417021826,360
20,300,gp_ei,8,5.073140600034366,360
20,300,gp_ei,9,5.050986129060483,360
20,300,gp_ei,10,5.02102475919136,360
20,300,gp_ei,11,5.001919549823126,360
20,300,gp_ei,12,4.988984257157259,360
20,300,gp_ei,13,4.960721576564759,360
20,300,gp_ei,14,4.936290388575811,360
20,300,gp_ei,15,4.9296561661457,360
20,300,gp_ei,16,4.916113165731975,360
20,300,gp_ei,17,4.903851010578896,360
20,300,gp_ei,18,4.89676878605105,360
20,300,gp_ei,19,4.882956092748645,360
20,300,gp_ei,20,4.876469332056622,360
20,300,gp_ei,21,4.840587876862232,360
20,300,gp_ei,22,4.8149952496808615,360
20,300,gp_ei,23,4.787333989301103,360
20,300,gp_ei,24,4.762676500243293,360
20,300,gp_ei,25,4.746503932139022,360
20,300,gp_ei,26,4.717412743042115,360
20,300,gp_ei,27,4.6988375049082265,360
20,300,gp_ei,28,4.676290851206315,360
20,300,gp_ei,29,4.656990010651764,360
20,300,gp_ei,30,4.642127258601876,360
20,300,gp_ei,31,4.6272699720045924,360
20,300,gp_ei,32,4.61644374290221,360
20,300,gp_ei,33,4.600077654655916,360
20,300,gp_ei,34,4.585987844714095,360
20,300,gp_ei,35,4.569755280867468,360
20,300,gp_ei,36,4.560099556240932,360
20,300,gp_ei,37,4.547075897295441,360
20,300,gp_ei,38,4.531912092354669,360
20,300,gp_ei,39,4.521818767298352,360
20,300,gp_ei,40,4.5126724452808515,360
20,300,gp_ei,41,4.486349719692475,360
20,300,gp_ei,42,4.46851426328748,360
20,300,gp_ei,43,4.45073883245255,360
20,300,gp_ei,44,4.433385601905714,360
20,300,gp_ei,45,4.420075760146582,360
20,300,gp_ei,46,4.407283721001904,360
20,300,gp_ei,47,4.390087611332324,360
20,300,gp_ei,48,4.377766646182606,360
20,300,gp_ei,49,4.364536122378979,360
20,300,gp_ei,50,4.349789877018521,360
20,300,gp_ei,51,4.33648249939192,360
20,300,gp_ei,52,4.327791035336358,360
20,300,gp_ei,53,4.323349879051026,360
20,300,gp_ei,54,4.316710774232212,360
20,300,gp_ei,55,4.3063598622155626,360
20,300,gp_ei,56,4.297541371663063,360
20,300,gp_ei,57,4.291117563286051,360
20,300,gp_ei,58,4.284908061091268,360
20,300,gp_ei,59,4.276186013656194,360
20,300,gp_ei,60,4.270252141892001,360
20,300,gp_ei,61,4.262243591074857,360
20,300,gp_ei,62,4.253722856468539,360
20,300,gp_ei,63,4.247265353957491,360
20,300,gp_ei,64,4.2388105873277775,360
20,300,gp_ei,65,4.231699161261014,360
20,300,gp_ei,66,4.228446906063378,360
20,300,gp_ei,67,4.2242302323239365,360
20,300,gp_ei,68,4.217566753959003,360
20,300,gp_ei,69,4.201346174896759,360
20,300,gp_ei,70,4.194058496517001,360
20,300,gp_ei,71,4.187380117285504,360
20,300,gp_ei,72,4.180537885094759,360
20,300,gp_ei,73,4.172950524222206,360
20,300,gp_ei,74,4.163109338540933,360
20,300,gp_ei,75,4.15028658500565,360
20,300,gp_ei,76,4.1454271017682185,360
20,300,gp_ei,77,4.138474492281248,360
20,300,gp_ei,78,4.132441125951265,360
20,300,gp_ei,79,4.128220665896003,360
20,300,gp_ei,80,4.12444903903444,360
20,300,gp_ei,81,4.11605716935987,360
20,300,gp_ei,82,4.110943041464767,360
20,300,gp_ei,83,4.107112705818687,360
20,300,gp_ei,84,4.0983412313702425,360
20,300,gp_ei,85,4.093185737965502,360
20,300,gp_ei,86,4.089753590578537,360
20,300,gp_ei,87,4.08533235916107,360
20,300,gp_ei,88,4.082804803844599,360
20,300,gp_ei,89,4.075685138039948,360
20,300,gp_ei,90,4.072604399825643,360
20,300,gp_ei,91,4.069281724856637,360
20,300,gp_ei,92,4.064651462286339,360
20,300,gp_ei,93,4.058745726181699,360
20,300,gp_ei,94,4.055987337595971,360
20,300,gp_ei,95,4.051306587709711,360
20,300,gp_ei,96,4.045391936353954,360
20,300,gp_ei,97,4.039777435342968,360
20,300,gp_ei,98,4.035298834637988,360
20,300,gp_ei,99,4.031297757323637,360
20,300,gp_ei,100,4.023472120847026,360
20,300,gp_ei,101,4.016998543201535,360
20,300,gp_ei,102,4.014296686043616,360
20,300,gp_ei,103,4.008342770086811,360
20,300,gp_ei,104,3.9992433081356893,360
20,300,gp_ei,105,3.994279122214729,360
20,300,gp_ei,106,3.9817264831462533,360
20,300,gp_ei,107,3.9788715168259907,360
20,300,gp_ei,108,3.9706594440942165,360
20,300,gp_ei,109,3.9690341297310874,360
20,300,gp_ei,110,3.9602174988264474,360
20,300,gp_ei,111,3.958783743237612,360
20,300,gp_ei,112,3.9539477014772015,360
20,300,gp_ei,113,3.9496511289511314,360
20,300,gp_ei,114,3.939009527701493,360
20,300,gp_ei,115,3.9354185517623033,360
20,300,gp_ei,116,3.9326944571444464,360
20,300,gp_ei,117,3.928875164424847,360
20,300,gp_ei,118,3.9196624838523384,360
20,300,gp_ei,119,3.9175258930017427,360
20,300,gp_ei,120,3.9135706323512798,360
20,300,gp_ei,121,3.909268414015308,360
20,300,gp_ei,122,3.90502251211261,360
20,300,gp_ei,123,3.9025636035666578,360
20,300,gp_ei,124,3.898453422695098,360
20,300,gp_ei,125,3.8975088268498244,360
20,300,gp_ei,126,3.8958331558829076,360
20,300,gp_ei,127,3.8914970249000906,360
20,300,gp_ei,128,3.8893800387477597,360
20,300,gp_ei,129,3.8867676323317446,360
20,300,gp_ei,130,3.884180400868076,360
20,300,gp_ei,131,3.882014349916493,360
20,300,gp_ei,132,3.8793236570286354,360
20,300,gp_ei,133,3.8768973099673127,360
20,300,gp_ei,134,3.8723441909968876,360
20,300,gp_ei,135,3.865865665367456,360
20,300,gp_ei,136,3.8630425999405906,360
20,300,gp_ei,137,3.8564486380755567,360
20,300,gp_ei,138,3.8517119360860694,360
20,300,gp_ei,139,3.8510365924066745,360
20,300,gp_ei,140,3.847285599672396,360
20,300,gp_ei,141,3.84592119739093,360
20,300,gp_ei,142,3.845385090763902,360
20,300,gp_ei,143,3.841928927577224,360
20,300,gp_ei,144,3.833657898637945,360
20,300,gp_ei,145,3.8319625549778276,360
20,300,gp_ei,146,3.8310949362355347,360
20,300,gp_ei,147,3.8301821553653217,360
20,300,gp_ei,148,3.8293649381594683,360
20,300,gp_ei,149,3.8275888823168995,360
20,300,gp_ei,150,3.8266063986150542,360
20,300,gp_ei,151,3.820348740828915,360
20,300,gp_ei,152,3.817577085898372,360
20,300,gp_ei,153,3.8166708597963095,360
20,300,gp_ei,154,3.8115630846584865,360
20,300,gp_ei,155,3.809747482937483,360
20,300,gp_ei,156,3.8076042141868007,360
20,300,gp_ei,157,3.8049653573809743,360
20,300,gp_ei,158,3.800730110574238,360
20,300,gp_ei,159,3.7999418474599214,360
20,300,gp_ei,160,3.799822332918362,360
20,300,gp_ei,161,3.7978500291112227,360
20,300,gp_ei,162,3.7971073468455145,360
20,300,gp_ei,163,3.7951472596566056,360
20,300,gp_ei,164,3.7934448775503062,360
20,300,gp_ei,165,3.792630778225424,360
20,300,gp_ei,166,3.7913961295729246,360
20,300,gp_ei,167,3.790729499975503,360
20,300,gp_ei,168,3.789123433292669,360
20,300,gp_ei,169,3.7869152335309626,360
20,300,gp_ei,170,3.7861758655202555,360
20,300,gp_ei,171,3.784407960415189,360
20,300,gp_ei,172,3.7825415483732225,360
20,300,gp_ei,173,3.7817310143743916,360
20,300,gp_ei,174,3.7805681210580913,360
20,300,gp_ei,175,3.7780692699884804,360
20,300,gp_ei,176,3.7759351212802783,360
20,300,gp_ei,177,3.7746535797549767,360
20,300,gp_ei,178,3.768435020347184,360
20,300,gp_ei,179,3.767691896549165,360
20,300,gp_ei,180,3.7667480211186395,360
20,300,gp_ei,181,3.7661473544304878,360
20,300,gp_ei,182,3.7651804395816613,360
20,300,gp_ei,183,3.7642284547842157,360
20,300,gp_ei,184,3.761498913733927,360
20,300,gp_ei,185,3.759817966349032,360
20,300,gp_ei,186,3.7572498320839345,360
20,300,gp_ei,187,3.7550174579296414,360
20,300,gp_ei,188,3.7539268277650346,360
20,300,gp_ei,189,3.750324826351983,360
20,300,gp_ei,190,3.7500240044768343,360
20,300,gp_ei,191,3.749383299800718,360
20,300,gp_ei,192,3.7449200571429806,360
20,300,gp_ei,193,3.743811661158764,360
20,300,gp_ei,194,3.7403934980241282,360
20,300,gp_ei,195,3.738783129020893,360
20,300,gp_ei,196,3.7380964428710715,360
20,300,gp_ei,197,3.7370246053050495,360
20,300,gp_ei,198,3.7339894264083346,360
20,300,gp_ei,199,3.7325062487337997,360
20,300,gp_ei,200,3.7291649600398467,360
20,300,gp_ei,201,3.727603719809612,360
20,300,gp_ei,202,3.722228845206945,360
20,300,gp_ei,203,3.720669064474918,360
20,300,gp_ei,204,3.7189581959814557,360
20,300,gp_ei,205,3.7170943959998564,360
20,300,gp_ei,206,3.7163731457090856,360
20,300,gp_ei,207,3.71471959929461,360
20,300,gp_ei,208,3.7124190150859744,360
20,300,gp_ei,209,3.7118345353109756,360
20,300,gp_ei,210,3.7094540798264433,360
20,300,gp_ei,211,3.7084179424896844,360
20,300,gp_ei,212,3.7030004090365876,360
20,300,gp_ei,213,3.695516179469877,360
20,300,gp_ei,214,3.6945446669650384,360
20,300,gp_ei,215,3.693996399979216,360
20,300,gp_ei,216,3.6928914088356475,360
20,300,gp_ei,217,3.6909017431045665,360
20,300,gp_ei,218,3.6901374090836927,360
20,300,gp_ei,219,3.689568087933878,360
20,300,gp_ei,220,3.6858908756088202,360
20,300,gp_ei,221,3.6848904361571724,360
20,300,gp_ei,222,3.680795263184751,360
20,300,gp_ei,223,3.6807413088531047,360
20,300,gp_ei,224,3.680255101510449,360
20,300,gp_ei,225,3.6788193881001985,360
20,300,gp_ei,226,3.6785080857043786,360
20,300,gp_ei,227,3.6781464936526955,360
20,300,gp_ei,228,3.6774313516365473,360
20,300,gp_ei,229,3.6770070935460404,360
20,300,gp_ei,230,3.6762532060863844,360
20,300,gp_ei,231,3.675622237159656,360
20,300,gp_ei,232,3.6735201958044135,360
20,300,gp_ei,233,3.672181671711843,360
20,300,gp_ei,234,3.670943131960909,360
20,300,gp_ei,235,3.67045653773671,360
20,300,gp_ei,236,3.6603903834442084,360
20,300,gp_ei,237,3.657954269683215,360
20,300,gp_ei,238,3.657296859636187,360
20,300,gp_ei,239,3.6560892289497238,360
20,300,gp_ei,240,3.655849018281387,360
20,300,gp_ei,241,3.6545815991158586,360
20,300,gp_ei,242,3.6536354963119058,360
20,300,gp_ei,243,3.653076015585778,360
20,300,gp_ei,244,3.651731917718228,360
20,300,gp_ei,245,3.6509058516542074,360
20,300,gp_ei,246,3.6504038117753983,360
20,300,gp_ei,247,3.64533512148191,360
20,300,gp_ei,248,3.6444172152518917,360
20,300,gp_ei,249,3.644284586871621,360
20,300,gp_ei,250,3.642857968953737,360
20,300,gp_ei,251,3.6407627085776575,360
20,300,gp_ei,252,3.638909218785561,360
20,300,gp_ei,253,3.6381726944196813,360
20,300,gp_ei,254,3.636142726324835,360
20,300,gp_ei,255,3.6354779750475243,360
20,300,gp_ei,256,3.6346017883262367,360
20,300,gp_ei,257,3.6345343208272602,360
20,300,gp_ei,258,3.634255044111163,360
20,300,gp_ei,259,3.6326940654674424,360
20,300,gp_ei,260,3.631193022380942,360
20,300,gp_ei,261,3.630645280216982,360
20,300,gp_ei,262,3.6293917102676962,360
20,300,gp_ei,263,3.62898295441398,360
20,300,gp_ei,264,3.628231579548335,360
20,300,gp_ei,265,3.6280245854316178,360
20,300,gp_ei,266,3.6273398248905666,360
20,300,gp_ei,267,3.6254033262634646,360
20,300,gp_ei,268,3.6249849066705577,360
20,300,gp_ei,269,3.6239233991693673,360
20,300,gp_ei,270,3.614690900575466,360
20,300,gp_ei,271,3.61303984327639,360
20,300,gp_ei,272,3.6125619706626924,360
20,300,gp_ei,273,3.6113022946993776,360
20,300,gp_ei,274,3.6100376448060687,360
20,300,gp_ei,275,3.608558329137569,360
20,300,gp_ei,276,3.593961452905484,360
20,300,gp_ei,277,3.5939113939604637,360
20,300,gp_ei,278,3.59265480678212,360
20,300,gp_ei,279,3.5923651808408206,360
20,300,gp_ei,280,3.5923107253547713,360
20,300,gp_ei,281,3.5913011642701878,360
20,300,gp_ei,282,3.5894395082850554,360
20,300,gp_ei,283,3.5882644069150325,360
20,300,gp_ei,284,3.5844182472821613,360
20,300,gp_ei,285,3.5840453574181628,360
20,300,gp_ei,286,3.583142165827544,360
20,300,gp_ei,287,3.582533614437706,360
20,300,gp_ei,288,3.5800569224866816,360
20,300,gp_ei,289,3.5793478185224847,360
20,300,gp_ei,290,3.578941991239288,360
20,300,gp_ei,291,3.5771609964217452,360
20,300,gp_ei,292,3.5764338971605567,360
20,300,gp_ei,293,3.5761959431845565,360
20,300,gp_ei,294,3.575726678755667,360
20,300,gp_ei,295,3.5751049844909395,360
20,300,gp_ei,296,3.5706942629954597,360
20,300,gp_ei,297,3.570517571479509,360
20,300,gp_ei,298,3.570167134225033,360
20,300,gp_ei,299,3.569750000847313,360
20,300,gp_ei,300,3.56933904624765,360
20,600,no_residual,1,5.750189617829956,360
20,600,no_residual,2,5.5555143966173315,360
20,600,no_residual,3,5.396452332000923,360
20,600,no_residual,4,5.303650691127105,360
20,600,no_residual,5,5.223759531404653,360
20,600,no_residual,6,5.175766670931834,360
20,600,no_residual,7,5.123245892230437,360
20,600,no_residual,8,5.078010165512854,360
20,600,no_residual,9,5.043634567067868,360
20,600,no_residual,10,5.01326134701684,360
20,600,no_residual,11,4.993609852691357,360
20,600,no_residual,12,4.978211337776491,360
20,600,no_residual,13,4.96334595625144,360
20,600,no_residual,14,4.953142624013775,360
20,600,no_residual,15,4.934701049301315,360
20,600,no_residual,16,4.920927438060775,360
20,600,no_residual,17,4.912036024600845,360
20,600,no_residual,18,4.893283681032834,360
20,600,no_residual,19,4.888896799819756,360
20,600,no_residual,20,4.881273662346877,360
20,600,no_residual,21,4.873986816234903,360
20,600,no_residual,22,4.861458920473317,360
20,600,no_residual,23,4.848072351013583,360
20,600,no_residual,24,4.843044976872203,360
20,600,no_residual,25,4.83708193181802,360
20,600,no_residual,26,4.818186051519241,360
20,600,no_residual,27,4.814435163151809,360
20,600,no_residual,28,4.7993174119134405,360
20,600,no_residual,29,4.79414438756947,360
20,600,no_residual,30,4.7879466866863005,360
20,600,no_residual,31,4.784254082582079,360
20,600,no_residual,32,4.7755347252966125,360
20,600,no_residual,33,4.762875248499841,360
20,600,no_residual,34,4.757096061422998,360
20,600,no_residual,35,4.751421707603692,360
20,600,no_residual,36,4.735507712249474,360
20,600,no_residual,37,4.729554202228449,360
20,600,no_residual,38,4.726106236964874,360
20,600,no_residual,39,4.722521080254889,360
20,600,no_residual,40,4.719979958136108,360
20,600,no_residual,41,4.7137713311166785,360
20,600,no_residual,42,4.712208324398341,360
20,600,no_residual,43,4.7100620485227855,360
20,600,no_residual,44,4.7048422921968704,360
20,600,no_residual,45,4.702691568390986,360
20,600,no_residual,46,4.699844972478995,360
20,600,no_residual,47,4.698172132302462,360
20,600,no_residual,48,4.696916553286505,360
20,600,no_residual,49,4.696115410293984,360
20,600,no_residual,50,4.691604092797663,360
20,600,no_residual,51,4.6912229887296,360
20,600,no_residual,52,4.687791806895485,360
20,600,no_residual,53,4.681738679913732,360
20,600,no_residual,54,4.6806893783510075,360
20,600,no_residual,55,4.677855519839483,360
20,600,no_residual,56,4.676715246910075,360
20,600,no_residual,57,4.6745807791962495,360
20,600,no_residual,58,4.671639810445541,360
20,600,no_residual,59,4.668757921740728,360
20,600,no_residual,60,4.6661898058070905,360
20,600,no_residual,61,4.66327238945497,360
20,600,no_residual,62,4.662009719136208,360
20,600,no_residual,63,4.659791970791376,360
20,600,no_residual,64,4.657501519780548,360
20,600,no_residual,65,4.656431164715309,360
20,600,no_residual,66,4.652563783429573,360
20,600,no_residual,67,4.650194216625378,360
20,600,no_residual,68,4.649229721708763,360
20,600,no_residual,69,4.648302719720907,360
20,600,no_residual,70,4.6428365882275395,360
20,600,no_residual,71,4.640506868677076,360
20,600,no_residual,72,4.6400582728138335,360
20,600,no_residual,73,4.639441554157088,360
20,600,no_residual,74,4.637243621600286,360
20,600,no_residual,75,4.636941716091583,360
20,600,no_residual,76,4.634854448148288,360
20,600,no_residual,77,4.63314198112653,360
20,600,no_residual,78,4.626340403137948,360
20,600,no_residual,79,4.625527096155031,360
20,600,no_residual,80,4.623910775228569,360
20,600,no_residual,81,4.622636062799224,360
20,600,no_residual,82,4.621859281940448,360
20,600,no_residual,83,4.621793176027026,360
20,600,no_residual,84,4.621375149474335,360
20,600,no_residual,85,4.6210257407792845,360
20,600,no_residual,86,4.6201852993296955,360
20,600,no_residual,87,4.618561810289177,360
20,600,no_residual,88,4.615860634182249,360
20,600,no_residual,89,4.615149032272273,360
20,600,no_residual,90,4.613628240502516,360
20,600,no_residual,91,4.612499981077294,360
20,600,no_residual,92,4.60816224474423,360
20,600,no_residual,93,4.6075919096077165,360
20,600,no_residual,94,4.596844005384527,360
20,600,no_residual,95,4.591463467412275,360
20,600,no_residual,96,4.584964087254409,360
20,600,no_residual,97,4.583958144862367,360
20,600,no_residual,98,4.5834736401770515,360
20,600,no_residual,99,4.572054145636741,360
20,600,no_residual,100,4.572054145636741,360
20,600,no_residual,101,4.511414218280414,360
20,600,no_residual,102,4.503530297326029,360
20,600,no_residual,103,4.488086602439011,360
20,600,no_residual,104,4.480556813660608,360
20,600,no_residual,105,4.476009272915119,360
20,600,no_residual,106,4.472355792980748,360
20,600,no_residual,107,4.464921651518825,360
20,600,no_residual,108,4.461249900826294,360
20,600,no_residual,109,4.45637290365243,360
20,600,no_residual,110,4.441533467466298,360
20,600,no_residual,111,4.437618786240638,360
20,600,no_residual,112,4.433981624582481,360
20,600,no_residual,113,4.430988511643901,360
20,600,no_residual,114,4.422273757762976,360
20,600,no_residual,115,4.420449047391293,360
20,600,no_residual,116,4.415291390919079,360
20,600,no_residual,117,4.4092203884449,360
20,600,no_residual,118,4.402595723705187,360
20,600,no_residual,119,4.395526551393103,360
20,600,no_residual,120,4.391258619355397,360
20,600,no_residual,121,4.389767324382911,360
20,600,no_residual,122,4.3781117831476,360
20,600,no_residual,123,4.375911018654551,360
20,600,no_residual,124,4.372143104088619,360
20,600,no_residual,125,4.370587577683861,360
20,600,no_residual,126,4.367407176122967,360
20,600,no_residual,127,4.363315894026151,360
20,600,no_residual,128,4.3590832252412985,360
20,600,no_residual,129,4.358292548738852,360
20,600,no_residual,130,4.356040250564042,360
20,600,no_residual,131,4.349872242529234,360
20,600,no_residual,132,4.343049014589862,360
20,600,no_residual,133,4.341426907992594,360
20,600,no_residual,134,4.337415875007503,360
20,600,no_residual,135,4.335910902108872,360
20,600,no_residual,136,4.328944163811394,360
20,600,no_residual,137,4.324298784413661,360
20,600,no_residual,138,4.3195983299414875,360
20,600,no_residual,139,4.318302094263731,360
20,600,no_residual,140,4.312337675562131,360
20,600,no_residual,141,4.30604936585703,360
20,600,no_residual,142,4.299057463818964,360
20,600,no_residual,143,4.296102758050635,360
20,600,no_residual,144,4.289686385335463,360
20,600,no_residual,145,4.288734367467193,360
20,600,no_residual,146,4.281162676736719,360
20,600,no_residual,147,4.278721006753839,360
20,600,no_residual,148,4.27510259267042,360
20,600,no_residual,149,4.274353342254493,360
20,600,no_residual,150,4.268044175920536,360
20,600,no_residual,151,4.266848987870686,360
20,600,no_residual,152,4.263711625842301,360
20,600,no_residual,153,4.260822777288525,360
20,600,no_residual,154,4.255105814079919,360
20,600,no_residual,155,4.252786055962678,360
20,600,no_residual,156,4.2440516923633735,360
20,600,no_residual,157,4.241159909271859,360
20,600,no_residual,158,4.2388994503329975,360
20,600,no_residual,159,4.237219946171754,360
20,600,no_residual,160,4.229771531524216,360
20,600,no_residual,161,4.227962144173355,360
20,600,no_residual,162,4.221719173103063,360
20,600,no_residual,163,4.219999584276858,360
20,600,no_residual,164,4.212687203776014,360
20,600,no_residual,165,4.211248959839072,360
20,600,no_residual,166,4.208985826425594,360
20,600,no_residual,167,4.208135978241492,360
20,600,no_residual,168,4.193885268882817,360
20,600,no_residual,169,4.1908614268342355,360
20,600,no_residual,170,4.1861648389775254,360
20,600,no_residual,171,4.184649391601027,360
20,600,no_residual,172,4.179375431406289,360
20,600,no_residual,173,4.17818337940353,360
20,600,no_residual,174,4.1746143837568574,360
20,600,no_residual,175,4.172803601300653,360
20,600,no_residual,176,4.1672692916632075,360
20,600,no_residual,177,4.1659072778570145,360
20,600,no_residual,178,4.161297268507869,360
20,600,no_residual,179,4.160227919371865,360
20,600,no_residual,180,4.1562718279468855,360
20,600,no_residual,181,4.154801993285885,360
20,600,no_residual,182,4.148762299693034,360
20,600,no_residual,183,4.1478873599801345,360
20,600,no_residual,184,4.144206675662431,360
20,600,no_residual,185,4.141800355418234,360
20,600,no_residual,186,4.132207425722201,360
20,600,no_residual,187,4.130451138375763,360
20,600,no_residual,188,4.12486660396897,360
20,600,no_residual,189,4.116242294262291,360
20,600,no_residual,190,4.11157824653243,360
20,600,no_residual,191,4.1099019454999794,360
20,600,no_residual,192,4.10449311888701,360
20,600,no_residual,193,4.102999913232604,360
20,600,no_residual,194,4.0860768774572245,360
20,600,no_residual,195,4.08481941525121,360
20,600,no_residual,196,4.080019797127191,360
20,600,no_residual,197,4.07919915626477,360
20,600,no_residual,198,4.07300753233171,360
20,600,no_residual,199,4.066016083149035,360
20,600,no_residual,200,4.055460364655988,360
20,600,no_residual,201,4.054185498515616,360
20,600,no_residual,202,4.049695989234459,360
20,600,no_residual,203,4.047536987599969,360
20,600,no_residual,204,4.042382211920782,360
20,600,no_residual,205,4.041101632095243,360
20,600,no_residual,206,4.034216681907546,360
20,600,no_residual,207,4.032964336858609,360
20,600,no_residual,208,4.027405034721644,360
20,600,no_residual,209,4.025537765226246,360
20,600,no_residual,210,4.014682346653038,360
20,600,no_residual,211,4.012771120173621,360
20,600,no_residual,212,4.003856419291092,360
20,600,no_residual,213,4.002245256515748,360
20,600,no_residual,214,3.990634934808206,360
20,600,no_residual,215,3.9893048794112596,360
20,600,no_residual,216,3.9840938528340226,360
20,600,no_residual,217,3.981199037299582,360
20,600,no_residual,218,3.974270854846133,360
20,600,no_residual,219,3.9730821930343567,360
20,600,no_residual,220,3.9684138531421373,360
20,600,no_residual,221,3.960810456672821,360
20,600,no_residual,222,3.957549124811716,360
20,600,no_residual,223,3.9551546999509677,360
20,600,no_residual,224,3.9511283090183875,360
20,600,no_residual,225,3.946857650368762,360
20,600,no_residual,226,3.941997239679575,360
20,600,no_residual,227,3.9375850525491036,360
20,600,no_residual,228,3.932845106410138,360
20,600,no_residual,229,3.9315420653539337,360
20,600,no_residual,230,3.926795565483836,360
20,600,no_residual,231,3.9236792039153805,360
20,600,no_residual,232,3.917317112667698,360
20,600,no_residual,233,3.9160873755376775,360
20,600,no_residual,234,3.910814070148076,360
20,600,no_residual,235,3.896059790187447,360
20,600,no_residual,236,3.8924513745783837,360
20,600,no_residual,237,3.892258686497789,360
20,600,no_residual,238,3.883382434120928,360
20,600,no_residual,239,3.875169076523081,360
20,600,no_residual,240,3.871888912275005,360
20,600,no_residual,241,3.865416349035834,360
20,600,no_residual,242,3.8632723207656325,360
20,600,no_residual,243,3.861106326679904,360
20,600,no_residual,244,3.8585839165497555,360
20,600,no_residual,245,3.8576579050867066,360
20,600,no_residual,246,3.8459697201397174,360
20,600,no_residual,247,3.843853894763353,360
20,600,no_residual,248,3.8389063429127392,360
20,600,no_residual,249,3.8377192362341455,360
20,600,no_residual,250,3.83248590628552,360
20,600,no_residual,251,3.831164177309891,360
20,600,no_residual,252,3.8291852702768905,360
20,600,no_residual,253,3.8264045000124955,360
20,600,no_residual,254,3.818082588624883,360
20,600,no_residual,255,3.814425405837007,360
20,600,no_residual,256,3.810532972769538,360
20,600,no_residual,257,3.8094455830574345,360
20,600,no_residual,258,3.805547703785626,360
20,600,no_residual,259,3.800959305577114,360
20,600,no_residual,260,3.7869617811987957,360
20,600,no_residual,261,3.782074976922605,360
20,600,no_residual,262,3.777276470270398,360
20,600,no_residual,263,3.777010895305897,360
20,600,no_residual,264,3.7731218919624654,360
20,600,no_residual,265,3.7712629937591218,360
20,600,no_residual,266,3.7667779788893125,360
20,600,no_residual,267,3.765751368771268,360
20,600,no_residual,268,3.762228855760025,360
20,600,no_residual,269,3.7609296925873017,360
20,600,no_residual,270,3.757126770575317,360
20,600,no_residual,271,3.756327061862582,360
20,600,no_residual,272,3.7510840860924106,360
20,600,no_residual,273,3.7509275147692778,360
20,600,no_residual,274,3.746302264070918,360
20,600,no_residual,275,3.7424397393418665,360
20,600,no_residual,276,3.7377135156169716,360
20,600,no_residual,277,3.7376595207287293,360
20,600,no_residual,278,3.7352575650841473,360
20,600,no_residual,279,3.734804524400398,360
20,600,no_residual,280,3.7223498640299084,360
20,600,no_residual,281,3.7218905611644466,360
20,600,no_residual,282,3.711359556330754,360
20,600,no_residual,283,3.708991154755834,360
20,600,no_residual,284,3.706888913735831,360
20,600,no_residual,285,3.705788746598289,360
20,600,no_residual,286,3.700838974342176,360
20,600,no_residual,287,3.7005842381770035,360
20,600,no_residual,288,3.693661393673367,360
20,600,no_residual,289,3.6870666842548983,360
20,600,no_residual,290,3.6762410297920223,360
20,600,no_residual,291,3.6755695156132666,360
20,600,no_residual,292,3.671534355023929,360
20,600,no_residual,293,3.669614854005358,360
20,600,no_residual,294,3.6651947591268947,360
20,600,no_residual,295,3.6642817525937468,360
20,600,no_residual,296,3.6571287836045197,360
20,600,no_residual,297,3.6570402798292725,360
20,600,no_residual,298,3.6483420237508457,360
20,600,no_residual,299,3.6479816135953156,360
20,600,no_residual,300,3.642576963509894,360
20,600,no_residual,301,3.639807623519346,360
20,600,no_residual,302,3.6337096805484155,360
20,600,no_residual,303,3.6309501223507397,360
20,600,no_residual,304,3.6262809949065438,360
20,600,no_residual,305,3.6261991071702324,360
20,600,no_residual,306,3.6232091365836725,360
20,600,no_residual,307,3.6168670233859883,360
20,600,no_residual,308,3.6133398829571335,360
20,600,no_residual,309,3.6130886042282784,360
20,600,no_residual,310,3.60853141301209,360
20,600,no_residual,311,3.6084752367417345,360
20,600,no_residual,312,3.603020426616876,360
20,600,no_residual,313,3.601170767564345,360
20,600,no_residual,314,3.596737115785979,360
20,600,no_residual,315,3.5899384349779653,360
20,600,no_residual,316,3.585058964282812,360
20,600,no_residual,317,3.584803307019718,360
20,600,no_residual,318,3.57671832491246,360
20,600,no_residual,319,3.575850141876732,360
20,600,no_residual,320,3.5732362212505526,360
20,600,no_residual,321,3.573060053128671,360
20,600,no_residual,322,3.5674371262982065,360
20,600,no_residual,323,3.563309281205587,360
20,600,no_residual,324,3.5575355439395167,360
20,600,no_residual,325,3.5512947804689765,360
20,600,no_residual,326,3.5485734306873473,360
20,600,no_residual,327,3.5473333415594146,360
20,600,no_residual,328,3.5435935788751523,360
20,600,no_residual,329,3.541252329824911,360
20,600,no_residual,330,3.536896150078792,360
20,600,no_residual,331,3.536787492173825,360
20,600,no_residual,332,3.530705421925291,360
20,600,no_residual,333,3.528870304144434,360
20,600,no_residual,334,3.5217381487020942,360
20,600,no_residual,335,3.5204414497472287,360
20,600,no_residual,336,3.51545217357063,360
20,600,no_residual,337,3.5151471671736823,360
20,600,no_residual,338,3.503623208618658,360
20,600,no_residual,339,3.4913321699708155,360
20,600,no_residual,340,3.487976752640811,360
20,600,no_residual,341,3.4876124777778954,360
20,600,no_residual,342,3.4836810187454907,360
20,600,no_residual,343,3.4792721526779498,360
20,600,no_residual,344,3.476731387298583,360
20,600,no_residual,345,3.4753940015533686,360
20,600,no_residual,346,3.4678406814367695,360
20,600,no_residual,347,3.4662141670540128,360
20,600,no_residual,348,3.4596161543632222,360
20,600,no_residual,349,3.4596161543632222,360
20,600,no_residual,350,3.4550176540858057,360
20,600,no_residual,351,3.4534098225389385,360
20,600,no_residual,352,3.44003808524222,360
20,600,no_residual,353,3.439576371893788,360
20,600,no_residual,354,3.4338407202695587,360
20,600,no_residual,355,3.4332453223804116,360
20,600,no_residual,356,3.4212396169610293,360
20,600,no_residual,357,3.4212396169610293,360
20,600,no_residual,358,3.4150134094135907,360
20,600,no_residual,359,3.413618215659398,360
20,600,no_residual,360,3.40914514285242,360
20,600,no_residual,361,3.40914514285242,360
20,600,no_residual,362,3.405925413013981,360
20,600,no_residual,363,3.404932240678308,360
20,600,no_residual,364,3.3964246690732067,360
20,600,no_residual,365,3.3955481942514596,360
20,600,no_residual,366,3.3929075773903894,360
20,600,no_residual,367,3.379969408860793,360
20,600,no_residual,368,3.3725665573698307,360
20,600,no_residual,369,3.3725665573698307,360
20,600,no_residual,370,3.368320693918723,360
20,600,no_residual,371,3.368320693918723,360
20,600,no_residual,372,3.3649854325219213,360
20,600,no_residual,373,3.3647229319890735,360
20,600,no_residual,374,3.3575984493521758,360
20,600,no_residual,375,3.3574667354450707,360
20,600,no_residual,376,3.354151662711767,360
20,600,no_residual,377,3.3492801340088985,360
20,600,no_residual,378,3.341420494014648,360
20,600,no_residual,379,3.341385957851781,360
20,600,no_residual,380,3.338354494781385,360
20,600,no_residual,381,3.3383121115320344,360
20,600,no_residual,382,3.3339285529576754,360
20,600,no_residual,383,3.3339285529576754,360
20,600,no_residual,384,3.3300005301249898,360
20,600,no_residual,385,3.329205236488581,360
20,600,no_residual,386,3.322274719546143,360
20,600,no_residual,387,3.3197566687755007,360
20,600,no_residual,388,3.316663674736034,360
20,600,no_residual,389,3.316663674736034,360
20,600,no_residual,390,3.3101946565657188,360
20,600,no_residual,391,3.3098578845103708,360
20,600,no_residual,392,3.3057619951871113,360
20,600,no_residual,393,3.3057619951871113,360
20,600,no_residual,394,3.3005311513964166,360
20,600,no_residual,395,3.300494254775437,360
20,600,no_residual,396,3.291629775001507,360
20,600,no_residual,397,3.291629775001507,360
20,600,no_residual,398,3.2876659311831746,360
20,600,no_residual,399,3.2876629479345434,360
20,600,no_residual,400,3.2819018737070764,360
20,600,no_residual,401,3.2819018737070764,360
20,600,no_residual,402,3.2746780812325444,360
20,600,no_residual,403,3.2746780812325444,360
20,600,no_residual,404,3.2702835041391163,360
20,600,no_residual,405,3.2702835041391163,360
20,600,no_residual,406,3.2658127141897095,360
20,600,no_residual,407,3.2658127141897095,360
20,600,no_residual,408,3.2617139687824257,360
20,600,no_residual,409,3.2617139687824257,360
20,600,no_residual,410,3.252636288902078,360
20,600,no_residual,411,3.2526299112661317,360
20,600,no_residual,412,3.246964769780888,360
20,600,no_residual,413,3.246964769780888,360
20,600,no_residual,414,3.241988992266584,360
20,600,no_residual,415,3.2419888735966595,360
20,600,no_residual,416,3.237532857725334,360
20,600,no_residual,417,3.237532857725334,360
20,600,no_residual,418,3.2313307807487437,360
20,600,no_residual,419,3.2313307807487437,360
20,600,no_residual,420,3.2252335290635545,360
20,600,no_residual,421,3.223045655656418,360
20,600,no_residual,422,3.219104365944731,360
20,600,no_residual,423,3.2190975375181368,360
20,600,no_residual,424,3.216481458856856,360
20,600,no_residual,425,3.216481458856856,360
20,600,no_residual,426,3.212478322769627,360
20,600,no_residual,427,3.2118168843239703,360
20,600,no_residual,428,3.204573938333669,360
20,600,no_residual,429,3.203795091494924,360
20,600,no_residual,430,3.1951569884991193,360
20,600,no_residual,431,3.1951569884991193,360
20,600,no_residual,432,3.1880902486407594,360
20,600,no_residual,433,3.1880858145234026,360
20,600,no_residual,434,3.17267205049257,360
20,600,no_residual,435,3.172586136590555,360
20,600,no_residual,436,3.16270637121305,360
20,600,no_residual,437,3.16270637121305,360
20,600,no_residual,438,3.1585836498246844,360
20,600,no_residual,439,3.1585836498246844,360
20,600,no_residual,440,3.152258108004277,360
20,600,no_residual,441,3.1522084842489115,360
20,600,no_residual,442,3.1474949022403482,360
20,600,no_residual,443,3.144823211819848,360
20,600,no_residual,444,3.140279773192757,360
20,600,no_residual,445,3.140279773192757,360
20,600,no_residual,446,3.136866809734618,360
20,600,no_residual,447,3.13662756433212,360
20,600,no_residual,448,3.133421762305858,360
20,600,no_residual,449,3.133421762305858,360
20,600,no_residual,450,3.1232400187106406,360
20,600,no_residual,451,3.1232400187106406,360
20,600,no_residual,452,3.115867805303709,360
20,600,no_residual,453,3.11585304447138,360
20,600,no_residual,454,3.1074081585988402,360
20,600,no_residual,455,3.107363945558986,360
20,600,no_residual,456,3.103811811986586,360
20,600,no_residual,457,3.103811811986586,360
20,600,no_residual,458,3.0966951765456,360
20,600,no_residual,459,3.0966951765456,360
20,600,no_residual,460,3.0925447812498073,360
20,600,no_residual,461,3.092050574897843,360
20,600,no_residual,462,3.0892735525428794,360
20,600,no_residual,463,3.0892735525428794,360
20,600,no_residual,464,3.083847215139464,360
20,600,no_residual,465,3.083847215139464,360
20,600,no_residual,466,3.081203951980502,360
20,600,no_residual,467,3.081203951980502,360
20,600,no_residual,468,3.0722176577594014,360
20,600,no_residual,469,3.0722176577594014,360
20,600,no_residual,470,3.0699971575458638,360
20,600,no_residual,471,3.068115339466133,360
20,600,no_residual,472,3.0629617333190144,360
20,600,no_residual,473,3.0629617333190144,360
20,600,no_residual,474,3.0599001280368547,360
20,600,no_residual,475,3.0599001280368547,360
20,600,no_residual,476,3.0566238554637044,360
20,600,no_residual,477,3.0566213858168907,360
20,600,no_residual,478,3.054322200873052,360
20,600,no_residual,479,3.054092176030056,360
20,600,no_residual,480,3.046776540781587,360
20,600,no_residual,481,3.046776540781587,360
20,600,no_residual,482,3.043200378600497,360
20,600,no_residual,483,3.0431862277185617,360
20,600,no_residual,484,3.041131709724772,360
20,600,no_residual,485,3.0410464533650807,360
20,600,no_residual,486,3.034805048685483,360
20,600,no_residual,487,3.0346858529692384,360
20,600,no_residual,488,3.0323226276731243,360
20,600,no_residual,489,3.032290663824892,360
20,600,no_residual,490,3.029279104015549,360
20,600,no_residual,491,3.029279104015549,360
20,600,no_residual,492,3.026614532854686,360
20,600,no_residual,493,3.026614532854686,360
20,600,no_residual,494,3.0210475535893164,360
20,600,no_residual,495,3.0210475535893164,360
20,600,no_residual,496,3.0167190418806036,360
20,600,no_residual,497,3.0167190418806036,360
20,600,no_residual,498,3.0141118044931647,360
20,600,no_residual,499,3.014099570800782,360
20,600,no_residual,500,3.0117127834037256,360
20,600,no_residual,501,3.0117127834037256,360
20,600,no_residual,502,3.0066911926702,360
20,600,no_residual,503,3.006681858632568,360
20,600,no_residual,504,3.0041470519725215,360
20,600,no_residual,505,3.0041008863424965,360
20,600,no_residual,506,3.001893124284156,360
20,600,no_residual,507,3.001893124284156,360
20,600,no_residual,508,2.99990247421339,360
20,600,no_residual,509,2.99990247421339,360
20,600,no_residual,510,2.99490819596504,360
20,600,no_residual,511,2.99490819596504,360
20,600,no_residual,512,2.9917261086969877,360
20,600,no_residual,513,2.9917261086969877,360
20,600,no_residual,514,2.98153767571158,360
20,600,no_residual,515,2.98153767571158,360
20,600,no_residual,516,2.9788839378985874,360
20,600,no_residual,517,2.9788839378985874,360
20,600,no_residual,518,2.9747767537315286,360
20,600,no_residual,519,2.9747767537315286,360
20,600,no_residual,520,2.9708291488293193,360
20,600,no_residual,521,2.9708291488293193,360
20,600,no_residual,522,2.966573722396459,360
20,600,no_residual,523,2.966573722396459,360
20,600,no_residual,524,2.9641347344160787,360
20,600,no_residual,525,2.9640971241435707,360
20,600,no_residual,526,2.962163107512447,360
20,600,no_residual,527,2.962163107512447,360
20,600,no_residual,528,2.9593692850337314,360
20,600,no_residual,529,2.9593692850337314,360
20,600,no_residual,530,2.956955859973959,360
20,600,no_residual,531,2.9568928208198924,360
20,600,no_residual,532,2.9548576617367392,360
20,600,no_residual,533,2.9548576617367392,360
20,600,no_residual,534,2.9514503941777686,360
20,600,no_residual,535,2.9514503941777686,360
20,600,no_residual,536,2.9398356836378814,360
20,600,no_residual,537,2.9398356836378814,360
20,600,no_residual,538,2.9371056803272806,360
20,600,no_residual,539,2.9370999994858,360
20,600,no_residual,540,2.9291730388549753,360
20,600,no_residual,541,2.929166649646611,360
20,600,no_residual,542,2.9267953593474143,360
20,600,no_residual,543,2.925585369648097,360
20,600,no_residual,544,2.9214019420081585,360
20,600,no_residual,545,2.9213843472180723,360
20,600,no_residual,546,2.9179751543275225,360
20,600,no_residual,547,2.9179751543275225,360
20,600,no_residual,548,2.9086129195525228,360
20,600,no_residual,549,2.9086129195525228,360
20,600,no_residual,550,2.9066420287634007,360
20,600,no_residual,551,2.9066420287634007,360
20,600,no_residual,552,2.9044978102661676,360
20,600,no_residual,553,2.9044978102661676,360
20,600,no_residual,554,2.902069806921268,360
20,600,no_residual,555,2.9020588948256987,360
20,600,no_residual,556,2.899945525057999,360
20,600,no_residual,557,2.8999424006897434,360
20,600,no_residual,558,2.8936095860738846,360
20,600,no_residual,559,2.8936095860738846,360
20,600,no_residual,560,2.890961404859263,360
20,600,no_residual,561,2.890961404859263,360
20,600,no_residual,562,2.8883702140958123,360
20,600,no_residual,563,2.8883702140958123,360
20,600,no_residual,564,2.8869992495643313,360
20,600,no_residual,565,2.8869992495643313,360
20,600,no_residual,566,2.883021827656927,360
20,600,no_residual,567,2.883021827656927,360
20,600,no_residual,568,2.880702172696902,360
20,600,no_residual,569,2.880700934859998,360
20,600,no_residual,570,2.8706268521553935,360
20,600,no_residual,571,2.8706268521553935,360
20,600,no_residual,572,2.8643614913457562,360
20,600,no_residual,573,2.8643614913457562,360
20,600,no_residual,574,2.863345849257746,360
20,600,no_residual,575,2.8630423333860073,360
20,600,no_residual,576,2.8591238425539616,360
20,600,no_residual,577,2.8578833191603734,360
20,600,no_residual,578,2.8563009335123324,360
20,600,no_residual,579,2.8563009335123324,360
20,600,no_residual,580,2.847398719103162,360
20,600,no_residual,581,2.847398719103162,360
20,600,no_residual,582,2.846530738311129,360
20,600,no_residual,583,2.8462949130066892,360
20,600,no_residual,584,2.8446176548432156,360
20,600,no_residual,585,2.8446176548432156,360
20,600,no_residual,586,2.8407400995903767,360
20,600,no_residual,587,2.8407330874192183,360
20,600,no_residual,588,2.8375285347731523,360
20,600,no_residual,589,2.8375285347731523,360
20,600,no_residual,590,2.835287817609271,360
20,600,no_residual,591,2.835287817609271,360
20,600,no_residual,592,2.8337913223513667,360
20,600,no_residual,593,2.8337913223513667,360
20,600,no_residual,594,2.8322027138056303,360
20,600,no_residual,595,2.8322027138056303,360
20,600,no_residual,596,2.827974006270555,360
20,600,no_residual,597,2.827974006270555,360
20,600,no_residual,598,2.822962034223818,360
20,600,no_residual,599,2.822962034223818,360
20,600,no_residual,600,2.8198429539597942,360
20,600,anchor_only,1,5.750189617829956,360
20,600,anchor_only,2,5.5555143966173315,360
20,600,anchor_only,3,5.396452332000923,360
20,600,anchor_only,4,5.303650691127105,360
20,600,anchor_only,5,5.223759531404653,360
20,600,anchor_only,6,5.175766670931834,360
20,600,anchor_only,7,5.123245892230437,360
20,600,anchor_only,8,5.078010165512854,360
20,600,anchor_only,9,5.043634567067868,360
20,600,anchor_only,10,5.01326134701684,360
20,600,anchor_only,11,4.993609852691357,360
20,600,anchor_only,12,4.978211337776491,360
20,600,anchor_only,13,4.96334595625144,360
20,600,anchor_only,14,4.953142624013775,360
20,600,anchor_only,15,4.934701049301315,360
20,600,anchor_only,16,4.920927438060775,360
20,600,anchor_only,17,4.912036024600845,360
20,600,anchor_only,18,4.893283681032834,360
20,600,anchor_only,19,4.888896799819756,360
20,600,anchor_only,20,4.881273662346877,360
20,600,anchor_only,21,4.873986816234903,360
20,600,anchor_only,22,4.861458920473317,360
20,600,anchor_only,23,4.848072351013583,360
20,600,anchor_only,24,4.843044976872203,360
20,600,anchor_only,25,4.83708193181802,360
20,600,anchor_only,26,4.818186051519241,360
20,600,anchor_only,27,4.814435163151809,360
20,600,anchor_only,28,4.7993174119134405,360
20,600,anchor_only,29,4.79414438756947,360
20,600,anchor_only,30,4.7879466866863005,360
20,600,anchor_only,31,4.784254082582079,360
20,600,anchor_only,32,4.7755347252966125,360
20,600,anchor_only,33,4.762875248499841,360
20,600,anchor_only,34,4.757096061422998,360
20,600,anchor_only,35,4.751421707603692,360
20,600,anchor_only,36,4.735507712249474,360
20,600,anchor_only,37,4.729554202228449,360
20,600,anchor_only,38,4.726106236964874,360
20,600,anchor_only,39,4.722521080254889,360
20,600,anchor_only,40,4.719979958136108,360
20,600,anchor_only,41,4.7137713311166785,360
20,600,anchor_only,42,4.712208324398341,360
20,600,anchor_only,43,4.7100620485227855,360
20,600,anchor_only,44,4.7048422921968704,360
20,600,anchor_only,45,4.702691568390986,360
20,600,anchor_only,46,4.699844972478995,360
20,600,anchor_only,47,4.698172132302462,360
20,600,anchor_only,48,4.696916553286505,360
20,600,anchor_only,49,4.696115410293984,360
20,600,anchor_only,50,4.691604092797663,360
20,600,anchor_only,51,4.6912229887296,360
20,600,anchor_only,52,4.687791806895485,360
20,600,anchor_only,53,4.681738679913732,360
20,600,anchor_only,54,4.6806893783510075,360
20,600,anchor_only,55,4.677855519839483,360
20,600,anchor_only,56,4.676715246910075,360
20,600,anchor_only,57,4.6745807791962495,360
20,600,anchor_only,58,4.671639810445541,360
20,600,anchor_only,59,4.668757921740728,360
20,600,anchor_only,60,4.6661898058070905,360
20,600,anchor_only,61,4.66327238945497,360
20,600,anchor_only,62,4.662009719136208,360
20,600,anchor_only,63,4.659791970791376,360
20,600,anchor_only,64,4.657501519780548,360
20,600,anchor_only,65,4.656431164715309,360
20,600,anchor_only,66,4.652563783429573,360
20,600,anchor_only,67,4.650194216625378,360
20,600,anchor_only,68,4.649229721708763,360
20,600,anchor_only,69,4.648302719720907,360
20,600,anchor_only,70,4.6428365882275395,360
20,600,anchor_only,71,4.640506868677076,360
20,600,anchor_only,72,4.6400582728138335,360
20,600,anchor_only,73,4.639441554157088,360
20,600,anchor_only,74,4.637243621600286,360
20,600,anchor_only,75,4.636941716091583,360
20,600,anchor_only,76,4.634854448148288,360
20,600,anchor_only,77,4.63314198112653,360
20,600,anchor_only,78,4.626340403137948,360
20,600,anchor_only,79,4.625527096155031,360
20,600,anchor_only,80,4.623910775228569,360
20,600,anchor_only,81,4.622636062799224,360
20,600,anchor_only,82,4.621859281940448,360
20,600,anchor_only,83,4.621793176027026,360
20,600,anchor_only,84,4.621375149474335,360
20,600,anchor_only,85,4.6210257407792845,360
20,600,anchor_only,86,4.6201852993296955,360
20,600,anchor_only,87,4.618561810289177,360
20,600,anchor_only,88,4.615860634182249,360
20,600,anchor_only,89,4.615149032272273,360
20,600,anchor_only,90,4.613628240502516,360
20,600,anchor_only,91,4.612499981077294,360
20,600,anchor_only,92,4.60816224474423,360
20,600,anchor_only,93,4.6075919096077165,360
20,600,anchor_only,94,4.596844005384527,360
20,600,anchor_only,95,4.591463467412275,360
20,600,anchor_only,96,4.584964087254409,360
20,600,anchor_only,97,4.583958144862367,360
20,600,anchor_only,98,4.5834736401770515,360
20,600,anchor_only,99,4.572054145636741,360
20,600,anchor_only,100,4.572054145636741,360
20,600,anchor_only,101,4.511414218280414,360
20,600,anchor_only,102,4.503530297326029,360
20,600,anchor_only,103,4.488086602439011,360
20,600,anchor_only,104,4.480556813660608,360
20,600,anchor_only,105,4.476009272915119,360
20,600,anchor_only,106,4.472355792980748,360
20,600,anchor_only,107,4.464921651518825,360
20,600,anchor_only,108,4.461249900826294,360
20,600,anchor_only,109,4.45637290365243,360
20,600,anchor_only,110,4.455421290941954,360
20,600,anchor_only,111,4.453763441591184,360
20,600,anchor_only,112,4.452626238512998,360
20,600,anchor_only,113,4.445015611307336,360
20,600,anchor_only,114,4.439409329346216,360
20,600,anchor_only,115,4.436104309212063,360
20,600,anchor_only,116,4.432433530764398,360
20,600,anchor_only,117,4.430008900422065,360
20,600,anchor_only,118,4.428868699369436,360
20,600,anchor_only,119,4.420785163791718,360
20,600,anchor_only,120,4.41978362478844,360
20,600,anchor_only,121,4.4186553468352585,360
20,600,anchor_only,122,4.417881510390733,360
20,600,anchor_only,123,4.411258170286752,360
20,600,anchor_only,124,4.41009264065906,360
20,600,anchor_only,125,4.409183296099061,360
20,600,anchor_only,126,4.407728605415384,360
20,600,anchor_only,127,4.4028787323834,360
20,600,anchor_only,128,4.399733319927454,360
20,600,anchor_only,129,4.3970820812301055,360
20,600,anchor_only,130,4.3862640099567765,360
20,600,anchor_only,131,4.38515985373861,360
20,600,anchor_only,132,4.382813420558179,360
20,600,anchor_only,133,4.381047460691469,360
20,600,anchor_only,134,4.379110514204973,360
20,600,anchor_only,135,4.377784095669469,360
20,600,anchor_only,136,4.376234256638428,360
20,600,anchor_only,137,4.375877199136785,360
20,600,anchor_only,138,4.374867167811882,360
20,600,anchor_only,139,4.368436495137878,360
20,600,anchor_only,140,4.366275132968601,360
20,600,anchor_only,141,4.36415061630324,360
20,600,anchor_only,142,4.36160962800402,360
20,600,anchor_only,143,4.358681478228651,360
20,600,anchor_only,144,4.355921258765774,360
20,600,anchor_only,145,4.3538049200074544,360
20,600,anchor_only,146,4.3505241919855875,360
20,600,anchor_only,147,4.347767939608307,360
20,600,anchor_only,148,4.345881421660728,360
20,600,anchor_only,149,4.342885347909187,360
20,600,anchor_only,150,4.341309104894193,360
20,600,anchor_only,151,4.340597188370791,360
20,600,anchor_only,152,4.338802978252702,360
20,600,anchor_only,153,4.335749338913562,360
20,600,anchor_only,154,4.334671792152159,360
20,600,anchor_only,155,4.332347344194036,360
20,600,anchor_only,156,4.33066899802828,360
20,600,anchor_only,157,4.3288403286479324,360
20,600,anchor_only,158,4.326130774356614,360
20,600,anchor_only,159,4.32508619618149,360
20,600,anchor_only,160,4.319431846672436,360
20,600,anchor_only,161,4.316766504128075,360
20,600,anchor_only,162,4.314944519448647,360
20,600,anchor_only,163,4.312297483841309,360
20,600,anchor_only,164,4.310776993067216,360
20,600,anchor_only,165,4.307289461203725,360
20,600,anchor_only,166,4.303740487347758,360
20,600,anchor_only,167,4.30173855628781,360
20,600,anchor_only,168,4.2996439484712345,360
20,600,anchor_only,169,4.293151740826241,360
20,600,anchor_only,170,4.288746213419941,360
20,600,anchor_only,171,4.28344317393534,360
20,600,anchor_only,172,4.280333891709602,360
20,600,anchor_only,173,4.275898254405767,360
20,600,anchor_only,174,4.273979698436575,360
20,600,anchor_only,175,4.270386430195389,360
20,600,anchor_only,176,4.267057294155436,360
20,600,anchor_only,177,4.262265313757984,360
20,600,anchor_only,178,4.260426841599405,360
20,600,anchor_only,179,4.25604308520008,360
20,600,anchor_only,180,4.251968767700707,360
20,600,anchor_only,181,4.249254487703963,360
20,600,anchor_only,182,4.247058458536708,360
20,600,anchor_only,183,4.242130728118432,360
20,600,anchor_only,184,4.23679847215459,360
20,600,anchor_only,185,4.233239534803255,360
20,600,anchor_only,186,4.227802235944888,360
20,600,anchor_only,187,4.224237869047355,360
20,600,anchor_only,188,4.216590912457626,360
20,600,anchor_only,189,4.213588411840462,360
20,600,anchor_only,190,4.21060769356375,360
20,600,anchor_only,191,4.20079937536589,360
20,600,anchor_only,192,4.192049251084316,360
20,600,anchor_only,193,4.180966622867197,360
20,600,anchor_only,194,4.175091708640629,360
20,600,anchor_only,195,4.170150630440669,360
20,600,anchor_only,196,4.164536015711873,360
20,600,anchor_only,197,4.155714575970518,360
20,600,anchor_only,198,4.152362775945277,360
20,600,anchor_only,199,4.147892035203751,360
20,600,anchor_only,200,4.1428588825628125,360
20,600,anchor_only,201,4.140525448769896,360
20,600,anchor_only,202,4.132512126409645,360
20,600,anchor_only,203,4.1267371292483865,360
20,600,anchor_only,204,4.120100044488863,360
20,600,anchor_only,205,4.118876699862565,360
20,600,anchor_only,206,4.116481973708336,360
20,600,anchor_only,207,4.115481636025424,360
20,600,anchor_only,208,4.112441305820678,360
20,600,anchor_only,209,4.110103378226875,360
20,600,anchor_only,210,4.1068475229729,360
20,600,anchor_only,211,4.105054583371985,360
20,600,anchor_only,212,4.1026450769546985,360
20,600,anchor_only,213,4.100282876893999,360
20,600,anchor_only,214,4.098916923576653,360
20,600,anchor_only,215,4.098407950206872,360
20,600,anchor_only,216,4.095512815740591,360
20,600,anchor_only,217,4.093896299097334,360
20,600,anchor_only,218,4.089331525637418,360
20,600,anchor_only,219,4.088956650690497,360
20,600,anchor_only,220,4.086743644788672,360
20,600,anchor_only,221,4.084117948378501,360
20,600,anchor_only,222,4.08102711612658,360
20,600,anchor_only,223,4.079525089963561,360
20,600,anchor_only,224,4.078040155752179,360
20,600,anchor_only,225,4.077213415515294,360
20,600,anchor_only,226,4.065524367146287,360
20,600,anchor_only,227,4.063919280918584,360
20,600,anchor_only,228,4.061183126010362,360
20,600,anchor_only,229,4.0588153628865005,360
20,600,anchor_only,230,4.057831642767865,360
20,600,anchor_only,231,4.056546226836238,360
20,600,anchor_only,232,4.0508355804966145,360
20,600,anchor_only,233,4.04907432563034,360
20,600,anchor_only,234,4.0476873351671765,360
20,600,anchor_only,235,4.046853207740118,360
20,600,anchor_only,236,4.045742135398174,360
20,600,anchor_only,237,4.044613263795667,360
20,600,anchor_only,238,4.043972549023139,360
20,600,anchor_only,239,4.04286170313518,360
20,600,anchor_only,240,4.0424283174857285,360
20,600,anchor_only,241,4.041836406067361,360
20,600,anchor_only,242,4.0330754661227015,360
20,600,anchor_only,243,4.029364911591936,360
20,600,anchor_only,244,4.026403223951126,360
20,600,anchor_only,245,4.025856666831915,360
20,600,anchor_only,246,4.024814948690411,360
20,600,anchor_only,247,4.022240941648226,360
20,600,anchor_only,248,4.018529827031217,360
20,600,anchor_only,249,4.015884895734016,360
20,600,anchor_only,250,4.013813760774136,360
20,600,anchor_only,251,4.009992516346671,360
20,600,anchor_only,252,4.008957237855047,360
20,600,anchor_only,253,4.006395513416989,360
20,600,anchor_only,254,4.002312402745745,360
20,600,anchor_only,255,4.002202921530552,360
20,600,anchor_only,256,4.0018439110466755,360
20,600,anchor_only,257,3.9975326064424777,360
20,600,anchor_only,258,3.9943991756477915,360
20,600,anchor_only,259,3.993575903257648,360
20,600,anchor_only,260,3.993300737895989,360
20,600,anchor_only,261,3.9926052577762294,360
20,600,anchor_only,262,3.9919531019392367,360
20,600,anchor_only,263,3.991135243100628,360
20,600,anchor_only,264,3.9893613607995553,360
20,600,anchor_only,265,3.9886301554377623,360
20,600,anchor_only,266,3.988358961177121,360
20,600,anchor_only,267,3.9823911447498657,360
20,600,anchor_only,268,3.9818736558049674,360
20,600,anchor_only,269,3.9768961083904166,360
20,600,anchor_only,270,3.9716336384156348,360
20,600,anchor_only,271,3.9712496347139585,360
20,600,anchor_only,272,3.9695725673958253,360
20,600,anchor_only,273,3.964172300469225,360
20,600,anchor_only,274,3.9638458513606967,360
20,600,anchor_only,275,3.9629735773028814,360
20,600,anchor_only,276,3.962800592942449,360
20,600,anchor_only,277,3.9596772805392786,360
20,600,anchor_only,278,3.9595854472946725,360
20,600,anchor_only,279,3.9489425022507354,360
20,600,anchor_only,280,3.948472666836689,360
20,600,anchor_only,281,3.948024313496696,360
20,600,anchor_only,282,3.9479749763477154,360
20,600,anchor_only,283,3.9477200540659063,360
20,600,anchor_only,284,3.9475972935270613,360
20,600,anchor_only,285,3.941813228946736,360
20,600,anchor_only,286,3.941568188271376,360
20,600,anchor_only,287,3.9385661188905883,360
20,600,anchor_only,288,3.936201501303426,360
20,600,anchor_only,289,3.934902643044863,360
20,600,anchor_only,290,3.9348971978040113,360
20,600,anchor_only,291,3.9343217572997675,360
20,600,anchor_only,292,3.9305312295241084,360
20,600,anchor_only,293,3.9305312295241084,360
20,600,anchor_only,294,3.930139189675343,360
20,600,anchor_only,295,3.9251412826597543,360
20,600,anchor_only,296,3.9222120154580704,360
20,600,anchor_only,297,3.922104330267238,360
20,600,anchor_only,298,3.9221011252062046,360
20,600,anchor_only,299,3.92193025415923,360
20,600,anchor_only,300,3.9216542536876937,360
20,600,anchor_only,301,3.9201347730901777,360
20,600,anchor_only,302,3.9180624219807827,360
20,600,anchor_only,303,3.915822835839593,360
20,600,anchor_only,304,3.9157230041665745,360
20,600,anchor_only,305,3.914175311779252,360
20,600,anchor_only,306,3.914121006603235,360
20,600,anchor_only,307,3.9136438319682116,360
20,600,anchor_only,308,3.913544623847419,360
20,600,anchor_only,309,3.9115444652841345,360
20,600,anchor_only,310,3.9114992747935435,360
20,600,anchor_only,311,3.9111886545262307,360
20,600,anchor_only,312,3.9026550210677526,360
20,600,anchor_only,313,3.900194093939634,360
20,600,anchor_only,314,3.899998071419348,360
20,600,anchor_only,315,3.8930400700638317,360
20,600,anchor_only,316,3.8930181750815,360
20,600,anchor_only,317,3.8926910483236545,360
20,600,anchor_only,318,3.8915447023497,360
20,600,anchor_only,319,3.885308855174637,360
20,600,anchor_only,320,3.885269206477745,360
20,600,anchor_only,321,3.8820128415861888,360
20,600,anchor_only,322,3.8820128415861888,360
20,600,anchor_only,323,3.8759853243319906,360
20,600,anchor_only,324,3.875686702653977,360
20,600,anchor_only,325,3.8680942213122234,360
20,600,anchor_only,326,3.8672432597573287,360
20,600,anchor_only,327,3.8668136785712894,360
20,600,anchor_only,328,3.866676778133151,360
20,600,anchor_only,329,3.862056972597963,360
20,600,anchor_only,330,3.8620569036729515,360
20,600,anchor_only,331,3.861512525638647,360
20,600,anchor_only,332,3.85866863463751,360
20,600,anchor_only,333,3.8537712300905076,360
20,600,anchor_only,334,3.8530195132662004,360
20,600,anchor_only,335,3.852886440815401,360
20,600,anchor_only,336,3.8523724054249593,360
20,600,anchor_only,337,3.8520279305683047,360
20,600,anchor_only,338,3.852012099222187,360
20,600,anchor_only,339,3.852012099222187,360
20,600,anchor_only,340,3.8515107930278574,360
20,600,anchor_only,341,3.8488547881708137,360
20,600,anchor_only,342,3.8488402852002763,360
20,600,anchor_only,343,3.8464442020051917,360
20,600,anchor_only,344,3.8463099423950666,360
20,600,anchor_only,345,3.846231942754981,360
20,600,anchor_only,346,3.8459866853614963,360
20,600,anchor_only,347,3.8443206146191784,360
20,600,anchor_only,348,3.8437908469356383,360
20,600,anchor_only,349,3.843687519272369,360
20,600,anchor_only,350,3.8424706729903795,360
20,600,anchor_only,351,3.8415111673981945,360
20,600,anchor_only,352,3.838855745145162,360
20,600,anchor_only,353,3.835352029288935,360
20,600,anchor_only,354,3.8353467617224473,360
20,600,anchor_only,355,3.835282222357021,360
20,600,anchor_only,356,3.8352484078799653,360
20,600,anchor_only,357,3.8352190674989712,360
20,600,anchor_only,358,3.8352140414005746,360
20,600,anchor_only,359,3.8347251246188896,360
20,600,anchor_only,360,3.8346631345680318,360
20,600,anchor_only,361,3.8294516639809695,360
20,600,anchor_only,362,3.829346467432057,360
20,600,anchor_only,363,3.829274081379996,360
20,600,anchor_only,364,3.829147581254317,360
20,600,anchor_only,365,3.8275129661431015,360
20,600,anchor_only,366,3.827379115483311,360
20,600,anchor_only,367,3.820908068475343,360
20,600,anchor_only,368,3.8208645631716185,360
20,600,anchor_only,369,3.820560070577742,360
20,600,anchor_only,370,3.820479670719052,360
20,600,anchor_only,371,3.820281995872995,360
20,600,anchor_only,372,3.8202144806219924,360
20,600,anchor_only,373,3.819761911239443,360
20,600,anchor_only,374,3.819761911239443,360
20,600,anchor_only,375,3.8155307363761803,360
20,600,anchor_only,376,3.8155029576550934,360
20,600,anchor_only,377,3.8137191056228525,360
20,600,anchor_only,378,3.8136639377987653,360
20,600,anchor_only,379,3.811519513729321,360
20,600,anchor_only,380,3.811499103033287,360
20,600,anchor_only,381,3.8112712617471702,360
20,600,anchor_only,382,3.8112712617471702,360
20,600,anchor_only,383,3.8047965601911446,360
20,600,anchor_only,384,3.804768871432203,360
20,600,anchor_only,385,3.8047173454994114,360
20,600,anchor_only,386,3.8047173454994114,360
20,600,anchor_only,387,3.8047004700586307,360
20,600,anchor_only,388,3.804687987463385,360
20,600,anchor_only,389,3.804617537807807,360
20,600,anchor_only,390,3.8044896778253636,360
20,600,anchor_only,391,3.8042785438263063,360
20,600,anchor_only,392,3.804266492919385,360
20,600,anchor_only,393,3.8040497129627173,360
20,600,anchor_only,394,3.8040497129627173,360
20,600,anchor_only,395,3.803998602841399,360
20,600,anchor_only,396,3.803980196281705,360
20,600,anchor_only,397,3.803890130987212,360
20,600,anchor_only,398,3.803890130987212,360
20,600,anchor_only,399,3.803598710067037,360
20,600,anchor_only,400,3.803585246380596,360
20,600,anchor_only,401,3.803435210333753,360
20,600,anchor_only,402,3.8033836335017748,360
20,600,anchor_only,403,3.80159710924477,360
20,600,anchor_only,404,3.8015861105561926,360
20,600,anchor_only,405,3.8014729127219034,360
20,600,anchor_only,406,3.8014330643161887,360
20,600,anchor_only,407,3.801205816758933,360
20,600,anchor_only,408,3.8011715894627867,360
20,600,anchor_only,409,3.801145782539435,360
20,600,anchor_only,410,3.8011072643253883,360
20,600,anchor_only,411,3.8008416922286705,360
20,600,anchor_only,412,3.800839136739268,360
20,600,anchor_only,413,3.8006997891083687,360
20,600,anchor_only,414,3.800678502314998,360
20,600,anchor_only,415,3.8005447512048773,360
20,600,anchor_only,416,3.8004792763656017,360
20,600,anchor_only,417,3.800260207812504,360
20,600,anchor_only,418,3.8002476811607577,360
20,600,anchor_only,419,3.800243288990252,360
20,600,anchor_only,420,3.800240883318108,360
20,600,anchor_only,421,3.8001249017881054,360
20,600,anchor_only,422,3.800006743841495,360
20,600,anchor_only,423,3.797820478545126,360
20,600,anchor_only,424,3.7977860837195228,360
20,600,anchor_only,425,3.7977108858461133,360
20,600,anchor_only,426,3.7977066487148434,360
20,600,anchor_only,427,3.797642555827332,360
20,600,anchor_only,428,3.7976058875474905,360
20,600,anchor_only,429,3.797510089051799,360
20,600,anchor_only,430,3.7974784375484676,360
20,600,anchor_only,431,3.7973073175537464,360
20,600,anchor_only,432,3.797299934786183,360
20,600,anchor_only,433,3.797167046790368,360
20,600,anchor_only,434,3.7971616224619913,360
20,600,anchor_only,435,3.796703072767277,360
20,600,anchor_only,436,3.796689430215568,360
20,600,anchor_only,437,3.796644908196593,360
20,600,anchor_only,438,3.796596041929894,360
20,600,anchor_only,439,3.7965112739549585,360
20,600,anchor_only,440,3.796489536154715,360
20,600,anchor_only,441,3.7964807868202866,360
20,600,anchor_only,442,3.796448889572336,360
20,600,anchor_only,443,3.7962058691406844,360
20,600,anchor_only,444,3.7960721883351187,360
20,600,anchor_only,445,3.795991679774703,360
20,600,anchor_only,446,3.7959175273655292,360
20,600,anchor_only,447,3.795813479343343,360
20,600,anchor_only,448,3.795804779706157,360
20,600,anchor_only,449,3.7957831592497775,360
20,600,anchor_only,450,3.7957573321236606,360
20,600,anchor_only,451,3.795733500200423,360
20,600,anchor_only,452,3.795694025499049,360
20,600,anchor_only,453,3.793428114170165,360
20,600,anchor_only,454,3.7933885397218923,360
20,600,anchor_only,455,3.7932143145767547,360
20,600,anchor_only,456,3.793172211540508,360
20,600,anchor_only,457,3.793078612255926,360
20,600,anchor_only,458,3.7929852343425514,360
20,600,anchor_only,459,3.7928697071662825,360
20,600,anchor_only,460,3.7928089592206824,360
20,600,anchor_only,461,3.792766527086424,360
20,600,anchor_only,462,3.7927305698919365,360
20,600,anchor_only,463,3.7926953822662353,360
20,600,anchor_only,464,3.7925421289361783,360
20,600,anchor_only,465,3.792536538578079,360
20,600,anchor_only,466,3.7925243620143565,360
20,600,anchor_only,467,3.7925243620143565,360
20,600,anchor_only,468,3.7925118330939127,360
20,600,anchor_only,469,3.7925016029071403,360
20,600,anchor_only,470,3.7924954357441756,360
20,600,anchor_only,471,3.792454450646719,360
20,600,anchor_only,472,3.792423190387,360
20,600,anchor_only,473,3.7922636491676824,360
20,600,anchor_only,474,3.7922286829710865,360
20,600,anchor_only,475,3.7921680404814784,360
20,600,anchor_only,476,3.7921206276632367,360
20,600,anchor_only,477,3.7920447568781146,360
20,600,anchor_only,478,3.791988234261094,360
20,600,anchor_only,479,3.791985409579991,360
20,600,anchor_only,480,3.7919841869500606,360
20,600,anchor_only,481,3.7919182914075606,360
20,600,anchor_only,482,3.7918863220957397,360
20,600,anchor_only,483,3.791874356420683,360
20,600,anchor_only,484,3.791856374761168,360
20,600,anchor_only,485,3.791856374761168,360
20,600,anchor_only,486,3.791816025096403,360
20,600,anchor_only,487,3.791801193109904,360
20,600,anchor_only,488,3.791780057200666,360
20,600,anchor_only,489,3.791741396438064,360
20,600,anchor_only,490,3.791624563424662,360
20,600,anchor_only,491,3.7915946688508435,360
20,600,anchor_only,492,3.791560502117713,360
20,600,anchor_only,493,3.791464913660171,360
20,600,anchor_only,494,3.7914265597915486,360
20,600,anchor_only,495,3.791325793540115,360
20,600,anchor_only,496,3.7912973230524756,360
20,600,anchor_only,497,3.7911545249859038,360
20,600,anchor_only,498,3.79114535923774,360
20,600,anchor_only,499,3.791144012706878,360
20,600,anchor_only,500,3.7910581690154364,360
20,600,anchor_only,501,3.791010722604492,360
20,600,anchor_only,502,3.7909627571158335,360
20,600,anchor_only,503,3.79094584331932,360
20,600,anchor_only,504,3.7908932368547745,360
20,600,anchor_only,505,3.7908283553354574,360
20,600,anchor_only,506,3.7907768583449237,360
20,600,anchor_only,507,3.790772406400028,360
20,600,anchor_only,508,3.7907199039111323,360
20,600,anchor_only,509,3.790718202107608,360
20,600,anchor_only,510,3.790711165377292,360
20,600,anchor_only,511,3.7906418407484495,360
20,600,anchor_only,512,3.7906141019704855,360
20,600,anchor_only,513,3.7906141019704855,360
20,600,anchor_only,514,3.7905807862237335,360
20,600,anchor_only,515,3.790546200373312,360
20,600,anchor_only,516,3.790533946794742,360
20,600,anchor_only,517,3.790529153236643,360
20,600,anchor_only,518,3.790502632843892,360
20,600,anchor_only,519,3.7903931013643017,360
20,600,anchor_only,520,3.790377139332638,360
20,600,anchor_only,521,3.7903666134923615,360
20,600,anchor_only,522,3.790323377087394,360
20,600,anchor_only,523,3.7903163956575563,360
20,600,anchor_only,524,3.790291086178317,360
20,600,anchor_only,525,3.790239790524601,360
20,600,anchor_only,526,3.7902225186286667,360
20,600,anchor_only,527,3.790156935795719,360
20,600,anchor_only,528,3.7901230967944226,360
20,600,anchor_only,529,3.790118520855866,360
20,600,anchor_only,530,3.7900948289567165,360
20,600,anchor_only,531,3.7900579473995797,360
20,600,anchor_only,532,3.7900314043069208,360
20,600,anchor_only,533,3.7899662442482165,360
20,600,anchor_only,534,3.7899367707705793,360
20,600,anchor_only,535,3.789829697745353,360
20,600,anchor_only,536,3.78973623838508,360
20,600,anchor_only,537,3.789704763005106,360
20,600,anchor_only,538,3.7896791608216422,360
20,600,anchor_only,539,3.789669482437825,360
20,600,anchor_only,540,3.7896459063292296,360
20,600,anchor_only,541,3.7896392094982345,360
20,600,anchor_only,542,3.7896074731037594,360
20,600,anchor_only,543,3.7895470953498056,360
20,600,anchor_only,544,3.7895272410599,360
20,600,anchor_only,545,3.789475363314929,360
20,600,anchor_only,546,3.78945338626848,360
20,600,anchor_only,547,3.789438348069675,360
20,600,anchor_only,548,3.7894186814390625,360
20,600,anchor_only,549,3.789376277800162,360
20,600,anchor_only,550,3.789348071812779,360
20,600,anchor_only,551,3.7893294367722796,360
20,600,anchor_only,552,3.78930344679022,360
20,600,anchor_only,553,3.789303136168944,360
20,600,anchor_only,554,3.789277103188656,360
20,600,anchor_only,555,3.7892055166683636,360
20,600,anchor_only,556,3.789180022911334,360
20,600,anchor_only,557,3.789179484256333,360
20,600,anchor_only,558,3.7891478618581313,360
20,600,anchor_only,559,3.7891318344980864,360
20,600,anchor_only,560,3.7890903082939484,360
20,600,anchor_only,561,3.7890633435991288,360
20,600,anchor_only,562,3.7890256616581928,360
20,600,anchor_only,563,3.7889672303116546,360
20,600,anchor_only,564,3.7889534759711774,360
20,600,anchor_only,565,3.78892074842359,360
20,600,anchor_only,566,3.788911551772442,360
20,600,anchor_only,567,3.7889048544882686,360
20,600,anchor_only,568,3.7888838534676044,360
20,600,anchor_only,569,3.788868474149244,360
20,600,anchor_only,570,3.7888529072697827,360
20,600,anchor_only,571,3.7888529072697827,360
20,600,anchor_only,572,3.7888119976937853,360
20,600,anchor_only,573,3.7887671198159616,360
20,600,anchor_only,574,3.788743697969824,360
20,600,anchor_only,575,3.788702067267107,360
20,600,anchor_only,576,3.7886795301148237,360
20,600,anchor_only,577,3.788653652072933,360
20,600,anchor_only,578,3.7886350067003294,360
20,600,anchor_only,579,3.7885835483339196,360
20,600,anchor_only,580,3.7885645473352687,360
20,600,anchor_only,581,3.788562028653425,360
20,600,anchor_only,582,3.788518201556345,360
20,600,anchor_only,583,3.788481257711277,360
20,600,anchor_only,584,3.7884775252452263,360
20,600,anchor_only,585,3.7884540906427677,360
20,600,anchor_only,586,3.788417934982606,360
20,600,anchor_only,587,3.7880805227812555,360
20,600,anchor_only,588,3.788062860493985,360
20,600,anchor_only,589,3.7880291604296006,360
20,600,anchor_only,590,3.788005528031,360
20,600,anchor_only,591,3.7879884812254665,360
20,600,anchor_only,592,3.787957067260685,360
20,600,anchor_only,593,3.7879327340795754,360
20,600,anchor_only,594,3.7878995591503757,360
20,600,anchor_only,595,3.787879016916865,360
20,600,anchor_only,596,3.787863829477765,360
20,600,anchor_only,597,3.787836544796284,360
20,600,anchor_only,598,3.7878189716357196,360
20,600,anchor_only,599,3.78779100084053,360
20,600,anchor_only,600,3.787771700606156,360
20,600,no_residual_score_only,1,5.750189617829956,360
20,600,no_residual_score_only,2,5.5555143966173315,360
20,600,no_residual_score_only,3,5.396452332000923,360
20,600,no_residual_score_only,4,5.303650691127105,360
20,600,no_residual_score_only,5,5.223759531404653,360
20,600,no_residual_score_only,6,5.175766670931834,360
20,600,no_residual_score_only,7,5.123245892230437,360
20,600,no_residual_score_only,8,5.078010165512854,360
20,600,no_residual_score_only,9,5.043634567067868,360
20,600,no_residual_score_only,10,5.01326134701684,360
20,600,no_residual_score_only,11,4.993609852691357,360
20,600,no_residual_score_only,12,4.978211337776491,360
20,600,no_residual_score_only,13,4.96334595625144,360
20,600,no_residual_score_only,14,4.953142624013775,360
20,600,no_residual_score_only,15,4.934701049301315,360
20,600,no_residual_score_only,16,4.920927438060775,360
20,600,no_residual_score_only,17,4.912036024600845,360
20,600,no_residual_score_only,18,4.893283681032834,360
20,600,no_residual_score_only,19,4.888896799819756,360
20,600,no_residual_score_only,20,4.881273662346877,360
20,600,no_residual_score_only,21,4.873986816234903,360
20,600,no_residual_score_only,22,4.861458920473317,360
20,600,no_residual_score_only,23,4.848072351013583,360
20,600,no_residual_score_only,24,4.843044976872203,360
20,600,no_residual_score_only,25,4.83708193181802,360
20,600,no_residual_score_only,26,4.818186051519241,360
20,600,no_residual_score_only,27,4.814435163151809,360
20,600,no_residual_score_only,28,4.7993174119134405,360
20,600,no_residual_score_only,29,4.79414438756947,360
20,600,no_residual_score_only,30,4.7879466866863005,360
20,600,no_residual_score_only,31,4.784254082582079,360
20,600,no_residual_score_only,32,4.7755347252966125,360
20,600,no_residual_score_only,33,4.762875248499841,360
20,600,no_residual_score_only,34,4.757096061422998,360
20,600,no_residual_score_only,35,4.751421707603692,360
20,600,no_residual_score_only,36,4.735507712249474,360
20,600,no_residual_score_only,37,4.729554202228449,360
20,600,no_residual_score_only,38,4.726106236964874,360
20,600,no_residual_score_only,39,4.722521080254889,360
20,600,no_residual_score_only,40,4.719979958136108,360
20,600,no_residual_score_only,41,4.7137713311166785,360
20,600,no_residual_score_only,42,4.712208324398341,360
20,600,no_residual_score_only,43,4.7100620485227855,360
20,600,no_residual_score_only,44,4.7048422921968704,360
20,600,no_residual_score_only,45,4.702691568390986,360
20,600,no_residual_score_only,46,4.699844972478995,360
20,600,no_residual_score_only,47,4.698172132302462,360
20,600,no_residual_score_only,48,4.696916553286505,360
20,600,no_residual_score_only,49,4.696115410293984,360
20,600,no_residual_score_only,50,4.691604092797663,360
20,600,no_residual_score_only,51,4.6912229887296,360
20,600,no_residual_score_only,52,4.687791806895485,360
20,600,no_residual_score_only,53,4.681738679913732,360
20,600,no_residual_score_only,54,4.6806893783510075,360
20,600,no_residual_score_only,55,4.677855519839483,360
20,600,no_residual_score_only,56,4.676715246910075,360
20,600,no_residual_score_only,57,4.6745807791962495,360
20,600,no_residual_score_only,58,4.671639810445541,360
20,600,no_residual_score_only,59,4.668757921740728,360
20,600,no_residual_score_only,60,4.6661898058070905,360
20,600,no_residual_score_only,61,4.66327238945497,360
20,600,no_residual_score_only,62,4.662009719136208,360
20,600,no_residual_score_only,63,4.659791970791376,360
20,600,no_residual_score_only,64,4.657501519780548,360
20,600,no_residual_score_only,65,4.656431164715309,360
20,600,no_residual_score_only,66,4.652563783429573,360
20,600,no_residual_score_only,67,4.650194216625378,360
20,600,no_residual_score_only,68,4.649229721708763,360
20,600,no_residual_score_only,69,4.648302719720907,360
20,600,no_residual_score_only,70,4.6428365882275395,360
20,600,no_residual_score_only,71,4.640506868677076,360
20,600,no_residual_score_only,72,4.6400582728138335,360
20,600,no_residual_score_only,73,4.639441554157088,360
20,600,no_residual_score_only,74,4.637243621600286,360
20,600,no_residual_score_only,75,4.636941716091583,360
20,600,no_residual_score_only,76,4.634854448148288,360
20,600,no_residual_score_only,77,4.63314198112653,360
20,600,no_residual_score_only,78,4.626340403137948,360
20,600,no_residual_score_only,79,4.625527096155031,360
20,600,no_residual_score_only,80,4.623910775228569,360
20,600,no_residual_score_only,81,4.622636062799224,360
20,600,no_residual_score_only,82,4.621859281940448,360
20,600,no_residual_score_only,83,4.621793176027026,360
20,600,no_residual_score_only,84,4.621375149474335,360
20,600,no_residual_score_only,85,4.6210257407792845,360
20,600,no_residual_score_only,86,4.6201852993296955,360
20,600,no_residual_score_only,87,4.618561810289177,360
20,600,no_residual_score_only,88,4.615860634182249,360
20,600,no_residual_score_only,89,4.615149032272273,360
20,600,no_residual_score_only,90,4.613628240502516,360
20,600,no_residual_score_only,91,4.612499981077294,360
20,600,no_residual_score_only,92,4.60816224474423,360
20,600,no_residual_score_only,93,4.6075919096077165,360
20,600,no_residual_score_only,94,4.596844005384527,360
20,600,no_residual_score_only,95,4.591463467412275,360
20,600,no_residual_score_only,96,4.584964087254409,360
20,600,no_residual_score_only,97,4.583958144862367,360
20,600,no_residual_score_only,98,4.5834736401770515,360
20,600,no_residual_score_only,99,4.572054145636741,360
20,600,no_residual_score_only,100,4.572054145636741,360
20,600,no_residual_score_only,101,4.511414218280414,360
20,600,no_residual_score_only,102,4.490522784890854,360
20,600,no_residual_score_only,103,4.479100003972502,360
20,600,no_residual_score_only,104,4.470291025410512,360
20,600,no_residual_score_only,105,4.464368599028604,360
20,600,no_residual_score_only,106,4.457728622110346,360
20,600,no_residual_score_only,107,4.444208577745225,360
20,600,no_residual_score_only,108,4.441191768950914,360
20,600,no_residual_score_only,109,4.434314439378748,360
20,600,no_residual_score_only,110,4.426253204382978,360
20,600,no_residual_score_only,111,4.420575134324171,360
20,600,no_residual_score_only,112,4.417040216465793,360
20,600,no_residual_score_only,113,4.414800586567257,360
20,600,no_residual_score_only,114,4.411329610206982,360
20,600,no_residual_score_only,115,4.408476875343736,360
20,600,no_residual_score_only,116,4.4057172198987455,360
20,600,no_residual_score_only,117,4.402217749034662,360
20,600,no_residual_score_only,118,4.396864057550622,360
20,600,no_residual_score_only,119,4.392620090379838,360
20,600,no_residual_score_only,120,4.387113460724592,360
20,600,no_residual_score_only,121,4.384187274916741,360
20,600,no_residual_score_only,122,4.376630417344345,360
20,600,no_residual_score_only,123,4.366339728492177,360
20,600,no_residual_score_only,124,4.362362719288318,360
20,600,no_residual_score_only,125,4.353280846484549,360
20,600,no_residual_score_only,126,4.351218536539775,360
20,600,no_residual_score_only,127,4.349677692432028,360
20,600,no_residual_score_only,128,4.344789144508223,360
20,600,no_residual_score_only,129,4.34305302949286,360
20,600,no_residual_score_only,130,4.338697127012616,360
20,600,no_residual_score_only,131,4.336370351172427,360
20,600,no_residual_score_only,132,4.333095511390857,360
20,600,no_residual_score_only,133,4.329407302425227,360
20,600,no_residual_score_only,134,4.324989819934018,360
20,600,no_residual_score_only,135,4.323840140498268,360
20,600,no_residual_score_only,136,4.320514675861109,360
20,600,no_residual_score_only,137,4.316146882325793,360
20,600,no_residual_score_only,138,4.3140558295673985,360
20,600,no_residual_score_only,139,4.31317007168389,360
20,600,no_residual_score_only,140,4.309685319871726,360
20,600,no_residual_score_only,141,4.306512179562672,360
20,600,no_residual_score_only,142,4.302832506744984,360
20,600,no_residual_score_only,143,4.301465043927147,360
20,600,no_residual_score_only,144,4.296985393099777,360
20,600,no_residual_score_only,145,4.29197084437384,360
20,600,no_residual_score_only,146,4.284102862279627,360
20,600,no_residual_score_only,147,4.280598082325468,360
20,600,no_residual_score_only,148,4.275083580519475,360
20,600,no_residual_score_only,149,4.273301589844545,360
20,600,no_residual_score_only,150,4.2667749540009074,360
20,600,no_residual_score_only,151,4.264706754011987,360
20,600,no_residual_score_only,152,4.258301653827955,360
20,600,no_residual_score_only,153,4.256243495922724,360
20,600,no_residual_score_only,154,4.253662385684042,360
20,600,no_residual_score_only,155,4.250549805505511,360
20,600,no_residual_score_only,156,4.242524251063451,360
20,600,no_residual_score_only,157,4.24135294013458,360
20,600,no_residual_score_only,158,4.232576666100029,360
20,600,no_residual_score_only,159,4.2274922033687075,360
20,600,no_residual_score_only,160,4.226097456730695,360
20,600,no_residual_score_only,161,4.22492148619975,360
20,600,no_residual_score_only,162,4.220765489435568,360
20,600,no_residual_score_only,163,4.2196718059107585,360
20,600,no_residual_score_only,164,4.215481415675787,360
20,600,no_residual_score_only,165,4.213385936050051,360
20,600,no_residual_score_only,166,4.202073127111004,360
20,600,no_residual_score_only,167,4.19936492392315,360
20,600,no_residual_score_only,168,4.197022378555292,360
20,600,no_residual_score_only,169,4.195028276376597,360
20,600,no_residual_score_only,170,4.187601289855933,360
20,600,no_residual_score_only,171,4.185644232079745,360
20,600,no_residual_score_only,172,4.177527955195089,360
20,600,no_residual_score_only,173,4.172518877224821,360
20,600,no_residual_score_only,174,4.1661340993529565,360
20,600,no_residual_score_only,175,4.164867855588608,360
20,600,no_residual_score_only,176,4.159105131566638,360
20,600,no_residual_score_only,177,4.157131601730052,360
20,600,no_residual_score_only,178,4.151608258667219,360
20,600,no_residual_score_only,179,4.149100053741829,360
20,600,no_residual_score_only,180,4.140889474827882,360
20,600,no_residual_score_only,181,4.139080995027761,360
20,600,no_residual_score_only,182,4.137170793427353,360
20,600,no_residual_score_only,183,4.135955731272214,360
20,600,no_residual_score_only,184,4.131773183841428,360
20,600,no_residual_score_only,185,4.1300440082123,360
20,600,no_residual_score_only,186,4.127529327522255,360
20,600,no_residual_score_only,187,4.125650959495368,360
20,600,no_residual_score_only,188,4.121735548676886,360
20,600,no_residual_score_only,189,4.119070292166993,360
20,600,no_residual_score_only,190,4.115067487029229,360
20,600,no_residual_score_only,191,4.114857963008862,360
20,600,no_residual_score_only,192,4.109464329669353,360
20,600,no_residual_score_only,193,4.103174429660417,360
20,600,no_residual_score_only,194,4.0997780427786745,360
20,600,no_residual_score_only,195,4.0978426853506456,360
20,600,no_residual_score_only,196,4.090711513784925,360
20,600,no_residual_score_only,197,4.086201866089165,360
20,600,no_residual_score_only,198,4.081850574104089,360
20,600,no_residual_score_only,199,4.079740227408212,360
20,600,no_residual_score_only,200,4.0674302897177785,360
20,600,no_residual_score_only,201,4.06659599179308,360
20,600,no_residual_score_only,202,4.060103300785743,360
20,600,no_residual_score_only,203,4.0586473564734415,360
20,600,no_residual_score_only,204,4.0529814133037,360
20,600,no_residual_score_only,205,4.0512535921517046,360
20,600,no_residual_score_only,206,4.044451124811126,360
20,600,no_residual_score_only,207,4.04249310417857,360
20,600,no_residual_score_only,208,4.029342692117036,360
20,600,no_residual_score_only,209,4.028097380135979,360
20,600,no_residual_score_only,210,4.023868839643166,360
20,600,no_residual_score_only,211,4.02245038307157,360
20,600,no_residual_score_only,212,4.006347348722182,360
20,600,no_residual_score_only,213,4.003853299058292,360
20,600,no_residual_score_only,214,3.9966936941775835,360
20,600,no_residual_score_only,215,3.994312379075629,360
20,600,no_residual_score_only,216,3.9904944396288284,360
20,600,no_residual_score_only,217,3.9845201274729445,360
20,600,no_residual_score_only,218,3.9803139232927083,360
20,600,no_residual_score_only,219,3.9722570064169958,360
20,600,no_residual_score_only,220,3.9664720222697962,360
20,600,no_residual_score_only,221,3.963362541020081,360
20,600,no_residual_score_only,222,3.959859165495021,360
20,600,no_residual_score_only,223,3.9571192066637573,360
20,600,no_residual_score_only,224,3.9523787956769336,360
20,600,no_residual_score_only,225,3.9409871082687955,360
20,600,no_residual_score_only,226,3.93613594312145,360
20,600,no_residual_score_only,227,3.935181386904806,360
20,600,no_residual_score_only,228,3.931382003168458,360
20,600,no_residual_score_only,229,3.9285310231584765,360
20,600,no_residual_score_only,230,3.9226074510961038,360
20,600,no_residual_score_only,231,3.9184732550517176,360
20,600,no_residual_score_only,232,3.9136115331537757,360
20,600,no_residual_score_only,233,3.9128565996861053,360
20,600,no_residual_score_only,234,3.9087200737896737,360
20,600,no_residual_score_only,235,3.905511714140683,360
20,600,no_residual_score_only,236,3.900479416626247,360
20,600,no_residual_score_only,237,3.898509167086063,360
20,600,no_residual_score_only,238,3.893953228689994,360
20,600,no_residual_score_only,239,3.888892834690221,360
20,600,no_residual_score_only,240,3.8873814940866116,360
20,600,no_residual_score_only,241,3.882800535752104,360
20,600,no_residual_score_only,242,3.8740046391680227,360
20,600,no_residual_score_only,243,3.866901168127585,360
20,600,no_residual_score_only,244,3.86443590375604,360
20,600,no_residual_score_only,245,3.86193871392991,360
20,600,no_residual_score_only,246,3.8568921857911134,360
20,600,no_residual_score_only,247,3.8510760422225614,360
20,600,no_residual_score_only,248,3.844300579797288,360
20,600,no_residual_score_only,249,3.8407748563032342,360
20,600,no_residual_score_only,250,3.8369771484277964,360
20,600,no_residual_score_only,251,3.833960354278271,360
20,600,no_residual_score_only,252,3.8307848282838375,360
20,600,no_residual_score_only,253,3.828622752285858,360
20,600,no_residual_score_only,254,3.8271712878975377,360
20,600,no_residual_score_only,255,3.8209074484015684,360
20,600,no_residual_score_only,256,3.817335507883608,360
20,600,no_residual_score_only,257,3.8165800585590777,360
20,600,no_residual_score_only,258,3.808973040748538,360
20,600,no_residual_score_only,259,3.808088993878609,360
20,600,no_residual_score_only,260,3.8017834130150807,360
20,600,no_residual_score_only,261,3.800953984874348,360
20,600,no_residual_score_only,262,3.792267844002637,360
20,600,no_residual_score_only,263,3.7899084322437853,360
20,600,no_residual_score_only,264,3.783708254734586,360
20,600,no_residual_score_only,265,3.7719673212041633,360
20,600,no_residual_score_only,266,3.766218063581864,360
20,600,no_residual_score_only,267,3.766045431230508,360
20,600,no_residual_score_only,268,3.760959763999558,360
20,600,no_residual_score_only,269,3.75831777878153,360
20,600,no_residual_score_only,270,3.746843474289284,360
20,600,no_residual_score_only,271,3.7417036666363703,360
20,600,no_residual_score_only,272,3.734489001701747,360
20,600,no_residual_score_only,273,3.7344397763895048,360
20,600,no_residual_score_only,274,3.727986654290269,360
20,600,no_residual_score_only,275,3.72771107665056,360
20,600,no_residual_score_only,276,3.723052728536015,360
20,600,no_residual_score_only,277,3.7228374676861313,360
20,600,no_residual_score_only,278,3.7026164875911993,360
20,600,no_residual_score_only,279,3.7025189510394374,360
20,600,no_residual_score_only,280,3.6982341091076143,360
20,600,no_residual_score_only,281,3.698035561862346,360
20,600,no_residual_score_only,282,3.6887784933906183,360
20,600,no_residual_score_only,283,3.688675603496484,360
20,600,no_residual_score_only,284,3.671212744774087,360
20,600,no_residual_score_only,285,3.668057124267449,360
20,600,no_residual_score_only,286,3.6612181636152137,360
20,600,no_residual_score_only,287,3.6611704862622703,360
20,600,no_residual_score_only,288,3.65688527021882,360
20,600,no_residual_score_only,289,3.654792771831602,360
20,600,no_residual_score_only,290,3.6484727774719556,360
20,600,no_residual_score_only,291,3.6484727774719556,360
20,600,no_residual_score_only,292,3.642521805992402,360
20,600,no_residual_score_only,293,3.6363035599967213,360
20,600,no_residual_score_only,294,3.630127448377198,360
20,600,no_residual_score_only,295,3.630099914430954,360
20,600,no_residual_score_only,296,3.6252010716151664,360
20,600,no_residual_score_only,297,3.620237571251662,360
20,600,no_residual_score_only,298,3.6175587409760146,360
20,600,no_residual_score_only,299,3.6156870819986957,360
20,600,no_residual_score_only,300,3.6073671556537725,360
20,600,no_residual_score_only,301,3.606455464315642,360
20,600,no_residual_score_only,302,3.600473126943073,360
20,600,no_residual_score_only,303,3.600341566436615,360
20,600,no_residual_score_only,304,3.595671888700206,360
20,600,no_residual_score_only,305,3.594240604465832,360
20,600,no_residual_score_only,306,3.5882604409368923,360
20,600,no_residual_score_only,307,3.587956909250189,360
20,600,no_residual_score_only,308,3.585523615285833,360
20,600,no_residual_score_only,309,3.5852448946310744,360
20,600,no_residual_score_only,310,3.581480445456307,360
20,600,no_residual_score_only,311,3.578220978924725,360
20,600,no_residual_score_only,312,3.5724578885176403,360
20,600,no_residual_score_only,313,3.571035455452843,360
20,600,no_residual_score_only,314,3.5673777609918655,360
20,600,no_residual_score_only,315,3.56715787208028,360
20,600,no_residual_score_only,316,3.563079830978436,360
20,600,no_residual_score_only,317,3.558995745252711,360
20,600,no_residual_score_only,318,3.5553590352294306,360
20,600,no_residual_score_only,319,3.5552460975947664,360
20,600,no_residual_score_only,320,3.5447669676662987,360
20,600,no_residual_score_only,321,3.5447669676662987,360
20,600,no_residual_score_only,322,3.53213308278069,360
20,600,no_residual_score_only,323,3.5319074195472426,360
20,600,no_residual_score_only,324,3.5253893759976322,360
20,600,no_residual_score_only,325,3.5235541321454504,360
20,600,no_residual_score_only,326,3.518703157996459,360
20,600,no_residual_score_only,327,3.515539383952542,360
20,600,no_residual_score_only,328,3.5076272144134015,360
20,600,no_residual_score_only,329,3.499676923645071,360
20,600,no_residual_score_only,330,3.4950456025236334,360
20,600,no_residual_score_only,331,3.4950456025236334,360
20,600,no_residual_score_only,332,3.492447341396196,360
20,600,no_residual_score_only,333,3.487067177178652,360
20,600,no_residual_score_only,334,3.4757320590707206,360
20,600,no_residual_score_only,335,3.4714846114060087,360
20,600,no_residual_score_only,336,3.4644205367343996,360
20,600,no_residual_score_only,337,3.461527626831388,360
20,600,no_residual_score_only,338,3.4575651447042026,360
20,600,no_residual_score_only,339,3.4553250993962172,360
20,600,no_residual_score_only,340,3.4505247823494165,360
20,600,no_residual_score_only,341,3.45000416248847,360
20,600,no_residual_score_only,342,3.445976910802142,360
20,600,no_residual_score_only,343,3.4446957018455118,360
20,600,no_residual_score_only,344,3.4408542401503137,360
20,600,no_residual_score_only,345,3.4406394821905986,360
20,600,no_residual_score_only,346,3.43708763970126,360
20,600,no_residual_score_only,347,3.4350583139003668,360
20,600,no_residual_score_only,348,3.4282451669120015,360
20,600,no_residual_score_only,349,3.422316342621975,360
20,600,no_residual_score_only,350,3.4169488761551747,360
20,600,no_residual_score_only,351,3.4169488761551747,360
20,600,no_residual_score_only,352,3.4137163206574264,360
20,600,no_residual_score_only,353,3.4137163206574264,360
20,600,no_residual_score_only,354,3.408677835613747,360
20,600,no_residual_score_only,355,3.406690913222528,360
20,600,no_residual_score_only,356,3.401792213631981,360
20,600,no_residual_score_only,357,3.4015402975268803,360
20,600,no_residual_score_only,358,3.3967274363470956,360
20,600,no_residual_score_only,359,3.3965956261109675,360
20,600,no_residual_score_only,360,3.3832559213247504,360
20,600,no_residual_score_only,361,3.3832559213247504,360
20,600,no_residual_score_only,362,3.370967063221233,360
20,600,no_residual_score_only,363,3.370673636668408,360
20,600,no_residual_score_only,364,3.363269518784815,360
20,600,no_residual_score_only,365,3.363083750911483,360
20,600,no_residual_score_only,366,3.359508817309089,360
20,600,no_residual_score_only,367,3.359500153213653,360
20,600,no_residual_score_only,368,3.3548686561585686,360
20,600,no_residual_score_only,369,3.3533133070499264,360
20,600,no_residual_score_only,370,3.3476093335984616,360
20,600,no_residual_score_only,371,3.344149072798053,360
20,600,no_residual_score_only,372,3.3256090056893344,360
20,600,no_residual_score_only,373,3.3249473272210297,360
20,600,no_residual_score_only,374,3.320992684184797,360
20,600,no_residual_score_only,375,3.320992684184797,360
20,600,no_residual_score_only,376,3.317915783606827,360
20,600,no_residual_score_only,377,3.317915783606827,360
20,600,no_residual_score_only,378,3.313603467003255,360
20,600,no_residual_score_only,379,3.313603467003255,360
20,600,no_residual_score_only,380,3.304614908346638,360
20,600,no_residual_score_only,381,3.3022123056202735,360
20,600,no_residual_score_only,382,3.295526336642793,360
20,600,no_residual_score_only,383,3.2949462352797303,360
20,600,no_residual_score_only,384,3.2850616298164796,360
20,600,no_residual_score_only,385,3.2849194507438124,360
20,600,no_residual_score_only,386,3.2799567997714503,360
20,600,no_residual_score_only,387,3.2799567997714503,360
20,600,no_residual_score_only,388,3.276673074362405,360
20,600,no_residual_score_only,389,3.2766669886780937,360
20,600,no_residual_score_only,390,3.271432519417572,360
20,600,no_residual_score_only,391,3.271432519417572,360
20,600,no_residual_score_only,392,3.263936559005666,360
20,600,no_residual_score_only,393,3.263880913246769,360
20,600,no_residual_score_only,394,3.2557909463216093,360
20,600,no_residual_score_only,395,3.2557909463216093,360
20,600,no_residual_score_only,396,3.2527421859167296,360
20,600,no_residual_score_only,397,3.2526760621375868,360
20,600,no_residual_score_only,398,3.2464933693510614,360
20,600,no_residual_score_only,399,3.2464730624196303,360
20,600,no_residual_score_only,400,3.2394182096838557,360
20,600,no_residual_score_only,401,3.2394182096838557,360
20,600,no_residual_score_only,402,3.235383872377251,360
20,600,no_residual_score_only,403,3.2352427285525347,360
20,600,no_residual_score_only,404,3.232079706973376,360
20,600,no_residual_score_only,405,3.232079706973376,360
20,600,no_residual_score_only,406,3.228668613853786,360
20,600,no_residual_score_only,407,3.2247623675250336,360
20,600,no_residual_score_only,408,3.2169138656530745,360
20,600,no_residual_score_only,409,3.2169138656530745,360
20,600,no_residual_score_only,410,3.213380027778218,360
20,600,no_residual_score_only,411,3.2128242647850827,360
20,600,no_residual_score_only,412,3.2009315930198787,360
20,600,no_residual_score_only,413,3.200919503781223,360
20,600,no_residual_score_only,414,3.1959593453972848,360
20,600,no_residual_score_only,415,3.195915910117662,360
20,600,no_residual_score_only,416,3.1915396794280073,360
20,600,no_residual_score_only,417,3.191372980657647,360
20,600,no_residual_score_only,418,3.1878407473390173,360
20,600,no_residual_score_only,419,3.1877383179836793,360
20,600,no_residual_score_only,420,3.183629081197804,360
20,600,no_residual_score_only,421,3.1834848843020382,360
20,600,no_residual_score_only,422,3.1786760069833493,360
20,600,no_residual_score_only,423,3.1786760069833493,360
20,600,no_residual_score_only,424,3.175645336257049,360
20,600,no_residual_score_only,425,3.175645336257049,360
20,600,no_residual_score_only,426,3.1647450662275394,360
20,600,no_residual_score_only,427,3.1647450662275394,360
20,600,no_residual_score_only,428,3.1597784675178415,360
20,600,no_residual_score_only,429,3.1597784675178415,360
20,600,no_residual_score_only,430,3.151577186254249,360
20,600,no_residual_score_only,431,3.151577186254249,360
20,600,no_residual_score_only,432,3.1464058673886712,360
20,600,no_residual_score_only,433,3.1464058673886712,360
20,600,no_residual_score_only,434,3.141943890616218,360
20,600,no_residual_score_only,435,3.141943890616218,360
20,600,no_residual_score_only,436,3.138248780859885,360
20,600,no_residual_score_only,437,3.138174619789609,360
20,600,no_residual_score_only,438,3.1204848725187073,360
20,600,no_residual_score_only,439,3.120445547166232,360
20,600,no_residual_score_only,440,3.1166432527732977,360
20,600,no_residual_score_only,441,3.1165699636346846,360
20,600,no_residual_score_only,442,3.1135099085486106,360
20,600,no_residual_score_only,443,3.1135099085486106,360
20,600,no_residual_score_only,444,3.106700330424377,360
20,600,no_residual_score_only,445,3.106700330424377,360
20,600,no_residual_score_only,446,3.1032678548826196,360
20,600,no_residual_score_only,447,3.1032678548826196,360
20,600,no_residual_score_only,448,3.0973820172955766,360
20,600,no_residual_score_only,449,3.0973820172955766,360
20,600,no_residual_score_only,450,3.094592546019124,360
20,600,no_residual_score_only,451,3.094546051777349,360
20,600,no_residual_score_only,452,3.0920872624603453,360
20,600,no_residual_score_only,453,3.0920872624603453,360
20,600,no_residual_score_only,454,3.0873562456702572,360
20,600,no_residual_score_only,455,3.0873562456702572,360
20,600,no_residual_score_only,456,3.0824512551918213,360
20,600,no_residual_score_only,457,3.0824512551918213,360
20,600,no_residual_score_only,458,3.0779026730068706,360
20,600,no_residual_score_only,459,3.0779026730068706,360
20,600,no_residual_score_only,460,3.0730414506375876,360
20,600,no_residual_score_only,461,3.073012320698913,360
20,600,no_residual_score_only,462,3.0657593126771707,360
20,600,no_residual_score_only,463,3.0657593126771707,360
20,600,no_residual_score_only,464,3.058896859797353,360
20,600,no_residual_score_only,465,3.0588246224001114,360
20,600,no_residual_score_only,466,3.054693988271867,360
20,600,no_residual_score_only,467,3.054693988271867,360
20,600,no_residual_score_only,468,3.050887461070572,360
20,600,no_residual_score_only,469,3.050887461070572,360
20,600,no_residual_score_only,470,3.047085611695997,360
20,600,no_residual_score_only,471,3.047051867981474,360
20,600,no_residual_score_only,472,3.0422878279869954,360
20,600,no_residual_score_only,473,3.0422878279869954,360
20,600,no_residual_score_only,474,3.037838935797394,360
20,600,no_residual_score_only,475,3.037838935797394,360
20,600,no_residual_score_only,476,3.03160678867545,360
20,600,no_residual_score_only,477,3.03160678867545,360
20,600,no_residual_score_only,478,3.0289300202772407,360
20,600,no_residual_score_only,479,3.0289300202772407,360
20,600,no_residual_score_only,480,3.0262154366353466,360
20,600,no_residual_score_only,481,3.0262154366353466,360
20,600,no_residual_score_only,482,3.0241120330452906,360
20,600,no_residual_score_only,483,3.0241120330452906,360
20,600,no_residual_score_only,484,3.0123308749275983,360
20,600,no_residual_score_only,485,3.0123308749275983,360
20,600,no_residual_score_only,486,3.0082922890945,360
20,600,no_residual_score_only,487,3.0082922890945,360
20,600,no_residual_score_only,488,3.0057985580039768,360
20,600,no_residual_score_only,489,3.0057985580039768,360
20,600,no_residual_score_only,490,2.99775674910595,360
20,600,no_residual_score_only,491,2.99775674910595,360
20,600,no_residual_score_only,492,2.9866261677583648,360
20,600,no_residual_score_only,493,2.9866261677583648,360
20,600,no_residual_score_only,494,2.984454285995932,360
20,600,no_residual_score_only,495,2.984454285995932,360
20,600,no_residual_score_only,496,2.9824578713372856,360
20,600,no_residual_score_only,497,2.982453891099741,360
20,600,no_residual_score_only,498,2.9798378391035274,360
20,600,no_residual_score_only,499,2.9798378391035274,360
20,600,no_residual_score_only,500,2.9698802916056617,360
20,600,no_residual_score_only,501,2.9698802916056617,360
20,600,no_residual_score_only,502,2.9652947201698434,360
20,600,no_residual_score_only,503,2.9652947201698434,360
20,600,no_residual_score_only,504,2.9629647489211943,360
20,600,no_residual_score_only,505,2.9629539525621116,360
20,600,no_residual_score_only,506,2.960051648972017,360
20,600,no_residual_score_only,507,2.960051648972017,360
20,600,no_residual_score_only,508,2.9544186773939938,360
20,600,no_residual_score_only,509,2.9544186773939938,360
20,600,no_residual_score_only,510,2.9522767198761177,360
20,600,no_residual_score_only,511,2.9522767198761177,360
20,600,no_residual_score_only,512,2.949061851623096,360
20,600,no_residual_score_only,513,2.949061851623096,360
20,600,no_residual_score_only,514,2.9458176817194794,360
20,600,no_residual_score_only,515,2.9458176817194794,360
20,600,no_residual_score_only,516,2.942595419408621,360
20,600,no_residual_score_only,517,2.942595419408621,360
20,600,no_residual_score_only,518,2.935783855401463,360
20,600,no_residual_score_only,519,2.9357080539381095,360
20,600,no_residual_score_only,520,2.930543191859865,360
20,600,no_residual_score_only,521,2.930543191859865,360
20,600,no_residual_score_only,522,2.9277368999169515,360
20,600,no_residual_score_only,523,2.9276982351309053,360
20,600,no_residual_score_only,524,2.9240212536241996,360
20,600,no_residual_score_only,525,2.9240034125766017,360
20,600,no_residual_score_only,526,2.918738127799662,360
20,600,no_residual_score_only,527,2.918738127799662,360
20,600,no_residual_score_only,528,2.9155756853094457,360
20,600,no_residual_score_only,529,2.9155756853094457,360
20,600,no_residual_score_only,530,2.910381138146873,360
20,600,no_residual_score_only,531,2.9103781198325174,360
20,600,no_residual_score_only,532,2.9082466100129856,360
20,600,no_residual_score_only,533,2.9082466100129856,360
20,600,no_residual_score_only,534,2.9012914969611376,360
20,600,no_residual_score_only,535,2.9012914969611376,360
20,600,no_residual_score_only,536,2.8981768614062497,360
20,600,no_residual_score_only,537,2.898040792199257,360
20,600,no_residual_score_only,538,2.896608805955138,360
20,600,no_residual_score_only,539,2.896608805955138,360
20,600,no_residual_score_only,540,2.8937496864335612,360
20,600,no_residual_score_only,541,2.8937496864335612,360
20,600,no_residual_score_only,542,2.891845790471791,360
20,600,no_residual_score_only,543,2.891845790471791,360
20,600,no_residual_score_only,544,2.8905476118049984,360
20,600,no_residual_score_only,545,2.8905476118049984,360
20,600,no_residual_score_only,546,2.885030182305677,360
20,600,no_residual_score_only,547,2.885030182305677,360
20,600,no_residual_score_only,548,2.8814461861309737,360
20,600,no_residual_score_only,549,2.8814461861309737,360
20,600,no_residual_score_only,550,2.880250283040669,360
20,600,no_residual_score_only,551,2.880250283040669,360
20,600,no_residual_score_only,552,2.8781779086710966,360
20,600,no_residual_score_only,553,2.8781779086710966,360
20,600,no_residual_score_only,554,2.874873782895943,360
20,600,no_residual_score_only,555,2.874873782895943,360
20,600,no_residual_score_only,556,2.870833385490878,360
20,600,no_residual_score_only,557,2.870833385490878,360
20,600,no_residual_score_only,558,2.8663920974095722,360
20,600,no_residual_score_only,559,2.8663920974095722,360
20,600,no_residual_score_only,560,2.8641563527238003,360
20,600,no_residual_score_only,561,2.8641563527238003,360
20,600,no_residual_score_only,562,2.8620774138031284,360
20,600,no_residual_score_only,563,2.8620774138031284,360
20,600,no_residual_score_only,564,2.856815148234168,360
20,600,no_residual_score_only,565,2.856815148234168,360
20,600,no_residual_score_only,566,2.8542292841692802,360
20,600,no_residual_score_only,567,2.854199301859654,360
20,600,no_residual_score_only,568,2.8508082625827433,360
20,600,no_residual_score_only,569,2.8508082625827433,360
20,600,no_residual_score_only,570,2.846919152096253,360
20,600,no_residual_score_only,571,2.846919152096253,360
20,600,no_residual_score_only,572,2.8451133078209176,360
20,600,no_residual_score_only,573,2.8451133078209176,360
20,600,no_residual_score_only,574,2.843847471411373,360
20,600,no_residual_score_only,575,2.843847471411373,360
20,600,no_residual_score_only,576,2.838997459914271,360
20,600,no_residual_score_only,577,2.838997459914271,360
20,600,no_residual_score_only,578,2.8372536650781814,360
20,600,no_residual_score_only,579,2.837237641357176,360
20,600,no_residual_score_only,580,2.8349969816356415,360
20,600,no_residual_score_only,581,2.8349969816356415,360
20,600,no_residual_score_only,582,2.833477676723206,360
20,600,no_residual_score_only,583,2.833477676723206,360
20,600,no_residual_score_only,584,2.8315015618179626,360
20,600,no_residual_score_only,585,2.83149105536649,360
20,600,no_residual_score_only,586,2.8294006871305206,360
20,600,no_residual_score_only,587,2.8294006871305206,360
20,600,no_residual_score_only,588,2.827401223036487,360
20,600,no_residual_score_only,589,2.827401223036487,360
20,600,no_residual_score_only,590,2.822376558309153,360
20,600,no_residual_score_only,591,2.822376558309153,360
20,600,no_residual_score_only,592,2.8179757875241407,360
20,600,no_residual_score_only,593,2.8179757875241407,360
20,600,no_residual_score_only,594,2.815407206275774,360
20,600,no_residual_score_only,595,2.8153890867341755,360
20,600,no_residual_score_only,596,2.811720211528909,360
20,600,no_residual_score_only,597,2.811720127229774,360
20,600,no_residual_score_only,598,2.8092244296270716,360
20,600,no_residual_score_only,599,2.8092244296270716,360
20,600,no_residual_score_only,600,2.807811980721459,360
20,600,cma_es,1,5.632805810382412,360
20,600,cma_es,2,5.372640121865226,360
20,600,cma_es,3,5.255624418826337,360
20,600,cma_es,4,5.150329812640516,360
20,600,cma_es,5,5.095680471081019,360
20,600,cma_es,6,5.034595469684803,360
20,600,cma_es,7,4.987178336101635,360
20,600,cma_es,8,4.966614953096709,360
20,600,cma_es,9,4.927555016565849,360
20,600,cma_es,10,4.9142586672099675,360
20,600,cma_es,11,4.834475459983984,360
20,600,cma_es,12,4.7999410682379935,360
20,600,cma_es,13,4.772839060097692,360
20,600,cma_es,14,4.732056511117235,360
20,600,cma_es,15,4.699036269996186,360
20,600,cma_es,16,4.673055626596363,360
20,600,cma_es,17,4.661457519126859,360
20,600,cma_es,18,4.637010127874242,360
20,600,cma_es,19,4.624834975478005,360
20,600,cma_es,20,4.610161822446958,360
20,600,cma_es,21,4.59167342322403,360
20,600,cma_es,22,4.565048574220651,360
20,600,cma_es,23,4.5477099905606675,360
20,600,cma_es,24,4.537687492718264,360
20,600,cma_es,25,4.524082258571834,360
20,600,cma_es,26,4.516991767985097,360
20,600,cma_es,27,4.503753131336625,360
20,600,cma_es,28,4.487245461397595,360
20,600,cma_es,29,4.471045441082131,360
20,600,cma_es,30,4.463816571884954,360
20,600,cma_es,31,4.451170183870011,360
20,600,cma_es,32,4.439741397846258,360
20,600,cma_es,33,4.418297866838928,360
20,600,cma_es,34,4.409630908112191,360
20,600,cma_es,35,4.40254524464906,360
20,600,cma_es,36,4.391339694728685,360
20,600,cma_es,37,4.37131166510848,360
20,600,cma_es,38,4.3652637181669185,360
20,600,cma_es,39,4.348179397204304,360
20,600,cma_es,40,4.3341584982418135,360
20,600,cma_es,41,4.315597171524578,360
20,600,cma_es,42,4.297758921339494,360
20,600,cma_es,43,4.289200225219679,360
20,600,cma_es,44,4.280298322984065,360
20,600,cma_es,45,4.273701707772415,360
20,600,cma_es,46,4.264833772956341,360
20,600,cma_es,47,4.258696322440174,360
20,600,cma_es,48,4.2541717809484165,360
20,600,cma_es,49,4.246295589594429,360
20,600,cma_es,50,4.239373879006984,360
20,600,cma_es,51,4.229904123408535,360
20,600,cma_es,52,4.225684703279722,360
20,600,cma_es,53,4.216597636609478,360
20,600,cma_es,54,4.211153132931673,360
20,600,cma_es,55,4.1878715928829475,360
20,600,cma_es,56,4.175636151325153,360
20,600,cma_es,57,4.161915431365085,360
20,600,cma_es,58,4.157184468896749,360
20,600,cma_es,59,4.153194683681592,360
20,600,cma_es,60,4.148266930046345,360
20,600,cma_es,61,4.140167176490464,360
20,600,cma_es,62,4.133346547491988,360
20,600,cma_es,63,4.126305596930585,360
20,600,cma_es,64,4.116353814426404,360
20,600,cma_es,65,4.103255950429006,360
20,600,cma_es,66,4.099721052248496,360
20,600,cma_es,67,4.095774611365241,360
20,600,cma_es,68,4.079791044059526,360
20,600,cma_es,69,4.071530081006082,360
20,600,cma_es,70,4.063639235301488,360
20,600,cma_es,71,4.049626741728709,360
20,600,cma_es,72,4.046137160897738,360
20,600,cma_es,73,4.041549297235371,360
20,600,cma_es,74,4.0355992845341975,360
20,600,cma_es,75,4.026268194718584,360
20,600,cma_es,76,4.023172428956398,360
20,600,cma_es,77,4.017510905993401,360
20,600,cma_es,78,4.014160744910929,360
20,600,cma_es,79,4.013375524131566,360
20,600,cma_es,80,4.008420106212435,360
20,600,cma_es,81,4.002949861465389,360
20,600,cma_es,82,3.9953559111306873,360
20,600,cma_es,83,3.9931646179792515,360
20,600,cma_es,84,3.989269444148691,360
20,600,cma_es,85,3.9847196399669578,360
20,600,cma_es,86,3.978196407462433,360
20,600,cma_es,87,3.975169767188713,360
20,600,cma_es,88,3.968941651455621,360
20,600,cma_es,89,3.9676529318619957,360
20,600,cma_es,90,3.9643344144325665,360
20,600,cma_es,91,3.957788566225798,360
20,600,cma_es,92,3.9542336117411563,360
20,600,cma_es,93,3.938956449349881,360
20,600,cma_es,94,3.935306116694772,360
20,600,cma_es,95,3.9339546506215033,360
20,600,cma_es,96,3.92139332973269,360
20,600,cma_es,97,3.9191740662704806,360
20,600,cma_es,98,3.914883703167508,360
20,600,cma_es,99,3.9118487660220302,360
20,600,cma_es,100,3.9062887267335484,360
20,600,cma_es,101,3.897326910199464,360
20,600,cma_es,102,3.892208511567686,360
20,600,cma_es,103,3.889693258648121,360
20,600,cma_es,104,3.8882720000507662,360
20,600,cma_es,105,3.8812434178972435,360
20,600,cma_es,106,3.8721939177899674,360
20,600,cma_es,107,3.870749586694709,360
20,600,cma_es,108,3.868899671024043,360
20,600,cma_es,109,3.868375409582146,360
20,600,cma_es,110,3.866312059214498,360
20,600,cma_es,111,3.8655028360399992,360
20,600,cma_es,112,3.860678490526008,360
20,600,cma_es,113,3.8570836939352033,360
20,600,cma_es,114,3.856321440466742,360
20,600,cma_es,115,3.856057434427929,360
20,600,cma_es,116,3.8550240044162036,360
20,600,cma_es,117,3.8527005138168056,360
20,600,cma_es,118,3.850556547684338,360
20,600,cma_es,119,3.8498450838063234,360
20,600,cma_es,120,3.8482334377727057,360
20,600,cma_es,121,3.844429552203091,360
20,600,cma_es,122,3.841886982251381,360
20,600,cma_es,123,3.8369688214473956,360
20,600,cma_es,124,3.8353084303300697,360
20,600,cma_es,125,3.8329774616817254,360
20,600,cma_es,126,3.830973979685291,360
20,600,cma_es,127,3.8294397969364877,360
20,600,cma_es,128,3.8137798107000296,360
20,600,cma_es,129,3.8094345718604585,360
20,600,cma_es,130,3.8090261019131586,360
20,600,cma_es,131,3.8070316127705444,360
20,600,cma_es,132,3.8030869843745667,360
20,600,cma_es,133,3.8025653765089173,360
20,600,cma_es,134,3.8008221437053873,360
20,600,cma_es,135,3.798510681230553,360
20,600,cma_es,136,3.7960999870081755,360
20,600,cma_es,137,3.7938761935012333,360
20,600,cma_es,138,3.7918152867882666,360
20,600,cma_es,139,3.782924152528947,360
20,600,cma_es,140,3.780064030570535,360
20,600,cma_es,141,3.778895121818133,360
20,600,cma_es,142,3.7774853429063704,360
20,600,cma_es,143,3.776076437860108,360
20,600,cma_es,144,3.775343533700265,360
20,600,cma_es,145,3.7713309485097986,360
20,600,cma_es,146,3.7695054435754316,360
20,600,cma_es,147,3.7669325610674322,360
20,600,cma_es,148,3.7663601843791272,360
20,600,cma_es,149,3.76419422584854,360
20,600,cma_es,150,3.7612939065714097,360
20,600,cma_es,151,3.7591886115514694,360
20,600,cma_es,152,3.755177093491548,360
20,600,cma_es,153,3.75263149384144,360
20,600,cma_es,154,3.751309868746846,360
20,600,cma_es,155,3.748147140544729,360
20,600,cma_es,156,3.7428406946686716,360
20,600,cma_es,157,3.7416868474196208,360
20,600,cma_es,158,3.740691993331153,360
20,600,cma_es,159,3.7405199468809736,360
20,600,cma_es,160,3.7397702121692262,360
20,600,cma_es,161,3.73786372507103,360
20,600,cma_es,162,3.73363213286141,360
20,600,cma_es,163,3.7317206451707556,360
20,600,cma_es,164,3.7269722810128814,360
20,600,cma_es,165,3.724657824642019,360
20,600,cma_es,166,3.7222289909663813,360
20,600,cma_es,167,3.7203192746915135,360
20,600,cma_es,168,3.7169495725823594,360
20,600,cma_es,169,3.715598049769265,360
20,600,cma_es,170,3.7152621176650733,360
20,600,cma_es,171,3.713330353434632,360
20,600,cma_es,172,3.709225496038183,360
20,600,cma_es,173,3.708042525053777,360
20,600,cma_es,174,3.7045270654054248,360
20,600,cma_es,175,3.702286708161327,360
20,600,cma_es,176,3.7002350006546902,360
20,600,cma_es,177,3.6988127821378205,360
20,600,cma_es,178,3.696538919095959,360
20,600,cma_es,179,3.6956809855542785,360
20,600,cma_es,180,3.694673314580952,360
20,600,cma_es,181,3.6936042390023593,360
20,600,cma_es,182,3.6923021497561757,360
20,600,cma_es,183,3.690479624562256,360
20,600,cma_es,184,3.68938817973911,360
20,600,cma_es,185,3.675509728589324,360
20,600,cma_es,186,3.6732816270863085,360
20,600,cma_es,187,3.6580121259782246,360
20,600,cma_es,188,3.657158339888399,360
20,600,cma_es,189,3.655211854661778,360
20,600,cma_es,190,3.653531407425991,360
20,600,cma_es,191,3.651629082907002,360
20,600,cma_es,192,3.6507324561779173,360
20,600,cma_es,193,3.645672419867227,360
20,600,cma_es,194,3.644291706698905,360
20,600,cma_es,195,3.6426576841074807,360
20,600,cma_es,196,3.6418233028586715,360
20,600,cma_es,197,3.6400851174023447,360
20,600,cma_es,198,3.6386283429674284,360
20,600,cma_es,199,3.6378396056301545,360
20,600,cma_es,200,3.6357186180247947,360
20,600,cma_es,201,3.6347140062321337,360
20,600,cma_es,202,3.632789962116665,360
20,600,cma_es,203,3.6291145076178024,360
20,600,cma_es,204,3.6272984845183256,360
20,600,cma_es,205,3.627042622060656,360
20,600,cma_es,206,3.626426200286368,360
20,600,cma_es,207,3.62432035981198,360
20,600,cma_es,208,3.6208350348831027,360
20,600,cma_es,209,3.6161588893728345,360
20,600,cma_es,210,3.615007277300341,360
20,600,cma_es,211,3.612292274507758,360
20,600,cma_es,212,3.608633480773359,360
20,600,cma_es,213,3.6058178910480896,360
20,600,cma_es,214,3.6048802633081936,360
20,600,cma_es,215,3.597488570148452,360
20,600,cma_es,216,3.596019398901066,360
20,600,cma_es,217,3.594058175958657,360
20,600,cma_es,218,3.5926403498771955,360
20,600,cma_es,219,3.5904098756507845,360
20,600,cma_es,220,3.5896671325632794,360
20,600,cma_es,221,3.587055102048093,360
20,600,cma_es,222,3.586357556255778,360
20,600,cma_es,223,3.5855166632142064,360
20,600,cma_es,224,3.58349178366349,360
20,600,cma_es,225,3.5813012518750615,360
20,600,cma_es,226,3.580810019525207,360
20,600,cma_es,227,3.578995967582191,360
20,600,cma_es,228,3.575900898686713,360
20,600,cma_es,229,3.575490322797734,360
20,600,cma_es,230,3.574432965996532,360
20,600,cma_es,231,3.573751721834484,360
20,600,cma_es,232,3.571770846772048,360
20,600,cma_es,233,3.5706114140476704,360
20,600,cma_es,234,3.5679565785844356,360
20,600,cma_es,235,3.566143871426105,360
20,600,cma_es,236,3.5646708109248952,360
20,600,cma_es,237,3.562039877944306,360
20,600,cma_es,238,3.5612482459968247,360
20,600,cma_es,239,3.558959744430248,360
20,600,cma_es,240,3.5572099443761958,360
20,600,cma_es,241,3.5557182654574517,360
20,600,cma_es,242,3.5542540245791727,360
20,600,cma_es,243,3.55230698595532,360
20,600,cma_es,244,3.550155707338642,360
20,600,cma_es,245,3.5455510211100743,360
20,600,cma_es,246,3.544082687866305,360
20,600,cma_es,247,3.5438927859746987,360
20,600,cma_es,248,3.5421518170609163,360
20,600,cma_es,249,3.5395494917021764,360
20,600,cma_es,250,3.537285254041154,360
20,600,cma_es,251,3.5358982664707757,360
20,600,cma_es,252,3.5338045535214384,360
20,600,cma_es,253,3.533260328915401,360
20,600,cma_es,254,3.5314147708595094,360
20,600,cma_es,255,3.527110038314775,360
20,600,cma_es,256,3.526185084111704,360
20,600,cma_es,257,3.5230207062181833,360
20,600,cma_es,258,3.520741050063499,360
20,600,cma_es,259,3.5185293637030224,360
20,600,cma_es,260,3.517596075997983,360
20,600,cma_es,261,3.516236886464699,360
20,600,cma_es,262,3.5145009528094118,360
20,600,cma_es,263,3.51387330591667,360
20,600,cma_es,264,3.509244091565731,360
20,600,cma_es,265,3.5083992326265343,360
20,600,cma_es,266,3.5080997719499893,360
20,600,cma_es,267,3.505143341692399,360
20,600,cma_es,268,3.5029175449828625,360
20,600,cma_es,269,3.50172686864241,360
20,600,cma_es,270,3.501139094507303,360
20,600,cma_es,271,3.4978974348302603,360
20,600,cma_es,272,3.4952317468096896,360
20,600,cma_es,273,3.4932750350311137,360
20,600,cma_es,274,3.492547725576233,360
20,600,cma_es,275,3.4921400579493147,360
20,600,cma_es,276,3.4908736989461064,360
20,600,cma_es,277,3.4882721684698237,360
20,600,cma_es,278,3.4868930321571314,360
20,600,cma_es,279,3.485066652822276,360
20,600,cma_es,280,3.4841351049569136,360
20,600,cma_es,281,3.483778285194535,360
20,600,cma_es,282,3.482647243331287,360
20,600,cma_es,283,3.4816475260804327,360
20,600,cma_es,284,3.4803380970380724,360
20,600,cma_es,285,3.4783705430562404,360
20,600,cma_es,286,3.477937061149083,360
20,600,cma_es,287,3.4759195676740373,360
20,600,cma_es,288,3.4755287407209257,360
20,600,cma_es,289,3.4733750655836353,360
20,600,cma_es,290,3.470386489880258,360
20,600,cma_es,291,3.468593971182084,360
20,600,cma_es,292,3.4666170176467013,360
20,600,cma_es,293,3.465927575263474,360
20,600,cma_es,294,3.4642512792791242,360
20,600,cma_es,295,3.4634845989791416,360
20,600,cma_es,296,3.46286020842876,360
20,600,cma_es,297,3.4615309186397956,360
20,600,cma_es,298,3.4593486795576327,360
20,600,cma_es,299,3.4580517270975664,360
20,600,cma_es,300,3.4566439400406406,360
20,600,cma_es,301,3.454003442150087,360
20,600,cma_es,302,3.452012796448708,360
20,600,cma_es,303,3.4510025247631493,360
20,600,cma_es,304,3.4491834038672082,360
20,600,cma_es,305,3.4483664277267603,360
20,600,cma_es,306,3.4479233344596154,360
20,600,cma_es,307,3.444344062727733,360
20,600,cma_es,308,3.4438222724882883,360
20,600,cma_es,309,3.4432665859883067,360
20,600,cma_es,310,3.4420624007079588,360
20,600,cma_es,311,3.4413639871910147,360
20,600,cma_es,312,3.4409353225306725,360
20,600,cma_es,313,3.4394733112209703,360
20,600,cma_es,314,3.4377294475589095,360
20,600,cma_es,315,3.4371559586617875,360
20,600,cma_es,316,3.4356692936457707,360
20,600,cma_es,317,3.4340826397573525,360
20,600,cma_es,318,3.4329136674217033,360
20,600,cma_es,319,3.432247390467697,360
20,600,cma_es,320,3.4303484525817702,360
20,600,cma_es,321,3.4293783040122396,360
20,600,cma_es,322,3.423676180484707,360
20,600,cma_es,323,3.4216865175251447,360
20,600,cma_es,324,3.421093686771652,360
20,600,cma_es,325,3.420190784875055,360
20,600,cma_es,326,3.418082820673578,360
20,600,cma_es,327,3.416559902250829,360
20,600,cma_es,328,3.413371515041227,360
20,600,cma_es,329,3.4116713753003918,360
20,600,cma_es,330,3.4112189663689896,360
20,600,cma_es,331,3.403141653650324,360
20,600,cma_es,332,3.401651586986085,360
20,600,cma_es,333,3.4008130112338506,360
20,600,cma_es,334,3.400112840933731,360
20,600,cma_es,335,3.3975550037552043,360
20,600,cma_es,336,3.3963427621592768,360
20,600,cma_es,337,3.394101294134537,360
20,600,cma_es,338,3.394011728419544,360
20,600,cma_es,339,3.3928324061089197,360
20,600,cma_es,340,3.3921647062087534,360
20,600,cma_es,341,3.38440766726901,360
20,600,cma_es,342,3.3834241152335696,360
20,600,cma_es,343,3.3822438093695677,360
20,600,cma_es,344,3.3809603276315836,360
20,600,cma_es,345,3.3776443314858877,360
20,600,cma_es,346,3.3765461350094834,360
20,600,cma_es,347,3.374167046472281,360
20,600,cma_es,348,3.372319327602535,360
20,600,cma_es,349,3.3704350934767495,360
20,600,cma_es,350,3.3690268185182104,360
20,600,cma_es,351,3.3683059480507254,360
20,600,cma_es,352,3.3671346689102473,360
20,600,cma_es,353,3.366051517192668,360
20,600,cma_es,354,3.3655167265327135,360
20,600,cma_es,355,3.3640942025795417,360
20,600,cma_es,356,3.36175984945251,360
20,600,cma_es,357,3.3607171791845123,360
20,600,cma_es,358,3.3575009338719712,360
20,600,cma_es,359,3.350792986919316,360
20,600,cma_es,360,3.3504665249096517,360
20,600,cma_es,361,3.3490864613772193,360
20,600,cma_es,362,3.3474012561108326,360
20,600,cma_es,363,3.342743965689741,360
20,600,cma_es,364,3.3411900395536347,360
20,600,cma_es,365,3.340326407890577,360
20,600,cma_es,366,3.337817040646424,360
20,600,cma_es,367,3.3362623270752,360
20,600,cma_es,368,3.334854302480713,360
20,600,cma_es,369,3.334057663401715,360
20,600,cma_es,370,3.334029699517792,360
20,600,cma_es,371,3.333578501398356,360
20,600,cma_es,372,3.3327117377978372,360
20,600,cma_es,373,3.331836717493975,360
20,600,cma_es,374,3.328889174648017,360
20,600,cma_es,375,3.326405769112976,360
20,600,cma_es,376,3.325859612525288,360
20,600,cma_es,377,3.323727177123323,360
20,600,cma_es,378,3.3217940602822753,360
20,600,cma_es,379,3.321241293117697,360
20,600,cma_es,380,3.320163863296649,360
20,600,cma_es,381,3.319180939801107,360
20,600,cma_es,382,3.3181563008045174,360
20,600,cma_es,383,3.3167506603658,360
20,600,cma_es,384,3.315187460774363,360
20,600,cma_es,385,3.31317031357415,360
20,600,cma_es,386,3.3123225530321037,360
20,600,cma_es,387,3.310059525743153,360
20,600,cma_es,388,3.308886251708985,360
20,600,cma_es,389,3.3076144937932104,360
20,600,cma_es,390,3.306706763864055,360
20,600,cma_es,391,3.305810945410843,360
20,600,cma_es,392,3.30299306659915,360
20,600,cma_es,393,3.301403256218938,360
20,600,cma_es,394,3.30121950803042,360
20,600,cma_es,395,3.300107939330113,360
20,600,cma_es,396,3.2971512462373993,360
20,600,cma_es,397,3.296501009520293,360
20,600,cma_es,398,3.2952312816648894,360
20,600,cma_es,399,3.293529781488241,360
20,600,cma_es,400,3.2920321637883014,360
20,600,cma_es,401,3.289203629197168,360
20,600,cma_es,402,3.2861081977350484,360
20,600,cma_es,403,3.284843326387798,360
20,600,cma_es,404,3.284047233829605,360
20,600,cma_es,405,3.2829755831775276,360
20,600,cma_es,406,3.281881420067721,360
20,600,cma_es,407,3.2810351659423636,360
20,600,cma_es,408,3.279125568633687,360
20,600,cma_es,409,3.277195023156177,360
20,600,cma_es,410,3.2716061901832107,360
20,600,cma_es,411,3.26994005260934,360
20,600,cma_es,412,3.2600870184495614,360
20,600,cma_es,413,3.2585348897239146,360
20,600,cma_es,414,3.2577197703628626,360
20,600,cma_es,415,3.2568902570122473,360
20,600,cma_es,416,3.254838122524131,360
20,600,cma_es,417,3.2510144391422715,360
20,600,cma_es,418,3.250349996707001,360
20,600,cma_es,419,3.2497694481773594,360
20,600,cma_es,420,3.244012565585333,360
20,600,cma_es,421,3.2362791220548983,360
20,600,cma_es,422,3.2351626127449418,360
20,600,cma_es,423,3.2328082214366956,360
20,600,cma_es,424,3.2312025688059802,360
20,600,cma_es,425,3.230408597789784,360
20,600,cma_es,426,3.2289454650195943,360
20,600,cma_es,427,3.227730331648651,360
20,600,cma_es,428,3.2194605871548108,360
20,600,cma_es,429,3.217459148786933,360
20,600,cma_es,430,3.2162339396944617,360
20,600,cma_es,431,3.2159275088368338,360
20,600,cma_es,432,3.2148015741590634,360
20,600,cma_es,433,3.2070039959591314,360
20,600,cma_es,434,3.2029150007182463,360
20,600,cma_es,435,3.2021616309378307,360
20,600,cma_es,436,3.201626720625954,360
20,600,cma_es,437,3.2015483208557867,360
20,600,cma_es,438,3.200409337875756,360
20,600,cma_es,439,3.1992000370708076,360
20,600,cma_es,440,3.1982769100717805,360
20,600,cma_es,441,3.1959675183330045,360
20,600,cma_es,442,3.19483498361252,360
20,600,cma_es,443,3.1939557381491848,360
20,600,cma_es,444,3.1919637551395748,360
20,600,cma_es,445,3.191610657213496,360
20,600,cma_es,446,3.1882917351489986,360
20,600,cma_es,447,3.186779342704872,360
20,600,cma_es,448,3.1864830103314095,360
20,600,cma_es,449,3.185063416011323,360
20,600,cma_es,450,3.184401164138166,360
20,600,cma_es,451,3.1817129648037517,360
20,600,cma_es,452,3.1797062487615713,360
20,600,cma_es,453,3.1776297192737797,360
20,600,cma_es,454,3.176757209671668,360
20,600,cma_es,455,3.1758985403503597,360
20,600,cma_es,456,3.1750209978879287,360
20,600,cma_es,457,3.16830684994631,360
20,600,cma_es,458,3.1666390535165516,360
20,600,cma_es,459,3.1658145453818323,360
20,600,cma_es,460,3.1648457935897385,360
20,600,cma_es,461,3.162820317703589,360
20,600,cma_es,462,3.1621603995421266,360
20,600,cma_es,463,3.1611437364707444,360
20,600,cma_es,464,3.1588076241549414,360
20,600,cma_es,465,3.157572650337472,360
20,600,cma_es,466,3.1555304872137846,360
20,600,cma_es,467,3.1539195663999493,360
20,600,cma_es,468,3.15234239364882,360
20,600,cma_es,469,3.1488061178288453,360
20,600,cma_es,470,3.147447117345607,360
20,600,cma_es,471,3.1465878881343254,360
20,600,cma_es,472,3.1462344930723303,360
20,600,cma_es,473,3.1443477122913355,360
20,600,cma_es,474,3.1420434348280373,360
20,600,cma_es,475,3.1418083721108077,360
20,600,cma_es,476,3.1408791501275815,360
20,600,cma_es,477,3.135629245227724,360
20,600,cma_es,478,3.1338111079001374,360
20,600,cma_es,479,3.1322769130405046,360
20,600,cma_es,480,3.131791698719923,360
20,600,cma_es,481,3.1309009353348984,360
20,600,cma_es,482,3.1264145846748495,360
20,600,cma_es,483,3.125456007520736,360
20,600,cma_es,484,3.124863758971488,360
20,600,cma_es,485,3.123857528245699,360
20,600,cma_es,486,3.122976850194462,360
20,600,cma_es,487,3.121963714396074,360
20,600,cma_es,488,3.1211674231961455,360
20,600,cma_es,489,3.1197493846460507,360
20,600,cma_es,490,3.1187931042870147,360
20,600,cma_es,491,3.1185372621838185,360
20,600,cma_es,492,3.116597932650994,360
20,600,cma_es,493,3.115408591528586,360
20,600,cma_es,494,3.112111208697572,360
20,600,cma_es,495,3.111894118969188,360
20,600,cma_es,496,3.110589136135616,360
20,600,cma_es,497,3.1088898996948777,360
20,600,cma_es,498,3.108293664273559,360
20,600,cma_es,499,3.1073969793782887,360
20,600,cma_es,500,3.1061615978261714,360
20,600,cma_es,501,3.104988988615825,360
20,600,cma_es,502,3.1022428037718135,360
20,600,cma_es,503,3.101864474312895,360
20,600,cma_es,504,3.100822632025592,360
20,600,cma_es,505,3.0999565582670394,360
20,600,cma_es,506,3.087944946601189,360
20,600,cma_es,507,3.086626153685678,360
20,600,cma_es,508,3.0860810510113628,360
20,600,cma_es,509,3.0848107517235266,360
20,600,cma_es,510,3.083438413153818,360
20,600,cma_es,511,3.07497301390837,360
20,600,cma_es,512,3.0731762192187726,360
20,600,cma_es,513,3.0695194163997,360
20,600,cma_es,514,3.0690469108299054,360
20,600,cma_es,515,3.0621240794557436,360
20,600,cma_es,516,3.0615971407311,360
20,600,cma_es,517,3.061443824026154,360
20,600,cma_es,518,3.0599446582317054,360
20,600,cma_es,519,3.0590342394639114,360
20,600,cma_es,520,3.0587829948347967,360
20,600,cma_es,521,3.0566729722251953,360
20,600,cma_es,522,3.0551949817306876,360
20,600,cma_es,523,3.054121307395617,360
20,600,cma_es,524,3.050932947348864,360
20,600,cma_es,525,3.0501176170820585,360
20,600,cma_es,526,3.048699129393803,360
20,600,cma_es,527,3.0481888526379874,360
20,600,cma_es,528,3.047779723881047,360
20,600,cma_es,529,3.046866920251839,360
20,600,cma_es,530,3.044172929547488,360
20,600,cma_es,531,3.0392146431141103,360
20,600,cma_es,532,3.038786791289739,360
20,600,cma_es,533,3.0369331798852315,360
20,600,cma_es,534,3.033631089565019,360
20,600,cma_es,535,3.0328798344122103,360
20,600,cma_es,536,3.0295274612262943,360
20,600,cma_es,537,3.0287486637451426,360
20,600,cma_es,538,3.028022206335894,360
20,600,cma_es,539,3.0272129975233875,360
20,600,cma_es,540,3.0265336092701998,360
20,600,cma_es,541,3.0246406837998756,360
20,600,cma_es,542,3.024047954660871,360
20,600,cma_es,543,3.023598203991867,360
20,600,cma_es,544,3.0229873392648425,360
20,600,cma_es,545,3.020985297180612,360
20,600,cma_es,546,3.0205869274707644,360
20,600,cma_es,547,3.0183700466870382,360
20,600,cma_es,548,3.0172527154719657,360
20,600,cma_es,549,3.0159760396079935,360
20,600,cma_es,550,3.014437491354514,360
20,600,cma_es,551,3.0139953874476504,360
20,600,cma_es,552,3.0091619691765508,360
20,600,cma_es,553,3.007902229014315,360
20,600,cma_es,554,3.0068334040852482,360
20,600,cma_es,555,3.0058643596053773,360
20,600,cma_es,556,3.0053858243482687,360
20,600,cma_es,557,2.998375276113747,360
20,600,cma_es,558,2.996741234824523,360
20,600,cma_es,559,2.9962621746593827,360
20,600,cma_es,560,2.9957919290434987,360
20,600,cma_es,561,2.9945889512988497,360
20,600,cma_es,562,2.993644214865671,360
20,600,cma_es,563,2.9925334265616828,360
20,600,cma_es,564,2.9905467072365237,360
20,600,cma_es,565,2.988890483276786,360
20,600,cma_es,566,2.988157616737062,360
20,600,cma_es,567,2.9855504495801033,360
20,600,cma_es,568,2.9842787955730743,360
20,600,cma_es,569,2.9837788658267446,360
20,600,cma_es,570,2.982755730209387,360
20,600,cma_es,571,2.9793300820822695,360
20,600,cma_es,572,2.977615971322297,360
20,600,cma_es,573,2.9769662979760056,360
20,600,cma_es,574,2.9761855421930186,360
20,600,cma_es,575,2.975523708832311,360
20,600,cma_es,576,2.97410365335509,360
20,600,cma_es,577,2.9735282160484733,360
20,600,cma_es,578,2.972699257475802,360
20,600,cma_es,579,2.9711887967048187,360
20,600,cma_es,580,2.964371376449606,360
20,600,cma_es,581,2.9631879797316616,360
20,600,cma_es,582,2.9628789019704445,360
20,600,cma_es,583,2.95753440094341,360
20,600,cma_es,584,2.9565399213406414,360
20,600,cma_es,585,2.9549505460631016,360
20,600,cma_es,586,2.954552301741047,360
20,600,cma_es,587,2.953865082941348,360
20,600,cma_es,588,2.9532154458996978,360
20,600,cma_es,589,2.951596232198242,360
20,600,cma_es,590,2.9497905559370197,360
20,600,cma_es,591,2.9496403007094054,360
20,600,cma_es,592,2.9485321475331063,360
20,600,cma_es,593,2.946913843669198,360
20,600,cma_es,594,2.9459582195671015,360
20,600,cma_es,595,2.9455036054856256,360
20,600,cma_es,596,2.9447667142038725,360
20,600,cma_es,597,2.9423496913491753,360
20,600,cma_es,598,2.9419217922347305,360
20,600,cma_es,599,2.9416593404711233,360
20,600,cma_es,600,2.9403559928009706,360
20,600,gp_ei,1,5.727772631206121,360
20,600,gp_ei,2,5.445080275386379,360
20,600,gp_ei,3,5.30494921281867,360
20,600,gp_ei,4,5.2198393450041465,360
20,600,gp_ei,5,5.154086574348586,360
20,600,gp_ei,6,5.100243118521713,360
20,600,gp_ei,7,5.065701714690479,360
20,600,gp_ei,8,5.029459383751238,360
20,600,gp_ei,9,5.004920276967993,360
20,600,gp_ei,10,4.973129057532724,360
20,600,gp_ei,11,4.950583827988649,360
20,600,gp_ei,12,4.944737961989799,360
20,600,gp_ei,13,4.929964297474761,360
20,600,gp_ei,14,4.904374010818592,360
20,600,gp_ei,15,4.897302842668824,360
20,600,gp_ei,16,4.87485444003414,360
20,600,gp_ei,17,4.862642540324362,360
20,600,gp_ei,18,4.847078197164325,360
20,600,gp_ei,19,4.836772733249697,360
20,600,gp_ei,20,4.829820390486494,360
20,600,gp_ei,21,4.788747670891462,360
20,600,gp_ei,22,4.75644052204035,360
20,600,gp_ei,23,4.738454295877714,360
20,600,gp_ei,24,4.712533369566286,360
20,600,gp_ei,25,4.680321081947993,360
20,600,gp_ei,26,4.658185342400759,360
20,600,gp_ei,27,4.641537337834599,360
20,600,gp_ei,28,4.623983093647474,360
20,600,gp_ei,29,4.610826772648866,360
20,600,gp_ei,30,4.596627851940792,360
20,600,gp_ei,31,4.578143344768859,360
20,600,gp_ei,32,4.566715120129439,360
20,600,gp_ei,33,4.558085518040262,360
20,600,gp_ei,34,4.551503935301364,360
20,600,gp_ei,35,4.537172796381054,360
20,600,gp_ei,36,4.528627549824472,360
20,600,gp_ei,37,4.512822751535622,360
20,600,gp_ei,38,4.49678386869795,360
20,600,gp_ei,39,4.483893158427091,360
20,600,gp_ei,40,4.471026959929029,360
20,600,gp_ei,41,4.44655923421877,360
20,600,gp_ei,42,4.430278047998736,360
20,600,gp_ei,43,4.41414570267568,360
20,600,gp_ei,44,4.402659749271743,360
20,600,gp_ei,45,4.389239286520761,360
20,600,gp_ei,46,4.3801389514238185,360
20,600,gp_ei,47,4.365235031129224,360
20,600,gp_ei,48,4.35731934606727,360
20,600,gp_ei,49,4.343686373819973,360
20,600,gp_ei,50,4.3326705783302755,360
20,600,gp_ei,51,4.324730275831309,360
20,600,gp_ei,52,4.3144786914314075,360
20,600,gp_ei,53,4.304051289651529,360
20,600,gp_ei,54,4.2969011128943135,360
20,600,gp_ei,55,4.290752041339773,360
20,600,gp_ei,56,4.283690055229355,360
20,600,gp_ei,57,4.27390148617929,360
20,600,gp_ei,58,4.267552518836937,360
20,600,gp_ei,59,4.2587334455310675,360
20,600,gp_ei,60,4.234938251295284,360
20,600,gp_ei,61,4.220498856949233,360
20,600,gp_ei,62,4.206429565599201,360
20,600,gp_ei,63,4.196303374373013,360
20,600,gp_ei,64,4.19294382258829,360
20,600,gp_ei,65,4.1893441801413145,360
20,600,gp_ei,66,4.186231244029745,360
20,600,gp_ei,67,4.182209257117175,360
20,600,gp_ei,68,4.1714266551387755,360
20,600,gp_ei,69,4.166988115206673,360
20,600,gp_ei,70,4.161749609416823,360
20,600,gp_ei,71,4.156159197662423,360
20,600,gp_ei,72,4.144659393971184,360
20,600,gp_ei,73,4.140957371555199,360
20,600,gp_ei,74,4.1385136912441824,360
20,600,gp_ei,75,4.134524695922012,360
20,600,gp_ei,76,4.13032058614969,360
20,600,gp_ei,77,4.127068672314787,360
20,600,gp_ei,78,4.124587746640037,360
20,600,gp_ei,79,4.1178061235955745,360
20,600,gp_ei,80,4.1147998846782174,360
20,600,gp_ei,81,4.106034473093043,360
20,600,gp_ei,82,4.09587454906255,360
20,600,gp_ei,83,4.091355928066816,360
20,600,gp_ei,84,4.082938881010977,360
20,600,gp_ei,85,4.079454419803547,360
20,600,gp_ei,86,4.072055250720377,360
20,600,gp_ei,87,4.068035946755025,360
20,600,gp_ei,88,4.065326220991356,360
20,600,gp_ei,89,4.060797853775716,360
20,600,gp_ei,90,4.053001034361006,360
20,600,gp_ei,91,4.0469456015745235,360
20,600,gp_ei,92,4.0429625756614,360
20,600,gp_ei,93,4.039924993555416,360
20,600,gp_ei,94,4.035976419637356,360
20,600,gp_ei,95,4.032108268620579,360
20,600,gp_ei,96,4.025176473382533,360
20,600,gp_ei,97,4.018983540283572,360
20,600,gp_ei,98,4.016685064447542,360
20,600,gp_ei,99,4.014148443751667,360
20,600,gp_ei,100,4.010223248920392,360
20,600,gp_ei,101,4.002111591177437,360
20,600,gp_ei,102,3.995295707286883,360
20,600,gp_ei,103,3.9891328670037,360
20,600,gp_ei,104,3.9833153301588795,360
20,600,gp_ei,105,3.9788720285487593,360
20,600,gp_ei,106,3.975959694382323,360
20,600,gp_ei,107,3.974111699264676,360
20,600,gp_ei,108,3.967047642104911,360
20,600,gp_ei,109,3.962164567825846,360
20,600,gp_ei,110,3.9595903214834274,360
20,600,gp_ei,111,3.9569736231628085,360
20,600,gp_ei,112,3.9534071541299003,360
20,600,gp_ei,113,3.95103367063959,360
20,600,gp_ei,114,3.946955831487587,360
20,600,gp_ei,115,3.945580854475331,360
20,600,gp_ei,116,3.9429031937024606,360
20,600,gp_ei,117,3.9381587408002736,360
20,600,gp_ei,118,3.9349786458486253,360
20,600,gp_ei,119,3.9288898792029348,360
20,600,gp_ei,120,3.9264165295223674,360
20,600,gp_ei,121,3.9237978345561557,360
20,600,gp_ei,122,3.921011364790154,360
20,600,gp_ei,123,3.9184649422197384,360
20,600,gp_ei,124,3.9163548376386634,360
20,600,gp_ei,125,3.8959728355369823,360
20,600,gp_ei,126,3.8933523764467344,360
20,600,gp_ei,127,3.89166381638448,360
20,600,gp_ei,128,3.890078569835954,360
20,600,gp_ei,129,3.888051320001273,360
20,600,gp_ei,130,3.884189184601828,360
20,600,gp_ei,131,3.87763842621433,360
20,600,gp_ei,132,3.876319729084538,360
20,600,gp_ei,133,3.8750000694675832,360
20,600,gp_ei,134,3.8710251858598106,360
20,600,gp_ei,135,3.8673449361693533,360
20,600,gp_ei,136,3.8652113685840894,360
20,600,gp_ei,137,3.862626139928717,360
20,600,gp_ei,138,3.8608332486359043,360
20,600,gp_ei,139,3.858825515297893,360
20,600,gp_ei,140,3.857785716146609,360
20,600,gp_ei,141,3.857287789821375,360
20,600,gp_ei,142,3.8555198114570643,360
20,600,gp_ei,143,3.853207656562743,360
20,600,gp_ei,144,3.8509698738418514,360
20,600,gp_ei,145,3.8475125828989705,360
20,600,gp_ei,146,3.846651179029745,360
20,600,gp_ei,147,3.8458231012188127,360
20,600,gp_ei,148,3.8435770314510327,360
20,600,gp_ei,149,3.8429383234033474,360
20,600,gp_ei,150,3.8416870348341745,360
20,600,gp_ei,151,3.8388263455606917,360
20,600,gp_ei,152,3.8380653588546605,360
20,600,gp_ei,153,3.8367215876540857,360
20,600,gp_ei,154,3.8350502693497788,360
20,600,gp_ei,155,3.833657879910348,360
20,600,gp_ei,156,3.8291702881326386,360
20,600,gp_ei,157,3.826927279276774,360
20,600,gp_ei,158,3.8216227897549406,360
20,600,gp_ei,159,3.8196631112006556,360
20,600,gp_ei,160,3.8192480583117363,360
20,600,gp_ei,161,3.8176799807801376,360
20,600,gp_ei,162,3.815972056576555,360
20,600,gp_ei,163,3.8140260645948985,360
20,600,gp_ei,164,3.8114739295055573,360
20,600,gp_ei,165,3.809719593385173,360
20,600,gp_ei,166,3.8081113609206048,360
20,600,gp_ei,167,3.807145023472298,360
20,600,gp_ei,168,3.805340672434168,360
20,600,gp_ei,169,3.802906415507122,360
20,600,gp_ei,170,3.8016142687476053,360
20,600,gp_ei,171,3.7999320999532937,360
20,600,gp_ei,172,3.7989184196031154,360
20,600,gp_ei,173,3.7960626505854598,360
20,600,gp_ei,174,3.7954012108109585,360
20,600,gp_ei,175,3.7937668550944013,360
20,600,gp_ei,176,3.7930027954244276,360
20,600,gp_ei,177,3.7922277422262907,360
20,600,gp_ei,178,3.7906447481301084,360
20,600,gp_ei,179,3.7881667034331405,360
20,600,gp_ei,180,3.782185855430484,360
20,600,gp_ei,181,3.781125137896225,360
20,600,gp_ei,182,3.780941345884753,360
20,600,gp_ei,183,3.780083812887821,360
20,600,gp_ei,184,3.7793907575304697,360
20,600,gp_ei,185,3.7772739818885164,360
20,600,gp_ei,186,3.7756624470475684,360
20,600,gp_ei,187,3.773856504031726,360
20,600,gp_ei,188,3.772157625263735,360
20,600,gp_ei,189,3.770156850053091,360
20,600,gp_ei,190,3.7689723220873304,360
20,600,gp_ei,191,3.768206807005594,360
20,600,gp_ei,192,3.767666537299975,360
20,600,gp_ei,193,3.7599510790151207,360
20,600,gp_ei,194,3.758169864003601,360
20,600,gp_ei,195,3.75371726372084,360
20,600,gp_ei,196,3.7531546808447875,360
20,600,gp_ei,197,3.75254116347993,360
20,600,gp_ei,198,3.7506579724002993,360
20,600,gp_ei,199,3.74948344085798,360
20,600,gp_ei,200,3.7474174498501895,360
20,600,gp_ei,201,3.739439518451833,360
20,600,gp_ei,202,3.7374216799892443,360
20,600,gp_ei,203,3.736489074134185,360
20,600,gp_ei,204,3.7362531677209865,360
20,600,gp_ei,205,3.734817642056959,360
20,600,gp_ei,206,3.733724137300404,360
20,600,gp_ei,207,3.7335601394626394,360
20,600,gp_ei,208,3.7331532121853286,360
20,600,gp_ei,209,3.7321192333870137,360
20,600,gp_ei,210,3.7304444164970225,360
20,600,gp_ei,211,3.722059643897631,360
20,600,gp_ei,212,3.7212175419221634,360
20,600,gp_ei,213,3.7199671326106247,360
20,600,gp_ei,214,3.7173743596138076,360
20,600,gp_ei,215,3.7162189223098494,360
20,600,gp_ei,216,3.715893543761125,360
20,600,gp_ei,217,3.715065472271119,360
20,600,gp_ei,218,3.7144069120382373,360
20,600,gp_ei,219,3.7137781195015487,360
20,600,gp_ei,220,3.7130138751172095,360
20,600,gp_ei,221,3.71119537971725,360
20,600,gp_ei,222,3.706771457266061,360
20,600,gp_ei,223,3.704146806376804,360
20,600,gp_ei,224,3.701523776387359,360
20,600,gp_ei,225,3.7011855155425253,360
20,600,gp_ei,226,3.700551593751826,360
20,600,gp_ei,227,3.7004782984238105,360
20,600,gp_ei,228,3.6997761099172166,360
20,600,gp_ei,229,3.6973367442644425,360
20,600,gp_ei,230,3.6907272326261875,360
20,600,gp_ei,231,3.6869942427001052,360
20,600,gp_ei,232,3.6866816528777524,360
20,600,gp_ei,233,3.6828647489484636,360
20,600,gp_ei,234,3.6819297565246303,360
20,600,gp_ei,235,3.681268505160846,360
20,600,gp_ei,236,3.6807186151200875,360
20,600,gp_ei,237,3.672887935439801,360
20,600,gp_ei,238,3.6697195241892118,360
20,600,gp_ei,239,3.6672219029503985,360
20,600,gp_ei,240,3.666188187441336,360
20,600,gp_ei,241,3.6656789861434316,360
20,600,gp_ei,242,3.665183562246087,360
20,600,gp_ei,243,3.6632295597590354,360
20,600,gp_ei,244,3.6630799659574267,360
20,600,gp_ei,245,3.662781267682227,360
20,600,gp_ei,246,3.662506951713737,360
20,600,gp_ei,247,3.6584731520558473,360
20,600,gp_ei,248,3.657824644172593,360
20,600,gp_ei,249,3.656718036348475,360
20,600,gp_ei,250,3.654480906566839,360
20,600,gp_ei,251,3.6541519961077955,360
20,600,gp_ei,252,3.6522201386612743,360
20,600,gp_ei,253,3.6518386088018047,360
20,600,gp_ei,254,3.6513491150633333,360
20,600,gp_ei,255,3.65089553142527,360
20,600,gp_ei,256,3.64967885435898,360
20,600,gp_ei,257,3.6486536513341172,360
20,600,gp_ei,258,3.6479203578271218,360
20,600,gp_ei,259,3.6476351090935824,360
20,600,gp_ei,260,3.6453923432319004,360
20,600,gp_ei,261,3.6448874459110705,360
20,600,gp_ei,262,3.644869751891716,360
20,600,gp_ei,263,3.64413078615295,360
20,600,gp_ei,264,3.643593965860223,360
20,600,gp_ei,265,3.643369152670835,360
20,600,gp_ei,266,3.6424363362565018,360
20,600,gp_ei,267,3.641676069931444,360
20,600,gp_ei,268,3.6400618844253967,360
20,600,gp_ei,269,3.6389441222941636,360
20,600,gp_ei,270,3.6384757285720313,360
20,600,gp_ei,271,3.6368199296013035,360
20,600,gp_ei,272,3.636439376383054,360
20,600,gp_ei,273,3.6360418026051358,360
20,600,gp_ei,274,3.6338850433665737,360
20,600,gp_ei,275,3.632561090759239,360
20,600,gp_ei,276,3.6316313324469345,360
20,600,gp_ei,277,3.6314384074851827,360
20,600,gp_ei,278,3.630906325796793,360
20,600,gp_ei,279,3.6291600127196046,360
20,600,gp_ei,280,3.6287526672203803,360
20,600,gp_ei,281,3.6284853345697017,360
20,600,gp_ei,282,3.628465146497261,360
20,600,gp_ei,283,3.6273826742919293,360
20,600,gp_ei,284,3.626751460417575,360
20,600,gp_ei,285,3.6257683582631484,360
20,600,gp_ei,286,3.6252387680360414,360
20,600,gp_ei,287,3.6243975738840497,360
20,600,gp_ei,288,3.623395544133637,360
20,600,gp_ei,289,3.622567918058788,360
20,600,gp_ei,290,3.6222198696126253,360
20,600,gp_ei,291,3.622175915563536,360
20,600,gp_ei,292,3.621626311247697,360
20,600,gp_ei,293,3.621255455546346,360
20,600,gp_ei,294,3.620463031612537,360
20,600,gp_ei,295,3.6203578836526007,360
20,600,gp_ei,296,3.619773849018241,360
20,600,gp_ei,297,3.619200945464053,360
20,600,gp_ei,298,3.618539519158415,360
20,600,gp_ei,299,3.618436165318182,360
20,600,gp_ei,300,3.616964156703351,360
20,600,gp_ei,301,3.6158810080767703,360
20,600,gp_ei,302,3.6156668722395993,360
20,600,gp_ei,303,3.6149681331583223,360
20,600,gp_ei,304,3.608053027572087,360
20,600,gp_ei,305,3.606351744544177,360
20,600,gp_ei,306,3.605815037751359,360
20,600,gp_ei,307,3.6055990529096102,360
20,600,gp_ei,308,3.604845028211571,360
20,600,gp_ei,309,3.6046207180304357,360
20,600,gp_ei,310,3.6035089854843716,360
20,600,gp_ei,311,3.602179731522263,360
20,600,gp_ei,312,3.6019874020827656,360
20,600,gp_ei,313,3.6012963144970045,360
20,600,gp_ei,314,3.6011842589045613,360
20,600,gp_ei,315,3.6004107876195546,360
20,600,gp_ei,316,3.6001673195874373,360
20,600,gp_ei,317,3.598977373945315,360
20,600,gp_ei,318,3.5987612617434253,360
20,600,gp_ei,319,3.5982726030899004,360
20,600,gp_ei,320,3.5967737620428046,360
20,600,gp_ei,321,3.5964289984554627,360
20,600,gp_ei,322,3.593937463238056,360
20,600,gp_ei,323,3.5927997059306778,360
20,600,gp_ei,324,3.5923399262288545,360
20,600,gp_ei,325,3.592242371816109,360
20,600,gp_ei,326,3.59186173890713,360
20,600,gp_ei,327,3.590573494756237,360
20,600,gp_ei,328,3.5900687280698644,360
20,600,gp_ei,329,3.587632498456951,360
20,600,gp_ei,330,3.586252574159835,360
20,600,gp_ei,331,3.5852541333643835,360
20,600,gp_ei,332,3.5838378777182873,360
20,600,gp_ei,333,3.5831829327824285,360
20,600,gp_ei,334,3.582851541000432,360
20,600,gp_ei,335,3.582622124102235,360
20,600,gp_ei,336,3.582301757824472,360
20,600,gp_ei,337,3.582262122644777,360
20,600,gp_ei,338,3.5821529052745946,360
20,600,gp_ei,339,3.581666329942244,360
20,600,gp_ei,340,3.5810026932743124,360
20,600,gp_ei,341,3.5790497319890333,360
20,600,gp_ei,342,3.5785038387315558,360
20,600,gp_ei,343,3.578356709164232,360
20,600,gp_ei,344,3.57673988708106,360
20,600,gp_ei,345,3.576098447257049,360
20,600,gp_ei,346,3.5754752846801763,360
20,600,gp_ei,347,3.5745610148319775,360
20,600,gp_ei,348,3.574415367610014,360
20,600,gp_ei,349,3.5740410140760464,360
20,600,gp_ei,350,3.5734347741951025,360
20,600,gp_ei,351,3.5727735960823432,360
20,600,gp_ei,352,3.572215033683632,360
20,600,gp_ei,353,3.570863491256718,360
20,600,gp_ei,354,3.5707282500812525,360
20,600,gp_ei,355,3.5700058666734567,360
20,600,gp_ei,356,3.5682436187424247,360
20,600,gp_ei,357,3.5673373846420526,360
20,600,gp_ei,358,3.567299548777831,360
20,600,gp_ei,359,3.5653609009796314,360
20,600,gp_ei,360,3.5648412852750657,360
20,600,gp_ei,361,3.5640990768707432,360
20,600,gp_ei,362,3.564072786444043,360
20,600,gp_ei,363,3.5634237022087736,360
20,600,gp_ei,364,3.5630778143443416,360
20,600,gp_ei,365,3.562125797711707,360
20,600,gp_ei,366,3.5620803503601155,360
20,600,gp_ei,367,3.560536417413585,360
20,600,gp_ei,368,3.5595448716042855,360
20,600,gp_ei,369,3.5582493352518423,360
20,600,gp_ei,370,3.5580947784684795,360
20,600,gp_ei,371,3.5577860273467588,360
20,600,gp_ei,372,3.557755776444194,360
20,600,gp_ei,373,3.557190928653065,360
20,600,gp_ei,374,3.5569366968593137,360
20,600,gp_ei,375,3.5561461739816185,360
20,600,gp_ei,376,3.555940515657469,360
20,600,gp_ei,377,3.5557649647962988,360
20,600,gp_ei,378,3.555551892446849,360
20,600,gp_ei,379,3.5542179153777713,360
20,600,gp_ei,380,3.5538534440406964,360
20,600,gp_ei,381,3.552902735484966,360
20,600,gp_ei,382,3.552269274749728,360
20,600,gp_ei,383,3.552193990467262,360
20,600,gp_ei,384,3.5502102149418007,360
20,600,gp_ei,385,3.5501534176824796,360
20,600,gp_ei,386,3.5484276817171647,360
20,600,gp_ei,387,3.548189048693301,360
20,600,gp_ei,388,3.539547306431653,360
20,600,gp_ei,389,3.5395403806642824,360
20,600,gp_ei,390,3.539426686379471,360
20,600,gp_ei,391,3.539359206558521,360
20,600,gp_ei,392,3.538989736787672,360
20,600,gp_ei,393,3.5386294880480307,360
20,600,gp_ei,394,3.538197868216469,360
20,600,gp_ei,395,3.5381398828989217,360
20,600,gp_ei,396,3.537960405851887,360
20,600,gp_ei,397,3.5378979604856875,360
20,600,gp_ei,398,3.5336588534823674,360
20,600,gp_ei,399,3.5328976996459303,360
20,600,gp_ei,400,3.532586550686456,360
20,600,gp_ei,401,3.527039570547003,360
20,600,gp_ei,402,3.526959497088229,360
20,600,gp_ei,403,3.5262095445422514,360
20,600,gp_ei,404,3.52532928458544,360
20,600,gp_ei,405,3.525243897128595,360
20,600,gp_ei,406,3.524493928315304,360
20,600,gp_ei,407,3.5236688981705577,360
20,600,gp_ei,408,3.523541560740268,360
20,600,gp_ei,409,3.5229623589093033,360
20,600,gp_ei,410,3.52158931287428,360
20,600,gp_ei,411,3.5208172997933946,360
20,600,gp_ei,412,3.520166814832298,360
20,600,gp_ei,413,3.5194694362833787,360
20,600,gp_ei,414,3.519364350712648,360
20,600,gp_ei,415,3.519301411283214,360
20,600,gp_ei,416,3.518665979603047,360
20,600,gp_ei,417,3.5174998566791555,360
20,600,gp_ei,418,3.517306989557245,360
20,600,gp_ei,419,3.5169806983116207,360
20,600,gp_ei,420,3.5166769025884457,360
20,600,gp_ei,421,3.5158954639343385,360
20,600,gp_ei,422,3.513573873960898,360
20,600,gp_ei,423,3.5134265154969158,360
20,600,gp_ei,424,3.5125306901270057,360
20,600,gp_ei,425,3.512334838248972,360
20,600,gp_ei,426,3.5116413468889127,360
20,600,gp_ei,427,3.5108871981000203,360
20,600,gp_ei,428,3.510817014473659,360
20,600,gp_ei,429,3.5105258563901813,360
20,600,gp_ei,430,3.509840244126425,360
20,600,gp_ei,431,3.509840244126425,360
20,600,gp_ei,432,3.5076962236594755,360
20,600,gp_ei,433,3.507325711780864,360
20,600,gp_ei,434,3.506897388360019,360
20,600,gp_ei,435,3.5065583800729785,360
20,600,gp_ei,436,3.5064237310890958,360
20,600,gp_ei,437,3.5060951640520397,360
20,600,gp_ei,438,3.5060248802332246,360
20,600,gp_ei,439,3.5059407324311826,360
20,600,gp_ei,440,3.505071854958774,360
20,600,gp_ei,441,3.5047952069062167,360
20,600,gp_ei,442,3.5046838013939827,360
20,600,gp_ei,443,3.50464746693189,360
20,600,gp_ei,444,3.5045096204660076,360
20,600,gp_ei,445,3.504471636764591,360
20,600,gp_ei,446,3.5042936285608994,360
20,600,gp_ei,447,3.503404321414394,360
20,600,gp_ei,448,3.5033801433559066,360
20,600,gp_ei,449,3.501362740837445,360
20,600,gp_ei,450,3.5007063786241392,360
20,600,gp_ei,451,3.5004354667617963,360
20,600,gp_ei,452,3.500036987673099,360
20,600,gp_ei,453,3.5000171419784447,360
20,600,gp_ei,454,3.499938474441592,360
20,600,gp_ei,455,3.4996988296823095,360
20,600,gp_ei,456,3.499610687381265,360
20,600,gp_ei,457,3.498172729258136,360
20,600,gp_ei,458,3.4974146269471,360
20,600,gp_ei,459,3.4970353817251754,360
20,600,gp_ei,460,3.4947970532284667,360
20,600,gp_ei,461,3.4934901746606046,360
20,600,gp_ei,462,3.4934901746606046,360
20,600,gp_ei,463,3.49345087703681,360
20,600,gp_ei,464,3.4932980668817466,360
20,600,gp_ei,465,3.4889973018285514,360
20,600,gp_ei,466,3.4889777478251314,360
20,600,gp_ei,467,3.488105338920064,360
20,600,gp_ei,468,3.4875818018012716,360
20,600,gp_ei,469,3.487506181378872,360
20,600,gp_ei,470,3.487476192610512,360
20,600,gp_ei,471,3.487298444420488,360
20,600,gp_ei,472,3.486506706629399,360
20,600,gp_ei,473,3.4864835234664224,360
20,600,gp_ei,474,3.486258752398678,360
20,600,gp_ei,475,3.4861712168389363,360
20,600,gp_ei,476,3.4861712168389363,360
20,600,gp_ei,477,3.4844855897850935,360
20,600,gp_ei,478,3.484271443714649,360
20,600,gp_ei,479,3.4842375013684603,360
20,600,gp_ei,480,3.4837789054800723,360
20,600,gp_ei,481,3.4834269405142555,360
20,600,gp_ei,482,3.4832453748805126,360
20,600,gp_ei,483,3.480731574122825,360
20,600,gp_ei,484,3.480345589613534,360
20,600,gp_ei,485,3.480074760841538,360
20,600,gp_ei,486,3.479878106231611,360
20,600,gp_ei,487,3.479026149918348,360
20,600,gp_ei,488,3.478834767343195,360
20,600,gp_ei,489,3.4785248676658216,360
20,600,gp_ei,490,3.478347511827086,360
20,600,gp_ei,491,3.478139578820848,360
20,600,gp_ei,492,3.4775285459906473,360
20,600,gp_ei,493,3.4774528324187037,360
20,600,gp_ei,494,3.4769292773732636,360
20,600,gp_ei,495,3.475902600824819,360
20,600,gp_ei,496,3.4756674067830193,360
20,600,gp_ei,497,3.475459282760653,360
20,600,gp_ei,498,3.472316280665667,360
20,600,gp_ei,499,3.4718110119174446,360
20,600,gp_ei,500,3.471766460069186,360
20,600,gp_ei,501,3.4714505187131,360
20,600,gp_ei,502,3.4705278122279846,360
20,600,gp_ei,503,3.4702111074173305,360
20,600,gp_ei,504,3.4698838552589297,360
20,600,gp_ei,505,3.4695785553556036,360
20,600,gp_ei,506,3.469426926066274,360
20,600,gp_ei,507,3.4693365944519106,360
20,600,gp_ei,508,3.4689690958058845,360
20,600,gp_ei,509,3.4683316712898957,360
20,600,gp_ei,510,3.467714479952629,360
20,600,gp_ei,511,3.4676608392291532,360
20,600,gp_ei,512,3.4670947988986485,360
20,600,gp_ei,513,3.4668395089377966,360
20,600,gp_ei,514,3.466773237400002,360
20,600,gp_ei,515,3.4664261615652685,360
20,600,gp_ei,516,3.4662781100640148,360
20,600,gp_ei,517,3.4656968051670773,360
20,600,gp_ei,518,3.46540048271475,360
20,600,gp_ei,519,3.464932099159188,360
20,600,gp_ei,520,3.464869991571486,360
20,600,gp_ei,521,3.464869991571486,360
20,600,gp_ei,522,3.4642770683407518,360
20,600,gp_ei,523,3.464187034259317,360
20,600,gp_ei,524,3.464043253421666,360
20,600,gp_ei,525,3.463808444233636,360
20,600,gp_ei,526,3.4635732654009814,360
20,600,gp_ei,527,3.463321357647679,360
20,600,gp_ei,528,3.461886556816276,360
20,600,gp_ei,529,3.4616036571733346,360
20,600,gp_ei,530,3.4605826462420692,360
20,600,gp_ei,531,3.4599277886765147,360
20,600,gp_ei,532,3.459838527725492,360
20,600,gp_ei,533,3.459506534266159,360
20,600,gp_ei,534,3.4588721698120097,360
20,600,gp_ei,535,3.4587967539898536,360
20,600,gp_ei,536,3.4585219794906195,360
20,600,gp_ei,537,3.4585219794906195,360
20,600,gp_ei,538,3.458282834908675,360
20,600,gp_ei,539,3.458225807239814,360
20,600,gp_ei,540,3.457535582445848,360
20,600,gp_ei,541,3.4560668614894077,360
20,600,gp_ei,542,3.45588086202429,360
20,600,gp_ei,543,3.4557313819807636,360
20,600,gp_ei,544,3.4548462628108485,360
20,600,gp_ei,545,3.454101545428065,360
20,600,gp_ei,546,3.4538466753084087,360
20,600,gp_ei,547,3.4535597872300614,360
20,600,gp_ei,548,3.453531901078565,360
20,600,gp_ei,549,3.452887291147286,360
20,600,gp_ei,550,3.4524264484800393,360
20,600,gp_ei,551,3.452151956704402,360
20,600,gp_ei,552,3.4515403109993605,360
20,600,gp_ei,553,3.4515403109993605,360
20,600,gp_ei,554,3.451478959945873,360
20,600,gp_ei,555,3.4510778765280836,360
20,600,gp_ei,556,3.450915742244549,360
20,600,gp_ei,557,3.4507723321057493,360
20,600,gp_ei,558,3.4506127730991554,360
20,600,gp_ei,559,3.4502635931852477,360
20,600,gp_ei,560,3.4500473887336356,360
20,600,gp_ei,561,3.444703177143952,360
20,600,gp_ei,562,3.444656957563256,360
20,600,gp_ei,563,3.4442407944924325,360
20,600,gp_ei,564,3.443692769978333,360
20,600,gp_ei,565,3.4427365932054776,360
20,600,gp_ei,566,3.442166319095758,360
20,600,gp_ei,567,3.4419165355714223,360
20,600,gp_ei,568,3.441723970245954,360
20,600,gp_ei,569,3.441302194738725,360
20,600,gp_ei,570,3.4402797032577133,360
20,600,gp_ei,571,3.4394552351721392,360
20,600,gp_ei,572,3.439072061022431,360
20,600,gp_ei,573,3.438938107220489,360
20,600,gp_ei,574,3.438301025249982,360
20,600,gp_ei,575,3.4374333129842376,360
20,600,gp_ei,576,3.433992000574805,360
20,600,gp_ei,577,3.433565756074666,360
20,600,gp_ei,578,3.433186304591645,360
20,600,gp_ei,579,3.4323164581291623,360
20,600,gp_ei,580,3.4305732301649745,360
20,600,gp_ei,581,3.4281478578379367,360
20,600,gp_ei,582,3.4280989685274195,360
20,600,gp_ei,583,3.4280989685274195,360
20,600,gp_ei,584,3.42750171115505,360
20,600,gp_ei,585,3.427371527728224,360
20,600,gp_ei,586,3.426812795764272,360
20,600,gp_ei,587,3.4263347592506115,360
20,600,gp_ei,588,3.426212470405699,360
20,600,gp_ei,589,3.4254944633851223,360
20,600,gp_ei,590,3.4249211031491864,360
20,600,gp_ei,591,3.4249211031491864,360
20,600,gp_ei,592,3.4248356410879564,360
20,600,gp_ei,593,3.4241476032745664,360
20,600,gp_ei,594,3.4230704118224904,360
20,600,gp_ei,595,3.4227371868826095,360
20,600,gp_ei,596,3.4224365239703345,360
20,600,gp_ei,597,3.42051104131306,360
20,600,gp_ei,598,3.4198166886754104,360
20,600,gp_ei,599,3.41976013415159,360
20,600,gp_ei,600,3.41948090701297,360
