dimension,budget,fid,run_index,group,method,portfolio_improvement_events,observed_total_improvement,observed_portfolio_improvement,observed_portfolio_share,top5_portfolio_share_of_total,pre70_proposed,pre70_accepted,pre70_readiness_rejected,pre70_margin_rejected,pre70_anchor_ranked_first,post70_proposed,post70_accepted,post70_readiness_rejected,post70_margin_rejected,post70_anchor_ranked_first
10,300,1,0,0,no_residual,0,26639.05818146224,0.0,0.0,0.0,55,51,4,0,0,45,45,0,0,0
10,300,1,0,0,no_residual_score_only,1,22989.562160244874,1138.2335542292622,0.04951088438724482,0.04951088438724482,55,55,0,0,0,45,45,0,0,0
10,300,1,1,0,no_residual,0,22299.646162738063,0.0,0.0,0.0,55,51,4,0,0,45,45,0,0,0
10,300,1,1,0,no_residual_score_only,0,26703.335146035635,0.0,0.0,0.0,55,55,0,0,0,45,45,0,0,0
10,300,1,2,0,no_residual,0,14854.803490957824,0.0,0.0,0.0,55,51,4,0,0,45,45,0,0,0
10,300,1,2,0,no_residual_score_only,2,20841.028311448048,1640.2856659309173,0.07870464170090412,0.07870464170090412,55,55,0,0,0,45,45,0,0,0
10,300,1,3,0,no_residual,2,23973.88496781357,1121.5303782450637,0.04678133643132049,0.04678133643132049,55,50,4,1,0,45,44,0,1,0
10,300,1,3,0,no_residual_score_only,0,22895.469325111204,0.0,0.0,0.0,55,55,0,0,0,44,44,0,0,1
10,300,1,4,0,no_residual,2,10863.74302816276,270.38584974308833,0.024888829664154444,0.024888829664154444,55,51,4,0,0,44,44,0,0,1
10,300,1,4,0,no_residual_score_only,1,11710.895973657543,66.48917988861922,0.0056775485016842256,0.0056775485016842256,54,54,0,0,1,45,45,0,0,0
10,300,1,5,0,no_residual,0,12978.417696515287,0.0,0.0,0.0,55,51,4,0,0,45,45,0,0,0
10,300,1,5,0,no_residual_score_only,0,16230.479740687391,0.0,0.0,0.0,55,55,0,0,0,45,45,0,0,0
10,300,1,6,0,no_residual,0,13371.512594573329,0.0,0.0,0.0,55,51,4,0,0,45,45,0,0,0
10,300,1,6,0,no_residual_score_only,2,13748.065991207304,3740.6746215381318,0.2720873338788534,0.2720873338788534,55,55,0,0,0,45,45,0,0,0
10,300,1,7,0,no_residual,2,19704.64211151101,1747.7739185789933,0.08869858730182077,0.08869858730182077,55,51,4,0,0,45,45,0,0,0
10,300,1,7,0,no_residual_score_only,3,20920.930281619047,1145.147078188369,0.054736910011811746,0.054736910011811746,55,55,0,0,0,45,45,0,0,0
10,300,1,8,0,no_residual,0,10427.751419554537,0.0,0.0,0.0,55,51,4,0,0,45,45,0,0,0
10,300,1,8,0,no_residual_score_only,0,11349.776053511265,0.0,0.0,0.0,55,55,0,0,0,45,45,0,0,0
10,300,1,9,0,no_residual,0,22792.76126757139,0.0,0.0,0.0,55,50,4,1,0,45,45,0,0,0
10,300,1,9,0,no_residual_score_only,0,25420.10815495511,0.0,0.0,0.0,55,55,0,0,0,44,44,0,0,1
10,300,1,10,1,no_residual,1,6080.8522447578725,4443.278549455885,0.7306999694469319,0.7306999694469319,55,51,4,0,0,45,44,0,1,0
10,300,1,10,1,no_residual_score_only,2,9117.634180984218,4412.514166938468,0.4839538502368552,0.4839538502368552,55,55,0,0,0,45,45,0,0,0
10,300,1,11,1,no_residual,4,27567.255611497716,4816.671557190369,0.17472437681397046,0.17472437681397046,55,51,4,0,0,45,45,0,0,0
10,300,1,11,1,no_residual_score_only,0,26746.96478191486,0.0,0.0,0.0,55,55,0,0,0,45,45,0,0,0
10,300,1,12,1,no_residual,2,27611.561446247382,2455.600590749931,0.08893378215970707,0.08893378215970707,55,51,4,0,0,45,44,0,1,0
10,300,1,12,1,no_residual_score_only,7,28386.747090939774,4653.161006216945,0.16392019104232267,0.16148385187934117,55,55,0,0,0,45,45,0,0,0
10,300,1,13,1,no_residual,4,31580.59536404951,6250.361294786199,0.19791777902646637,0.19791777902646637,55,51,4,0,0,45,45,0,0,0
10,300,1,13,1,no_residual_score_only,2,30411.881188573196,6631.120111518994,0.2180437333159955,0.2180437333159955,55,55,0,0,0,45,45,0,0,0
10,300,1,14,1,no_residual,0,15756.567433004815,0.0,0.0,0.0,55,51,4,0,0,45,45,0,0,0
10,300,1,14,1,no_residual_score_only,2,14760.393985899427,2093.523222313019,0.14183383074414932,0.14183383074414932,55,55,0,0,0,45,45,0,0,0
10,300,1,15,1,no_residual,3,10237.710113644667,2620.519574085298,0.25596735451541147,0.25596735451541147,55,51,4,0,0,45,45,0,0,0
10,300,1,15,1,no_residual_score_only,2,11613.810261660732,4800.925884801428,0.413380774839257,0.413380774839257,55,55,0,0,0,45,45,0,0,0
10,300,1,16,1,no_residual,10,17233.285030136863,5668.731529602184,0.3289408560056274,0.3138130428760165,55,51,4,0,0,45,45,0,0,0
10,300,1,16,1,no_residual_score_only,4,18123.585869127004,7330.096134849931,0.40445065274508035,0.40445065274508035,55,55,0,0,0,45,45,0,0,0
10,300,1,17,1,no_residual,4,17827.206190083907,7184.249471098942,0.4029935703046428,0.4029935703046428,55,51,4,0,0,45,45,0,0,0
10,300,1,17,1,no_residual_score_only,6,19083.041421201327,8440.084702216365,0.4422819463588965,0.430030098869206,55,55,0,0,0,45,45,0,0,0
10,300,1,18,1,no_residual,0,9895.92604801662,0.0,0.0,0.0,55,51,4,0,0,45,45,0,0,0
10,300,1,18,1,no_residual_score_only,2,13346.16988137124,1391.947489540231,0.10429565200448479,0.10429565200448479,55,55,0,0,0,45,45,0,0,0
10,300,1,19,1,no_residual,2,19457.16060589079,7243.477487984395,0.372278239086508,0.372278239086508,55,51,4,0,0,45,45,0,0,0
10,300,1,19,1,no_residual_score_only,1,19292.325620712247,3492.334260524505,0.181021942568455,0.181021942568455,55,55,0,0,0,45,45,0,0,0
10,300,1,20,2,no_residual,1,11652.946758368196,253.13692474384698,0.021722996765780697,0.021722996765780697,53,46,4,3,2,42,34,0,8,3
10,300,1,20,2,no_residual_score_only,3,11026.696994537942,1064.2931716322237,0.09651967149903726,0.09651967149903726,54,54,0,0,1,42,42,0,0,3
10,300,1,21,2,no_residual,4,26325.628744433256,687.8822316553069,0.02612975508897445,0.02612975508897445,55,50,4,1,0,41,35,0,6,4
10,300,1,21,2,no_residual_score_only,4,29179.011611551243,6223.264564778393,0.21327879942015437,0.21327879942015437,55,55,0,0,0,41,41,0,0,4
10,300,1,22,2,no_residual,3,34885.38649820117,1411.9923470088415,0.040475181408170705,0.040475181408170705,54,48,3,3,1,43,39,0,4,2
10,300,1,22,2,no_residual_score_only,1,37277.070964986175,1671.4036618780056,0.044837312015419115,0.044837312015419115,52,52,0,0,3,41,41,0,0,4
10,300,1,23,2,no_residual,1,24938.065947837153,2164.0961581631036,0.08677882890717084,0.08677882890717084,55,51,4,0,0,40,32,0,8,5
10,300,1,23,2,no_residual_score_only,0,23537.45752261296,0.0,0.0,0.0,55,55,0,0,0,43,43,0,0,2
10,300,1,24,2,no_residual,0,12765.95627511941,0.0,0.0,0.0,55,49,4,2,0,41,32,0,9,4
10,300,1,24,2,no_residual_score_only,2,15809.08042008858,2789.949032848429,0.1764776292303026,0.1764776292303026,54,54,0,0,1,41,41,0,0,4
10,300,1,25,2,no_residual,1,30237.687995526285,5207.044600185265,0.17220379418412068,0.17220379418412068,55,48,4,3,0,42,32,0,10,3
10,300,1,25,2,no_residual_score_only,1,32101.37844611027,3381.0944388201005,0.10532552190853936,0.10532552190853936,52,52,0,0,3,41,41,0,0,4
10,300,1,26,2,no_residual,1,11649.561690943354,99.52287104370589,0.008543057128155932,0.008543057128155932,54,47,3,4,1,40,36,0,4,5
10,300,1,26,2,no_residual_score_only,4,12700.932090642475,1286.5989417872024,0.10129956861474093,0.10129956861474093,53,53,0,0,2,42,42,0,0,3
10,300,1,27,2,no_residual,1,18916.159123027945,261.3742051368781,0.013817509328238272,0.013817509328238272,55,49,4,2,0,35,29,0,6,10
10,300,1,27,2,no_residual_score_only,2,19545.63450718696,420.7850321841879,0.02152833831152755,0.02152833831152755,55,55,0,0,0,38,38,0,0,7
10,300,1,28,2,no_residual,1,12529.997891353392,368.4781199781037,0.02940767613635277,0.02940767613635277,55,51,4,0,0,44,31,0,13,1
10,300,1,28,2,no_residual_score_only,4,13619.989779822266,1349.2050219799175,0.09906064863416689,0.09906064863416689,54,54,0,0,1,42,42,0,0,3
10,300,1,29,2,no_residual,7,23553.216015163074,4290.368239682153,0.1821563661166315,0.17742550421608502,55,50,4,1,0,43,34,0,9,2
10,300,1,29,2,no_residual_score_only,10,24519.63449883139,7337.004066340205,0.2992297485792412,0.28860610759939054,55,55,0,0,0,43,43,0,0,2
10,300,2,0,0,no_residual,14,3478.3402510386213,2434.5080007919387,0.6999050768725119,0.6808225404274459,55,51,4,0,0,45,45,0,0,0
10,300,2,0,0,no_residual_score_only,16,3652.5839896011726,3052.9295716582146,0.8358273431493537,0.7937668414134825,55,55,0,0,0,45,45,0,0,0
10,300,2,1,0,no_residual,28,3540.127534870894,1487.5503435041342,0.4201968230950708,0.3825407312225511,55,51,4,0,0,45,45,0,0,0
10,300,2,1,0,no_residual_score_only,28,3507.1850910461453,1587.244785679577,0.4525694380179187,0.4112957565765244,55,55,0,0,0,45,45,0,0,0
10,300,2,2,0,no_residual,21,3414.314754039068,3249.7889450588573,0.9518129344151474,0.9153771671674117,55,51,4,0,0,45,45,0,0,0
10,300,2,2,0,no_residual_score_only,16,3457.940304318681,3209.38031021464,0.9281190615715343,0.908752693454277,55,55,0,0,0,45,45,0,0,0
10,300,2,3,0,no_residual,17,1493.7423262099674,1418.0806139644521,0.9493475474866608,0.7815396247226275,55,51,4,0,0,45,45,0,0,0
10,300,2,3,0,no_residual_score_only,21,1511.0550593619914,1371.4826829884523,0.9076325012058327,0.8610479865154611,55,55,0,0,0,45,45,0,0,0
10,300,2,4,0,no_residual,23,2367.5443107595997,2367.5443107596,1.0000000000000002,0.9011286142327402,55,51,4,0,0,45,45,0,0,0
10,300,2,4,0,no_residual_score_only,16,2332.353999460263,2223.6269405778467,0.953383123270491,0.7984848442332502,55,55,0,0,0,45,45,0,0,0
10,300,2,5,0,no_residual,11,964.078846467456,555.7836955638858,0.5764919514626516,0.5627233396565142,55,51,4,0,0,45,45,0,0,0
10,300,2,5,0,no_residual_score_only,18,1011.9591612155434,993.8731825827679,0.9821277583859698,0.8700616929631283,55,55,0,0,0,45,45,0,0,0
10,300,2,6,0,no_residual,15,1730.8583914291148,1730.8583914291148,1.0,0.9630900881313096,55,51,4,0,0,45,45,0,0,0
10,300,2,6,0,no_residual_score_only,21,1809.3825041067334,1799.265860404216,0.9944087866000938,0.8275640709370655,55,55,0,0,0,45,45,0,0,0
10,300,2,7,0,no_residual,24,1399.8590798580979,1399.8590798580979,1.0,0.8187894632762643,55,51,4,0,0,45,45,0,0,0
10,300,2,7,0,no_residual_score_only,23,1512.6272781225666,949.6858321374651,0.6278386261261865,0.5336266433673839,55,55,0,0,0,45,45,0,0,0
10,300,2,8,0,no_residual,14,4528.013098102581,3380.448890235424,0.7465634080546206,0.6698528476488986,54,51,3,0,1,45,45,0,0,0
10,300,2,8,0,no_residual_score_only,27,4522.338235654963,4522.338235654962,0.9999999999999998,0.9485976084552331,54,54,0,0,1,45,45,0,0,0
10,300,2,9,0,no_residual,19,2118.197979949109,2065.520378478422,0.9751309358382295,0.9097550072037877,55,51,4,0,0,45,45,0,0,0
10,300,2,9,0,no_residual_score_only,24,2133.7778579498017,1899.4355431351314,0.8901749242820274,0.8710733399533503,55,55,0,0,0,45,45,0,0,0
10,300,2,10,1,no_residual,23,695.0854548380674,695.0854548380674,1.0,0.8926433816979433,55,51,4,0,0,45,45,0,0,0
10,300,2,10,1,no_residual_score_only,10,697.77409520653,697.77409520653,1.0,0.9615543328046976,55,55,0,0,0,45,45,0,0,0
10,300,2,11,1,no_residual,18,2822.2176994636225,2822.2176994636225,1.0,0.966507189814838,55,51,4,0,0,45,45,0,0,0
10,300,2,11,1,no_residual_score_only,15,2853.770799512591,2853.770799512591,1.0,0.831935049161396,55,55,0,0,0,45,45,0,0,0
10,300,2,12,1,no_residual,8,754.2461009570382,754.2461009570382,1.0,0.9922054795679661,55,51,4,0,0,45,45,0,0,0
10,300,2,12,1,no_residual_score_only,25,812.6081620639081,812.6081620639083,1.0000000000000002,0.8652173179620174,55,55,0,0,0,45,45,0,0,0
10,300,2,13,1,no_residual,30,2371.1846397927975,2371.1846397927975,1.0,0.8413580271492073,55,51,4,0,0,45,45,0,0,0
10,300,2,13,1,no_residual_score_only,12,2428.4256536389757,2428.4256536389757,1.0,0.9879186594970898,55,55,0,0,0,45,45,0,0,0
10,300,2,14,1,no_residual,14,728.8663745142056,728.8663745142056,1.0,0.9594741547612116,55,51,4,0,0,45,45,0,0,0
10,300,2,14,1,no_residual_score_only,15,889.2765672057117,889.2765672057117,1.0,0.9911530040315991,55,55,0,0,0,45,45,0,0,0
10,300,2,15,1,no_residual,20,1682.6651641286585,1682.6651641286583,0.9999999999999999,0.8705364788950585,55,51,4,0,0,45,45,0,0,0
10,300,2,15,1,no_residual_score_only,7,1648.9865374825665,1648.9865374825665,1.0,0.9991758016170409,55,55,0,0,0,45,45,0,0,0
10,300,2,16,1,no_residual,13,1158.7548130925497,1158.7548130925497,1.0,0.9487904182798426,55,51,4,0,0,45,45,0,0,0
10,300,2,16,1,no_residual_score_only,21,1113.2611731591246,1113.2611731591246,1.0,0.8936829835020464,55,55,0,0,0,45,45,0,0,0
10,300,2,17,1,no_residual,18,1050.9111696933833,1050.9111696933833,1.0,0.9495377693376879,55,51,4,0,0,45,45,0,0,0
10,300,2,17,1,no_residual_score_only,20,1005.8034779422126,1005.8034779422126,1.0,0.9350204154428576,55,55,0,0,0,45,45,0,0,0
10,300,2,18,1,no_residual,13,1779.5835148794065,1779.5835148794065,1.0,0.9895391497034662,55,51,4,0,0,45,45,0,0,0
10,300,2,18,1,no_residual_score_only,31,1765.9957677695043,1765.9957677695038,0.9999999999999998,0.89568084779555,55,55,0,0,0,45,45,0,0,0
10,300,2,19,1,no_residual,31,2226.2078117563196,2226.2078117563196,1.0,0.8344086131541646,55,51,4,0,0,45,45,0,0,0
10,300,2,19,1,no_residual_score_only,27,2185.604628169375,2185.6046281693752,1.0000000000000002,0.8852454965026707,55,55,0,0,0,45,45,0,0,0
10,300,2,20,2,no_residual,15,1365.981653658326,864.492523055976,0.6328727188544013,0.6066111714125145,55,44,4,7,0,45,39,0,6,0
10,300,2,20,2,no_residual_score_only,12,1467.6127076609591,1467.6127076609591,1.0,0.9801894104542779,55,55,0,0,0,45,45,0,0,0
10,300,2,21,2,no_residual,30,3615.604804000429,2837.5496359017156,0.784806357365759,0.6906306049467471,52,38,4,10,3,45,41,0,4,0
10,300,2,21,2,no_residual_score_only,27,3692.6925666224897,3692.69256662249,1.0000000000000002,0.96280962489465,55,55,0,0,0,45,45,0,0,0
10,300,2,22,2,no_residual,17,2345.689440348542,1954.2769891983198,0.8331354336948957,0.687365765184409,54,44,3,7,1,45,38,0,7,0
10,300,2,22,2,no_residual_score_only,29,2414.4123430833947,2175.587803176069,0.9010837810734814,0.8606141431909116,54,54,0,0,1,45,45,0,0,0
10,300,2,23,2,no_residual,27,2354.587990200392,2320.679244381992,0.9855988623234613,0.8324358747192148,55,43,4,8,0,45,45,0,0,0
10,300,2,23,2,no_residual_score_only,19,2249.340037757469,1379.5203538962548,0.6133000483428905,0.5754879389896336,54,54,0,0,1,45,45,0,0,0
10,300,2,24,2,no_residual,17,2008.7125678506495,1907.5666529099783,0.9496463971204707,0.9310956419369142,55,47,4,4,0,45,41,0,4,0
10,300,2,24,2,no_residual_score_only,20,1932.5156014653703,1541.3554724673686,0.7975901831263891,0.7610264885707593,55,55,0,0,0,44,44,0,0,1
10,300,2,25,2,no_residual,14,878.5902073001162,847.4391889224839,0.9645443141537413,0.952640616895488,55,46,4,5,0,44,29,0,15,1
10,300,2,25,2,no_residual_score_only,20,861.0901686699909,861.0901686699909,1.0,0.8925324678120335,55,55,0,0,0,45,45,0,0,0
10,300,2,26,2,no_residual,19,2060.009558346029,1831.6451762624552,0.8891440182117765,0.8434979792756607,54,44,4,6,1,45,41,0,4,0
10,300,2,26,2,no_residual_score_only,20,2135.3756242177537,1953.5050689985433,0.9148297127884305,0.8496798641039546,55,55,0,0,0,45,45,0,0,0
10,300,2,27,2,no_residual,31,2153.3409987383347,1727.550478610684,0.8022651682306119,0.6345511668583438,49,31,4,14,6,44,43,0,1,1
10,300,2,27,2,no_residual_score_only,17,2237.227191109396,1943.52737149236,0.8687215045552008,0.8285614648134061,54,54,0,0,1,45,45,0,0,0
10,300,2,28,2,no_residual,32,1980.337043640374,1980.3370436403743,1.0000000000000002,0.9003256918349131,54,46,3,5,1,45,40,0,5,0
10,300,2,28,2,no_residual_score_only,12,1961.2495128101164,1490.6248527248913,0.7600383546248,0.7212236871285224,53,53,0,0,2,44,44,0,0,1
10,300,2,29,2,no_residual,29,1325.2269005094586,1015.7911197273563,0.7665035469298537,0.6324030997848976,55,48,4,3,0,45,44,0,1,0
10,300,2,29,2,no_residual_score_only,19,1487.760359176429,1487.7603591764291,1.0000000000000002,0.8172466076453929,55,55,0,0,0,45,45,0,0,0
10,300,3,0,0,no_residual,40,0.3464168453911043,0.3132722936711616,0.904321766793637,0.5923991361429995,55,51,4,0,0,45,45,0,0,0
10,300,3,0,0,no_residual_score_only,82,0.40640903449548205,0.399416811510946,0.9827951093823093,0.47868527573902403,55,55,0,0,0,45,45,0,0,0
10,300,3,1,0,no_residual,74,0.6297352654310089,0.4547470208539153,0.7221241143969813,0.3453250885765842,55,51,4,0,0,45,45,0,0,0
10,300,3,1,0,no_residual_score_only,93,0.5677226297651714,0.5158772016631019,0.9086782428885837,0.38702351717213357,55,55,0,0,0,45,45,0,0,0
10,300,3,2,0,no_residual,74,0.5801378195309326,0.4917503468236646,0.847644008489684,0.3890634938202122,55,51,4,0,0,45,45,0,0,0
10,300,3,2,0,no_residual_score_only,73,0.5551584361502364,0.5126381293335953,0.9234086991247048,0.34367322120337024,55,55,0,0,0,45,45,0,0,0
10,300,3,3,0,no_residual,80,0.7461239772565023,0.6694878869528793,0.8972877261156867,0.4473156484102543,55,51,4,0,0,45,45,0,0,0
10,300,3,3,0,no_residual_score_only,81,0.7828499834718059,0.6618854682868687,0.8454818704236535,0.45169845879761894,55,55,0,0,0,45,45,0,0,0
10,300,3,4,0,no_residual,80,0.6409265195018179,0.6096419927004035,0.9511885905021822,0.6947538601905636,55,51,4,0,0,45,45,0,0,0
10,300,3,4,0,no_residual_score_only,82,0.6497561257103825,0.6497561257103825,1.0,0.7054933613412924,55,55,0,0,0,45,45,0,0,0
10,300,3,5,0,no_residual,74,1.0524100694747176,0.6575436241197394,0.6247979216389813,0.3275847533207242,55,51,4,0,0,45,45,0,0,0
10,300,3,5,0,no_residual_score_only,81,1.1041517011329915,0.8506507337731364,0.7704111064632397,0.46224922935622226,55,55,0,0,0,45,45,0,0,0
10,300,3,6,0,no_residual,76,0.8140272414722176,0.3787532549424668,0.4652832677410999,0.27353294379064663,55,51,4,0,0,45,45,0,0,0
10,300,3,6,0,no_residual_score_only,76,0.8138481484141948,0.6172011307190814,0.758373821850814,0.34007623520307656,55,55,0,0,0,45,45,0,0,0
10,300,3,7,0,no_residual,76,0.6224597315967912,0.5428222892390977,0.8720600894881984,0.6063705105137256,55,51,4,0,0,45,45,0,0,0
10,300,3,7,0,no_residual_score_only,80,0.591564380179534,0.5855621605697934,0.9898536493899125,0.5977415399408312,55,55,0,0,0,45,45,0,0,0
10,300,3,8,0,no_residual,72,0.6339899552622228,0.5302993141184515,0.8364475015997942,0.6019908533922473,55,51,4,0,0,45,45,0,0,0
10,300,3,8,0,no_residual_score_only,83,0.6448076058999277,0.6321050788437788,0.9803002834645218,0.6965746386319088,55,55,0,0,0,45,45,0,0,0
10,300,3,9,0,no_residual,77,0.8242948716525689,0.552807445306712,0.6706428297903013,0.32063323111925673,55,51,4,0,0,45,45,0,0,0
10,300,3,9,0,no_residual_score_only,84,0.8853552713669615,0.7678505100261646,0.8672795372197049,0.5379113597376761,55,55,0,0,0,45,45,0,0,0
10,300,3,10,1,no_residual,87,0.8209387240132173,0.8209387240132173,1.0,0.5780492913427362,55,51,4,0,0,45,45,0,0,0
10,300,3,10,1,no_residual_score_only,80,0.8728916666793793,0.8728916666793793,1.0,0.6501488152387265,55,55,0,0,0,45,45,0,0,0
10,300,3,11,1,no_residual,79,0.5094844373264777,0.5094844373264777,1.0,0.6795570453164517,55,51,4,0,0,45,45,0,0,0
10,300,3,11,1,no_residual_score_only,36,0.49597217355619705,0.49597217355619705,1.0,0.7396976857176314,55,55,0,0,0,45,45,0,0,0
10,300,3,12,1,no_residual,74,1.0219370148874987,1.0219370148874987,1.0,0.8414235109303394,55,51,4,0,0,45,45,0,0,0
10,300,3,12,1,no_residual_score_only,78,1.0048419630956005,1.0048419630956005,1.0,0.5953526762877247,55,55,0,0,0,45,45,0,0,0
10,300,3,13,1,no_residual,75,0.5714310577101287,0.5714310577101287,1.0,0.6686547726280384,55,51,4,0,0,45,45,0,0,0
10,300,3,13,1,no_residual_score_only,45,0.5561518345423337,0.5561518345423337,1.0,0.686907268598785,55,55,0,0,0,45,45,0,0,0
10,300,3,14,1,no_residual,80,0.5251814069031298,0.5251814069031298,1.0,0.5990577805118565,55,51,4,0,0,45,45,0,0,0
10,300,3,14,1,no_residual_score_only,37,0.5264657414056728,0.5264657414056728,1.0,0.706920826384529,55,55,0,0,0,45,45,0,0,0
10,300,3,15,1,no_residual,73,0.8121330714149053,0.8121330714149053,1.0,0.8359458806325513,55,51,4,0,0,45,45,0,0,0
10,300,3,15,1,no_residual_score_only,82,0.7926327634150994,0.7926327634150994,1.0,0.7985948254809391,55,55,0,0,0,45,45,0,0,0
10,300,3,16,1,no_residual,89,1.0853957498460431,0.9791867452629504,0.9021472079670868,0.48688549022655997,55,51,4,0,0,45,45,0,0,0
10,300,3,16,1,no_residual_score_only,75,1.0822321546181684,1.0822321546181684,1.0,0.7318450944377591,55,55,0,0,0,45,45,0,0,0
10,300,3,17,1,no_residual,79,1.169288396019624,1.119958143994495,0.9578117321671418,0.7231983787121637,55,51,4,0,0,45,45,0,0,0
10,300,3,17,1,no_residual_score_only,68,1.2119113021308294,1.2119113021308294,1.0,0.6976688205297792,55,55,0,0,0,45,45,0,0,0
10,300,3,18,1,no_residual,64,0.5292141721666894,0.5292141721666894,1.0,0.6882977439520349,55,51,4,0,0,45,45,0,0,0
10,300,3,18,1,no_residual_score_only,84,0.5337315744549187,0.5337315744549187,1.0,0.6405610053370346,55,55,0,0,0,45,45,0,0,0
10,300,3,19,1,no_residual,36,0.6481805213904863,0.6481805213904863,1.0,0.7921379632199589,55,51,4,0,0,45,45,0,0,0
10,300,3,19,1,no_residual_score_only,81,0.6815016399751812,0.6815016399751812,1.0,0.5553633322202229,55,55,0,0,0,45,45,0,0,0
10,300,3,20,2,no_residual,47,0.6915675979174694,0.30585962977033887,0.44227004083386756,0.34210357908485056,40,14,4,22,15,45,41,0,4,0
10,300,3,20,2,no_residual_score_only,74,0.6969703214736,0.53317106276495,0.7649838828684551,0.5368573380559171,47,47,0,0,8,45,45,0,0,0
10,300,3,21,2,no_residual,42,0.6987656269727722,0.36879718956788565,0.5277838166791453,0.40719524447493205,36,10,3,23,19,45,41,0,4,0
10,300,3,21,2,no_residual_score_only,61,0.7351320930507654,0.614444445873346,0.8358286241094834,0.610198483220788,38,38,0,0,17,45,45,0,0,0
10,300,3,22,2,no_residual,33,0.8242932384137021,0.07039254333551526,0.08539745330312433,0.03732933008658016,23,4,2,17,32,45,37,0,8,0
10,300,3,22,2,no_residual_score_only,71,0.8974050397484916,0.6784935672322945,0.7560616858385933,0.5379768610698905,42,42,0,0,13,45,45,0,0,0
10,300,3,23,2,no_residual,35,0.3398162947499941,0.2264628596096827,0.6664273111926357,0.5441619170828833,36,15,4,17,19,45,34,0,11,0
10,300,3,23,2,no_residual_score_only,62,0.3537606911868352,0.2959780653902726,0.836661824685193,0.5798513924125258,43,43,0,0,12,45,45,0,0,0
10,300,3,24,2,no_residual,59,0.7416874668169839,0.6465282244627133,0.8716990017875659,0.6650234406948451,51,35,3,13,4,45,44,0,1,0
10,300,3,24,2,no_residual_score_only,82,0.7716295372979403,0.6904738685183247,0.8948256062568535,0.6470184685391346,48,48,0,0,7,45,45,0,0,0
10,300,3,25,2,no_residual,32,0.8023632201357032,0.4546072215185859,0.5665853196033818,0.5199478343282549,40,13,4,23,15,45,41,0,4,0
10,300,3,25,2,no_residual_score_only,66,0.8072812129979638,0.6186879299393695,0.7663846500797115,0.5430072224747738,39,39,0,0,16,45,45,0,0,0
10,300,3,26,2,no_residual,50,0.47344956067058774,0.3627988740405499,0.7662883318060034,0.6292914592742685,47,21,4,22,8,45,42,0,3,0
10,300,3,26,2,no_residual_score_only,72,0.4779525635498203,0.45529271027339746,0.9525897442454855,0.6745954658993387,47,47,0,0,8,45,45,0,0,0
10,300,3,27,2,no_residual,54,0.7852978642018797,0.6429398207210397,0.8187209593069217,0.5994334782254245,51,31,4,16,4,44,35,0,9,1
10,300,3,27,2,no_residual_score_only,75,0.7993877426299605,0.7358342396739772,0.9204972761442473,0.6170708027088619,48,48,0,0,7,45,45,0,0,0
10,300,3,28,2,no_residual,49,0.6325119322129922,0.41667356559139535,0.6587600081054038,0.3982760247000486,42,19,4,19,13,44,40,0,4,1
10,300,3,28,2,no_residual_score_only,71,0.6545888024604665,0.4628045761521662,0.7070157240890429,0.3148076493626924,42,42,0,0,13,45,45,0,0,0
10,300,3,29,2,no_residual,65,0.5193811172720189,0.3383161481007164,0.6513832267866756,0.41296972486432754,48,25,4,19,7,45,45,0,0,0
10,300,3,29,2,no_residual_score_only,54,0.5333420448813513,0.3174176918428202,0.5951484509597097,0.3205888716493132,39,39,0,0,16,45,45,0,0,0
10,300,4,0,0,no_residual,8,129.93046613243916,11.778279846794248,0.09065063951043287,0.08467609428074692,54,51,3,0,1,45,45,0,0,0
10,300,4,0,0,no_residual_score_only,3,131.62222028475776,33.48177402231329,0.2543778242752419,0.2543778242752419,54,54,0,0,1,45,45,0,0,0
10,300,4,1,0,no_residual,4,129.13128557975995,42.81421570912471,0.3315557149214614,0.3315557149214614,55,50,4,1,0,45,45,0,0,0
10,300,4,1,0,no_residual_score_only,1,126.47312125915016,25.5,0.20162386874084606,0.20162386874084606,53,53,0,0,2,45,45,0,0,0
10,300,4,2,0,no_residual,4,139.82316233720496,43.27966406169105,0.30953143483706597,0.30953143483706597,52,42,3,7,3,45,45,0,0,0
10,300,4,2,0,no_residual_score_only,4,138.1607795617399,89.89773926704856,0.6506748119995658,0.6506748119995658,54,54,0,0,1,45,45,0,0,0
10,300,4,3,0,no_residual,4,79.28907324284944,44.417198941059496,0.5601931908702842,0.5601931908702842,54,48,3,3,1,45,45,0,0,0
10,300,4,3,0,no_residual_score_only,2,61.3861274709875,61.3861274709875,1.0,1.0,53,53,0,0,2,45,45,0,0,0
10,300,4,4,0,no_residual,3,114.1227871378909,3.930913499382882,0.034444597770235716,0.034444597770235716,55,51,4,0,0,45,45,0,0,0
10,300,4,4,0,no_residual_score_only,3,92.32365023624561,22.943840601636452,0.24851531046406636,0.24851531046406636,55,55,0,0,0,45,45,0,0,0
10,300,4,5,0,no_residual,11,126.21963231964685,63.74939414803271,0.5050671831034144,0.4710974412232947,55,47,4,4,0,45,45,0,0,0
10,300,4,5,0,no_residual_score_only,1,98.51459900616112,7.774756395546433,0.07891984004381115,0.07891984004381115,54,54,0,0,1,45,45,0,0,0
10,300,4,6,0,no_residual,6,196.94770549291604,100.9585736103943,0.5126161452742878,0.5119725932759811,52,48,2,2,3,45,45,0,0,0
10,300,4,6,0,no_residual_score_only,2,113.20084918350574,42.56545895089596,0.37601713465854536,0.37601713465854536,54,54,0,0,1,45,45,0,0,0
10,300,4,7,0,no_residual,3,83.14494584322676,22.029534420332425,0.2649533798707383,0.2649533798707383,55,51,4,0,0,45,45,0,0,0
10,300,4,7,0,no_residual_score_only,12,127.05901914428694,101.94038744518741,0.802307369691127,0.6485282429275898,55,55,0,0,0,45,45,0,0,0
10,300,4,8,0,no_residual,5,175.0188547441786,34.24138019059808,0.19564395070832788,0.19564395070832788,55,31,4,20,0,45,38,0,7,0
10,300,4,8,0,no_residual_score_only,2,126.57004174910037,28.591631244283462,0.225895724210636,0.225895724210636,54,54,0,0,1,45,45,0,0,0
10,300,4,9,0,no_residual,2,189.65403321212955,42.136001848947444,0.22217298063900381,0.22217298063900381,55,51,4,0,0,45,45,0,0,0
10,300,4,9,0,no_residual_score_only,3,133.9218148855557,5.410312134959099,0.040399035359418765,0.040399035359418765,54,54,0,0,1,45,45,0,0,0
10,300,4,10,1,no_residual,3,150.2546738017619,81.29526630504643,0.5410498339126749,0.5410498339126749,55,40,4,11,0,45,45,0,0,0
10,300,4,10,1,no_residual_score_only,2,118.7595238548472,46.36907176006741,0.3904450797288612,0.3904450797288612,55,55,0,0,0,45,45,0,0,0
10,300,4,11,1,no_residual,0,36.69637244323053,0.0,0.0,0.0,54,37,3,14,1,45,40,0,5,0
10,300,4,11,1,no_residual_score_only,3,31.93739965521638,6.418624757017028,0.20097518352495755,0.20097518352495755,54,54,0,0,1,45,45,0,0,0
10,300,4,12,1,no_residual,0,92.95516892338287,0.0,0.0,0.0,55,39,4,12,0,45,45,0,0,0
10,300,4,12,1,no_residual_score_only,4,110.59860494665872,71.90571313685336,0.6501502724336642,0.6501502724336642,55,55,0,0,0,45,45,0,0,0
10,300,4,13,1,no_residual,1,98.73005280001314,19.814773106018265,0.2006964702647827,0.2006964702647827,55,51,4,0,0,45,45,0,0,0
10,300,4,13,1,no_residual_score_only,15,108.21229973088919,88.70036213512958,0.8196883566444534,0.7360936790614622,55,55,0,0,0,45,45,0,0,0
10,300,4,14,1,no_residual,3,139.6112229793289,65.38854057358958,0.4683616343885988,0.4683616343885988,55,36,4,15,0,44,44,0,0,1
10,300,4,14,1,no_residual_score_only,6,106.1753434366052,18.139098221514473,0.17084096584387223,0.170728479786057,54,54,0,0,1,45,45,0,0,0
10,300,4,15,1,no_residual,0,167.36491263022924,0.0,0.0,0.0,55,33,4,18,0,45,45,0,0,0
10,300,4,15,1,no_residual_score_only,5,178.1684328736419,81.84959568997647,0.4593944862725749,0.4593944862725749,55,55,0,0,0,45,45,0,0,0
10,300,4,16,1,no_residual,8,137.07525639427286,112.41542216481457,0.8201000320690365,0.7925605939610038,55,49,4,2,0,45,45,0,0,0
10,300,4,16,1,no_residual_score_only,6,92.9913559095861,57.98266074363585,0.6235274254954556,0.6005571737407932,55,55,0,0,0,45,45,0,0,0
10,300,4,17,1,no_residual,2,147.29898673173045,20.662528682323114,0.14027610875528235,0.14027610875528235,55,47,4,4,0,45,44,0,1,0
10,300,4,17,1,no_residual_score_only,3,125.37332900132708,25.180184781174148,0.20084163818372897,0.20084163818372897,55,55,0,0,0,45,45,0,0,0
10,300,4,18,1,no_residual,4,123.55255842723591,57.27399498606735,0.46355976529452325,0.46355976529452325,55,42,4,9,0,45,45,0,0,0
10,300,4,18,1,no_residual_score_only,2,79.5880173572964,5.811531445980108,0.07302018116483869,0.07302018116483869,55,55,0,0,0,45,45,0,0,0
10,300,4,19,1,no_residual,4,129.707254453823,8.518604798124102,0.06567562341824763,0.06567562341824763,55,46,4,5,0,45,45,0,0,0
10,300,4,19,1,no_residual_score_only,10,143.64336620841607,56.53012040187923,0.39354494324407674,0.36535240621538706,55,55,0,0,0,45,45,0,0,0
10,300,4,20,2,no_residual,1,114.48828078958502,14.927614715309119,0.13038552603252193,0.13038552603252193,44,24,4,16,11,44,32,0,12,1
10,300,4,20,2,no_residual_score_only,2,141.64599032659146,83.35005387800823,0.5884392045678738,0.5884392045678738,51,51,0,0,4,45,45,0,0,0
10,300,4,21,2,no_residual,0,69.55645995876591,0.0,0.0,0.0,38,11,2,25,17,40,30,0,10,5
10,300,4,21,2,no_residual_score_only,0,96.68430801254556,0.0,0.0,0.0,37,37,0,0,18,43,43,0,0,2
10,300,4,22,2,no_residual,4,205.11281479996592,13.01370019337537,0.06344654870085442,0.06344654870085442,46,18,2,26,9,45,40,0,5,0
10,300,4,22,2,no_residual_score_only,0,130.9560642573681,0.0,0.0,0.0,46,46,0,0,9,44,44,0,0,1
10,300,4,23,2,no_residual,0,98.83993803486783,0.0,0.0,0.0,47,20,4,23,8,45,44,0,1,0
10,300,4,23,2,no_residual_score_only,3,127.87414502191052,71.5313016499963,0.5593883082286869,0.5593883082286869,41,41,0,0,14,44,44,0,0,1
10,300,4,24,2,no_residual,1,132.45020168359315,5.0118692569692485,0.03783964987038655,0.03783964987038655,40,18,1,21,15,45,33,0,12,0
10,300,4,24,2,no_residual_score_only,6,123.13018846993862,14.555327635725007,0.11821087758083461,0.11752557329628095,32,32,0,0,23,44,44,0,0,1
10,300,4,25,2,no_residual,2,82.97530682517333,30.3888675181895,0.36623989330003925,0.36623989330003925,52,34,3,15,3,45,42,0,3,0
10,300,4,25,2,no_residual_score_only,8,110.87827491379414,88.61067376871074,0.7991707468176605,0.7335815147123628,53,53,0,0,2,45,45,0,0,0
10,300,4,26,2,no_residual,13,200.34733627459377,80.14810752573476,0.4000457855645491,0.32374496450169604,51,35,4,12,4,45,42,0,3,0
10,300,4,26,2,no_residual_score_only,6,164.49032719903516,84.92590726002311,0.5162972723451501,0.4948065101116528,49,49,0,0,6,45,45,0,0,0
10,300,4,27,2,no_residual,0,101.09645092707899,0.0,0.0,0.0,43,15,3,25,12,44,35,0,9,1
10,300,4,27,2,no_residual_score_only,17,154.9626845980846,28.269290758789225,0.18242643919153326,0.1135179300635346,43,43,0,0,12,45,45,0,0,0
10,300,4,28,2,no_residual,3,115.18649685418961,3.8814049275561047,0.03369670085955851,0.03369670085955851,46,12,4,30,9,43,37,0,6,2
10,300,4,28,2,no_residual_score_only,3,112.27597923693781,47.63862243284427,0.4242993270387045,0.4242993270387045,49,49,0,0,6,45,45,0,0,0
10,300,4,29,2,no_residual,0,0.0,0.0,,,51,32,4,15,4,44,35,0,9,1
10,300,4,29,2,no_residual_score_only,0,17.00515043440498,0.0,0.0,0.0,49,49,0,0,6,45,45,0,0,0
10,300,5,0,0,no_residual,17,6.8334080779914075,0.9804865300922074,0.14348426420633273,0.1211029394730732,52,44,2,6,3,45,45,0,0,0
10,300,5,0,0,no_residual_score_only,30,6.878378973656595,2.775526307720952,0.4035145952775938,0.3263379390858276,52,52,0,0,3,45,45,0,0,0
10,300,5,1,0,no_residual,23,10.34150111826682,1.2368305450687558,0.11959874402412113,0.10334981980991748,55,51,4,0,0,45,45,0,0,0
10,300,5,1,0,no_residual_score_only,18,10.431504935254793,1.0644777300003625,0.10204450236157246,0.09491519470288565,55,55,0,0,0,45,45,0,0,0
10,300,5,2,0,no_residual,15,8.784557101394284,2.7209361120408175,0.30974084186998463,0.26591729135592185,54,51,3,0,1,45,45,0,0,0
10,300,5,2,0,no_residual_score_only,18,8.545312242896557,2.563643686851151,0.3000058527975061,0.25621757176831633,54,54,0,0,1,45,45,0,0,0
10,300,5,3,0,no_residual,23,11.0746390267077,1.3016983960725383,0.11753867488893775,0.08538920303401347,55,50,4,1,0,45,45,0,0,0
10,300,5,3,0,no_residual_score_only,11,10.491185992322244,1.0206007331615865,0.09728173096049311,0.08942448479098179,55,55,0,0,0,45,45,0,0,0
10,300,5,4,0,no_residual,24,6.712876193456509,2.258469626941519,0.33643844484172086,0.23625375426887651,54,51,3,0,1,45,45,0,0,0
10,300,5,4,0,no_residual_score_only,26,7.405971283719168,1.9554634700892848,0.2640387594248516,0.19929467491771474,54,54,0,0,1,45,45,0,0,0
10,300,5,5,0,no_residual,25,12.383272260194303,2.3054417023123506,0.18617386857617038,0.16796015336251607,53,51,2,0,2,45,45,0,0,0
10,300,5,5,0,no_residual_score_only,22,12.489997373854635,3.6073190109320876,0.2888166348604127,0.26625891955672126,53,53,0,0,2,45,45,0,0,0
10,300,5,6,0,no_residual,15,10.819939355113092,0.810628087146597,0.07491983647427053,0.053505078320380615,55,50,4,1,0,45,45,0,0,0
10,300,5,6,0,no_residual_score_only,28,10.695866830776367,3.295405156798097,0.308100802762042,0.25506748602467205,55,55,0,0,0,45,45,0,0,0
10,300,5,7,0,no_residual,34,9.346942778273956,2.5450525358306777,0.27228716342913756,0.2277137985855349,53,49,2,2,2,45,45,0,0,0
10,300,5,7,0,no_residual_score_only,26,9.5288180074715,2.6428427680800723,0.277352633454415,0.2482451008072282,54,54,0,0,1,45,45,0,0,0
10,300,5,8,0,no_residual,21,6.876432091981883,1.7047279723865358,0.24790879188268253,0.21098766649098488,55,50,4,1,0,45,45,0,0,0
10,300,5,8,0,no_residual_score_only,22,6.5217908268847395,2.830912728076669,0.4340698441916926,0.3958243107273423,55,55,0,0,0,45,45,0,0,0
10,300,5,9,0,no_residual,22,6.4841147109497115,1.9229119183934245,0.29655735657270327,0.26153741960584825,55,51,4,0,0,45,45,0,0,0
10,300,5,9,0,no_residual_score_only,8,5.60742494633962,1.1267476450631193,0.20093851560128873,0.19690321979398467,55,55,0,0,0,45,45,0,0,0
10,300,5,10,1,no_residual,13,6.562028096404333,2.0642209812970123,0.3145705795481283,0.2821129013251327,54,45,3,6,1,45,45,0,0,0
10,300,5,10,1,no_residual_score_only,12,7.024106157053438,3.909589671479239,0.5565960399891341,0.5119020611552713,52,52,0,0,3,45,45,0,0,0
10,300,5,11,1,no_residual,22,3.197644885734462,1.4062807100469854,0.43978639289208593,0.36127972814040515,55,50,4,1,0,45,45,0,0,0
10,300,5,11,1,no_residual_score_only,19,3.83629169929975,3.83629169929975,1.0,0.7536468255781578,55,55,0,0,0,45,45,0,0,0
10,300,5,12,1,no_residual,23,5.937564271583483,4.700180412705208,0.7916007638350535,0.7237908626216838,55,51,4,0,0,45,45,0,0,0
10,300,5,12,1,no_residual_score_only,25,5.65919154748326,5.65919154748326,1.0,0.8474192632442155,55,55,0,0,0,45,45,0,0,0
10,300,5,13,1,no_residual,22,7.816000768422214,2.892265956719598,0.3700442262499225,0.3411010333222471,55,51,4,0,0,45,45,0,0,0
10,300,5,13,1,no_residual_score_only,19,8.316454504682383,6.364563337665004,0.7652976799285786,0.7338120942526588,55,55,0,0,0,45,45,0,0,0
10,300,5,14,1,no_residual,35,8.985063766760504,7.97403393715706,0.887476610534066,0.7866993529072697,54,46,3,5,1,45,45,0,0,0
10,300,5,14,1,no_residual_score_only,16,8.800507562769212,6.660697178039641,0.7568537530969125,0.7344526708997505,54,54,0,0,1,45,45,0,0,0
10,300,5,15,1,no_residual,20,8.699367029366726,6.484430513770008,0.7453910717734189,0.6900927068106439,55,51,4,0,0,45,45,0,0,0
10,300,5,15,1,no_residual_score_only,23,9.002041052630148,3.7263776619399778,0.41394808579008124,0.3830039860489185,55,55,0,0,0,45,45,0,0,0
10,300,5,16,1,no_residual,28,6.917961751252392,3.220602774370377,0.4655421481316135,0.4017788568192981,55,51,4,0,0,45,45,0,0,0
10,300,5,16,1,no_residual_score_only,25,7.197194323813051,3.8199559837997867,0.5307562658355438,0.3466891293426194,55,55,0,0,0,45,45,0,0,0
10,300,5,17,1,no_residual,30,6.305911250584813,6.004790323477891,0.9522478330028835,0.7576347126114453,55,49,4,2,0,45,45,0,0,0
10,300,5,17,1,no_residual_score_only,49,6.236273224669958,6.236273224669958,1.0,0.6805379549856769,55,55,0,0,0,45,45,0,0,0
10,300,5,18,1,no_residual,20,5.631569368093324,4.925630968037694,0.874646239100729,0.8062581883325841,55,51,4,0,0,45,45,0,0,0
10,300,5,18,1,no_residual_score_only,42,5.687430105136741,5.015372230748085,0.8818345259695287,0.641080441877734,55,55,0,0,0,45,45,0,0,0
10,300,5,19,1,no_residual,12,9.168638848214073,0.7921394140138318,0.08639662082099896,0.0754054476185394,55,47,4,4,0,45,45,0,0,0
10,300,5,19,1,no_residual_score_only,18,9.952043226183946,1.9532376926526922,0.1962649928522919,0.18314880426019153,55,55,0,0,0,45,45,0,0,0
10,300,5,20,2,no_residual,21,7.262115366433363,1.3129379499929428,0.18079276956429913,0.16569371868970148,45,17,3,25,10,45,42,0,3,0
10,300,5,20,2,no_residual_score_only,11,7.018016673098259,1.2676931438718384,0.1806341026135219,0.13468318487281844,44,44,0,0,11,45,45,0,0,0
10,300,5,21,2,no_residual,11,7.201289517259738,0.271409371349705,0.03768899593596436,0.036199530394850216,46,19,2,25,9,45,45,0,0,0
10,300,5,21,2,no_residual_score_only,24,7.260514403840375,6.007710423411481,0.8274496942301725,0.796403643284979,45,45,0,0,10,45,45,0,0,0
10,300,5,22,2,no_residual,9,8.241150459380037,0.46416738309073935,0.05632312932260887,0.052957200348984546,45,18,4,23,10,45,42,0,3,0
10,300,5,22,2,no_residual_score_only,10,9.182589820592625,0.5610698492491792,0.06110148228454453,0.053915842051437735,42,42,0,0,13,44,44,0,0,1
10,300,5,23,2,no_residual,20,9.551542040671393,1.0651357519643625,0.11151453319567783,0.09500454922326738,50,17,4,29,5,45,42,0,3,0
10,300,5,23,2,no_residual_score_only,24,9.75005223205369,0.3440210577009566,0.03528402202502808,0.02825078333061243,49,49,0,0,6,45,45,0,0,0
10,300,5,24,2,no_residual,28,4.6305453312292,0.9455528015072332,0.20419901628654,0.15472266994971715,44,17,4,23,11,45,43,0,2,0
10,300,5,24,2,no_residual_score_only,21,4.507172798716169,1.749280256589941,0.38811031542616004,0.2969629403572754,40,40,0,0,15,45,45,0,0,0
10,300,5,25,2,no_residual,6,3.5486265918709705,2.917456417972403,0.8221367738875589,0.8213318572842855,37,15,4,18,18,45,36,0,9,0
10,300,5,25,2,no_residual_score_only,15,3.690155343573224,2.869098449539365,0.7775007235227069,0.7480205235986297,35,35,0,0,20,45,45,0,0,0
10,300,5,26,2,no_residual,10,5.510509234713936,0.24840298870481092,0.04507804598892141,0.03994081373721805,43,15,2,26,12,45,44,0,1,0
10,300,5,26,2,no_residual_score_only,11,5.661698292622759,2.2310963313092316,0.39406839008294897,0.3752196569587586,36,36,0,0,19,45,45,0,0,0
10,300,5,27,2,no_residual,17,4.981260631582018,0.9433626681941405,0.18938231463197588,0.17589268764280439,48,17,3,28,7,45,44,0,1,0
10,300,5,27,2,no_residual_score_only,26,5.012773838730368,2.1220880130541673,0.4233360772549133,0.39289835156662317,45,45,0,0,10,45,45,0,0,0
10,300,5,28,2,no_residual,16,7.843714998550126,0.6091791168373675,0.07766461644131274,0.05439661170958628,50,23,4,23,5,44,38,0,6,1
10,300,5,28,2,no_residual_score_only,19,8.225913947915728,1.319809973565384,0.16044539025354088,0.1434922111551113,47,47,0,0,8,41,41,0,0,4
10,300,5,29,2,no_residual,7,9.612824313786746,0.12662903994521457,0.013172927727764957,0.012557064252175341,44,12,4,28,11,45,41,0,4,0
10,300,5,29,2,no_residual_score_only,19,10.009763006200046,0.2604630194848596,0.026020897729899184,0.0207567427275326,40,40,0,0,15,45,45,0,0,0
10,300,6,0,0,no_residual,10,344628216.0639024,239537705.00078917,0.6950612104157284,0.6627750818827456,55,51,4,0,0,45,45,0,0,0
10,300,6,0,0,no_residual_score_only,18,344730930.6917822,312344682.00397205,0.9060535455207932,0.8343274114488428,55,55,0,0,0,45,45,0,0,0
10,300,6,1,0,no_residual,11,668413773.5942177,668413773.5942177,1.0,0.9951820988487324,55,51,4,0,0,45,45,0,0,0
10,300,6,1,0,no_residual_score_only,10,666020213.1031548,620331813.272108,0.9314008810360678,0.9279716267121564,55,55,0,0,0,45,45,0,0,0
10,300,6,2,0,no_residual,9,433469937.21901613,303940711.2284955,0.7011806013087492,0.6940808819734406,55,51,4,0,0,45,45,0,0,0
10,300,6,2,0,no_residual_score_only,11,426801293.83138216,142420115.89820814,0.3336918560384555,0.30781262268768966,55,55,0,0,0,45,45,0,0,0
10,300,6,3,0,no_residual,5,360869527.55561054,144424153.1489689,0.400211550493725,0.400211550493725,55,51,4,0,0,45,45,0,0,0
10,300,6,3,0,no_residual_score_only,9,361508723.6564352,267452413.16732678,0.7398228470456051,0.7076353139510766,55,55,0,0,0,45,45,0,0,0
10,300,6,4,0,no_residual,11,804902654.5404363,804902654.5404361,0.9999999999999999,0.9632221459519804,55,51,4,0,0,45,45,0,0,0
10,300,6,4,0,no_residual_score_only,12,801672864.5479565,801672864.5479566,1.0000000000000002,0.9681041060454272,55,55,0,0,0,45,45,0,0,0
10,300,6,5,0,no_residual,9,104974604.86107574,81689339.10773702,0.7781819156723225,0.7766374714012924,55,51,4,0,0,45,45,0,0,0
10,300,6,5,0,no_residual_score_only,17,103252263.23479304,66434074.39237319,0.6434151883073379,0.5680844227844924,55,55,0,0,0,45,45,0,0,0
10,300,6,6,0,no_residual,5,272329001.7864168,129158117.93587998,0.47427235839235576,0.4742723583923557,55,51,4,0,0,45,45,0,0,0
10,300,6,6,0,no_residual_score_only,4,271962674.6815459,98690496.62900995,0.36288250490465784,0.36288250490465784,55,55,0,0,0,45,45,0,0,0
10,300,6,7,0,no_residual,10,181737480.14516982,54414086.91507435,0.2994103740824897,0.29345488995030833,55,51,4,0,0,45,45,0,0,0
10,300,6,7,0,no_residual_score_only,6,186006981.74058476,98514099.69165221,0.5296258171053236,0.5294100540592086,55,55,0,0,0,45,45,0,0,0
10,300,6,8,0,no_residual,10,1946889685.215796,1735490742.524901,0.8914170924545921,0.890659912755952,55,51,4,0,0,45,45,0,0,0
10,300,6,8,0,no_residual_score_only,15,1945815931.6731465,1878309845.1745114,0.9653070542800065,0.9482957256347805,55,55,0,0,0,45,45,0,0,0
10,300,6,9,0,no_residual,8,355100015.67007834,161862219.88672978,0.45582149463241695,0.4551819126127215,55,51,4,0,0,45,45,0,0,0
10,300,6,9,0,no_residual_score_only,8,357282363.10229343,56223958.22953672,0.1573656134082366,0.15608996507282358,55,55,0,0,0,45,45,0,0,0
10,300,6,10,1,no_residual,7,152836761.2510713,152836761.25107127,0.9999999999999998,0.9984746427650788,55,51,4,0,0,45,45,0,0,0
10,300,6,10,1,no_residual_score_only,13,144519946.286949,144519946.286949,1.0,0.8841038136786453,55,55,0,0,0,45,45,0,0,0
10,300,6,11,1,no_residual,10,1702197429.1435049,1642093014.9273987,0.9646901039873212,0.9639200568418985,55,51,4,0,0,45,45,0,0,0
10,300,6,11,1,no_residual_score_only,12,1700122886.640666,1700122886.640666,1.0,0.9841350506601718,55,55,0,0,0,45,45,0,0,0
10,300,6,12,1,no_residual,15,469099515.03693086,445359311.97857857,0.949391968447285,0.9227980126170896,55,51,4,0,0,45,45,0,0,0
10,300,6,12,1,no_residual_score_only,12,459395694.86018705,459395694.8601871,1.0000000000000002,0.9624125238671605,55,55,0,0,0,45,45,0,0,0
10,300,6,13,1,no_residual,12,506767248.1954693,420235653.1891142,0.829247854287185,0.821533514639596,55,51,4,0,0,45,45,0,0,0
10,300,6,13,1,no_residual_score_only,11,506204216.46112806,473077425.0487678,0.9345584443291494,0.9065852140322895,55,55,0,0,0,45,45,0,0,0
10,300,6,14,1,no_residual,14,847685163.9488117,847685163.9488117,1.0,0.9567951761982162,55,51,4,0,0,45,45,0,0,0
10,300,6,14,1,no_residual_score_only,33,846247588.901965,846247588.9019651,1.0000000000000002,0.8930288258529849,55,55,0,0,0,45,45,0,0,0
10,300,6,15,1,no_residual,27,748268231.3193927,748268231.3193927,1.0,0.9628734470539873,55,51,4,0,0,45,45,0,0,0
10,300,6,15,1,no_residual_score_only,14,738660412.981977,738660412.981977,1.0,0.9405446852583351,55,55,0,0,0,45,45,0,0,0
10,300,6,16,1,no_residual,12,123333703.30240661,123333703.30240661,1.0,0.9523248524988978,55,51,4,0,0,45,45,0,0,0
10,300,6,16,1,no_residual_score_only,15,124284307.10557061,124284307.10557061,1.0,0.9673453707103792,55,55,0,0,0,45,45,0,0,0
10,300,6,17,1,no_residual,16,720073978.5903494,718321042.1943128,0.9975656162447805,0.9468964918555011,55,51,4,0,0,45,45,0,0,0
10,300,6,17,1,no_residual_score_only,22,722721717.3411051,722515347.8249854,0.999714455078396,0.9069546638598041,55,55,0,0,0,45,45,0,0,0
10,300,6,18,1,no_residual,14,1157157863.7896464,1157157863.7896464,1.0,0.9602256659008048,55,51,4,0,0,45,45,0,0,0
10,300,6,18,1,no_residual_score_only,13,1158590200.882223,1158590200.882223,1.0,0.9952033120623522,55,55,0,0,0,45,45,0,0,0
10,300,6,19,1,no_residual,17,159868006.30287802,75047861.14566377,0.4694363986968212,0.39648256678178,55,51,4,0,0,45,45,0,0,0
10,300,6,19,1,no_residual_score_only,12,155668983.3875553,155668983.3875553,1.0,0.9172503182218982,55,55,0,0,0,45,45,0,0,0
10,300,6,20,2,no_residual,7,916613731.0278867,286860038.8309815,0.3129562967699577,0.31166352608044057,54,36,4,14,1,45,45,0,0,0
10,300,6,20,2,no_residual_score_only,6,916660671.9009557,698757721.4205873,0.7622861357971376,0.7588030758225291,54,54,0,0,1,45,45,0,0,0
10,300,6,21,2,no_residual,13,481237709.37651604,175322381.5722253,0.3643155516623379,0.3562464420554377,48,30,4,14,7,45,39,0,6,0
10,300,6,21,2,no_residual_score_only,8,480401476.1013462,10707920.494712153,0.02228952454853239,0.02035813169907425,51,51,0,0,4,44,44,0,0,1
10,300,6,22,2,no_residual,12,757857910.1622752,254803067.78073534,0.3362148291441281,0.3332511166611166,48,26,4,18,7,45,30,0,15,0
10,300,6,22,2,no_residual_score_only,3,757044169.3999527,622794853.935943,0.8226664692888155,0.8226664692888155,48,48,0,0,7,43,43,0,0,2
10,300,6,23,2,no_residual,10,1324056029.911349,1309731272.0795941,0.9891811543407918,0.9844846322405202,53,31,4,18,2,45,39,0,6,0
10,300,6,23,2,no_residual_score_only,18,1325018319.022913,1281188593.56828,0.9669214192548269,0.9533927989844002,54,54,0,0,1,45,45,0,0,0
10,300,6,24,2,no_residual,9,612076278.124195,385190414.04729694,0.6293176648305571,0.6275968524157298,52,36,4,12,3,45,43,0,2,0
10,300,6,24,2,no_residual_score_only,5,614576547.865713,160937792.57643119,0.2618677740557009,0.2618677740557009,53,53,0,0,2,44,44,0,0,1
10,300,6,25,2,no_residual,11,12515713.25327143,12515713.25327143,1.0,0.8717719629241333,55,45,4,6,0,45,36,0,9,0
10,300,6,25,2,no_residual_score_only,13,12797275.156561185,10761140.276322545,0.8408930920583739,0.6819268416895872,54,54,0,0,1,44,44,0,0,1
10,300,6,26,2,no_residual,3,201987887.35420647,2090695.5635071308,0.010350598696251928,0.010350598696251928,53,35,4,14,2,45,35,0,10,0
10,300,6,26,2,no_residual_score_only,8,202897740.291479,142160596.18138626,0.7006514512047354,0.6958907391952148,53,53,0,0,2,45,45,0,0,0
10,300,6,27,2,no_residual,9,220979091.44394088,214662214.13564134,0.9714141402834845,0.9681239119876823,55,40,4,11,0,45,33,0,12,0
10,300,6,27,2,no_residual_score_only,5,221046297.88877037,211271889.69290954,0.9557811721380682,0.9557811721380682,53,53,0,0,2,45,45,0,0,0
10,300,6,28,2,no_residual,14,139030282.3327359,139030282.3327359,1.0,0.9862471578020102,53,39,4,10,2,45,42,0,3,0
10,300,6,28,2,no_residual_score_only,15,118373568.34728101,118373568.34728101,1.0,0.8903510905664163,55,55,0,0,0,45,45,0,0,0
10,300,6,29,2,no_residual,11,613158306.9842513,403049298.19920874,0.6573331774326934,0.6479631573838998,53,36,4,13,2,45,31,0,14,0
10,300,6,29,2,no_residual_score_only,8,613373893.5078175,341262717.2358915,0.5563698110531698,0.5542227320645834,55,55,0,0,0,44,44,0,0,1
10,300,7,0,0,no_residual,3,2468.025116029257,232.41301032315596,0.09416962931766244,0.09416962931766244,55,51,4,0,0,45,45,0,0,0
10,300,7,0,0,no_residual_score_only,9,2511.503090695754,1745.6767168058404,0.695072493947137,0.6251850797400754,55,55,0,0,0,45,45,0,0,0
10,300,7,1,0,no_residual,4,1569.2836644023764,1353.958406512662,0.8627875490109586,0.8627875490109586,55,51,4,0,0,45,45,0,0,0
10,300,7,1,0,no_residual_score_only,4,1558.0024161982915,247.6672420231239,0.15896460714577132,0.15896460714577132,55,55,0,0,0,45,45,0,0,0
10,300,7,2,0,no_residual,1,1937.6343952284396,561.1694089902594,0.2896157347186747,0.2896157347186747,55,51,4,0,0,45,45,0,0,0
10,300,7,2,0,no_residual_score_only,9,2142.5766013737857,1877.445308074109,0.8762558626236846,0.8433625589327101,55,55,0,0,0,45,45,0,0,0
10,300,7,3,0,no_residual,4,2678.1141608195785,1108.1249739735422,0.413770626430064,0.413770626430064,55,51,4,0,0,45,45,0,0,0
10,300,7,3,0,no_residual_score_only,2,2609.4810386642994,1514.0547518385351,0.5802129731563507,0.5802129731563507,55,55,0,0,0,45,45,0,0,0
10,300,7,4,0,no_residual,4,4136.599990439494,1915.2034863021045,0.4629897719693761,0.4629897719693761,55,51,4,0,0,45,45,0,0,0
10,300,7,4,0,no_residual_score_only,4,4020.4590017942505,276.1103069643991,0.06867631453054902,0.06867631453054902,55,55,0,0,0,45,45,0,0,0
10,300,7,5,0,no_residual,1,1179.1998436361387,458.88585359969875,0.3891501988201547,0.3891501988201547,55,51,4,0,0,45,45,0,0,0
10,300,7,5,0,no_residual_score_only,1,1071.7459177532405,31.85474839931703,0.02972229506233705,0.02972229506233705,55,55,0,0,0,45,45,0,0,0
10,300,7,6,0,no_residual,8,1599.9642393457425,728.3584336118747,0.45523419567784534,0.45308763272280245,55,51,4,0,0,45,45,0,0,0
10,300,7,6,0,no_residual_score_only,4,1517.1035627600909,1279.760769740613,0.8435553123428987,0.8435553123428987,55,55,0,0,0,45,45,0,0,0
10,300,7,7,0,no_residual,5,1967.5145994793097,938.0624960404302,0.47677536740448206,0.47677536740448206,55,51,4,0,0,45,45,0,0,0
10,300,7,7,0,no_residual_score_only,4,2231.592116364712,708.6280738979549,0.31754372526298297,0.31754372526298297,55,55,0,0,0,45,45,0,0,0
10,300,7,8,0,no_residual,2,1826.2355069563027,225.27084566821395,0.12335257134697913,0.12335257134697913,55,51,4,0,0,45,45,0,0,0
10,300,7,8,0,no_residual_score_only,4,2010.5388966498476,770.560425838265,0.3832606407775779,0.3832606407775779,55,55,0,0,0,45,45,0,0,0
10,300,7,9,0,no_residual,4,2406.232032974532,2319.231197142094,0.9638435385115834,0.9638435385115834,55,51,4,0,0,45,45,0,0,0
10,300,7,9,0,no_residual_score_only,1,2270.56626893585,2270.56626893585,1.0,1.0,55,55,0,0,0,45,45,0,0,0
10,300,7,10,1,no_residual,5,1495.940649255835,1495.940649255835,1.0,1.0,55,51,4,0,0,45,45,0,0,0
10,300,7,10,1,no_residual_score_only,5,1547.4747559249035,1062.419486116315,0.6865504474619504,0.6865504474619504,55,55,0,0,0,45,45,0,0,0
10,300,7,11,1,no_residual,2,1686.3883607815706,1088.6938897764649,0.6455772081301017,0.6455772081301017,55,51,4,0,0,45,45,0,0,0
10,300,7,11,1,no_residual_score_only,3,1580.9093684701697,233.86086352624034,0.14792806481534432,0.14792806481534432,55,55,0,0,0,45,45,0,0,0
10,300,7,12,1,no_residual,2,1788.4992025773909,1347.2019634142353,0.7532583528540544,0.7532583528540544,55,51,4,0,0,45,45,0,0,0
10,300,7,12,1,no_residual_score_only,1,1589.3235043545637,893.4029285174097,0.5621278022187354,0.5621278022187354,55,55,0,0,0,45,45,0,0,0
10,300,7,13,1,no_residual,1,1037.2122073506775,232.73058177655594,0.2243808741617236,0.2243808741617236,55,51,4,0,0,45,45,0,0,0
10,300,7,13,1,no_residual_score_only,2,1031.214517639979,803.5790286034062,0.7792549608809467,0.7792549608809467,55,55,0,0,0,45,45,0,0,0
10,300,7,14,1,no_residual,4,359.5805458553091,330.02795377469556,0.9178137070504778,0.9178137070504778,55,51,4,0,0,45,45,0,0,0
10,300,7,14,1,no_residual_score_only,3,274.5822366159182,144.166634160566,0.5250399149535091,0.5250399149535091,55,55,0,0,0,45,45,0,0,0
10,300,7,15,1,no_residual,2,2763.586068035513,2763.586068035513,1.0,1.0,55,51,4,0,0,45,45,0,0,0
10,300,7,15,1,no_residual_score_only,6,2866.245213629874,1931.0819422901664,0.6737322867936352,0.6664102472499553,55,55,0,0,0,45,45,0,0,0
10,300,7,16,1,no_residual,3,1378.5839823163128,163.66593829928797,0.118720324912157,0.118720324912157,55,51,4,0,0,45,45,0,0,0
10,300,7,16,1,no_residual_score_only,3,1336.4870876356385,1194.7818393106522,0.8939718537979479,0.8939718537979479,55,55,0,0,0,45,45,0,0,0
10,300,7,17,1,no_residual,3,1123.137432717558,251.84238728774835,0.22423114033194247,0.22423114033194247,55,51,4,0,0,45,45,0,0,0
10,300,7,17,1,no_residual_score_only,5,845.9100585807814,814.984086825079,0.963440591062851,0.963440591062851,55,55,0,0,0,45,45,0,0,0
10,300,7,18,1,no_residual,4,744.4037920574874,245.73398409713081,0.3301084528572011,0.3301084528572011,55,51,4,0,0,45,45,0,0,0
10,300,7,18,1,no_residual_score_only,5,745.3600887063271,745.3600887063271,1.0,1.0,55,55,0,0,0,45,45,0,0,0
10,300,7,19,1,no_residual,5,1665.2069922834262,850.3468726782944,0.5106553579337609,0.5106553579337609,55,51,4,0,0,45,45,0,0,0
10,300,7,19,1,no_residual_score_only,5,1783.598874628257,1660.5862376301961,0.9310312207818031,0.9310312207818031,55,55,0,0,0,45,45,0,0,0
10,300,7,20,2,no_residual,5,2064.3347632518535,680.8501509686125,0.3298157658770906,0.3298157658770906,51,36,4,11,4,45,39,0,6,0
10,300,7,20,2,no_residual_score_only,8,1827.1269103051677,1826.2027146184923,0.9994941809014674,0.9461387751439742,52,52,0,0,3,44,44,0,0,1
10,300,7,21,2,no_residual,3,2264.382485701651,1296.128980786355,0.5723984304642469,0.5723984304642469,49,34,4,11,6,44,31,0,13,1
10,300,7,21,2,no_residual_score_only,3,2209.246646326353,193.41819249332138,0.0875493883016398,0.0875493883016398,49,49,0,0,6,39,39,0,0,6
10,300,7,22,2,no_residual,3,2320.1347518081634,363.72130853179897,0.15676732062581195,0.15676732062581195,49,23,3,23,6,43,37,0,6,2
10,300,7,22,2,no_residual_score_only,2,2246.0052358940525,428.07926896190384,0.19059584640349297,0.19059584640349297,50,50,0,0,5,45,45,0,0,0
10,300,7,23,2,no_residual,0,2227.353920457271,0.0,0.0,0.0,48,34,4,10,7,45,36,0,9,0
10,300,7,23,2,no_residual_score_only,1,2225.3812794774117,1006.065117799863,0.4520866276165126,0.4520866276165126,53,53,0,0,2,41,41,0,0,4
10,300,7,24,2,no_residual,0,4073.925460692128,0.0,0.0,0.0,52,30,4,18,3,44,38,0,6,1
10,300,7,24,2,no_residual_score_only,5,4096.573241335724,3437.4134652801845,0.8390948392172248,0.8390948392172248,53,53,0,0,2,45,45,0,0,0
10,300,7,25,2,no_residual,4,1993.9798083301607,217.6110606914931,0.10913403424768348,0.10913403424768348,48,28,4,16,7,45,37,0,8,0
10,300,7,25,2,no_residual_score_only,3,2041.6401423763414,222.77342856733503,0.10911493359845516,0.10911493359845516,49,49,0,0,6,45,45,0,0,0
10,300,7,26,2,no_residual,1,263.13828032732636,93.87557636214751,0.35675378073221653,0.35675378073221653,52,40,4,8,3,42,22,0,20,3
10,300,7,26,2,no_residual_score_only,2,277.5194767864723,199.5897751901207,0.7191919554665639,0.7191919554665639,46,46,0,0,9,39,39,0,0,6
10,300,7,27,2,no_residual,2,2559.191715112877,1649.695486123433,0.6446158278730872,0.6446158278730872,55,39,4,12,0,44,30,0,14,1
10,300,7,27,2,no_residual_score_only,2,2487.6050977630816,566.4851491887425,0.22772310190959993,0.22772310190959993,50,50,0,0,5,45,45,0,0,0
10,300,7,28,2,no_residual,5,2957.2244312303064,1598.097989792754,0.540404702773232,0.540404702773232,55,44,4,7,0,45,33,0,12,0
10,300,7,28,2,no_residual_score_only,8,2960.869511015354,2014.9301196090287,0.6805197297999331,0.6484130644675573,55,55,0,0,0,45,45,0,0,0
10,300,7,29,2,no_residual,1,525.0780839464978,32.97645854426719,0.06280296122133958,0.06280296122133958,47,25,4,18,8,45,34,0,11,0
10,300,7,29,2,no_residual_score_only,1,403.3887699707302,78.22850890916288,0.19392832605339788,0.19392832605339788,47,47,0,0,8,41,41,0,0,4
10,300,8,0,0,no_residual,2,25150215932.852108,17107128511.723543,0.680198076922974,0.680198076922974,55,51,4,0,0,45,45,0,0,0
10,300,8,0,0,no_residual_score_only,2,25150016619.29681,25150016619.29681,1.0,1.0,55,55,0,0,0,45,45,0,0,0
10,300,8,1,0,no_residual,2,1778729.4035281346,1778729.4035281346,1.0,1.0,55,51,4,0,0,45,45,0,0,0
10,300,8,1,0,no_residual_score_only,3,1846322.0013666896,1846322.0013666896,1.0,1.0000000000000002,55,55,0,0,0,45,45,0,0,0
10,300,8,2,0,no_residual,7,1810890886.9499125,1810890886.9499128,1.0000000000000002,0.9999255933029717,55,51,4,0,0,45,45,0,0,0
10,300,8,2,0,no_residual_score_only,4,1810481008.788016,1810481008.7880163,1.0000000000000002,1.0,55,55,0,0,0,45,45,0,0,0
10,300,8,3,0,no_residual,5,109084278109.79863,1678216314.5180364,0.015384584686244429,0.015384584686244429,55,51,4,0,0,45,45,0,0,0
10,300,8,3,0,no_residual_score_only,6,109084287915.06982,109084270480.06175,0.9999998401693919,0.9999998401654524,55,55,0,0,0,45,45,0,0,0
10,300,8,4,0,no_residual,6,847978723491.3872,847978723491.3872,1.0,0.9999999970495266,55,51,4,0,0,45,45,0,0,0
10,300,8,4,0,no_residual_score_only,5,847978725785.7231,847978725785.7231,1.0,1.0,55,55,0,0,0,45,45,0,0,0
10,300,8,5,0,no_residual,2,1786072261.37767,1786072261.37767,1.0,1.0,55,51,4,0,0,45,45,0,0,0
10,300,8,5,0,no_residual_score_only,4,1786954963.956013,14783913.370988004,0.00827324340522771,0.00827324340522771,55,55,0,0,0,45,45,0,0,0
10,300,8,6,0,no_residual,3,13594986907.54541,13571149531.964426,0.9982466054772179,0.9982466054772179,55,51,4,0,0,45,45,0,0,0
10,300,8,6,0,no_residual_score_only,2,13594985391.822132,13594985391.822132,1.0,1.0,55,55,0,0,0,45,45,0,0,0
10,300,8,7,0,no_residual,6,7277515085.695695,5514400795.077285,0.7577312764237486,0.7559352873828319,55,51,4,0,0,45,45,0,0,0
10,300,8,7,0,no_residual_score_only,2,7301433608.0998125,3749071887.568735,0.513470653682274,0.513470653682274,55,55,0,0,0,45,45,0,0,0
10,300,8,8,0,no_residual,7,2936243207463.5913,2936241629669.936,0.9999994626488531,0.9999994626256116,55,51,4,0,0,45,45,0,0,0
10,300,8,8,0,no_residual_score_only,2,2936241793442.3916,2124042590559.9087,0.7233881744015785,0.7233881744015785,55,55,0,0,0,45,45,0,0,0
10,300,8,9,0,no_residual,7,27663593266.596733,27206606244.992252,0.9834805617187741,0.9834696040926991,55,51,4,0,0,45,45,0,0,0
10,300,8,9,0,no_residual_score_only,2,27633066772.48506,114647254.46647784,0.0041489153343137065,0.0041489153343137065,55,55,0,0,0,45,45,0,0,0
10,300,8,10,1,no_residual,8,105364294921.0468,105364294921.0468,1.0,0.9999599601728284,55,51,4,0,0,45,45,0,0,0
10,300,8,10,1,no_residual_score_only,2,105364299940.01857,105358992567.30254,0.9999496283587604,0.9999496283587604,55,55,0,0,0,45,45,0,0,0
10,300,8,11,1,no_residual,4,84266965201.84654,84266965201.84654,1.0,1.0,55,51,4,0,0,45,45,0,0,0
10,300,8,11,1,no_residual_score_only,3,84267295850.21162,84228136742.93404,0.9995352988738693,0.9995352988738693,55,55,0,0,0,45,45,0,0,0
10,300,8,12,1,no_residual,0,0.0,0.0,,,55,51,4,0,0,45,45,0,0,0
10,300,8,12,1,no_residual_score_only,2,8386028.632086933,8386028.632086934,1.0000000000000002,1.0000000000000002,55,55,0,0,0,45,45,0,0,0
10,300,8,13,1,no_residual,3,29064102487.36038,29064102487.360382,1.0000000000000002,1.0,55,51,4,0,0,45,45,0,0,0
10,300,8,13,1,no_residual_score_only,4,29064103754.29741,29064103754.29741,1.0,1.0,55,55,0,0,0,45,45,0,0,0
10,300,8,14,1,no_residual,1,200723.266022048,200723.266022048,1.0,1.0,55,51,4,0,0,45,45,0,0,0
10,300,8,14,1,no_residual_score_only,0,0.0,0.0,,,55,55,0,0,0,45,45,0,0,0
10,300,8,15,1,no_residual,7,367390567357.4597,367390567357.4597,1.0,0.9998682114333732,55,51,4,0,0,45,45,0,0,0
10,300,8,15,1,no_residual_score_only,1,367390619027.1048,367390619027.1048,1.0,1.0,55,55,0,0,0,45,45,0,0,0
10,300,8,16,1,no_residual,9,43390990845.012695,43390990845.012695,1.0,0.9999984795232515,55,51,4,0,0,45,45,0,0,0
10,300,8,16,1,no_residual_score_only,6,43390272254.43287,43390272254.43287,1.0,0.9999748474726522,55,55,0,0,0,45,45,0,0,0
10,300,8,17,1,no_residual,12,299399914732.813,299399914732.81305,1.0000000000000002,0.9975194730262372,55,51,4,0,0,45,45,0,0,0
10,300,8,17,1,no_residual_score_only,12,299399391827.30554,299399391827.3055,0.9999999999999998,0.9952281192078255,55,55,0,0,0,45,45,0,0,0
10,300,8,18,1,no_residual,3,1177532348691.2585,1159470093084.1167,0.9846609261926292,0.9846609261926295,55,51,4,0,0,45,45,0,0,0
10,300,8,18,1,no_residual_score_only,9,1177439103013.313,1177433863778.7842,0.9999955503137993,0.999920999720654,55,55,0,0,0,45,45,0,0,0
10,300,8,19,1,no_residual,2,1329471568225.2422,1328615737653.4985,0.9993562625992174,0.9993562625992174,55,51,4,0,0,45,45,0,0,0
10,300,8,19,1,no_residual_score_only,8,1329474274639.4487,1328220122578.2202,0.9990566556381328,0.9976493634835577,55,55,0,0,0,45,45,0,0,0
10,300,8,20,2,no_residual,0,3319758614.0505996,0.0,0.0,0.0,55,50,4,1,0,45,43,0,2,0
10,300,8,20,2,no_residual_score_only,5,3326113420.8801265,3326113420.8801265,1.0,1.0,55,55,0,0,0,45,45,0,0,0
10,300,8,21,2,no_residual,9,17904154391.377956,17904154391.377956,1.0,0.9999997150077881,55,51,4,0,0,45,44,0,1,0
10,300,8,21,2,no_residual_score_only,3,17904148397.7976,8596691039.234959,0.48015079233215263,0.48015079233215263,55,55,0,0,0,43,43,0,0,2
10,300,8,22,2,no_residual,1,377995508.2115152,302718224.7490641,0.8008513809631618,0.8008513809631618,55,51,4,0,0,45,45,0,0,0
10,300,8,22,2,no_residual_score_only,7,378133742.2004089,1312537.267620225,0.003471092687953214,0.0034545714248859533,55,55,0,0,0,45,45,0,0,0
10,300,8,23,2,no_residual,3,2675919949.1722507,2675411833.954717,0.999810115688367,0.999810115688367,55,51,4,0,0,45,35,0,10,0
10,300,8,23,2,no_residual_score_only,1,2675908536.6937613,2606052196.593327,0.973894346857331,0.973894346857331,55,55,0,0,0,45,45,0,0,0
10,300,8,24,2,no_residual,3,2826.314723287048,2826.314723287048,1.0,1.0,55,51,4,0,0,44,43,0,1,1
10,300,8,24,2,no_residual_score_only,2,188.31528856543628,188.31528856543628,1.0,1.0,55,55,0,0,0,45,45,0,0,0
10,300,8,25,2,no_residual,2,1664280558284.8591,1660214350576.82,0.9975567774989635,0.9975567774989635,55,51,4,0,0,45,42,0,3,0
10,300,8,25,2,no_residual_score_only,8,1664280526359.0698,1664280302060.885,0.9999998652281383,0.9999117316036007,55,55,0,0,0,45,45,0,0,0
10,300,8,26,2,no_residual,3,728607206.7450435,169422724.49521384,0.23252957550624223,0.23252957550624223,55,49,4,2,0,45,43,0,2,0
10,300,8,26,2,no_residual_score_only,2,728606236.2665925,728605694.2477826,0.9999992560881544,0.9999992560881544,55,55,0,0,0,44,44,0,0,1
10,300,8,27,2,no_residual,1,922185552.4690547,54748.03442846314,5.93676991380759e-05,5.93676991380759e-05,55,51,4,0,0,45,41,0,4,0
10,300,8,27,2,no_residual_score_only,2,922477805.2467812,876359724.0822713,0.9500062972765265,0.9500062972765265,55,55,0,0,0,45,45,0,0,0
10,300,8,28,2,no_residual,3,3950933574241.685,3892986362173.964,0.985333286176839,0.985333286176839,55,51,4,0,0,44,43,0,1,1
10,300,8,28,2,no_residual_score_only,3,3950933573251.307,2785759619009.7197,0.705088953626031,0.705088953626031,55,55,0,0,0,45,45,0,0,0
10,300,8,29,2,no_residual,2,4017247210.088217,537.7726566168626,1.3386596056782212e-07,1.3386596056782212e-07,54,51,3,0,1,45,41,0,4,0
10,300,8,29,2,no_residual_score_only,1,4017233488.8430104,4017233488.8430104,1.0,1.0,54,54,0,0,1,45,45,0,0,0
10,300,9,0,0,no_residual,19,1202.1597818448377,437.0776506068364,0.3635770029971356,0.33324188210131434,55,51,4,0,0,45,45,0,0,0
10,300,9,0,0,no_residual_score_only,10,1028.7945634891053,852.1900306549842,0.8283383883414239,0.8126005061203827,55,55,0,0,0,45,45,0,0,0
10,300,9,1,0,no_residual,18,1044.9497192711578,765.3527864245902,0.7324302522023896,0.623114971316758,55,51,4,0,0,45,45,0,0,0
10,300,9,1,0,no_residual_score_only,17,836.5572930634494,630.5656527302908,0.7537626627115724,0.7238907867314351,55,55,0,0,0,45,45,0,0,0
10,300,9,2,0,no_residual,20,992.986498946515,740.2668059293856,0.7454953382697084,0.6581607660087823,55,51,4,0,0,45,45,0,0,0
10,300,9,2,0,no_residual_score_only,12,1448.1723812463342,1230.9239177389313,0.849984389758605,0.8372500919164205,55,55,0,0,0,45,45,0,0,0
10,300,9,3,0,no_residual,23,1761.0169809921572,1626.037187845328,0.9233512256816617,0.7698444511533844,55,51,4,0,0,45,45,0,0,0
10,300,9,3,0,no_residual_score_only,17,1524.226524823238,1134.1934607677645,0.7441108275551727,0.5672805860652623,55,55,0,0,0,45,45,0,0,0
10,300,9,4,0,no_residual,19,1164.994834259464,902.6011746675372,0.7747683922060317,0.7087362354982201,55,51,4,0,0,45,45,0,0,0
10,300,9,4,0,no_residual_score_only,18,979.3372304717345,654.2771602573935,0.6680815758860064,0.6196613807950971,55,55,0,0,0,45,45,0,0,0
10,300,9,5,0,no_residual,16,1230.252881280319,923.0689416125047,0.7503082948701334,0.7127544662490022,55,51,4,0,0,45,45,0,0,0
10,300,9,5,0,no_residual_score_only,25,876.4767659898453,679.4532654425393,0.7752096710461021,0.5632074439719973,55,55,0,0,0,45,45,0,0,0
10,300,9,6,0,no_residual,11,781.0380853333663,323.3064298296822,0.41394451295123086,0.38509306703219165,55,51,4,0,0,45,45,0,0,0
10,300,9,6,0,no_residual_score_only,24,923.7479538832408,693.1478888603201,0.7503647352575701,0.6692241724017899,55,55,0,0,0,45,45,0,0,0
10,300,9,7,0,no_residual,15,714.1373477893176,489.2413929974696,0.6850802503355474,0.5869342186515973,55,51,4,0,0,45,45,0,0,0
10,300,9,7,0,no_residual_score_only,22,652.267265151871,652.267265151871,1.0,0.8546840751900401,55,55,0,0,0,45,45,0,0,0
10,300,9,8,0,no_residual,19,541.9180585693634,455.13435299842695,0.8398582512639621,0.7597767486325929,55,51,4,0,0,45,45,0,0,0
10,300,9,8,0,no_residual_score_only,13,768.7724455887947,320.026052400543,0.4162818975066652,0.3962001960438059,55,55,0,0,0,45,45,0,0,0
10,300,9,9,0,no_residual,23,786.7426754573971,321.62588433008295,0.4088069636531358,0.34038698521677724,55,51,4,0,0,45,45,0,0,0
10,300,9,9,0,no_residual_score_only,16,707.5223446176319,385.97658318236836,0.5455327116078046,0.5001159595331787,55,55,0,0,0,45,45,0,0,0
10,300,9,10,1,no_residual,18,588.6440068123834,588.6440068123834,1.0,0.8817702783692443,55,51,4,0,0,45,45,0,0,0
10,300,9,10,1,no_residual_score_only,30,604.0164743289902,604.0164743289902,1.0,0.6556688233565662,55,55,0,0,0,45,45,0,0,0
10,300,9,11,1,no_residual,23,810.0108852119097,810.0108852119097,1.0,0.8690742004621212,55,51,4,0,0,45,45,0,0,0
10,300,9,11,1,no_residual_score_only,15,746.4606152242372,746.4606152242372,1.0,0.8819255213687812,55,55,0,0,0,45,45,0,0,0
10,300,9,12,1,no_residual,10,355.8584915769702,355.8584915769702,1.0,0.9654602964559774,55,51,4,0,0,45,45,0,0,0
10,300,9,12,1,no_residual_score_only,12,432.2063681003169,432.2063681003169,1.0,0.9441573684275248,55,55,0,0,0,45,45,0,0,0
10,300,9,13,1,no_residual,8,1017.3297219923534,1017.3297219923534,1.0,0.9897766784894234,55,51,4,0,0,45,45,0,0,0
10,300,9,13,1,no_residual_score_only,23,1102.5256502522043,1102.5256502522043,1.0,0.7601525087972675,55,55,0,0,0,45,45,0,0,0
10,300,9,14,1,no_residual,19,485.63204471971085,485.63204471971085,1.0,0.8228965603188059,55,51,4,0,0,45,45,0,0,0
10,300,9,14,1,no_residual_score_only,12,621.7525618876048,621.7525618876048,1.0,0.9085726887376108,55,55,0,0,0,45,45,0,0,0
10,300,9,15,1,no_residual,22,505.227467905871,505.227467905871,1.0,0.8156085823081929,55,51,4,0,0,45,45,0,0,0
10,300,9,15,1,no_residual_score_only,21,453.1610825324756,453.1610825324756,1.0,0.6407426578673627,55,55,0,0,0,45,45,0,0,0
10,300,9,16,1,no_residual,20,1721.2675664632193,1720.5462389714457,0.999580932386209,0.8998821975725416,55,51,4,0,0,45,45,0,0,0
10,300,9,16,1,no_residual_score_only,23,1586.7329722392565,1586.7329722392565,1.0,0.8330688725444679,55,55,0,0,0,45,45,0,0,0
10,300,9,17,1,no_residual,15,785.5394629490129,785.5394629490129,1.0,0.7875559093227804,55,51,4,0,0,45,45,0,0,0
10,300,9,17,1,no_residual_score_only,24,825.3815099573812,825.3815099573812,1.0,0.8397478432423764,55,55,0,0,0,45,45,0,0,0
10,300,9,18,1,no_residual,18,905.9113697544049,905.9113697544049,1.0,0.9204499470663569,55,51,4,0,0,45,45,0,0,0
10,300,9,18,1,no_residual_score_only,22,888.3608004008483,888.3608004008483,1.0,0.8664933082740084,55,55,0,0,0,45,45,0,0,0
10,300,9,19,1,no_residual,15,397.9110013218524,397.9110013218524,1.0,0.800792945169592,55,51,4,0,0,45,45,0,0,0
10,300,9,19,1,no_residual_score_only,13,270.15648630145097,270.15648630145097,1.0,0.8478671698092106,55,55,0,0,0,45,45,0,0,0
10,300,9,20,2,no_residual,15,541.317474177532,541.317474177532,1.0,0.9557543697062074,55,45,4,6,0,45,43,0,2,0
10,300,9,20,2,no_residual_score_only,24,442.9543142803477,206.58872762202964,0.46638834065239226,0.3294619357446854,53,53,0,0,2,45,45,0,0,0
10,300,9,21,2,no_residual,24,1390.6309314166456,1385.9231394529065,0.9966146359487753,0.9339114661124229,54,44,4,6,1,44,38,0,6,1
10,300,9,21,2,no_residual_score_only,12,1370.680173832749,1370.680173832749,1.0,0.9814710873489628,55,55,0,0,0,45,45,0,0,0
10,300,9,22,2,no_residual,13,603.8476746828537,475.6378129398822,0.7876784707164626,0.7495038970901028,54,46,4,4,1,44,32,0,12,1
10,300,9,22,2,no_residual_score_only,35,680.7139435660629,680.7139435660629,1.0,0.8458924990384717,54,54,0,0,1,44,44,0,0,1
10,300,9,23,2,no_residual,13,1139.170839464994,1087.3757901948547,0.9545326763328452,0.9333351146674108,55,47,4,4,0,44,36,0,8,1
10,300,9,23,2,no_residual_score_only,13,1315.2903143447284,1315.2903143447284,1.0,0.9515670398749672,55,55,0,0,0,45,45,0,0,0
10,300,9,24,2,no_residual,16,522.6037322034872,113.4323223753895,0.2170522623271702,0.17802436450978895,55,46,4,5,0,45,36,0,9,0
10,300,9,24,2,no_residual_score_only,11,641.6070247992411,641.6070247992411,1.0,0.9910062497203955,54,54,0,0,1,44,44,0,0,1
10,300,9,25,2,no_residual,7,150.32048375100885,150.32048375100885,1.0,0.9923210507851278,54,45,4,5,1,45,44,0,1,0
10,300,9,25,2,no_residual_score_only,6,118.01340276017208,118.01340276017208,1.0,0.9969308192742048,54,54,0,0,1,45,45,0,0,0
10,300,9,26,2,no_residual,18,1437.4752736707132,1437.4752736707132,1.0,0.9351883329317672,55,49,4,2,0,44,39,0,5,1
10,300,9,26,2,no_residual_score_only,11,1437.5240577681052,1437.5240577681052,1.0,0.9623405334613143,55,55,0,0,0,44,44,0,0,1
10,300,9,27,2,no_residual,13,741.2211648019102,677.59162298314,0.9141557947339847,0.8203438969725664,54,46,4,4,1,45,45,0,0,0
10,300,9,27,2,no_residual_score_only,14,733.3244770012047,286.5423864991476,0.3907443369010535,0.36323984117549707,53,53,0,0,2,44,44,0,0,1
10,300,9,28,2,no_residual,12,948.4539781877761,912.5048065005467,0.9620970837658165,0.957354594536319,55,44,4,7,0,45,41,0,4,0
10,300,9,28,2,no_residual_score_only,17,1072.0500776394642,1039.6880085560479,0.969812912886799,0.8463726015075773,53,53,0,0,2,45,45,0,0,0
10,300,9,29,2,no_residual,17,904.3660100159891,884.130536519303,0.9776246859428868,0.9478273293684983,54,42,4,8,1,45,26,0,19,0
10,300,9,29,2,no_residual_score_only,14,1199.144375042707,827.9688582529893,0.6904663654228471,0.6518421804674989,52,52,0,0,3,44,44,0,0,1
10,300,10,0,0,no_residual,12,236.34459450275517,99.23203452323423,0.4198616631449019,0.3590192488758466,55,51,4,0,0,45,45,0,0,0
10,300,10,0,0,no_residual_score_only,9,236.0050415598398,122.66153068025869,0.5197411456532698,0.4816084907773792,55,55,0,0,0,45,45,0,0,0
10,300,10,1,0,no_residual,10,124.03569910048327,31.36769930775381,0.2528925102630521,0.2433635693568585,55,51,4,0,0,45,45,0,0,0
10,300,10,1,0,no_residual_score_only,5,103.83492939954112,23.57276714352247,0.22702155507630792,0.22702155507630792,55,55,0,0,0,45,45,0,0,0
10,300,10,2,0,no_residual,28,1759.6435639996116,1427.5377649753632,0.8112653006445334,0.6544510387308924,55,51,4,0,0,45,45,0,0,0
10,300,10,2,0,no_residual_score_only,21,1976.402813028762,1921.5055999088231,0.9722236718354944,0.9449854311900243,55,55,0,0,0,45,45,0,0,0
10,300,10,3,0,no_residual,19,158.992043981375,156.7816377805566,0.9860973785513611,0.8496333369140545,55,51,4,0,0,45,45,0,0,0
10,300,10,3,0,no_residual_score_only,13,132.64157446203853,78.57555763430628,0.5923901156405097,0.48069743086091654,55,55,0,0,0,45,45,0,0,0
10,300,10,4,0,no_residual,18,766.3182866148363,129.99888685276028,0.16964085174976357,0.1573926552830991,55,51,4,0,0,45,45,0,0,0
10,300,10,4,0,no_residual_score_only,27,726.4631788332367,585.0593583374193,0.8053530796661652,0.6820021753247322,55,55,0,0,0,45,45,0,0,0
10,300,10,5,0,no_residual,2,241.6620400031229,35.16729044830072,0.14552260854806268,0.14552260854806268,55,51,4,0,0,45,45,0,0,0
10,300,10,5,0,no_residual_score_only,7,308.20057929390805,29.297823077868998,0.09506089555376804,0.08887295821337168,55,55,0,0,0,45,45,0,0,0
10,300,10,6,0,no_residual,22,481.03911118729684,371.2414055322338,0.771748901281517,0.7256538119368467,55,51,4,0,0,45,45,0,0,0
10,300,10,6,0,no_residual_score_only,26,476.0772389902754,383.2364504015072,0.8049879704695049,0.4986497528312854,55,55,0,0,0,45,45,0,0,0
10,300,10,7,0,no_residual,24,843.0456115738684,809.630238078666,0.9603635046117851,0.8349638170992224,55,51,4,0,0,45,45,0,0,0
10,300,10,7,0,no_residual_score_only,21,670.8920688406524,605.8727626814848,0.903085296161683,0.7398038558598545,55,55,0,0,0,45,45,0,0,0
10,300,10,8,0,no_residual,14,1859.5327410058762,500.1667969256423,0.26897445035309636,0.2556862695129896,55,51,4,0,0,45,45,0,0,0
10,300,10,8,0,no_residual_score_only,16,1854.1267474545166,381.62360239423697,0.20582390223222782,0.18367539739193303,54,54,0,0,1,45,45,0,0,0
10,300,10,9,0,no_residual,15,589.709202158208,441.8151340314553,0.7492084783729126,0.6349094359123963,55,51,4,0,0,44,44,0,0,1
10,300,10,9,0,no_residual_score_only,11,572.1527707790365,178.8645572483715,0.312616780663024,0.28932766159244006,55,55,0,0,0,45,45,0,0,0
10,300,10,10,1,no_residual,24,250.34498673679263,236.42132558570665,0.9443821051398763,0.7629010016649008,55,51,4,0,0,45,45,0,0,0
10,300,10,10,1,no_residual_score_only,17,209.36055107787888,159.90319238911889,0.7637694473283908,0.7330682692995301,55,55,0,0,0,45,45,0,0,0
10,300,10,11,1,no_residual,36,1139.9026755463224,1139.9026755463224,1.0,0.8942145219857603,55,51,4,0,0,45,45,0,0,0
10,300,10,11,1,no_residual_score_only,29,1073.7953817391308,1073.7953817391308,1.0,0.8945435169836758,55,55,0,0,0,45,45,0,0,0
10,300,10,12,1,no_residual,29,941.5695829913534,941.5695829913534,1.0,0.878462582728882,55,51,4,0,0,45,45,0,0,0
10,300,10,12,1,no_residual_score_only,20,915.9400459663202,915.9400459663202,1.0,0.8990597697195857,55,55,0,0,0,45,45,0,0,0
10,300,10,13,1,no_residual,8,160.1877796492372,72.37382702453169,0.4518061688788526,0.42476850446092174,55,51,4,0,0,45,45,0,0,0
10,300,10,13,1,no_residual_score_only,20,162.8202155529484,162.37650889624365,0.9972748675267509,0.8001517163558194,55,55,0,0,0,45,45,0,0,0
10,300,10,14,1,no_residual,18,754.316105723186,649.5167890552093,0.8610671098325517,0.749918473803885,55,51,4,0,0,45,45,0,0,0
10,300,10,14,1,no_residual_score_only,13,736.116273588354,707.2096394738555,0.9607308856607842,0.9013861196848225,55,55,0,0,0,45,45,0,0,0
10,300,10,15,1,no_residual,33,304.9436098428655,304.9436098428655,1.0,0.719949011862654,55,51,4,0,0,45,45,0,0,0
10,300,10,15,1,no_residual_score_only,42,353.14162115095223,353.14162115095223,1.0,0.722829900806678,55,55,0,0,0,45,45,0,0,0
10,300,10,16,1,no_residual,30,1145.9712081529992,1102.660447121862,0.9622060652806953,0.7655480456516224,55,51,4,0,0,45,45,0,0,0
10,300,10,16,1,no_residual_score_only,12,718.2850973648915,213.76135210298662,0.2975995922610588,0.19463605524439317,55,55,0,0,0,45,45,0,0,0
10,300,10,17,1,no_residual,17,279.6659601014585,220.47640406512664,0.7883562375097105,0.6321207234118783,55,51,4,0,0,45,45,0,0,0
10,300,10,17,1,no_residual_score_only,27,307.6727446644013,264.6892846102505,0.8602948723942524,0.6086385034859813,55,55,0,0,0,45,45,0,0,0
10,300,10,18,1,no_residual,10,871.2004282372313,714.7975153374705,0.8204742469924823,0.7654862480802643,55,51,4,0,0,45,45,0,0,0
10,300,10,18,1,no_residual_score_only,12,877.4425114314704,851.2889848550217,0.9701934585619957,0.8286670808648093,55,55,0,0,0,45,45,0,0,0
10,300,10,19,1,no_residual,26,137.13595789270084,124.70776179017503,0.9093731775859254,0.6740180342635201,55,51,4,0,0,45,45,0,0,0
10,300,10,19,1,no_residual_score_only,20,167.8712135837477,167.8712135837477,1.0,0.7799274011438706,55,55,0,0,0,45,45,0,0,0
10,300,10,20,2,no_residual,13,776.353245719502,228.1724235139568,0.29390283968284714,0.22461343475497345,52,42,4,6,3,45,33,0,12,0
10,300,10,20,2,no_residual_score_only,8,789.9715650048497,113.2274097415534,0.14333099412364075,0.13572190480861016,52,52,0,0,3,44,44,0,0,1
10,300,10,21,2,no_residual,20,160.9990253620913,122.2908023160735,0.7595747989221554,0.6575589404489565,48,34,4,10,7,43,21,0,22,2
10,300,10,21,2,no_residual_score_only,14,137.78763601378796,61.66317414785044,0.44752327517746227,0.42979359428043185,49,49,0,0,6,45,45,0,0,0
10,300,10,22,2,no_residual,9,1872.5010589703752,1872.5010589703752,1.0,0.9054887225728787,55,51,4,0,0,45,42,0,3,0
10,300,10,22,2,no_residual_score_only,17,2486.2820904849746,2054.1557759721595,0.8261957819804251,0.67306978125753,55,55,0,0,0,45,45,0,0,0
10,300,10,23,2,no_residual,9,1476.3247543482876,1476.3247543482876,1.0,0.9505762787893419,55,51,4,0,0,45,45,0,0,0
10,300,10,23,2,no_residual_score_only,1,500.0232475280236,500.0232475280236,1.0,1.0,55,55,0,0,0,45,45,0,0,0
10,300,10,24,2,no_residual,11,203.16125104084995,135.3677838440849,0.6663070991665939,0.5976505654931082,52,35,4,13,3,45,39,0,6,0
10,300,10,24,2,no_residual_score_only,17,209.88691590952385,160.23266206843482,0.7634237769137856,0.7160421718774399,52,52,0,0,3,45,45,0,0,0
10,300,10,25,2,no_residual,10,350.4057012803569,261.7608769913477,0.7470223116658563,0.7185877527982271,47,34,4,9,8,44,23,0,21,1
10,300,10,25,2,no_residual_score_only,20,333.2535401181285,244.12915010189272,0.7325628109317494,0.6427095203312819,51,51,0,0,4,45,45,0,0,0
10,300,10,26,2,no_residual,14,1918.0980162703158,1918.0980162703158,1.0,0.9785448553122755,54,49,4,1,1,42,22,0,20,3
10,300,10,26,2,no_residual_score_only,21,2013.1389333889679,2013.1389333889679,1.0,0.9241540089992111,48,48,0,0,7,33,33,0,0,12
10,300,10,27,2,no_residual,19,547.1114752852486,511.15571316802334,0.9342807384939624,0.8840857612656453,55,50,4,1,0,45,37,0,8,0
10,300,10,27,2,no_residual_score_only,12,526.2610737613795,169.42308790423658,0.3219373355762532,0.28727246941082346,55,55,0,0,0,45,45,0,0,0
10,300,10,28,2,no_residual,7,935.486979273785,889.1093507349524,0.9504240790450815,0.9487502238890377,55,37,4,14,0,43,30,0,13,2
10,300,10,28,2,no_residual_score_only,18,762.3131245520412,587.2548592285143,0.7703591087633489,0.7432573135129671,53,53,0,0,2,45,45,0,0,0
10,300,10,29,2,no_residual,18,1218.6338372548003,827.4889888152275,0.6790300445614579,0.6004385135385452,55,50,4,1,0,44,39,0,5,1
10,300,10,29,2,no_residual_score_only,21,1306.1488371325845,1025.5092377048227,0.7851396476041308,0.5920534395874382,55,55,0,0,0,45,45,0,0,0
10,300,11,0,0,no_residual,7,70.82037999025351,31.152368205376206,0.43987858028527205,0.427933404945838,55,51,4,0,0,45,45,0,0,0
10,300,11,0,0,no_residual_score_only,2,77.40025266940529,62.02704079347768,0.8013803399119352,0.8013803399119352,55,55,0,0,0,45,45,0,0,0
10,300,11,1,0,no_residual,11,351.29514475412407,198.14172442884546,0.56403206075486,0.553631890409445,55,51,4,0,0,45,45,0,0,0
10,300,11,1,0,no_residual_score_only,10,354.3885965844074,233.61871146772864,0.65921622117456,0.638581050594869,55,55,0,0,0,45,45,0,0,0
10,300,11,2,0,no_residual,18,490.67774624148615,471.3834422126911,0.960678257417243,0.9006180610496772,55,51,4,0,0,45,45,0,0,0
10,300,11,2,0,no_residual_score_only,4,594.3811403257832,499.6768812959326,0.840667456275711,0.840667456275711,55,55,0,0,0,45,45,0,0,0
10,300,11,3,0,no_residual,17,1715.1278350835073,1072.4059208014305,0.6252629680802868,0.5719509205765398,55,51,4,0,0,45,45,0,0,0
10,300,11,3,0,no_residual_score_only,18,1697.9885704489998,217.37349667080798,0.12801823313411811,0.09221905501014871,55,55,0,0,0,45,45,0,0,0
10,300,11,4,0,no_residual,19,1546.706656187751,710.277938778007,0.459219552677601,0.4369495356513726,55,51,4,0,0,45,45,0,0,0
10,300,11,4,0,no_residual_score_only,6,1549.455547254638,138.62740242826294,0.08946846050142339,0.08939610939471541,55,55,0,0,0,45,45,0,0,0
10,300,11,5,0,no_residual,17,1791.2800353381904,686.6874792395752,0.38335015502471664,0.3779355025302448,55,51,4,0,0,45,45,0,0,0
10,300,11,5,0,no_residual_score_only,17,1766.7070254943783,1520.534877806966,0.8606604580527291,0.8367520057189805,55,55,0,0,0,45,45,0,0,0
10,300,11,6,0,no_residual,21,2039.4986740973345,852.6622344116686,0.41807442448524756,0.3437766044609795,55,51,4,0,0,45,45,0,0,0
10,300,11,6,0,no_residual_score_only,21,2270.384184572057,1247.1205062906552,0.5492993277372235,0.4812035035568546,55,55,0,0,0,45,45,0,0,0
10,300,11,7,0,no_residual,12,1849.147951830244,691.1143871665504,0.3737474800123491,0.3486881351341299,55,51,4,0,0,45,45,0,0,0
10,300,11,7,0,no_residual_score_only,20,1867.1326560110056,1249.4594879086212,0.66918624334813,0.6538381633859088,55,55,0,0,0,45,45,0,0,0
10,300,11,8,0,no_residual,9,1260.0812320486484,714.0672280663393,0.5666834882584547,0.564486817373099,55,51,4,0,0,45,45,0,0,0
10,300,11,8,0,no_residual_score_only,9,1347.9361247998904,1267.2895562621384,0.9401703337020332,0.9350123978345706,55,55,0,0,0,45,45,0,0,0
10,300,11,9,0,no_residual,15,1727.822885325776,1493.2794911989886,0.8642549556909215,0.8419832834877546,55,51,4,0,0,45,45,0,0,0
10,300,11,9,0,no_residual_score_only,22,1691.0234498483474,905.5142415033988,0.5354829594968693,0.5098152415781473,55,55,0,0,0,45,45,0,0,0
10,300,11,10,1,no_residual,11,1607.5477148201185,1607.5477148201185,1.0,0.9929873997784052,55,51,4,0,0,45,45,0,0,0
10,300,11,10,1,no_residual_score_only,13,1230.1956159536949,1097.3698196639161,0.8920287191994201,0.7399399173442652,55,55,0,0,0,45,45,0,0,0
10,300,11,11,1,no_residual,11,2407.173080439242,1249.0572718077783,0.5188896809945466,0.5079630845359223,55,50,4,1,0,45,45,0,0,0
10,300,11,11,1,no_residual_score_only,14,2551.643370168794,2330.588340635095,0.9133675841545694,0.9088489269545913,55,55,0,0,0,45,45,0,0,0
10,300,11,12,1,no_residual,17,2153.160875246361,2153.160875246361,1.0,0.9732498070740915,55,51,4,0,0,45,45,0,0,0
10,300,11,12,1,no_residual_score_only,29,2098.6148579615106,1927.8325856708038,0.918621431825468,0.8011491700664746,55,55,0,0,0,45,45,0,0,0
10,300,11,13,1,no_residual,11,1145.425940804762,950.9699641910847,0.830232606328913,0.7706738913664913,55,51,4,0,0,45,45,0,0,0
10,300,11,13,1,no_residual_score_only,14,1362.8948294776487,1362.8948294776487,1.0,0.9741320515916602,55,55,0,0,0,45,45,0,0,0
10,300,11,14,1,no_residual,5,967.5633490944924,967.5633490944924,1.0,1.0,55,51,4,0,0,45,45,0,0,0
10,300,11,14,1,no_residual_score_only,10,938.5217755583367,815.4005236029507,0.8688136437941039,0.8618816709416307,55,55,0,0,0,45,45,0,0,0
10,300,11,15,1,no_residual,16,2059.408014720591,2059.408014720591,1.0,0.9734037929474683,55,51,4,0,0,45,45,0,0,0
10,300,11,15,1,no_residual_score_only,9,2047.7514055672973,2047.7514055672973,1.0,0.9944286428170439,55,55,0,0,0,45,45,0,0,0
10,300,11,16,1,no_residual,18,616.7223082952587,616.7223082952587,1.0,0.7523118372352591,55,51,4,0,0,45,45,0,0,0
10,300,11,16,1,no_residual_score_only,10,506.2834947444194,506.2834947444194,1.0,0.932878457323167,55,55,0,0,0,45,45,0,0,0
10,300,11,17,1,no_residual,13,367.94953651446303,367.94953651446303,1.0,0.9696248298326705,55,51,4,0,0,45,45,0,0,0
10,300,11,17,1,no_residual_score_only,23,289.97237430968016,289.97237430968016,1.0,0.8327076748455953,55,55,0,0,0,45,45,0,0,0
10,300,11,18,1,no_residual,11,1741.282092755322,1636.8849179918793,0.940045800047108,0.8972116001506037,55,51,4,0,0,45,45,0,0,0
10,300,11,18,1,no_residual_score_only,17,1874.8030876871157,1834.2213590992046,0.9783541381735319,0.9061195386461307,55,55,0,0,0,45,45,0,0,0
10,300,11,19,1,no_residual,17,1271.9513005765084,1271.9513005765084,1.0,0.9811374211556012,55,51,4,0,0,45,45,0,0,0
10,300,11,19,1,no_residual_score_only,17,1007.370850056855,1007.370850056855,1.0,0.9429232440279174,55,55,0,0,0,45,45,0,0,0
10,300,11,20,2,no_residual,14,277.49308220610556,277.49308220610556,1.0,0.8902356673098665,53,43,4,6,2,44,42,0,2,1
10,300,11,20,2,no_residual_score_only,12,401.6949914895026,401.6949914895026,1.0,0.9781298148996034,55,55,0,0,0,42,42,0,0,3
10,300,11,21,2,no_residual,7,1834.7490742512718,1834.7490742512718,1.0,0.9985222694489934,53,45,4,4,2,45,44,0,1,0
10,300,11,21,2,no_residual_score_only,6,1813.8057206962321,1813.8057206962321,1.0,0.9996158713270926,54,54,0,0,1,45,45,0,0,0
10,300,11,22,2,no_residual,7,357.0651474090869,357.0651474090869,1.0,0.9980301139139502,54,49,3,2,1,43,34,0,9,2
10,300,11,22,2,no_residual_score_only,19,337.139699071678,337.139699071678,1.0,0.9021629175915554,53,53,0,0,2,45,45,0,0,0
10,300,11,23,2,no_residual,16,2083.1931434648277,2083.1931434648277,1.0,0.9678187842834296,54,48,4,2,1,43,38,0,5,2
10,300,11,23,2,no_residual_score_only,21,2060.439751005643,1966.1338507982296,0.9542302073324953,0.8622207254977308,52,52,0,0,3,45,45,0,0,0
10,300,11,24,2,no_residual,10,498.29408959576995,498.29408959576995,1.0,0.9299225953453897,55,51,4,0,0,45,44,0,1,0
10,300,11,24,2,no_residual_score_only,10,533.7570474078029,533.7570474078029,1.0,0.9850570075593341,55,55,0,0,0,45,45,0,0,0
10,300,11,25,2,no_residual,25,2636.1225759991503,1605.7129062064237,0.6091192119918104,0.5892338065712764,54,47,4,3,1,45,41,0,4,0
10,300,11,25,2,no_residual_score_only,16,2526.3862503818104,1991.1958358826637,0.7881597026510638,0.677425795351562,54,54,0,0,1,45,45,0,0,0
10,300,11,26,2,no_residual,17,2484.577983669423,1327.8612300319792,0.5344413573491011,0.5121731464502518,54,50,3,1,1,45,44,0,1,0
10,300,11,26,2,no_residual_score_only,21,2634.5949178015253,1643.3827566769423,0.623770563578057,0.5759758562916448,54,54,0,0,1,45,45,0,0,0
10,300,11,27,2,no_residual,17,1025.0299493581,1025.0299493581,1.0,0.9771067856545879,55,50,4,1,0,45,45,0,0,0
10,300,11,27,2,no_residual_score_only,15,975.9900314746501,841.9927791295077,0.8627063309830303,0.7344008794544042,54,54,0,0,1,45,45,0,0,0
10,300,11,28,2,no_residual,9,1262.2592645869954,1262.2592645869954,1.0,0.9911161479238654,55,49,4,2,0,45,40,0,5,0
10,300,11,28,2,no_residual_score_only,18,1341.5185879163091,1341.5185879163091,1.0,0.9698836051911496,55,55,0,0,0,45,45,0,0,0
10,300,11,29,2,no_residual,17,998.0921402808226,998.0921402808226,1.0,0.9494296248798166,54,43,4,7,1,45,42,0,3,0
10,300,11,29,2,no_residual_score_only,13,1946.285241661577,1946.285241661577,1.0,0.9869190220132421,53,53,0,0,2,45,45,0,0,0
10,300,12,0,0,no_residual,13,287.31435542292184,287.31435542292184,1.0,0.9829985294132284,55,51,4,0,0,45,45,0,0,0
10,300,12,0,0,no_residual_score_only,18,307.0080881676381,307.0080881676381,1.0,0.9437384710841454,55,55,0,0,0,45,45,0,0,0
10,300,12,1,0,no_residual,18,618.188446330762,618.188446330762,1.0,0.6961842518747523,55,51,4,0,0,45,45,0,0,0
10,300,12,1,0,no_residual_score_only,30,632.639690316425,632.639690316425,1.0,0.7429028971096594,55,55,0,0,0,45,45,0,0,0
10,300,12,2,0,no_residual,24,247.63845260765493,247.63845260765493,1.0,0.8430047692466162,55,51,4,0,0,45,45,0,0,0
10,300,12,2,0,no_residual_score_only,20,277.69596952160464,277.69596952160464,1.0,0.8671912920309289,55,55,0,0,0,45,45,0,0,0
10,300,12,3,0,no_residual,3,17.294818222042068,17.294818222042068,1.0,1.0,55,51,4,0,0,45,45,0,0,0
10,300,12,3,0,no_residual_score_only,14,38.81242151917604,38.81242151917604,1.0,0.9381857607628145,55,55,0,0,0,45,45,0,0,0
10,300,12,4,0,no_residual,18,118.49977019943435,118.49977019943435,1.0,0.9304508200836029,54,51,3,0,1,45,45,0,0,0
10,300,12,4,0,no_residual_score_only,10,72.39214992198822,72.39214992198822,1.0,0.9450684298643944,54,54,0,0,1,45,45,0,0,0
10,300,12,5,0,no_residual,17,234.0671605098505,234.0671605098505,1.0,0.9007143733347887,55,51,4,0,0,45,45,0,0,0
10,300,12,5,0,no_residual_score_only,20,296.5679232516686,296.5679232516686,1.0,0.8135441492701888,55,55,0,0,0,45,45,0,0,0
10,300,12,6,0,no_residual,16,236.8658389897373,236.8658389897373,1.0,0.8565542306488723,55,51,4,0,0,45,45,0,0,0
10,300,12,6,0,no_residual_score_only,18,258.2267010740038,258.2267010740038,1.0,0.8737324887789452,55,55,0,0,0,45,45,0,0,0
10,300,12,7,0,no_residual,16,288.1208834205122,288.1208834205122,1.0,0.9411872200561818,55,51,4,0,0,45,45,0,0,0
10,300,12,7,0,no_residual_score_only,19,300.5169066744752,300.5169066744752,1.0,0.8134445004555279,55,55,0,0,0,45,45,0,0,0
10,300,12,8,0,no_residual,13,267.99129341876414,267.99129341876414,1.0,0.7615528547697065,55,51,4,0,0,45,45,0,0,0
10,300,12,8,0,no_residual_score_only,23,141.20906139505996,141.20906139505996,1.0,0.7047316018991339,55,55,0,0,0,45,45,0,0,0
10,300,12,9,0,no_residual,22,269.0369281429689,269.0369281429689,1.0,0.7335065753703623,55,51,4,0,0,45,45,0,0,0
10,300,12,9,0,no_residual_score_only,8,257.72853813471875,257.72853813471875,1.0,0.9762909393238574,55,55,0,0,0,45,45,0,0,0
10,300,12,10,1,no_residual,14,609.2949658830412,609.2949658830412,1.0,0.8713970568798558,55,51,4,0,0,45,45,0,0,0
10,300,12,10,1,no_residual_score_only,14,574.6272515546057,574.6272515546057,1.0,0.9226816076924863,55,55,0,0,0,45,45,0,0,0
10,300,12,11,1,no_residual,16,406.86123509589834,406.86123509589834,1.0,0.8503199623565663,55,51,4,0,0,45,45,0,0,0
10,300,12,11,1,no_residual_score_only,19,463.3065051672056,463.3065051672056,1.0,0.8402360359268712,55,55,0,0,0,45,45,0,0,0
10,300,12,12,1,no_residual,13,249.78295530097648,249.78295530097648,1.0,0.9431667936286208,55,51,4,0,0,45,45,0,0,0
10,300,12,12,1,no_residual_score_only,18,233.3714151795225,233.3714151795225,1.0,0.9482524452037444,55,55,0,0,0,45,45,0,0,0
10,300,12,13,1,no_residual,15,143.98168817099668,143.98168817099668,1.0,0.9778950056546369,55,51,4,0,0,45,45,0,0,0
10,300,12,13,1,no_residual_score_only,17,151.88829570630924,151.88829570630924,1.0,0.9628853718661927,55,55,0,0,0,45,45,0,0,0
10,300,12,14,1,no_residual,21,265.3548398095718,265.3548398095718,1.0,0.9251927941564552,55,51,4,0,0,45,45,0,0,0
10,300,12,14,1,no_residual_score_only,16,151.68077525139415,151.68077525139415,1.0,0.8769894250917826,55,55,0,0,0,45,45,0,0,0
10,300,12,15,1,no_residual,16,293.50039347408756,293.50039347408756,1.0,0.9277325946250068,55,51,4,0,0,45,45,0,0,0
10,300,12,15,1,no_residual_score_only,17,263.5424019319212,263.5424019319212,1.0,0.8953536957202244,55,55,0,0,0,45,45,0,0,0
10,300,12,16,1,no_residual,18,212.45521819977557,212.45521819977557,1.0,0.8857630728287536,55,51,4,0,0,45,45,0,0,0
10,300,12,16,1,no_residual_score_only,23,277.0117007999902,277.0117007999902,1.0,0.9100169779226288,55,55,0,0,0,45,45,0,0,0
10,300,12,17,1,no_residual,33,469.6535065992948,469.6535065992948,1.0,0.80614020171738,55,51,4,0,0,45,45,0,0,0
10,300,12,17,1,no_residual_score_only,26,491.8417262366843,491.8417262366843,1.0,0.6957282348822719,55,55,0,0,0,45,45,0,0,0
10,300,12,18,1,no_residual,16,329.91815295844526,329.91815295844526,1.0,0.9082392519591986,55,51,4,0,0,45,45,0,0,0
10,300,12,18,1,no_residual_score_only,13,319.358900599907,319.358900599907,1.0,0.9046571890575976,55,55,0,0,0,45,45,0,0,0
10,300,12,19,1,no_residual,10,229.9866660087023,229.9866660087023,1.0,0.920002311274992,55,51,4,0,0,45,45,0,0,0
10,300,12,19,1,no_residual_score_only,7,220.21838711665305,220.21838711665305,1.0,0.984861667326713,55,55,0,0,0,45,45,0,0,0
10,300,12,20,2,no_residual,22,439.6428823610272,439.6428823610272,1.0,0.8878057344391199,55,51,4,0,0,45,45,0,0,0
10,300,12,20,2,no_residual_score_only,12,437.3102226316573,437.3102226316573,1.0,0.9423431945444687,55,55,0,0,0,45,45,0,0,0
10,300,12,21,2,no_residual,18,354.3707212599875,354.3707212599875,1.0,0.8184889500114392,55,51,4,0,0,45,45,0,0,0
10,300,12,21,2,no_residual_score_only,23,398.5702020156259,398.5702020156259,1.0,0.9112617892907219,55,55,0,0,0,45,45,0,0,0
10,300,12,22,2,no_residual,27,500.5470974048076,500.5470974048076,1.0,0.825808542371856,55,49,4,2,0,45,41,0,4,0
10,300,12,22,2,no_residual_score_only,21,505.0224486459538,505.0224486459538,1.0,0.9326539288114404,55,55,0,0,0,45,45,0,0,0
10,300,12,23,2,no_residual,24,442.8058764396869,442.8058764396869,1.0,0.8988195931457925,55,51,4,0,0,45,45,0,0,0
10,300,12,23,2,no_residual_score_only,27,450.02324546280715,450.02324546280715,1.0,0.8628263828800095,55,55,0,0,0,45,45,0,0,0
10,300,12,24,2,no_residual,21,234.3827998963534,234.3827998963534,1.0,0.9416102698001382,55,51,4,0,0,45,45,0,0,0
10,300,12,24,2,no_residual_score_only,12,324.91508057812007,324.91508057812007,1.0,0.9605704392245484,55,55,0,0,0,45,45,0,0,0
10,300,12,25,2,no_residual,27,241.13523642133032,241.13523642133032,1.0,0.6458394897541317,55,51,4,0,0,45,45,0,0,0
10,300,12,25,2,no_residual_score_only,16,278.0147001745722,277.22678430848737,0.9971659201272807,0.9291153116092937,55,55,0,0,0,44,44,0,0,1
10,300,12,26,2,no_residual,34,236.33126830190622,236.33126830190622,1.0,0.7354820389679132,55,51,4,0,0,45,45,0,0,0
10,300,12,26,2,no_residual_score_only,17,266.9760021618981,266.9760021618981,1.0,0.903854576591996,55,55,0,0,0,45,45,0,0,0
10,300,12,27,2,no_residual,24,191.72707921808342,191.72707921808342,1.0,0.8038111919911857,55,49,4,2,0,44,42,0,2,1
10,300,12,27,2,no_residual_score_only,13,106.63828703121544,106.63828703121544,1.0,0.9110461190959943,55,55,0,0,0,43,43,0,0,2
10,300,12,28,2,no_residual,32,398.23962616704875,388.1674819629584,0.9747083325156964,0.5768240897154263,55,51,4,0,0,45,39,0,6,0
10,300,12,28,2,no_residual_score_only,23,504.97680081570115,504.97680081570115,1.0,0.8107211065773118,55,55,0,0,0,45,45,0,0,0
10,300,12,29,2,no_residual,11,531.2554214583665,531.2554214583665,1.0,0.8887224158045485,55,51,4,0,0,45,45,0,0,0
10,300,12,29,2,no_residual_score_only,17,476.80545876936185,476.80545876936185,1.0,0.9037915411150649,55,55,0,0,0,45,45,0,0,0
20,300,1,0,0,no_residual,3,55691.173343982344,2824.342297394938,0.05071436150123994,0.05071436150123994,55,51,4,0,0,45,45,0,0,0
20,300,1,0,0,no_residual_score_only,2,52360.68908475746,3224.280400451593,0.06157826523696767,0.06157826523696767,55,55,0,0,0,45,45,0,0,0
20,300,1,1,0,no_residual,5,31075.09172251322,7818.2527530665975,0.25159226633601356,0.25159226633601356,55,51,4,0,0,45,44,0,1,0
20,300,1,1,0,no_residual_score_only,0,35720.981618139645,0.0,0.0,0.0,55,55,0,0,0,45,45,0,0,0
20,300,1,2,0,no_residual,1,50213.72819176536,2579.530473359533,0.05137102075966857,0.05137102075966857,55,50,4,1,0,45,45,0,0,0
20,300,1,2,0,no_residual_score_only,1,52160.53436218908,2830.9604901608836,0.05427399325519627,0.05427399325519627,54,54,0,0,1,45,45,0,0,0
20,300,1,3,0,no_residual,0,49996.170206215334,0.0,0.0,0.0,53,48,4,1,2,45,43,0,2,0
20,300,1,3,0,no_residual_score_only,1,50897.80321027743,2386.5092772169373,0.04688825699131641,0.04688825699131641,55,55,0,0,0,45,45,0,0,0
20,300,1,4,0,no_residual,0,76470.2434142555,0.0,0.0,0.0,54,51,3,0,1,45,42,0,3,0
20,300,1,4,0,no_residual_score_only,1,87450.8342487706,2864.536174901117,0.03275596167273141,0.03275596167273141,53,53,0,0,2,45,45,0,0,0
20,300,1,5,0,no_residual,2,44060.67077557487,7656.047519622069,0.17376148353751833,0.17376148353751833,55,51,4,0,0,42,39,0,3,3
20,300,1,5,0,no_residual_score_only,2,50361.98751617888,17183.86816350448,0.34120710899235523,0.34120710899235523,55,55,0,0,0,45,45,0,0,0
20,300,1,6,0,no_residual,1,50360.96467301826,4587.873411767647,0.09109979210199041,0.09109979210199041,54,49,4,1,1,45,38,0,7,0
20,300,1,6,0,no_residual_score_only,3,53630.027265073964,4144.031786469095,0.07727073801373686,0.07727073801373686,54,54,0,0,1,45,45,0,0,0
20,300,1,7,0,no_residual,0,42139.4282391162,0.0,0.0,0.0,55,51,4,0,0,44,43,0,1,1
20,300,1,7,0,no_residual_score_only,1,39270.04425538661,1866.6520442388937,0.04753373925680891,0.04753373925680891,55,55,0,0,0,45,45,0,0,0
20,300,1,8,0,no_residual,0,45193.444734366196,0.0,0.0,0.0,55,51,4,0,0,45,43,0,2,0
20,300,1,8,0,no_residual_score_only,7,42968.260428472975,4287.99471311659,0.09979446852996507,0.09916703282310521,55,55,0,0,0,45,45,0,0,0
20,300,1,9,0,no_residual,2,62422.41361946205,6570.4145516250355,0.10525729734962559,0.10525729734962559,55,51,4,0,0,45,44,0,1,0
20,300,1,9,0,no_residual_score_only,3,60548.05790084411,6518.496088218941,0.10765821917680476,0.10765821917680476,55,55,0,0,0,45,45,0,0,0
20,300,1,10,1,no_residual,0,11427.414674549786,0.0,0.0,0.0,55,51,4,0,0,45,44,0,1,0
20,300,1,10,1,no_residual_score_only,3,10612.365621892895,10612.365621892895,1.0,1.0,55,55,0,0,0,45,45,0,0,0
20,300,1,11,1,no_residual,2,65416.9697683821,31259.64017142194,0.4778521579660607,0.4778521579660607,54,50,4,0,1,44,43,0,1,1
20,300,1,11,1,no_residual_score_only,3,66891.32488205525,66891.32488205525,1.0,1.0,55,55,0,0,0,44,44,0,0,1
20,300,1,12,1,no_residual,1,36397.76454045625,36397.76454045625,1.0,1.0,55,51,4,0,0,45,45,0,0,0
20,300,1,12,1,no_residual_score_only,4,49429.00601523765,49429.00601523765,1.0,1.0,55,55,0,0,0,45,45,0,0,0
20,300,1,13,1,no_residual,4,47419.58501826862,47419.58501826862,1.0,1.0,55,51,4,0,0,45,44,0,1,0
20,300,1,13,1,no_residual_score_only,1,28866.47759834255,28866.47759834255,1.0,1.0,55,55,0,0,0,45,45,0,0,0
20,300,1,14,1,no_residual,0,39297.53858124344,0.0,0.0,0.0,55,49,4,2,0,45,45,0,0,0
20,300,1,14,1,no_residual_score_only,2,41555.81687270369,41555.81687270369,1.0,1.0,55,55,0,0,0,44,44,0,0,1
20,300,1,15,1,no_residual,0,0.0,0.0,,,55,50,4,1,0,45,45,0,0,0
20,300,1,15,1,no_residual_score_only,3,16089.76881987579,16089.76881987579,1.0,1.0,55,55,0,0,0,45,45,0,0,0
20,300,1,16,1,no_residual,4,47728.7942971708,47728.7942971708,1.0,1.0,55,51,4,0,0,45,44,0,1,0
20,300,1,16,1,no_residual_score_only,4,54039.63897303351,54039.63897303351,1.0,1.0,55,55,0,0,0,45,45,0,0,0
20,300,1,17,1,no_residual,4,35486.51529768976,29364.15069515133,0.8274734909534212,0.8274734909534212,54,50,4,0,1,45,44,0,1,0
20,300,1,17,1,no_residual_score_only,1,27178.127162974728,27178.127162974728,1.0,1.0,55,55,0,0,0,44,44,0,0,1
20,300,1,18,1,no_residual,7,49762.846602617086,49762.846602617086,1.0,0.9471162500598077,54,50,4,0,1,45,45,0,0,0
20,300,1,18,1,no_residual_score_only,6,59201.11936180181,59201.11936180181,1.0,0.9777521045435787,55,55,0,0,0,45,45,0,0,0
20,300,1,19,1,no_residual,1,66869.13268113587,40206.1988335534,0.6012669406866072,0.6012669406866072,55,50,4,1,0,45,41,0,4,0
20,300,1,19,1,no_residual_score_only,4,59531.730718846724,59531.730718846724,1.0,1.0,55,55,0,0,0,45,45,0,0,0
20,300,1,20,2,no_residual,0,39254.001803959145,0.0,0.0,0.0,55,51,4,0,0,45,45,0,0,0
20,300,1,20,2,no_residual_score_only,0,42792.3612691413,0.0,0.0,0.0,55,55,0,0,0,45,45,0,0,0
20,300,1,21,2,no_residual,1,62076.96088472992,2620.6073838924203,0.042215458787658755,0.042215458787658755,55,51,4,0,0,45,45,0,0,0
20,300,1,21,2,no_residual_score_only,1,60581.50839249375,16590.033177527934,0.2738464857963737,0.2738464857963737,55,55,0,0,0,45,45,0,0,0
20,300,1,22,2,no_residual,2,62885.37031468895,3819.0830494066613,0.06073086681839239,0.06073086681839239,55,51,4,0,0,45,45,0,0,0
20,300,1,22,2,no_residual_score_only,1,60070.18197086672,45949.16502911683,0.7649246851191761,0.7649246851191761,55,55,0,0,0,45,45,0,0,0
20,300,1,23,2,no_residual,1,32625.818695337704,6942.025563455223,0.21277705329881125,0.21277705329881125,55,51,4,0,0,45,45,0,0,0
20,300,1,23,2,no_residual_score_only,3,36027.81097422115,4502.637200669225,0.12497670768537619,0.12497670768537619,55,55,0,0,0,45,45,0,0,0
20,300,1,24,2,no_residual,0,24486.09978226018,0.0,0.0,0.0,55,51,4,0,0,45,45,0,0,0
20,300,1,24,2,no_residual_score_only,1,25643.431942936484,2306.843511579915,0.08995845473075759,0.08995845473075759,55,55,0,0,0,45,45,0,0,0
20,300,1,25,2,no_residual,1,40033.03549016841,21689.703418698475,0.5417951237803385,0.5417951237803385,55,51,4,0,0,45,45,0,0,0
20,300,1,25,2,no_residual_score_only,0,40163.87429358065,0.0,0.0,0.0,55,55,0,0,0,45,45,0,0,0
20,300,1,26,2,no_residual,2,39622.3494911594,9935.060378107151,0.25074384799729954,0.25074384799729954,55,51,4,0,0,45,45,0,0,0
20,300,1,26,2,no_residual_score_only,3,41891.80176211185,8835.866712701285,0.21092114306462456,0.21092114306462456,55,55,0,0,0,45,45,0,0,0
20,300,1,27,2,no_residual,3,42219.71610587997,29163.01883867783,0.6907440771402127,0.6907440771402127,55,51,4,0,0,45,45,0,0,0
20,300,1,27,2,no_residual_score_only,4,41459.797477091415,11626.27214336654,0.2804227914955597,0.2804227914955597,55,55,0,0,0,45,45,0,0,0
20,300,1,28,2,no_residual,4,78641.19689006319,31770.024235852146,0.4039870385017816,0.4039870385017816,55,51,4,0,0,45,45,0,0,0
20,300,1,28,2,no_residual_score_only,2,79418.28979678219,45170.75236719323,0.568770147062817,0.568770147062817,55,55,0,0,0,45,45,0,0,0
20,300,1,29,2,no_residual,1,32148.75961610511,11679.002769045612,0.36328004279191367,0.36328004279191367,55,51,4,0,0,45,45,0,0,0
20,300,1,29,2,no_residual_score_only,1,29772.238100526152,2664.9931862878075,0.08951269223662128,0.08951269223662128,55,55,0,0,0,45,45,0,0,0
20,300,2,0,0,no_residual,11,6406.014268456681,1085.7514106278218,0.16948938374584638,0.167977202124848,53,47,3,3,2,45,44,0,1,0
20,300,2,0,0,no_residual_score_only,14,6218.515917914724,857.8204131829383,0.13794616344257812,0.13292268470906562,50,50,0,0,5,45,45,0,0,0
20,300,2,1,0,no_residual,10,9559.718539250054,58.98254281389609,0.006169903702889059,0.005047524344135858,53,45,3,5,2,45,29,0,16,0
20,300,2,1,0,no_residual_score_only,18,9555.233973341261,184.92098869476354,0.019352847791135837,0.013475628586309912,51,51,0,0,4,44,44,0,0,1
20,300,2,2,0,no_residual,13,7134.163699433275,64.20112222172088,0.008999109766267475,0.007293626910884349,53,48,3,2,2,45,43,0,2,0
20,300,2,2,0,no_residual_score_only,7,6985.421435844011,57.675422439617705,0.008256541565791599,0.007589518718582237,51,51,0,0,4,45,45,0,0,0
20,300,2,3,0,no_residual,8,7024.243064236148,149.26753180713524,0.02125033693197907,0.018686496326783025,51,43,2,6,4,45,38,0,7,0
20,300,2,3,0,no_residual_score_only,19,7184.623361234852,429.74460772262864,0.0598144935531828,0.051529040624157925,51,51,0,0,4,45,45,0,0,0
20,300,2,4,0,no_residual,4,4912.22905013741,315.99529553766183,0.0643282901331367,0.0643282901331367,52,46,4,2,3,42,31,0,11,3
20,300,2,4,0,no_residual_score_only,16,4890.311681308613,489.35560052861774,0.10006634186507918,0.07437155237123826,52,52,0,0,3,45,45,0,0,0
20,300,2,5,0,no_residual,7,5559.492156136248,86.65288214775569,0.015586474396247366,0.01477596400632764,52,42,4,6,3,45,33,0,12,0
20,300,2,5,0,no_residual_score_only,11,5767.663285889705,81.11245009997458,0.014063312312008932,0.013235692804299015,54,54,0,0,1,45,45,0,0,0
20,300,2,6,0,no_residual,8,7177.576377394532,176.61453022663272,0.024606429934047457,0.0217625796205677,55,50,4,1,0,45,39,0,6,0
20,300,2,6,0,no_residual_score_only,10,7273.762801542234,269.0827548432055,0.036993611447730015,0.03178828879662008,53,53,0,0,2,45,45,0,0,0
20,300,2,7,0,no_residual,8,8421.773767089468,160.68528714489776,0.019079743957599798,0.01712617714556926,50,41,3,6,5,43,29,0,14,2
20,300,2,7,0,no_residual_score_only,10,8715.75763307412,654.5488002975984,0.0750994724559285,0.0715430288030482,52,52,0,0,3,42,42,0,0,3
20,300,2,8,0,no_residual,13,8492.203609095088,427.848731202665,0.05038135575840906,0.04694266292235842,55,48,4,3,0,45,41,0,4,0
20,300,2,8,0,no_residual_score_only,9,8379.405866173507,81.37601237288436,0.009711429864184998,0.009286417369644726,55,55,0,0,0,45,45,0,0,0
20,300,2,9,0,no_residual,8,8268.837882882777,121.83424175791436,0.01473414323554728,0.014300233699868563,53,44,3,6,2,45,33,0,12,0
20,300,2,9,0,no_residual_score_only,12,8282.099533848157,107.57811653204601,0.012989232511923387,0.011883644117468804,53,53,0,0,2,44,44,0,0,1
20,300,2,10,1,no_residual,16,9989.975542441574,1021.1116546802164,0.10221362908668885,0.09492158424961185,50,36,3,11,5,41,28,0,13,4
20,300,2,10,1,no_residual_score_only,19,9892.425431975205,304.0554312011034,0.030736186316685038,0.02356167280226055,45,45,0,0,10,38,38,0,0,7
20,300,2,11,1,no_residual,12,5965.168618249997,2942.4752320663847,0.4932761201525967,0.49111098037356116,54,41,4,9,1,43,28,0,15,2
20,300,2,11,1,no_residual_score_only,17,5786.159272568903,5223.071980235339,0.9026837551805641,0.8069013399531031,51,51,0,0,4,42,42,0,0,3
20,300,2,12,1,no_residual,6,4335.602422652336,3481.007559677596,0.8028890152589371,0.8028639668206051,51,43,4,4,4,41,21,0,20,4
20,300,2,12,1,no_residual_score_only,15,4466.5759735675165,3165.0402693044844,0.7086054928953828,0.6919633739638897,54,54,0,0,1,40,40,0,0,5
20,300,2,13,1,no_residual,21,8627.584815804737,2038.5876858556649,0.23628717994417256,0.22288574792902224,49,37,3,9,6,34,22,0,12,11
20,300,2,13,1,no_residual_score_only,16,8804.906918543478,255.65050388855343,0.02903500357853227,0.023342900372109916,48,48,0,0,7,41,41,0,0,4
20,300,2,14,1,no_residual,3,6211.591290464887,2589.809203239247,0.41693168177609136,0.41693168177609136,52,42,4,6,3,43,19,0,24,2
20,300,2,14,1,no_residual_score_only,18,6362.196813163954,3409.088690160923,0.5358351510137526,0.502278004440085,53,53,0,0,2,43,43,0,0,2
20,300,2,15,1,no_residual,7,6791.364796832829,3847.0014806346326,0.5664548431308964,0.5648936573736967,54,50,4,0,1,43,20,0,23,2
20,300,2,15,1,no_residual_score_only,13,6901.931354265938,1710.5679076198294,0.24783902067680857,0.2232263213805248,52,52,0,0,3,42,42,0,0,3
20,300,2,16,1,no_residual,12,7366.595086572491,2995.195891240815,0.4065916282951845,0.3800252066710246,50,39,4,7,5,43,33,0,10,2
20,300,2,16,1,no_residual_score_only,24,7411.503484815015,991.8634385869145,0.13382756152231245,0.11323802480599346,50,50,0,0,5,39,39,0,0,6
20,300,2,17,1,no_residual,18,5260.3841970660615,464.11367135592275,0.0882280939887962,0.07450567549198167,49,41,4,4,6,44,38,0,6,1
20,300,2,17,1,no_residual_score_only,13,5379.34735524306,1595.9713845637518,0.2966849469217144,0.24308110071482789,50,50,0,0,5,43,43,0,0,2
20,300,2,18,1,no_residual,16,4911.935455067631,3394.786420267355,0.6911300955237437,0.6628439057908747,49,41,3,5,6,41,25,0,16,4
20,300,2,18,1,no_residual_score_only,12,4918.009426364026,3506.265906742762,0.7129441208361019,0.7038518431407406,50,50,0,0,5,38,38,0,0,7
20,300,2,19,1,no_residual,5,7294.13194424721,2162.5679648995156,0.2964805108310531,0.2964805108310531,52,42,3,7,3,42,20,0,22,3
20,300,2,19,1,no_residual_score_only,16,7460.16702543895,2551.356951714311,0.3419972961750399,0.32755189206948127,52,52,0,0,3,42,42,0,0,3
20,300,2,20,2,no_residual,13,9095.506369821267,438.15865156254404,0.04817309050723628,0.044479107061908885,55,51,4,0,0,45,45,0,0,0
20,300,2,20,2,no_residual_score_only,18,9080.320982084371,3835.074548245011,0.4223501080866721,0.40053748677900947,55,55,0,0,0,45,45,0,0,0
20,300,2,21,2,no_residual,15,4992.142765378188,4042.373907820982,0.8097472563997766,0.8008421129819299,55,51,4,0,0,45,45,0,0,0
20,300,2,21,2,no_residual_score_only,15,5070.768823651419,4335.305248715173,0.854960144996978,0.8486594336339911,55,55,0,0,0,45,45,0,0,0
20,300,2,22,2,no_residual,15,4258.717050563414,2914.7930789664624,0.6844298516100864,0.6520063216994213,55,51,4,0,0,45,45,0,0,0
20,300,2,22,2,no_residual_score_only,22,4099.161929242043,3588.9679443586474,0.8755370015407679,0.8475921401148869,55,55,0,0,0,45,45,0,0,0
20,300,2,23,2,no_residual,15,4646.094253718673,1194.27267397255,0.25704874002861,0.23493702438586347,55,51,4,0,0,45,45,0,0,0
20,300,2,23,2,no_residual_score_only,17,4755.414214787325,2146.4358155081873,0.4513667408474493,0.4176901023932413,55,55,0,0,0,45,45,0,0,0
20,300,2,24,2,no_residual,18,5765.095236808499,1242.4766815430758,0.21551711298890855,0.20206499791477844,54,51,3,0,1,45,45,0,0,0
20,300,2,24,2,no_residual_score_only,14,5629.581730261207,1008.412065749041,0.17912735156298223,0.166955499014442,54,54,0,0,1,45,45,0,0,0
20,300,2,25,2,no_residual,16,5776.146172508925,267.27837244479383,0.04627278542861025,0.040378866560292395,55,51,4,0,0,45,45,0,0,0
20,300,2,25,2,no_residual_score_only,17,6072.313903422239,3308.9957334315104,0.5449316003849248,0.5380327672247807,55,55,0,0,0,45,45,0,0,0
20,300,2,26,2,no_residual,23,1568.30433098809,977.9113964683002,0.6235469590600312,0.5432901249433771,55,51,4,0,0,45,45,0,0,0
20,300,2,26,2,no_residual_score_only,19,1842.5636236726568,1562.7539096477758,0.8481410842860583,0.7343434025523896,55,55,0,0,0,45,45,0,0,0
20,300,2,27,2,no_residual,15,5237.45863492299,4806.645814720328,0.9177439192874892,0.8776286866130433,55,51,4,0,0,45,45,0,0,0
20,300,2,27,2,no_residual_score_only,21,5481.334237721432,3447.1108669108653,0.6288817133588656,0.6087889378383348,55,55,0,0,0,45,45,0,0,0
20,300,2,28,2,no_residual,17,4502.7166051450495,1630.9523699322851,0.36221519428264043,0.32783878137637507,55,51,4,0,0,45,45,0,0,0
20,300,2,28,2,no_residual_score_only,14,4311.463415609513,2000.0237817875282,0.46388513342047794,0.4154616516316402,55,55,0,0,0,45,45,0,0,0
20,300,2,29,2,no_residual,13,5668.116269600163,282.81603673255086,0.049895948368134144,0.0348420783378781,55,51,4,0,0,45,45,0,0,0
20,300,2,29,2,no_residual_score_only,10,6322.605588357589,2301.7333136803227,0.3640482205498824,0.3588940038156911,55,55,0,0,0,45,45,0,0,0
20,300,3,0,0,no_residual,25,1.8191680464984756,0.38092717051961245,0.20939636184398627,0.1646082126388884,19,5,0,14,36,42,27,0,15,3
20,300,3,0,0,no_residual_score_only,32,1.8136851336337259,0.3566481043762906,0.19664278973370894,0.12759826017002013,21,21,0,0,34,36,36,0,0,9
20,300,3,1,0,no_residual,24,2.2097328368073477,0.2382954223780871,0.10783901945466837,0.08494724954146654,20,7,1,12,35,44,24,0,20,1
20,300,3,1,0,no_residual_score_only,27,2.2716327583776774,0.23023625716086826,0.1013527632544334,0.07758754169815284,24,24,0,0,31,38,38,0,0,7
20,300,3,2,0,no_residual,26,2.365092394928638,0.2672981925311433,0.11301807620890367,0.08345576850427837,30,10,1,19,25,39,24,0,15,6
20,300,3,2,0,no_residual_score_only,47,2.6169048972798237,0.3456426191904711,0.13208069561479055,0.0645743011873984,25,25,0,0,30,39,39,0,0,6
20,300,3,3,0,no_residual,0,2.278277199277454,0.0,0.0,0.0,19,3,1,15,36,30,0,0,30,15
20,300,3,3,0,no_residual_score_only,37,2.4097129510706736,0.27542653152465846,0.11429848165204992,0.06961060055462553,16,16,0,0,39,36,36,0,0,9
20,300,3,4,0,no_residual,15,2.2883434309503627,0.18988226260296415,0.08297804430697052,0.05937018117540994,20,2,1,17,35,37,19,0,18,8
20,300,3,4,0,no_residual_score_only,25,2.3822357650612958,0.35888685008160337,0.15065127278549154,0.09004801746673419,18,18,0,0,37,37,37,0,0,8
20,300,3,5,0,no_residual,16,2.0803484874716105,0.12087423897935423,0.05810288021804508,0.03983547885093592,28,4,2,22,27,34,19,0,15,11
20,300,3,5,0,no_residual_score_only,36,2.261026405011762,0.4758406942618194,0.21045339992804907,0.13869984691987716,25,25,0,0,30,37,37,0,0,8
20,300,3,6,0,no_residual,23,2.3309725249196163,0.3636152868252793,0.15599295270021196,0.09458408793859872,24,8,0,16,31,35,21,0,14,10
20,300,3,6,0,no_residual_score_only,42,2.4909228719673138,0.5163662092290906,0.20729915608397306,0.13297502602355926,19,19,0,0,36,40,40,0,0,5
20,300,3,7,0,no_residual,23,2.716355297937298,0.5657544316205758,0.20827703653133642,0.1706593399893253,32,13,0,19,23,36,23,0,13,9
20,300,3,7,0,no_residual_score_only,46,2.985025537952424,1.0088660485592982,0.33797568420514384,0.22783565986335597,33,33,0,0,22,41,41,0,0,4
20,300,3,8,0,no_residual,2,2.423809286767664,0.09923503402649203,0.040941766568948816,0.040941766568948816,25,11,1,13,30,29,0,0,29,16
20,300,3,8,0,no_residual_score_only,31,2.7510024861659303,0.6408376837349579,0.2329469664086319,0.18333895189955038,28,28,0,0,27,35,35,0,0,10
20,300,3,9,0,no_residual,19,2.276151120541158,0.2628732495525128,0.11549024455371588,0.09446528406732164,19,3,0,16,36,39,21,0,18,6
20,300,3,9,0,no_residual_score_only,44,2.5459335745058524,0.6155118888742663,0.241762744730578,0.17271304423774317,23,23,0,0,32,40,40,0,0,5
20,300,3,10,1,no_residual,45,1.8894473638513318,1.4939169645434731,0.790663446426137,0.6159743971103038,44,28,4,12,11,45,42,0,3,0
20,300,3,10,1,no_residual_score_only,58,1.9154906761981465,1.7944835078751566,0.9368270648212373,0.5928093411680643,45,45,0,0,10,44,44,0,0,1
20,300,3,11,1,no_residual,32,2.1712328920918935,0.992428835543592,0.45708078537232716,0.28692375051517116,44,23,1,20,11,44,21,0,23,1
20,300,3,11,1,no_residual_score_only,62,2.3584154600323473,1.758808931194494,0.745758735473338,0.43147754932675514,45,45,0,0,10,45,45,0,0,0
20,300,3,12,1,no_residual,44,1.434542222272853,1.3757349861173225,0.9590062702634449,0.7347380427410328,48,26,4,18,7,45,39,0,6,0
20,300,3,12,1,no_residual_score_only,66,1.4225515311615027,1.3559308653864264,0.9531681880650882,0.6353677157433628,52,52,0,0,3,45,45,0,0,0
20,300,3,13,1,no_residual,36,0.745704092171195,0.745704092171195,1.0,0.556610443159776,53,39,4,10,2,45,39,0,6,0
20,300,3,13,1,no_residual_score_only,47,0.8566549234407148,0.8026176853413745,0.9369206472516352,0.4845545436018019,46,46,0,0,9,45,45,0,0,0
20,300,3,14,1,no_residual,25,2.0288436205288463,0.6797019906127844,0.3350194089555363,0.2671864332504142,32,15,3,14,23,40,21,0,19,5
20,300,3,14,1,no_residual_score_only,57,2.2444098318726446,2.146804965617548,0.9565120127041775,0.6093689872499514,43,43,0,0,12,44,44,0,0,1
20,300,3,15,1,no_residual,34,2.4810118436297444,0.960893006644369,0.3872988390247155,0.24081147418428475,39,17,2,20,16,45,32,0,13,0
20,300,3,15,1,no_residual_score_only,43,2.60527561644858,1.5916843566275247,0.6109466294384825,0.351629367701842,36,36,0,0,19,43,43,0,0,2
20,300,3,16,1,no_residual,38,2.1043352029641937,1.669818401873954,0.7935135046554495,0.62366611184624,51,29,4,18,4,44,34,0,10,1
20,300,3,16,1,no_residual_score_only,55,2.207822373360159,1.617497712457407,0.7326213068471097,0.5341252462544017,48,48,0,0,7,45,45,0,0,0
20,300,3,17,1,no_residual,44,1.9655046918101107,1.7232355414587346,0.8767394698364923,0.7146302465514252,48,29,4,15,7,45,39,0,6,0
20,300,3,17,1,no_residual_score_only,35,1.9562103847972594,1.7107127808068299,0.8745034757517286,0.663053332162319,47,47,0,0,8,45,45,0,0,0
20,300,3,18,1,no_residual,38,2.105464101653638,1.82253516935873,0.8656215833493932,0.6087828023778924,43,29,4,10,12,45,33,0,12,0
20,300,3,18,1,no_residual_score_only,52,2.134283113875995,1.9154101746017886,0.8974489664228665,0.6334976278912816,47,47,0,0,8,45,45,0,0,0
20,300,3,19,1,no_residual,41,1.8586940444417905,1.8586940444417905,1.0,0.7593189453410193,54,35,4,15,1,44,33,0,11,1
20,300,3,19,1,no_residual_score_only,60,1.837072514438546,1.8088045240406245,0.9846124798146246,0.670460857356481,49,49,0,0,6,45,45,0,0,0
20,300,3,20,2,no_residual,54,2.2569628754704354,1.511129142652294,0.6695409831840137,0.3907673209086592,55,51,4,0,0,45,45,0,0,0
20,300,3,20,2,no_residual_score_only,59,1.9404742188231694,1.6474621073907656,0.8489997400686388,0.5583408150287684,55,55,0,0,0,45,45,0,0,0
20,300,3,21,2,no_residual,63,2.466467753340794,2.3641246776106755,0.9585062178122961,0.5576748617190393,55,51,4,0,0,45,45,0,0,0
20,300,3,21,2,no_residual_score_only,60,2.756017485624511,2.756017485624511,1.0,0.6985258330456491,55,55,0,0,0,45,45,0,0,0
20,300,3,22,2,no_residual,57,2.464422824172402,2.0437571714164733,0.8293045947189699,0.5545991118670559,54,50,3,1,1,45,45,0,0,0
20,300,3,22,2,no_residual_score_only,64,2.4285290373264843,2.4285290373264843,1.0,0.7671929041414826,55,55,0,0,0,45,45,0,0,0
20,300,3,23,2,no_residual,65,1.7379509360289376,1.7379509360289376,1.0,0.6673963725339224,55,51,4,0,0,45,45,0,0,0
20,300,3,23,2,no_residual_score_only,33,1.688024458792711,1.688024458792711,1.0,0.8475576210713818,55,55,0,0,0,45,45,0,0,0
20,300,3,24,2,no_residual,56,1.9608872130578447,1.9319911709515054,0.9852637918622161,0.5799918974299609,55,51,4,0,0,45,45,0,0,0
20,300,3,24,2,no_residual_score_only,59,1.894087243724357,1.894087243724357,1.0,0.6295333098935885,55,55,0,0,0,45,45,0,0,0
20,300,3,25,2,no_residual,53,1.942252699214464,1.9144571778293766,0.9856890293439524,0.6849933374711914,55,51,4,0,0,45,45,0,0,0
20,300,3,25,2,no_residual_score_only,51,2.098048307305021,2.098048307305021,1.0,0.7479658522508356,55,55,0,0,0,45,45,0,0,0
20,300,3,26,2,no_residual,62,2.4511991007856295,1.8447201018054784,0.7525786465955501,0.501986899880158,55,51,4,0,0,45,45,0,0,0
20,300,3,26,2,no_residual_score_only,54,2.3284558700581783,1.8907237160501609,0.8120075369961466,0.6297482801212162,55,55,0,0,0,45,45,0,0,0
20,300,3,27,2,no_residual,53,1.8749188848355516,1.8749188848355516,1.0,0.6532382454654428,55,51,4,0,0,45,45,0,0,0
20,300,3,27,2,no_residual_score_only,55,1.9733139768025012,1.9119043955113284,0.9688799744931219,0.5910774828972087,55,55,0,0,0,45,45,0,0,0
20,300,3,28,2,no_residual,57,2.629753076547672,2.2790416708240855,0.8666371345464879,0.6317020772511056,55,51,4,0,0,45,45,0,0,0
20,300,3,28,2,no_residual_score_only,56,2.6576823656655506,2.4753176526681955,0.9313820510105667,0.5634574142895836,55,55,0,0,0,45,45,0,0,0
20,300,3,29,2,no_residual,54,2.455973526136745,2.0271241495436243,0.8253851794291519,0.3764268136647744,55,51,4,0,0,45,45,0,0,0
20,300,3,29,2,no_residual_score_only,57,2.3795225305577787,2.3795225305577787,1.0,0.7352528945879775,55,55,0,0,0,45,45,0,0,0
20,300,4,0,0,no_residual,1,272.5547953829089,7.4272064912725,0.027250324034248267,0.027250324034248267,49,37,4,8,6,45,35,0,10,0
20,300,4,0,0,no_residual_score_only,1,318.3269731913351,5.160201832234634,0.016210381987118064,0.016210381987118064,46,46,0,0,9,44,44,0,0,1
20,300,4,1,0,no_residual,0,295.200867356112,0.0,0.0,0.0,51,31,4,16,4,45,38,0,7,0
20,300,4,1,0,no_residual_score_only,7,395.67541186914775,222.21526648924726,0.5616099960306231,0.5529976463093879,51,51,0,0,4,43,43,0,0,2
20,300,4,2,0,no_residual,1,307.16881579706046,33.58285306373705,0.10933028138482809,0.10933028138482809,48,32,4,12,7,45,39,0,6,0
20,300,4,2,0,no_residual_score_only,10,307.0163209463972,126.5176333028312,0.4120876470437553,0.38888798778651634,44,44,0,0,11,44,44,0,0,1
20,300,4,3,0,no_residual,6,444.12940912221313,96.70390715882024,0.2177381303119465,0.21521256881868842,49,32,2,15,6,45,45,0,0,0
20,300,4,3,0,no_residual_score_only,2,349.0767704962243,29.75308618982376,0.08523364687810293,0.08523364687810293,46,46,0,0,9,45,45,0,0,0
20,300,4,4,0,no_residual,5,232.17140966807528,86.9005345493656,0.37429472764800487,0.37429472764800487,54,48,3,3,1,45,42,0,3,0
20,300,4,4,0,no_residual_score_only,2,207.38465607273088,4.4493957579766175,0.021454797294242402,0.021454797294242402,51,51,0,0,4,45,45,0,0,0
20,300,4,5,0,no_residual,0,216.8672931186702,0.0,0.0,0.0,52,36,3,13,3,45,40,0,5,0
20,300,4,5,0,no_residual_score_only,2,230.9331566621354,22.18218199284138,0.09605455671008219,0.09605455671008219,50,50,0,0,5,45,45,0,0,0
20,300,4,6,0,no_residual,1,322.3341932747194,0.6066724932857142,0.0018821226725042434,0.0018821226725042434,54,41,4,9,1,45,44,0,1,0
20,300,4,6,0,no_residual_score_only,11,343.3025549748545,135.67120835735113,0.3951942867634308,0.33873670549712687,54,54,0,0,1,45,45,0,0,0
20,300,4,7,0,no_residual,2,322.0213626222685,32.56433357862875,0.10112476176565577,0.10112476176565577,52,37,4,11,3,44,40,0,4,1
20,300,4,7,0,no_residual_score_only,1,397.69001027436775,120.82993180407766,0.30382943670301565,0.30382943670301565,44,44,0,0,11,45,45,0,0,0
20,300,4,8,0,no_residual,3,274.7238104354724,41.5335386694062,0.15118288656367362,0.15118288656367362,52,37,3,12,3,45,38,0,7,0
20,300,4,8,0,no_residual_score_only,1,259.1694128759714,71.56887065435171,0.2761470570935076,0.2761470570935076,46,46,0,0,9,45,45,0,0,0
20,300,4,9,0,no_residual,2,330.3745575444191,6.100839275863336,0.01846643192263095,0.01846643192263095,50,33,4,13,5,44,29,0,15,1
20,300,4,9,0,no_residual_score_only,3,409.0841180332038,106.63228092556255,0.26066101377445217,0.26066101377445217,55,55,0,0,0,42,42,0,0,3
20,300,4,10,1,no_residual,6,171.07654507312395,92.92634303293107,0.5431857592939534,0.5384245742186835,55,43,4,8,0,42,31,0,11,3
20,300,4,10,1,no_residual_score_only,3,224.20831430491762,75.88817247777592,0.338471714187057,0.338471714187057,49,49,0,0,6,42,42,0,0,3
20,300,4,11,1,no_residual,5,291.9399096585521,131.1449772652411,0.4492190787433825,0.4492190787433825,52,44,4,4,3,44,28,0,16,1
20,300,4,11,1,no_residual_score_only,4,217.89478709703212,114.87065406587953,0.5271840395829468,0.5271840395829468,51,51,0,0,4,36,36,0,0,9
20,300,4,12,1,no_residual,7,330.9672671342712,265.0680997046459,0.800889169493337,0.7675196169760531,52,34,4,14,3,44,42,0,2,1
20,300,4,12,1,no_residual_score_only,2,228.35379538456823,98.35713982641414,0.4307225971907842,0.4307225971907842,49,49,0,0,6,42,42,0,0,3
20,300,4,13,1,no_residual,5,232.83554346078836,68.43913580449112,0.2939376642725379,0.2939376642725379,55,44,4,7,0,44,27,0,17,1
20,300,4,13,1,no_residual_score_only,9,279.4566169233308,190.93436941195773,0.6832343836193393,0.6540428463315633,49,49,0,0,6,42,42,0,0,3
20,300,4,14,1,no_residual,6,273.520648918329,124.1813593542413,0.4540109123217268,0.45072297046060394,53,32,4,17,2,42,26,0,16,3
20,300,4,14,1,no_residual_score_only,10,282.5760448880201,174.97465651785046,0.6192126320799409,0.5504442949842038,54,54,0,0,1,45,45,0,0,0
20,300,4,15,1,no_residual,0,234.29849371599016,0.0,0.0,0.0,43,22,3,18,12,35,20,0,15,10
20,300,4,15,1,no_residual_score_only,6,275.3066431705231,203.9750574248103,0.7409013276096992,0.7360740884057402,51,51,0,0,4,42,42,0,0,3
20,300,4,16,1,no_residual,4,396.439221073678,58.79766640763046,0.14831445347003883,0.14831445347003883,46,34,3,9,9,40,28,0,12,5
20,300,4,16,1,no_residual_score_only,3,314.21735344613467,22.545340774065835,0.07175078182921146,0.07175078182921146,50,50,0,0,5,39,39,0,0,6
20,300,4,17,1,no_residual,3,167.40369217340503,4.693658526625313,0.028037962996439705,0.028037962996439705,46,23,4,19,9,43,29,0,14,2
20,300,4,17,1,no_residual_score_only,3,266.8907404920142,52.921477138853106,0.1982889216811799,0.1982889216811799,47,47,0,0,8,33,33,0,0,12
20,300,4,18,1,no_residual,0,217.5574214518665,0.0,0.0,0.0,43,20,4,19,12,40,24,0,16,5
20,300,4,18,1,no_residual_score_only,5,249.3918426153723,231.32070152803294,0.9275391652837266,0.9275391652837266,51,51,0,0,4,41,41,0,0,4
20,300,4,19,1,no_residual,5,192.9575085140582,39.88383719401918,0.2066975133601157,0.2066975133601157,43,27,4,12,12,33,24,0,9,12
20,300,4,19,1,no_residual_score_only,6,190.93522570995856,149.3077815164138,0.7819813288053027,0.7766827856220525,50,50,0,0,5,43,43,0,0,2
20,300,4,20,2,no_residual,2,269.03096845382333,28.66251686950727,0.10653984199007531,0.10653984199007531,55,51,4,0,0,45,45,0,0,0
20,300,4,20,2,no_residual_score_only,5,294.8247322887196,155.730737543955,0.5282146322495397,0.5282146322495397,55,55,0,0,0,45,45,0,0,0
20,300,4,21,2,no_residual,1,199.0695661412617,75.61521484671152,0.37984316896061465,0.37984316896061465,55,49,4,2,0,45,45,0,0,0
20,300,4,21,2,no_residual_score_only,9,363.87509586193244,222.50325378742048,0.6114825013247028,0.5725892017423071,54,54,0,0,1,45,45,0,0,0
20,300,4,22,2,no_residual,13,217.58060644514399,175.82033801041052,0.8080698959479093,0.7350878672098389,55,50,4,1,0,45,45,0,0,0
20,300,4,22,2,no_residual_score_only,5,147.05503085464602,105.76667430651673,0.7192319344114106,0.7192319344114106,55,55,0,0,0,45,45,0,0,0
20,300,4,23,2,no_residual,2,266.43689039710875,22.739731056798973,0.08534753210378158,0.08534753210378158,55,51,4,0,0,45,45,0,0,0
20,300,4,23,2,no_residual_score_only,1,221.5575955113036,15.878825884429261,0.07166906576948812,0.07166906576948812,55,55,0,0,0,45,45,0,0,0
20,300,4,24,2,no_residual,4,331.94267508721373,118.48209143419672,0.3569353997736719,0.3569353997736719,55,49,4,2,0,45,45,0,0,0
20,300,4,24,2,no_residual_score_only,6,296.1111997606931,80.06198237019953,0.27037809591431483,0.2700624940300054,54,54,0,0,1,45,45,0,0,0
20,300,4,25,2,no_residual,11,283.7193197876803,64.57051718107027,0.22758590155013497,0.17364714647506915,55,51,4,0,0,45,45,0,0,0
20,300,4,25,2,no_residual_score_only,7,278.7984409263786,107.00723481155137,0.3838157575630361,0.3537841389645973,55,55,0,0,0,45,45,0,0,0
20,300,4,26,2,no_residual,7,320.42533021785835,69.23561454311994,0.21607409906091504,0.2138448128823335,55,48,4,3,0,45,45,0,0,0
20,300,4,26,2,no_residual_score_only,5,260.2173078261999,45.63935074117353,0.17538937406752445,0.17538937406752445,55,55,0,0,0,45,45,0,0,0
20,300,4,27,2,no_residual,4,287.95356874345225,33.26557800174692,0.11552410392727018,0.11552410392727018,55,49,4,2,0,45,45,0,0,0
20,300,4,27,2,no_residual_score_only,7,330.980408940565,219.04829361697807,0.6618164933632465,0.6353404648731061,54,54,0,0,1,45,45,0,0,0
20,300,4,28,2,no_residual,6,241.61050488883188,223.48818484619028,0.9249936584877387,0.9112148846910965,55,51,4,0,0,45,45,0,0,0
20,300,4,28,2,no_residual_score_only,7,121.01177382666697,57.11678063217323,0.47199358232683464,0.4666387400703133,55,55,0,0,0,45,45,0,0,0
20,300,4,29,2,no_residual,4,272.4330080940158,84.18848084259162,0.3090245247137543,0.3090245247137543,55,50,4,1,0,45,44,0,1,0
20,300,4,29,2,no_residual_score_only,3,218.30646249625102,72.00009045327329,0.32981199745522766,0.32981199745522766,55,55,0,0,0,45,45,0,0,0
20,300,5,0,0,no_residual,5,31.85741921512158,1.0930926236131882,0.0343120268541507,0.0343120268541507,47,28,2,17,8,39,26,0,13,6
20,300,5,0,0,no_residual_score_only,6,32.173793542305475,0.903681238931199,0.028087494181963473,0.028074121376824357,46,46,0,0,9,44,44,0,0,1
20,300,5,1,0,no_residual,2,24.869111144911813,0.06876500919804585,0.0027650770788450584,0.0027650770788450584,44,31,3,10,11,36,14,0,22,9
20,300,5,1,0,no_residual_score_only,6,25.844601912677263,1.6133148400301707,0.06242366763787564,0.062281991501520625,41,41,0,0,14,42,42,0,0,3
20,300,5,2,0,no_residual,3,31.739634996775976,1.1401188399237299,0.035920981449205074,0.035920981449205074,44,31,3,10,11,41,20,0,21,4
20,300,5,2,0,no_residual_score_only,10,32.268626304327654,1.9728116843606358,0.06113714497031612,0.051304722692345456,46,46,0,0,9,43,43,0,0,2
20,300,5,3,0,no_residual,4,30.5178439909472,0.28754246072458045,0.009422109268593054,0.009422109268593054,45,26,4,15,10,44,25,0,19,1
20,300,5,3,0,no_residual_score_only,17,30.67945656877589,0.8397566170618802,0.027371952145871615,0.015372640481551908,44,44,0,0,11,45,45,0,0,0
20,300,5,4,0,no_residual,7,25.419555904537447,2.7306028605687516,0.1074213440558705,0.10353370344671903,48,35,3,10,7,38,23,0,15,7
20,300,5,4,0,no_residual_score_only,21,26.31476968260381,5.227927698024928,0.19866895135628,0.1470150453432111,46,46,0,0,9,42,42,0,0,3
20,300,5,5,0,no_residual,7,31.22108216060576,0.974623334103967,0.0312168338397229,0.030673153843039827,45,33,3,9,10,40,21,0,19,5
20,300,5,5,0,no_residual_score_only,8,31.352378388680904,1.4622461465231709,0.04663908199867488,0.044387907966416916,48,48,0,0,7,44,44,0,0,1
20,300,5,6,0,no_residual,2,21.18331770208806,0.8008427699443246,0.037805351418837695,0.037805351418837695,49,40,4,5,6,41,34,0,7,4
20,300,5,6,0,no_residual_score_only,8,21.306176437529984,3.934825991948969,0.1846800623042776,0.1766429931493525,54,54,0,0,1,45,45,0,0,0
20,300,5,7,0,no_residual,2,31.515877867897075,0.4438572551813422,0.014083607540358799,0.014083607540358799,49,34,3,12,6,43,23,0,20,2
20,300,5,7,0,no_residual_score_only,10,33.7555621290071,0.8793777714868156,0.026051344312561207,0.023016211327215843,43,43,0,0,12,45,45,0,0,0
20,300,5,8,0,no_residual,6,23.673998066791228,1.1305543089578123,0.04775510692229466,0.04707209774311998,52,38,4,10,3,44,40,0,4,1
20,300,5,8,0,no_residual_score_only,4,23.45722298584883,1.4714370615276948,0.06272852768698907,0.06272852768698907,55,55,0,0,0,45,45,0,0,0
20,300,5,9,0,no_residual,3,31.114615873619528,5.691514835302655,0.1829209416699949,0.1829209416699949,50,39,3,8,5,40,23,0,17,5
20,300,5,9,0,no_residual_score_only,7,30.18274795050968,3.380079771892838,0.11198714502188858,0.11123069592569246,44,44,0,0,11,42,42,0,0,3
20,300,5,10,1,no_residual,6,29.60422957611911,3.332939050143068,0.11258320509822202,0.10500708640758373,42,26,4,12,13,36,11,0,25,9
20,300,5,10,1,no_residual_score_only,17,29.551751650786287,5.101136964103944,0.17261707611732102,0.1425734315444125,41,41,0,0,14,37,37,0,0,8
20,300,5,11,1,no_residual,14,27.731483453027636,2.3055921288804484,0.08313987720078968,0.07019591600551729,45,26,4,15,10,41,22,0,19,4
20,300,5,11,1,no_residual_score_only,26,26.037296033378993,13.567502290348557,0.5210795419368988,0.4646871192879837,47,47,0,0,8,41,41,0,0,4
20,300,5,12,1,no_residual,2,35.536448520925774,0.9350829371563805,0.02631334801522874,0.02631334801522874,40,28,4,8,15,38,17,0,21,7
20,300,5,12,1,no_residual_score_only,7,36.07085114755057,4.4032734409864815,0.12207290099627967,0.11986342037210895,40,40,0,0,15,32,32,0,0,13
20,300,5,13,1,no_residual,12,17.40515037122418,14.104356906032876,0.8103553606380509,0.7881327257113198,44,25,4,15,11,39,23,0,16,6
20,300,5,13,1,no_residual_score_only,22,16.515791380396422,16.405825982772285,0.9933418026971047,0.9042578568824368,50,50,0,0,5,39,39,0,0,6
20,300,5,14,1,no_residual,10,31.973158048863297,11.02215311707198,0.3447314494310279,0.3397460489233263,47,36,4,7,8,42,29,0,13,3
20,300,5,14,1,no_residual_score_only,7,33.62004652976725,7.7084348049985465,0.22928090828706868,0.21469396777545785,44,44,0,0,11,44,44,0,0,1
20,300,5,15,1,no_residual,3,26.731561954830454,1.0295109109813438,0.03851293511097315,0.03851293511097315,45,28,3,14,10,40,25,0,15,5
20,300,5,15,1,no_residual_score_only,12,27.382031142288383,7.498895292904308,0.27386190797669246,0.2697047718236495,39,39,0,0,16,38,38,0,0,7
20,300,5,16,1,no_residual,7,30.435085870104217,1.5097198477053553,0.04960458643516834,0.04909414488413135,39,24,4,11,16,44,23,0,21,1
20,300,5,16,1,no_residual_score_only,13,29.5174128302059,23.654681074600944,0.8013805685027559,0.7303649822367779,47,47,0,0,8,43,43,0,0,2
20,300,5,17,1,no_residual,17,16.101960388651037,11.39243028493263,0.707518215792049,0.6682664026955573,47,29,4,14,8,39,23,0,16,6
20,300,5,17,1,no_residual_score_only,15,13.921222722190237,13.481910271241304,0.968442969434813,0.7537693018013788,51,51,0,0,4,40,40,0,0,5
20,300,5,18,1,no_residual,2,29.67619746504397,0.2637631187736815,0.008888036248052737,0.008888036248052737,41,24,4,13,14,36,21,0,15,9
20,300,5,18,1,no_residual_score_only,3,29.18598726236985,1.9330970081302894,0.06623373712708615,0.06623373712708615,42,42,0,0,13,38,38,0,0,7
20,300,5,19,1,no_residual,11,26.0241922654061,3.3647958093424677,0.1292949181679419,0.12331364933464074,49,31,4,14,6,37,25,0,12,8
20,300,5,19,1,no_residual_score_only,17,25.67462618635875,3.7750192726349496,0.14703307636239957,0.10735563572342342,41,41,0,0,14,33,33,0,0,12
20,300,5,20,2,no_residual,11,23.931592660562842,6.204579336694337,0.2592631182010271,0.2398537502776021,55,51,4,0,0,45,45,0,0,0
20,300,5,20,2,no_residual_score_only,10,26.41125051369204,8.467404484604799,0.3205983934844415,0.2529684094285762,55,55,0,0,0,45,45,0,0,0
20,300,5,21,2,no_residual,14,24.243599158318034,3.996995355713352,0.16486806804599283,0.14217704096291703,55,51,4,0,0,45,45,0,0,0
20,300,5,21,2,no_residual_score_only,20,24.084026024871605,6.250783997248959,0.2595406594725386,0.23317819635332504,55,55,0,0,0,45,45,0,0,0
20,300,5,22,2,no_residual,17,25.181996803993684,9.504491611140793,0.3774320076807193,0.25908732508329396,55,51,4,0,0,45,45,0,0,0
20,300,5,22,2,no_residual_score_only,14,24.41089377386686,6.586505298388943,0.2698182770120503,0.21802894106479334,55,55,0,0,0,45,45,0,0,0
20,300,5,23,2,no_residual,13,25.642708794227474,8.312362652603724,0.3241608645680581,0.30796971216468433,54,51,3,0,1,45,45,0,0,0
20,300,5,23,2,no_residual_score_only,17,25.390268852976078,5.204778093695381,0.20499105873332696,0.1725954770347446,54,54,0,0,1,45,45,0,0,0
20,300,5,24,2,no_residual,10,32.317515875745016,3.950625095162991,0.12224408306481313,0.11093558138333257,54,51,3,0,1,45,45,0,0,0
20,300,5,24,2,no_residual_score_only,12,32.085806276186986,2.564055261359499,0.07991244599835583,0.06940968882665131,54,54,0,0,1,45,45,0,0,0
20,300,5,25,2,no_residual,16,28.89377121029429,12.401110653038586,0.4291966792005438,0.3644648192940921,55,50,4,1,0,45,45,0,0,0
20,300,5,25,2,no_residual_score_only,15,27.99716300084333,4.392720321533716,0.15689876582857337,0.1376000381464556,54,54,0,0,1,45,45,0,0,0
20,300,5,26,2,no_residual,10,26.22599251007864,2.777930679067481,0.10592280456115905,0.09936110716707534,55,51,4,0,0,45,45,0,0,0
20,300,5,26,2,no_residual_score_only,22,26.824233945835317,11.560872513552795,0.4309861201217161,0.3829522982832119,55,55,0,0,0,45,45,0,0,0
20,300,5,27,2,no_residual,10,33.5434414128714,8.793822387131058,0.2621621997245835,0.24399120203641156,55,50,4,1,0,45,45,0,0,0
20,300,5,27,2,no_residual_score_only,16,34.28096102438178,9.402985128392288,0.274291759840238,0.2346490161504554,55,55,0,0,0,45,45,0,0,0
20,300,5,28,2,no_residual,10,24.677424612059212,2.2554587161454265,0.09139765399357122,0.07955537333738846,55,51,4,0,0,45,45,0,0,0
20,300,5,28,2,no_residual_score_only,14,22.894977697144896,5.393064680481302,0.23555666888261878,0.20645471938644863,55,55,0,0,0,45,45,0,0,0
20,300,5,29,2,no_residual,7,28.99993766724367,1.9283692142901145,0.06649563307400717,0.06568303891841062,55,51,4,0,0,45,45,0,0,0
20,300,5,29,2,no_residual_score_only,11,29.30726552471549,3.6382545633073278,0.12414172725323365,0.11716369981924045,55,55,0,0,0,45,45,0,0,0
20,300,6,0,0,no_residual,18,10564950476.3713,2072315271.0478296,0.19615002225354483,0.1779972410740641,49,34,3,12,6,43,28,0,15,2
20,300,6,0,0,no_residual_score_only,16,11112862433.709913,3683013684.597983,0.33141899367222233,0.304174228232197,54,54,0,0,1,43,43,0,0,2
20,300,6,1,0,no_residual,19,8632039439.881933,2419747350.88805,0.28032162824792967,0.22776401508881974,48,32,3,13,7,43,37,0,6,2
20,300,6,1,0,no_residual_score_only,21,9114566990.022795,2923035621.642127,0.320699340390148,0.2815245544609468,48,48,0,0,7,35,35,0,0,10
20,300,6,2,0,no_residual,5,6147714104.308624,333696168.949968,0.054279714913238575,0.054279714913238575,52,38,4,10,3,45,33,0,12,0
20,300,6,2,0,no_residual_score_only,13,6344304560.19762,498520676.28368926,0.07857767097299641,0.06982742383303038,51,51,0,0,4,38,38,0,0,7
20,300,6,3,0,no_residual,13,9766269797.12302,4853476144.609499,0.49696314411048237,0.4853058214724824,46,29,3,14,9,42,38,0,4,3
20,300,6,3,0,no_residual_score_only,17,9682663548.54998,2207103738.038583,0.2279438634805302,0.21278913361471494,43,43,0,0,12,36,36,0,0,9
20,300,6,4,0,no_residual,7,12599945882.628765,3655683826.278085,0.2901348831440686,0.2896310901849994,52,38,4,10,3,41,17,0,24,4
20,300,6,4,0,no_residual_score_only,11,12546588107.743237,4056694250.851029,0.32333047167997847,0.31641320420108837,47,47,0,0,8,38,38,0,0,7
20,300,6,5,0,no_residual,16,6845846544.6913395,146555547.47787982,0.021407951013965885,0.011767350778636589,44,32,2,10,11,40,32,0,8,5
20,300,6,5,0,no_residual_score_only,13,6901227063.727798,426473095.5394881,0.06179670536867141,0.05094185921030094,50,50,0,0,5,44,44,0,0,1
20,300,6,6,0,no_residual,18,5772534317.615628,460630349.4505657,0.07979690099804053,0.04815150134971628,53,41,4,8,2,40,27,0,13,5
20,300,6,6,0,no_residual_score_only,12,6265338672.239183,2601702365.7630935,0.41525326911550103,0.40498658204554583,46,46,0,0,9,36,36,0,0,9
20,300,6,7,0,no_residual,2,5653467017.390955,1392816509.5114584,0.24636501906298125,0.24636501906298125,53,41,4,8,2,41,25,0,16,4
20,300,6,7,0,no_residual_score_only,9,5832433791.239502,2148479440.0244355,0.368367566083908,0.3668502477361893,50,50,0,0,5,39,39,0,0,6
20,300,6,8,0,no_residual,12,4965045074.314402,1473092614.007683,0.2966926970368129,0.2781787929038118,52,38,4,10,3,45,33,0,12,0
20,300,6,8,0,no_residual_score_only,10,5293708293.981414,2605711928.944903,0.4922280912054448,0.47530523413096576,53,53,0,0,2,42,42,0,0,3
20,300,6,9,0,no_residual,17,10673788238.95311,2030538943.2887435,0.1902360153519309,0.17379728524759758,52,38,4,10,3,44,35,0,9,1
20,300,6,9,0,no_residual_score_only,10,10836009732.268648,1422478721.1707084,0.13127329675006627,0.12284718589966025,50,50,0,0,5,43,43,0,0,2
20,300,6,10,1,no_residual,19,7044929963.145744,5295746282.772785,0.7517102810782376,0.6307441304280333,53,44,4,5,2,41,32,0,9,4
20,300,6,10,1,no_residual_score_only,21,6850895009.341661,6850895009.341661,1.0,0.8090588587786565,53,53,0,0,2,44,44,0,0,1
20,300,6,11,1,no_residual,6,2924259325.252561,2037647298.7810245,0.6968080023494626,0.6964274320951612,52,39,4,9,3,42,15,0,27,3
20,300,6,11,1,no_residual_score_only,24,2793796313.6143236,2285352583.9935393,0.8180097356621491,0.7314361238584599,53,53,0,0,2,45,45,0,0,0
20,300,6,12,1,no_residual,16,3897822003.3558,1031845651.8991584,0.26472364592605785,0.23545126812575976,53,38,4,11,2,37,27,0,10,8
20,300,6,12,1,no_residual_score_only,11,4255537414.0190024,3546887312.7845607,0.8334757676198691,0.7901860210383067,55,55,0,0,0,39,39,0,0,6
20,300,6,13,1,no_residual,11,6292535316.767097,6079773917.616274,0.9661882868445888,0.9264929297555216,52,44,4,4,3,43,34,0,9,2
20,300,6,13,1,no_residual_score_only,19,5969045091.322441,4598599972.847027,0.7704079802533721,0.7239391331152326,51,51,0,0,4,42,42,0,0,3
20,300,6,14,1,no_residual,12,3523316611.9859667,3355176401.5109754,0.9522778594739413,0.9122456149173618,55,47,4,4,0,43,24,0,19,2
20,300,6,14,1,no_residual_score_only,26,3936321546.7096424,3408198974.8642564,0.8658334778857582,0.606965660987913,51,51,0,0,4,43,43,0,0,2
20,300,6,15,1,no_residual,8,9102387383.504763,8324832904.840602,0.9145768636398364,0.8384303595245273,55,47,4,4,0,42,20,0,22,3
20,300,6,15,1,no_residual_score_only,19,8660741126.271738,7890746960.811202,0.9110937327147657,0.8227381837286468,55,55,0,0,0,43,43,0,0,2
20,300,6,16,1,no_residual,17,3110751870.517393,1457274772.6864674,0.46846384197274066,0.38750172906389335,55,48,4,3,0,44,35,0,9,1
20,300,6,16,1,no_residual_score_only,12,2404257761.710426,1609019793.7296643,0.6692376413854157,0.6007492992568929,54,54,0,0,1,44,44,0,0,1
20,300,6,17,1,no_residual,12,2856358408.4779696,1957892070.691643,0.6854504199754538,0.6506306526983162,55,43,4,8,0,41,30,0,11,4
20,300,6,17,1,no_residual_score_only,6,3336059996.7236814,1426506538.5577235,0.42760218340158285,0.42671532523977057,54,54,0,0,1,34,34,0,0,11
20,300,6,18,1,no_residual,24,11418344574.940897,10301133446.646685,0.9021564710224209,0.7066566868854516,52,39,4,9,3,41,29,0,12,4
20,300,6,18,1,no_residual_score_only,22,9925534767.968975,7213577978.097992,0.7267697052835048,0.5801579741379805,48,48,0,0,7,44,44,0,0,1
20,300,6,19,1,no_residual,28,9354560652.70405,7566161761.923605,0.8088206429808666,0.6237693505716706,51,41,3,7,4,42,37,0,5,3
20,300,6,19,1,no_residual_score_only,28,9456961022.193848,9456961022.193848,1.0,0.7671400372887655,54,54,0,0,1,45,45,0,0,0
20,300,6,20,2,no_residual,19,8532044831.448486,7899510951.50491,0.9258637416423197,0.8702613283938244,55,51,4,0,0,45,45,0,0,0
20,300,6,20,2,no_residual_score_only,22,8419415017.377533,8244020510.859283,0.9791678511920082,0.8363595411292658,55,55,0,0,0,45,45,0,0,0
20,300,6,21,2,no_residual,26,8600355171.659182,7974042225.496013,0.9271759208006825,0.840998563524289,55,51,4,0,0,45,45,0,0,0
20,300,6,21,2,no_residual_score_only,10,8720857120.262732,7999041910.089108,0.9172311620039617,0.9008254463458563,55,55,0,0,0,45,45,0,0,0
20,300,6,22,2,no_residual,21,5463943532.516234,2841456218.242848,0.5200376250840044,0.3749354509041579,55,51,4,0,0,45,45,0,0,0
20,300,6,22,2,no_residual_score_only,18,5988884904.839432,4175364348.3474865,0.6971856054494392,0.6513605355058524,55,55,0,0,0,45,45,0,0,0
20,300,6,23,2,no_residual,27,11565861236.016626,11059611578.34819,0.956228970127019,0.8304495067902614,55,51,4,0,0,45,45,0,0,0
20,300,6,23,2,no_residual_score_only,32,12248767661.265827,9964399856.593998,0.8135022340332517,0.6798063804239378,55,55,0,0,0,45,45,0,0,0
20,300,6,24,2,no_residual,17,11556013599.142948,11232715849.666117,0.9720234190879795,0.9391574687938331,55,51,4,0,0,45,45,0,0,0
20,300,6,24,2,no_residual_score_only,20,11173061068.857134,9074979233.821625,0.8122196037320937,0.7527647283457771,55,55,0,0,0,45,45,0,0,0
20,300,6,25,2,no_residual,32,11043797026.69429,11043797026.69429,1.0,0.8495408879818128,55,51,4,0,0,45,45,0,0,0
20,300,6,25,2,no_residual_score_only,17,11179643946.287346,10629440422.018183,0.9507852372658182,0.8898599294852134,55,55,0,0,0,45,45,0,0,0
20,300,6,26,2,no_residual,15,8257360983.266867,7696519092.292109,0.9320797659068949,0.9172679637410128,55,51,4,0,0,45,45,0,0,0
20,300,6,26,2,no_residual_score_only,27,7912421225.391203,4247531300.0197644,0.5368181469395621,0.38747373589669054,55,55,0,0,0,45,45,0,0,0
20,300,6,27,2,no_residual,25,5278124324.218214,5035692743.788561,0.9540686112077207,0.8423700263574437,55,51,4,0,0,45,45,0,0,0
20,300,6,27,2,no_residual_score_only,23,4904850586.5663595,2296675840.652767,0.4682458313700754,0.41041877714690184,55,55,0,0,0,45,45,0,0,0
20,300,6,28,2,no_residual,10,3530426230.5621457,2232504997.720481,0.6323613218126928,0.609639636544682,55,51,4,0,0,45,45,0,0,0
20,300,6,28,2,no_residual_score_only,22,3346534080.009041,2309657566.9750037,0.6901640657933369,0.5724501171083586,55,55,0,0,0,45,45,0,0,0
20,300,6,29,2,no_residual,18,6534351692.790893,5273151775.849519,0.8069892812269641,0.7875958421929703,55,51,4,0,0,45,45,0,0,0
20,300,6,29,2,no_residual_score_only,19,6307067906.110465,4630568577.145032,0.7341872080779099,0.6351791199570845,55,55,0,0,0,45,45,0,0,0
20,300,7,0,0,no_residual,4,5297.536404099954,704.148794417838,0.13292004824598694,0.13292004824598694,51,36,4,11,4,42,25,0,17,3
20,300,7,0,0,no_residual_score_only,5,5322.361924060099,1046.0709285595212,0.19654261462954753,0.19654261462954753,48,48,0,0,7,43,43,0,0,2
20,300,7,1,0,no_residual,2,8295.916824187168,1186.7050051388874,0.1430468783967299,0.1430468783967299,40,27,4,9,15,42,13,0,29,3
20,300,7,1,0,no_residual_score_only,10,8184.323857355884,2910.318759907227,0.3555967249868172,0.2958426251623308,50,50,0,0,5,44,44,0,0,1
20,300,7,2,0,no_residual,1,9500.218542076233,741.3615441766269,0.07803626210209323,0.07803626210209323,52,35,3,14,3,43,14,0,29,2
20,300,7,2,0,no_residual_score_only,2,9395.752330454889,197.39143801676028,0.02100858250349429,0.02100858250349429,53,53,0,0,2,38,38,0,0,7
20,300,7,3,0,no_residual,7,11524.411333809841,3102.981582070308,0.26925293554620955,0.2599815347876226,53,40,4,9,2,42,30,0,12,3
20,300,7,3,0,no_residual_score_only,3,11644.848547429398,96.83340703901513,0.008315557445389973,0.008315557445389973,53,53,0,0,2,43,43,0,0,2
20,300,7,4,0,no_residual,1,6555.501572442109,1573.447036935002,0.2400193211072404,0.2400193211072404,53,33,4,16,2,41,28,0,13,4
20,300,7,4,0,no_residual_score_only,10,8165.96224960841,6822.119543419505,0.8354336371989293,0.7629488017200359,48,48,0,0,7,41,41,0,0,4
20,300,7,5,0,no_residual,3,7541.049405628481,161.8920056519105,0.021468100385481855,0.021468100385481855,50,34,4,12,5,40,30,0,10,5
20,300,7,5,0,no_residual_score_only,1,7331.634963721653,1.433018400344281,0.00019545686704740934,0.00019545686704740934,45,45,0,0,10,39,39,0,0,6
20,300,7,6,0,no_residual,3,6846.866926525832,73.97854716571601,0.010804729807017507,0.010804729807017507,49,32,2,15,6,45,28,0,17,0
20,300,7,6,0,no_residual_score_only,9,7030.710452868505,1098.7675242844512,0.15628115133601583,0.14785059148828655,44,44,0,0,11,45,45,0,0,0
20,300,7,7,0,no_residual,4,9449.730045711229,503.0898178650559,0.053238538607077335,0.053238538607077335,53,42,3,8,2,44,23,0,21,1
20,300,7,7,0,no_residual_score_only,6,9142.177201912915,1223.8910042453795,0.1338730345315656,0.1313208145373693,49,49,0,0,6,44,44,0,0,1
20,300,7,8,0,no_residual,2,8800.764116907612,2802.8185920712867,0.31847445913095707,0.31847445913095707,54,45,4,5,1,44,33,0,11,1
20,300,7,8,0,no_residual_score_only,4,8729.15206985061,434.3872841793077,0.049762826985180676,0.049762826985180676,53,53,0,0,2,36,36,0,0,9
20,300,7,9,0,no_residual,0,10392.184575672134,0.0,0.0,0.0,47,27,1,19,8,41,25,0,16,4
20,300,7,9,0,no_residual_score_only,6,10084.500147139777,1379.9327878425097,0.13683700408630506,0.12842940806972153,41,41,0,0,14,41,41,0,0,4
20,300,7,10,1,no_residual,3,8399.497069642104,7312.719295876972,0.8706139469120097,0.8706139469120097,53,43,4,6,2,42,24,0,18,3
20,300,7,10,1,no_residual_score_only,7,8194.73250233987,6126.300001391424,0.74758999145392,0.7376555520125125,53,53,0,0,2,41,41,0,0,4
20,300,7,11,1,no_residual,7,10375.03162164199,8630.505033394249,0.8318533714529878,0.7807437177924728,53,45,3,5,2,39,26,0,13,6
20,300,7,11,1,no_residual_score_only,13,8960.662212575156,8960.662212575156,1.0,0.93839463299649,52,52,0,0,3,44,44,0,0,1
20,300,7,12,1,no_residual,5,5818.587733270357,1349.8948081339045,0.2319969844942411,0.2319969844942411,54,47,4,3,1,43,23,0,20,2
20,300,7,12,1,no_residual_score_only,13,5757.3402097641065,3317.6330572973047,0.5762440530560964,0.4942940395373789,52,52,0,0,3,39,39,0,0,6
20,300,7,13,1,no_residual,9,6641.636359481965,5681.283974823484,0.8554042508985863,0.8451488306028325,50,34,4,12,5,43,25,0,18,2
20,300,7,13,1,no_residual_score_only,6,6754.517827930046,4101.759218692062,0.6072615874565047,0.5911841895847583,49,49,0,0,6,35,35,0,0,10
20,300,7,14,1,no_residual,10,9457.689024578165,9150.018857433342,0.9674687794930384,0.9303156063858747,53,42,4,7,2,39,23,0,16,6
20,300,7,14,1,no_residual_score_only,7,8954.192402885672,8954.192402885672,1.0,0.9795385404458005,53,53,0,0,2,43,43,0,0,2
20,300,7,15,1,no_residual,6,7081.8677160451625,6536.699826494071,0.9230191933243935,0.8819918653093629,54,48,4,2,1,41,27,0,14,4
20,300,7,15,1,no_residual_score_only,11,7784.947752911861,7784.947752911861,1.0,0.9033974338275839,54,54,0,0,1,43,43,0,0,2
20,300,7,16,1,no_residual,6,6554.176798248274,4079.9118113274635,0.622490350339328,0.622300379098964,52,42,4,6,3,42,20,0,22,3
20,300,7,16,1,no_residual_score_only,11,6559.005677133506,5724.45656112592,0.8727628611578958,0.7909382957575177,53,53,0,0,2,40,40,0,0,5
20,300,7,17,1,no_residual,8,9244.83586963905,7903.192139726233,0.854876414375413,0.846155890098784,53,42,4,7,2,43,28,0,15,2
20,300,7,17,1,no_residual_score_only,19,8523.071112712812,8523.071112712812,1.0,0.6673972534178445,55,55,0,0,0,45,45,0,0,0
20,300,7,18,1,no_residual,6,8523.50188665458,5416.891384792454,0.6355241609406799,0.6334817413853319,52,36,4,12,3,36,16,0,20,9
20,300,7,18,1,no_residual_score_only,8,9310.958805380025,6298.103410348387,0.6764183519649168,0.6185689913708394,47,47,0,0,8,37,37,0,0,8
20,300,7,19,1,no_residual,1,2892.1823332867834,2874.683367825657,0.9939495635321028,0.9939495635321028,54,44,4,6,1,42,29,0,13,3
20,300,7,19,1,no_residual_score_only,7,3090.459789438116,2917.8333403483057,0.944142146848254,0.9062299714098613,53,53,0,0,2,44,44,0,0,1
20,300,7,20,2,no_residual,9,6873.272748650306,5849.834520289954,0.851098848279908,0.7656351911209655,55,51,4,0,0,45,45,0,0,0
20,300,7,20,2,no_residual_score_only,7,6529.6997389575645,6529.6997389575645,1.0,0.952972521784508,55,55,0,0,0,45,45,0,0,0
20,300,7,21,2,no_residual,2,3143.25616806232,544.8093822475907,0.17332643383738014,0.17332643383738014,55,51,4,0,0,45,45,0,0,0
20,300,7,21,2,no_residual_score_only,4,2455.438576000858,1287.6708009968206,0.5244158064397741,0.5244158064397741,55,55,0,0,0,45,45,0,0,0
20,300,7,22,2,no_residual,6,8865.294630003013,5545.368914119909,0.625514339405325,0.6217216053021853,55,51,4,0,0,45,45,0,0,0
20,300,7,22,2,no_residual_score_only,5,8998.955601803154,7261.662141000123,0.8069449903214408,0.8069449903214408,55,55,0,0,0,45,45,0,0,0
20,300,7,23,2,no_residual,9,9239.53770809999,7784.110496505798,0.8424783514527715,0.7367181648586842,54,51,3,0,1,45,45,0,0,0
20,300,7,23,2,no_residual_score_only,6,9698.491596460932,9348.65893246009,0.9639291676936134,0.960525179430186,54,54,0,0,1,45,45,0,0,0
20,300,7,24,2,no_residual,8,10155.114096079222,4487.106139133217,0.44185679222113705,0.43314053248999795,55,51,4,0,0,45,45,0,0,0
20,300,7,24,2,no_residual_score_only,10,8860.242549613504,7298.281735042705,0.8237112803826195,0.7456703458120512,55,55,0,0,0,45,45,0,0,0
20,300,7,25,2,no_residual,22,10384.04944199846,9033.579285055906,0.8699476380109906,0.6663827928591023,55,51,4,0,0,45,45,0,0,0
20,300,7,25,2,no_residual_score_only,19,10233.804039222881,8499.33196301313,0.8305154105392211,0.7610940951845622,55,55,0,0,0,45,45,0,0,0
20,300,7,26,2,no_residual,8,9195.540445132765,9195.540445132765,1.0,0.9884332835188281,55,51,4,0,0,45,45,0,0,0
20,300,7,26,2,no_residual_score_only,5,9055.268997194034,6449.430089820145,0.7122295419184828,0.7122295419184828,55,55,0,0,0,45,45,0,0,0
20,300,7,27,2,no_residual,18,5765.012524510228,5605.189987290489,0.97227715698097,0.7435703883992035,54,51,3,0,1,45,45,0,0,0
20,300,7,27,2,no_residual_score_only,6,5634.335205888594,2576.022523245958,0.45720079283775805,0.4571202543186819,54,54,0,0,1,45,45,0,0,0
20,300,7,28,2,no_residual,2,6516.606734986121,3042.7603468241196,0.4669240404654555,0.4669240404654555,55,51,4,0,0,45,45,0,0,0
20,300,7,28,2,no_residual_score_only,5,6216.103914195359,4076.00813780109,0.6557175031281162,0.6557175031281162,55,55,0,0,0,45,45,0,0,0
20,300,7,29,2,no_residual,7,10577.319397230105,10510.280426550034,0.9936620075311684,0.8866925635452351,54,51,3,0,1,45,45,0,0,0
20,300,7,29,2,no_residual_score_only,12,10593.125484709435,9777.93882934171,0.9230456906656681,0.7995966075471345,54,54,0,0,1,45,45,0,0,0
20,300,8,0,0,no_residual,0,1690336138980.6306,0.0,0.0,0.0,55,51,4,0,0,45,41,0,4,0
20,300,8,0,0,no_residual_score_only,2,1690279652139.495,2467798283.564898,0.0014599940787556945,0.0014599940787556945,55,55,0,0,0,45,45,0,0,0
20,300,8,1,0,no_residual,1,2731627573582.214,750504145.2280198,0.00027474614493066505,0.00027474614493066505,54,51,3,0,1,42,33,0,9,3
20,300,8,1,0,no_residual_score_only,2,2731659741784.264,116372474702.40527,0.04260138000437535,0.04260138000437535,54,54,0,0,1,41,41,0,0,4
20,300,8,2,0,no_residual,1,45978350121.62979,2539855364.18277,0.05524024584318294,0.05524024584318294,55,48,4,3,0,45,38,0,7,0
20,300,8,2,0,no_residual_score_only,4,47871354981.57218,792659783.2421324,0.01655812298497217,0.01655812298497217,53,53,0,0,2,43,43,0,0,2
20,300,8,3,0,no_residual,1,21058123276.177578,3898694787.6378,0.18513970767985183,0.18513970767985183,55,49,4,2,0,45,43,0,2,0
20,300,8,3,0,no_residual_score_only,5,21130214729.621864,1001110959.3325981,0.04737817254309149,0.04737817254309149,54,54,0,0,1,40,40,0,0,5
20,300,8,4,0,no_residual,1,111733181827705.36,3388733718.612624,3.0328803522646608e-05,3.0328803522646608e-05,52,46,4,2,3,43,40,0,3,2
20,300,8,4,0,no_residual_score_only,1,111729960966585.2,5485246030068.382,0.049093779167334005,0.049093779167334005,53,53,0,0,2,43,43,0,0,2
20,300,8,5,0,no_residual,0,36496236883349.61,0.0,0.0,0.0,55,50,4,1,0,45,40,0,5,0
20,300,8,5,0,no_residual_score_only,1,36494825476046.35,1862656027.4767249,5.103890765827317e-05,5.103890765827317e-05,54,54,0,0,1,45,45,0,0,0
20,300,8,6,0,no_residual,1,1163641951715.8555,543161955359.0257,0.4667775638013934,0.4667775638013934,53,48,4,1,2,42,36,0,6,3
20,300,8,6,0,no_residual_score_only,1,1163623989354.188,3433873800.814055,0.0029510166791248925,0.0029510166791248925,52,52,0,0,3,44,44,0,0,1
20,300,8,7,0,no_residual,0,12824937078903.46,0.0,0.0,0.0,55,51,4,0,0,44,43,0,1,1
20,300,8,7,0,no_residual_score_only,0,12824936547584.104,0.0,0.0,0.0,54,54,0,0,1,45,45,0,0,0
20,300,8,8,0,no_residual,0,5138418194690.984,0.0,0.0,0.0,53,46,4,3,2,43,37,0,6,2
20,300,8,8,0,no_residual_score_only,1,5138359672078.2,1713353549.6958451,0.0003334436783408123,0.0003334436783408123,55,55,0,0,0,37,37,0,0,8
20,300,8,9,0,no_residual,2,63971014472374.336,3659448055305.2993,0.05720478384605921,0.05720478384605921,52,47,4,1,3,44,39,0,5,1
20,300,8,9,0,no_residual_score_only,0,63971019904225.74,0.0,0.0,0.0,55,55,0,0,0,44,44,0,0,1
20,300,8,10,1,no_residual,3,35130855288901.59,35130855288901.586,0.9999999999999999,0.9999999999999999,55,51,4,0,0,45,44,0,1,0
20,300,8,10,1,no_residual_score_only,1,25827576651457.797,25827576651457.797,1.0,1.0,55,55,0,0,0,45,45,0,0,0
20,300,8,11,1,no_residual,4,203722768001890.5,203722768001890.47,0.9999999999999999,1.0,55,51,4,0,0,45,45,0,0,0
20,300,8,11,1,no_residual_score_only,4,203713099486880.7,203713099486880.7,1.0,1.0,55,55,0,0,0,45,45,0,0,0
20,300,8,12,1,no_residual,2,202170490244.72903,202170490244.72903,1.0,1.0,55,50,4,1,0,45,44,0,1,0
20,300,8,12,1,no_residual_score_only,0,0.0,0.0,,,55,55,0,0,0,45,45,0,0,0
20,300,8,13,1,no_residual,3,232374264220117.62,232374264220117.62,1.0,1.0,55,51,4,0,0,45,44,0,1,0
20,300,8,13,1,no_residual_score_only,4,226649940934931.2,226649940934931.2,1.0,1.0,55,55,0,0,0,45,45,0,0,0
20,300,8,14,1,no_residual,2,3323555732990.18,3323555732990.18,1.0,1.0,55,51,4,0,0,45,45,0,0,0
20,300,8,14,1,no_residual_score_only,0,0.0,0.0,,,55,55,0,0,0,45,45,0,0,0
20,300,8,15,1,no_residual,0,0.0,0.0,,,55,51,4,0,0,45,45,0,0,0
20,300,8,15,1,no_residual_score_only,2,2444850112772.455,2444850112772.455,1.0,1.0,55,55,0,0,0,45,45,0,0,0
20,300,8,16,1,no_residual,3,25138806236530.133,25138806236530.133,1.0,1.0000000000000002,55,51,4,0,0,44,43,0,1,1
20,300,8,16,1,no_residual_score_only,5,24939509067144.957,24939509067144.957,1.0,1.0,55,55,0,0,0,45,45,0,0,0
20,300,8,17,1,no_residual,2,75118897021203.98,75118897021203.98,1.0,1.0,55,51,4,0,0,45,45,0,0,0
20,300,8,17,1,no_residual_score_only,3,75443813560152.39,75443813560152.4,1.0000000000000002,1.0,55,55,0,0,0,45,45,0,0,0
20,300,8,18,1,no_residual,2,444888187148.4845,444888187148.4845,1.0,1.0,55,51,4,0,0,45,45,0,0,0
20,300,8,18,1,no_residual_score_only,1,382813202844.42035,382813202844.42035,1.0,1.0,55,55,0,0,0,45,45,0,0,0
20,300,8,19,1,no_residual,1,515419482691.8176,515419482691.8176,1.0,1.0,55,51,4,0,0,45,44,0,1,0
20,300,8,19,1,no_residual_score_only,1,508172345852.65393,508172345852.65393,1.0,1.0,55,55,0,0,0,45,45,0,0,0
20,300,8,20,2,no_residual,2,12154041139241.967,11126686461777.95,0.9154721737655651,0.9154721737655651,55,51,4,0,0,45,45,0,0,0
20,300,8,20,2,no_residual_score_only,3,12146587409318.71,11780553982605.246,0.9698653280646835,0.9698653280646835,55,55,0,0,0,45,45,0,0,0
20,300,8,21,2,no_residual,8,350913604811133.06,350913604811133.06,1.0,0.9721229936402103,55,51,4,0,0,45,45,0,0,0
20,300,8,21,2,no_residual_score_only,7,349209945781092.1,349209945781092.06,0.9999999999999998,0.9801254298945234,55,55,0,0,0,45,45,0,0,0
20,300,8,22,2,no_residual,1,4479428406539.464,232147170066.78433,0.05182517700871733,0.05182517700871733,55,51,4,0,0,45,45,0,0,0
20,300,8,22,2,no_residual_score_only,5,4481204441732.018,3874880968137.295,0.8646963151361212,0.8646963151361212,55,55,0,0,0,45,45,0,0,0
20,300,8,23,2,no_residual,1,45401862094775.46,45401862094775.46,1.0,1.0,55,51,4,0,0,45,45,0,0,0
20,300,8,23,2,no_residual_score_only,4,45349133847785.38,45349133847785.375,0.9999999999999998,1.0,55,55,0,0,0,45,45,0,0,0
20,300,8,24,2,no_residual,0,0.0,0.0,,,55,51,4,0,0,45,45,0,0,0
20,300,8,24,2,no_residual_score_only,1,12841039493.368462,12841039493.368462,1.0,1.0,55,55,0,0,0,45,45,0,0,0
20,300,8,25,2,no_residual,2,253469914789111.62,253469914789111.62,1.0,1.0,55,51,4,0,0,45,45,0,0,0
20,300,8,25,2,no_residual_score_only,5,253007079116650.97,162329578120996.94,0.641600933411644,0.641600933411644,55,55,0,0,0,45,45,0,0,0
20,300,8,26,2,no_residual,1,616218372976.0677,554339118859.0018,0.8995822636410272,0.8995822636410272,55,51,4,0,0,45,45,0,0,0
20,300,8,26,2,no_residual_score_only,0,609533459259.111,0.0,0.0,0.0,55,55,0,0,0,45,45,0,0,0
20,300,8,27,2,no_residual,1,86597039825.41681,48594636236.92642,0.5611581681648149,0.5611581681648149,55,51,4,0,0,45,45,0,0,0
20,300,8,27,2,no_residual_score_only,0,86597910158.47835,0.0,0.0,0.0,55,55,0,0,0,45,45,0,0,0
20,300,8,28,2,no_residual,5,69679616566118.27,67410205426968.45,0.9674307745795875,0.9674307745795875,55,51,4,0,0,45,45,0,0,0
20,300,8,28,2,no_residual_score_only,2,70138142311515.836,58142548207028.164,0.8289718873475476,0.8289718873475476,55,55,0,0,0,45,45,0,0,0
20,300,8,29,2,no_residual,2,6942894904592.327,6539172316435.691,0.9418509722954906,0.9418509722954906,55,51,4,0,0,45,45,0,0,0
20,300,8,29,2,no_residual_score_only,2,6943880951961.479,6900790918267.197,0.9937945316182143,0.9937945316182143,55,55,0,0,0,45,45,0,0,0
20,300,9,0,0,no_residual,19,4281.595528856367,4281.595528856367,1.0,0.9731561831301708,55,50,4,1,0,45,44,0,1,0
20,300,9,0,0,no_residual_score_only,7,4161.503839126408,4161.503839126408,1.0,0.9915594729826908,55,55,0,0,0,44,44,0,0,1
20,300,9,1,0,no_residual,15,5662.5910594019,5093.204394983436,0.8994476806738355,0.8595961068329107,55,51,4,0,0,45,45,0,0,0
20,300,9,1,0,no_residual_score_only,28,5848.568528020662,5848.56852802066,0.9999999999999997,0.7289233542377725,55,55,0,0,0,45,45,0,0,0
20,300,9,2,0,no_residual,17,7056.743868962878,7010.06953027571,0.9933858533689381,0.9336403802886128,55,47,4,4,0,45,43,0,2,0
20,300,9,2,0,no_residual_score_only,24,7252.56265006007,5930.732917391286,0.8177430797295028,0.7385679803378652,53,53,0,0,2,45,45,0,0,0
20,300,9,3,0,no_residual,13,5762.178790993418,5217.327702332512,0.9054435642447373,0.8870966672812162,53,49,3,1,2,45,45,0,0,0
20,300,9,3,0,no_residual_score_only,20,5884.934249657115,4781.698101292466,0.8125321198909012,0.7054807770339715,54,54,0,0,1,45,45,0,0,0
20,300,9,4,0,no_residual,17,4413.347207976427,2793.828147280128,0.6330406414049468,0.6040569486669669,55,49,4,2,0,45,45,0,0,0
20,300,9,4,0,no_residual_score_only,14,5022.220330159862,4958.756266362496,0.987363345368134,0.9226182778671201,55,55,0,0,0,45,45,0,0,0
20,300,9,5,0,no_residual,15,3009.3117481355985,3009.3117481355985,1.0,0.9755352817200871,55,50,4,1,0,45,45,0,0,0
20,300,9,5,0,no_residual_score_only,20,2945.560956951133,2945.560956951133,1.0,0.9484999694190238,54,54,0,0,1,45,45,0,0,0
20,300,9,6,0,no_residual,14,4789.696460896349,4587.186531956355,0.9577196737636071,0.8902385924570676,55,45,4,6,0,45,36,0,9,0
20,300,9,6,0,no_residual_score_only,12,4835.800482893874,3999.9839555230537,0.8271606675404762,0.7640908272702216,54,54,0,0,1,45,45,0,0,0
20,300,9,7,0,no_residual,14,7417.334176068813,5259.845501144331,0.7091288293460777,0.5704003252433761,53,47,4,2,2,43,24,0,19,2
20,300,9,7,0,no_residual_score_only,19,7850.1539251924,7850.1539251924,1.0,0.8124964259747465,55,55,0,0,0,45,45,0,0,0
20,300,9,8,0,no_residual,17,5992.584040598353,2948.7096126937454,0.49205978468001926,0.4681473190201646,54,49,4,1,1,45,45,0,0,0
20,300,9,8,0,no_residual_score_only,18,5595.00747548113,3354.5321207499337,0.599558112379728,0.5022229745100748,54,54,0,0,1,45,45,0,0,0
20,300,9,9,0,no_residual,19,4585.81723797821,4415.785535506304,0.96292226801719,0.7693136169474766,55,50,4,1,0,45,45,0,0,0
20,300,9,9,0,no_residual_score_only,20,4796.004268053484,4673.668899919137,0.9744922311789355,0.8711444443942895,55,55,0,0,0,45,45,0,0,0
20,300,9,10,1,no_residual,8,1928.9949704933128,1928.9949704933128,1.0,0.9934065182844563,55,50,4,1,0,45,43,0,2,0
20,300,9,10,1,no_residual_score_only,10,2010.4927411238068,2010.4927411238068,1.0,0.9182394998632372,55,55,0,0,0,44,44,0,0,1
20,300,9,11,1,no_residual,12,6402.261391736323,6402.261391736323,1.0,0.9246151872757273,55,50,4,1,0,45,44,0,1,0
20,300,9,11,1,no_residual_score_only,21,6525.515158417535,6525.515158417533,0.9999999999999997,0.7771903730096775,55,55,0,0,0,45,45,0,0,0
20,300,9,12,1,no_residual,14,5590.988414414332,5590.988414414331,0.9999999999999999,0.8255402837322885,55,51,4,0,0,45,45,0,0,0
20,300,9,12,1,no_residual_score_only,17,5506.28551463738,5506.28551463738,1.0,0.9474591510988178,55,55,0,0,0,45,45,0,0,0
20,300,9,13,1,no_residual,8,1728.3234260165918,1728.3234260165918,1.0,0.9592691173404936,55,50,4,1,0,45,40,0,5,0
20,300,9,13,1,no_residual_score_only,7,1956.6905025881629,1956.6905025881629,1.0,0.9891852514368881,55,55,0,0,0,45,45,0,0,0
20,300,9,14,1,no_residual,14,6776.725143289619,6776.725143289619,1.0,0.9476525664818514,55,51,4,0,0,44,44,0,0,1
20,300,9,14,1,no_residual_score_only,10,6471.324239804404,6471.324239804404,1.0,0.9297621016991359,55,55,0,0,0,45,45,0,0,0
20,300,9,15,1,no_residual,14,5356.671426715457,5356.671426715456,0.9999999999999998,0.938626871196525,55,49,4,2,0,45,45,0,0,0
20,300,9,15,1,no_residual_score_only,16,5648.165261760603,5648.165261760603,1.0,0.9510640660322129,55,55,0,0,0,45,45,0,0,0
20,300,9,16,1,no_residual,11,5198.6205160738045,5198.6205160738045,1.0,0.9459401703400018,55,51,4,0,0,45,44,0,1,0
20,300,9,16,1,no_residual_score_only,18,4901.301255526441,4901.301255526442,1.0000000000000002,0.915713658578458,55,55,0,0,0,45,45,0,0,0
20,300,9,17,1,no_residual,16,7070.244568658962,7070.244568658962,1.0,0.7902251781910334,54,48,4,2,1,45,44,0,1,0
20,300,9,17,1,no_residual_score_only,20,6729.922189208206,6729.922189208206,1.0,0.7188493422189075,55,55,0,0,0,45,45,0,0,0
20,300,9,18,1,no_residual,14,3611.8694028797736,3611.8694028797736,1.0,0.8280979309629244,55,50,4,1,0,45,44,0,1,0
20,300,9,18,1,no_residual_score_only,11,3809.4396230589923,3809.4396230589923,1.0,0.9658725901355363,55,55,0,0,0,44,44,0,0,1
20,300,9,19,1,no_residual,18,4734.469661974552,4734.469661974552,1.0,0.7922617294904487,53,49,4,0,2,45,45,0,0,0
20,300,9,19,1,no_residual_score_only,16,5404.5937760978395,5404.593776097839,0.9999999999999998,0.812028160253605,55,55,0,0,0,44,44,0,0,1
20,300,9,20,2,no_residual,18,5265.959327734719,5265.95932773472,1.0000000000000002,0.9344781999087511,55,51,4,0,0,45,45,0,0,0
20,300,9,20,2,no_residual_score_only,16,4929.400524105373,4929.400524105373,1.0,0.9386647569099148,55,55,0,0,0,45,45,0,0,0
20,300,9,21,2,no_residual,16,3862.3333949581993,3862.3333949581993,1.0,0.87986388671604,55,51,4,0,0,45,45,0,0,0
20,300,9,21,2,no_residual_score_only,11,4068.828738603318,4068.828738603318,1.0,0.9939394258980733,55,55,0,0,0,45,45,0,0,0
20,300,9,22,2,no_residual,17,4015.8228243088224,4015.8228243088224,1.0,0.876378467941013,55,51,4,0,0,45,45,0,0,0
20,300,9,22,2,no_residual_score_only,22,3891.3744427250895,3891.3744427250895,1.0,0.7284904781456871,55,55,0,0,0,45,45,0,0,0
20,300,9,23,2,no_residual,27,5597.357594063246,5597.357594063246,1.0,0.8566245849655162,55,51,4,0,0,45,45,0,0,0
20,300,9,23,2,no_residual_score_only,27,5564.822651010565,5564.822651010565,1.0,0.884025112298393,55,55,0,0,0,45,45,0,0,0
20,300,9,24,2,no_residual,21,5785.007088203513,5785.007088203513,1.0,0.7362570986814301,55,51,4,0,0,45,45,0,0,0
20,300,9,24,2,no_residual_score_only,21,5185.684069250709,5185.684069250709,1.0,0.8261512780020225,55,55,0,0,0,45,45,0,0,0
20,300,9,25,2,no_residual,17,3785.527958981931,3785.527958981931,1.0,0.8852491700764719,55,51,4,0,0,45,45,0,0,0
20,300,9,25,2,no_residual_score_only,16,3862.671061257801,3862.671061257801,1.0,0.9160912781877136,55,55,0,0,0,45,45,0,0,0
20,300,9,26,2,no_residual,16,2595.4442966955176,2595.4442966955176,1.0,0.8829416516237809,55,51,4,0,0,45,45,0,0,0
20,300,9,26,2,no_residual_score_only,25,4023.744121234238,4023.744121234238,1.0,0.7054059151325325,55,55,0,0,0,45,45,0,0,0
20,300,9,27,2,no_residual,12,3449.127288584372,3449.127288584372,1.0,0.9288895123149536,55,51,4,0,0,45,45,0,0,0
20,300,9,27,2,no_residual_score_only,10,2764.2536013322406,2764.2536013322406,1.0,0.9644475035479988,55,55,0,0,0,45,45,0,0,0
20,300,9,28,2,no_residual,13,4618.302597940508,4503.8749628443,0.9752230104741867,0.9117261765392796,55,51,4,0,0,45,45,0,0,0
20,300,9,28,2,no_residual_score_only,9,5527.54131662744,5527.541316627439,0.9999999999999999,0.9814117387250405,55,55,0,0,0,45,45,0,0,0
20,300,9,29,2,no_residual,15,6874.58938633546,6874.58938633546,1.0,0.9597180200526558,55,51,4,0,0,45,45,0,0,0
20,300,9,29,2,no_residual_score_only,15,5813.991433385825,5813.991433385825,1.0,0.9171983932741021,55,55,0,0,0,45,45,0,0,0
20,300,10,0,0,no_residual,0,0.0,0.0,,,55,51,4,0,0,45,45,0,0,0
20,300,10,0,0,no_residual_score_only,0,346.4939687566648,0.0,0.0,0.0,55,55,0,0,0,45,45,0,0,0
20,300,10,1,0,no_residual,6,3074.3393316598704,3074.3393316598704,1.0,0.9991646364976665,55,51,4,0,0,45,45,0,0,0
20,300,10,1,0,no_residual_score_only,1,801.8927305109946,37.69155535001573,0.047003238607734144,0.047003238607734144,55,55,0,0,0,45,45,0,0,0
20,300,10,2,0,no_residual,19,3467.49444656947,2205.4138251592885,0.6360251931596291,0.4087982347304776,54,50,3,1,1,41,39,0,2,4
20,300,10,2,0,no_residual_score_only,28,4270.935673628494,3909.4648634727664,0.9153649603323034,0.6688905678774049,54,54,0,0,1,43,43,0,0,2
20,300,10,3,0,no_residual,33,2243.6587019729395,1672.4373169812538,0.7454062935287851,0.48414119582883075,53,45,4,4,2,45,39,0,6,0
20,300,10,3,0,no_residual_score_only,28,2136.865649841157,1188.4000416650201,0.5561416749590034,0.3636939221218525,55,55,0,0,0,44,44,0,0,1
20,300,10,4,0,no_residual,17,4580.018968370074,4351.982938052515,0.9502106799355219,0.8748138641243133,55,51,4,0,0,45,44,0,1,0
20,300,10,4,0,no_residual_score_only,2,291.5806485774938,291.5806485774938,1.0,1.0,55,55,0,0,0,45,45,0,0,0
20,300,10,5,0,no_residual,0,923.8076814454389,0.0,0.0,0.0,55,51,4,0,0,45,45,0,0,0
20,300,10,5,0,no_residual_score_only,5,850.3293293151855,850.3293293151855,1.0,1.0,55,55,0,0,0,45,45,0,0,0
20,300,10,6,0,no_residual,7,4522.179930707611,4237.936343780304,0.9371445649481643,0.9197166668105368,55,50,4,1,0,44,41,0,3,1
20,300,10,6,0,no_residual_score_only,3,786.7161124034683,786.7161124034683,1.0,1.0,55,55,0,0,0,45,45,0,0,0
20,300,10,7,0,no_residual,12,2250.025786733264,1633.5576273091783,0.7260172914199731,0.6651663529644852,55,43,4,8,0,45,43,0,2,0
20,300,10,7,0,no_residual_score_only,11,2270.42228260022,1524.0235199702474,0.6712511287657231,0.6014064807823416,54,54,0,0,1,45,45,0,0,0
20,300,10,8,0,no_residual,8,1315.1162407165284,1315.1162407165284,1.0,0.9582983355148621,55,51,4,0,0,45,45,0,0,0
20,300,10,8,0,no_residual_score_only,1,211.37872656193395,211.37872656193395,1.0,1.0,55,55,0,0,0,44,44,0,0,1
20,300,10,9,0,no_residual,1,474.04081649015643,474.04081649015643,1.0,1.0,55,51,4,0,0,45,45,0,0,0
20,300,10,9,0,no_residual_score_only,4,1164.970581879068,700.0215291501736,0.6008920225445149,0.6008920225445149,55,55,0,0,0,45,45,0,0,0
20,300,10,10,1,no_residual,14,3208.5896389820805,3208.5896389820805,1.0,0.9436567982481533,55,51,4,0,0,45,45,0,0,0
20,300,10,10,1,no_residual_score_only,26,3488.862218676511,3488.862218676511,1.0,0.9096591110643719,55,55,0,0,0,45,45,0,0,0
20,300,10,11,1,no_residual,0,600.6870607788569,0.0,0.0,0.0,55,51,4,0,0,45,44,0,1,0
20,300,10,11,1,no_residual_score_only,3,1647.340419482175,1647.340419482175,1.0,1.0,55,55,0,0,0,45,45,0,0,0
20,300,10,12,1,no_residual,12,5663.893838665121,5663.8938386651225,1.0000000000000002,0.9988974271268973,55,51,4,0,0,45,45,0,0,0
20,300,10,12,1,no_residual_score_only,5,1149.7196859737915,1149.7196859737915,1.0,1.0,55,55,0,0,0,45,45,0,0,0
20,300,10,13,1,no_residual,0,0.0,0.0,,,55,51,4,0,0,45,45,0,0,0
20,300,10,13,1,no_residual_score_only,0,0.0,0.0,,,55,55,0,0,0,45,45,0,0,0
20,300,10,14,1,no_residual,0,0.0,0.0,,,55,51,4,0,0,45,45,0,0,0
20,300,10,14,1,no_residual_score_only,21,4402.463304541006,4402.463304541006,1.0,0.8682911031911518,55,55,0,0,0,45,45,0,0,0
20,300,10,15,1,no_residual,8,1176.182404452542,1176.182404452542,1.0,0.8233409957787693,55,51,4,0,0,45,45,0,0,0
20,300,10,15,1,no_residual_score_only,2,1093.6832811018166,1093.6832811018166,1.0,1.0,55,55,0,0,0,45,45,0,0,0
20,300,10,16,1,no_residual,5,737.0827095116274,737.0827095116274,1.0,1.0,55,51,4,0,0,45,45,0,0,0
20,300,10,16,1,no_residual_score_only,1,354.16248503299266,354.16248503299266,1.0,1.0,55,55,0,0,0,45,45,0,0,0
20,300,10,17,1,no_residual,4,190.34105229548823,190.34105229548823,1.0,1.0,55,51,4,0,0,45,45,0,0,0
20,300,10,17,1,no_residual_score_only,3,86.3639181895669,86.3639181895669,1.0,1.0,55,55,0,0,0,45,45,0,0,0
20,300,10,18,1,no_residual,18,3440.5357293852517,3311.6786154025917,0.962547369329112,0.8360506310344925,55,51,4,0,0,45,42,0,3,0
20,300,10,18,1,no_residual_score_only,18,2522.43213134505,2522.43213134505,1.0,0.7212127681989445,55,55,0,0,0,45,45,0,0,0
20,300,10,19,1,no_residual,2,401.3892831749472,119.5311535388355,0.29779358480464796,0.29779358480464796,55,51,4,0,0,45,45,0,0,0
20,300,10,19,1,no_residual_score_only,0,489.5456011107017,0.0,0.0,0.0,55,55,0,0,0,45,45,0,0,0
20,300,10,20,2,no_residual,3,331.45794916087016,331.45794916087016,1.0,1.0,55,51,4,0,0,45,45,0,0,0
20,300,10,20,2,no_residual_score_only,4,2921.889676958559,2921.889676958559,1.0,1.0,55,55,0,0,0,45,45,0,0,0
20,300,10,21,2,no_residual,2,401.06405472737424,401.06405472737424,1.0,1.0,55,51,4,0,0,45,45,0,0,0
20,300,10,21,2,no_residual_score_only,6,1098.2182267891412,1098.2182267891412,1.0,0.9504015586704224,55,55,0,0,0,45,45,0,0,0
20,300,10,22,2,no_residual,19,3552.8902220973723,3552.8902220973723,1.0,0.8356071801057741,55,51,4,0,0,45,45,0,0,0
20,300,10,22,2,no_residual_score_only,0,249.0121684608639,0.0,0.0,0.0,55,55,0,0,0,45,45,0,0,0
20,300,10,23,2,no_residual,18,5065.233536182994,5065.233536182994,1.0,0.9154102328138539,55,51,4,0,0,45,45,0,0,0
20,300,10,23,2,no_residual_score_only,0,0.0,0.0,,,55,55,0,0,0,45,45,0,0,0
20,300,10,24,2,no_residual,0,536.5045071530449,0.0,0.0,0.0,55,51,4,0,0,45,45,0,0,0
20,300,10,24,2,no_residual_score_only,2,221.76083328611185,221.76083328611185,1.0,1.0,55,55,0,0,0,45,45,0,0,0
20,300,10,25,2,no_residual,5,880.4238277917939,880.4238277917939,1.0,1.0,55,51,4,0,0,45,45,0,0,0
20,300,10,25,2,no_residual_score_only,3,480.58373855897753,480.58373855897753,1.0,1.0,55,55,0,0,0,45,45,0,0,0
20,300,10,26,2,no_residual,3,212.63355041638624,212.63355041638624,1.0,1.0,55,51,4,0,0,45,45,0,0,0
20,300,10,26,2,no_residual_score_only,2,439.2809850747344,439.2809850747344,1.0,1.0,55,55,0,0,0,45,45,0,0,0
20,300,10,27,2,no_residual,0,0.0,0.0,,,55,51,4,0,0,45,45,0,0,0
20,300,10,27,2,no_residual_score_only,4,702.5168556149247,702.5168556149247,1.0,1.0,55,55,0,0,0,45,45,0,0,0
20,300,10,28,2,no_residual,1,134.44778258409133,134.44778258409133,1.0,1.0,55,51,4,0,0,45,45,0,0,0
20,300,10,28,2,no_residual_score_only,4,832.9685088260576,832.9685088260576,1.0,1.0,55,55,0,0,0,45,45,0,0,0
20,300,10,29,2,no_residual,2,1104.6957491223566,1075.3028245716514,0.9733927422332739,0.9733927422332739,55,51,4,0,0,45,45,0,0,0
20,300,10,29,2,no_residual_score_only,3,897.2753879522479,866.7618476101088,0.9659931156567475,0.9659931156567475,55,55,0,0,0,45,45,0,0,0
20,300,11,0,0,no_residual,9,7869.177280182954,1552.4891925212178,0.19728735765438535,0.1850476255132503,54,48,4,2,1,44,43,0,1,1
20,300,11,0,0,no_residual_score_only,19,8156.460373932214,3799.9203795492986,0.46587860485336535,0.378332972238652,55,55,0,0,0,43,43,0,0,2
20,300,11,1,0,no_residual,3,5578.418006868183,993.4222652073931,0.17808315260424828,0.17808315260424828,54,50,3,1,1,45,39,0,6,0
20,300,11,1,0,no_residual_score_only,8,5574.9428940658845,3069.365694205241,0.5505645084674059,0.546705070988696,54,54,0,0,1,45,45,0,0,0
20,300,11,2,0,no_residual,10,13446.025608125892,2789.380661375116,0.20745019700761225,0.19818829003915903,55,50,4,1,0,45,44,0,1,0
20,300,11,2,0,no_residual_score_only,12,14000.486573928427,3529.2405585643883,0.25207985022009927,0.24773061821807332,55,55,0,0,0,44,44,0,0,1
20,300,11,3,0,no_residual,7,10997.570920466966,589.57307322419,0.05360939042702316,0.05310016526620394,55,51,4,0,0,44,38,0,6,1
20,300,11,3,0,no_residual_score_only,14,10753.442640858713,2821.8689817293844,0.262415402766685,0.2505341619090466,55,55,0,0,0,45,45,0,0,0
20,300,11,4,0,no_residual,7,7526.380820859944,6324.508843845719,0.8403120961295043,0.8354205582177624,55,50,4,1,0,45,37,0,8,0
20,300,11,4,0,no_residual_score_only,17,10071.822835476329,9631.335247171082,0.9562653557850818,0.9031462231702978,55,55,0,0,0,45,45,0,0,0
20,300,11,5,0,no_residual,5,15898.320885249657,701.3262243755808,0.044113226134859684,0.044113226134859684,55,50,4,1,0,45,40,0,5,0
20,300,11,5,0,no_residual_score_only,11,16971.489885575524,1624.2036921023337,0.09570189199964013,0.08578497700718464,55,55,0,0,0,44,44,0,0,1
20,300,11,6,0,no_residual,4,14469.363381669658,1031.1285218112216,0.07126288106894146,0.07126288106894146,53,47,4,2,2,41,30,0,11,4
20,300,11,6,0,no_residual_score_only,7,14744.086198335182,1206.3264413053075,0.08181764709443431,0.0806422236503332,55,55,0,0,0,45,45,0,0,0
20,300,11,7,0,no_residual,16,12747.507376297988,3163.7878225694217,0.24818874225183774,0.23845844928979815,54,48,4,2,1,45,41,0,4,0
20,300,11,7,0,no_residual_score_only,9,12583.893048864906,5241.583680479708,0.4165311688621281,0.404846102435836,55,55,0,0,0,44,44,0,0,1
20,300,11,8,0,no_residual,10,18591.7722895914,2128.50901622167,0.11448661176929945,0.11015420312660174,54,49,3,2,1,42,40,0,2,3
20,300,11,8,0,no_residual_score_only,17,19004.002311681983,3155.6441890723495,0.16605155784118897,0.13723290898733345,54,54,0,0,1,45,45,0,0,0
20,300,11,9,0,no_residual,10,17061.411577562034,909.8018408014423,0.053325121234279904,0.04686041506448216,55,51,4,0,0,45,43,0,2,0
20,300,11,9,0,no_residual_score_only,6,17060.202476660772,3846.4697309717594,0.22546448298218771,0.2252778698621886,55,55,0,0,0,45,45,0,0,0
20,300,11,10,1,no_residual,12,10715.940830894644,10715.940830894644,1.0,0.9718638884195063,55,48,4,3,0,45,43,0,2,0
20,300,11,10,1,no_residual_score_only,11,11142.846325946091,9899.81498150956,0.8884457966953977,0.8529538120712822,55,55,0,0,0,43,43,0,0,2
20,300,11,11,1,no_residual,10,15037.93329155302,15037.933291553018,0.9999999999999999,0.9973305983852936,55,51,4,0,0,45,42,0,3,0
20,300,11,11,1,no_residual_score_only,8,14614.161774282135,14602.893982877318,0.9992289813416021,0.9926739633558349,55,55,0,0,0,44,44,0,0,1
20,300,11,12,1,no_residual,7,13554.055493892416,11364.454718404719,0.838454197234595,0.8364050998987639,55,51,4,0,0,43,35,0,8,2
20,300,11,12,1,no_residual_score_only,13,15228.139294293662,15228.139294293662,1.0,0.8631727959060317,55,55,0,0,0,45,45,0,0,0
20,300,11,13,1,no_residual,8,9326.306889849373,7282.891547072639,0.7808976943487931,0.7597010604446799,55,50,4,1,0,44,36,0,8,1
20,300,11,13,1,no_residual_score_only,14,8968.077326600429,7954.7687719758915,0.8870093869932478,0.8246043366856312,54,54,0,0,1,45,45,0,0,0
20,300,11,14,1,no_residual,13,25874.227398217852,24333.00798034878,0.9404341859507956,0.9148952424164503,55,51,4,0,0,44,43,0,1,1
20,300,11,14,1,no_residual_score_only,12,25422.560009701603,25080.13631264228,0.9865307153595606,0.9173784430822686,55,55,0,0,0,43,43,0,0,2
20,300,11,15,1,no_residual,11,16750.784695145343,16750.784695145343,1.0,0.93951967841639,54,50,4,0,1,45,44,0,1,0
20,300,11,15,1,no_residual_score_only,13,18070.001948479785,18070.001948479785,1.0,0.9006798345624291,53,53,0,0,2,43,43,0,0,2
20,300,11,16,1,no_residual,7,7206.505218320683,6245.480466505209,0.8666448267639748,0.856579221136815,54,49,3,2,1,45,33,0,12,0
20,300,11,16,1,no_residual_score_only,6,6249.95277435186,6249.95277435186,1.0,0.999388424336717,54,54,0,0,1,40,40,0,0,5
20,300,11,17,1,no_residual,11,10407.180108698334,9640.984228110776,0.9263781473381852,0.9026814912129959,55,50,4,1,0,44,42,0,2,1
20,300,11,17,1,no_residual_score_only,15,9975.03004203295,8962.636274938726,0.8985071961860585,0.7813484804522002,54,54,0,0,1,41,41,0,0,4
20,300,11,18,1,no_residual,16,17403.100029832156,17403.100029832156,1.0,0.8345892402986403,55,49,4,2,0,45,42,0,3,0
20,300,11,18,1,no_residual_score_only,13,15694.841174584377,15694.841174584377,1.0,0.8768553649408218,55,55,0,0,0,44,44,0,0,1
20,300,11,19,1,no_residual,8,9359.381265388387,8306.457332709964,0.8875006901821378,0.8277726228475888,54,44,4,6,1,45,39,0,6,0
20,300,11,19,1,no_residual_score_only,7,10355.368603486515,10355.368603486515,1.0,0.9881222123789077,55,55,0,0,0,45,45,0,0,0
20,300,11,20,2,no_residual,13,23203.228644267525,23203.22864426753,1.0000000000000002,0.9709455459636579,55,51,4,0,0,45,45,0,0,0
20,300,11,20,2,no_residual_score_only,10,22839.4743327792,22323.292043109534,0.9773995547292943,0.9095339416423178,55,55,0,0,0,45,45,0,0,0
20,300,11,21,2,no_residual,19,26714.364307032258,26061.953603317685,0.9755782807999352,0.8509974138250369,55,51,4,0,0,45,45,0,0,0
20,300,11,21,2,no_residual_score_only,21,26531.346241496773,14576.789328967909,0.5494176283512086,0.5025016150884121,55,55,0,0,0,45,45,0,0,0
20,300,11,22,2,no_residual,8,15052.650169109012,10982.124973693017,0.7295808279814068,0.7284922663287949,55,51,4,0,0,45,45,0,0,0
20,300,11,22,2,no_residual_score_only,10,14405.07573235214,14030.194848150666,0.9739757783182261,0.968767304642133,55,55,0,0,0,45,45,0,0,0
20,300,11,23,2,no_residual,22,22727.326787834703,19143.605604569973,0.8423166430121912,0.6907313622918777,55,51,4,0,0,45,45,0,0,0
20,300,11,23,2,no_residual_score_only,15,22306.217155922983,16730.783730027924,0.7500502489094342,0.7154602950587955,55,55,0,0,0,45,45,0,0,0
20,300,11,24,2,no_residual,18,14672.874573098698,12368.483538381017,0.8429489038949083,0.7668175037316465,55,51,4,0,0,45,45,0,0,0
20,300,11,24,2,no_residual_score_only,12,15124.991020414825,7719.7577925428295,0.5103975124430258,0.45313675658878516,55,55,0,0,0,45,45,0,0,0
20,300,11,25,2,no_residual,7,4112.781987748173,3586.685901294065,0.8720826710432672,0.8449774195155012,55,51,4,0,0,45,45,0,0,0
20,300,11,25,2,no_residual_score_only,9,3885.463724427522,2305.0048722766387,0.5932380368874128,0.5410627797972002,55,55,0,0,0,45,45,0,0,0
20,300,11,26,2,no_residual,16,12061.734424133294,12061.734424133294,1.0,0.869333506448141,55,51,4,0,0,45,45,0,0,0
20,300,11,26,2,no_residual_score_only,8,9726.583745819009,5242.488048015601,0.538985545697799,0.5168879531222803,55,55,0,0,0,45,45,0,0,0
20,300,11,27,2,no_residual,14,17430.718093322997,16411.448423046037,0.9415245163842446,0.7976129882194997,55,51,4,0,0,45,45,0,0,0
20,300,11,27,2,no_residual_score_only,9,17354.030548299117,17354.030548299117,1.0,0.9828402601727743,55,55,0,0,0,45,45,0,0,0
20,300,11,28,2,no_residual,15,19523.984257655546,18121.452881348974,0.9281636699867434,0.8317650272310704,54,51,3,0,1,45,45,0,0,0
20,300,11,28,2,no_residual_score_only,20,19991.559179836666,18839.51777014649,0.9423736088152586,0.8415278520814407,54,54,0,0,1,45,45,0,0,0
20,300,11,29,2,no_residual,8,34171.682832951585,11075.74776111007,0.3241206415046607,0.32014616413212554,55,51,4,0,0,45,45,0,0,0
20,300,11,29,2,no_residual_score_only,14,30960.702434246952,11237.31511253598,0.36295413957100364,0.33567662690380756,55,55,0,0,0,45,45,0,0,0
20,300,12,0,0,no_residual,22,1092.6926891575713,1092.6926891575713,1.0,0.736986984641767,55,50,4,1,0,45,45,0,0,0
20,300,12,0,0,no_residual_score_only,20,1010.9647660491842,1010.9647660491842,1.0,0.8311967880020027,55,55,0,0,0,45,45,0,0,0
20,300,12,1,0,no_residual,20,1081.2638416478335,1081.2638416478335,1.0,0.8423896950627998,55,50,4,1,0,45,43,0,2,0
20,300,12,1,0,no_residual_score_only,12,1064.397424290465,1064.397424290465,1.0,0.9559699639634777,55,55,0,0,0,45,45,0,0,0
20,300,12,2,0,no_residual,11,494.1523386296358,494.1523386296358,1.0,0.9463081062741799,55,51,4,0,0,45,45,0,0,0
20,300,12,2,0,no_residual_score_only,10,367.1374698853956,367.1374698853956,1.0,0.9029454674353808,55,55,0,0,0,45,45,0,0,0
20,300,12,3,0,no_residual,21,1031.5004887695018,1031.5004887695018,1.0,0.9400060032735815,55,51,4,0,0,45,45,0,0,0
20,300,12,3,0,no_residual_score_only,23,914.6387739351371,914.6387739351371,1.0,0.7958127504242081,55,55,0,0,0,45,45,0,0,0
20,300,12,4,0,no_residual,22,1261.992828010444,1261.992828010444,1.0,0.7509211277107064,55,51,4,0,0,45,45,0,0,0
20,300,12,4,0,no_residual_score_only,22,1109.1711414416386,1109.1711414416386,1.0,0.7210135126619337,55,55,0,0,0,45,45,0,0,0
20,300,12,5,0,no_residual,17,928.0296280068628,928.0296280068628,1.0,0.8336916088060203,55,49,4,2,0,45,45,0,0,0
20,300,12,5,0,no_residual_score_only,18,1122.391707594329,1122.391707594329,1.0,0.856526439185081,55,55,0,0,0,45,45,0,0,0
20,300,12,6,0,no_residual,26,770.3141351934523,770.3141351934523,1.0,0.7276375411949083,55,48,4,3,0,45,44,0,1,0
20,300,12,6,0,no_residual_score_only,18,919.9042356911768,919.9042356911768,1.0,0.8477569207296449,55,55,0,0,0,45,45,0,0,0
20,300,12,7,0,no_residual,14,688.092658022224,688.092658022224,1.0,0.8452331858991162,55,51,4,0,0,45,45,0,0,0
20,300,12,7,0,no_residual_score_only,17,1117.1160592045549,1117.1160592045549,1.0,0.766374921289113,55,55,0,0,0,45,45,0,0,0
20,300,12,8,0,no_residual,17,715.6415393490583,715.6415393490583,1.0,0.7543387955543678,55,51,4,0,0,45,45,0,0,0
20,300,12,8,0,no_residual_score_only,15,1002.5942290793096,1002.5942290793096,1.0,0.8591500556490698,55,55,0,0,0,45,45,0,0,0
20,300,12,9,0,no_residual,16,1218.7662342493804,1218.7662342493804,1.0,0.7196697568891635,55,51,4,0,0,45,43,0,2,0
20,300,12,9,0,no_residual_score_only,20,1232.2197044898608,1232.2197044898608,1.0,0.8258035189088098,55,55,0,0,0,45,45,0,0,0
20,300,12,10,1,no_residual,9,776.4385745896102,776.4385745896102,1.0,0.9848109538804297,55,51,4,0,0,45,45,0,0,0
20,300,12,10,1,no_residual_score_only,11,998.0433753643615,998.0433753643615,1.0,0.8435131111078847,55,55,0,0,0,45,45,0,0,0
20,300,12,11,1,no_residual,13,792.7664764718697,792.7664764718697,1.0,0.9177923219940447,55,51,4,0,0,45,45,0,0,0
20,300,12,11,1,no_residual_score_only,10,860.1903015390671,860.1903015390671,1.0,0.9277049678352484,55,55,0,0,0,45,45,0,0,0
20,300,12,12,1,no_residual,12,978.8611243441128,978.8611243441128,1.0,0.9105544945378619,55,51,4,0,0,45,45,0,0,0
20,300,12,12,1,no_residual_score_only,12,1095.0943662398781,1095.0943662398781,1.0,0.7081580915177874,55,55,0,0,0,45,45,0,0,0
20,300,12,13,1,no_residual,14,571.1057958742285,571.1057958742285,1.0,0.8887715120586132,55,51,4,0,0,45,45,0,0,0
20,300,12,13,1,no_residual_score_only,20,886.1907502858644,886.1907502858644,1.0,0.6496238970792978,55,55,0,0,0,45,45,0,0,0
20,300,12,14,1,no_residual,8,1065.812828407736,1065.812828407736,1.0,0.9704802357495973,55,51,4,0,0,45,45,0,0,0
20,300,12,14,1,no_residual_score_only,17,968.6400487792166,968.6400487792166,1.0,0.9534338127991817,55,55,0,0,0,45,45,0,0,0
20,300,12,15,1,no_residual,10,393.62555560946475,393.62555560946475,1.0,0.8840888118350259,55,51,4,0,0,45,45,0,0,0
20,300,12,15,1,no_residual_score_only,13,477.0619815345003,477.0619815345003,1.0,0.7323419941156644,55,55,0,0,0,45,45,0,0,0
20,300,12,16,1,no_residual,15,1439.3155911462982,1439.3155911462982,1.0,0.9367424523054733,55,51,4,0,0,45,45,0,0,0
20,300,12,16,1,no_residual_score_only,13,1276.788493026379,1276.788493026379,1.0,0.8279894201789386,55,55,0,0,0,45,45,0,0,0
20,300,12,17,1,no_residual,20,879.4417912808162,879.4417912808162,1.0,0.8074182608080216,55,51,4,0,0,45,45,0,0,0
20,300,12,17,1,no_residual_score_only,11,744.6584826843823,744.6584826843823,1.0,0.925072634264998,55,55,0,0,0,45,45,0,0,0
20,300,12,18,1,no_residual,12,1163.7679753108632,1163.7679753108632,1.0,0.9802177614629931,55,51,4,0,0,45,45,0,0,0
20,300,12,18,1,no_residual_score_only,19,1346.991983087129,1346.991983087129,1.0,0.8981953305168159,55,55,0,0,0,45,45,0,0,0
20,300,12,19,1,no_residual,17,1119.306809643218,1119.306809643218,1.0,0.8584132420752233,55,51,4,0,0,45,45,0,0,0
20,300,12,19,1,no_residual_score_only,14,1266.4639382132718,1266.4639382132718,1.0,0.9079744305405799,55,55,0,0,0,45,45,0,0,0
20,300,12,20,2,no_residual,18,739.0838969731421,739.0838969731421,1.0,0.8409273322502558,55,51,4,0,0,45,45,0,0,0
20,300,12,20,2,no_residual_score_only,21,1092.369089581115,1092.369089581115,1.0,0.5888262995128793,55,55,0,0,0,45,45,0,0,0
20,300,12,21,2,no_residual,12,330.26897313081645,330.26897313081645,1.0,0.8597740273759219,55,51,4,0,0,45,45,0,0,0
20,300,12,21,2,no_residual_score_only,9,557.1245912109302,557.1245912109302,1.0,0.9708894562284778,55,55,0,0,0,45,45,0,0,0
20,300,12,22,2,no_residual,14,975.6446284447561,975.6446284447561,1.0,0.7545136609567189,55,51,4,0,0,45,45,0,0,0
20,300,12,22,2,no_residual_score_only,11,1113.9633079817822,1113.9633079817822,1.0,0.8948283375967447,55,55,0,0,0,45,45,0,0,0
20,300,12,23,2,no_residual,13,726.1025603070402,726.1025603070402,1.0,0.713598079639366,55,51,4,0,0,45,45,0,0,0
20,300,12,23,2,no_residual_score_only,19,779.1115254659776,779.1115254659776,1.0,0.7088940141353838,55,55,0,0,0,45,45,0,0,0
20,300,12,24,2,no_residual,6,448.8029291299208,448.8029291299208,1.0,0.9956895402187094,55,51,4,0,0,45,45,0,0,0
20,300,12,24,2,no_residual_score_only,17,674.3044768416903,674.3044768416903,1.0,0.7724150212197001,55,55,0,0,0,45,45,0,0,0
20,300,12,25,2,no_residual,14,642.0248577815378,642.0248577815378,1.0,0.7388914252741589,55,51,4,0,0,45,45,0,0,0
20,300,12,25,2,no_residual_score_only,13,810.4901900502937,810.4901900502937,1.0,0.7548494437948391,55,55,0,0,0,45,45,0,0,0
20,300,12,26,2,no_residual,12,1097.4405977866772,1097.4405977866772,1.0,0.8433094241760887,55,51,4,0,0,45,45,0,0,0
20,300,12,26,2,no_residual_score_only,8,637.0588218228813,637.0588218228813,1.0,0.9542131192238762,55,55,0,0,0,45,45,0,0,0
20,300,12,27,2,no_residual,10,669.7675933458454,669.7675933458454,1.0,0.8977621485706098,55,51,4,0,0,45,45,0,0,0
20,300,12,27,2,no_residual_score_only,21,662.2119107689268,662.2119107689268,1.0,0.8659228876289591,55,55,0,0,0,45,45,0,0,0
20,300,12,28,2,no_residual,15,814.8658552521374,814.8658552521374,1.0,0.7641201029910569,55,51,4,0,0,45,45,0,0,0
20,300,12,28,2,no_residual_score_only,9,928.7649374625425,928.7649374625425,1.0,0.9315773758598331,55,55,0,0,0,45,45,0,0,0
20,300,12,29,2,no_residual,16,1223.4114545289372,1223.4114545289372,1.0,0.8329715085203879,55,51,4,0,0,45,45,0,0,0
20,300,12,29,2,no_residual_score_only,20,1190.9654712867546,1190.9654712867546,1.0,0.689955519433954,55,55,0,0,0,45,45,0,0,0
20,600,1,0,0,no_residual,5,70298.992912333,2392.3827893904454,0.03403153715692469,0.03403153715692469,159,152,4,3,1,89,74,0,15,1
20,600,1,0,0,no_residual_score_only,15,74369.18505279812,10210.06790068858,0.1372889576971965,0.10392338372864747,159,159,0,0,1,90,90,0,0,0
20,600,1,1,0,no_residual,5,45132.72290461081,6360.124025270092,0.14092045894754412,0.14092045894754412,160,155,4,1,0,90,90,0,0,0
20,600,1,1,0,no_residual_score_only,3,39207.3281362077,5914.676624475491,0.1508564063311758,0.1508564063311758,160,160,0,0,0,90,90,0,0,0
20,600,1,2,0,no_residual,4,80125.54770508772,3529.3985631959986,0.044048354916541715,0.044048354916541715,160,153,4,3,0,88,69,0,19,2
20,600,1,2,0,no_residual_score_only,8,74116.4077641816,6017.0255878828975,0.08118344870446836,0.0784725858610813,160,160,0,0,0,85,85,0,0,5
20,600,1,3,0,no_residual,5,46322.31164488774,10718.96286623985,0.2313995671980421,0.2313995671980421,160,155,4,1,0,88,83,0,5,2
20,600,1,3,0,no_residual_score_only,5,42340.090314289046,3004.1038721967307,0.07095175872080976,0.07095175872080976,160,160,0,0,0,90,90,0,0,0
20,600,1,4,0,no_residual,1,75207.1619828212,140.8214580887361,0.0018724474421851274,0.0018724474421851274,159,147,4,8,1,89,83,0,6,1
20,600,1,4,0,no_residual_score_only,5,79017.36924787212,36089.50253089923,0.4567287278027305,0.4567287278027305,156,156,0,0,4,89,89,0,0,1
20,600,1,5,0,no_residual,2,62303.35446356496,626.9013291830634,0.010062079876448317,0.010062079876448317,158,151,4,3,2,87,79,0,8,3
20,600,1,5,0,no_residual_score_only,5,61356.56695181754,4231.592750236152,0.06896723464921306,0.06896723464921306,157,157,0,0,3,86,86,0,0,4
20,600,1,6,0,no_residual,1,58871.74804168917,95.22877576013161,0.0016175632443034772,0.0016175632443034772,159,154,4,1,1,87,83,0,4,3
20,600,1,6,0,no_residual_score_only,4,60602.10390260807,4598.547347800033,0.07588098517487493,0.07588098517487493,159,159,0,0,1,90,90,0,0,0
20,600,1,7,0,no_residual,5,42879.04649066123,12934.710920529807,0.30165574981586635,0.30165574981586635,158,152,4,2,2,85,82,0,3,5
20,600,1,7,0,no_residual_score_only,3,49472.634162413364,12958.296655657365,0.26192857677876347,0.26192857677876347,159,159,0,0,1,82,82,0,0,8
20,600,1,8,0,no_residual,1,64122.0197801312,3042.3587266202994,0.04744639574754946,0.04744639574754946,160,151,4,5,0,88,67,0,21,2
20,600,1,8,0,no_residual_score_only,5,70875.55615721579,10131.554847733958,0.1429485057621304,0.1429485057621304,160,160,0,0,0,89,89,0,0,1
20,600,1,9,0,no_residual,8,49067.401080830605,7534.668937666567,0.1535575304926874,0.13984573248616516,159,153,4,2,1,90,89,0,1,0
20,600,1,9,0,no_residual_score_only,4,40183.6092584854,1967.399873696042,0.048960257926074544,0.048960257926074544,159,159,0,0,1,90,90,0,0,0
20,600,1,10,1,no_residual,6,66570.07021819266,57537.03168947855,0.8643078113166012,0.847105704479107,159,154,4,1,1,90,87,0,3,0
20,600,1,10,1,no_residual_score_only,4,55965.07299173339,55965.07299173339,1.0,1.0,159,159,0,0,1,88,88,0,0,2
20,600,1,11,1,no_residual,4,44650.26912886639,39151.65916634834,0.8768515829849007,0.8768515829849007,159,155,4,0,1,89,85,0,4,1
20,600,1,11,1,no_residual_score_only,6,54840.611952064784,49609.886114459034,0.904619484513086,0.8778790662139125,158,158,0,0,2,88,88,0,0,2
20,600,1,12,1,no_residual,6,58875.64017331589,58875.64017331589,1.0,0.9855486303877659,160,154,4,2,0,89,88,0,1,1
20,600,1,12,1,no_residual_score_only,2,46306.99384627776,43802.85000252615,0.9459229883921111,0.9459229883921111,159,159,0,0,1,88,88,0,0,2
20,600,1,13,1,no_residual,3,78193.64448585015,41840.23383529263,0.5350848411070545,0.5350848411070545,157,153,4,0,3,89,85,0,4,1
20,600,1,13,1,no_residual_score_only,6,66114.24384807711,53416.52302154927,0.8079427353702217,0.8041770342963103,157,157,0,0,3,89,89,0,0,1
20,600,1,14,1,no_residual,4,53184.54741130081,50297.88671351377,0.945723695353405,0.945723695353405,160,153,4,3,0,90,87,0,3,0
20,600,1,14,1,no_residual_score_only,3,60371.44042349735,60371.440423497355,1.0000000000000002,1.0000000000000002,158,158,0,0,2,87,87,0,0,3
20,600,1,15,1,no_residual,6,35937.35281576887,35937.35281576887,1.0,0.998419151929705,160,154,4,2,0,90,88,0,2,0
20,600,1,15,1,no_residual_score_only,3,31207.50569245635,31207.50569245635,1.0,1.0,160,160,0,0,0,89,89,0,0,1
20,600,1,16,1,no_residual,3,40711.565760221536,21380.95773064503,0.525181415437869,0.525181415437869,157,152,4,1,3,90,86,0,4,0
20,600,1,16,1,no_residual_score_only,4,43809.07471251002,43809.07471251002,1.0,1.0,159,159,0,0,1,88,88,0,0,2
20,600,1,17,1,no_residual,6,45414.62375315548,11334.254028260028,0.24957278276410924,0.24852336769974223,158,151,3,4,2,90,86,0,4,0
20,600,1,17,1,no_residual_score_only,7,38859.29569968387,38859.29569968387,1.0,0.9137406042803861,159,159,0,0,1,88,88,0,0,2
20,600,1,18,1,no_residual,5,44170.56798720389,41530.74864386638,0.9402357845137453,0.9402357845137453,160,152,4,4,0,89,84,0,5,1
20,600,1,18,1,no_residual_score_only,2,46910.29204784932,42773.86894880825,0.9118226956502031,0.9118226956502031,159,159,0,0,1,87,87,0,0,3
20,600,1,19,1,no_residual,4,39997.7904769093,39997.79047690931,1.0000000000000002,1.0,160,155,4,1,0,88,81,0,7,2
20,600,1,19,1,no_residual_score_only,3,33349.43962305645,33349.43962305645,1.0,1.0,158,158,0,0,2,87,87,0,0,3
20,600,1,20,2,no_residual,3,50438.14991463566,3616.785815163221,0.07170734496178927,0.07170734496178927,160,156,4,0,0,90,90,0,0,0
20,600,1,20,2,no_residual_score_only,7,58495.35212307059,10389.973385751486,0.17762049476839847,0.17596190539871978,160,160,0,0,0,90,90,0,0,0
20,600,1,21,2,no_residual,6,65542.37720879493,11718.650492244047,0.17879501768623,0.17851583733876486,160,156,4,0,0,90,90,0,0,0
20,600,1,21,2,no_residual_score_only,5,69852.57952346625,22463.42625797474,0.3215833461157778,0.3215833461157778,160,160,0,0,0,90,90,0,0,0
20,600,1,22,2,no_residual,6,76326.22985404896,12765.309653974153,0.16724669459481992,0.1666404361670599,160,156,4,0,0,90,90,0,0,0
20,600,1,22,2,no_residual_score_only,11,74492.91757783788,28469.307960748,0.38217469373515045,0.35237883581175306,160,160,0,0,0,90,90,0,0,0
20,600,1,23,2,no_residual,8,63696.166280972735,39790.75299681678,0.6246961994744579,0.6204508310036596,160,156,4,0,0,89,89,0,0,1
20,600,1,23,2,no_residual_score_only,3,71862.75845682409,5862.262312665454,0.08157580419331613,0.08157580419331613,160,160,0,0,0,90,90,0,0,0
20,600,1,24,2,no_residual,7,37967.061177094096,6754.529992600379,0.17790499931228423,0.17031535485728666,160,156,4,0,0,90,90,0,0,0
20,600,1,24,2,no_residual_score_only,8,37662.527966592854,20136.646870281966,0.5346599911759357,0.5205896751632023,160,160,0,0,0,90,90,0,0,0
20,600,1,25,2,no_residual,9,51095.74237637232,28415.1197087853,0.5561152140520619,0.5450069074990559,160,156,4,0,0,90,90,0,0,0
20,600,1,25,2,no_residual_score_only,9,55666.364018239416,9197.977512424874,0.16523402730976108,0.15073319631137236,160,160,0,0,0,90,90,0,0,0
20,600,1,26,2,no_residual,8,74523.0929511626,62539.002455211354,0.8391895716968589,0.8347620953566596,160,156,4,0,0,90,90,0,0,0
20,600,1,26,2,no_residual_score_only,5,61682.22895914829,52374.37294444124,0.8490998757377659,0.8490998757377659,160,160,0,0,0,90,90,0,0,0
20,600,1,27,2,no_residual,6,67790.73717643705,23963.431324912777,0.35349123380298736,0.3512258446527571,160,156,4,0,0,90,90,0,0,0
20,600,1,27,2,no_residual_score_only,5,62232.82567039467,16597.726518024658,0.2667037265177646,0.2667037265177646,160,160,0,0,0,90,90,0,0,0
20,600,1,28,2,no_residual,9,76414.24363340804,54313.1471501976,0.7107725545352657,0.6214935432092351,160,156,4,0,0,90,90,0,0,0
20,600,1,28,2,no_residual_score_only,11,85938.29828767708,82930.56099954041,0.965001200302241,0.9195883061160992,160,160,0,0,0,90,90,0,0,0
20,600,1,29,2,no_residual,10,56284.24865295987,36628.67017864222,0.6507801215307863,0.6072188832246839,160,156,4,0,0,90,90,0,0,0
20,600,1,29,2,no_residual_score_only,8,53808.58753527247,17284.35200692173,0.3212192105134062,0.3024333862918613,160,160,0,0,0,90,90,0,0,0
20,600,2,0,0,no_residual,66,8144.306763049225,457.52487906531326,0.056177264974976965,0.026886560195488535,153,130,4,19,7,90,81,0,9,0
20,600,2,0,0,no_residual_score_only,93,8170.416998215629,342.11544478218764,0.04187245826705095,0.015433233717957745,151,151,0,0,9,90,90,0,0,0
20,600,2,1,0,no_residual,89,9586.014827607842,293.3711457377585,0.03060407802550503,0.01150415372373443,159,140,4,15,1,90,90,0,0,0
20,600,2,1,0,no_residual_score_only,68,9595.093098239318,423.17993724000087,0.044103786477866856,0.029536105936759094,157,157,0,0,3,90,90,0,0,0
20,600,2,2,0,no_residual,101,4905.286144017436,556.6090491599006,0.1134712701396125,0.03941816286266057,159,150,3,6,1,90,90,0,0,0
20,600,2,2,0,no_residual_score_only,95,4923.7188955293905,392.3577431051758,0.07968727529539238,0.0315468533582433,158,158,0,0,2,90,90,0,0,0
20,600,2,3,0,no_residual,103,7051.605283374508,543.4300087306283,0.07706472312224667,0.02068724042508085,159,139,4,16,1,90,90,0,0,0
20,600,2,3,0,no_residual_score_only,94,7011.715015300781,641.6614652252488,0.09151277024594297,0.04616495858948287,158,158,0,0,2,90,90,0,0,0
20,600,2,4,0,no_residual,90,4398.120958202344,697.4766871415991,0.15858515347124075,0.0769313252250945,158,150,3,5,2,90,90,0,0,0
20,600,2,4,0,no_residual_score_only,98,4342.898716742047,599.7759184497686,0.13810497494164636,0.08249130655663325,156,156,0,0,4,90,90,0,0,0
20,600,2,5,0,no_residual,86,4939.065195351464,474.36243910202893,0.09604295961682953,0.05217656522605405,156,142,4,10,4,90,90,0,0,0
20,600,2,5,0,no_residual_score_only,67,4846.543306070085,443.3167693300911,0.09147071249210878,0.0398490946236562,159,159,0,0,1,90,90,0,0,0
20,600,2,6,0,no_residual,79,4802.258273059491,473.5421817851767,0.09860822864145657,0.04717501539835194,158,153,3,2,2,90,80,0,10,0
20,600,2,6,0,no_residual_score_only,98,4857.592918781578,438.09449975570396,0.09018756966271074,0.04496790985636965,153,153,0,0,7,90,90,0,0,0
20,600,2,7,0,no_residual,96,8281.403960238436,1315.9296696715278,0.15890176061809208,0.09040548122097392,157,136,4,17,3,90,90,0,0,0
20,600,2,7,0,no_residual_score_only,85,8392.524129918937,660.0789857513838,0.07865082965900981,0.038772570786773874,160,160,0,0,0,90,90,0,0,0
20,600,2,8,0,no_residual,106,9356.140342289546,383.89104723380615,0.041030920143280365,0.012963164090093073,156,141,3,12,4,90,90,0,0,0
20,600,2,8,0,no_residual_score_only,103,9395.268207145818,329.16844545219703,0.03503555600486629,0.011418132400126912,159,159,0,0,1,90,90,0,0,0
20,600,2,9,0,no_residual,101,6709.473895279267,569.1346152904732,0.08482552047648802,0.032362381788660764,158,150,3,5,2,90,90,0,0,0
20,600,2,9,0,no_residual_score_only,112,6641.31122116308,659.5745454660247,0.09931390406223346,0.03478777393636299,159,159,0,0,1,90,90,0,0,0
20,600,2,10,1,no_residual,91,9342.298279356608,5387.6869085483195,0.5766982328591806,0.4606598992577407,158,124,4,30,2,90,90,0,0,0
20,600,2,10,1,no_residual_score_only,105,9329.678800608424,2765.7564085565555,0.2964471197418061,0.2150586612879385,149,149,0,0,11,90,90,0,0,0
20,600,2,11,1,no_residual,89,5310.789797324602,3935.4113989866173,0.7410218722964983,0.6468086645035932,155,133,4,18,5,90,90,0,0,0
20,600,2,11,1,no_residual_score_only,88,5276.64270649338,1774.0801776648038,0.33621381555390134,0.2721524960040326,154,154,0,0,6,90,90,0,0,0
20,600,2,12,1,no_residual,91,7618.667245150297,4122.927144383091,0.5411612046723214,0.47902108066626137,154,138,4,12,6,90,90,0,0,0
20,600,2,12,1,no_residual_score_only,60,7700.445387583053,4950.355258922751,0.6428660953696503,0.5570221979700787,156,156,0,0,4,90,90,0,0,0
20,600,2,13,1,no_residual,94,8870.39214066634,1940.1608462737522,0.218723232919893,0.1673692221275413,158,130,4,24,2,90,90,0,0,0
20,600,2,13,1,no_residual_score_only,94,8786.128873739064,4898.585043972868,0.5575362158201767,0.492482253463917,149,149,0,0,11,90,90,0,0,0
20,600,2,14,1,no_residual,67,6374.635300374277,2732.5243783792303,0.42865579748833543,0.39139781858587275,152,107,4,41,8,90,90,0,0,0
20,600,2,14,1,no_residual_score_only,80,6240.461241844131,2930.589264489935,0.46961100324435484,0.40776864265529195,151,151,0,0,9,90,90,0,0,0
20,600,2,15,1,no_residual,104,10713.024357904818,1977.7996383861628,0.18461636717243193,0.14200751343539494,150,112,4,34,10,90,90,0,0,0
20,600,2,15,1,no_residual_score_only,91,10708.635557235344,1857.2747198276015,0.1734371022247297,0.1364642813113236,144,144,0,0,16,90,90,0,0,0
20,600,2,16,1,no_residual,117,9063.635766541673,1430.6418636325125,0.1578441478102765,0.10899818717302663,148,133,4,11,12,90,89,0,1,0
20,600,2,16,1,no_residual_score_only,112,9186.058946588983,3263.0640041380675,0.355219144914123,0.30775376969575724,156,156,0,0,4,90,90,0,0,0
20,600,2,17,1,no_residual,79,5624.672964722986,4674.73117065021,0.8311116397289845,0.7387666436264858,158,142,4,12,2,90,90,0,0,0
20,600,2,17,1,no_residual_score_only,93,5712.628352694535,3567.904685301508,0.6245644675307115,0.5059602382693914,149,149,0,0,11,90,90,0,0,0
20,600,2,18,1,no_residual,90,8258.222321639221,687.9876284897612,0.08330940990617441,0.03924639867338345,155,122,4,29,5,90,90,0,0,0
20,600,2,18,1,no_residual_score_only,95,8232.043863337029,606.2018709331998,0.07363929067883554,0.025271334371278972,149,149,0,0,11,90,90,0,0,0
20,600,2,19,1,no_residual,88,6903.634155606251,818.8690807512147,0.118614205546543,0.06142790685055386,153,128,3,22,7,90,89,0,1,0
20,600,2,19,1,no_residual_score_only,113,6896.396966115954,1099.2420453189552,0.15939367335144103,0.0748813389327026,145,145,0,0,15,90,90,0,0,0
20,600,2,20,2,no_residual,90,8901.30187740996,2897.87717785956,0.32555655540836065,0.2817230293671189,160,156,4,0,0,90,90,0,0,0
20,600,2,20,2,no_residual_score_only,106,8891.255020673147,3656.757899481594,0.4112757862618077,0.3415800281540155,160,160,0,0,0,90,90,0,0,0
20,600,2,21,2,no_residual,86,7214.408427518909,1871.484887750054,0.25940933432759256,0.2021116190281441,160,156,4,0,0,90,90,0,0,0
20,600,2,21,2,no_residual_score_only,74,7231.07356432189,5854.3486353848175,0.809609884799149,0.7597572234266168,160,160,0,0,0,90,90,0,0,0
20,600,2,22,2,no_residual,71,3762.3744356257776,1089.900761238791,0.28968428844257577,0.23090263702952846,159,156,3,0,1,90,90,0,0,0
20,600,2,22,2,no_residual_score_only,85,3802.347681774493,999.083524271249,0.26275438436629056,0.1930652953860406,159,159,0,0,1,90,90,0,0,0
20,600,2,23,2,no_residual,101,5866.67619645716,4792.322644738189,0.8168718511569184,0.7138835601158336,160,156,4,0,0,90,90,0,0,0
20,600,2,23,2,no_residual_score_only,114,6076.297604978917,3891.4441440507953,0.6404301429972994,0.5293191311816853,160,160,0,0,0,90,90,0,0,0
20,600,2,24,2,no_residual,96,8612.244046333479,3138.7214369980384,0.3644487336995864,0.30699422152468275,160,156,4,0,0,90,90,0,0,0
20,600,2,24,2,no_residual_score_only,77,8593.506328557576,4615.74827463009,0.5371204835552668,0.5171364227269497,160,160,0,0,0,90,90,0,0,0
20,600,2,25,2,no_residual,91,7517.111294275358,831.7481362125643,0.11064730900631743,0.06636395509301049,160,156,4,0,0,90,90,0,0,0
20,600,2,25,2,no_residual_score_only,90,7538.224646049358,560.1421642377003,0.07430690786473979,0.04761256929436461,160,160,0,0,0,90,90,0,0,0
20,600,2,26,2,no_residual,86,7285.405458280101,4477.05732733683,0.6145241130332023,0.5686935567769947,160,156,4,0,0,90,90,0,0,0
20,600,2,26,2,no_residual_score_only,104,7335.029920509313,711.9435712626918,0.09706075898505093,0.051424007983851085,160,160,0,0,0,90,90,0,0,0
20,600,2,27,2,no_residual,68,3801.0128689417897,1059.266639167732,0.2786800980925471,0.20307329773957397,160,156,4,0,0,90,90,0,0,0
20,600,2,27,2,no_residual_score_only,73,3839.82600274208,1950.2865796400476,0.507910144430325,0.4434521160178553,160,160,0,0,0,90,90,0,0,0
20,600,2,28,2,no_residual,85,3760.235735224852,3342.4596247196323,0.8888962980188694,0.8174945153285128,160,156,4,0,0,90,90,0,0,0
20,600,2,28,2,no_residual_score_only,81,3712.6511124815834,3234.7580866310263,0.8712798452179022,0.8116468573399831,160,160,0,0,0,90,90,0,0,0
20,600,2,29,2,no_residual,70,6028.565675915556,4280.177984474083,0.7099828076143591,0.6453770516390588,160,156,4,0,0,90,90,0,0,0
20,600,2,29,2,no_residual_score_only,93,6177.312617888725,3068.080512858387,0.49666913472593394,0.431296163265754,160,160,0,0,0,90,90,0,0,0
20,600,3,0,0,no_residual,149,2.1817353661239167,1.0463394728537878,0.4795904622991561,0.2577856992021968,136,105,0,31,24,90,89,0,1,0
20,600,3,0,0,no_residual_score_only,148,2.199658549253627,0.9010273949123757,0.4096214820332484,0.18602727246027825,128,128,0,0,32,90,90,0,0,0
20,600,3,1,0,no_residual,118,2.797062847112784,0.6514369107820812,0.23290034811141797,0.13373014302973052,124,88,1,35,36,90,71,0,19,0
20,600,3,1,0,no_residual_score_only,131,2.8173491343112573,0.44898237806205543,0.15936341456374586,0.07837862567561524,112,112,0,0,48,89,89,0,0,1
20,600,3,2,0,no_residual,146,2.3183338482044746,0.8179366040552623,0.3528122598428805,0.06926171552700501,134,97,2,35,26,90,89,0,1,0
20,600,3,2,0,no_residual_score_only,151,2.34227692807724,1.295032990190066,0.5528949095071991,0.2335760503836976,129,129,0,0,31,90,90,0,0,0
20,600,3,3,0,no_residual,143,2.497127540221868,0.5898583591368833,0.23621475060279654,0.06377329050953115,125,89,2,34,35,90,90,0,0,0
20,600,3,3,0,no_residual_score_only,121,2.5383421330279816,1.0285816493151287,0.40521789239188827,0.2857530512116847,119,119,0,0,41,90,90,0,0,0
20,600,3,4,0,no_residual,135,3.188768548711437,0.8377256123720827,0.2627113255713096,0.12644000387044912,124,84,2,38,36,90,89,0,1,0
20,600,3,4,0,no_residual_score_only,145,3.18988873398348,0.8345480611556013,0.2616229375854849,0.10370517780292046,128,128,0,0,32,90,90,0,0,0
20,600,3,5,0,no_residual,108,2.468174317633725,0.3197566045239455,0.12955187250732794,0.03814493565231991,111,78,0,33,49,90,56,0,34,0
20,600,3,5,0,no_residual_score_only,118,2.5584977437629277,0.6256378415191648,0.24453327857893817,0.15426720696956672,130,130,0,0,30,90,90,0,0,0
20,600,3,6,0,no_residual,147,2.034461957436406,0.7025161921092149,0.345308099540207,0.0894993851038117,130,95,1,34,30,90,90,0,0,0
20,600,3,6,0,no_residual_score_only,152,2.0779477038448704,1.0810504004963377,0.5202490892797963,0.24876629303904818,133,133,0,0,27,90,90,0,0,0
20,600,3,7,0,no_residual,138,2.8028625423592075,1.053842715726546,0.3759880121839697,0.20231924550018543,139,100,1,38,21,90,90,0,0,0
20,600,3,7,0,no_residual_score_only,151,2.774669802983226,0.8216444384780743,0.2961233216271974,0.08627199264809925,136,136,0,0,24,89,89,0,0,1
20,600,3,8,0,no_residual,141,2.9335174564143927,0.5986813244976474,0.20408309593951054,0.07711315893390643,126,97,1,28,34,90,89,0,1,0
20,600,3,8,0,no_residual_score_only,153,2.926006523474939,0.7052690759899178,0.24103469022766805,0.09313312774942005,122,122,0,0,38,90,90,0,0,0
20,600,3,9,0,no_residual,132,2.3952231273509597,0.851880769172908,0.35565820964456907,0.18311368391271265,128,105,1,22,32,90,89,0,1,0
20,600,3,9,0,no_residual_score_only,135,2.4046253288713615,1.0901231659253199,0.4533442914522495,0.256986530599212,132,132,0,0,28,90,90,0,0,0
20,600,3,10,1,no_residual,133,2.414337644116813,1.8287527953480094,0.7574552796309416,0.4970460729645842,141,116,4,21,19,90,90,0,0,0
20,600,3,10,1,no_residual_score_only,153,2.4470887014732625,2.4470887014732625,1.0,0.5852100900675425,154,154,0,0,6,90,90,0,0,0
20,600,3,11,1,no_residual,160,2.5847035641147613,1.9049279011921953,0.7370005317590904,0.37511398318191824,150,119,4,27,10,90,90,0,0,0
20,600,3,11,1,no_residual_score_only,167,2.6509284795102985,2.529996099602954,0.9543811231264586,0.5085192436600044,153,153,0,0,7,90,90,0,0,0
20,600,3,12,1,no_residual,163,2.6586480129650454,2.3271003711087133,0.875294645910432,0.4555505703984945,154,131,4,19,6,90,90,0,0,0
20,600,3,12,1,no_residual_score_only,160,2.662966307185684,2.294421264574339,0.8616035653110323,0.5340032008698112,146,146,0,0,14,90,90,0,0,0
20,600,3,13,1,no_residual,149,1.340375845502649,1.299862261153521,0.9697744595405364,0.429804397677788,158,144,4,10,2,90,90,0,0,0
20,600,3,13,1,no_residual_score_only,136,1.4029255596507255,1.4029255596507255,1.0,0.5070914501244963,160,160,0,0,0,90,90,0,0,0
20,600,3,14,1,no_residual,149,2.500200037989657,2.358499837133536,0.9433244545624203,0.5277211571470977,147,119,3,25,13,90,90,0,0,0
20,600,3,14,1,no_residual_score_only,156,2.4757739603710434,2.267537632671406,0.9158904120356653,0.5981234896081056,152,152,0,0,8,90,90,0,0,0
20,600,3,15,1,no_residual,166,2.44533706389052,2.286891107905717,0.9352048605795407,0.521546674529554,149,119,4,26,11,90,90,0,0,0
20,600,3,15,1,no_residual_score_only,157,2.429496429864116,2.429496429864116,1.0,0.5692129320798714,151,151,0,0,9,90,90,0,0,0
20,600,3,16,1,no_residual,147,2.3381273791499098,2.1133946141882234,0.9038834381027632,0.39567823718884254,150,117,4,29,10,90,90,0,0,0
20,600,3,16,1,no_residual_score_only,151,2.402251378208348,2.32023751580266,0.9658595835766131,0.608113489198049,153,153,0,0,7,90,90,0,0,0
20,600,3,17,1,no_residual,155,2.31992252681664,2.137675180535325,0.9214424860422422,0.5168984668681347,154,128,4,22,6,90,90,0,0,0
20,600,3,17,1,no_residual_score_only,152,2.4090602709986797,2.295806760248638,0.9529885108673133,0.47859814540231904,154,154,0,0,6,90,90,0,0,0
20,600,3,18,1,no_residual,127,2.6317734466769025,1.7714447539617595,0.6730992579161911,0.37344728707076064,138,119,4,15,22,90,90,0,0,0
20,600,3,18,1,no_residual_score_only,125,2.6624486397204237,2.4358974784025804,0.914908720514649,0.5889926388067792,150,150,0,0,10,90,90,0,0,0
20,600,3,19,1,no_residual,157,1.9663257131372802,1.7065377100007026,0.8678815003023661,0.4745433736749949,150,133,4,13,10,90,90,0,0,0
20,600,3,19,1,no_residual_score_only,145,2.0148474091536173,1.9543156461743365,0.9699571477699601,0.5286754684178085,152,152,0,0,8,90,90,0,0,0
20,600,3,20,2,no_residual,159,3.3047691290215653,2.5987395412619207,0.7863603900316398,0.4199054596023686,160,156,4,0,0,90,90,0,0,0
20,600,3,20,2,no_residual_score_only,162,3.291524828434717,2.8062519042957774,0.8525689613680627,0.5879953470696477,160,160,0,0,0,90,90,0,0,0
20,600,3,21,2,no_residual,166,2.4583621177098394,2.254518378724015,0.917081483839443,0.5291751088813815,160,156,4,0,0,90,90,0,0,0
20,600,3,21,2,no_residual_score_only,162,2.4744874941761736,2.4365567316812076,0.9846712652279561,0.5854307106928731,160,160,0,0,0,90,90,0,0,0
20,600,3,22,2,no_residual,157,2.651113804480133,2.5762864146404354,0.9717751121384355,0.611409250754613,160,156,4,0,0,90,90,0,0,0
20,600,3,22,2,no_residual_score_only,167,2.628841516308057,2.628841516308057,1.0,0.5931095660751964,160,160,0,0,0,90,90,0,0,0
20,600,3,23,2,no_residual,142,2.352699958242738,2.263821833422412,0.9622229241306614,0.5549511434958692,160,156,4,0,0,90,90,0,0,0
20,600,3,23,2,no_residual_score_only,160,2.3377494077410574,2.2623987478629033,0.9677678627022027,0.6396829697187087,160,160,0,0,0,90,90,0,0,0
20,600,3,24,2,no_residual,170,2.4028419500584732,2.4028419500584732,1.0,0.6491712165918161,160,156,4,0,0,90,90,0,0,0
20,600,3,24,2,no_residual_score_only,148,2.4143944210829886,2.0006839930530305,0.8286483664734504,0.5189312292086068,160,160,0,0,0,90,90,0,0,0
20,600,3,25,2,no_residual,143,2.07837517445671,2.07837517445671,1.0,0.6066850020756974,160,156,4,0,0,90,90,0,0,0
20,600,3,25,2,no_residual_score_only,153,2.0560558064040606,1.8670425350106825,0.9080699702777266,0.522871582663343,160,160,0,0,0,90,90,0,0,0
20,600,3,26,2,no_residual,157,2.5464852585342896,2.1781709042384136,0.855363641685532,0.5356833682616481,160,156,4,0,0,90,90,0,0,0
20,600,3,26,2,no_residual_score_only,142,2.576910831917189,2.5089667616782663,0.9736335190968275,0.5952038413686803,160,160,0,0,0,90,90,0,0,0
20,600,3,27,2,no_residual,151,1.9507989685723715,1.9507989685723715,1.0,0.5859711404762421,160,156,4,0,0,90,90,0,0,0
20,600,3,27,2,no_residual_score_only,155,1.95565739243375,1.8157977450404132,0.9284845863419431,0.5519028379348374,160,160,0,0,0,90,90,0,0,0
20,600,3,28,2,no_residual,169,2.9295776561034472,2.2964830142462915,0.783895593094051,0.37836226745251217,160,156,4,0,0,90,90,0,0,0
20,600,3,28,2,no_residual_score_only,169,2.9582694534533402,2.9318974059971197,0.9910853125886031,0.5454821162537546,160,160,0,0,0,90,90,0,0,0
20,600,3,29,2,no_residual,158,2.5925490293498115,2.546568415357001,0.982264322305086,0.6498579931315682,160,156,4,0,0,90,90,0,0,0
20,600,3,29,2,no_residual_score_only,155,2.5827759715811,2.5563694274673026,0.9897759060776642,0.6783375716768617,160,160,0,0,0,90,90,0,0,0
20,600,4,0,0,no_residual,22,444.9902755753408,204.61651114103415,0.45982243292053865,0.31150127651279724,156,144,3,9,4,90,90,0,0,0
20,600,4,0,0,no_residual_score_only,15,462.7782454448102,154.5686541346729,0.33400155615808086,0.24466299580834452,157,157,0,0,3,89,89,0,0,1
20,600,4,1,0,no_residual,5,247.809394248643,86.15663007857415,0.34767297801522284,0.34767297801522284,158,138,4,16,2,90,89,0,1,0
20,600,4,1,0,no_residual_score_only,20,433.60905976113827,243.93817086723357,0.5625762778148858,0.38010275734504895,158,158,0,0,2,90,90,0,0,0
20,600,4,2,0,no_residual,17,438.2966862181388,249.04851457709788,0.5682190224298143,0.47139625302870686,155,141,4,10,5,90,90,0,0,0
20,600,4,2,0,no_residual_score_only,23,479.1210432989776,276.03785965907537,0.5761338674636844,0.4260748052929861,152,152,0,0,8,90,90,0,0,0
20,600,4,3,0,no_residual,17,405.9821265092784,157.52121031546505,0.3880003577247755,0.2838168409846408,155,141,4,10,5,89,89,0,0,1
20,600,4,3,0,no_residual_score_only,14,422.5197368672991,222.6615615342714,0.5269849952694702,0.43448584429485604,150,150,0,0,10,90,90,0,0,0
20,600,4,4,0,no_residual,10,411.60785487982207,160.0198278011776,0.3887676726866617,0.3508413663204879,158,138,4,16,2,90,90,0,0,0
20,600,4,4,0,no_residual_score_only,5,314.94507589136515,143.8172040695838,0.4566421737585478,0.4566421737585478,151,151,0,0,9,89,89,0,0,1
20,600,4,5,0,no_residual,7,349.9900482977089,151.57838619254994,0.4330934177408787,0.41901619307849236,156,140,4,12,4,90,90,0,0,0
20,600,4,5,0,no_residual_score_only,4,288.9177359542564,64.98972803799165,0.2249419815759643,0.2249419815759643,155,155,0,0,5,90,90,0,0,0
20,600,4,6,0,no_residual,9,398.6798666252914,160.47372735726526,0.40251274466310144,0.3866904290685788,154,142,3,9,6,88,87,0,1,2
20,600,4,6,0,no_residual_score_only,22,468.1655985966138,187.1827568418704,0.399821681479747,0.2812800739699345,157,157,0,0,3,90,90,0,0,0
20,600,4,7,0,no_residual,9,438.5938927514412,135.59146479539595,0.3091503713031362,0.29332511441417036,155,118,2,35,5,89,84,0,5,1
20,600,4,7,0,no_residual_score_only,22,521.6835218154836,205.4928062479005,0.39390319543307734,0.31478280418695637,153,153,0,0,7,89,89,0,0,1
20,600,4,8,0,no_residual,5,371.0392570044926,77.57768948584203,0.20908216050277048,0.20908216050277048,157,132,3,22,3,88,72,0,16,2
20,600,4,8,0,no_residual_score_only,18,439.81284265768863,160.92716863164253,0.3658992030773735,0.3245507011790325,156,156,0,0,4,89,89,0,0,1
20,600,4,9,0,no_residual,11,538.1221696367336,80.92694747122061,0.15038768524599425,0.12829052405872338,153,140,4,9,7,90,87,0,3,0
20,600,4,9,0,no_residual_score_only,9,408.04315302539635,73.93379458775121,0.18119111677178323,0.1647499318382795,156,156,0,0,4,90,90,0,0,0
20,600,4,10,1,no_residual,7,237.090802239627,43.01922750915537,0.18144621007134623,0.1769018903361002,141,110,4,27,19,90,89,0,1,0
20,600,4,10,1,no_residual_score_only,14,314.6839389326458,179.23429563391278,0.5695692517446074,0.5059787064818313,146,146,0,0,14,89,89,0,0,1
20,600,4,11,1,no_residual,11,323.1598728588708,109.52962385454589,0.33893324343019304,0.30909430055932746,147,125,4,18,13,90,90,0,0,0
20,600,4,11,1,no_residual_score_only,12,379.79659922256087,222.26520967128567,0.585221695313386,0.5618634699744268,148,148,0,0,12,89,89,0,0,1
20,600,4,12,1,no_residual,13,394.7161845288781,110.10882072162985,0.278956944349907,0.24268766415027693,144,115,3,26,16,89,88,0,1,1
20,600,4,12,1,no_residual_score_only,10,453.059489140767,115.44847219050143,0.25481967590934007,0.23794229055668908,133,133,0,0,27,89,89,0,0,1
20,600,4,13,1,no_residual,21,416.06720118655653,131.07044319879878,0.31502229165146167,0.22345784086789644,146,112,4,30,14,90,90,0,0,0
20,600,4,13,1,no_residual_score_only,10,308.6992901560261,308.6992901560261,1.0,0.8314905625011401,159,159,0,0,1,89,89,0,0,1
20,600,4,14,1,no_residual,13,237.83527355503372,125.38744599143809,0.527202900214144,0.44433990729462836,156,137,4,15,4,90,90,0,0,0
20,600,4,14,1,no_residual_score_only,12,145.84840750818034,110.82608101881829,0.759871725117069,0.7182455858739395,155,155,0,0,5,89,89,0,0,1
20,600,4,15,1,no_residual,22,394.75053692253437,187.0147901846758,0.47375436558652606,0.35706967867547684,143,103,4,36,17,90,89,0,1,0
20,600,4,15,1,no_residual_score_only,21,364.2513892580499,108.05684143916585,0.29665457600386574,0.2324854494617459,141,141,0,0,19,89,89,0,0,1
20,600,4,16,1,no_residual,18,371.62092187360327,154.88235963683132,0.41677513433840074,0.3003066124407946,148,123,4,21,12,85,83,0,2,5
20,600,4,16,1,no_residual_score_only,18,340.44565810977815,107.61744674867555,0.31610756132473233,0.2384287918569481,146,146,0,0,14,89,89,0,0,1
20,600,4,17,1,no_residual,14,349.3305543887964,130.4626626975504,0.37346479160923507,0.31537822958231704,143,102,4,37,17,90,88,0,2,0
20,600,4,17,1,no_residual_score_only,13,137.55663131511938,36.61684291086999,0.26619467604572905,0.240275250875674,152,152,0,0,8,90,90,0,0,0
20,600,4,18,1,no_residual,7,347.6014086687261,162.87595778631191,0.4685710521430518,0.44915781724994774,147,123,4,20,13,90,89,0,1,0
20,600,4,18,1,no_residual_score_only,11,213.81832316723535,99.80684043262545,0.46678338392244695,0.397550132045825,148,148,0,0,12,88,88,0,0,2
20,600,4,19,1,no_residual,9,448.412617703945,173.61855862394532,0.38718481989410325,0.3695764248855496,144,106,4,34,16,90,88,0,2,0
20,600,4,19,1,no_residual_score_only,22,401.97594263644226,188.0915523417683,0.46791743582496753,0.3442622517528266,147,147,0,0,13,90,90,0,0,0
20,600,4,20,2,no_residual,16,422.69096228736737,181.409294830774,0.4291771317964506,0.35222879464559886,160,156,4,0,0,90,90,0,0,0
20,600,4,20,2,no_residual_score_only,16,471.4116108750568,335.340790865911,0.7113545426754241,0.5528555694216837,160,160,0,0,0,90,90,0,0,0
20,600,4,21,2,no_residual,12,400.344218130742,81.0709499768318,0.20250311183551586,0.18341015107953626,160,156,4,0,0,90,90,0,0,0
20,600,4,21,2,no_residual_score_only,22,349.07633749210436,89.8137287828531,0.2572896502470167,0.14093682991245612,160,160,0,0,0,90,90,0,0,0
20,600,4,22,2,no_residual,20,309.59225013187097,114.8150303483294,0.37085886452074907,0.2562915955338283,159,154,4,1,1,90,90,0,0,0
20,600,4,22,2,no_residual_score_only,4,261.4187413712166,19.198691038160405,0.07344037744753013,0.07344037744753013,160,160,0,0,0,90,90,0,0,0
20,600,4,23,2,no_residual,28,506.80422010801396,197.0973844561039,0.38890241366596556,0.24859330949184638,160,156,4,0,0,89,89,0,0,1
20,600,4,23,2,no_residual_score_only,15,467.2916678003139,152.8788468790042,0.3271593683633438,0.26631577431662673,160,160,0,0,0,90,90,0,0,0
20,600,4,24,2,no_residual,11,337.25334856307245,131.4524111781302,0.3897734796057814,0.3355347198767827,160,156,4,0,0,90,90,0,0,0
20,600,4,24,2,no_residual_score_only,14,326.2387292981957,83.4409245819927,0.25576645900224876,0.1750589743687736,160,160,0,0,0,90,90,0,0,0
20,600,4,25,2,no_residual,22,323.10927566298153,297.77695396434103,0.9215982839036063,0.5041477149852389,159,155,4,0,1,90,90,0,0,0
20,600,4,25,2,no_residual_score_only,11,238.21970044193597,101.43505377718395,0.4258046399563326,0.36966280358353965,159,159,0,0,1,89,89,0,0,1
20,600,4,26,2,no_residual,9,428.07776516165416,144.6573024524181,0.33792295284897933,0.3109561614999271,160,156,4,0,0,90,90,0,0,0
20,600,4,26,2,no_residual_score_only,14,518.8582303260059,225.66607748702677,0.43492820253663045,0.41241389458688144,160,160,0,0,0,90,90,0,0,0
20,600,4,27,2,no_residual,15,383.20050601297146,126.67923724348668,0.3305821241248532,0.24458758221031646,160,156,4,0,0,89,89,0,0,1
20,600,4,27,2,no_residual_score_only,10,323.2001260446523,300.0974567933681,0.9285189967775805,0.7255703584102899,160,160,0,0,0,90,90,0,0,0
20,600,4,28,2,no_residual,15,398.599108224402,192.89057473810976,0.48392124005836173,0.4109246827004446,160,156,4,0,0,90,90,0,0,0
20,600,4,28,2,no_residual_score_only,14,369.0574043681702,163.69434297717498,0.44354710416234916,0.3931794731965705,159,159,0,0,1,90,90,0,0,0
20,600,4,29,2,no_residual,13,379.4664100695086,183.65597182762895,0.4839847927356412,0.4133254398651611,160,155,4,1,0,90,90,0,0,0
20,600,4,29,2,no_residual_score_only,14,310.55681601916945,201.1810949168448,0.6478076942430615,0.5125889986949351,160,160,0,0,0,90,90,0,0,0
20,600,5,0,0,no_residual,50,31.809264960464816,2.684574858384167,0.08439600417427999,0.03769077102332196,151,139,3,9,9,90,90,0,0,0
20,600,5,0,0,no_residual_score_only,83,32.63202049208951,4.880607777899058,0.14956498875336852,0.06668261669765334,152,152,0,0,8,90,90,0,0,0
20,600,5,1,0,no_residual,62,23.471735749762047,3.3909861751428707,0.14447104429323035,0.07205140134367968,152,117,3,32,8,90,87,0,3,0
20,600,5,1,0,no_residual_score_only,62,23.591869465970376,3.036993808601892,0.12873052781944827,0.053905965217208945,145,145,0,0,15,89,89,0,0,1
20,600,5,2,0,no_residual,64,30.39768809938198,5.588771687530993,0.1838551559993347,0.09896437908789242,142,100,4,38,18,90,90,0,0,0
20,600,5,2,0,no_residual_score_only,44,30.43596433112384,4.633318004006242,0.15223168070506007,0.12490960472546524,146,146,0,0,14,90,90,0,0,0
20,600,5,3,0,no_residual,77,32.24791393310966,3.88412478240582,0.12044576869258826,0.07819574034064515,152,122,4,26,8,90,90,0,0,0
20,600,5,3,0,no_residual_score_only,71,32.32453198902692,4.322924164137589,0.13373508905264506,0.07607498933144857,152,152,0,0,8,90,90,0,0,0
20,600,5,4,0,no_residual,57,32.87103854645784,4.5993027211671915,0.13991960475075435,0.07165375173973945,147,122,3,22,13,90,90,0,0,0
20,600,5,4,0,no_residual_score_only,73,32.49984833411702,3.5528688778871356,0.10931955255180309,0.04453268089403109,149,149,0,0,11,90,90,0,0,0
20,600,5,5,0,no_residual,85,31.1632313414799,2.7845971467012305,0.08935521211482281,0.04661224524091861,151,127,4,20,9,90,89,0,1,0
20,600,5,5,0,no_residual_score_only,72,31.32103288600638,4.719614838842176,0.15068515958650927,0.09491481832110829,146,146,0,0,14,90,90,0,0,0
20,600,5,6,0,no_residual,62,22.477867409805185,2.893836468361201,0.1287415934795872,0.07249235322121828,153,123,4,26,7,90,90,0,0,0
20,600,5,6,0,no_residual_score_only,39,21.275815478443405,2.2572184392384997,0.10609315734691847,0.07071084193616022,153,153,0,0,7,90,90,0,0,0
20,600,5,7,0,no_residual,38,32.62045713296175,1.0894729716967504,0.03339845812877585,0.018027583982042458,152,113,3,36,8,90,90,0,0,0
20,600,5,7,0,no_residual_score_only,55,31.902532994615626,2.4886827368945887,0.07800893857909709,0.052220580635425666,153,153,0,0,7,89,89,0,0,1
20,600,5,8,0,no_residual,72,22.228821426712898,2.0904525089416666,0.0940424356655059,0.0398154571793126,154,130,4,20,6,90,90,0,0,0
20,600,5,8,0,no_residual_score_only,54,21.37252711144538,3.3893917753416645,0.15858638324181062,0.06522653441380437,153,153,0,0,7,90,90,0,0,0
20,600,5,9,0,no_residual,75,21.12619671170728,3.51475670838488,0.16636959109810545,0.0802209981831596,153,124,4,25,7,90,90,0,0,0
20,600,5,9,0,no_residual_score_only,60,20.15997494077726,5.337943325209494,0.2647792639073435,0.1702740224435192,152,152,0,0,8,90,90,0,0,0
20,600,5,10,1,no_residual,57,27.221333897459658,7.409891496588443,0.2722089786085004,0.21843594854524429,147,113,4,30,13,90,89,0,1,0
20,600,5,10,1,no_residual_score_only,38,27.768294912124702,24.53739056802806,0.8836477229040841,0.8376621997988469,149,149,0,0,11,89,89,0,0,1
20,600,5,11,1,no_residual,59,25.235204954739288,7.152103331368835,0.2834176835177888,0.21355808151490108,144,116,4,24,16,90,90,0,0,0
20,600,5,11,1,no_residual_score_only,64,25.630903310757844,16.657109577344045,0.6498838287276709,0.5133773174296712,141,141,0,0,19,89,89,0,0,1
20,600,5,12,1,no_residual,63,39.834506451451716,3.968648911342143,0.0996284192997077,0.052486727870070436,140,104,4,32,20,90,90,0,0,0
20,600,5,12,1,no_residual_score_only,80,39.8293798854304,20.842309903029218,0.5232898418951619,0.4596543197505921,139,139,0,0,21,89,89,0,0,1
20,600,5,13,1,no_residual,83,21.65005732543625,3.543234529448114,0.1636593601664617,0.06269258089675116,136,110,3,23,24,90,89,0,1,0
20,600,5,13,1,no_residual_score_only,58,21.30224802502289,16.46887304038046,0.7731049333870837,0.6931459771285657,138,138,0,0,22,89,89,0,0,1
20,600,5,14,1,no_residual,65,34.243658887991046,4.1515871714063906,0.12123666997694327,0.05216083260766253,143,119,4,20,17,90,89,0,1,0
20,600,5,14,1,no_residual_score_only,66,34.811959985880435,8.317449663343154,0.23892506100537494,0.16133991086791352,143,143,0,0,17,90,90,0,0,0
20,600,5,15,1,no_residual,70,32.99909198363321,12.099360861999912,0.36665738766390654,0.307879261573515,142,114,4,24,18,90,89,0,1,0
20,600,5,15,1,no_residual_score_only,76,32.23573269198107,11.632251739331991,0.3608496152539948,0.2776049429712043,135,135,0,0,25,90,90,0,0,0
20,600,5,16,1,no_residual,46,36.69371365088489,3.0494549608283705,0.08310565100719457,0.0480529717641306,143,113,4,26,17,90,90,0,0,0
20,600,5,16,1,no_residual_score_only,78,37.45900704247674,6.823859091399299,0.18216871268534604,0.11067570454537241,138,138,0,0,22,90,90,0,0,0
20,600,5,17,1,no_residual,32,29.240452353171804,11.093939393055507,0.37940382245324983,0.3528454858101028,146,85,4,57,14,90,79,0,11,0
20,600,5,17,1,no_residual_score_only,35,29.073349787168013,5.70445316679502,0.19620900957593718,0.15164502597289645,138,138,0,0,22,90,90,0,0,0
20,600,5,18,1,no_residual,66,14.821203507561222,11.647254600590145,0.7858507977876529,0.6425355186979376,142,116,4,22,18,90,89,0,1,0
20,600,5,18,1,no_residual_score_only,73,15.187796894423741,11.225825037773461,0.7391345246324085,0.5814132836676673,144,144,0,0,16,90,90,0,0,0
20,600,5,19,1,no_residual,66,31.489933447812177,4.323895021429053,0.13731038932155837,0.05850660592694494,140,116,4,20,20,90,89,0,1,0
20,600,5,19,1,no_residual_score_only,75,32.14615945331582,6.1244717038886165,0.19051954597509124,0.11805877540760953,134,134,0,0,26,90,90,0,0,0
20,600,5,20,2,no_residual,62,37.66716658550013,6.869067634199837,0.18236220711233603,0.13767616476204933,160,156,4,0,0,90,90,0,0,0
20,600,5,20,2,no_residual_score_only,79,37.04423552130629,5.252961861607105,0.14180240967817573,0.07728964179555196,160,160,0,0,0,90,90,0,0,0
20,600,5,21,2,no_residual,88,28.858362018260095,7.2566673655902605,0.25145804744561084,0.14365972115443765,160,156,4,0,0,90,90,0,0,0
20,600,5,21,2,no_residual_score_only,80,28.419233508924663,4.146383019668974,0.14590059293354482,0.06161850475290595,158,158,0,0,2,90,90,0,0,0
20,600,5,22,2,no_residual,59,17.79733866071581,12.769279532509017,0.7174825279183308,0.5626625067330373,160,156,4,0,0,90,90,0,0,0
20,600,5,22,2,no_residual_score_only,54,17.11923854170584,5.11410383462885,0.2987343053938926,0.23459354137814017,160,160,0,0,0,90,90,0,0,0
20,600,5,23,2,no_residual,73,30.138934077844738,9.413389056304709,0.31233317780885067,0.2156194177580985,160,156,4,0,0,90,90,0,0,0
20,600,5,23,2,no_residual_score_only,47,30.040539879295807,3.6893947958908484,0.12281386455486476,0.07509591898706368,160,160,0,0,0,90,90,0,0,0
20,600,5,24,2,no_residual,79,37.65305807984123,5.031764834533078,0.13363495798570993,0.05996165694569323,160,156,4,0,0,90,90,0,0,0
20,600,5,24,2,no_residual_score_only,83,36.69178079517178,6.204027391715385,0.1690849355704143,0.07618219092430367,160,160,0,0,0,90,90,0,0,0
20,600,5,25,2,no_residual,73,30.82044694500962,12.833712463711322,0.4164025423320257,0.3105799887937502,160,156,4,0,0,90,90,0,0,0
20,600,5,25,2,no_residual_score_only,88,31.32752162742179,27.431449551931337,0.8756342068221535,0.8058535893309962,160,160,0,0,0,90,90,0,0,0
20,600,5,26,2,no_residual,85,35.0684693439149,15.962084820837163,0.4551691339675455,0.3445248846881333,160,156,4,0,0,90,90,0,0,0
20,600,5,26,2,no_residual_score_only,63,35.66070723033465,23.6779545191323,0.6639788259440557,0.6037601166315488,160,160,0,0,0,90,90,0,0,0
20,600,5,27,2,no_residual,40,32.78176283138589,4.711387661737945,0.14371977754738594,0.10709536545048848,160,154,4,2,0,90,90,0,0,0
20,600,5,27,2,no_residual_score_only,46,33.425307598546055,3.1967002468796863,0.09563712278353835,0.0642587430527578,160,160,0,0,0,90,90,0,0,0
20,600,5,28,2,no_residual,58,34.79434621704536,3.9333550331530205,0.11304580947194559,0.05090495595284061,160,154,4,2,0,90,90,0,0,0
20,600,5,28,2,no_residual_score_only,79,35.902004487619934,5.0466451745807035,0.14056722588625756,0.06762659853425078,160,160,0,0,0,90,90,0,0,0
20,600,5,29,2,no_residual,49,17.856210143941098,14.934002981365438,0.8363478510266518,0.7408332432671815,160,156,4,0,0,90,90,0,0,0
20,600,5,29,2,no_residual_score_only,49,16.570734188975393,14.50088050853276,0.8750898024892754,0.7637741350525079,160,160,0,0,0,90,90,0,0,0
20,600,6,0,0,no_residual,54,9887996741.309927,3789277558.2528586,0.38321994407846743,0.2977764824260009,154,131,4,19,6,90,88,0,2,0
20,600,6,0,0,no_residual_score_only,22,9890898577.096458,4836463852.220712,0.4889812401291945,0.4543595452279791,148,148,0,0,12,90,90,0,0,0
20,600,6,1,0,no_residual,18,8505806436.94772,2305319051.058449,0.27102886341788246,0.2631443197934123,156,140,2,14,4,90,90,0,0,0
20,600,6,1,0,no_residual_score_only,54,8504685374.458815,3662940177.2008905,0.4306967296169939,0.32212215111995723,153,153,0,0,7,90,90,0,0,0
20,600,6,2,0,no_residual,19,8697139128.178507,374065912.7185473,0.04301022522527935,0.029980215495083624,152,125,3,24,8,90,88,0,2,0
20,600,6,2,0,no_residual_score_only,51,8698125558.66724,1854535355.8246408,0.21321092036624953,0.18003905171637272,148,148,0,0,12,90,90,0,0,0
20,600,6,3,0,no_residual,36,10498549263.513418,1059114209.9435929,0.10088195838871097,0.09060788783615852,154,126,4,24,6,90,89,0,1,0
20,600,6,3,0,no_residual_score_only,33,10501142839.332842,2557171632.128149,0.24351365096664196,0.17516757603820077,154,154,0,0,6,90,90,0,0,0
20,600,6,4,0,no_residual,20,8261005789.367342,2490129328.679705,0.30143173751127567,0.2837055898020418,147,108,4,35,13,90,7,0,83,0
20,600,6,4,0,no_residual_score_only,34,8273889326.16988,4461243407.443645,0.5391954414150748,0.4921234490285974,148,148,0,0,12,90,90,0,0,0
20,600,6,5,0,no_residual,27,6336608339.382986,4220917818.7135434,0.6661162553601264,0.6544091996504512,156,133,4,19,4,90,88,0,2,0
20,600,6,5,0,no_residual_score_only,31,6338162182.817617,2115420988.9138067,0.33375936555372276,0.2849239496535858,155,155,0,0,5,90,90,0,0,0
20,600,6,6,0,no_residual,23,9412684045.991135,2091955664.1628969,0.22224858010121581,0.21636555422104956,151,113,4,34,9,90,14,0,76,0
20,600,6,6,0,no_residual_score_only,17,9417380749.834185,3306242236.502993,0.3510787473004325,0.3294793040922871,155,155,0,0,5,90,90,0,0,0
20,600,6,7,0,no_residual,64,10543572605.106726,2396203268.291464,0.22726672998210065,0.19034624828730196,153,111,3,39,7,90,84,0,6,0
20,600,6,7,0,no_residual_score_only,25,10472763006.87455,3240573875.4144983,0.3094287413252181,0.28630788200169904,151,151,0,0,9,85,85,0,0,5
20,600,6,8,0,no_residual,11,11799575109.937733,1233988143.6148608,0.10457903205138143,0.10251113842320381,144,108,1,35,16,90,13,0,77,0
20,600,6,8,0,no_residual_score_only,32,11806616849.36108,2704421014.3474226,0.22905977629771,0.21097596865304713,142,142,0,0,18,90,90,0,0,0
20,600,6,9,0,no_residual,23,7368537378.71887,2202476258.9303665,0.2989027734718908,0.2487505241789442,156,133,3,20,4,90,24,0,66,0
20,600,6,9,0,no_residual_score_only,25,7376903099.850716,4160600609.243407,0.5640036954433635,0.4670277466235226,149,149,0,0,11,88,88,0,0,2
20,600,6,10,1,no_residual,81,6265772215.855954,6265772215.855955,1.0000000000000002,0.7233370750245375,160,148,4,8,0,89,85,0,4,1
20,600,6,10,1,no_residual_score_only,27,6280339332.770091,6043636314.081619,0.9623104730259745,0.8025412811811616,155,155,0,0,5,90,90,0,0,0
20,600,6,11,1,no_residual,42,10841546926.412605,9463581552.804506,0.8728995610164224,0.8406154855230339,154,121,4,29,6,89,85,0,4,1
20,600,6,11,1,no_residual_score_only,20,10832087026.958748,10032880617.953064,0.9262186126259297,0.8769518989421584,154,154,0,0,6,90,90,0,0,0
20,600,6,12,1,no_residual,25,7201528662.867176,6992960049.607153,0.9710382860328733,0.9096354042406589,155,137,4,14,5,90,89,0,1,0
20,600,6,12,1,no_residual_score_only,59,7218832416.792188,6668180352.700882,0.9237200654761843,0.8365904695676398,151,151,0,0,9,89,89,0,0,1
20,600,6,13,1,no_residual,28,6396922627.313122,4559108814.577908,0.7127034482348984,0.6920421523046582,145,77,4,64,15,90,87,0,3,0
20,600,6,13,1,no_residual_score_only,25,6399946198.003228,6054545765.586849,0.946030728738916,0.8685505112168356,155,155,0,0,5,89,89,0,0,1
20,600,6,14,1,no_residual,35,8592428563.443533,6367059861.097775,0.7410081811080067,0.6436520041008165,151,129,4,18,9,90,88,0,2,0
20,600,6,14,1,no_residual_score_only,36,8647887671.728354,8647887671.728354,1.0,0.9214568370214733,143,143,0,0,17,90,90,0,0,0
20,600,6,15,1,no_residual,34,3678705417.171587,2616106650.753085,0.7111487205639062,0.5999414321856225,153,120,4,29,7,89,88,0,1,1
20,600,6,15,1,no_residual_score_only,29,3678694157.825573,2955710813.8597913,0.8034673955083215,0.7627579954037156,154,154,0,0,6,89,89,0,0,1
20,600,6,16,1,no_residual,38,8151660023.132025,7296780942.367766,0.8951282219402721,0.7845500650711821,151,98,4,49,9,90,83,0,7,0
20,600,6,16,1,no_residual_score_only,29,8137595544.886423,7357581973.558485,0.9041469231266858,0.7048837188103503,146,146,0,0,14,89,89,0,0,1
20,600,6,17,1,no_residual,21,4059682555.922113,1915371579.8331134,0.471803288421909,0.4498578745623453,155,105,4,46,5,90,87,0,3,0
20,600,6,17,1,no_residual_score_only,35,4059049811.2955585,3442478619.43997,0.8480996241682502,0.6565438336163623,149,149,0,0,11,89,89,0,0,1
20,600,6,18,1,no_residual,58,10067251761.910492,6621342034.322356,0.6577109812008719,0.5547435557553545,156,141,4,11,4,89,89,0,0,1
20,600,6,18,1,no_residual_score_only,39,10075548217.691381,10075548217.691381,1.0,0.9216488968609036,156,156,0,0,4,89,89,0,0,1
20,600,6,19,1,no_residual,25,8834418136.154745,7939560629.466604,0.8987078160783507,0.8869429201013339,154,90,4,60,6,90,75,0,15,0
20,600,6,19,1,no_residual_score_only,20,8843942310.814142,8323696940.678845,0.9411749475684442,0.9098894991263148,153,153,0,0,7,90,90,0,0,0
20,600,6,20,2,no_residual,30,5491246416.020778,5038432805.097048,0.9175390108878304,0.8004686078561383,159,156,3,0,1,90,90,0,0,0
20,600,6,20,2,no_residual_score_only,40,5478888772.6601925,4068234346.13254,0.7425290994102933,0.6726609243688678,159,159,0,0,1,90,90,0,0,0
20,600,6,21,2,no_residual,21,6137044555.98323,4523685958.037039,0.7371114738977627,0.6722278740363941,160,156,4,0,0,90,90,0,0,0
20,600,6,21,2,no_residual_score_only,46,6139403199.022485,3531359700.457836,0.5751959247472294,0.5039615842870159,160,160,0,0,0,90,90,0,0,0
20,600,6,22,2,no_residual,42,12463396332.636648,12463396332.636648,1.0,0.8652163540066382,160,156,4,0,0,90,90,0,0,0
20,600,6,22,2,no_residual_score_only,44,12453299123.53577,11590110207.678028,0.9306859244851525,0.725342624904438,160,160,0,0,0,90,90,0,0,0
20,600,6,23,2,no_residual,33,6344159891.465726,5238196339.352677,0.8256721818123137,0.7843154667686735,160,156,4,0,0,90,90,0,0,0
20,600,6,23,2,no_residual_score_only,47,6342039678.307105,3393737007.036636,0.5351175929480362,0.46788118683616803,160,160,0,0,0,90,90,0,0,0
20,600,6,24,2,no_residual,43,4002567909.0035343,3909832299.1651516,0.9768309715296074,0.8808222503155029,160,156,4,0,0,90,90,0,0,0
20,600,6,24,2,no_residual_score_only,55,4004347757.3087525,3834858971.256393,0.9576738094879477,0.8119427827402343,160,160,0,0,0,90,90,0,0,0
20,600,6,25,2,no_residual,61,9270736699.262033,8021659444.298258,0.8652666669884816,0.7813453634208837,160,156,4,0,0,90,90,0,0,0
20,600,6,25,2,no_residual_score_only,18,9272881374.389864,7411272414.922333,0.7992415858344762,0.7796432154158063,160,160,0,0,0,90,90,0,0,0
20,600,6,26,2,no_residual,62,12597316534.096354,12597316534.096355,1.0000000000000002,0.8398417535792951,160,156,4,0,0,90,90,0,0,0
20,600,6,26,2,no_residual_score_only,81,12607974230.019669,12503366445.34047,0.9917030458049219,0.631661296074611,160,160,0,0,0,90,90,0,0,0
20,600,6,27,2,no_residual,62,8615098644.277407,5342821434.173467,0.6201695017993142,0.535478858305679,160,156,4,0,0,90,90,0,0,0
20,600,6,27,2,no_residual_score_only,33,8618584653.600384,7910169277.969624,0.9178037457304753,0.897457824892911,160,160,0,0,0,90,90,0,0,0
20,600,6,28,2,no_residual,19,8790154597.65183,6626832889.554599,0.7538926438591724,0.7372193039029403,160,156,4,0,0,90,90,0,0,0
20,600,6,28,2,no_residual_score_only,37,8792853870.575657,6895347639.545117,0.7841990485728029,0.7406279758199567,160,160,0,0,0,90,90,0,0,0
20,600,6,29,2,no_residual,21,6996100987.012232,6462305582.628384,0.9237010149832311,0.9107314343089326,160,156,4,0,0,90,90,0,0,0
20,600,6,29,2,no_residual_score_only,24,6997212242.015551,6402346431.903552,0.9149853127878472,0.8218866226363436,160,160,0,0,0,90,90,0,0,0
20,600,7,0,0,no_residual,17,9005.604321624774,1044.8265601869412,0.11601959434060895,0.06958266687719754,156,135,4,17,4,90,90,0,0,0
20,600,7,0,0,no_residual_score_only,29,8965.792836452734,2552.7469375387855,0.2847207139518032,0.24781910919643,155,155,0,0,5,90,90,0,0,0
20,600,7,1,0,no_residual,6,10887.912958751709,1072.3854578084151,0.09849320635378805,0.09808521583586231,157,137,3,17,3,90,88,0,2,0
20,600,7,1,0,no_residual_score_only,12,10684.1970209751,2662.9345793060647,0.24924049735120202,0.20168002895747658,154,154,0,0,6,89,89,0,0,1
20,600,7,2,0,no_residual,12,5026.640729504329,486.0906671994426,0.09670288635236825,0.06744560860488803,151,138,3,10,9,90,90,0,0,0
20,600,7,2,0,no_residual_score_only,14,5140.230611882309,1852.8686185956662,0.36046410336386864,0.33196193376581873,146,146,0,0,14,85,85,0,0,5
20,600,7,3,0,no_residual,20,6984.660106973778,2300.140190826639,0.3293131169733059,0.2301240573904977,156,114,4,38,4,90,84,0,6,0
20,600,7,3,0,no_residual_score_only,14,7314.45681601493,1342.5112440473004,0.18354216557925196,0.14234203366528694,146,146,0,0,14,89,89,0,0,1
20,600,7,4,0,no_residual,15,6863.051275776932,558.9681041533686,0.08144600436342952,0.058026483751182065,146,93,4,49,14,90,90,0,0,0
20,600,7,4,0,no_residual_score_only,15,6871.2668211200635,3567.019524853221,0.5191210904355148,0.4483581506819785,151,151,0,0,9,87,87,0,0,3
20,600,7,5,0,no_residual,21,12220.18855587691,2369.0864480267023,0.19386660338292128,0.17285618003091544,155,131,3,21,5,90,90,0,0,0
20,600,7,5,0,no_residual_score_only,13,12157.326206266935,3270.0268312822536,0.26897582377913,0.23152532453249638,145,145,0,0,15,90,90,0,0,0
20,600,7,6,0,no_residual,15,6905.353434237286,3678.2304934352437,0.5326636106992421,0.44074283449294277,154,116,3,35,6,90,83,0,7,0
20,600,7,6,0,no_residual_score_only,19,6793.284305933441,5693.937182875037,0.8381714832546897,0.6841448501181882,153,153,0,0,7,90,90,0,0,0
20,600,7,7,0,no_residual,13,5265.4470802407795,984.9735747183909,0.18706361676572955,0.14826477547598674,153,112,3,38,7,90,88,0,2,0
20,600,7,7,0,no_residual_score_only,12,5310.969621780373,602.2073878867145,0.1133893489838564,0.09414252550165014,149,149,0,0,11,90,90,0,0,0
20,600,7,8,0,no_residual,1,4478.000292692887,462.07894798643247,0.10318868195262153,0.10318868195262153,153,130,3,20,7,90,84,0,6,0
20,600,7,8,0,no_residual_score_only,6,4593.297950633998,1677.1693463087945,0.36513402011670076,0.36238310379904115,139,139,0,0,21,89,89,0,0,1
20,600,7,9,0,no_residual,16,13475.801395763487,5467.699912864106,0.4057420966876996,0.38100464475567847,158,132,4,22,2,90,89,0,1,0
20,600,7,9,0,no_residual_score_only,12,12936.124448684188,961.4411494691535,0.0743221938906863,0.06295538038526909,150,150,0,0,10,90,90,0,0,0
20,600,7,10,1,no_residual,10,7712.564816492818,5861.8847087551385,0.7600434937311489,0.7345308073833088,147,117,4,26,13,89,85,0,4,1
20,600,7,10,1,no_residual_score_only,24,7887.435314572156,5608.755233613838,0.7110999976445547,0.6345046170991525,146,146,0,0,14,90,90,0,0,0
20,600,7,11,1,no_residual,12,5823.581898215078,3642.6725653184303,0.6255037928521116,0.597584173706233,149,85,4,60,11,90,71,0,19,0
20,600,7,11,1,no_residual_score_only,26,5605.118681317192,4884.756368165572,0.8714813451581839,0.6290574837346825,150,150,0,0,10,88,88,0,0,2
20,600,7,12,1,no_residual,13,3617.1662978107397,2735.7601636239265,0.7563268974610659,0.6953455137793495,155,135,4,16,5,90,90,0,0,0
20,600,7,12,1,no_residual_score_only,14,3839.5507009682965,2718.5994585237204,0.7080514545199563,0.6499675567876338,150,150,0,0,10,89,89,0,0,1
20,600,7,13,1,no_residual,9,4726.214905666084,3263.3992620666427,0.6904889699692399,0.6567059049411726,156,122,4,30,4,90,90,0,0,0
20,600,7,13,1,no_residual_score_only,12,4750.6766231419315,3799.2991985904537,0.7997385425231764,0.6854584399356476,157,157,0,0,3,86,86,0,0,4
20,600,7,14,1,no_residual,30,9888.959953908967,6808.12968717118,0.6884576051377397,0.5044726103248287,158,138,4,16,2,90,87,0,3,0
20,600,7,14,1,no_residual_score_only,8,9171.041967378333,7894.466917476989,0.860803706444463,0.7944528448881056,154,154,0,0,6,89,89,0,0,1
20,600,7,15,1,no_residual,16,7957.579983173866,5763.235454072273,0.7242447410215809,0.634026907449387,148,121,3,24,12,90,68,0,22,0
20,600,7,15,1,no_residual_score_only,26,7807.349510215352,5805.170927863795,0.7435520749094362,0.5377291074347035,149,149,0,0,11,89,89,0,0,1
20,600,7,16,1,no_residual,8,6512.709396648853,5785.411397721265,0.8883263547269862,0.8741125489207392,158,114,4,40,2,90,87,0,3,0
20,600,7,16,1,no_residual_score_only,24,7204.985853351211,5308.845219558501,0.7368293744933907,0.6653103386538104,153,153,0,0,7,90,90,0,0,0
20,600,7,17,1,no_residual,14,9211.93306571088,8683.029479708364,0.9425849512551033,0.8960023391747217,157,138,4,15,3,90,72,0,18,0
20,600,7,17,1,no_residual_score_only,22,8412.862105756467,6267.702430285758,0.7450142830698613,0.5779828435981919,153,153,0,0,7,89,89,0,0,1
20,600,7,18,1,no_residual,7,5179.604147430538,1700.5429340162773,0.32831523135988505,0.30432393355441956,147,116,4,27,13,90,85,0,5,0
20,600,7,18,1,no_residual_score_only,23,5528.660864706568,3324.7508199620897,0.6013663889543983,0.44182434553481814,154,154,0,0,6,88,88,0,0,2
20,600,7,19,1,no_residual,17,8512.468628976168,4998.243272469887,0.5871673060216667,0.47273398942510897,156,112,4,40,4,90,72,0,18,0
20,600,7,19,1,no_residual_score_only,20,9028.396346403068,7983.02310837792,0.8842127441113474,0.7516445261604492,151,151,0,0,9,90,90,0,0,0
20,600,7,20,2,no_residual,24,11272.500276333538,9626.566263767276,0.853986784456162,0.683042159258722,160,156,4,0,0,90,90,0,0,0
20,600,7,20,2,no_residual_score_only,25,10572.813760363746,5140.932603003608,0.48624072262356205,0.3649729592693415,160,160,0,0,0,90,90,0,0,0
20,600,7,21,2,no_residual,9,9094.267109002634,6473.807768446449,0.7118559077770952,0.6750682486625984,160,156,4,0,0,90,90,0,0,0
20,600,7,21,2,no_residual_score_only,9,8621.93426920446,6428.153144626206,0.7455581246526167,0.7137323820115514,160,160,0,0,0,90,90,0,0,0
20,600,7,22,2,no_residual,25,2272.374464687684,1662.9878117150693,0.7318282429052163,0.4811637254025988,160,156,4,0,0,90,90,0,0,0
20,600,7,22,2,no_residual_score_only,5,2343.222735552391,1420.2605626992563,0.6061141952706618,0.6061141952706618,160,160,0,0,0,90,90,0,0,0
20,600,7,23,2,no_residual,8,1689.5766061864952,1489.2760335488238,0.8814492507150858,0.8675579744384861,160,156,4,0,0,90,90,0,0,0
20,600,7,23,2,no_residual_score_only,9,1617.8279920766117,1169.5286385624609,0.7229004840380325,0.6908183926223262,160,160,0,0,0,90,90,0,0,0
20,600,7,24,2,no_residual,3,2972.854518827314,314.57856954443014,0.10581700771167243,0.10581700771167243,160,156,4,0,0,90,90,0,0,0
20,600,7,24,2,no_residual_score_only,9,3206.961464573393,1703.2642166479359,0.5311146502580483,0.4864828364312026,160,160,0,0,0,90,90,0,0,0
20,600,7,25,2,no_residual,17,10811.997345108282,9464.499416219085,0.8753701202582286,0.7416107463974533,160,156,4,0,0,90,90,0,0,0
20,600,7,25,2,no_residual_score_only,23,10902.100927886459,9096.211860106348,0.8343540314178499,0.6938230260683959,160,160,0,0,0,89,89,0,0,1
20,600,7,26,2,no_residual,22,11587.623860201236,8720.435654687539,0.7525646120287593,0.7174932296846798,160,156,4,0,0,90,90,0,0,0
20,600,7,26,2,no_residual_score_only,27,11486.580689991535,9997.262826760614,0.8703428023163943,0.8003477211450518,160,160,0,0,0,90,90,0,0,0
20,600,7,27,2,no_residual,19,6036.7154834898665,5405.350574410585,0.8954125118525074,0.7393356682925152,160,156,4,0,0,89,89,0,0,1
20,600,7,27,2,no_residual_score_only,8,5524.959991926589,3701.871258693478,0.6700267991266687,0.6366354462703526,160,160,0,0,0,90,90,0,0,0
20,600,7,28,2,no_residual,18,7958.730995271834,7958.730995271834,1.0,0.8218405314773641,160,156,4,0,0,89,89,0,0,1
20,600,7,28,2,no_residual_score_only,11,7816.90793809137,6885.11750168123,0.8807980797791445,0.8296779970854886,160,160,0,0,0,90,90,0,0,0
20,600,7,29,2,no_residual,18,10349.245554697087,6366.083487646151,0.6151253687044709,0.5790351723078856,160,156,4,0,0,90,90,0,0,0
20,600,7,29,2,no_residual_score_only,6,10605.485462029083,8769.350982156411,0.8268693605354889,0.8204409900760145,160,160,0,0,0,90,90,0,0,0
20,600,8,0,0,no_residual,6,225634660469.99277,14727014875.666077,0.0652692934897058,0.06526929336688009,160,150,4,6,0,90,90,0,0,0
20,600,8,0,0,no_residual_score_only,8,225634659626.38022,6092214677.631205,0.027000349537252253,0.026972959821864945,160,160,0,0,0,90,90,0,0,0
20,600,8,1,0,no_residual,3,8704842235653.452,884095.6620808077,1.0156366286108121e-07,1.0156366286108121e-07,154,136,4,14,6,89,89,0,0,1
20,600,8,1,0,no_residual_score_only,5,8704842234303.319,14795235.496567147,1.6996557890806236e-06,1.6996557890806236e-06,152,152,0,0,8,89,89,0,0,1
20,600,8,2,0,no_residual,9,7876597694027.31,865206439678.0488,0.1098451988139651,0.10984237398928766,158,142,4,12,2,90,80,0,10,0
20,600,8,2,0,no_residual_score_only,11,7876597654001.934,4253727888440.4062,0.5400463595190973,0.5400447380897986,151,151,0,0,9,90,90,0,0,0
20,600,8,3,0,no_residual,3,529802629126.97314,353.0138377167041,6.663119779122507e-10,6.663119779122507e-10,160,150,4,6,0,90,90,0,0,0
20,600,8,3,0,no_residual_score_only,6,529802629717.6895,48110.98172977322,9.080925429798193e-08,9.07477916853085e-08,159,159,0,0,1,90,90,0,0,0
20,600,8,4,0,no_residual,7,53587495391981.22,444799064.8630001,8.300426463476019e-06,8.298039882317276e-06,160,155,4,1,0,90,90,0,0,0
20,600,8,4,0,no_residual_score_only,5,53587494609074.61,305834369.8519998,5.707196652560227e-06,5.707196652560228e-06,160,160,0,0,0,90,90,0,0,0
20,600,8,5,0,no_residual,7,1257334705097.763,805240950881.2621,0.6404348401555108,0.6404348284996982,159,154,3,2,1,89,89,0,0,1
20,600,8,5,0,no_residual_score_only,7,1257334704675.447,98209850807.14622,0.07810955224726492,0.07810954841048809,158,158,0,0,2,90,90,0,0,0
20,600,8,6,0,no_residual,4,18094697411040.01,8468616.114075718,4.680164537545022e-07,4.680164537545022e-07,158,149,4,5,2,90,90,0,0,0
20,600,8,6,0,no_residual_score_only,6,18094697411713.65,38886891286.88236,0.0021490766273719966,0.002149076626614641,159,159,0,0,1,90,90,0,0,0
20,600,8,7,0,no_residual,10,361330806547.0571,85960599.31607029,0.00023790000121363966,0.0002347986584962268,158,146,4,8,2,90,90,0,0,0
20,600,8,7,0,no_residual_score_only,12,361330806680.4552,9003960805.478107,0.024918884963608452,0.024918883665572683,159,159,0,0,1,90,90,0,0,0
20,600,8,8,0,no_residual,6,11438431835744.518,38175022.142745025,3.337434946585075e-06,3.3368702827103644e-06,160,148,4,8,0,90,90,0,0,0
20,600,8,8,0,no_residual_score_only,5,11438431836062.13,25929225147.74295,0.0022668513935621367,0.0022668513935621367,159,159,0,0,1,90,90,0,0,0
20,600,8,9,0,no_residual,7,183771256976916.66,63510085.452170186,3.4559313843158633e-07,3.4497522749496053e-07,159,147,4,8,1,90,90,0,0,0
20,600,8,9,0,no_residual_score_only,7,183771256977173.7,154936746.04647797,8.430956428932885e-07,8.42592644421481e-07,159,159,0,0,1,90,90,0,0,0
20,600,8,10,1,no_residual,8,31983742477721.08,31983742477721.08,1.0,0.9999437382731237,160,155,4,1,0,90,85,0,5,0
20,600,8,10,1,no_residual_score_only,9,31976583224581.926,31976583224581.926,1.0,0.9977944850746804,159,159,0,0,1,86,86,0,0,4
20,600,8,11,1,no_residual,4,27306081160029.055,27306081160029.055,1.0,1.0,159,153,4,2,1,89,86,0,3,1
20,600,8,11,1,no_residual_score_only,6,27307257171440.99,27307257171440.99,1.0,0.9999947605061915,160,160,0,0,0,89,89,0,0,1
20,600,8,12,1,no_residual,5,227520790271.97946,227520790271.97943,0.9999999999999999,0.9999999999999999,160,155,4,1,0,89,87,0,2,1
20,600,8,12,1,no_residual_score_only,4,228898348868.3434,228898348868.34338,0.9999999999999999,0.9999999999999999,159,159,0,0,1,88,88,0,0,2
20,600,8,13,1,no_residual,14,76637933504612.75,76637933504612.75,1.0,0.982422941764247,160,154,4,2,0,89,87,0,2,1
20,600,8,13,1,no_residual_score_only,5,76637937673056.36,76637937673056.36,1.0,1.0000000000000002,159,159,0,0,1,88,88,0,0,2
20,600,8,14,1,no_residual,3,20168155907.893196,20168155907.893196,1.0,1.0,158,154,4,0,2,90,90,0,0,0
20,600,8,14,1,no_residual_score_only,2,20172318075.984116,20172318075.984116,1.0,1.0,159,159,0,0,1,88,88,0,0,2
20,600,8,15,1,no_residual,8,27521447818570.43,27510883653594.434,0.9996161479205005,0.9797912050493538,158,153,4,1,2,89,89,0,0,1
20,600,8,15,1,no_residual_score_only,5,27516850859803.184,27516850859803.184,1.0,0.9999999999999999,159,159,0,0,1,89,89,0,0,1
20,600,8,16,1,no_residual,7,78865513597040.11,78865513597040.11,1.0,0.9999017159228154,159,154,4,1,1,89,87,0,2,1
20,600,8,16,1,no_residual_score_only,5,78865487039500.56,78865487039500.56,1.0,1.0,159,159,0,0,1,88,88,0,0,2
20,600,8,17,1,no_residual,4,5068828512984.627,5068828512984.627,1.0,1.0,160,155,4,1,0,88,88,0,0,2
20,600,8,17,1,no_residual_score_only,2,5075926532328.917,5075926532328.917,1.0,1.0,160,160,0,0,0,89,89,0,0,1
20,600,8,18,1,no_residual,3,2029026690430.315,2029026690430.315,1.0,1.0,160,156,4,0,0,89,87,0,2,1
20,600,8,18,1,no_residual_score_only,4,2029216757516.9607,2029216757516.9607,1.0,1.0,159,159,0,0,1,88,88,0,0,2
20,600,8,19,1,no_residual,11,125522470794533.56,125522470794533.56,1.0,0.9917592024988505,160,155,4,1,0,90,90,0,0,0
20,600,8,19,1,no_residual_score_only,10,125522616419627.16,125522616419627.16,1.0,0.9987935970259572,158,158,0,0,2,87,87,0,0,3
20,600,8,20,2,no_residual,11,80488123217689.52,80365766115778.4,0.9984798117160693,0.998475874724445,160,156,4,0,0,90,90,0,0,0
20,600,8,20,2,no_residual_score_only,12,80488123592762.0,78047085263352.05,0.9696720681207498,0.9695840922972084,159,159,0,0,1,90,90,0,0,0
20,600,8,21,2,no_residual,6,7881179414044.079,7881023139919.306,0.9999801712260864,0.9999801710435445,160,156,4,0,0,90,90,0,0,0
20,600,8,21,2,no_residual_score_only,3,7881179361081.008,7693850624319.913,0.9762308750786507,0.9762308750786507,160,160,0,0,0,90,90,0,0,0
20,600,8,22,2,no_residual,6,847107662185.9155,524905011586.154,0.6196438009209656,0.6196437927918119,160,156,4,0,0,90,90,0,0,0
20,600,8,22,2,no_residual_score_only,7,847107673304.3472,496466960357.5476,0.586073029442596,0.5860730198080769,160,160,0,0,0,90,90,0,0,0
20,600,8,23,2,no_residual,5,17830032004997.004,16533197368745.24,0.927266836319289,0.927266836319289,160,156,4,0,0,90,90,0,0,0
20,600,8,23,2,no_residual_score_only,9,17830032004967.74,17332731094059.527,0.9721088043605499,0.972108684611788,160,160,0,0,0,90,90,0,0,0
20,600,8,24,2,no_residual,3,1516217850708.182,69321897.8696815,4.5720275511400446e-05,4.5720275511400446e-05,160,156,4,0,0,90,90,0,0,0
20,600,8,24,2,no_residual_score_only,12,1516218005377.5513,1510275646279.566,0.996080801654571,0.9960550352701371,160,160,0,0,0,90,90,0,0,0
20,600,8,25,2,no_residual,26,62656959525265.37,62656959525265.375,1.0000000000000002,0.9999083245989389,160,156,4,0,0,89,89,0,0,1
20,600,8,25,2,no_residual_score_only,7,62656957500976.8,60971689075093.41,0.9731032515286572,0.9731001490202347,160,160,0,0,0,90,90,0,0,0
20,600,8,26,2,no_residual,7,3803035347420.5425,3802427628153.252,0.9998402015201613,0.9998387509098094,160,156,4,0,0,90,90,0,0,0
20,600,8,26,2,no_residual_score_only,7,3803035836869.4014,3385318106078.2646,0.8901620314114643,0.8901620300045381,160,160,0,0,0,90,90,0,0,0
20,600,8,27,2,no_residual,11,755060720959435.6,754836175232098.8,0.9997026123580478,0.9997023513441021,160,156,4,0,0,90,90,0,0,0
20,600,8,27,2,no_residual_score_only,7,755060720072655.2,709358688754773.2,0.9394723760580681,0.9394722175599015,160,160,0,0,0,90,90,0,0,0
20,600,8,28,2,no_residual,8,605631791680819.4,605625699842091.2,0.9999899413491633,0.9999899346979811,159,156,3,0,1,90,90,0,0,0
20,600,8,28,2,no_residual_score_only,10,605631791845167.4,604439285842347.2,0.9980309719224169,0.9980309348689704,159,159,0,0,1,90,90,0,0,0
20,600,8,29,2,no_residual,7,77165957803738.22,76977504412262.11,0.9975578169851087,0.9975578169390312,160,156,4,0,0,90,90,0,0,0
20,600,8,29,2,no_residual_score_only,11,77165957800696.11,77158382058808.08,0.9999018253371831,0.999897288053832,160,160,0,0,0,90,90,0,0,0
20,600,9,0,0,no_residual,77,7118.844859905119,6231.358386000389,0.8753327974734713,0.6076752808915995,160,155,4,1,0,90,83,0,7,0
20,600,9,0,0,no_residual_score_only,54,7194.528537661018,5263.106450242722,0.731542924973064,0.4928896921096788,156,156,0,0,4,90,90,0,0,0
20,600,9,1,0,no_residual,68,6842.426494001155,6842.426494001155,1.0,0.7712324895357788,159,156,3,0,1,90,89,0,1,0
20,600,9,1,0,no_residual_score_only,99,6761.7985910485295,5387.264045892229,0.7967205726926042,0.6887882521417384,159,159,0,0,1,90,90,0,0,0
20,600,9,2,0,no_residual,119,7899.407068505468,7170.884810086947,0.9077750706982678,0.613262343196334,159,153,4,2,1,90,90,0,0,0
20,600,9,2,0,no_residual_score_only,79,8255.40367122653,8255.403671226528,0.9999999999999998,0.8149966649423506,160,160,0,0,0,90,90,0,0,0
20,600,9,3,0,no_residual,74,4719.5947490184935,4719.5947490184935,1.0,0.8271262536777458,160,152,4,4,0,90,89,0,1,0
20,600,9,3,0,no_residual_score_only,103,4886.119394145475,4509.922879715977,0.9230070974360031,0.581054386502224,160,160,0,0,0,90,90,0,0,0
20,600,9,4,0,no_residual,107,4057.570525367669,3599.811934358315,0.8871840703328564,0.4642723919007441,160,156,4,0,0,90,90,0,0,0
20,600,9,4,0,no_residual_score_only,107,4149.93613854705,4023.635363389095,0.9695656099416087,0.7469389235536518,160,160,0,0,0,90,90,0,0,0
20,600,9,5,0,no_residual,90,6113.784558818221,5254.332350260473,0.8594238641729505,0.744266095043475,159,155,4,0,1,90,90,0,0,0
20,600,9,5,0,no_residual_score_only,32,6035.092468134703,5753.5206405960735,0.9533442397071247,0.8183756680091253,159,159,0,0,1,90,90,0,0,0
20,600,9,6,0,no_residual,53,3952.114647025788,3952.114647025788,1.0,0.555228896524335,159,152,4,3,1,90,89,0,1,0
20,600,9,6,0,no_residual_score_only,96,4257.9722784342575,4257.9722784342575,1.0,0.5727775590739701,160,160,0,0,0,90,90,0,0,0
20,600,9,7,0,no_residual,54,6128.473419955651,4767.948046641392,0.7779993025858462,0.6843048144678566,160,156,4,0,0,90,89,0,1,0
20,600,9,7,0,no_residual_score_only,77,6214.408896615705,3911.556600267591,0.6294334127897151,0.5183579098098988,159,159,0,0,1,90,90,0,0,0
20,600,9,8,0,no_residual,87,7731.7111416225325,7541.062795194119,0.9753420241733959,0.769842950612153,159,153,4,2,1,90,90,0,0,0
20,600,9,8,0,no_residual_score_only,107,7452.429394660064,6277.83723885684,0.842388019583941,0.5485132757032897,159,159,0,0,1,90,90,0,0,0
20,600,9,9,0,no_residual,53,2471.0385849574213,2471.0385849574213,1.0,0.7423930670498915,160,156,4,0,0,90,90,0,0,0
20,600,9,9,0,no_residual_score_only,65,2051.7581363789577,2051.7581363789577,1.0,0.6096411419732981,160,160,0,0,0,90,90,0,0,0
20,600,9,10,1,no_residual,27,5599.589038233589,5599.589038233589,1.0,0.8455186659282465,160,154,4,2,0,90,89,0,1,0
20,600,9,10,1,no_residual_score_only,19,5914.913583705447,5914.913583705447,1.0,0.8346298982573511,159,159,0,0,1,90,90,0,0,0
20,600,9,11,1,no_residual,62,4063.8530817229685,4063.8530817229685,1.0,0.7719677422237989,159,149,4,6,1,90,90,0,0,0
20,600,9,11,1,no_residual_score_only,52,3935.101501031995,3935.101501031995,1.0,0.8596760737429872,160,160,0,0,0,90,90,0,0,0
20,600,9,12,1,no_residual,30,4273.557283286506,4217.80543192336,0.9869542286045428,0.7904364252199363,159,152,4,3,1,84,18,0,66,6
20,600,9,12,1,no_residual_score_only,59,4397.085799549922,4397.085799549922,1.0,0.7256788275663801,159,159,0,0,1,90,90,0,0,0
20,600,9,13,1,no_residual,48,5825.2143842934465,5825.214384293447,1.0000000000000002,0.7047991974236848,160,153,4,3,0,90,82,0,8,0
20,600,9,13,1,no_residual_score_only,36,5788.689552890159,5788.689552890159,1.0,0.891299368784858,159,159,0,0,1,89,89,0,0,1
20,600,9,14,1,no_residual,52,3459.0950771093803,3459.0950771093803,1.0,0.8234852802995491,160,154,4,2,0,90,87,0,3,0
20,600,9,14,1,no_residual_score_only,42,3804.3332527847174,3804.3332527847174,1.0,0.8185100783618904,160,160,0,0,0,90,90,0,0,0
20,600,9,15,1,no_residual,20,8287.256483218369,8287.256483218369,1.0,0.693436843722344,160,154,4,2,0,90,89,0,1,0
20,600,9,15,1,no_residual_score_only,19,8616.51912926375,8616.51912926375,1.0,0.9400568598003247,158,158,0,0,2,89,89,0,0,1
20,600,9,16,1,no_residual,52,9304.593104803229,9304.593104803227,0.9999999999999998,0.8305510784752217,159,153,4,2,1,90,86,0,4,0
20,600,9,16,1,no_residual_score_only,42,9082.626908614988,9082.626908614988,1.0,0.7735732628279619,159,159,0,0,1,90,90,0,0,0
20,600,9,17,1,no_residual,31,4008.5018814886253,4008.5018814886253,1.0,0.81620849173797,160,154,4,2,0,90,89,0,1,0
20,600,9,17,1,no_residual_score_only,25,3938.4310544187647,3938.4310544187647,1.0,0.7461556257533507,159,159,0,0,1,89,89,0,0,1
20,600,9,18,1,no_residual,22,4613.763282966723,4613.763282966723,1.0,0.784835313422047,159,152,4,3,1,90,77,0,13,0
20,600,9,18,1,no_residual_score_only,25,4775.019248599747,4775.019248599747,1.0,0.7244080434728095,158,158,0,0,2,90,90,0,0,0
20,600,9,19,1,no_residual,45,7063.464124635038,7063.464124635038,1.0,0.7683554624758966,160,152,4,4,0,90,89,0,1,0
20,600,9,19,1,no_residual_score_only,36,7176.441858608741,7176.441858608741,1.0,0.7188706160316134,159,159,0,0,1,90,90,0,0,0
20,600,9,20,2,no_residual,98,5609.102212290792,5609.102212290792,1.0,0.7714603249017704,160,156,4,0,0,90,90,0,0,0
20,600,9,20,2,no_residual_score_only,92,5728.289923994879,5728.289923994879,1.0,0.7303885741399708,160,160,0,0,0,90,90,0,0,0
20,600,9,21,2,no_residual,60,5725.562095945992,5725.562095945992,1.0,0.8538332271548008,160,156,4,0,0,90,90,0,0,0
20,600,9,21,2,no_residual_score_only,69,5771.628410786809,5771.628410786809,1.0,0.8887266441048353,160,160,0,0,0,90,90,0,0,0
20,600,9,22,2,no_residual,87,7754.905279650381,7754.905279650382,1.0000000000000002,0.7659503110156974,160,156,4,0,0,90,90,0,0,0
20,600,9,22,2,no_residual_score_only,62,7844.470835766619,7844.470835766619,1.0,0.8373101939950832,160,160,0,0,0,90,90,0,0,0
20,600,9,23,2,no_residual,54,1735.1611089821076,1735.1611089821076,1.0,0.8901584617017672,160,156,4,0,0,90,90,0,0,0
20,600,9,23,2,no_residual_score_only,71,1514.0543068096977,1514.0543068096977,1.0,0.5501281481862424,160,160,0,0,0,90,90,0,0,0
20,600,9,24,2,no_residual,55,7466.458008649033,7466.458008649033,1.0,0.8769423341707622,160,156,4,0,0,90,90,0,0,0
20,600,9,24,2,no_residual_score_only,86,7280.89554669535,7280.89554669535,1.0,0.8703276685328561,160,160,0,0,0,90,90,0,0,0
20,600,9,25,2,no_residual,123,4162.3498011091715,4162.3498011091715,1.0,0.5867563400297734,160,156,4,0,0,90,90,0,0,0
20,600,9,25,2,no_residual_score_only,83,4035.210681773666,4035.210681773666,1.0,0.71219656741571,160,160,0,0,0,90,90,0,0,0
20,600,9,26,2,no_residual,98,4012.09838468139,4012.09838468139,1.0,0.6833155380393118,160,156,4,0,0,90,90,0,0,0
20,600,9,26,2,no_residual_score_only,94,3949.203143123792,3949.203143123792,1.0,0.7598556244178417,160,160,0,0,0,90,90,0,0,0
20,600,9,27,2,no_residual,90,4325.210318078612,4325.210318078612,1.0,0.732423310700852,160,156,4,0,0,90,90,0,0,0
20,600,9,27,2,no_residual_score_only,57,4202.248624108011,4202.248624108011,1.0,0.8487410118199146,160,160,0,0,0,90,90,0,0,0
20,600,9,28,2,no_residual,114,5356.030066054636,5356.030066054636,1.0,0.7183733449452177,160,156,4,0,0,90,90,0,0,0
20,600,9,28,2,no_residual_score_only,115,5536.9245323000405,5536.9245323000405,1.0,0.6442890074687291,160,160,0,0,0,90,90,0,0,0
20,600,9,29,2,no_residual,99,2602.737691772055,2602.737691772055,1.0,0.6615523044263235,160,156,4,0,0,90,90,0,0,0
20,600,9,29,2,no_residual_score_only,97,2784.360981782279,2784.360981782279,1.0,0.584415343606034,160,160,0,0,0,90,90,0,0,0
20,600,10,0,0,no_residual,27,5707.978340278216,5194.684129683492,0.910074253966124,0.7869575055130588,157,149,4,4,3,90,53,0,37,0
20,600,10,0,0,no_residual_score_only,67,5912.185005581181,3441.902131168648,0.5821709110793127,0.414843718522833,157,157,0,0,3,90,90,0,0,0
20,600,10,1,0,no_residual,1,1541.0457430829238,46.316110060599385,0.03005498718548234,0.03005498718548234,160,156,4,0,0,90,87,0,3,0
20,600,10,1,0,no_residual_score_only,3,1358.0991625209326,1057.1062568787174,0.7783719230902802,0.7783719230902802,160,160,0,0,0,90,90,0,0,0
20,600,10,2,0,no_residual,0,10.61878213554246,0.0,0.0,0.0,160,155,4,1,0,90,89,0,1,0
20,600,10,2,0,no_residual_score_only,19,4089.163774314471,4089.163774314471,1.0,0.7794536169633096,160,160,0,0,0,89,89,0,0,1
20,600,10,3,0,no_residual,32,845.1676904795095,564.705399143163,0.6681578170868967,0.4204127630915005,153,141,4,8,7,90,90,0,0,0
20,600,10,3,0,no_residual_score_only,31,885.2579290155377,437.8298100809311,0.49457880661721415,0.37414209896693923,147,147,0,0,13,90,90,0,0,0
20,600,10,4,0,no_residual,1,549.2789205937715,531.8129666238856,0.968202031217573,0.968202031217573,160,156,4,0,0,90,90,0,0,0
20,600,10,4,0,no_residual_score_only,7,1137.06036061767,1137.06036061767,1.0,0.9390051174820506,160,160,0,0,0,90,90,0,0,0
20,600,10,5,0,no_residual,3,586.2577263967705,586.2577263967705,1.0,1.0,160,156,4,0,0,90,90,0,0,0
20,600,10,5,0,no_residual_score_only,4,1747.6476282351632,716.6599829874804,0.41007121310328964,0.41007121310328964,160,160,0,0,0,89,89,0,0,1
20,600,10,6,0,no_residual,5,981.3174958701193,981.3174958701193,1.0,1.0,160,156,4,0,0,90,90,0,0,0
20,600,10,6,0,no_residual_score_only,2,967.0197520272286,967.0197520272286,1.0,1.0,160,160,0,0,0,90,90,0,0,0
20,600,10,7,0,no_residual,3,982.4901682330501,824.4256240789728,0.8391184469170343,0.8391184469170343,160,156,4,0,0,90,89,0,1,0
20,600,10,7,0,no_residual_score_only,24,5242.230280008234,5216.647461871566,0.9951198599126346,0.9045231893933143,160,160,0,0,0,88,88,0,0,2
20,600,10,8,0,no_residual,3,1464.6619912164779,1210.7031849408158,0.8266092738129047,0.8266092738129047,160,155,4,1,0,90,89,0,1,0
20,600,10,8,0,no_residual_score_only,5,1666.479663688683,1616.9752096224738,0.9702939944933782,0.9702939944933782,160,160,0,0,0,90,90,0,0,0
20,600,10,9,0,no_residual,1,2558.2903621298774,2158.1559861233127,0.8435930565467803,0.8435930565467803,160,156,4,0,0,90,90,0,0,0
20,600,10,9,0,no_residual_score_only,11,1691.3856619817589,1691.3856619817589,1.0,0.8377647930485927,160,160,0,0,0,89,89,0,0,1
20,600,10,10,1,no_residual,2,1170.0177485924496,1170.0177485924496,1.0,1.0,160,156,4,0,0,90,90,0,0,0
20,600,10,10,1,no_residual_score_only,25,3945.5579829129174,3945.5579829129174,1.0,0.7364743337656678,160,160,0,0,0,90,90,0,0,0
20,600,10,11,1,no_residual,13,2453.9779374921427,2416.6474281825194,0.9847877567522985,0.8656945675784397,160,156,4,0,0,90,88,0,2,0
20,600,10,11,1,no_residual_score_only,20,5225.237344017149,5225.237344017149,1.0,0.9185390244340748,160,160,0,0,0,90,90,0,0,0
20,600,10,12,1,no_residual,26,4895.283136587212,4895.283136587212,1.0,0.8781662107828966,160,155,4,1,0,90,78,0,12,0
20,600,10,12,1,no_residual_score_only,30,4452.983306558319,4452.983306558319,1.0,0.676704607617861,160,160,0,0,0,90,90,0,0,0
20,600,10,13,1,no_residual,24,5303.599797111279,5303.599797111278,0.9999999999999998,0.8378997207964449,160,156,4,0,0,90,33,0,57,0
20,600,10,13,1,no_residual_score_only,29,5364.268953871283,5364.268953871283,1.0,0.8790766220387085,159,159,0,0,1,90,90,0,0,0
20,600,10,14,1,no_residual,79,3387.9019793832576,3387.9019793832576,1.0,0.6382388791298601,158,146,4,8,2,90,88,0,2,0
20,600,10,14,1,no_residual_score_only,53,3272.274667988901,3272.274667988901,1.0,0.6683125937981526,158,158,0,0,2,90,90,0,0,0
20,600,10,15,1,no_residual,19,4709.109249854866,4709.109249854867,1.0000000000000002,0.8706928409796791,160,156,4,0,0,90,90,0,0,0
20,600,10,15,1,no_residual_score_only,2,168.63796997809277,168.63796997809277,1.0,1.0,160,160,0,0,0,90,90,0,0,0
20,600,10,16,1,no_residual,54,4057.392280262587,4057.392280262587,1.0,0.6341142093518872,160,146,4,10,0,90,73,0,17,0
20,600,10,16,1,no_residual_score_only,46,4108.072876371746,4108.072876371746,1.0,0.8439868696100318,160,160,0,0,0,88,88,0,0,2
20,600,10,17,1,no_residual,3,556.6744429658829,556.6744429658829,1.0,1.0,160,156,4,0,0,90,90,0,0,0
20,600,10,17,1,no_residual_score_only,18,2357.897747537544,2357.897747537544,1.0,0.8040354689272575,160,160,0,0,0,90,90,0,0,0
20,600,10,18,1,no_residual,64,4686.11733547997,4686.11733547997,1.0,0.7431833447659224,160,155,4,1,0,90,90,0,0,0
20,600,10,18,1,no_residual_score_only,18,4729.807967870347,4729.807967870346,0.9999999999999998,0.8606517426144233,160,160,0,0,0,90,90,0,0,0
20,600,10,19,1,no_residual,7,1628.276000372406,1085.1747669514434,0.6664562805711385,0.6137387397341978,160,156,4,0,0,90,90,0,0,0
20,600,10,19,1,no_residual_score_only,4,1433.822312171892,1433.822312171892,1.0,1.0,160,160,0,0,0,90,90,0,0,0
20,600,10,20,2,no_residual,63,4847.150067919169,4847.150067919169,1.0,0.46939300227320896,160,156,4,0,0,90,90,0,0,0
20,600,10,20,2,no_residual_score_only,86,4833.450240231821,4833.450240231821,1.0,0.6457504012649816,160,160,0,0,0,90,90,0,0,0
20,600,10,21,2,no_residual,56,5575.518468072084,4818.926388129386,0.8643010359887995,0.48044836026325816,160,156,4,0,0,90,90,0,0,0
20,600,10,21,2,no_residual_score_only,22,2297.000956148592,1853.4862646010915,0.80691575666945,0.5479294204714562,160,160,0,0,0,90,90,0,0,0
20,600,10,22,2,no_residual,2,407.29881322937035,407.29881322937035,1.0,1.0,160,156,4,0,0,90,90,0,0,0
20,600,10,22,2,no_residual_score_only,4,1306.6721700953922,1306.6721700953922,1.0,1.0,160,160,0,0,0,90,90,0,0,0
20,600,10,23,2,no_residual,24,5359.792092063686,5359.792092063686,1.0,0.9180532128564423,160,156,4,0,0,90,90,0,0,0
20,600,10,23,2,no_residual_score_only,2,1058.2752508402173,1058.2752508402173,1.0,1.0,160,160,0,0,0,90,90,0,0,0
20,600,10,24,2,no_residual,54,4853.566201293593,4853.566201293593,1.0,0.7147761998983324,160,156,4,0,0,90,90,0,0,0
20,600,10,24,2,no_residual_score_only,55,4866.993573714949,4866.993573714949,1.0,0.658582392579417,160,160,0,0,0,90,90,0,0,0
20,600,10,25,2,no_residual,87,1437.4657807169028,1437.4657807169028,1.0,0.7753413999682156,160,156,4,0,0,89,89,0,0,1
20,600,10,25,2,no_residual_score_only,74,1439.0341810467357,1439.0341810467357,1.0,0.7228081179190134,160,160,0,0,0,90,90,0,0,0
20,600,10,26,2,no_residual,34,5131.143391248057,5131.143391248057,1.0,0.797051030937072,160,156,4,0,0,90,90,0,0,0
20,600,10,26,2,no_residual_score_only,75,5230.841159012552,5218.958750977625,0.9977283944066138,0.9642886877117601,160,160,0,0,0,90,90,0,0,0
20,600,10,27,2,no_residual,89,3636.1927924182655,3108.1700296926333,0.8547869178370852,0.461916271486694,159,155,4,0,1,90,90,0,0,0
20,600,10,27,2,no_residual_score_only,65,3626.033152829273,3626.033152829273,1.0,0.8135982960436389,160,160,0,0,0,90,90,0,0,0
20,600,10,28,2,no_residual,1,260.44547225742554,260.44547225742554,1.0,1.0,160,156,4,0,0,90,90,0,0,0
20,600,10,28,2,no_residual_score_only,2,100.76747379137942,100.76747379137942,1.0,1.0,160,160,0,0,0,90,90,0,0,0
20,600,10,29,2,no_residual,0,0.0,0.0,,,160,156,4,0,0,90,90,0,0,0
20,600,10,29,2,no_residual_score_only,0,0.0,0.0,,,160,160,0,0,0,90,90,0,0,0
20,600,11,0,0,no_residual,90,11825.637911285177,1438.3622097917405,0.121630834681579,0.0828511221292843,156,134,4,18,4,90,90,0,0,0
20,600,11,0,0,no_residual_score_only,95,11749.527752692687,3113.5419844295197,0.2649929469476743,0.19192963837514193,157,157,0,0,3,90,90,0,0,0
20,600,11,1,0,no_residual,95,14076.18974841047,4665.9001254813265,0.3314746539281495,0.23708469654994122,160,151,4,5,0,90,90,0,0,0
20,600,11,1,0,no_residual_score_only,72,14082.932140177765,6282.894356074032,0.44613538526890356,0.3695245698364641,160,160,0,0,0,89,89,0,0,1
20,600,11,2,0,no_residual,96,24664.912719683838,2890.2194270026366,0.11717939000433181,0.06834997386068355,159,150,4,5,1,90,90,0,0,0
20,600,11,2,0,no_residual_score_only,97,24524.94817382723,2888.18712361627,0.11776526919223068,0.04924651974977343,159,159,0,0,1,90,90,0,0,0
20,600,11,3,0,no_residual,34,12732.216396532549,2930.8742707136203,0.2301935640609914,0.16125140775113858,156,129,4,23,4,90,55,0,35,0
20,600,11,3,0,no_residual_score_only,107,12829.477688816374,2786.7178294195983,0.2172121030187236,0.14558328393776562,160,160,0,0,0,90,90,0,0,0
20,600,11,4,0,no_residual,80,11126.96009415382,3327.2482126868135,0.2990258061979545,0.23456041956658663,159,149,3,7,1,90,90,0,0,0
20,600,11,4,0,no_residual_score_only,97,10843.80491378548,2663.021375891527,0.24557997834377204,0.14126566753336153,159,159,0,0,1,90,90,0,0,0
20,600,11,5,0,no_residual,11,5744.433674372156,5005.1200854192575,0.8712991339335635,0.822895529293983,159,139,4,16,1,90,59,0,31,0
20,600,11,5,0,no_residual_score_only,52,5899.819476902267,867.9877860483575,0.14712107538993707,0.11096766005428785,158,158,0,0,2,89,89,0,0,1
20,600,11,6,0,no_residual,93,18384.01338176914,2468.416985059674,0.1342697556730201,0.08705428097619901,159,137,4,18,1,90,89,0,1,0
20,600,11,6,0,no_residual_score_only,94,18395.95740444473,1475.4749454316593,0.08020647759682044,0.043203142892101795,158,158,0,0,2,90,90,0,0,0
20,600,11,7,0,no_residual,109,11169.249273084111,3348.001259195873,0.299751682260683,0.1348881086291292,160,154,4,2,0,90,90,0,0,0
20,600,11,7,0,no_residual_score_only,60,11286.76811006748,5312.82185444334,0.470712413211046,0.3924437194834795,157,157,0,0,3,90,90,0,0,0
20,600,11,8,0,no_residual,84,5463.410132358644,4454.317289234768,0.8152998184874996,0.6884831219719818,157,144,3,10,3,90,90,0,0,0
20,600,11,8,0,no_residual_score_only,59,5449.742190451716,4103.926407080372,0.7530496422877956,0.6180531401230476,155,155,0,0,5,88,88,0,0,2
20,600,11,9,0,no_residual,82,11937.416849634932,4531.039103267185,0.37956612894905756,0.3289596067591453,159,153,4,2,1,90,90,0,0,0
20,600,11,9,0,no_residual_score_only,98,11917.921121646115,5306.013973220909,0.4452130467270652,0.33051873001406157,158,158,0,0,2,90,90,0,0,0
20,600,11,10,1,no_residual,93,13469.964960004454,10671.790028276699,0.792265611674848,0.6128610250253688,158,141,3,14,2,90,90,0,0,0
20,600,11,10,1,no_residual_score_only,64,13204.398033099496,5892.9792669955805,0.4462891267154803,0.2891592171127105,150,150,0,0,10,90,90,0,0,0
20,600,11,11,1,no_residual,51,15770.065988706403,14474.736961948878,0.9178615341441714,0.8264705490708236,158,151,4,3,2,90,88,0,2,0
20,600,11,11,1,no_residual_score_only,85,14703.157721602616,14249.301307118243,0.9691320447567842,0.7244054874157217,155,155,0,0,5,90,90,0,0,0
20,600,11,12,1,no_residual,104,22299.194551208653,20891.294609890283,0.9368631930590489,0.7556334316850883,158,137,4,17,2,90,89,0,1,0
20,600,11,12,1,no_residual_score_only,78,21861.024977276174,21833.41269788421,0.9987369174400256,0.8682693300350747,158,158,0,0,2,90,90,0,0,0
20,600,11,13,1,no_residual,30,16225.156485464706,15401.257749843315,0.9492209066606242,0.772237961250823,160,152,4,4,0,90,89,0,1,0
20,600,11,13,1,no_residual_score_only,16,16313.20350947267,16313.20350947267,1.0,0.9032369993288581,158,158,0,0,2,90,90,0,0,0
20,600,11,14,1,no_residual,37,11625.660207066296,7745.859834058096,0.6662726843977442,0.6092474737503659,157,147,4,6,3,90,88,0,2,0
20,600,11,14,1,no_residual_score_only,28,11652.993915026831,10957.636070152275,0.9403279663625436,0.7885050397765223,156,156,0,0,4,88,88,0,0,2
20,600,11,15,1,no_residual,83,14201.038742795143,11625.982781363557,0.8186712952432417,0.622080773521404,157,139,4,14,3,90,90,0,0,0
20,600,11,15,1,no_residual_score_only,57,14381.743873971089,13188.51076118172,0.9170314029198537,0.7986845319479688,153,153,0,0,7,90,90,0,0,0
20,600,11,16,1,no_residual,37,10307.371118574218,9103.974174898547,0.8832488973345386,0.6862078989157101,160,151,4,5,0,90,89,0,1,0
20,600,11,16,1,no_residual_score_only,42,10517.971168713659,9203.725213384394,0.8750475795903901,0.753451821274276,158,158,0,0,2,90,90,0,0,0
20,600,11,17,1,no_residual,88,11667.390392642545,10574.588534961138,0.9063370795948915,0.5456999077857733,157,147,4,6,3,90,88,0,2,0
20,600,11,17,1,no_residual_score_only,37,11970.940536671402,11970.940536671404,1.0000000000000002,0.5595027860225954,160,160,0,0,0,90,90,0,0,0
20,600,11,18,1,no_residual,31,14698.352396296517,14698.352396296517,1.0,0.899181604925948,159,148,4,7,1,90,89,0,1,0
20,600,11,18,1,no_residual_score_only,76,14545.974336896434,14545.974336896434,1.0,0.7874794287603765,159,159,0,0,1,90,90,0,0,0
20,600,11,19,1,no_residual,64,14944.81653263146,14939.993751122836,0.9996772940304692,0.8665796859138563,158,144,4,10,2,90,88,0,2,0
20,600,11,19,1,no_residual_score_only,69,14988.423036249049,13558.631902514155,0.9046069669719765,0.6102961412597524,157,157,0,0,3,90,90,0,0,0
20,600,11,20,2,no_residual,106,18346.019258219898,12060.354861078633,0.6573826556774716,0.5720163571104295,160,156,4,0,0,90,90,0,0,0
20,600,11,20,2,no_residual_score_only,102,17635.080813077628,8464.34414178484,0.47997195088031275,0.2796933130814973,160,160,0,0,0,90,90,0,0,0
20,600,11,21,2,no_residual,111,5781.086768700965,5781.086768700965,1.0,0.49433061147116153,160,156,4,0,0,90,90,0,0,0
20,600,11,21,2,no_residual_score_only,103,5968.088400643531,4993.628362128351,0.8367215809990172,0.5056204177940461,160,160,0,0,0,90,90,0,0,0
20,600,11,22,2,no_residual,88,8310.749010459582,6580.767546987205,0.7918380808643011,0.5953917257875083,160,156,4,0,0,90,90,0,0,0
20,600,11,22,2,no_residual_score_only,103,9393.274290009855,9393.274290009855,1.0,0.7552318466920488,160,160,0,0,0,90,90,0,0,0
20,600,11,23,2,no_residual,102,15595.794382364555,7615.73670565718,0.48831989695048295,0.3930003504838164,160,156,4,0,0,90,90,0,0,0
20,600,11,23,2,no_residual_score_only,114,15522.330706992416,12306.14012332388,0.7928023410672649,0.6254269305792121,160,160,0,0,0,90,90,0,0,0
20,600,11,24,2,no_residual,53,15443.980059533555,15443.980059533555,1.0,0.9000292324210923,160,156,4,0,0,90,90,0,0,0
20,600,11,24,2,no_residual_score_only,107,16557.834170733953,13050.950145274324,0.7882039408476464,0.5363430837585975,160,160,0,0,0,90,90,0,0,0
20,600,11,25,2,no_residual,97,6606.731018459753,6108.64010553639,0.9246085679087501,0.6994977488930272,160,156,4,0,0,90,90,0,0,0
20,600,11,25,2,no_residual_score_only,49,6706.308288453607,6706.308288453607,1.0,0.9805735642137691,160,160,0,0,0,90,90,0,0,0
20,600,11,26,2,no_residual,77,31986.806493520464,26621.159729853614,0.8322543776055368,0.674843276082539,160,156,4,0,0,90,90,0,0,0
20,600,11,26,2,no_residual_score_only,106,31848.762972783094,30794.16323254323,0.966887262116237,0.8165242025917723,160,160,0,0,0,90,90,0,0,0
20,600,11,27,2,no_residual,88,22021.420040840327,22021.420040840327,1.0,0.9234898523057641,160,156,4,0,0,90,90,0,0,0
20,600,11,27,2,no_residual_score_only,79,22055.387096351486,15880.788531537084,0.7200412516978296,0.6075646662023734,160,160,0,0,0,90,90,0,0,0
20,600,11,28,2,no_residual,120,21627.81834689097,12027.505658414731,0.5561127555957904,0.4480355928301328,160,156,4,0,0,90,90,0,0,0
20,600,11,28,2,no_residual_score_only,103,22669.377495227425,19359.045399581628,0.8539734010630543,0.7356682306420849,160,160,0,0,0,90,90,0,0,0
20,600,11,29,2,no_residual,111,13627.96634013101,9412.54034721772,0.6906782796711277,0.5537332977163428,160,156,4,0,0,90,90,0,0,0
20,600,11,29,2,no_residual_score_only,112,15162.656263591465,8303.541392725401,0.5476310514710965,0.3786760174621753,160,160,0,0,0,90,90,0,0,0
20,600,12,0,0,no_residual,22,1074.6132686838969,1074.6132686838969,1.0,0.7989960396768947,160,153,4,3,0,90,74,0,16,0
20,600,12,0,0,no_residual_score_only,51,1079.9196232462668,1079.9196232462668,1.0,0.6992036748336954,160,160,0,0,0,90,90,0,0,0
20,600,12,1,0,no_residual,33,1042.2022987879386,1042.2022987879386,1.0,0.7496541670894953,159,155,4,0,1,90,90,0,0,0
20,600,12,1,0,no_residual_score_only,33,1020.0204753277026,1020.0204753277026,1.0,0.7777889172135044,158,158,0,0,2,88,88,0,0,2
20,600,12,2,0,no_residual,43,1007.5795671414908,1007.5795671414908,1.0,0.8198708479226774,160,156,4,0,0,90,90,0,0,0
20,600,12,2,0,no_residual_score_only,40,1028.6720005683019,1028.6720005683019,1.0,0.5825701716080858,160,160,0,0,0,90,90,0,0,0
20,600,12,3,0,no_residual,32,483.38975812652825,483.38975812652825,1.0,0.5314448286112824,160,156,4,0,0,90,90,0,0,0
20,600,12,3,0,no_residual_score_only,37,561.8940194625361,561.8940194625361,1.0,0.7996316230286553,155,155,0,0,5,89,89,0,0,1
20,600,12,4,0,no_residual,30,774.3069436805326,774.3069436805326,1.0,0.7642633690461004,160,154,4,2,0,90,86,0,4,0
20,600,12,4,0,no_residual_score_only,38,813.709973559683,813.709973559683,1.0,0.6498590440359657,160,160,0,0,0,89,89,0,0,1
20,600,12,5,0,no_residual,40,1219.8375547399382,1219.8375547399382,1.0,0.9143485187354777,160,156,4,0,0,90,90,0,0,0
20,600,12,5,0,no_residual_score_only,35,1098.2809846299583,1098.2809846299583,1.0,0.6621126559793568,160,160,0,0,0,90,90,0,0,0
20,600,12,6,0,no_residual,19,917.0137686996154,895.7866332355343,0.9768518901366305,0.8095300119861425,157,140,4,13,3,87,28,0,59,3
20,600,12,6,0,no_residual_score_only,37,917.0027309873503,917.0027309873503,1.0,0.8021491315226428,155,155,0,0,5,88,88,0,0,2
20,600,12,7,0,no_residual,32,640.4380535612577,640.4380535612577,1.0,0.7838137590116073,160,156,4,0,0,90,90,0,0,0
20,600,12,7,0,no_residual_score_only,38,745.9763398933833,745.9763398933833,1.0,0.6164273186896572,160,160,0,0,0,90,90,0,0,0
20,600,12,8,0,no_residual,43,445.7598927334184,445.7598927334184,1.0,0.6255324461781333,160,156,4,0,0,90,90,0,0,0
20,600,12,8,0,no_residual_score_only,38,480.5032611404822,480.5032611404822,1.0,0.6229269598508825,160,160,0,0,0,90,90,0,0,0
20,600,12,9,0,no_residual,34,587.7157771140778,587.7157771140778,1.0,0.8463748133549659,160,155,4,1,0,90,90,0,0,0
20,600,12,9,0,no_residual_score_only,37,691.7159245440671,691.7159245440671,1.0,0.616779448471072,160,160,0,0,0,90,90,0,0,0
20,600,12,10,1,no_residual,12,597.178976952132,597.178976952132,1.0,0.9038921416763861,160,156,4,0,0,90,89,0,1,0
20,600,12,10,1,no_residual_score_only,9,573.7092852633245,573.7092852633245,1.0,0.8694174789128426,160,160,0,0,0,90,90,0,0,0
20,600,12,11,1,no_residual,16,1136.9906945926964,1136.9906945926964,1.0,0.6519740949980841,160,156,4,0,0,90,89,0,1,0
20,600,12,11,1,no_residual_score_only,13,926.6654359495542,926.6654359495542,1.0,0.8896994571487792,160,160,0,0,0,90,90,0,0,0
20,600,12,12,1,no_residual,23,1158.1401633976993,1158.1401633976993,1.0,0.8223888010925327,160,156,4,0,0,90,90,0,0,0
20,600,12,12,1,no_residual_score_only,14,1304.195780036032,1304.195780036032,1.0,0.9291946560702359,160,160,0,0,0,90,90,0,0,0
20,600,12,13,1,no_residual,9,971.740661912218,971.740661912218,1.0,0.8448849925590293,160,155,4,1,0,90,90,0,0,0
20,600,12,13,1,no_residual_score_only,16,911.8711298405174,911.8711298405174,1.0,0.7384072090270484,160,160,0,0,0,90,90,0,0,0
20,600,12,14,1,no_residual,10,909.5753021383671,909.5753021383671,1.0,0.8801034936569905,160,155,4,1,0,90,90,0,0,0
20,600,12,14,1,no_residual_score_only,18,947.0096329901448,947.0096329901448,1.0,0.8079229343051795,160,160,0,0,0,90,90,0,0,0
20,600,12,15,1,no_residual,26,766.4801317566439,766.4801317566439,1.0,0.7421870354722913,160,156,4,0,0,90,90,0,0,0
20,600,12,15,1,no_residual_score_only,14,741.9441223463095,741.9441223463095,1.0,0.9146532083724143,160,160,0,0,0,89,89,0,0,1
20,600,12,16,1,no_residual,12,804.246772582987,804.246772582987,1.0,0.923767488309419,160,156,4,0,0,90,89,0,1,0
20,600,12,16,1,no_residual_score_only,6,650.3309726926059,650.3309726926059,1.0,0.952804816479079,160,160,0,0,0,89,89,0,0,1
20,600,12,17,1,no_residual,17,1281.0917900973222,1281.0917900973222,1.0,0.7964567509558241,159,155,3,1,1,90,90,0,0,0
20,600,12,17,1,no_residual_score_only,21,1361.0252253562226,1361.0252253562226,1.0,0.6337446520845877,159,159,0,0,1,90,90,0,0,0
20,600,12,18,1,no_residual,12,891.632515073692,891.632515073692,1.0,0.956059338272635,160,156,4,0,0,90,90,0,0,0
20,600,12,18,1,no_residual_score_only,9,907.6989591075412,907.6989591075412,1.0,0.8677511928487345,160,160,0,0,0,90,90,0,0,0
20,600,12,19,1,no_residual,17,905.3962694702686,905.3962694702686,1.0,0.7379407109684685,160,156,4,0,0,90,90,0,0,0
20,600,12,19,1,no_residual_score_only,23,870.1358338906653,870.1358338906653,1.0,0.886872656999234,160,160,0,0,0,90,90,0,0,0
20,600,12,20,2,no_residual,18,1047.675604429303,1047.675604429303,1.0,0.6683594802017364,160,156,4,0,0,90,90,0,0,0
20,600,12,20,2,no_residual_score_only,19,842.1427303369142,842.1427303369142,1.0,0.8003894234626184,160,160,0,0,0,90,90,0,0,0
20,600,12,21,2,no_residual,27,1435.2541552344255,1435.2541552344255,1.0,0.7774386673463805,160,156,4,0,0,90,90,0,0,0
20,600,12,21,2,no_residual_score_only,35,1414.119290214563,1414.119290214563,1.0,0.7527578242705049,160,160,0,0,0,90,90,0,0,0
20,600,12,22,2,no_residual,40,835.2105006310785,835.2105006310785,1.0,0.756966329462465,160,156,4,0,0,90,90,0,0,0
20,600,12,22,2,no_residual_score_only,52,939.6300559077881,939.6300559077881,1.0,0.6626909855226613,160,160,0,0,0,90,90,0,0,0
20,600,12,23,2,no_residual,30,478.483447582194,478.483447582194,1.0,0.8280130507789595,160,156,4,0,0,90,90,0,0,0
20,600,12,23,2,no_residual_score_only,43,536.3413441575085,536.3413441575085,1.0,0.5393207109106879,160,160,0,0,0,90,90,0,0,0
20,600,12,24,2,no_residual,28,1072.6211030108134,1072.6211030108134,1.0,0.6692732064947805,160,156,4,0,0,90,90,0,0,0
20,600,12,24,2,no_residual_score_only,26,1112.4845902650422,1112.4845902650422,1.0,0.6792150640039223,160,160,0,0,0,90,90,0,0,0
20,600,12,25,2,no_residual,15,1607.7693033407822,1607.7693033407822,1.0,0.896102345699481,160,156,4,0,0,90,90,0,0,0
20,600,12,25,2,no_residual_score_only,30,1419.9231482898435,1419.9231482898435,1.0,0.7923380806393941,160,160,0,0,0,90,90,0,0,0
20,600,12,26,2,no_residual,38,1142.902334998228,1142.902334998228,1.0,0.8144283053445096,160,156,4,0,0,90,90,0,0,0
20,600,12,26,2,no_residual_score_only,38,930.362803325158,930.362803325158,1.0,0.7825678163039135,160,160,0,0,0,90,90,0,0,0
20,600,12,27,2,no_residual,39,1343.539230246388,1343.539230246388,1.0,0.7817630969457101,160,156,4,0,0,90,90,0,0,0
20,600,12,27,2,no_residual_score_only,22,1293.526818222154,1293.526818222154,1.0,0.8653156993335686,160,160,0,0,0,90,90,0,0,0
20,600,12,28,2,no_residual,36,849.4239350946373,849.4239350946373,1.0,0.8468161926067606,160,156,4,0,0,90,90,0,0,0
20,600,12,28,2,no_residual_score_only,24,846.8792725413937,846.8792725413937,1.0,0.7814446144029643,160,160,0,0,0,90,90,0,0,0
20,600,12,29,2,no_residual,28,996.8437452766793,996.8437452766793,1.0,0.7200801713672668,160,156,4,0,0,90,90,0,0,0
20,600,12,29,2,no_residual_score_only,50,1208.5120432559415,1208.5120432559415,1.0,0.704003389474587,160,160,0,0,0,90,90,0,0,0
