fid,seed,method,final,actual_nfe,seconds,length,threat,collision,nofly,smooth,energy,corridor,boundary,min_clearance,geometrically_feasible
1,20270004,full,19.334575653076172,300,1.2111076707951725,13.272993087768555,2.268821501886123,0.093391552567482,0.0,2.0772857666015625,1.3597291707992554,0.2623536288738251,0.0,-0.3807260990142822,0
1,20270004,anchor_only,26.07955551147461,300,0.27468649786897004,12.7492036819458,2.615856178969807,0.4070436358451843,0.0,8.701014518737793,1.275415301322937,0.3310217261314392,0.0,-0.5772071480751038,0
1,20270004,no_residual,19.87099838256836,300,1.0902499489020556,13.18972110748291,2.5208088173676515,0.05887772887945175,0.0,2.4824905395507812,1.3439407348632812,0.2751576602458954,0.0,-0.3185325264930725,0
1,20270004,score_only,20.312103271484375,300,1.2566849319264293,13.302702903747559,2.3958835381272365,0.09385745227336884,0.0,2.9001970291137695,1.3576446771621704,0.2618165612220764,0.0,-0.38033750653266907,0
1,20270004,no_proxy,26.07955551147461,300,0.9635198609903455,12.7492036819458,2.615856178969807,0.4070436358451843,0.0,8.701014518737793,1.275415301322937,0.3310217261314392,0.0,-0.5772071480751038,0
1,20270004,cma_es,15.491907119750977,300,0.19848873699083924,13.261054992675781,0.3820039629961207,0.0,0.0,0.4562194049358368,1.3261054754257202,0.06652355939149857,0.0,0.49239081144332886,1
1,20270004,de,27.539649963378906,300,0.18439592001959682,17.257658004760742,0.7813443284848072,0.016148926690220833,0.0,7.334012508392334,1.9437206983566284,0.20676656067371368,0.0,-0.10609924793243408,0
1,20270000,full,20.966032028198242,300,1.1966433709021658,12.818992614746094,2.493149973644904,0.3596891537308693,0.0,3.7280807495117188,1.2828525304794312,0.2832674980163574,0.0,-0.5428237318992615,0
1,20270000,anchor_only,26.183734893798828,300,0.2373102270066738,12.748583793640137,2.628844837878205,0.40865233540534973,0.0,8.791491508483887,1.2754179239273071,0.3307461142539978,0.0,-0.574796199798584,0
1,20270000,no_residual,26.183734893798828,300,1.107626936165616,12.748583793640137,2.628844837878205,0.40865233540534973,0.0,8.791491508483887,1.2754179239273071,0.3307461142539978,0.0,-0.574796199798584,0
1,20270000,score_only,22.557790756225586,300,1.3340463880449533,12.770268440246582,2.6385934857826214,0.41136185824871063,0.0,5.132277011871338,1.277026891708374,0.328262060880661,0.0,-0.5945680141448975,0
1,20270000,no_proxy,26.183734893798828,300,0.9965728239621967,12.748583793640137,2.628844837878205,0.40865233540534973,0.0,8.791491508483887,1.2754179239273071,0.3307461142539978,0.0,-0.574796199798584,0
1,20270000,cma_es,18.534460067749023,300,0.2484976768027991,15.389772415161133,1.1483529392675162e-06,0.0,0.0,1.0171210765838623,1.5955181121826172,0.4791829288005829,0.052864089608192444,2.0116634368896484,0
1,20270000,de,19.642419815063477,300,0.18351371097378433,14.392078399658203,0.21365940058603888,0.0,0.0,3.413487434387207,1.4661827087402344,0.15701043605804443,0.0,0.4852920174598694,1
1,20270005,full,25.919981002807617,300,1.2697218640241772,12.749571800231934,2.6174166696946486,0.4070723205804825,0.0,8.53923511505127,1.275527834892273,0.3311561644077301,0.0,-0.5768908858299255,0
1,20270005,anchor_only,25.969280242919922,300,0.28888492682017386,12.764298439025879,2.6136414903648983,0.40967947244644165,0.0,8.572758674621582,1.277282953262329,0.3316201865673065,0.0,-0.5773122310638428,0
1,20270005,no_residual,25.969280242919922,300,0.9584729049820453,12.764298439025879,2.6136414903648983,0.40967947244644165,0.0,8.572758674621582,1.277282953262329,0.3316201865673065,0.0,-0.5773122310638428,0
1,20270005,score_only,25.969280242919922,300,1.2364316310267895,12.764298439025879,2.6136414903648983,0.40967947244644165,0.0,8.572758674621582,1.277282953262329,0.3316201865673065,0.0,-0.5773122310638428,0
1,20270005,no_proxy,25.969280242919922,300,1.005276455078274,12.764298439025879,2.6136414903648983,0.40967947244644165,0.0,8.572758674621582,1.277282953262329,0.3316201865673065,0.0,-0.5773122310638428,0
1,20270005,cma_es,17.75082778930664,300,0.2651387720834464,13.940069198608398,0.05625276453793088,0.0,0.0,2.178396463394165,1.411523699760437,0.16458533704280853,0.0,0.8409227728843689,1
1,20270005,de,29.671157836914062,300,0.21674457099288702,14.882915496826172,2.3984392285346985,0.10282427817583084,0.0,10.384071350097656,1.5786011219024658,0.32430538535118103,0.0,-0.17548620700836182,0
1,20270003,full,26.531030654907227,300,1.2377555570565164,12.754700660705566,2.6134736682997755,0.40670204162597656,0.0,9.148852348327637,1.2760728597640991,0.33122751116752625,0.0,-0.578041672706604,0
1,20270003,anchor_only,26.531030654907227,300,0.23775017797015607,12.754700660705566,2.6134736682997755,0.40670204162597656,0.0,9.148852348327637,1.2760728597640991,0.33122751116752625,0.0,-0.578041672706604,0
1,20270003,no_residual,26.531030654907227,300,1.1110419491305947,12.754700660705566,2.6134736682997755,0.40670204162597656,0.0,9.148852348327637,1.2760728597640991,0.33122751116752625,0.0,-0.578041672706604,0
1,20270003,score_only,21.55572509765625,300,1.372605632059276,12.764814376831055,2.6305370498876073,0.4122069925069809,0.0,4.144906044006348,1.2764815092086792,0.3267788887023926,0.0,-0.5780118703842163,0
1,20270003,no_proxy,26.531030654907227,300,1.0190289618913084,12.754700660705566,2.6134736682997755,0.40670204162597656,0.0,9.148852348327637,1.2760728597640991,0.33122751116752625,0.0,-0.578041672706604,0
1,20270003,cma_es,15.465570449829102,300,0.20735187898389995,13.469118118286133,0.015507166739553224,0.0,0.0,0.4513261616230011,1.3493080139160156,0.1803116649389267,0.0,1.1412767171859741,1
1,20270003,de,23.94951820373535,300,0.21971985092386603,15.022868156433105,1.6690105143024994,0.24693287909030914,0.0,5.098818778991699,1.579437255859375,0.3324486315250397,0.0,-0.5089071989059448,0
1,20270002,full,26.187591552734375,300,1.353521018056199,12.757332801818848,2.612840860601864,0.4058266431093216,0.0,8.8038911819458,1.2763426303863525,0.33135727047920227,0.0,-0.5774953365325928,0
1,20270002,anchor_only,26.171945571899414,300,0.30166733311489224,12.755131721496582,2.6137106136102375,0.4060158133506775,0.0,8.7897310256958,1.2760820388793945,0.3312738835811615,0.0,-0.577477216720581,0
1,20270002,no_residual,26.187591552734375,300,1.0196997730527073,12.757332801818848,2.612840860601864,0.4058266431093216,0.0,8.8038911819458,1.2763426303863525,0.33135727047920227,0.0,-0.5774953365325928,0
1,20270002,score_only,20.884763717651367,300,1.3453283768612891,13.757170677185059,1.7865894577407744,0.05231719867879292,0.0,3.518778085708618,1.4346622228622437,0.3352459669113159,0.0,-0.23281410336494446,0
1,20270002,no_proxy,26.171945571899414,300,1.0547614470124245,12.755131721496582,2.6137106136102375,0.4060158133506775,0.0,8.7897310256958,1.2760820388793945,0.3312738835811615,0.0,-0.577477216720581,0
1,20270002,cma_es,16.031944274902344,300,0.20174451917409897,13.354185104370117,0.7678523808717728,0.0,0.0,0.47286805510520935,1.3584656715393066,0.07857295125722885,0.0,0.22178781032562256,1
1,20270002,de,31.68160057067871,300,0.2177228140644729,18.568222045898438,0.7278212951787282,0.09933427721261978,0.0,9.897375106811523,1.9818333387374878,0.39507564902305603,0.011940495111048222,-0.3459920883178711,0
1,20270001,full,20.681278228759766,300,1.3317445539869368,13.512931823730469,2.2381575751545775,0.32814015116309747,0.0,2.9740209579467773,1.3512932062149048,0.27673619985580444,0.0,-0.7026076912879944,0
1,20270001,anchor_only,24.242353439331055,300,0.2651528010610491,13.586771965026855,2.3350188901260758,0.3667818643152714,0.0,6.307750701904297,1.3586772680282593,0.2873538136482239,0.0,-0.7078299522399902,0
1,20270001,no_residual,18.980396270751953,300,1.0984312179498374,13.311933517456055,2.211043598679984,0.3286939263343811,0.0,1.5283323526382446,1.3311933279037476,0.2691994607448578,0.0,-0.6794092655181885,0
1,20270001,score_only,20.681278228759766,300,1.306121814996004,13.512931823730469,2.2381575751545775,0.32814015116309747,0.0,2.9740209579467773,1.3512932062149048,0.27673619985580444,0.0,-0.7026076912879944,0
1,20270001,no_proxy,24.242353439331055,300,1.0606563140172511,13.586771965026855,2.3350188901260758,0.3667818643152714,0.0,6.307750701904297,1.3586772680282593,0.2873538136482239,0.0,-0.7078299522399902,0
1,20270001,cma_es,18.762054443359375,300,0.2339135929942131,13.814857482910156,0.5181122943760031,0.0,0.0,2.8543031215667725,1.413612723350525,0.16116981208324432,0.0,0.07819300889968872,1
1,20270001,de,33.051570892333984,300,0.21443975600413978,19.554868698120117,0.30607004464588644,0.0,0.0,10.562582015991211,2.1373465061187744,0.4907020032405853,0.0,0.44007235765457153,1
1,20270006,full,25.9229679107666,300,1.2488985960371792,12.762137413024902,2.6119813591085403,0.4068928062915802,0.0,8.53327751159668,1.2771391868591309,0.33153966069221497,0.0,-0.5766410231590271,0
1,20270006,anchor_only,25.9229679107666,300,0.25913708191365004,12.762137413024902,2.6119813591085403,0.4068928062915802,0.0,8.53327751159668,1.2771391868591309,0.33153966069221497,0.0,-0.5766410231590271,0
1,20270006,no_residual,25.9229679107666,300,1.028521958971396,12.762137413024902,2.6119813591085403,0.4068928062915802,0.0,8.53327751159668,1.2771391868591309,0.33153966069221497,0.0,-0.5766410231590271,0
1,20270006,score_only,25.984777450561523,300,1.213060569949448,12.766364097595215,2.60697985153638,0.40801694989204407,0.0,8.593571662902832,1.2776764631271362,0.3321681320667267,0.0,-0.5780556201934814,0
1,20270006,no_proxy,25.9229679107666,300,0.9984659180045128,12.762137413024902,2.6119813591085403,0.4068928062915802,0.0,8.53327751159668,1.2771391868591309,0.33153966069221497,0.0,-0.5766410231590271,0
1,20270006,cma_es,18.08123016357422,300,0.26592204882763326,13.832294464111328,1.0789968390017748,0.35355740785598755,0.0015933867543935776,1.2348829507827759,1.3832294940948486,0.19667434692382812,0.0,-0.48994338512420654,0
1,20270006,de,32.30135726928711,300,0.2278838991187513,19.87410545349121,1.2050109431147575,0.005440048407763243,0.3887489438056946,8.175198554992676,2.049639940261841,0.6032158732414246,0.0,-0.7974910140037537,0
1,20270008,full,26.284910202026367,300,1.2018091399222612,12.755819320678711,2.615133614750448,0.4069199711084366,0.0,8.899171829223633,1.276288628578186,0.33157822489738464,0.0,-0.5791778564453125,0
1,20270008,anchor_only,26.284910202026367,300,0.28526768600568175,12.755819320678711,2.615133614750448,0.4069199711084366,0.0,8.899171829223633,1.276288628578186,0.33157822489738464,0.0,-0.5791778564453125,0
1,20270008,no_residual,26.09851837158203,300,1.0412102099508047,12.992295265197754,2.508256746477855,0.3918570429086685,0.0,8.566607475280762,1.3052035570144653,0.3342974781990051,0.0,-0.5412024259567261,0
1,20270008,score_only,24.548112869262695,300,1.253872836008668,12.752511978149414,2.569045249726514,0.4108956456184387,0.0,7.209153652191162,1.2752994298934937,0.3312070071697235,0.0,-0.5943546891212463,0
1,20270008,no_proxy,26.284910202026367,300,0.997333946172148,12.755819320678711,2.615133614750448,0.4069199711084366,0.0,8.899171829223633,1.276288628578186,0.33157822489738464,0.0,-0.5791778564453125,0
1,20270008,cma_es,19.478910446166992,300,0.26939928298816085,13.545190811157227,2.541982129216194,0.06175486577558331,0.0,1.8789305686950684,1.3727744817733765,0.07827766984701157,0.0,-0.15571030974388123,0
1,20270008,de,31.29914665222168,300,0.2262724000029266,18.420814514160156,1.4628010471933521,0.0,0.053996358066797256,9.010734558105469,1.9181101322174072,0.4326898753643036,0.0,-0.47815772891044617,0
1,20270009,full,18.973596572875977,300,1.2158278599381447,13.254884719848633,2.38008569937665,0.0367239648476243,0.0,1.6761947870254517,1.3602555990219116,0.26545068621635437,0.0,-0.14976000785827637,0
1,20270009,anchor_only,26.10243797302246,300,0.27028991701081395,12.801234245300293,2.6055156923694085,0.40944255888462067,0.0,8.672280311584473,1.2815243005752563,0.33244216442108154,0.0,-0.5728711485862732,0
1,20270009,no_residual,18.59319305419922,300,1.0225338428281248,13.383736610412598,2.004013317404315,0.0003193962329532951,0.0,1.5882941484451294,1.3756275177001953,0.24120211601257324,0.0,-0.01559591293334961,0
1,20270009,score_only,18.973596572875977,300,1.3232836360111833,13.254884719848633,2.38008569937665,0.0367239648476243,0.0,1.6761947870254517,1.3602555990219116,0.26545068621635437,0.0,-0.14976000785827637,0
1,20270009,no_proxy,26.10243797302246,300,1.1009771041572094,12.801234245300293,2.6055156923694085,0.40944255888462067,0.0,8.672280311584473,1.2815243005752563,0.33244216442108154,0.0,-0.5728711485862732,0
1,20270009,cma_es,19.27829360961914,300,0.2452763761393726,14.2710542678833,1.503250628709793,0.0007945458637550473,0.0,1.8972631692886353,1.4717496633529663,0.13417993485927582,0.0,-0.025975048542022705,0
1,20270009,de,28.100404739379883,300,0.219803208950907,16.335956573486328,0.0382867551022085,0.0,0.0,9.457113265991211,1.8038825988769531,0.46516701579093933,0.0,0.7264240980148315,1
1,20270007,full,26.60590362548828,300,1.328709766967222,12.756667137145996,2.6128561627274394,0.40743325650691986,0.0,9.221029281616211,1.2764853239059448,0.3314318060874939,0.0,-0.5784634351730347,0
1,20270007,anchor_only,26.57988739013672,300,0.26105424715206027,12.75601577758789,2.613370431399744,0.4073968678712845,0.0,9.195262908935547,1.2764172554016113,0.3314245939254761,0.0,-0.5784586668014526,0
1,20270007,no_residual,26.632680892944336,300,1.151583765866235,12.78082275390625,2.6182777642843575,0.408757284283638,0.0,9.214858055114746,1.2794047594070435,0.3305590748786926,0.0,-0.5798396468162537,0
1,20270007,score_only,24.967008590698242,300,1.3407186269760132,13.01257038116455,2.5345430293500613,0.34069569408893585,0.0,7.433663845062256,1.3111698627471924,0.33436498045921326,0.0,-0.5628928542137146,0
1,20270007,no_proxy,26.57988739013672,300,1.0833749689627439,12.75601577758789,2.613370431399744,0.4073968678712845,0.0,9.195262908935547,1.2764172554016113,0.3314245939254761,0.0,-0.5784586668014526,0
1,20270007,cma_es,16.599123001098633,300,0.2705493390094489,13.889490127563477,0.004532059887424111,0.0,0.0,1.1347354650497437,1.4032469987869263,0.16711761057376862,0.0,1.1940083503723145,1
1,20270007,de,31.664018630981445,300,0.19682106096297503,22.21853256225586,0.14962449063023087,0.0,0.0,6.064728260040283,2.422055244445801,0.8090801239013672,0.0,0.06187427043914795,1
1,20270011,full,26.16021728515625,300,1.3497749990783632,12.74346923828125,2.620477093109912,0.4112072288990021,0.0,8.779768943786621,1.274445652961731,0.33084622025489807,0.0,-0.5802295804023743,0
1,20270011,anchor_only,26.16021728515625,300,0.25383016490377486,12.74346923828125,2.620477093109912,0.4112072288990021,0.0,8.779768943786621,1.274445652961731,0.33084622025489807,0.0,-0.5802295804023743,0
1,20270011,no_residual,26.16021728515625,300,1.118796057999134,12.74346923828125,2.620477093109912,0.4112072288990021,0.0,8.779768943786621,1.274445652961731,0.33084622025489807,0.0,-0.5802295804023743,0
1,20270011,score_only,26.16021728515625,300,1.333755319006741,12.74346923828125,2.620477093109912,0.4112072288990021,0.0,8.779768943786621,1.274445652961731,0.33084622025489807,0.0,-0.5802295804023743,0
1,20270011,no_proxy,26.16021728515625,300,1.0998410328757018,12.74346923828125,2.620477093109912,0.4112072288990021,0.0,8.779768943786621,1.274445652961731,0.33084622025489807,0.0,-0.5802295804023743,0
1,20270011,cma_es,16.535266876220703,300,0.23603179398924112,12.94300651550293,2.0163097102195024,0.004572780337184668,0.0,0.1950763612985611,1.2943006753921509,0.08200017362833023,0.0,-0.11681210994720459,0
1,20270011,de,20.243440628051758,300,0.19337180606089532,14.198434829711914,1.3903857596560556,0.0068322718143463135,0.0,3.090367555618286,1.4803166389465332,0.07710450142621994,0.0,-0.07295691967010498,0
1,20270010,full,26.047142028808594,300,1.323157578939572,13.011959075927734,2.5760781827575556,0.432733952999115,0.0,8.378384590148926,1.310052752494812,0.33793458342552185,0.0,-0.5235416293144226,0
1,20270010,anchor_only,26.009510040283203,300,0.2993444059975445,12.75346565246582,2.613951988306326,0.4056117385625839,0.0,8.629256248474121,1.2759760618209839,0.3312470614910126,0.0,-0.5776388645172119,0
1,20270010,no_residual,26.047142028808594,300,1.052309119142592,13.011959075927734,2.5760781827575556,0.432733952999115,0.0,8.378384590148926,1.310052752494812,0.33793458342552185,0.0,-0.5235416293144226,0
1,20270010,score_only,26.283798217773438,300,1.3387053159531206,12.761430740356445,2.6109558519065104,0.40471017360687256,0.0,8.898180961608887,1.2769218683242798,0.3315981328487396,0.0,-0.5780131816864014,0
1,20270010,no_proxy,26.009510040283203,300,1.155699352035299,12.75346565246582,2.613951988306326,0.4056117385625839,0.0,8.629256248474121,1.2759760618209839,0.3312470614910126,0.0,-0.5776388645172119,0
1,20270010,cma_es,17.97610092163086,300,0.22795968316495419,14.14547061920166,0.7028017248958349,0.021401744335889816,0.0,1.064483642578125,1.4808052778244019,0.5611387491226196,0.0,-0.14488238096237183,0
1,20270010,de,26.53464126586914,300,0.2188886299263686,15.592677116394043,3.2134679779410362,1.2058031857013702,0.0,4.681571006774902,1.6529533863067627,0.10213631391525269,0.08603070676326752,-0.7144287824630737,0
1,20270012,full,20.02333641052246,300,1.2652763659134507,14.098639488220215,1.2843896634876728,0.07546322047710419,0.06652985513210297,2.745846748352051,1.447015404701233,0.30545124411582947,0.0,-0.2401585578918457,0
1,20270012,anchor_only,26.09803581237793,300,0.2664932298939675,12.753615379333496,2.6176916870535933,0.40771234035491943,0.0,8.712014198303223,1.2758281230926514,0.3311757743358612,0.0,-0.5769074559211731,0
1,20270012,no_residual,20.859790802001953,300,0.9870299568865448,14.332042694091797,1.0847190450876951,0.027410242706537247,0.24355176091194153,3.373167037963867,1.4829875230789185,0.3159131705760956,0.0,-0.4536709189414978,0
1,20270012,score_only,20.02333641052246,300,1.2181438188999891,14.098639488220215,1.2843896634876728,0.07546322047710419,0.06652985513210297,2.745846748352051,1.447015404701233,0.30545124411582947,0.0,-0.2401585578918457,0
1,20270012,no_proxy,26.09803581237793,300,0.9945845338515937,12.753615379333496,2.6176916870535933,0.40771234035491943,0.0,8.712014198303223,1.2758281230926514,0.3311757743358612,0.0,-0.5769074559211731,0
1,20270012,cma_es,15.644617080688477,300,0.24946528510190547,13.526368141174316,0.01450621895492095,0.0,0.0,0.6296367049217224,1.3577890396118164,0.11631685495376587,0.0,0.9580063819885254,1
1,20270012,de,26.978437423706055,300,0.17287092609331012,16.457670211791992,1.0032140258699656,0.2548641264438629,0.5730220079421997,6.455083847045898,1.8055447340011597,0.4290388524532318,0.0,-0.5513665676116943,0
1,20270013,full,26.63972282409668,300,1.21742278104648,12.7547025680542,2.6157788640430226,0.40872566401958466,0.0,9.253196716308594,1.2760989665985107,0.3312210738658905,0.0,-0.5785685777664185,0
1,20270013,anchor_only,26.496641159057617,300,0.21626745606772602,12.75301742553711,2.6158192703233,0.4089704751968384,0.0,9.111733436584473,1.275852084159851,0.3312475383281708,0.0,-0.5785972476005554,0
1,20270013,no_residual,26.63972282409668,300,0.9835714858490974,12.7547025680542,2.6157788640430226,0.40872566401958466,0.0,9.253196716308594,1.2760989665985107,0.3312210738658905,0.0,-0.5785685777664185,0
1,20270013,score_only,22.168014526367188,300,1.2399831630755216,13.14698314666748,3.2966762279409068,0.5363427251577377,0.0,3.5698633193969727,1.3301018476486206,0.2880480885505676,0.0,-0.6010208129882812,0
1,20270013,no_proxy,26.496641159057617,300,1.0527899991720915,12.75301742553711,2.6158192703233,0.4089704751968384,0.0,9.111733436584473,1.275852084159851,0.3312475383281708,0.0,-0.5785972476005554,0
1,20270013,cma_es,17.92056655883789,300,0.20972257293760777,14.234513282775879,0.3205788533668965,0.009163875132799149,0.0015565385110676289,1.6530078649520874,1.4757496118545532,0.22599628567695618,0.0,-0.08348971605300903,0
1,20270013,de,27.381484985351562,300,0.21033927402459085,16.907207489013672,0.010231744097836797,0.0,0.0,8.362555503845215,1.755378007888794,0.34611058235168457,0.0,0.9471891522407532,1
1,20270014,full,26.48899269104004,300,1.3475211400073022,13.188370704650879,2.5280242668568462,0.3391777575016022,0.0,8.75871753692627,1.330163836479187,0.3445395231246948,0.0,-0.584296703338623,0
1,20270014,anchor_only,26.842069625854492,300,0.21734558092430234,12.743853569030762,2.6152912801426282,0.4050575792789459,0.0,9.47224235534668,1.274727702140808,0.3308958411216736,0.0,-0.5778140425682068,0
1,20270014,no_residual,26.48899269104004,300,0.9864518649410456,13.188370704650879,2.5280242668568462,0.3391777575016022,0.0,8.75871753692627,1.330163836479187,0.3445395231246948,0.0,-0.584296703338623,0
1,20270014,score_only,20.482669830322266,300,1.3748796191066504,12.90390396118164,2.604707895814954,0.5572187006473541,0.0,2.8222789764404297,1.2903903722763062,0.30417147278785706,0.0,-0.5897747278213501,0
1,20270014,no_proxy,26.842069625854492,300,1.0362965629901737,12.743853569030762,2.6152912801426282,0.4050575792789459,0.0,9.47224235534668,1.274727702140808,0.3308958411216736,0.0,-0.5778140425682068,0
1,20270014,cma_es,17.212617874145508,300,0.21602513478137553,13.967559814453125,0.048019458539783996,0.0,0.0,1.530700445175171,1.432632327079773,0.23370571434497833,0.0,0.7495493292808533,1
1,20270014,de,29.264144897460938,300,0.22055052407085896,16.082786560058594,2.216962883634551,0.26436910033226013,0.0,8.900688171386719,1.6718342304229736,0.12750253081321716,0.0,-0.3176530599594116,0
1,20270015,full,25.585594177246094,300,1.3123201900161803,13.272939682006836,2.184592516124212,0.32789725065231323,0.0,8.099051475524902,1.3489192724227905,0.35219642519950867,0.0,-0.6080586314201355,0
1,20270015,anchor_only,26.31352424621582,300,0.28066539391875267,12.753907203674316,2.6168940929474047,0.4089082032442093,0.0,8.926609992980957,1.2759974002838135,0.3312096893787384,0.0,-0.5783655643463135,0
1,20270015,no_residual,24.44013786315918,300,1.086131950840354,13.183978080749512,2.1344646220886716,0.2709095850586891,0.0,7.167120933532715,1.3401015996932983,0.3435625731945038,0.0,-0.5716792941093445,0
1,20270015,score_only,21.097007751464844,300,1.3008862908463925,12.807550430297852,2.7572972199450305,0.35834790766239166,0.0,3.578291177749634,1.2847951650619507,0.3107244074344635,0.0,-0.493023157119751,0
1,20270015,no_proxy,26.31352424621582,300,1.061046167043969,12.753907203674316,2.6168940929474047,0.4089082032442093,0.0,8.926609992980957,1.2759974002838135,0.3312096893787384,0.0,-0.5783655643463135,0
1,20270015,cma_es,18.753833770751953,300,0.27543003810569644,14.575382232666016,0.10243683505723311,0.0,0.004914761520922184,2.2171881198883057,1.473830223083496,0.3632757067680359,0.01680484227836132,-0.13949894905090332,0
1,20270015,de,28.05233383178711,300,0.2154415869154036,15.660027503967285,1.566117987036705,0.0,0.0,9.01883602142334,1.5660027265548706,0.2413518726825714,0.0,0.09386789798736572,1
1,20270016,full,26.14670753479004,300,1.37282151193358,12.747787475585938,2.6194920247553455,0.41073325276374817,0.0,8.762702941894531,1.2750076055526733,0.3309851586818695,0.0,-0.5805600881576538,0
1,20270016,anchor_only,26.14670753479004,300,0.2668102199677378,12.747787475585938,2.6194920247553455,0.41073325276374817,0.0,8.762702941894531,1.2750076055526733,0.3309851586818695,0.0,-0.5805600881576538,0
1,20270016,no_residual,26.14670753479004,300,1.0272026399616152,12.747787475585938,2.6194920247553455,0.41073325276374817,0.0,8.762702941894531,1.2750076055526733,0.3309851586818695,0.0,-0.5805600881576538,0
1,20270016,score_only,21.329833984375,300,1.362387782195583,13.372536659240723,2.7150476583065597,0.4744734615087509,0.0,3.1043853759765625,1.3372536897659302,0.32613739371299744,0.0,-0.7043204307556152,0
1,20270016,no_proxy,26.14670753479004,300,1.0789929050952196,12.747787475585938,2.6194920247553455,0.41073325276374817,0.0,8.762702941894531,1.2750076055526733,0.3309851586818695,0.0,-0.5805600881576538,0
1,20270016,cma_es,15.179759979248047,300,0.22570636309683323,13.293850898742676,0.14926579501491055,0.0,0.0,0.3047384023666382,1.3293851613998413,0.102519690990448,0.0,0.6324477195739746,1
1,20270016,de,26.856704711914062,300,0.20885587204247713,16.652929306030273,2.194322567433119,0.4178507924079895,0.0,5.102788925170898,1.8225778341293335,0.32688185572624207,0.3393533229827881,-0.30634790658950806,0
1,20270017,full,26.170597076416016,300,1.3020532401278615,12.812958717346191,2.629082124649358,0.42212146520614624,0.0,8.689994812011719,1.283860206604004,0.3325798213481903,0.0,-0.5647859573364258,0
1,20270017,anchor_only,26.170597076416016,300,0.24637756613083184,12.812958717346191,2.629082124649358,0.42212146520614624,0.0,8.689994812011719,1.283860206604004,0.3325798213481903,0.0,-0.5647859573364258,0
1,20270017,no_residual,26.170597076416016,300,0.9576355968602002,12.812958717346191,2.629082124649358,0.42212146520614624,0.0,8.689994812011719,1.283860206604004,0.3325798213481903,0.0,-0.5647859573364258,0
1,20270017,score_only,26.170597076416016,300,1.33215764304623,12.812958717346191,2.629082124649358,0.42212146520614624,0.0,8.689994812011719,1.283860206604004,0.3325798213481903,0.0,-0.5647859573364258,0
1,20270017,no_proxy,26.170597076416016,300,1.1353246048092842,12.812958717346191,2.629082124649358,0.42212146520614624,0.0,8.689994812011719,1.283860206604004,0.3325798213481903,0.0,-0.5647859573364258,0
1,20270017,cma_es,15.456740379333496,300,0.26657798420637846,13.541777610778809,0.013081657234579344,0.0,0.0,0.28492337465286255,1.3541806936264038,0.2627774477005005,0.0,1.1204088926315308,1
1,20270017,de,27.198991775512695,300,0.25811778800562024,16.295047760009766,2.15196543186903,0.022330467589199543,0.0,6.87047004699707,1.7309623956680298,0.1282142549753189,0.0,-0.10662591457366943,0
1,20270018,full,24.66481590270996,300,1.1957485710736364,14.047796249389648,1.9533140929124784,0.1281089223921299,0.0,6.736431121826172,1.4692280292510986,0.329936683177948,0.0,-0.2671056389808655,0
1,20270018,anchor_only,26.566497802734375,300,0.24062193999998271,12.752246856689453,2.617137881456074,0.4079188406467438,0.0,9.182226181030273,1.275866985321045,0.3311009705066681,0.0,-0.5783340930938721,0
1,20270018,no_residual,24.270179748535156,300,0.9437901270575821,14.812868118286133,1.021500088274479,0.0,0.0,6.5373077392578125,1.5910428762435913,0.30746138095855713,0.0,0.0980575680732727,1
1,20270018,score_only,24.66481590270996,300,1.1433279409538954,14.047796249389648,1.9533140929124784,0.1281089223921299,0.0,6.736431121826172,1.4692280292510986,0.329936683177948,0.0,-0.2671056389808655,0
1,20270018,no_proxy,26.566497802734375,300,0.9588612148072571,12.752246856689453,2.617137881456074,0.4079188406467438,0.0,9.182226181030273,1.275866985321045,0.3311009705066681,0.0,-0.5783340930938721,0
1,20270018,cma_es,15.251707077026367,300,0.2119481589179486,13.49697208404541,0.011487901210784914,0.0,0.0,0.24613355100154877,1.3557764291763306,0.14133648574352264,0.0,1.1613202095031738,1
1,20270018,de,29.254562377929688,300,0.21735131298191845,18.336265563964844,0.00030382319271547796,0.0,0.0,7.907357692718506,2.0820083618164062,0.9286260604858398,0.0,1.4264837503433228,1
1,20270019,full,20.5220890045166,300,1.3048144010826945,13.610774040222168,1.4150225452940504,0.3283327519893646,0.0,3.481687307357788,1.414354920387268,0.2719174325466156,0.0,-0.47177863121032715,0
1,20270019,anchor_only,23.559877395629883,300,0.2942493660375476,14.49448013305664,1.238734696074971,0.19665749371051788,0.0,5.836108684539795,1.5352017879486084,0.2586933374404907,0.0,-0.4184545874595642,0
1,20270019,no_residual,22.801122665405273,300,0.9826099199708551,13.817981719970703,1.5764421219464566,0.39965298771858215,0.0,5.283461570739746,1.4405866861343384,0.2829984426498413,0.0,-0.5338987112045288,0
1,20270019,score_only,20.5220890045166,300,1.2632008360233158,13.610774040222168,1.4150225452940504,0.3283327519893646,0.0,3.481687307357788,1.414354920387268,0.2719174325466156,0.0,-0.47177863121032715,0
1,20270019,no_proxy,22.737701416015625,300,0.9657689870800823,14.376174926757812,1.251516223033832,0.21944724023342133,0.0,5.1132731437683105,1.5210944414138794,0.25619426369667053,0.0,-0.44411537051200867,0
1,20270019,cma_es,19.709293365478516,300,0.2795581871178001,14.776620864868164,0.9625425095449622,0.0,0.0,2.325532913208008,1.4776620864868164,0.16693457961082458,0.0,0.2640730142593384,1
1,20270019,de,25.129987716674805,300,0.21746335620991886,14.691549301147461,2.7586276443034876,0.4622099995613098,0.0,5.641552925109863,1.504902958869934,0.07114406675100327,0.0,-0.4202529191970825,0
1,20270020,full,26.325244903564453,300,1.2817421990912408,12.755928039550781,2.6195973878402583,0.4094710648059845,0.0,8.93285846710205,1.2762162685394287,0.33117228746414185,0.0,-0.5789094567298889,0
1,20270020,anchor_only,26.325244903564453,300,0.2524202091153711,12.755928039550781,2.6195973878402583,0.4094710648059845,0.0,8.93285846710205,1.2762162685394287,0.33117228746414185,0.0,-0.5789094567298889,0
1,20270020,no_residual,26.325244903564453,300,0.9971667821519077,12.755928039550781,2.6195973878402583,0.4094710648059845,0.0,8.93285846710205,1.2762162685394287,0.33117228746414185,0.0,-0.5789094567298889,0
1,20270020,score_only,26.06180763244629,300,1.2117291470058262,12.771758079528809,2.6023747085300784,0.3986681252717972,0.0,8.679462432861328,1.2790316343307495,0.33051300048828125,0.0,-0.5766691565513611,0
1,20270020,no_proxy,26.325244903564453,300,0.9884002690669149,12.755928039550781,2.6195973878402583,0.4094710648059845,0.0,8.93285846710205,1.2762162685394287,0.33117228746414185,0.0,-0.5789094567298889,0
1,20270020,cma_es,16.512483596801758,300,0.25690679997205734,13.73645305633545,0.011818444821983578,0.0,0.0,0.9933595061302185,1.4077601432800293,0.3630923926830292,0.0,1.0828766822814941,1
1,20270020,de,32.099578857421875,300,0.30202826182357967,17.962913513183594,1.1164351459871547,0.2787381112575531,0.0,10.361732482910156,1.9000072479248047,0.47975286841392517,0.0,-0.5092536211013794,0
1,20270022,full,21.13884925842285,300,1.2870151128154248,13.033438682556152,1.874184663371807,0.45370128750801086,0.0,4.1403279304504395,1.3188159465789795,0.31838318705558777,0.0,-0.6126720309257507,0
1,20270022,anchor_only,26.161067962646484,300,0.3396427158731967,12.752226829528809,2.6173240235093544,0.4072534888982773,0.0,8.777331352233887,1.275788426399231,0.3311445415019989,0.0,-0.5783480405807495,0
1,20270022,no_residual,26.161067962646484,300,1.0177898849360645,12.752226829528809,2.6173240235093544,0.4072534888982773,0.0,8.777331352233887,1.275788426399231,0.3311445415019989,0.0,-0.5783480405807495,0
1,20270022,score_only,22.990581512451172,300,1.234767311019823,13.455194473266602,1.8174781674916431,0.21480253338813782,0.0,5.857975482940674,1.376331090927124,0.2687993049621582,0.0,-0.381704181432724,0
1,20270022,no_proxy,26.161067962646484,300,1.2261983989737928,12.752226829528809,2.6173240235093544,0.4072534888982773,0.0,8.777331352233887,1.275788426399231,0.3311445415019989,0.0,-0.5783480405807495,0
1,20270022,cma_es,18.006484985351562,300,0.22089285496622324,14.633834838867188,0.05256845618023931,0.0,0.0,1.4499690532684326,1.4633835554122925,0.4067314565181732,0.0,0.10092020034790039,1
1,20270022,de,31.486249923706055,300,0.21632453799247742,20.441734313964844,0.15829802699333984,0.0,0.0,8.304450035095215,2.1525864601135254,0.4291798174381256,0.0,0.11700689792633057,1
1,20270021,full,26.3359317779541,300,1.306605685967952,12.754779815673828,2.6162736361975476,0.407000407576561,0.0,8.950518608093262,1.276185393333435,0.3311736285686493,0.0,-0.5781751871109009,0
1,20270021,anchor_only,26.3359317779541,300,0.31622416409663856,12.754779815673828,2.6162736361975476,0.407000407576561,0.0,8.950518608093262,1.276185393333435,0.3311736285686493,0.0,-0.5781751871109009,0
1,20270021,no_residual,26.268611907958984,300,1.116032260004431,12.7555513381958,2.6166135748944725,0.4070008397102356,0.0,8.881950378417969,1.276261806488037,0.33123406767845154,0.0,-0.5780757665634155,0
1,20270021,score_only,26.375335693359375,300,1.3600055938586593,12.762611389160156,2.613915230173916,0.4079737812280655,0.0,8.982215881347656,1.277038812637329,0.33158043026924133,0.0,-0.5783905982971191,0
1,20270021,no_proxy,26.3359317779541,300,1.2204336989670992,12.754779815673828,2.6162736361975476,0.407000407576561,0.0,8.950518608093262,1.276185393333435,0.3311736285686493,0.0,-0.5781751871109009,0
1,20270021,cma_es,18.85640525817871,300,0.2895350691396743,14.799673080444336,0.086838170539977,0.0,0.09986382722854614,2.145014762878418,1.513716697692871,0.21129761636257172,0.0,-0.4215320348739624,0
1,20270021,de,21.406457901000977,300,0.23696574894711375,15.516228675842285,0.05164973888895475,0.0,0.0,3.972162961959839,1.6699918508529663,0.19642379879951477,0.0,0.7656684517860413,1
1,20270023,full,25.93795394897461,300,1.2978229110594839,12.754759788513184,2.614351432386684,0.4070667326450348,0.0,8.554177284240723,1.276116132736206,0.33148401975631714,0.0,-0.5778068900108337,0
1,20270023,anchor_only,25.93907928466797,300,0.32681444589979947,12.754508972167969,2.6144993703028376,0.4070962965488434,0.0,8.555414199829102,1.2760878801345825,0.33147260546684265,0.0,-0.5778119564056396,0
1,20270023,no_residual,25.93795394897461,300,1.1546568518970162,12.754759788513184,2.614351432386684,0.4070667326450348,0.0,8.554177284240723,1.276116132736206,0.33148401975631714,0.0,-0.5778068900108337,0
1,20270023,score_only,25.371742248535156,300,1.3610190129838884,12.793723106384277,2.6106645988929813,0.4012058973312378,0.0,7.954252243041992,1.2817281484603882,0.3301674723625183,0.0,-0.5669288039207458,0
1,20270023,no_proxy,25.93907928466797,300,1.1867518262006342,12.754508972167969,2.6144993703028376,0.4070962965488434,0.0,8.555414199829102,1.2760878801345825,0.33147260546684265,0.0,-0.5778119564056396,0
1,20270023,cma_es,17.036508560180664,300,0.265992488944903,13.828407287597656,0.9506185292266309,0.25449809432029724,0.006627538241446018,0.41026413440704346,1.3837088346481323,0.20238523185253143,0.0,-0.37542492151260376,0
1,20270023,de,25.9772891998291,300,0.22057461086660624,16.983434677124023,0.9418696016073637,0.0,0.0,5.724054336547852,1.847192406654358,0.48073798418045044,0.0,0.021699130535125732,1
1,20270024,full,26.551382064819336,300,1.3902776229660958,12.754411697387695,2.6150332015040476,0.4065958261489868,0.0,9.167984008789062,1.2761495113372803,0.33120670914649963,0.0,-0.5777735710144043,0
1,20270024,anchor_only,26.551382064819336,300,0.25774587597697973,12.754411697387695,2.6150332015040476,0.4065958261489868,0.0,9.167984008789062,1.2761495113372803,0.33120670914649963,0.0,-0.5777735710144043,0
1,20270024,no_residual,26.551382064819336,300,0.941971210995689,12.754411697387695,2.6150332015040476,0.4065958261489868,0.0,9.167984008789062,1.2761495113372803,0.33120670914649963,0.0,-0.5777735710144043,0
1,20270024,score_only,24.65999412536621,300,1.1218233641702682,12.827542304992676,2.6318041500117033,0.44443702697753906,0.0,7.141783237457275,1.2827543020248413,0.33167287707328796,0.0,-0.5871709585189819,0
1,20270024,no_proxy,26.551382064819336,300,1.0828720591962337,12.754411697387695,2.6150332015040476,0.4065958261489868,0.0,9.167984008789062,1.2761495113372803,0.33120670914649963,0.0,-0.5777735710144043,0
1,20270024,cma_es,16.935415267944336,300,0.2522531889844686,13.618260383605957,0.5921050608158112,0.0,0.0,1.2207316160202026,1.3618260622024536,0.14249147474765778,0.0,0.24152809381484985,1
1,20270024,de,29.803987503051758,300,0.18582461215555668,19.17955207824707,0.8948862687684596,0.0,0.0,7.018613815307617,2.20178484916687,0.4004579186439514,0.10869410634040833,0.12959915399551392,0
1,20270025,full,26.297008514404297,300,1.4038949229288846,12.764449119567871,2.611091884576126,0.40879853069782257,0.0,8.903663635253906,1.277409315109253,0.3315964937210083,0.0,-0.5783146619796753,0
1,20270025,anchor_only,26.260034561157227,300,0.30494634713977575,12.755022048950195,2.6141559919005886,0.40616877377033234,0.0,8.877250671386719,1.2762199640274048,0.3312169909477234,0.0,-0.5773827433586121,0
1,20270025,no_residual,26.261005401611328,300,1.06117644906044,12.754941940307617,2.6141599855936875,0.40613050758838654,0.0,8.878348350524902,1.2762097120285034,0.331216424703598,0.0,-0.5773816108703613,0
1,20270025,score_only,19.851945877075195,300,1.2749269590713084,13.122798919677734,2.309163045336474,0.11069018766283989,0.0,2.6893398761749268,1.3122799396514893,0.3076716959476471,0.0,-0.3173670768737793,0
1,20270025,no_proxy,26.260034561157227,300,0.9860300340224057,12.755022048950195,2.6141559919005886,0.40616877377033234,0.0,8.877250671386719,1.2762199640274048,0.3312169909477234,0.0,-0.5773827433586121,0
1,20270025,cma_es,17.637910842895508,300,0.24050349602475762,14.71906566619873,0.08498477814168837,0.0,0.2636181116104126,0.697063148021698,1.5365722179412842,0.3366071581840515,0.0,-0.6182731986045837,0
1,20270025,de,26.340423583984375,300,0.21124369697645307,16.182785034179688,0.1855544761638157,0.0,0.004585491493344307,7.83329439163208,1.705778956413269,0.42842742800712585,0.0,-0.11732244491577148,0
1,20270026,full,25.451969146728516,300,1.368272501975298,12.893120765686035,2.5290566634048446,0.3968048393726349,0.0,8.009185791015625,1.2957626581192017,0.32803866267204285,0.0,-0.5443300008773804,0
1,20270026,anchor_only,26.292470932006836,300,0.29065018403343856,12.754287719726562,2.6165024221527347,0.40746673941612244,0.0,8.906970024108887,1.276077151298523,0.33116742968559265,0.0,-0.5780057907104492,0
1,20270026,no_residual,26.292470932006836,300,0.9981415448710322,12.754287719726562,2.6165024221527347,0.40746673941612244,0.0,8.906970024108887,1.276077151298523,0.33116742968559265,0.0,-0.5780057907104492,0
1,20270026,score_only,20.139863967895508,300,1.197017113212496,12.79150390625,2.95578379739527,0.37782515585422516,0.0,2.4250781536102295,1.2816799879074097,0.307995468378067,0.0,-0.5134671330451965,0
1,20270026,no_proxy,26.292470932006836,300,1.0444711360614747,12.754287719726562,2.6165024221527347,0.40746673941612244,0.0,8.906970024108887,1.276077151298523,0.33116742968559265,0.0,-0.5780057907104492,0
1,20270026,cma_es,15.855456352233887,300,0.18605129001662135,13.653372764587402,0.02254621428437531,0.0,0.0,0.5169057846069336,1.400504231452942,0.26212790608406067,0.0,1.0116610527038574,1
1,20270026,de,23.320070266723633,300,0.2635418639983982,14.281415939331055,2.607012391090393,0.6712437868118286,0.0,4.0726470947265625,1.4306596517562866,0.2570924162864685,0.0,-0.6839777231216431,0
1,20270028,full,23.781898498535156,300,1.276981194037944,12.794792175292969,2.715259851922383,0.37393802404403687,0.0,6.300184726715088,1.2827138900756836,0.3150099813938141,0.0,-0.5777252316474915,0
1,20270028,anchor_only,26.783414840698242,300,0.26490670815110207,12.7577543258667,2.619445916056975,0.4086993485689163,0.0,9.389731407165527,1.2765260934829712,0.33125922083854675,0.0,-0.5794784426689148,0
1,20270028,no_residual,26.783414840698242,300,1.0655309380963445,12.7577543258667,2.619445916056975,0.4086993485689163,0.0,9.389731407165527,1.2765260934829712,0.33125922083854675,0.0,-0.5794784426689148,0
1,20270028,score_only,24.74811363220215,300,1.3440151819959283,12.817703247070312,2.6884569532039677,0.35623881220817566,0.0,7.284518718719482,1.2853680849075317,0.31582894921302795,0.0,-0.5735856294631958,0
1,20270028,no_proxy,26.783414840698242,300,0.9972490139771253,12.7577543258667,2.619445916056975,0.4086993485689163,0.0,9.389731407165527,1.2765260934829712,0.33125922083854675,0.0,-0.5794784426689148,0
1,20270028,cma_es,16.285463333129883,300,0.2443809260148555,13.818222045898438,0.03271651643444784,0.0,0.0,0.7760691046714783,1.4132585525512695,0.24519756436347961,0.0,0.942399799823761,1
1,20270028,de,22.648168563842773,300,0.2554548920597881,16.569515228271484,0.7487083125446659,0.0,0.0,3.270219087600708,1.771622657775879,0.28810322284698486,0.0,0.03562963008880615,1
1,20270027,full,19.617177963256836,300,1.3810818770434707,13.3054780960083,2.405404726665889,0.30750853568315506,0.0,1.9951242208480835,1.33054780960083,0.2731153070926666,0.0,-0.5215760469436646,0
1,20270027,anchor_only,26.198837280273438,300,0.2804962710943073,12.755451202392578,2.618675231555244,0.40934398770332336,0.0,8.808134078979492,1.2761167287826538,0.33111652731895447,0.0,-0.5777080059051514,0
1,20270027,no_residual,20.031526565551758,300,1.0361224389635026,13.0768404006958,2.499201040060626,0.5895276963710785,0.0,2.261837959289551,1.307684063911438,0.29643625020980835,0.0,-0.7118602991104126,0
1,20270027,score_only,23.250076293945312,300,1.3485686569474638,13.32658576965332,2.167899666877929,0.19802608899772167,0.0,5.881595134735107,1.363882064819336,0.3120889365673065,0.0,-0.4439655542373657,0
1,20270027,no_proxy,26.198837280273438,300,1.0779578029178083,12.755451202392578,2.618675231555244,0.40934398770332336,0.0,8.808134078979492,1.2761167287826538,0.33111652731895447,0.0,-0.5777080059051514,0
1,20270027,cma_es,17.43368148803711,300,0.2041019860189408,13.538514137268066,0.7631485230876884,0.001517242519184947,0.0,1.6779316663742065,1.3538514375686646,0.0987185463309288,0.0,-0.0732453465461731,0
1,20270027,de,31.382776260375977,300,0.2446325880009681,18.875669479370117,0.5505857309514279,0.0,0.0,9.573030471801758,1.917715072631836,0.3252842426300049,0.14049141108989716,0.318325400352478,0
1,20270029,full,25.617300033569336,300,1.3294397690333426,12.993314743041992,2.5834363154926905,0.48097988963127136,0.0,7.924784183502197,1.2994945049285889,0.3352934718132019,0.0,-0.5895705819129944,0
1,20270029,anchor_only,25.941078186035156,300,0.2749613809864968,12.759629249572754,2.616362821864641,0.40763601660728455,0.0,8.548983573913574,1.276798129081726,0.331669420003891,0.0,-0.5780068635940552,0
1,20270029,no_residual,25.708337783813477,300,1.1278594629839063,12.972275733947754,2.583980097969288,0.4716862142086029,0.0,8.049034118652344,1.2972276210784912,0.33413589000701904,0.0,-0.5856599807739258,0
1,20270029,score_only,22.033798217773438,300,1.299989766906947,12.924317359924316,3.6896078366044094,0.3271005153656006,0.0,3.514732599258423,1.3060411214828491,0.2719976603984833,0.0,-0.4313034117221832,0
1,20270029,no_proxy,25.941078186035156,300,1.092091053025797,12.759629249572754,2.616362821864641,0.40763601660728455,0.0,8.548983573913574,1.276798129081726,0.331669420003891,0.0,-0.5780068635940552,0
1,20270029,cma_es,15.284440994262695,300,0.29319740110076964,13.231060981750488,0.3334282897557879,0.0,0.0,0.2802864909172058,1.3231061697006226,0.11655857414007187,0.0,0.3422827124595642,1
1,20270029,de,21.464630126953125,300,0.2130860830657184,14.791142463684082,1.4700982756912742,0.4380357265472412,0.0,3.0968449115753174,1.5490177869796753,0.11949147284030914,0.0,-0.536461353302002,0
2,20270000,full,19.894603729248047,300,1.2337575701531023,14.93963623046875,0.0009536291193064789,0.0,0.0,2.380957841873169,1.377245306968689,0.3958120346069336,0.7999985218048096,0.21212011575698853,0
2,20270000,anchor_only,31.397998809814453,300,0.24780419818125665,17.983539581298828,0.0001386890345302233,0.0,0.04788700118660927,11.01368236541748,1.727216124534607,0.6255331039428711,0.0,-0.24163717031478882,0
2,20270000,no_residual,20.021989822387695,300,1.0087046469561756,14.973350524902344,0.0007716320800066762,0.0,0.0,2.4665374755859375,1.3816478252410889,0.39968442916870117,0.7999985218048096,0.23500734567642212,0
2,20270000,score_only,19.894603729248047,300,1.2768140700645745,14.93963623046875,0.0009536291193064789,0.0,0.0,2.380957841873169,1.377245306968689,0.3958120346069336,0.7999985218048096,0.21212011575698853,0
2,20270000,no_proxy,31.397998809814453,300,0.9872169280424714,17.983539581298828,0.0001386890345302233,0.0,0.04788700118660927,11.01368236541748,1.727216124534607,0.6255331039428711,0.0,-0.24163717031478882,0
2,20270000,cma_es,15.212260246276855,300,0.21907102991826832,13.235799789428711,0.24757283832877874,0.0,0.0,0.5402665138244629,1.100785255432129,0.087835393846035,0.0,0.2664589285850525,1
2,20270000,de,25.965055465698242,300,0.1909555997699499,16.985061645507812,0.018337392451940104,0.0,0.0,6.663814544677734,1.6039750576019287,0.6938665509223938,0.0,0.32404524087905884,1
2,20270001,full,38.70195388793945,300,1.3084988531190902,20.00494384765625,1.2203957000747323,0.10026702098548412,0.0,13.988324165344238,1.8275182247161865,0.7605041265487671,0.7999985218048096,-0.276363730430603,0
2,20270001,anchor_only,41.833492279052734,300,0.24071391206234694,25.53253173828125,0.47495256723777857,0.00014546161401085556,0.08923281729221344,11.955913543701172,2.5709238052368164,1.2097939252853394,0.0,-0.734250009059906,0
2,20270001,no_residual,34.34120178222656,300,1.0464174749795347,17.94096565246582,1.9309966266155243,0.25780465349089354,0.0009914053371176124,12.218470573425293,1.5754711627960205,0.41650334000587463,0.0,-0.42133432626724243,0
2,20270001,score_only,38.70195388793945,300,1.2541183410212398,20.00494384765625,1.2203957000747323,0.10026702098548412,0.0,13.988324165344238,1.8275182247161865,0.7605041265487671,0.7999985218048096,-0.276363730430603,0
2,20270001,no_proxy,37.91814041137695,300,1.0700411722064018,19.04195785522461,1.540087714791298,0.12353008985519409,1.26680588722229,13.50694465637207,1.8238877058029175,0.6149296164512634,0.0,-0.6877614259719849,0
2,20270001,cma_es,16.48649024963379,300,0.2609891090542078,14.23307991027832,0.016982024302706122,0.0,0.0040697455406188965,0.6041651368141174,1.2904300689697266,0.3377635180950165,0.0,-0.1150619387626648,0
2,20270001,de,28.854228973388672,300,0.1700374570209533,15.999831199645996,0.20107502433893387,0.0,0.0,10.56318473815918,1.4683337211608887,0.600814700126648,0.02098795399069786,0.005984663963317871,0
2,20270002,full,25.52115821838379,300,1.2720365331042558,15.689817428588867,1.2204732324462384,0.07778210908873007,0.0,6.605278968811035,1.4943305253982544,0.3496927320957184,0.08378385007381439,-0.23980456590652466,0
2,20270002,anchor_only,35.46933364868164,300,0.28735928679816425,18.568222045898438,1.3344498509832192,0.05979955196380615,0.0,13.196499824523926,1.74531888961792,0.553105890750885,0.011940495111048222,-0.2619572579860687,0
2,20270002,no_residual,26.246780395507812,300,0.9662530820351094,15.632326126098633,1.2867048308253288,0.09231216320767999,0.0,7.420222759246826,1.4840984344482422,0.331116259098053,0.0,-0.2510923147201538,0
2,20270002,score_only,25.52115821838379,300,1.2628412400372326,15.689817428588867,1.2204732324462384,0.07778210908873007,0.0,6.605278968811035,1.4943305253982544,0.3496927320957184,0.08378385007381439,-0.23980456590652466,0
2,20270002,no_proxy,35.46933364868164,300,1.1297713678795844,18.568222045898438,1.3344498509832192,0.05979955196380615,0.0,13.196499824523926,1.74531888961792,0.553105890750885,0.011940495111048222,-0.2619572579860687,0
2,20270002,cma_es,16.829622268676758,300,0.2507505698595196,14.171092987060547,0.02266109432093799,0.0,0.0008295094594359398,0.9802641272544861,1.2726309299468994,0.38214319944381714,0.0,-0.05781012773513794,0
2,20270002,de,29.67570686340332,300,0.21966518997214735,19.685256958007812,0.4442874211822025,0.0,0.19225893914699554,6.8737993240356445,1.9368029832839966,0.5433012843132019,0.0,-0.5678871273994446,0
2,20270004,full,26.33816146850586,300,1.2297610000241548,15.334577560424805,0.017483896834164625,0.0,0.10859183222055435,8.252245903015137,1.4299818277359009,0.3952829837799072,0.7999985218048096,-0.4327988028526306,0
2,20270004,anchor_only,35.732200622558594,300,0.31200656690634787,15.66883659362793,6.431276857852936,0.3151942305266857,0.42734530568122864,11.099111557006836,1.3659759759902954,0.4244624078273773,0.0,-0.5673153400421143,0
2,20270004,no_residual,26.33816146850586,300,1.1051763659343123,15.334577560424805,0.017483896834164625,0.0,0.10859183222055435,8.252245903015137,1.4299818277359009,0.3952829837799072,0.7999985218048096,-0.4327988028526306,0
2,20270004,score_only,26.33816146850586,300,1.278695384040475,15.334577560424805,0.017483896834164625,0.0,0.10859183222055435,8.252245903015137,1.4299818277359009,0.3952829837799072,0.7999985218048096,-0.4327988028526306,0
2,20270004,no_proxy,35.732200622558594,300,1.0792956699151546,15.66883659362793,6.431276857852936,0.3151942305266857,0.42734530568122864,11.099111557006836,1.3659759759902954,0.4244624078273773,0.0,-0.5673153400421143,0
2,20270004,cma_es,17.607131958007812,300,0.23908228310756385,14.411749839782715,0.007648671977221966,0.0,0.043355800211429596,1.4826812744140625,1.3007807731628418,0.3609168827533722,0.0,-0.27962884306907654,0
2,20270004,de,35.0078239440918,300,0.2726646950468421,16.139509201049805,7.874733035918325,0.45435965061187744,0.0,8.806876182556152,1.5153456926345825,0.2169991433620453,0.0,-0.35438650846481323,0
2,20270003,full,23.98020362854004,300,1.429625981952995,13.975966453552246,2.652569776517339,0.3992236256599426,0.0,5.489546298980713,1.1726171970367432,0.29028189182281494,0.0,-0.5269291996955872,0
2,20270003,anchor_only,34.12529373168945,300,0.3300325497984886,18.16299057006836,2.3182405311601375,0.03807102981954813,0.12152588367462158,11.278925895690918,1.6149389743804932,0.5906009078025818,0.0,-0.5872045159339905,0
2,20270003,no_residual,26.572113037109375,300,1.1207421768922359,15.016682624816895,2.3562827331770677,0.03572672978043556,0.0,7.588623046875,1.2962000370025635,0.27859947085380554,0.0,-0.1553685963153839,0
2,20270003,score_only,23.98020362854004,300,1.3755634319968522,13.975966453552246,2.652569776517339,0.3992236256599426,0.0,5.489546298980713,1.1726171970367432,0.29028189182281494,0.0,-0.5269291996955872,0
2,20270003,no_proxy,29.74346351623535,300,1.06128483498469,14.616997718811035,4.024452090263367,0.4414278492331505,0.0,9.235555648803711,1.2282578945159912,0.19677267968654633,0.0,-0.5407664775848389,0
2,20270003,cma_es,16.17367172241211,300,0.23836340988054872,13.943527221679688,0.0007291113206520095,0.0,0.1878845989704132,0.4971211850643158,1.2337908744812012,0.31061986088752747,0.0,-0.5533615350723267,0
2,20270003,de,28.98021697998047,300,0.20741799613460898,15.96175765991211,0.20093206444289535,0.0,0.1690908521413803,10.518213272094727,1.467032551765442,0.6631903648376465,0.0,-0.4334060549736023,0
2,20270005,full,27.00361442565918,300,1.3375680949538946,16.591279983520508,3.1195921993348747,0.5892994403839111,0.0,4.633491039276123,1.560860514640808,0.50909024477005,0.0,-0.4842999279499054,0
2,20270005,anchor_only,33.22430419921875,300,0.3186872771475464,20.04558563232422,0.8211760524427518,0.0,0.10714952647686005,9.429544448852539,1.981533408164978,0.8393147587776184,0.0,-0.47226500511169434,0
2,20270005,no_residual,27.00361442565918,300,1.1222453771624714,16.591279983520508,3.1195921993348747,0.5892994403839111,0.0,4.633491039276123,1.560860514640808,0.50909024477005,0.0,-0.4842999279499054,0
2,20270005,score_only,27.00361442565918,300,1.372084434144199,16.591279983520508,3.1195921993348747,0.5892994403839111,0.0,4.633491039276123,1.560860514640808,0.50909024477005,0.0,-0.4842999279499054,0
2,20270005,no_proxy,33.22430419921875,300,1.1160021231044084,20.04558563232422,0.8211760524427518,0.0,0.10714952647686005,9.429544448852539,1.981533408164978,0.8393147587776184,0.0,-0.47226500511169434,0
2,20270005,cma_es,15.496430397033691,300,0.2712564410176128,13.037553787231445,0.6401762664318085,0.0,0.0,0.6315115094184875,1.0799449682235718,0.10724368691444397,0.0,0.4218682050704956,1
2,20270005,de,24.41204071044922,300,0.2202916608657688,14.973323822021484,1.5922190845012665,0.0,0.0,6.298154830932617,1.3542633056640625,0.19408011436462402,0.0,0.16122275590896606,1
2,20270006,full,24.160367965698242,300,1.2279842540156096,14.184938430786133,4.737989604473114,0.4977021813392639,0.0,3.3532662391662598,1.2508236169815063,0.13564805686473846,0.0,-0.31174522638320923,0
2,20270006,anchor_only,33.48908615112305,300,0.2354348199442029,16.536474227905273,0.9889827664010227,0.0,0.00024217876489274204,14.104483604431152,1.4190584421157837,0.4398435950279236,0.0,-0.04474836587905884,0
2,20270006,no_residual,24.160367965698242,300,0.9719074270687997,14.184938430786133,4.737989604473114,0.4977021813392639,0.0,3.3532662391662598,1.2508236169815063,0.13564805686473846,0.0,-0.31174522638320923,0
2,20270006,score_only,24.160367965698242,300,1.212504168972373,14.184938430786133,4.737989604473114,0.4977021813392639,0.0,3.3532662391662598,1.2508236169815063,0.13564805686473846,0.0,-0.31174522638320923,0
2,20270006,no_proxy,33.48908615112305,300,0.9650604380294681,16.536474227905273,0.9889827664010227,0.0,0.00024217876489274204,14.104483604431152,1.4190584421157837,0.4398435950279236,0.0,-0.04474836587905884,0
2,20270006,cma_es,17.840940475463867,300,0.2352904169820249,13.418967247009277,1.4051384925842285,0.0,0.0,1.7623590230941772,1.1215896606445312,0.13288582861423492,0.0,0.3126315474510193,1
2,20270006,de,36.5367546081543,300,0.21512725809589028,21.707857131958008,1.7885830394758813,0.1924896538257599,0.17217430472373962,9.941969871520996,2.0347588062286377,0.6989215016365051,0.0,-0.6428139209747314,0
2,20270007,full,23.410459518432617,300,1.193651017965749,16.861738204956055,0.023394382832066185,0.0,0.0,4.2713212966918945,1.6347198486328125,0.6192882061004639,0.0,0.2886889576911926,1
2,20270007,anchor_only,36.66923904418945,300,0.27091052290052176,20.186384201049805,0.4320250004529953,0.0,0.0,13.331011772155762,2.010025978088379,0.7097913026809692,0.0,0.043270766735076904,1
2,20270007,no_residual,32.251670837402344,300,1.1195810490753502,18.8299617767334,0.5493428632616997,0.0,0.005272562149912119,10.45809555053711,1.8730617761611938,0.5359354615211487,0.0,-0.15571212768554688,0
2,20270007,score_only,23.410459518432617,300,1.234261997975409,16.861738204956055,0.023394382832066185,0.0,0.0,4.2713212966918945,1.6347198486328125,0.6192882061004639,0.0,0.2886889576911926,1
2,20270007,no_proxy,36.66923904418945,300,1.1239967818837613,20.186384201049805,0.4320250004529953,0.0,0.0,13.331011772155762,2.010025978088379,0.7097913026809692,0.0,0.043270766735076904,1
2,20270007,cma_es,16.321510314941406,300,0.22183301695622504,13.596323013305664,0.034285444067791104,0.0,0.2878232002258301,1.092084527015686,1.1647909879684448,0.14620281755924225,0.0,-0.5168623924255371,0
2,20270007,de,32.98409652709961,300,0.19136212905868888,17.33746337890625,3.90060831612891,0.581535130739212,0.08091416209936142,8.849451065063477,1.66731858253479,0.5668060183525085,0.0,-0.42843616008758545,0
2,20270008,full,26.36129379272461,300,1.2191613051109016,13.49087142944336,6.148705363273621,0.6798676792241167,0.0,4.509871006011963,1.1721758842468262,0.35980328917503357,0.0,-0.3853684663772583,0
2,20270008,anchor_only,37.89055252075195,300,0.3294991559814662,19.208364486694336,2.3089293241500854,0.12213065475225449,0.0,13.762537002563477,1.6702309846878052,0.8183592557907104,0.0,-0.3435009717941284,0
2,20270008,no_residual,31.610506057739258,300,1.0482464290689677,15.6000394821167,0.44870206341147423,0.0,0.0,13.406295776367188,1.3768136501312256,0.7786540985107422,0.0,0.14572542905807495,1
2,20270008,score_only,26.36129379272461,300,1.2292518850881606,13.49087142944336,6.148705363273621,0.6798676792241167,0.0,4.509871006011963,1.1721758842468262,0.35980328917503357,0.0,-0.3853684663772583,0
2,20270008,no_proxy,37.89055252075195,300,1.0163076769094914,19.208364486694336,2.3089293241500854,0.12213065475225449,0.0,13.762537002563477,1.6702309846878052,0.8183592557907104,0.0,-0.3435009717941284,0
2,20270008,cma_es,20.116552352905273,300,0.23471814603544772,13.543998718261719,2.8505101203918457,0.2821316123008728,0.0,2.072575807571411,1.1596348285675049,0.2077016681432724,0.0,-0.33882972598075867,0
2,20270008,de,33.18684005737305,300,0.20672049699351192,16.300289154052734,5.53959154774202,1.3467799425125122,0.0,8.248787879943848,1.4687203168869019,0.2826693654060364,0.0,-0.6300307512283325,0
2,20270009,full,26.7722110748291,300,1.3380425749346614,16.127105712890625,0.6623344858462588,0.0,0.2054000049829483,7.666014194488525,1.4386738538742065,0.6726834177970886,0.0,-0.6261383891105652,0
2,20270009,anchor_only,31.814491271972656,300,0.2724072670098394,16.335956573486328,0.6058496681812358,0.0,0.13963377475738525,12.609484672546387,1.4723316431045532,0.6512337923049927,0.0,-0.5189824104309082,0
2,20270009,no_residual,24.654279708862305,300,1.0748447920195758,15.702848434448242,0.008567678709038296,0.0,0.04109155759215355,6.792178630828857,1.4410169124603271,0.6685743927955627,0.0,-0.298555850982666,0
2,20270009,score_only,26.7722110748291,300,1.3784901108592749,16.127105712890625,0.6623344858462588,0.0,0.2054000049829483,7.666014194488525,1.4386738538742065,0.6726834177970886,0.0,-0.6261383891105652,0
2,20270009,no_proxy,31.814491271972656,300,1.0931622490752488,16.335956573486328,0.6058496681812358,0.0,0.13963377475738525,12.609484672546387,1.4723316431045532,0.6512337923049927,0.0,-0.5189824104309082,0
2,20270009,cma_es,18.855194091796875,300,0.31363298697397113,14.364862442016602,0.0003412257939225949,0.0,0.323801189661026,2.442359209060669,1.2624595165252686,0.46137094497680664,0.0,-0.5791318416595459,0
2,20270009,de,31.814491271972656,300,0.23640107200480998,16.335956573486328,0.6058496681812358,0.0,0.13963377475738525,12.609484672546387,1.4723316431045532,0.6512337923049927,0.0,-0.5189824104309082,0
2,20270010,full,29.257034301757812,300,1.3899580819997936,15.825451850891113,2.3918619516771287,0.047912367939716205,0.21671520173549652,9.193061828613281,1.3897603750228882,0.19227111339569092,0.0,-0.796790361404419,0
2,20270010,anchor_only,42.77644729614258,300,0.27905170898884535,22.7903995513916,0.4834597818553448,0.0,0.0,16.875028610229492,2.207551956176758,0.4200110137462616,0.0,0.30643200874328613,1
2,20270010,no_residual,27.389984130859375,300,1.1509512159973383,14.666913986206055,0.0041090411323239096,0.0,0.1940038949251175,9.114327430725098,1.2911913394927979,0.5194410681724548,1.5999970436096191,-0.6499324440956116,0
2,20270010,score_only,29.257034301757812,300,1.3691169929224998,15.825451850891113,2.3918619516771287,0.047912367939716205,0.21671520173549652,9.193061828613281,1.3897603750228882,0.19227111339569092,0.0,-0.796790361404419,0
2,20270010,no_proxy,41.9373893737793,300,1.0340235610492527,18.577251434326172,4.610641919076443,0.2739547020755708,0.0,16.575265884399414,1.7336167097091675,0.1666584610939026,0.0,-0.3062782287597656,0
2,20270010,cma_es,17.706180572509766,300,0.198809496127069,14.054571151733398,0.028089860701584257,0.0,0.14906221628189087,2.0955846309661865,1.2246395349502563,0.1542348712682724,0.0,-0.591867208480835,0
2,20270010,de,31.093017578125,300,0.2315639602020383,14.780107498168945,2.8888444304466248,0.33426161110401154,0.0,11.641609191894531,1.3229234218597412,0.1252703219652176,0.0,-0.39157530665397644,0
2,20270011,full,22.035449981689453,300,1.4725674269720912,14.667549133300781,0.0005735837996496684,0.0,0.20892472565174103,4.94284200668335,1.2950695753097534,0.4224470257759094,0.4980451166629791,-0.781501829624176,0
2,20270011,anchor_only,40.15020751953125,300,0.3095441460609436,21.601396560668945,2.8202492899727076,0.6555219925940037,0.0,11.871936798095703,2.004690408706665,1.1964128017425537,0.0,-0.5745616555213928,0
2,20270011,no_residual,20.255149841308594,300,1.1132159768603742,14.335811614990234,0.0011320412401403246,0.0,0.18538503348827362,4.038312911987305,1.253211498260498,0.40768659114837646,0.03360886871814728,-0.7389960885047913,0
2,20270011,score_only,22.035449981689453,300,1.3583191218785942,14.667549133300781,0.0005735837996496684,0.0,0.20892472565174103,4.94284200668335,1.2950695753097534,0.4224470257759094,0.4980451166629791,-0.781501829624176,0
2,20270011,no_proxy,40.15020751953125,300,1.0542969680391252,21.601396560668945,2.8202492899727076,0.6555219925940037,0.0,11.871936798095703,2.004690408706665,1.1964128017425537,0.0,-0.5745616555213928,0
2,20270011,cma_es,17.386592864990234,300,0.2928783281240612,14.508695602416992,0.00039842594630420686,0.0,0.0050155846402049065,1.0533932447433472,1.3128010034561157,0.5062888860702515,0.0,-0.13050657510757446,0
2,20270011,de,25.000991821289062,300,0.2684722850099206,17.845190048217773,1.8686626543501506e-06,0.0,0.0,4.041741371154785,1.7549705505371094,0.8622585535049438,0.49682989716529846,1.6361753940582275,0
2,20270012,full,23.716094970703125,300,1.299982386874035,15.03023624420166,1.3198466673493385,0.004882533103227615,0.018589453771710396,5.537978172302246,1.3722033500671387,0.43235746026039124,0.0,-0.2162095606327057,0
2,20270012,anchor_only,27.54538917541504,300,0.25088298390619457,16.457670211791992,0.22367604542523623,0.0,0.12978453934192657,8.606778144836426,1.526826024055481,0.6006544232368469,0.0,-0.5763382911682129,0
2,20270012,no_residual,26.689064025878906,300,1.077905819984153,17.441707611083984,0.05303024544446089,0.0,0.0,6.867820739746094,1.668149709701538,0.6583554744720459,0.0,0.13400989770889282,1
2,20270012,score_only,23.716094970703125,300,1.276802706066519,15.03023624420166,1.3198466673493385,0.004882533103227615,0.018589453771710396,5.537978172302246,1.3722033500671387,0.43235746026039124,0.0,-0.2162095606327057,0
2,20270012,no_proxy,27.54538917541504,300,1.082156987162307,16.457670211791992,0.22367604542523623,0.0,0.12978453934192657,8.606778144836426,1.526826024055481,0.6006544232368469,0.0,-0.5763382911682129,0
2,20270012,cma_es,17.426406860351562,300,0.2676910790614784,14.09313678741455,0.34756543580442667,0.0,0.0,1.424552321434021,1.225136637687683,0.3360152244567871,0.0,0.48655807971954346,1
2,20270012,de,26.68274688720703,300,0.1768845641054213,15.097774505615234,2.220516236498952,0.0043387338519096375,0.0,7.781367778778076,1.4134736061096191,0.16527514159679413,0.0,-0.06695061922073364,0
2,20270013,full,21.70391082763672,300,1.2019859747961164,13.47669792175293,4.432512164115906,0.14165468886494637,0.0,2.324894905090332,1.1615980863571167,0.1665538251399994,0.0,-0.20714843273162842,0
2,20270013,anchor_only,38.33982467651367,300,0.2877834290266037,20.45256805419922,0.07889689222793095,0.0,0.0,15.299077033996582,1.806520938873291,0.7027586102485657,0.0,0.4316630959510803,1
2,20270013,no_residual,23.980224609375,300,1.0842150151729584,14.499855995178223,1.1958431154489517,0.0,0.0,6.3655571937561035,1.2917125225067139,0.31887170672416687,0.3083842396736145,0.010740518569946289,0
2,20270013,score_only,21.70391082763672,300,1.2956622920464724,13.47669792175293,4.432512164115906,0.14165468886494637,0.0,2.324894905090332,1.1615980863571167,0.1665538251399994,0.0,-0.20714843273162842,0
2,20270013,no_proxy,38.33982467651367,300,1.1375213300343603,20.45256805419922,0.07889689222793095,0.0,0.0,15.299077033996582,1.806520938873291,0.7027586102485657,0.0,0.4316630959510803,1
2,20270013,cma_es,17.395734786987305,300,0.2785007720813155,14.560900688171387,0.03315822462900542,0.0,0.07116013020277023,1.027005910873413,1.3400726318359375,0.3634364902973175,0.0,-0.407625675201416,0
2,20270013,de,25.78898048400879,300,0.18708747206255794,15.501036643981934,4.908232552489067e-05,0.0,0.009604823775589466,8.316288948059082,1.4136141538619995,0.5483883023262024,0.0,-0.208251953125,0
2,20270014,full,24.44498062133789,300,1.354671651031822,15.06269359588623,0.9587875790894032,0.04774119332432747,0.25111886858940125,6.563086986541748,1.31837797164917,0.2431739866733551,0.0,-0.7009096741676331,0
2,20270014,anchor_only,40.33815002441406,300,0.34140421194024384,20.20792007446289,2.9121049121022224,0.0740208700299263,0.0,14.830039978027344,1.8882755041122437,0.4257887303829193,0.0,-0.1746199131011963,0
2,20270014,no_residual,22.961040496826172,300,0.9979087989777327,14.155991554260254,3.759012526908009,0.06518363952636719,0.0,3.5621039867401123,1.2615543603897095,0.15719479322433472,0.0,-0.13598597049713135,0
2,20270014,score_only,24.44498062133789,300,1.2619008689653128,15.06269359588623,0.9587875790894032,0.04774119332432747,0.25111886858940125,6.563086986541748,1.31837797164917,0.2431739866733551,0.0,-0.7009096741676331,0
2,20270014,no_proxy,40.33815002441406,300,1.0041827999521047,20.20792007446289,2.9121049121022224,0.0740208700299263,0.0,14.830039978027344,1.8882755041122437,0.4257887303829193,0.0,-0.1746199131011963,0
2,20270014,cma_es,19.870849609375,300,0.2404540420975536,14.545339584350586,0.3972829142585397,0.0,0.1262630671262741,3.346632719039917,1.3327698707580566,0.12256233394145966,0.0,-0.3937336206436157,0
2,20270014,de,23.034221649169922,300,0.17167067504487932,15.961419105529785,1.0511625381186604,0.007209389004856348,0.0011878549121320248,4.0487961769104,1.5237995386123657,0.44064775109291077,0.0,-0.13033011555671692,0
2,20270015,full,32.52559280395508,300,1.391616275999695,15.06072998046875,7.706377321854234,0.07417668122798204,0.0,8.110971450805664,1.3433380126953125,0.23000019788742065,0.0,-0.19746744632720947,0
2,20270015,anchor_only,39.76091384887695,300,0.3134286170825362,20.480289459228516,2.5666101287918517,0.19586336612701416,0.02953791804611683,13.734407424926758,2.0217862129211426,0.7324201464653015,0.0,-0.3238000273704529,0
2,20270015,no_residual,29.956764221191406,300,1.1578476771246642,14.46471881866455,7.640056133270264,0.7269759014889132,0.0,5.723678112030029,1.2908401489257812,0.11049506068229675,0.0,-0.38858261704444885,0
2,20270015,score_only,32.52559280395508,300,1.3159855159465224,15.06072998046875,7.706377321854234,0.07417668122798204,0.0,8.110971450805664,1.3433380126953125,0.23000019788742065,0.0,-0.19746744632720947,0
2,20270015,no_proxy,39.76091384887695,300,1.0771285330411047,20.480289459228516,2.5666101287918517,0.19586336612701416,0.02953791804611683,13.734407424926758,2.0217862129211426,0.7324201464653015,0.0,-0.3238000273704529,0
2,20270015,cma_es,18.5734806060791,300,0.23968289303593338,14.29419994354248,0.0007285278152124874,0.0,0.5456978678703308,2.1406657695770264,1.2869449853897095,0.3052423596382141,0.0,-0.7998840808868408,0
2,20270015,de,32.97632598876953,300,0.20657713618129492,17.343292236328125,4.489020645618439,0.02317408099770546,0.0,9.280275344848633,1.5867278575897217,0.25383493304252625,0.0,-0.1290251612663269,0
2,20270016,full,29.604494094848633,300,1.3335445129778236,17.121179580688477,0.9244308350607753,0.0,0.30948546528816223,9.228973388671875,1.5579602718353271,0.4624638557434082,0.0,-0.5604960918426514,0
2,20270016,anchor_only,36.34739685058594,300,0.28195974603295326,20.47385025024414,0.7355210192035884,0.0,0.0,12.372976303100586,1.932525873184204,0.8325230479240417,0.0,0.14937692880630493,1
2,20270016,no_residual,28.130992889404297,300,1.147618304938078,18.067256927490234,0.11272833507973701,0.0,0.0,7.616752624511719,1.6604889631271362,0.6737678647041321,0.0,0.009041786193847656,1
2,20270016,score_only,29.604494094848633,300,1.2641702918335795,17.121179580688477,0.9244308350607753,0.0,0.30948546528816223,9.228973388671875,1.5579602718353271,0.4624638557434082,0.0,-0.5604960918426514,0
2,20270016,no_proxy,36.34739685058594,300,1.0682476148940623,20.47385025024414,0.7355210192035884,0.0,0.0,12.372976303100586,1.932525873184204,0.8325230479240417,0.0,0.14937692880630493,1
2,20270016,cma_es,14.921051025390625,300,0.24385528499260545,13.221084594726562,0.0775893630052451,0.0,0.062839075922966,0.2783426344394684,1.1164460182189941,0.16474948823451996,0.0,-0.229220449924469,0
2,20270016,de,28.96196746826172,300,0.3229016999248415,14.358513832092285,6.129264652729034,0.9760173261165619,0.0,6.063453197479248,1.2493553161621094,0.18536405265331268,0.0,-0.49096816778182983,0
2,20270017,full,26.158544540405273,300,1.4372068711090833,16.7853946685791,0.9806956276297569,0.0,0.04981551691889763,6.41997766494751,1.6284061670303345,0.2942534387111664,0.0,-0.3742595911026001,0
2,20270017,anchor_only,39.253414154052734,300,0.30647322395816445,18.68545150756836,0.9145388454198837,0.12552472949028015,0.08179809153079987,17.15875244140625,1.7940510511398315,0.434686541557312,0.05861472710967064,-0.43581610918045044,0
2,20270017,no_residual,26.158544540405273,300,1.127504392992705,16.7853946685791,0.9806956276297569,0.0,0.04981551691889763,6.41997766494751,1.6284061670303345,0.2942534387111664,0.0,-0.3742595911026001,0
2,20270017,score_only,26.158544540405273,300,1.425954967038706,16.7853946685791,0.9806956276297569,0.0,0.04981551691889763,6.41997766494751,1.6284061670303345,0.2942534387111664,0.0,-0.3742595911026001,0
2,20270017,no_proxy,39.253414154052734,300,1.0826157859992236,18.68545150756836,0.9145388454198837,0.12552472949028015,0.08179809153079987,17.15875244140625,1.7940510511398315,0.434686541557312,0.05861472710967064,-0.43581610918045044,0
2,20270017,cma_es,16.94860076904297,300,0.28551581781357527,14.334875106811523,0.02645450501324194,0.0,0.07417814433574677,0.7448302507400513,1.2964935302734375,0.47176963090896606,0.0,-0.26753145456314087,0
2,20270017,de,23.40682029724121,300,0.24514897889457643,14.543561935424805,0.6114163100719452,0.0,0.07798901945352554,6.761559963226318,1.2571762800216675,0.15511907637119293,0.0,-0.33501771092414856,0
2,20270018,full,24.50482749938965,300,1.2278789300471544,15.451057434082031,1.4096287430061238,0.0256806593388319,0.8129516839981079,5.227669715881348,1.3961749076843262,0.18166586756706238,0.0,-0.7178001999855042,0
2,20270018,anchor_only,35.95698547363281,300,0.23052442190237343,19.174118041992188,0.035562006291002035,0.0,0.0,14.358668327331543,1.8271719217300415,0.4935210049152374,0.0679444894194603,-0.043012380599975586,0
2,20270018,no_residual,23.045909881591797,300,1.0728835409972817,15.206548690795898,1.8214771141080686,0.5190800428390503,0.4730289578437805,3.4032676219940186,1.4176286458969116,0.20487907528877258,0.0,-0.7986750602722168,0
2,20270018,score_only,24.50482749938965,300,1.1428010708186775,15.451057434082031,1.4096287430061238,0.0256806593388319,0.8129516839981079,5.227669715881348,1.3961749076843262,0.18166586756706238,0.0,-0.7178001999855042,0
2,20270018,no_proxy,32.64701461791992,300,1.0052488942164928,15.687621116638184,6.215280741453171,0.5167007297277451,0.0,8.649438858032227,1.4237579107284546,0.1542159914970398,0.0,-0.3430936336517334,0
2,20270018,cma_es,17.61326789855957,300,0.23809232492931187,14.393107414245605,0.20631281167152338,0.0,0.2873315215110779,1.055091381072998,1.309926152229309,0.36149778962135315,0.0,-0.5238803625106812,0
2,20270018,de,33.38324737548828,300,0.2447590040974319,17.67884635925293,0.0022952267245757163,0.0,0.0,13.342503547668457,1.575142502784729,0.7787148952484131,0.005750341806560755,-0.004075050354003906,0
2,20270019,full,25.55889892578125,300,1.30568439909257,14.72790241241455,2.0121609590714797,0.0,0.0,7.215156078338623,1.3019726276397705,0.30170637369155884,0.0,0.005235254764556885,1
2,20270019,anchor_only,33.704994201660156,300,0.2683486419264227,18.691164016723633,0.08722218844309282,0.0,0.10094515234231949,12.099566459655762,1.6197210550308228,0.8733433485031128,0.2330320179462433,-0.5402615070343018,0
2,20270019,no_residual,25.55889892578125,300,1.0919978281017393,14.72790241241455,2.0121609590714797,0.0,0.0,7.215156078338623,1.3019726276397705,0.30170637369155884,0.0,0.005235254764556885,1
2,20270019,score_only,25.55889892578125,300,1.300776971038431,14.72790241241455,2.0121609590714797,0.0,0.0,7.215156078338623,1.3019726276397705,0.30170637369155884,0.0,0.005235254764556885,1
2,20270019,no_proxy,33.704994201660156,300,1.1087927690241486,18.691164016723633,0.08722218844309282,0.0,0.10094515234231949,12.099566459655762,1.6197210550308228,0.8733433485031128,0.2330320179462433,-0.5402615070343018,0
2,20270019,cma_es,21.55384063720703,300,0.2759937890805304,15.937541961669922,0.02065312884224113,0.0,0.09392620623111725,3.5499343872070312,1.49679696559906,0.45498794317245483,0.0,-0.39609721302986145,0
2,20270019,de,33.704994201660156,300,0.21600832790136337,18.691164016723633,0.08722218844309282,0.0,0.10094515234231949,12.099566459655762,1.6197210550308228,0.8733433485031128,0.2330320179462433,-0.5402615070343018,0
2,20270020,full,33.00920486450195,300,1.3117484441027045,16.706241607666016,2.636297874560114,0.018549637862179225,0.4107651114463806,11.267465591430664,1.497284173965454,0.4726031422615051,0.0,-0.7760206460952759,0
2,20270020,anchor_only,36.51664733886719,300,0.24402074492536485,19.19512367248535,2.2547514773905277,0.25145119428634644,0.3876817524433136,12.021116256713867,1.6593291759490967,0.7471958994865417,0.0,-0.7303245663642883,0
2,20270020,no_residual,32.768272399902344,300,1.1833193509373814,16.92661476135254,0.0547545541765011,0.0,0.11009364575147629,13.6112642288208,1.6127445697784424,0.45279955863952637,0.0,-0.41755396127700806,0
2,20270020,score_only,33.00920486450195,300,1.3702530988957733,16.706241607666016,2.636297874560114,0.018549637862179225,0.4107651114463806,11.267465591430664,1.497284173965454,0.4726031422615051,0.0,-0.7760206460952759,0
2,20270020,no_proxy,36.51664733886719,300,1.0454652539920062,19.19512367248535,2.2547514773905277,0.25145119428634644,0.3876817524433136,12.021116256713867,1.6593291759490967,0.7471958994865417,0.0,-0.7303245663642883,0
2,20270020,cma_es,17.737058639526367,300,0.2335303439758718,13.824422836303711,1.1968863802030683,0.0,0.0,1.2976973056793213,1.210667371749878,0.2073868215084076,0.0,0.14522486925125122,1
2,20270020,de,29.602863311767578,300,0.26770356413908303,17.32316780090332,0.5581326931715012,0.0,0.0,9.268295288085938,1.6116502285003662,0.8416177034378052,0.0,-0.0017499327659606934,0
2,20270021,full,25.553543090820312,300,1.3192699630744755,14.481771469116211,3.8256090247887187,0.8256891965866089,0.0127720907330513,4.9810285568237305,1.2899727821350098,0.13670095801353455,0.0,-0.5031208395957947,0
2,20270021,anchor_only,32.652679443359375,300,0.27347856597043574,17.788482666015625,0.6092434916754476,0.0008592428057454526,0.1445375680923462,12.014491081237793,1.7251158952713013,0.3699483871459961,0.0,-0.6104134321212769,0
2,20270021,no_residual,25.46697425842285,300,1.1267621810548007,14.574077606201172,2.8692461900645867,0.3879201412200928,0.026784177869558334,6.160586833953857,1.3164968490600586,0.1318608969449997,0.0,-0.35645660758018494,0
2,20270021,score_only,25.553543090820312,300,1.2877894500270486,14.481771469116211,3.8256090247887187,0.8256891965866089,0.0127720907330513,4.9810285568237305,1.2899727821350098,0.13670095801353455,0.0,-0.5031208395957947,0
2,20270021,no_proxy,32.652679443359375,300,1.0435451250523329,17.788482666015625,0.6092434916754476,0.0008592428057454526,0.1445375680923462,12.014491081237793,1.7251158952713013,0.3699483871459961,0.0,-0.6104134321212769,0
2,20270021,cma_es,18.070825576782227,300,0.2550247530452907,14.394365310668945,0.1572143491357565,0.0,0.0,1.3685728311538696,1.2733880281448364,0.31229934096336365,0.5649846792221069,0.030598223209381104,0
2,20270021,de,29.692914962768555,300,0.2542448020540178,16.657180786132812,1.4314330415800214,0.13410149815899786,0.0,9.507098197937012,1.5968941450119019,0.3284774720668793,0.037730492651462555,-0.5540750622749329,0
2,20270022,full,30.707796096801758,300,1.3336654650047421,18.313913345336914,0.527225760743022,0.0,9.6556541393511e-05,9.682641983032227,1.7571243047714233,0.38567665219306946,0.04111701622605324,-0.011417150497436523,0
2,20270022,anchor_only,38.90977096557617,300,0.25724230799824,21.508628845214844,1.1898202479351312,0.0,0.0,12.90101146697998,2.109187364578247,0.6774929165840149,0.5236276388168335,0.043192923069000244,0
2,20270022,no_residual,30.707796096801758,300,1.08231983310543,18.313913345336914,0.527225760743022,0.0,9.6556541393511e-05,9.682641983032227,1.7571243047714233,0.38567665219306946,0.04111701622605324,-0.011417150497436523,0
2,20270022,score_only,30.707796096801758,300,1.2678903418127447,18.313913345336914,0.527225760743022,0.0,9.6556541393511e-05,9.682641983032227,1.7571243047714233,0.38567665219306946,0.04111701622605324,-0.011417150497436523,0
2,20270022,no_proxy,31.829219818115234,300,1.0307492190040648,16.483734130859375,2.0274813445284963,0.0,0.0,11.480449676513672,1.481382131576538,0.3561728596687317,0.0,0.1079975962638855,1
2,20270022,cma_es,16.228466033935547,300,0.26988274487666786,13.779365539550781,0.33455732092261314,0.0,0.0,0.6825684905052185,1.1843923330307007,0.24758274853229523,0.0,0.6370408535003662,1
2,20270022,de,31.77522850036621,300,0.26875423709861934,17.022512435913086,1.253196458070306,0.1471412032842636,0.004108193796128035,11.311835289001465,1.5774227380752563,0.45901334285736084,0.0,-0.31528064608573914,0
2,20270023,full,37.58559799194336,300,1.4498903858475387,19.300100326538086,4.693116247653961,0.3394964545698258,0.0,11.107943534851074,1.720413327217102,0.4245278239250183,0.0,-0.3520142436027527,0
2,20270023,anchor_only,43.412391662597656,300,0.2689649409148842,27.043701171875,0.3532229722623015,0.0,0.16941000015069108,12.527959823608398,2.510146379470825,0.8079493641853333,0.0,-0.6538361310958862,0
2,20270023,no_residual,37.5349006652832,300,1.1591656198725104,21.204269409179688,2.349232316017151,0.0,0.13384045660495758,11.55156135559082,1.9072721004486084,0.388725221157074,0.0,-0.41374480724334717,0
2,20270023,score_only,37.58559799194336,300,1.2112218691036105,19.300100326538086,4.693116247653961,0.3394964545698258,0.0,11.107943534851074,1.720413327217102,0.4245278239250183,0.0,-0.3520142436027527,0
2,20270023,no_proxy,43.412391662597656,300,1.0494640117976815,27.043701171875,0.3532229722623015,0.0,0.16941000015069108,12.527959823608398,2.510146379470825,0.8079493641853333,0.0,-0.6538361310958862,0
2,20270023,cma_es,15.971590995788574,300,0.2683954811654985,13.703496932983398,0.00427329801095766,0.0,0.1878022998571396,0.6376519203186035,1.2027699947357178,0.2355969101190567,0.0,-0.7179415822029114,0
2,20270023,de,24.136110305786133,300,0.2631232088897377,16.357309341430664,0.5923838943999726,0.0,0.0,5.2726969718933105,1.5351060628890991,0.3786119520664215,0.0,0.21598172187805176,1
2,20270024,full,34.04344940185547,300,1.2824669000692666,20.1890869140625,0.6714196271918395,0.0,0.0,9.454298973083496,1.9463666677474976,0.7365968823432922,1.04568612575531,0.2528255581855774,0
2,20270024,anchor_only,39.520538330078125,300,0.2176650681067258,19.66990089416504,0.0007086781879479531,0.0,0.0,16.389358520507812,1.9028023481369019,1.369334101676941,0.1884358823299408,-0.054540812969207764,0
2,20270024,no_residual,33.15175247192383,300,0.9843938951380551,20.025907516479492,0.6531983000840573,0.0,0.0,8.969883918762207,1.9250315427780151,0.7479862570762634,0.8297434449195862,0.2213168740272522,0
2,20270024,score_only,34.04344940185547,300,1.2570147190708667,20.1890869140625,0.6714196271918395,0.0,0.0,9.454298973083496,1.9463666677474976,0.7365968823432922,1.04568612575531,0.2528255581855774,0
2,20270024,no_proxy,32.407470703125,300,1.0231010899879038,14.882291793823242,2.166168063879013,0.0,0.0,13.522618293762207,1.2995634078979492,0.5368253588676453,0.0,0.00035256147384643555,1
2,20270024,cma_es,17.331222534179688,300,0.2500913259573281,14.452288627624512,0.010849776153918356,0.0,0.031051084399223328,1.215037226676941,1.2999153137207031,0.32208073139190674,0.0,-0.20132380723953247,0
2,20270024,de,24.62959861755371,300,0.2002312319818884,15.56651496887207,0.49700155621394515,0.0,0.0,6.126101016998291,1.4063459634780884,1.0336356163024902,0.0,0.03290277719497681,1
2,20270025,full,31.050804138183594,300,1.2488115869928151,17.769241333007812,1.6587339714169502,0.0,0.36588093638420105,9.157454490661621,1.6281343698501587,0.4713614881038666,0.0,-0.6039084196090698,0
2,20270025,anchor_only,40.87567138671875,300,0.28914144285954535,18.023773193359375,3.906263589859009,0.7610650062561035,0.0,16.29783058166504,1.6789207458496094,0.20781947672367096,0.0,-0.5419369339942932,0
2,20270025,no_residual,30.702957153320312,300,1.0392495568376034,17.617612838745117,1.6605729889124632,0.0,0.3946313261985779,8.9628324508667,1.6193417310714722,0.44796469807624817,0.0,-0.6234922409057617,0
2,20270025,score_only,31.050804138183594,300,1.313378477934748,17.769241333007812,1.6587339714169502,0.0,0.36588093638420105,9.157454490661621,1.6281343698501587,0.4713614881038666,0.0,-0.6039084196090698,0
2,20270025,no_proxy,40.87567138671875,300,1.2188315100502223,18.023773193359375,3.906263589859009,0.7610650062561035,0.0,16.29783058166504,1.6789207458496094,0.20781947672367096,0.0,-0.5419369339942932,0
2,20270025,cma_es,17.689302444458008,300,0.2529335122089833,13.914259910583496,0.003445203670707997,0.0,0.06376361846923828,2.0640757083892822,1.1952588558197021,0.4484976828098297,0.0,-0.4525698125362396,0
2,20270025,de,29.55388069152832,300,0.20047518401406705,16.322141647338867,2.1300173699855804,0.8248513340950012,0.0,8.415008544921875,1.555498719215393,0.3063630759716034,0.0,-0.7273665070533752,0
2,20270026,full,21.50322151184082,300,1.355124294059351,14.621726036071777,0.46339827217161655,0.0,0.46175417304039,4.466607093811035,1.3149816989898682,0.1747542768716812,0.0,-0.6866017580032349,0
2,20270026,anchor_only,35.707496643066406,300,0.2910638952162117,17.434402465820312,1.5349957644939423,0.2122614085674286,0.0,13.944276809692383,1.6843098402023315,0.26939132809638977,0.6278570890426636,-0.4625818133354187,0
2,20270026,no_residual,23.899250030517578,300,1.0337703779805452,14.971651077270508,0.8773725740611553,0.0,0.218573659658432,5.931992530822754,1.36202073097229,0.32333698868751526,0.21429982781410217,-0.37003293633461,0
2,20270026,score_only,21.50322151184082,300,1.1960681159980595,14.621726036071777,0.46339827217161655,0.0,0.46175417304039,4.466607093811035,1.3149816989898682,0.1747542768716812,0.0,-0.6866017580032349,0
2,20270026,no_proxy,35.707496643066406,300,1.0441685549449176,17.434402465820312,1.5349957644939423,0.2122614085674286,0.0,13.944276809692383,1.6843098402023315,0.26939132809638977,0.6278570890426636,-0.4625818133354187,0
2,20270026,cma_es,17.397708892822266,300,0.28858027001842856,13.90537166595459,0.015596006893673575,0.0,0.17884033918380737,1.7898120880126953,1.2139403820037842,0.2941473424434662,0.0,-0.7262476682662964,0
2,20270026,de,24.629688262939453,300,0.21446767216548324,14.281415939331055,2.960403025150299,0.323910653591156,0.0,5.4301958084106445,1.2738316059112549,0.3599293529987335,0.0,-0.43246570229530334,0
2,20270027,full,26.714998245239258,300,1.362893653102219,14.96141242980957,3.360015243291855,0.05995798856019974,0.0,6.728939056396484,1.3122215270996094,0.22473853826522827,0.06771344691514969,-0.16185128688812256,0
2,20270027,anchor_only,42.64916229248047,300,0.2844384361524135,24.921123504638672,0.605168741196394,0.0,0.0,13.344159126281738,2.423025131225586,1.355683445930481,0.0,0.01348942518234253,1
2,20270027,no_residual,32.741065979003906,300,1.0561661459505558,16.08988380432129,5.055470257665547,0.26050832867622375,0.0,9.537077903747559,1.5095833539962769,0.2885454595088959,0.0,-0.2752472758293152,0
2,20270027,score_only,26.714998245239258,300,1.2620321530848742,14.96141242980957,3.360015243291855,0.05995798856019974,0.0,6.728939056396484,1.3122215270996094,0.22473853826522827,0.06771344691514969,-0.16185128688812256,0
2,20270027,no_proxy,42.64916229248047,300,1.1178408111445606,24.921123504638672,0.605168741196394,0.0,0.0,13.344159126281738,2.423025131225586,1.355683445930481,0.0,0.01348942518234253,1
2,20270027,cma_es,20.489683151245117,300,0.279569256817922,14.437036514282227,0.03655173417064361,0.0,0.00017633325478527695,3.618431568145752,1.2388379573822021,0.36070671677589417,0.7979437112808228,-0.022594153881072998,0
2,20270027,de,31.980667114257812,300,0.2789535189513117,18.799701690673828,0.0029175456656957977,0.0,0.03487206622958183,10.345900535583496,1.7820959091186523,1.0151793956756592,0.0,-0.3188875615596771,0
2,20270028,full,23.13907814025879,300,1.3403479969128966,14.513062477111816,1.0896640717983246,0.0,0.9285467863082886,4.950831890106201,1.304189920425415,0.3527826964855194,0.0,-0.7439348101615906,0
2,20270028,anchor_only,31.098934173583984,300,0.2722298130393028,18.650148391723633,0.0029962109588268504,0.0,0.0,9.808623313903809,1.8677185773849487,0.7694472074508667,0.0,0.6414088606834412,1
2,20270028,no_residual,23.170896530151367,300,1.104047271888703,14.511703491210938,1.0608064457774162,0.0,0.9292744994163513,5.016015529632568,1.3026081323623657,0.3504883944988251,0.0,-0.7507692575454712,0
2,20270028,score_only,23.13907814025879,300,1.3191539640538394,14.513062477111816,1.0896640717983246,0.0,0.9285467863082886,4.950831890106201,1.304189920425415,0.3527826964855194,0.0,-0.7439348101615906,0
2,20270028,no_proxy,31.098934173583984,300,1.1320520869921893,18.650148391723633,0.0029962109588268504,0.0,0.0,9.808623313903809,1.8677185773849487,0.7694472074508667,0.0,0.6414088606834412,1
2,20270028,cma_es,15.965298652648926,300,0.26606957893818617,13.219367980957031,0.34087176620960236,0.0,0.0,1.1945751905441284,1.0991382598876953,0.1113453060388565,0.0,0.2672871947288513,1
2,20270028,de,25.34996795654297,300,0.19276404497213662,15.102670669555664,0.0009323591111751739,0.0,0.09856516122817993,7.509494781494141,1.349255919456482,1.2890491485595703,0.0,-0.7507410049438477,0
2,20270029,full,15.197770118713379,300,1.297630632063374,13.279254913330078,0.14747853274457157,0.0,0.006633412558585405,0.509282112121582,1.1223362684249878,0.13278502225875854,0.0,-0.09947681427001953,0
2,20270029,anchor_only,39.164939880371094,300,0.30001415708102286,17.2393798828125,2.0338962972164154,0.2434455007314682,0.0,17.918956756591797,1.5263046026229858,0.202957421541214,0.0,-0.42808589339256287,0
2,20270029,no_residual,28.218433380126953,300,1.1291999819222838,17.50215721130371,0.6936131194328213,0.0015876871766522527,0.3787074685096741,7.497563362121582,1.6513538360595703,0.4934530258178711,0.0,-0.5915307998657227,0
2,20270029,score_only,15.197770118713379,300,1.2954207570292056,13.279254913330078,0.14747853274457157,0.0,0.006633412558585405,0.509282112121582,1.1223362684249878,0.13278502225875854,0.0,-0.09947681427001953,0
2,20270029,no_proxy,39.164939880371094,300,1.1155083479825407,17.2393798828125,2.0338962972164154,0.2434455007314682,0.0,17.918956756591797,1.5263046026229858,0.202957421541214,0.0,-0.42808589339256287,0
2,20270029,cma_es,19.319957733154297,300,0.2655944679863751,14.81771469116211,0.01286320105282357,0.0,0.024320276454091072,2.6173107624053955,1.3559346199035645,0.49181413650512695,0.0,-0.22358942031860352,0
2,20270029,de,32.127811431884766,300,0.19877436803653836,16.31354522705078,1.3646887703798711,0.07766459137201309,0.0,12.60300064086914,1.4834051132202148,0.28550606966018677,0.0,-0.2876667380332947,0
3,20270000,full,23.767473220825195,300,1.2243299991823733,12.753993034362793,1.1784361973404884,0.3716936409473419,0.0,7.279112339019775,1.7864313125610352,0.3978062868118286,0.0,-0.5194321870803833,0
3,20270000,anchor_only,23.767473220825195,300,0.30530617502518,12.753993034362793,1.1784361973404884,0.3716936409473419,0.0,7.279112339019775,1.7864313125610352,0.3978062868118286,0.0,-0.5194321870803833,0
3,20270000,no_residual,23.647979736328125,300,0.9907498569227755,13.068543434143066,1.0671655964106321,0.2939249277114868,0.0,6.9832868576049805,1.8401867151260376,0.39487168192863464,0.0,-0.4454822838306427,0
3,20270000,score_only,19.541797637939453,300,1.1178292438853532,12.739326477050781,1.181423389352858,0.35650792717933655,0.0,3.088003635406494,1.7836997509002686,0.392837792634964,0.0,-0.512485146522522,0
3,20270000,no_proxy,23.767473220825195,300,0.9611884418409318,12.753993034362793,1.1784361973404884,0.3716936409473419,0.0,7.279112339019775,1.7864313125610352,0.3978062868118286,0.0,-0.5194321870803833,0
3,20270000,cma_es,15.927586555480957,300,0.2488242459949106,13.129339218139648,0.45891775174823124,0.0,0.0,0.3927118480205536,1.8381074666976929,0.10851077735424042,0.0,0.29370301961898804,1
3,20270000,de,26.76485252380371,300,0.292007148033008,14.665170669555664,1.2570752122337068,0.3193018436431885,0.0,8.080832481384277,2.0882747173309326,0.28613269329071045,0.06806571781635284,-0.545323371887207,0
3,20270001,full,23.79854965209961,300,1.5422255268786103,12.75143814086914,1.176898414734751,0.3703613579273224,0.0,7.316600799560547,1.7858774662017822,0.39737340807914734,0.0,-0.5189372301101685,0
3,20270001,anchor_only,23.79854965209961,300,0.32095421804115176,12.75143814086914,1.176898414734751,0.3703613579273224,0.0,7.316600799560547,1.7858774662017822,0.39737340807914734,0.0,-0.5189372301101685,0
3,20270001,no_residual,23.79854965209961,300,1.085840824060142,12.75143814086914,1.176898414734751,0.3703613579273224,0.0,7.316600799560547,1.7858774662017822,0.39737340807914734,0.0,-0.5189372301101685,0
3,20270001,score_only,18.62897491455078,300,1.1465080550406128,12.85485553741455,1.2203920660540462,0.28800904750823975,0.0,2.078742027282715,1.803108811378479,0.3838688135147095,0.0,-0.49593764543533325,0
3,20270001,no_proxy,23.79854965209961,300,1.0349584021605551,12.75143814086914,1.176898414734751,0.3703613579273224,0.0,7.316600799560547,1.7858774662017822,0.39737340807914734,0.0,-0.5189372301101685,0
3,20270001,cma_es,16.08868408203125,300,0.2951809230726212,12.925292015075684,0.9431286565959454,0.0004732468514703214,0.0,0.323783278465271,1.809540867805481,0.08646508306264877,0.0,-0.029773950576782227,0
3,20270001,de,22.16853141784668,300,0.24603530787862837,14.837892532348633,3.0603399558458477,0.09489282529102638,0.0,1.988991618156433,2.0773050785064697,0.10911164432764053,0.0,-0.1943368911743164,0
3,20270002,full,23.792383193969727,300,1.3402417858596891,12.755162239074707,1.1748728780075908,0.3693293333053589,0.0,7.308927059173584,1.786603331565857,0.39748677611351013,0.0,-0.5188274383544922,0
3,20270002,anchor_only,23.792383193969727,300,0.278610065812245,12.755162239074707,1.1748728780075908,0.3693293333053589,0.0,7.308927059173584,1.786603331565857,0.39748677611351013,0.0,-0.5188274383544922,0
3,20270002,no_residual,23.792383193969727,300,1.092891283100471,12.755162239074707,1.1748728780075908,0.3693293333053589,0.0,7.308927059173584,1.786603331565857,0.39748677611351013,0.0,-0.5188274383544922,0
3,20270002,score_only,23.790815353393555,300,1.2944902020972222,13.149861335754395,1.230229870416224,0.28877827525138855,0.0,6.87034797668457,1.8606058359146118,0.39099282026290894,0.0,-0.46545010805130005,0
3,20270002,no_proxy,23.792383193969727,300,1.0279974108561873,12.755162239074707,1.1748728780075908,0.3693293333053589,0.0,7.308927059173584,1.786603331565857,0.39748677611351013,0.0,-0.5188274383544922,0
3,20270002,cma_es,18.355628967285156,300,0.23664133506827056,13.02645206451416,1.7766437912359834,0.18132289126515388,0.0,1.1341630220413208,1.8237032890319824,0.41334274411201477,0.0,-0.42558327317237854,0
3,20270002,de,22.83165740966797,300,0.2621651890221983,13.709671974182129,3.1929073859246273,0.6147826034575701,0.01344055775552988,2.9312829971313477,1.9193540811538696,0.450217604637146,0.0,-0.4919542372226715,0
3,20270003,full,23.680782318115234,300,1.2377214829903096,13.463945388793945,1.3702241559512913,0.14770009581116028,0.0,6.411167621612549,1.9228179454803467,0.36492788791656494,0.0,-0.48143064975738525,0
3,20270003,anchor_only,24.203157424926758,300,0.3183237297926098,12.7560396194458,1.176516791805625,0.36925482749938965,0.0,7.717177391052246,1.7866321802139282,0.3975350260734558,0.0,-0.5194246172904968,0
3,20270003,no_residual,22.2818603515625,300,1.128004614962265,13.073662757873535,1.1985591547563672,0.21983014047145844,0.0,5.558950901031494,1.847459077835083,0.3833986222743988,0.0,-0.5051522254943848,0
3,20270003,score_only,16.524526596069336,300,1.2997033260762691,12.731317520141602,1.197499908041209,0.3076798915863037,0.0,0.12090863287448883,1.7823845148086548,0.3847348988056183,0.0,-0.5120380520820618,0
3,20270003,no_proxy,24.203157424926758,300,1.0433612228371203,12.7560396194458,1.176516791805625,0.36925482749938965,0.0,7.717177391052246,1.7866321802139282,0.3975350260734558,0.0,-0.5194246172904968,0
3,20270003,cma_es,17.836301803588867,300,0.3033340850379318,14.244731903076172,0.4191117295413769,0.0,0.0,0.9011189341545105,1.994262456893921,0.2770770192146301,0.0,0.11936688423156738,1
3,20270003,de,22.975650787353516,300,0.2386766269337386,15.022868156433105,1.0909990291111171,0.11062755435705185,0.0,4.2490153312683105,2.1032016277313232,0.3989383280277252,0.0,-0.48076531291007996,0
3,20270004,full,23.79432487487793,300,1.2958354980219156,12.749735832214355,1.1782428962178528,0.3697138726711273,0.0,7.313824653625488,1.785479187965393,0.39732885360717773,0.0,-0.5185443758964539,0
3,20270004,anchor_only,23.79432487487793,300,0.2848474378697574,12.749735832214355,1.1782428962178528,0.3697138726711273,0.0,7.313824653625488,1.785479187965393,0.39732885360717773,0.0,-0.5185443758964539,0
3,20270004,no_residual,19.554515838623047,300,1.0888626449741423,13.121413230895996,1.0285938477609307,0.263705313205719,0.0,2.970240354537964,1.8369978666305542,0.33356398344039917,0.0,-0.42815884947776794,0
3,20270004,score_only,18.328357696533203,300,1.3248485759831965,13.108004570007324,1.2279831701889634,0.26866060495376587,0.0,1.5331593751907349,1.835120677947998,0.35542917251586914,0.0,-0.4287373423576355,0
3,20270004,no_proxy,23.79432487487793,300,1.0855389109347016,12.749735832214355,1.1782428962178528,0.3697138726711273,0.0,7.313824653625488,1.785479187965393,0.39732885360717773,0.0,-0.5185443758964539,0
3,20270004,cma_es,15.801140785217285,300,0.24356045108288527,13.094280242919922,0.34475429030135274,0.0,0.0,0.448264479637146,1.8331992626190186,0.08064251393079758,0.0,0.3265303075313568,1
3,20270004,de,22.252548217773438,300,0.1982857808470726,14.607324600219727,1.9416204760605944,0.23719274997711182,0.0,3.2225148677825928,2.04502534866333,0.19887249171733856,0.0,-0.40233635902404785,0
3,20270006,full,23.600812911987305,300,1.2263549810741097,12.761855125427246,1.1741173039190471,0.37056025862693787,0.0,7.108944416046143,1.787418007850647,0.3979162871837616,0.0,-0.5185099840164185,0
3,20270006,anchor_only,23.600812911987305,300,0.2684052591212094,12.761855125427246,1.1741173039190471,0.37056025862693787,0.0,7.108944416046143,1.787418007850647,0.3979162871837616,0.0,-0.5185099840164185,0
3,20270006,no_residual,20.301671981811523,300,1.0148182031698525,13.038165092468262,1.0783911882899702,0.2810315489768982,0.0,3.699650764465332,1.825343132019043,0.3790903687477112,0.0,-0.4660610258579254,0
3,20270006,score_only,23.600812911987305,300,1.350873160874471,12.761855125427246,1.1741173039190471,0.37056025862693787,0.0,7.108944416046143,1.787418007850647,0.3979162871837616,0.0,-0.5185099840164185,0
3,20270006,no_proxy,23.600812911987305,300,0.9814713529776782,12.761855125427246,1.1741173039190471,0.37056025862693787,0.0,7.108944416046143,1.787418007850647,0.3979162871837616,0.0,-0.5185099840164185,0
3,20270006,cma_es,16.079858779907227,300,0.22331788297742605,12.980978012084961,0.8201082546729594,0.0,0.0,0.4385480284690857,1.817336916923523,0.022887704893946648,0.0,0.10464853048324585,1
3,20270006,de,32.3841552734375,300,0.2528629519511014,19.404342651367188,0.4725563559914008,0.0,0.0,8.926932334899902,2.9133434295654297,0.4261098802089691,0.24086685478687286,0.29599499702453613,0
3,20270005,full,23.65959358215332,300,1.3923466252163053,12.753480911254883,1.1751955356448889,0.37083718180656433,0.0,7.176225662231445,1.7862364053726196,0.39761918783187866,0.0,-0.5188267827033997,0
3,20270005,anchor_only,23.662487030029297,300,0.25524750584736466,12.755181312561035,1.1746096764691174,0.37005048990249634,0.0,7.178511619567871,1.7864986658096313,0.39763548970222473,0.0,-0.5186409950256348,0
3,20270005,no_residual,22.43335723876953,300,1.1788141471333802,12.965088844299316,1.2465517329983413,0.33571213483810425,0.0,5.675357818603516,1.819287657737732,0.3913589417934418,0.0,-0.4998404383659363,0
3,20270005,score_only,23.782217025756836,300,1.3946800760459155,12.755521774291992,1.1807444673031569,0.37223580479621887,0.0,7.289350509643555,1.786759853363037,0.39760398864746094,0.0,-0.5192307233810425,0
3,20270005,no_proxy,23.662487030029297,300,1.0758635820820928,12.755181312561035,1.1746096764691174,0.37005048990249634,0.0,7.178511619567871,1.7864986658096313,0.39763548970222473,0.0,-0.5186409950256348,0
3,20270005,cma_es,18.698644638061523,300,0.33237778791226447,13.672054290771484,1.5224374162207155,0.2295321524143219,0.07932775467634201,1.0185272693634033,1.9140876531600952,0.26267755031585693,0.0,-0.3865682780742645,0
3,20270005,de,29.784290313720703,300,0.19151048688217998,20.04558563232422,0.3194471874463259,0.0,0.0,5.893465042114258,2.806381940841675,0.719412624835968,0.0,0.33811283111572266,1
3,20270007,full,22.875303268432617,300,1.3396527220029384,13.05912971496582,1.117045434191823,0.3072788752615452,0.0,6.183427810668945,1.8346145153045654,0.3738078474998474,0.0,-0.511518120765686,0
3,20270007,anchor_only,23.437009811401367,300,0.29658377706073225,12.780324935913086,1.1554423873312771,0.3616461455821991,0.0,6.951098442077637,1.7919435501098633,0.3965553343296051,0.0,-0.5177887678146362,0
3,20270007,no_residual,22.776653289794922,300,0.9601505761966109,13.132895469665527,1.1392061095684767,0.25095796305686235,0.0,6.04992151260376,1.8505644798278809,0.35310840606689453,0.0,-0.5038744211196899,0
3,20270007,score_only,20.793161392211914,300,1.2762366700917482,13.061344146728516,1.1681657331064343,0.2044883305206895,0.0,4.210726261138916,1.8344929218292236,0.3139435946941376,0.0,-0.49344602227211,0
3,20270007,no_proxy,23.437009811401367,300,0.9794691659044474,12.780324935913086,1.1554423873312771,0.3616461455821991,0.0,6.951098442077637,1.7919435501098633,0.3965553343296051,0.0,-0.5177887678146362,0
3,20270007,cma_es,18.23935317993164,300,0.27317704213783145,15.041215896606445,0.08270169186236842,0.0,0.0,0.5333172082901001,2.1057703495025635,0.47634732723236084,0.0,0.7807255387306213,1
3,20270007,de,30.953706741333008,300,0.27299420186318457,18.621992111206055,2.0039506345055997,0.19088497757911682,0.0,6.819674491882324,2.8311898708343506,0.48601552844047546,0.0,-0.38003525137901306,0
3,20270008,full,23.055583953857422,300,1.384811740135774,13.291631698608398,1.597779305651784,0.3211046066135168,0.0,5.562013149261475,1.8856663703918457,0.3973883092403412,0.0,-0.4549582600593567,0
3,20270008,anchor_only,24.13694190979004,300,0.2438224800862372,12.753369331359863,1.1804000711999834,0.36998528242111206,0.0,7.6496076583862305,1.7861037254333496,0.3974756598472595,0.0,-0.5190758109092712,0
3,20270008,no_residual,23.055583953857422,300,1.107192879077047,13.291631698608398,1.597779305651784,0.3211046066135168,0.0,5.562013149261475,1.8856663703918457,0.3973883092403412,0.0,-0.4549582600593567,0
3,20270008,score_only,22.541372299194336,300,1.2346525338944048,12.74492359161377,1.1655748798511922,0.35300806164741516,0.0,6.098451137542725,1.7844663858413696,0.3949485421180725,0.0,-0.5086374282836914,0
3,20270008,no_proxy,24.13694190979004,300,1.0994564990978688,12.753369331359863,1.1804000711999834,0.36998528242111206,0.0,7.6496076583862305,1.7861037254333496,0.3974756598472595,0.0,-0.5190758109092712,0
3,20270008,cma_es,17.989704132080078,300,0.2899549070280045,13.61169147491455,1.1106645725667477,0.0,0.0,1.0430175065994263,1.9056367874145508,0.31869518756866455,0.0,0.05625814199447632,1
3,20270008,de,29.893939971923828,300,0.23997651087120175,17.15963363647461,2.2491422424136545,0.0,0.08312264829874039,7.58410120010376,2.411505937576294,0.4064343571662903,0.0,-0.45827049016952515,0
3,20270009,full,23.603954315185547,300,1.3499457519501448,12.768287658691406,1.1676522199995816,0.37156614661216736,0.0,7.108767032623291,1.7893136739730835,0.39836612343788147,0.0,-0.5197725296020508,0
3,20270009,anchor_only,23.603954315185547,300,0.2842094679363072,12.768287658691406,1.1676522199995816,0.37156614661216736,0.0,7.108767032623291,1.7893136739730835,0.39836612343788147,0.0,-0.5197725296020508,0
3,20270009,no_residual,19.07965660095215,300,1.143592078005895,13.106700897216797,2.139601888717152,0.11831376701593399,0.0,1.5405316352844238,1.8349381685256958,0.3395715355873108,0.0,-0.36525794863700867,0
3,20270009,score_only,18.26609992980957,300,1.3777893530204892,13.048633575439453,1.9000629851361737,0.10688886791467667,0.0,1.063201665878296,1.8268086910247803,0.32050421833992004,0.0,-0.34625738859176636,0
3,20270009,no_proxy,23.603954315185547,300,1.0541622259188443,12.768287658691406,1.1676522199995816,0.37156614661216736,0.0,7.108767032623291,1.7893136739730835,0.39836612343788147,0.0,-0.5197725296020508,0
3,20270009,cma_es,18.356796264648438,300,0.2572698378935456,14.695539474487305,0.25373331216951683,0.0,0.0,0.9285446405410767,2.057375431060791,0.3306578993797302,0.09094514697790146,0.44208353757858276,0
3,20270009,de,27.61243438720703,300,0.23227121797390282,16.746999740600586,3.338405607701516,0.45487093925476074,0.0,4.415230751037598,2.3445799350738525,0.2812267243862152,0.03112255409359932,-0.41517025232315063,0
3,20270010,full,23.788789749145508,300,1.3731385408900678,12.751388549804688,1.1770456675440073,0.3710414469242096,0.0,7.305913925170898,1.7860366106033325,0.3973645269870758,0.0,-0.5190818309783936,0
3,20270010,anchor_only,23.788789749145508,300,0.2772276501636952,12.751388549804688,1.1770456675440073,0.3710414469242096,0.0,7.305913925170898,1.7860366106033325,0.3973645269870758,0.0,-0.5190818309783936,0
3,20270010,no_residual,23.788789749145508,300,1.0695786820724607,12.751388549804688,1.1770456675440073,0.3710414469242096,0.0,7.305913925170898,1.7860366106033325,0.3973645269870758,0.0,-0.5190818309783936,0
3,20270010,score_only,22.300920486450195,300,1.3578367801383138,12.897796630859375,1.197150272782892,0.3704707622528076,0.0,5.622210502624512,1.80879545211792,0.4044979512691498,0.0,-0.5001533627510071,0
3,20270010,no_proxy,23.788789749145508,300,1.0639819239731878,12.751388549804688,1.1770456675440073,0.3710414469242096,0.0,7.305913925170898,1.7860366106033325,0.3973645269870758,0.0,-0.5190818309783936,0
3,20270010,cma_es,16.411130905151367,300,0.2914029648527503,13.148295402526855,0.8687637700786581,0.0,0.0022362088784575462,0.5069030523300171,1.840761423110962,0.0441708117723465,0.0,-0.07476663589477539,0
3,20270010,de,25.458906173706055,300,0.2488167150877416,16.177490234375,1.8427792810968582,0.14001375436782837,0.02604064717888832,4.6757402420043945,2.2648487091064453,0.33199283480644226,0.0,-0.32736921310424805,0
3,20270011,full,22.139986038208008,300,1.1865557888522744,13.042641639709473,1.2927779690362513,0.20586703205481172,0.0,5.409397602081299,1.8303756713867188,0.3589261472225189,0.0,-0.4749070703983307,0
3,20270011,anchor_only,23.821144104003906,300,0.261144015006721,12.751770973205566,1.192707025911659,0.36736246943473816,0.0,7.325857162475586,1.7865936756134033,0.39685294032096863,0.0,-0.5198367834091187,0
3,20270011,no_residual,21.735233306884766,300,0.9746847150381655,12.826807022094727,1.1048699300736189,0.32430407404899597,0.0,5.295203685760498,1.7995637655258179,0.38448429107666016,0.0,-0.5033684372901917,0
3,20270011,score_only,23.821144104003906,300,1.2437559119425714,12.751770973205566,1.192707025911659,0.36736246943473816,0.0,7.325857162475586,1.7865936756134033,0.39685294032096863,0.0,-0.5198367834091187,0
3,20270011,no_proxy,23.821144104003906,300,1.0257059352006763,12.751770973205566,1.192707025911659,0.36736246943473816,0.0,7.325857162475586,1.7865936756134033,0.39685294032096863,0.0,-0.5198367834091187,0
3,20270011,cma_es,18.733531951904297,300,0.22324662888422608,15.013209342956543,0.004962811260392653,0.0,0.0,0.8333484530448914,2.101849317550659,0.5686494708061218,0.21151325106620789,0.11033070087432861,0
3,20270011,de,31.64295768737793,300,0.24249690305441618,18.956823348999023,1.147924185730517,0.19196518743410707,0.0,8.398423194885254,2.6663403511047363,0.28148138523101807,0.0,-0.388854444026947,0
3,20270012,full,23.465200424194336,300,1.3367734279017895,13.531046867370605,1.6195847601629794,0.10856252163648605,0.0,5.914124965667725,1.8943465948104858,0.39753618836402893,0.0,-0.2996438145637512,0
3,20270012,anchor_only,23.9462890625,300,0.2916682518552989,12.75525951385498,1.1772778001613915,0.3694307208061218,0.0,7.46031379699707,1.7865873575210571,0.39742112159729004,0.0,-0.5190548896789551,0
3,20270012,no_residual,23.465200424194336,300,1.1515451499726623,13.531046867370605,1.6195847601629794,0.10856252163648605,0.0,5.914124965667725,1.8943465948104858,0.39753618836402893,0.0,-0.2996438145637512,0
3,20270012,score_only,23.815595626831055,300,1.3638885021209717,12.848278045654297,1.1801945362240076,0.3544211685657501,0.0,7.227666854858398,1.8046003580093384,0.400434285402298,0.0,-0.5181873440742493,0
3,20270012,no_proxy,23.9462890625,300,1.1059352378360927,12.75525951385498,1.1772778001613915,0.3694307208061218,0.0,7.46031379699707,1.7865873575210571,0.39742112159729004,0.0,-0.5190548896789551,0
3,20270012,cma_es,18.016481399536133,300,0.31256414018571377,13.785921096801758,0.8445418876508484,0.0,0.0,1.3936864137649536,1.9300289154052734,0.062304046005010605,0.0,0.11826732754707336,1
3,20270012,de,25.308378219604492,300,0.26551270205527544,16.457670211791992,0.1571786810224538,0.0,0.4953734278678894,5.379236221313477,2.3040738105773926,0.5148466229438782,0.0,-0.7193422913551331,0
3,20270013,full,23.89334487915039,300,1.500022194115445,12.779553413391113,1.1466948664747179,0.36804959177970886,0.0,7.411357879638672,1.7896748781204224,0.3980140686035156,0.0,-0.5187643766403198,0
3,20270013,anchor_only,23.89334487915039,300,0.2691594338975847,12.779553413391113,1.1466948664747179,0.36804959177970886,0.0,7.411357879638672,1.7896748781204224,0.3980140686035156,0.0,-0.5187643766403198,0
3,20270013,no_residual,23.89334487915039,300,1.0556036052294075,12.779553413391113,1.1466948664747179,0.36804959177970886,0.0,7.411357879638672,1.7896748781204224,0.3980140686035156,0.0,-0.5187643766403198,0
3,20270013,score_only,19.20111083984375,300,1.3664176270831376,12.99596881866455,1.7479917495511472,0.19102384289726615,0.0,2.1046805381774902,1.8194355964660645,0.3420097231864929,0.0,-0.4549260139465332,0
3,20270013,no_proxy,23.89334487915039,300,0.9920306201092899,12.779553413391113,1.1466948664747179,0.36804959177970886,0.0,7.411357879638672,1.7896748781204224,0.3980140686035156,0.0,-0.5187643766403198,0
3,20270013,cma_es,16.117082595825195,300,0.2779059389140457,13.050235748291016,0.64730272104498,0.0,0.0,0.5228326320648193,1.8270330429077148,0.06967650353908539,0.0,0.37987905740737915,1
3,20270013,de,23.934274673461914,300,0.24253481812775135,16.713714599609375,0.061715821881080046,0.0,0.0,4.247890472412109,2.3399200439453125,0.5710339546203613,0.0,0.6650307178497314,1
3,20270014,full,18.338409423828125,300,1.3068195129744709,12.874860763549805,1.2103968728333712,0.17774076759815216,0.0,1.9019314050674438,1.8075320720672607,0.3659471273422241,0.0,-0.432623952627182,0
3,20270014,anchor_only,24.263399124145508,300,0.3670939039438963,12.758500099182129,1.1766427354887128,0.37106189131736755,0.0,7.772538185119629,1.7869211435317993,0.3977348804473877,0.0,-0.5199637413024902,0
3,20270014,no_residual,18.338409423828125,300,0.993363895919174,12.874860763549805,1.2103968728333712,0.17774076759815216,0.0,1.9019314050674438,1.8075320720672607,0.3659471273422241,0.0,-0.432623952627182,0
3,20270014,score_only,21.68993377685547,300,1.1920757188927382,12.906325340270996,1.1377322138287127,0.2854769825935364,0.0,5.164665222167969,1.808081865310669,0.38765162229537964,0.0,-0.5138843059539795,0
3,20270014,no_proxy,24.263399124145508,300,1.0766405360773206,12.758500099182129,1.1766427354887128,0.37106189131736755,0.0,7.772538185119629,1.7869211435317993,0.3977348804473877,0.0,-0.5199637413024902,0
3,20270014,cma_es,16.779264450073242,300,0.29843604820780456,13.163530349731445,0.8199169851723127,0.010018809698522091,0.0,0.8954088687896729,1.8428943157196045,0.04749688878655434,0.0,-0.10610625147819519,0
3,20270014,de,23.220294952392578,300,0.23363019595853984,14.345287322998047,2.148405766689393,0.18529383838176727,0.0,4.366079330444336,2.0744972229003906,0.10073333233594894,0.0,-0.23821666836738586,0
3,20270017,full,16.654695510864258,300,1.219582773046568,12.875933647155762,1.4389091487973928,0.01714375428855419,0.0032182838767766953,0.3230558931827545,1.8026306629180908,0.19380177557468414,0.0,-0.13943058252334595,0
3,20270017,anchor_only,16.893630981445312,300,0.27537189587019384,12.786856651306152,1.7817406407557428,0.1037763524800539,0.0,0.17096933722496033,1.7901599407196045,0.26012855768203735,0.0,-0.26622679829597473,0
3,20270017,no_residual,16.76426124572754,300,0.9924137580674142,12.907622337341309,1.4378427215851843,0.05265960469841957,0.012107082642614841,0.337637722492218,1.8070671558380127,0.20932430028915405,0.0,-0.19399183988571167,0
3,20270017,score_only,16.654695510864258,300,1.247616987209767,12.875933647155762,1.4389091487973928,0.01714375428855419,0.0032182838767766953,0.3230558931827545,1.8026306629180908,0.19380177557468414,0.0,-0.13943058252334595,0
3,20270017,no_proxy,16.893630981445312,300,1.069321463117376,12.786856651306152,1.7817406407557428,0.1037763524800539,0.0,0.17096933722496033,1.7901599407196045,0.26012855768203735,0.0,-0.26622679829597473,0
3,20270017,cma_es,17.413366317749023,300,0.2572624529711902,13.515119552612305,0.29734744102461264,0.0,0.0,1.5985193252563477,1.8921167850494385,0.11026371270418167,0.0,0.12031280994415283,1
3,20270017,de,21.01751136779785,300,0.24513249890878797,14.027853965759277,1.800553583423607,0.05126069951802492,0.0,3.058150291442871,1.9638996124267578,0.1157941147685051,0.0,-0.14526695013046265,0
3,20270016,full,23.820852279663086,300,1.371602482162416,12.75650405883789,1.1743210386484861,0.3701004385948181,0.0,7.335564136505127,1.7868207693099976,0.39754143357276917,0.0,-0.5190100073814392,0
3,20270016,anchor_only,23.820852279663086,300,0.32263640803284943,12.75650405883789,1.1743210386484861,0.3701004385948181,0.0,7.335564136505127,1.7868207693099976,0.39754143357276917,0.0,-0.5190100073814392,0
3,20270016,no_residual,23.820852279663086,300,1.1311907670460641,12.75650405883789,1.1743210386484861,0.3701004385948181,0.0,7.335564136505127,1.7868207693099976,0.39754143357276917,0.0,-0.5190100073814392,0
3,20270016,score_only,21.411836624145508,300,1.3838458198588341,13.411054611206055,1.0665052933618426,0.23448172211647034,0.0,4.438947677612305,1.8775476217269897,0.38329944014549255,0.0,-0.4025578498840332,0
3,20270016,no_proxy,23.820852279663086,300,1.0787745341658592,12.75650405883789,1.1743210386484861,0.3701004385948181,0.0,7.335564136505127,1.7868207693099976,0.39754143357276917,0.0,-0.5190100073814392,0
3,20270016,cma_es,18.567306518554688,300,0.24937248695641756,14.552301406860352,0.5648814571322874,0.0,0.0,1.0676850080490112,2.0373222827911377,0.34511634707450867,0.0,0.2650582790374756,1
3,20270016,de,21.651350021362305,300,0.2799281489569694,14.960176467895508,0.6624531819252297,5.507312744157389e-05,0.0,3.766421318054199,2.0944247245788574,0.16781732439994812,0.0,-0.04100045561790466,0
3,20270015,full,23.958984375,300,1.3822594170924276,12.752630233764648,1.1783485347405076,0.3704978823661804,0.0,7.474125385284424,1.785948395729065,0.39743396639823914,0.0,-0.5193974375724792,0
3,20270015,anchor_only,23.958984375,300,0.3175500298384577,12.752630233764648,1.1783485347405076,0.3704978823661804,0.0,7.474125385284424,1.785948395729065,0.39743396639823914,0.0,-0.5193974375724792,0
3,20270015,no_residual,23.958984375,300,1.0715253150556237,12.752630233764648,1.1783485347405076,0.3704978823661804,0.0,7.474125385284424,1.785948395729065,0.39743396639823914,0.0,-0.5193974375724792,0
3,20270015,score_only,22.395601272583008,300,1.2940329459961504,12.77869987487793,1.2164739549625665,0.35415369272232056,0.0,5.862529754638672,1.7899714708328247,0.39377206563949585,0.0,-0.5067710876464844,0
3,20270015,no_proxy,23.958984375,300,1.179753866046667,12.752630233764648,1.1783485347405076,0.3704978823661804,0.0,7.474125385284424,1.785948395729065,0.39743396639823914,0.0,-0.5193974375724792,0
3,20270015,cma_es,17.174808502197266,300,0.3007439048960805,13.169414520263672,1.1420151171805628,0.03887193277478218,0.17182452976703644,0.696305513381958,1.8437180519104004,0.11265930533409119,0.0,-0.4393726587295532,0
3,20270015,de,30.8299560546875,300,0.2916649580001831,17.165077209472656,1.9585951018898413,0.15204685553908348,0.13136419653892517,8.496061325073242,2.4031107425689697,0.33220958709716797,0.19148997962474823,-0.5579532980918884,0
3,20270018,full,23.40178871154785,300,1.2545723130460829,12.940640449523926,1.1253762054257095,0.338275283575058,0.0,6.789452075958252,1.8174335956573486,0.39060917496681213,0.0,-0.4959877133369446,0
3,20270018,anchor_only,24.140460968017578,300,0.32394336094148457,12.755136489868164,1.1782943424768746,0.36990052461624146,0.0,7.653412818908691,1.7862988710403442,0.39741793274879456,0.0,-0.5193725228309631,0
3,20270018,no_residual,24.184846878051758,300,1.1143454248085618,12.75427532196045,1.1784366061910987,0.3701801896095276,0.0,7.698407173156738,1.7861770391464233,0.39737191796302795,0.0,-0.5194050073623657,0
3,20270018,score_only,18.681562423706055,300,1.3938438040204346,12.743341445922852,1.1815971825271845,0.3570300042629242,0.0,2.2216110229492188,1.7840678691864014,0.39391767978668213,0.0,-0.5137900710105896,0
3,20270018,no_proxy,24.140460968017578,300,1.2163481151219457,12.755136489868164,1.1782943424768746,0.36990052461624146,0.0,7.653412818908691,1.7862988710403442,0.39741793274879456,0.0,-0.5193725228309631,0
3,20270018,cma_es,15.900680541992188,300,0.29919593199156225,12.974336624145508,0.6416600309312344,0.011424487456679344,0.0,0.37069445848464966,1.8164070844650269,0.08615891635417938,0.0,-0.11536779999732971,0
3,20270018,de,23.0092716217041,300,0.22697255108505487,15.006067276000977,1.3333565378270578,0.22153690457344055,0.0,4.2740068435668945,2.1008493900299072,0.07345353811979294,0.0,-0.3384546935558319,0
3,20270019,full,23.905893325805664,300,1.3805731572210789,12.752192497253418,1.1760613569058478,0.3706219792366028,0.0,7.423600196838379,1.7859684228897095,0.39744797348976135,0.0,-0.5192430019378662,0
3,20270019,anchor_only,23.905893325805664,300,0.2895370170008391,12.752192497253418,1.1760613569058478,0.3706219792366028,0.0,7.423600196838379,1.7859684228897095,0.39744797348976135,0.0,-0.5192430019378662,0
3,20270019,no_residual,23.905893325805664,300,1.025347091956064,12.752192497253418,1.1760613569058478,0.3706219792366028,0.0,7.423600196838379,1.7859684228897095,0.39744797348976135,0.0,-0.5192430019378662,0
3,20270019,score_only,21.393489837646484,300,1.2821169879753143,12.864026069641113,1.2221621070057154,0.352267324924469,0.0,4.75083589553833,1.8088760375976562,0.3953237235546112,0.0,-0.5075597763061523,0
3,20270019,no_proxy,23.905893325805664,300,1.1143730210606009,12.752192497253418,1.1760613569058478,0.3706219792366028,0.0,7.423600196838379,1.7859684228897095,0.39744797348976135,0.0,-0.5192430019378662,0
3,20270019,cma_es,16.48931121826172,300,0.26622153096832335,12.78167724609375,1.4135068282485008,0.24515213072299957,0.0,0.19390679895877838,1.789434790611267,0.0656333938241005,0.0,-0.43801578879356384,0
3,20270019,de,24.73330307006836,300,0.21619701315648854,16.442657470703125,0.9503419697284698,0.0,0.0,4.80446720123291,2.3019721508026123,0.19474740326404572,0.03911570459604263,0.10361918807029724,0
3,20270020,full,24.02302360534668,300,1.3809779149014503,12.75965404510498,1.175935781095177,0.37087634205818176,0.0,7.531760215759277,1.7871127128601074,0.39768460392951965,0.0,-0.5196869373321533,0
3,20270020,anchor_only,24.02302360534668,300,0.3014511060900986,12.75965404510498,1.175935781095177,0.37087634205818176,0.0,7.531760215759277,1.7871127128601074,0.39768460392951965,0.0,-0.5196869373321533,0
3,20270020,no_residual,24.02302360534668,300,1.0994729599915445,12.75965404510498,1.175935781095177,0.37087634205818176,0.0,7.531760215759277,1.7871127128601074,0.39768460392951965,0.0,-0.5196869373321533,0
3,20270020,score_only,24.02302360534668,300,1.2833589799702168,12.75965404510498,1.175935781095177,0.37087634205818176,0.0,7.531760215759277,1.7871127128601074,0.39768460392951965,0.0,-0.5196869373321533,0
3,20270020,no_proxy,24.02302360534668,300,1.1334526168648154,12.75965404510498,1.175935781095177,0.37087634205818176,0.0,7.531760215759277,1.7871127128601074,0.39768460392951965,0.0,-0.5196869373321533,0
3,20270020,cma_es,16.907974243164062,300,0.34596647997386754,13.27926254272461,0.3108353572897613,0.0,0.0,1.233666181564331,1.8590967655181885,0.2251136302947998,0.0,0.5036547183990479,1
3,20270020,de,27.2658634185791,300,0.25238952692598104,18.378999710083008,0.6381087324116379,0.0,0.0,5.032663345336914,2.748199462890625,0.46789228916168213,0.0,0.1286790370941162,1
3,20270021,full,23.825939178466797,300,1.2663074650336057,12.751200675964355,1.1752291633747518,0.37064290046691895,0.0,7.345903396606445,1.7856483459472656,0.3973168432712555,0.0,-0.519102931022644,0
3,20270021,anchor_only,23.825939178466797,300,0.29659075010567904,12.751200675964355,1.1752291633747518,0.37064290046691895,0.0,7.345903396606445,1.7856483459472656,0.3973168432712555,0.0,-0.519102931022644,0
3,20270021,no_residual,23.846126556396484,300,1.0100958049297333,12.75178050994873,1.17458362178877,0.37059515714645386,0.0,7.366045951843262,1.7857543230056763,0.3973657488822937,0.0,-0.5191666483879089,0
3,20270021,score_only,19.23057746887207,300,1.269587840884924,12.98615837097168,1.1811803975142539,0.3050294928252697,0.0,2.578827381134033,1.818078875541687,0.36130228638648987,0.0,-0.515360951423645,0
3,20270021,no_proxy,23.825939178466797,300,1.0907679090742022,12.751200675964355,1.1752291633747518,0.37064290046691895,0.0,7.345903396606445,1.7856483459472656,0.3973168432712555,0.0,-0.519102931022644,0
3,20270021,cma_es,16.327829360961914,300,0.30565439187921584,13.10745620727539,0.6064960081130266,0.0,0.018113575875759125,0.6785674691200256,1.8350439071655273,0.08215057104825974,0.0,-0.14255988597869873,0
3,20270021,de,25.574403762817383,300,0.2910156869329512,17.111032485961914,1.800953133199073,0.02970791421830654,0.0,3.8753371238708496,2.427104949951172,0.3286040425300598,0.0016629615565761924,-0.14278972148895264,0
3,20270022,full,24.015901565551758,300,1.352583197876811,12.75327205657959,1.1768056903965771,0.37037867307662964,0.0,7.531998157501221,1.7860865592956543,0.39736002683639526,0.0,-0.5196083784103394,0
3,20270022,anchor_only,24.015901565551758,300,0.3554979630280286,12.75327205657959,1.1768056903965771,0.37037867307662964,0.0,7.531998157501221,1.7860865592956543,0.39736002683639526,0.0,-0.5196083784103394,0
3,20270022,no_residual,24.015901565551758,300,1.195912130177021,12.75327205657959,1.1768056903965771,0.37037867307662964,0.0,7.531998157501221,1.7860865592956543,0.39736002683639526,0.0,-0.5196083784103394,0
3,20270022,score_only,23.368144989013672,300,1.3698757239617407,12.847867012023926,1.1759066530503333,0.3510403335094452,0.0,6.801095008850098,1.7999465465545654,0.3922919034957886,0.0,-0.5127657055854797,0
3,20270022,no_proxy,24.015901565551758,300,1.1486452519893646,12.75327205657959,1.1768056903965771,0.37037867307662964,0.0,7.531998157501221,1.7860865592956543,0.39736002683639526,0.0,-0.5196083784103394,0
3,20270022,cma_es,18.721599578857422,300,0.31943170609883964,14.06213092803955,0.46912936989377835,0.0,0.060936182737350464,1.5627496242523193,1.9686983823776245,0.597956120967865,0.0,-0.28717041015625,0
3,20270022,de,24.472959518432617,300,0.27573937689885497,17.37024688720703,0.026627278819433036,0.0,0.0,3.857109785079956,2.579265832901001,0.5632570385932922,0.07645339518785477,0.8505739569664001,0
3,20270023,full,23.565855026245117,300,1.317731212824583,12.887764930725098,1.1320683816447854,0.33227458596229553,0.0,7.0020623207092285,1.8137961626052856,0.3978886306285858,0.0,-0.49847692251205444,0
3,20270023,anchor_only,23.762168884277344,300,0.31640052888542414,12.760080337524414,1.1715722288936377,0.37145093083381653,0.0,7.273787498474121,1.7872427701950073,0.39803463220596313,0.0,-0.5194010138511658,0
3,20270023,no_residual,23.71114158630371,300,1.1500300371553749,12.756627082824707,1.1745162783190608,0.37147465348243713,0.0,7.223992347717285,1.7867463827133179,0.3977853059768677,0.0,-0.5192888975143433,0
3,20270023,score_only,21.66423797607422,300,1.4344620681367815,12.786680221557617,1.181199359940365,0.3544643521308899,0.0,5.158001899719238,1.7901352643966675,0.3937574028968811,0.0,-0.5094675421714783,0
3,20270023,no_proxy,23.762168884277344,300,1.2959625758230686,12.760080337524414,1.1715722288936377,0.37145093083381653,0.0,7.273787498474121,1.7872427701950073,0.39803463220596313,0.0,-0.5194010138511658,0
3,20270023,cma_es,15.752867698669434,300,0.3265946588944644,13.047858238220215,0.3803647691383958,0.0,0.0,0.45214372873306274,1.826700210571289,0.0458013191819191,0.0,0.2972308397293091,1
3,20270023,de,25.254669189453125,300,0.32066532084718347,15.092552185058594,2.206074143130536,0.18674401938915253,0.0,5.507099628448486,2.156036615371704,0.10616395622491837,0.0,-0.39717262983322144,0
3,20270024,full,24.07815933227539,300,1.365542549174279,12.755102157592773,1.177028932608664,0.3692409098148346,0.0,7.5929765701293945,1.7863283157348633,0.3974837362766266,0.0,-0.5191172361373901,0
3,20270024,anchor_only,24.07815933227539,300,0.3071371051482856,12.755102157592773,1.177028932608664,0.3692409098148346,0.0,7.5929765701293945,1.7863283157348633,0.3974837362766266,0.0,-0.5191172361373901,0
3,20270024,no_residual,24.04769515991211,300,1.1686778268776834,12.75536060333252,1.1766130332835019,0.36923748254776,0.0,7.5626115798950195,1.7863755226135254,0.3974975347518921,0.0,-0.5190592408180237,0
3,20270024,score_only,24.0167293548584,300,1.4488736807834357,12.853580474853516,1.1890897657722235,0.369667649269104,0.0,7.396105766296387,1.8068835735321045,0.40140217542648315,0.0,-0.5158458352088928,0
3,20270024,no_proxy,24.07815933227539,300,1.229424444027245,12.755102157592773,1.177028932608664,0.3692409098148346,0.0,7.5929765701293945,1.7863283157348633,0.3974837362766266,0.0,-0.5191172361373901,0
3,20270024,cma_es,16.559293746948242,300,0.3466709249187261,13.524282455444336,0.21517753292573616,0.0,0.05305870622396469,0.7354668378829956,1.8933995962142944,0.13790853321552277,0.0,-0.25558793544769287,0
3,20270024,de,22.191925048828125,300,0.287780076963827,14.907349586486816,0.1886424138210714,0.0,0.0,4.64397668838501,2.087028980255127,0.3649277687072754,0.0,0.133231520652771,1
3,20270025,full,23.824670791625977,300,1.3802626361139119,12.752781867980957,1.1758822370320559,0.3706136643886566,0.0,7.342108726501465,1.7858788967132568,0.39740297198295593,0.0,-0.5188122987747192,0
3,20270025,anchor_only,23.824670791625977,300,0.3296183170750737,12.752781867980957,1.1758822370320559,0.3706136643886566,0.0,7.342108726501465,1.7858788967132568,0.39740297198295593,0.0,-0.5188122987747192,0
3,20270025,no_residual,23.803598403930664,300,1.11898110085167,12.96245002746582,1.150626216083765,0.34207627177238464,0.0,7.123851776123047,1.8261001110076904,0.39849454164505005,0.0,-0.4852975308895111,0
3,20270025,score_only,19.382173538208008,300,1.4267770200967789,12.754485130310059,1.2068056799471378,0.34492844343185425,0.0,2.898130416870117,1.7856279611587524,0.3921962082386017,0.0,-0.5147791504859924,0
3,20270025,no_proxy,23.824670791625977,300,1.13187140901573,12.752781867980957,1.1758822370320559,0.3706136643886566,0.0,7.342108726501465,1.7858788967132568,0.39740297198295593,0.0,-0.5188122987747192,0
3,20270025,cma_es,17.482402801513672,300,0.26064001000486314,13.894556045532227,0.8174943461820948,0.0,0.027187377214431763,0.5887144207954407,1.9452378749847412,0.20921270549297333,0.0,-0.23037320375442505,0
3,20270025,de,27.760316848754883,300,0.22300552809610963,18.88650894165039,0.5843404129154806,0.0,0.0,4.909849166870117,2.644111156463623,0.7355067729949951,0.0,0.1203572154045105,1
3,20270026,full,23.87070655822754,300,1.4010432998184115,12.754972457885742,1.175897196866572,0.3699837923049927,0.0,7.385956287384033,1.7864168882369995,0.39747920632362366,0.0,-0.5191666483879089,0
3,20270026,anchor_only,23.87070655822754,300,0.3264632117934525,12.754972457885742,1.175897196866572,0.3699837923049927,0.0,7.385956287384033,1.7864168882369995,0.39747920632362366,0.0,-0.5191666483879089,0
3,20270026,no_residual,23.87070655822754,300,1.1861878538038582,12.754972457885742,1.175897196866572,0.3699837923049927,0.0,7.385956287384033,1.7864168882369995,0.39747920632362366,0.0,-0.5191666483879089,0
3,20270026,score_only,19.185665130615234,300,1.299681985983625,12.81318473815918,1.3074504372198135,0.3082601726055145,0.0,2.5819523334503174,1.7938458919525146,0.38097110390663147,0.0,-0.4894557297229767,0
3,20270026,no_proxy,23.87070655822754,300,1.1450232239440084,12.754972457885742,1.175897196866572,0.3699837923049927,0.0,7.385956287384033,1.7864168882369995,0.39747920632362366,0.0,-0.5191666483879089,0
3,20270026,cma_es,18.663787841796875,300,0.31595048611052334,13.327545166015625,1.191322179074632,0.24472832679748535,0.0,1.8416764736175537,1.8658562898635864,0.19265970587730408,0.0,-0.3980944752693176,0
3,20270026,de,21.522645950317383,300,0.25645049777813256,14.281415939331055,1.3199649290745583,0.005929955281317234,0.21355430781841278,3.3938722610473633,1.9993982315063477,0.3085108697414398,0.0,-0.3206167221069336,0
3,20270027,full,18.678903579711914,300,1.3725496248807758,13.0758695602417,1.5700994320213795,0.10340380854904652,0.0,1.7506941556930542,1.8306217193603516,0.3482152819633484,0.0,-0.35558217763900757,0
3,20270027,anchor_only,23.878135681152344,300,0.3627782000694424,12.757099151611328,1.1763572040945292,0.36967381834983826,0.0,7.390604019165039,1.7868950366973877,0.39750728011131287,0.0,-0.5191707015037537,0
3,20270027,no_residual,18.60707664489746,300,1.1011379179544747,13.059344291687012,1.5507015604525805,0.1115090437233448,0.0,1.7053041458129883,1.8283082246780396,0.35190799832344055,0.0,-0.3628242015838623,0
3,20270027,score_only,18.71742057800293,300,1.2752091859001666,13.064492225646973,1.5621352195739746,0.1075923852622509,0.0,1.8059381246566772,1.8290289640426636,0.34823378920555115,0.0,-0.36272120475769043,0
3,20270027,no_proxy,23.878135681152344,300,1.0949182300828397,12.757099151611328,1.1763572040945292,0.36967381834983826,0.0,7.390604019165039,1.7868950366973877,0.39750728011131287,0.0,-0.5191707015037537,0
3,20270027,cma_es,16.013404846191406,300,0.29001536197029054,13.137273788452148,0.43331345077604055,0.0,0.0,0.5679330825805664,1.8392183780670166,0.03566613793373108,0.0,0.12838953733444214,1
3,20270027,de,27.282791137695312,300,0.22856549103744328,16.89556884765625,2.901390446757432,0.1804890651255846,0.0,4.571972846984863,2.3851165771484375,0.34825584292411804,0.0,-0.25792479515075684,0
3,20270028,full,23.420618057250977,300,1.570060607045889,12.815360069274902,1.177931937854737,0.27936896681785583,0.0,6.970479965209961,1.7958667278289795,0.38161009550094604,0.0,-0.5153853893280029,0
3,20270028,anchor_only,24.21544647216797,300,0.36517249699682,12.756672859191895,1.1766419345512986,0.3701917827129364,0.0,7.727706432342529,1.7867523431777954,0.3974793553352356,0.0,-0.5198400020599365,0
3,20270028,no_residual,22.069242477416992,300,1.1958547791000456,12.78982925415039,1.1807003705762327,0.27664193511009216,0.0,5.652629852294922,1.7910289764404297,0.3784126341342926,0.0,-0.5140110850334167,0
3,20270028,score_only,18.85169219970703,300,1.3408148679882288,12.743374824523926,1.1522633284330368,0.3603590726852417,0.0,2.419522762298584,1.7840725183486938,0.39209866523742676,0.0,-0.5191503167152405,0
3,20270028,no_proxy,24.21544647216797,300,1.1302407919429243,12.756672859191895,1.1766419345512986,0.3701917827129364,0.0,7.727706432342529,1.7867523431777954,0.3974793553352356,0.0,-0.5198400020599365,0
3,20270028,cma_es,18.160558700561523,300,0.2746691480278969,14.90781021118164,0.10760755758741425,0.0,0.0,0.5212160348892212,2.0870933532714844,0.5368305444717407,0.0,0.8533536791801453,1
3,20270028,de,25.540433883666992,300,0.26511082681827247,15.102670669555664,2.302537757086284,0.2032068520784378,0.0,4.693434238433838,2.1336851119995117,1.104899287223816,0.0,-0.2621569037437439,0
3,20270029,full,22.20490264892578,300,1.516057413071394,13.288999557495117,1.2239920999854803,0.23096351325511932,0.0,5.20888614654541,1.8604599237442017,0.39159923791885376,0.0,-0.5058524012565613,0
3,20270029,anchor_only,23.856060028076172,300,0.3012007651850581,12.760506629943848,1.1739217042922974,0.37129920721054077,0.0,7.365118026733398,1.7872809171676636,0.3979343771934509,0.0,-0.5194055438041687,0
3,20270029,no_residual,23.856060028076172,300,1.1806205410975963,12.760506629943848,1.1739217042922974,0.37129920721054077,0.0,7.365118026733398,1.7872809171676636,0.3979343771934509,0.0,-0.5194055438041687,0
3,20270029,score_only,22.24321746826172,300,1.4359765441622585,12.752334594726562,1.1709124073386192,0.367933988571167,0.0,5.770161151885986,1.7858654260635376,0.39601001143455505,0.0,-0.5184741020202637,0
3,20270029,no_proxy,23.856060028076172,300,1.2024995901156217,12.760506629943848,1.1739217042922974,0.37129920721054077,0.0,7.365118026733398,1.7872809171676636,0.3979343771934509,0.0,-0.5194055438041687,0
3,20270029,cma_es,17.158246994018555,300,0.3146428398322314,13.446229934692383,0.4666630745468865,0.0,0.0,1.1632888317108154,1.8824721574783325,0.19959275424480438,0.0,0.10972660779953003,1
3,20270029,de,29.83941650390625,300,0.31204214598983526,19.336261749267578,0.9039220635604579,0.012292643077671528,0.0,6.670002460479736,2.7070765495300293,0.20986057817935944,0.0,-0.09194070100784302,0
4,20270000,full,30.340744018554688,300,1.4396964779589325,12.778879165649414,1.4599909678508993,0.05770840495824814,0.08863115310668945,12.966983795166016,2.7231805324554443,0.2653695344924927,0.0,-0.47062504291534424,0
4,20270000,anchor_only,30.340744018554688,300,0.2915973300114274,12.778879165649414,1.4599909678508993,0.05770840495824814,0.08863115310668945,12.966983795166016,2.7231805324554443,0.2653695344924927,0.0,-0.47062504291534424,0
4,20270000,no_residual,30.340744018554688,300,1.184234858956188,12.778879165649414,1.4599909678508993,0.05770840495824814,0.08863115310668945,12.966983795166016,2.7231805324554443,0.2653695344924927,0.0,-0.47062504291534424,0
4,20270000,score_only,27.814895629882812,300,1.545881150988862,12.790781021118164,1.463149496470578,0.05308676138520241,0.08678670972585678,10.433819770812988,2.7245969772338867,0.2626730799674988,0.0,-0.46277713775634766,0
4,20270000,no_proxy,30.340744018554688,300,1.1919361900072545,12.778879165649414,1.4599909678508993,0.05770840495824814,0.08863115310668945,12.966983795166016,2.7231805324554443,0.2653695344924927,0.0,-0.47062504291534424,0
4,20270000,cma_es,22.615755081176758,300,0.2846869509667158,13.921506881713867,0.6719430939482436,0.03236691653728485,0.00024130649399012327,3.990457534790039,2.8786702156066895,0.3458769917488098,0.774692952632904,-0.1878819763660431,0
4,20270000,de,33.44053268432617,300,0.27411988005042076,16.62759017944336,0.6317637774518516,0.2590843439102173,0.0,11.44591999053955,3.1853644847869873,0.4338633120059967,0.856943666934967,-0.4271768033504486,0
4,20270001,full,29.49182891845703,300,1.3611986588221043,12.740416526794434,1.4607957716507372,0.06262210756540298,0.09071244299411774,12.155481338500977,2.717226505279541,0.26457422971725464,0.0,-0.47606489062309265,0
4,20270001,anchor_only,29.49182891845703,300,0.3160443399101496,12.740416526794434,1.4607957716507372,0.06262210756540298,0.09071244299411774,12.155481338500977,2.717226505279541,0.26457422971725464,0.0,-0.47606489062309265,0
4,20270001,no_residual,29.49182891845703,300,1.2695232550613582,12.740416526794434,1.4607957716507372,0.06262210756540298,0.09071244299411774,12.155481338500977,2.717226505279541,0.26457422971725464,0.0,-0.47606489062309265,0
4,20270001,score_only,29.49182891845703,300,1.3286086169537157,12.740416526794434,1.4607957716507372,0.06262210756540298,0.09071244299411774,12.155481338500977,2.717226505279541,0.26457422971725464,0.0,-0.47606489062309265,0
4,20270001,no_proxy,29.49182891845703,300,0.9762833691202104,12.740416526794434,1.4607957716507372,0.06262210756540298,0.09071244299411774,12.155481338500977,2.717226505279541,0.26457422971725464,0.0,-0.47606489062309265,0
4,20270001,cma_es,19.03628158569336,300,0.20383828901685774,14.238687515258789,0.1686363574117442,0.0,0.0,1.5559989213943481,2.8966426849365234,0.1763158142566681,0.0,0.5712213516235352,1
4,20270001,de,32.970550537109375,300,0.23467714409343898,16.20511817932129,0.5714583366643637,0.0,0.8593381121754646,11.968441009521484,3.1326138973236084,0.17737343907356262,0.0562092624604702,-0.7743619680404663,0
4,20270002,full,30.72825050354004,300,1.3769163019023836,12.753131866455078,1.465719358122442,0.06165405362844467,0.09030038863420486,13.373270988464355,2.7193233966827393,0.26484984159469604,0.0,-0.47482675313949585,0
4,20270002,anchor_only,30.507831573486328,300,0.31179190590046346,12.75280475616455,1.4664421459601726,0.06134672090411186,0.09017571061849594,13.152922630310059,2.719179630279541,0.26495856046676636,0.0,-0.47460538148880005,0
4,20270002,no_residual,30.72825050354004,300,1.2054634450469166,12.753131866455078,1.465719358122442,0.06165405362844467,0.09030038863420486,13.373270988464355,2.7193233966827393,0.26484984159469604,0.0,-0.47482675313949585,0
4,20270002,score_only,23.661087036132812,300,1.2904707361012697,13.038634300231934,4.468489256163593,0.0,0.029493406414985657,3.243717670440674,2.752636194229126,0.12811647355556488,0.0,-0.25357115268707275,0
4,20270002,no_proxy,30.507831573486328,300,1.0190233429893851,12.75280475616455,1.4664421459601726,0.06134672090411186,0.09017571061849594,13.152922630310059,2.719179630279541,0.26495856046676636,0.0,-0.47460538148880005,0
4,20270002,cma_es,16.567258834838867,300,0.22856935998424888,12.914278984069824,0.6328863276867196,0.0,0.0,0.15100662410259247,2.7377138137817383,0.13137286901474,0.0,0.05707085132598877,1
4,20270002,de,32.116981506347656,300,0.23365106503479183,18.236143112182617,0.5234049323480576,0.0,0.7330860495567322,8.813675880432129,3.4579591751098633,0.3527163863182068,0.0,-0.6872237920761108,0
4,20270003,full,28.9918270111084,300,1.4302926959935576,13.257798194885254,1.4419397341553128,0.01034441590309143,0.06960169970989227,11.181952476501465,2.779309034347534,0.2508835792541504,0.0,-0.40298524498939514,0
4,20270003,anchor_only,31.207279205322266,300,0.30001753009855747,12.755072593688965,1.467547549342271,0.06193242594599724,0.09041576087474823,13.847677230834961,2.719644784927368,0.2649892270565033,0.0,-0.475098192691803,0
4,20270003,no_residual,28.9918270111084,300,1.030077817849815,13.257798194885254,1.4419397341553128,0.01034441590309143,0.06960169970989227,11.181952476501465,2.779309034347534,0.2508835792541504,0.0,-0.40298524498939514,0
4,20270003,score_only,21.654766082763672,300,1.052527628839016,13.100778579711914,0.5070283091627061,0.0,0.0019228508463129401,5.03685188293457,2.7602527141571045,0.24793177843093872,0.0,-0.12764358520507812,0
4,20270003,no_proxy,31.207279205322266,300,0.8780217750463635,12.755072593688965,1.467547549342271,0.06193242594599724,0.09041576087474823,13.847677230834961,2.719644784927368,0.2649892270565033,0.0,-0.475098192691803,0
4,20270003,cma_es,20.761333465576172,300,0.23801453597843647,15.056880950927734,0.052301883086329326,0.0,0.2655840218067169,0.8833909034729004,2.994825839996338,0.573263943195343,0.935088038444519,-0.643049955368042,0
4,20270003,de,29.543773651123047,300,0.17842547385953367,15.022868156433105,3.08714920320927,0.4378776717931032,0.09094884991645813,7.648227214813232,2.99074387550354,0.26595890522003174,0.0,-0.5268977284431458,0
4,20270004,full,30.326662063598633,300,1.2884114978369325,12.942124366760254,1.5047418376489077,0.061390865594148636,0.09019237011671066,12.71032428741455,2.7500343322753906,0.2678547203540802,0.0,-0.4746033549308777,0
4,20270004,anchor_only,30.49282455444336,300,0.2683464898727834,12.750397682189941,1.465262400743086,0.06122922524809837,0.09012541174888611,13.142107009887695,2.718838930130005,0.2648638188838959,0.0,-0.4744536578655243,0
4,20270004,no_residual,30.326662063598633,300,0.912903610849753,12.942124366760254,1.5047418376489077,0.061390865594148636,0.09019237011671066,12.71032428741455,2.7500343322753906,0.2678547203540802,0.0,-0.4746033549308777,0
4,20270004,score_only,30.216312408447266,300,1.1506713719572872,12.855684280395508,1.4254673981340602,0.051993466913700104,0.08612293750047684,12.795276641845703,2.734950304031372,0.2668173313140869,0.0,-0.4639602303504944,0
4,20270004,no_proxy,30.49282455444336,300,0.9390168529935181,12.750397682189941,1.465262400743086,0.06122922524809837,0.09012541174888611,13.142107009887695,2.718838930130005,0.2648638188838959,0.0,-0.4744536578655243,0
4,20270004,cma_es,18.66293716430664,300,0.24842517008073628,14.044439315795898,0.23717991169542085,0.0,0.0015174157451838255,1.2834664583206177,2.8733327388763428,0.2230016589164734,0.0,-0.060374677181243896,0
4,20270004,de,29.087181091308594,300,0.2095100269652903,17.464616775512695,0.5456656484530786,0.0,0.0,7.3064446449279785,3.2837541103363037,0.4866991937160492,0.0,0.07616746425628662,1
4,20270005,full,29.165008544921875,300,1.318427043966949,13.638416290283203,1.8220457830466368,0.03876982629299164,0.10300438106060028,10.466241836547852,2.8314409255981445,0.26509106159210205,0.0,-0.4737622141838074,0
4,20270005,anchor_only,30.363122940063477,300,0.250867900904268,12.757652282714844,1.4650005557923578,0.06083982437849045,0.08996737003326416,13.004536628723145,2.719991683959961,0.2651357352733612,0.0,-0.4741741120815277,0
4,20270005,no_residual,28.366863250732422,300,0.9835747231263667,13.319075584411621,1.8302139355801055,0.11202048510313034,0.12678028643131256,9.918501853942871,2.794581413269043,0.2656903564929962,0.0,-0.5285229682922363,0
4,20270005,score_only,27.809701919555664,300,1.2107986160553992,13.623100280761719,1.9112958209589308,0.017938846722245216,0.09369613230228424,9.097695350646973,2.8227720260620117,0.24320319294929504,0.0,-0.45187854766845703,0
4,20270005,no_proxy,30.363122940063477,300,0.9675522691104561,12.757652282714844,1.4650005557923578,0.06083982437849045,0.08996737003326416,13.004536628723145,2.719991683959961,0.2651357352733612,0.0,-0.4741741120815277,0
4,20270005,cma_es,18.67025375366211,300,0.284800014924258,14.021568298339844,0.261738643051484,0.0,0.0,1.2175977230072021,2.8705880641937256,0.2987607419490814,0.0,0.4974697232246399,1
4,20270005,de,33.63117980957031,300,0.26310552982613444,17.40353775024414,2.3429405424703873,0.08512113243341446,0.020853830501437187,9.92494010925293,3.458944082260132,0.3948446810245514,0.0,-0.26109182834625244,0
4,20270006,full,30.171546936035156,300,1.1916302810423076,12.81635570526123,1.4565174385206774,0.051537271589040756,0.08632619678974152,12.770624160766602,2.729247808456421,0.2609366476535797,0.0,-0.46021831035614014,0
4,20270006,anchor_only,30.188032150268555,300,0.27903099288232625,12.760111808776855,1.465471020899713,0.06064825505018234,0.08988836407661438,12.826399803161621,2.7203469276428223,0.2651674449443817,0.0,-0.47400617599487305,0
4,20270006,no_residual,30.188032150268555,300,0.917026748880744,12.760111808776855,1.465471020899713,0.06064825505018234,0.08988836407661438,12.826399803161621,2.7203469276428223,0.2651674449443817,0.0,-0.47400617599487305,0
4,20270006,score_only,30.57481575012207,300,1.205311296042055,12.771917343139648,1.4683984359144233,0.06078164651989937,0.08993840217590332,13.196137428283691,2.7220587730407715,0.26558300852775574,0.0,-0.47399842739105225,0
4,20270006,no_proxy,30.188032150268555,300,1.119279908016324,12.760111808776855,1.465471020899713,0.06064825505018234,0.08988836407661438,12.826399803161621,2.7203469276428223,0.2651674449443817,0.0,-0.47400617599487305,0
4,20270006,cma_es,21.391204833984375,300,0.27058416907675564,15.104257583618164,0.8557188317888393,0.013193548657000065,0.0,2.2234373092651367,3.0005109310150146,0.1940888911485672,0.0,-0.1380271315574646,0
4,20270006,de,24.009572982788086,300,0.20874976087361574,14.302617073059082,1.7194941039197147,0.0,0.0277278870344162,4.926900386810303,2.9043140411376953,0.1285182684659958,0.0,-0.25234365463256836,0
4,20270007,full,29.739421844482422,300,1.1332904770970345,12.99307632446289,1.6044080442516135,0.0898614153265953,0.10280759632587433,11.960018157958984,2.7499725818634033,0.2392762154340744,0.0,-0.49519890546798706,0
4,20270007,anchor_only,31.31521987915039,300,0.24696328002028167,12.753223419189453,1.4662931732600555,0.0619148425757885,0.09041590988636017,13.958989143371582,2.7194015979766846,0.26497936248779297,0.0,-0.47527453303337097,0
4,20270007,no_residual,24.32410430908203,300,0.9167125271633267,13.030512809753418,1.516443589702249,0.022473838180303574,0.07267174124717712,6.6895928382873535,2.751661777496338,0.24074718356132507,0.0,-0.4205358624458313,0
4,20270007,score_only,23.727149963378906,300,1.2662594860885292,13.029953956604004,1.5941284325672318,0.03982807695865631,0.08619195967912674,5.998488426208496,2.751594305038452,0.22696296870708466,0.0,-0.4478694200515747,0
4,20270007,no_proxy,31.31521987915039,300,0.8958916568662971,12.753223419189453,1.4662931732600555,0.0619148425757885,0.09041590988636017,13.958989143371582,2.7194015979766846,0.26497936248779297,0.0,-0.47527453303337097,0
4,20270007,cma_es,18.70245361328125,300,0.2902963918168098,13.219311714172363,0.6161464091564994,0.0,0.0,1.7303380966186523,2.7743172645568848,0.36234161257743835,0.0,0.2542176842689514,1
4,20270007,de,35.482025146484375,300,0.21907247905619442,16.38967514038086,2.3630609936959104,0.3628399968147278,0.012619392946362495,12.96470832824707,3.2519335746765137,0.13718821108341217,0.0,-0.4266818165779114,0
4,20270008,full,30.50048065185547,300,1.1183192199096084,13.019665718078613,1.4790178631374147,0.06421323120594025,0.09140150994062424,12.816558837890625,2.760006904602051,0.26961931586265564,0.0,-0.478274405002594,0
4,20270008,anchor_only,31.120529174804688,300,0.2462123699951917,12.757247924804688,1.4671071518096142,0.06184244155883789,0.09038325399160385,13.758857727050781,2.719977617263794,0.2651110887527466,0.0,-0.47513848543167114,0
4,20270008,no_residual,30.50048065185547,300,0.9261375460773706,13.019665718078613,1.4790178631374147,0.06421323120594025,0.09140150994062424,12.816558837890625,2.760006904602051,0.26961931586265564,0.0,-0.478274405002594,0
4,20270008,score_only,26.211776733398438,300,1.2201457701157779,13.402676582336426,1.3524587396532297,0.041946083307266235,0.08563808351755142,8.265580177307129,2.8034932613372803,0.2599826157093048,0.0,-0.44893795251846313,0
4,20270008,no_proxy,31.120529174804688,300,1.0093089030124247,12.757247924804688,1.4671071518096142,0.06184244155883789,0.09038325399160385,13.758857727050781,2.719977617263794,0.2651110887527466,0.0,-0.47513848543167114,0
4,20270008,cma_es,24.47414207458496,300,0.2224723370745778,17.42313003540039,0.002019944222812216,0.0,3.891282540280372e-05,3.1753365993499756,3.278775215148926,0.5948429107666016,0.0,-0.006616413593292236,0
4,20270008,de,30.48704719543457,300,0.22214342514052987,16.300289154052734,1.4891396301900386,0.0,0.07364273816347122,9.279886245727539,3.1825642585754395,0.16152533888816833,0.0,-0.2585645318031311,0
4,20270009,full,19.88500213623047,300,1.162891599116847,13.073657035827637,2.0442411842304864,0.0,0.02373301237821579,1.7851313352584839,2.756838798522949,0.20140023529529572,0.0,-0.2426353096961975,0
4,20270009,anchor_only,30.340328216552734,300,0.30313098919577897,12.803900718688965,1.4606629825138953,0.05816067010164261,0.08881627023220062,12.935904502868652,2.726879358291626,0.26600244641304016,0.0,-0.4707237184047699,0
4,20270009,no_residual,20.921518325805664,300,1.070707842009142,13.220511436462402,1.6828349412098766,0.0,0.01780228689312935,3.0034542083740234,2.774461269378662,0.22245420515537262,0.0,-0.22005873918533325,0
4,20270009,score_only,19.88500213623047,300,1.167773098917678,13.073657035827637,2.0442411842304864,0.0,0.02373301237821579,1.7851313352584839,2.756838798522949,0.20140023529529572,0.0,-0.2426353096961975,0
4,20270009,no_proxy,30.340328216552734,300,1.0486792491283268,12.803900718688965,1.4606629825138953,0.05816067010164261,0.08881627023220062,12.935904502868652,2.726879358291626,0.26600244641304016,0.0,-0.4707237184047699,0
4,20270009,cma_es,19.18853187561035,300,0.27167580905370414,13.915738105773926,0.13091161963529885,0.0,0.0,2.1918365955352783,2.8578884601593018,0.09215500950813293,0.0,-0.009309351444244385,0
4,20270009,de,35.508026123046875,300,0.2334309450816363,16.335956573486328,0.5699435940671835,0.0,0.8165509700775146,14.1856689453125,3.2277681827545166,0.3721335828304291,0.0,-0.8526543974876404,0
4,20270010,full,30.142061233520508,300,1.3485305120702833,12.984903335571289,1.4293582708050963,0.05415060371160507,0.08723212778568268,12.56140422821045,2.7585880756378174,0.26642197370529175,0.0,-0.4640641510486603,0
4,20270010,anchor_only,30.494508743286133,300,0.2651924539823085,12.751408576965332,1.4669228206621483,0.06167754530906677,0.09031181037425995,13.140198707580566,2.719165563583374,0.2648219168186188,0.0,-0.47489607334136963,0
4,20270010,no_residual,27.170791625976562,300,0.9275144138373435,12.890878677368164,1.3687150674231816,0.03733360022306442,0.07971186190843582,9.782233238220215,2.7421746253967285,0.269744336605072,0.0,-0.45238298177719116,0
4,20270010,score_only,24.248498916625977,300,1.129762900993228,12.767032623291016,1.4408386004797649,0.05543434992432594,0.08767601102590561,6.913480758666992,2.721060276031494,0.26297813653945923,0.0,-0.46645644307136536,0
4,20270010,no_proxy,30.494508743286133,300,1.0551714240573347,12.751408576965332,1.4669228206621483,0.06167754530906677,0.09031181037425995,13.140198707580566,2.719165563583374,0.2648219168186188,0.0,-0.47489607334136963,0
4,20270010,cma_es,19.130874633789062,300,0.22372405300848186,13.910896301269531,0.7671887854958186,0.0,9.611323548597284e-06,1.4576574563980103,2.857307195663452,0.13781455159187317,0.0,-0.009365558624267578,0
4,20270010,de,33.30856704711914,300,0.2466134389396757,18.305673599243164,0.21229945542290807,0.0,0.0,11.138826370239258,3.403881788253784,0.24788658320903778,0.0,0.08875858783721924,1
4,20270011,full,23.78721046447754,300,1.3631698610261083,12.997845649719238,1.1551565507543273,0.0,0.04423131048679352,6.601576805114746,2.747741222381592,0.2406601458787918,0.0,-0.3334842920303345,0
4,20270011,anchor_only,30.674301147460938,300,0.2514410801231861,12.74466609954834,1.4624427299713716,0.06193076819181442,0.09042363613843918,13.33204460144043,2.7179458141326904,0.26484808325767517,0.0,-0.47531652450561523,0
4,20270011,no_residual,29.299400329589844,300,0.9502376820892096,13.036924362182617,1.4345737039693633,0.03901180624961853,0.08024939894676208,11.684694290161133,2.7563624382019043,0.26758238673210144,0.0,-0.4458434581756592,0
4,20270011,score_only,21.821508407592773,300,1.2140078430529684,13.017806053161621,1.0249766882043332,0.0,0.021621203050017357,4.798774242401123,2.7501368522644043,0.20819202065467834,0.0,-0.23251157999038696,0
4,20270011,no_proxy,30.674301147460938,300,0.9578011161647737,12.74466609954834,1.4624427299713716,0.06193076819181442,0.09042363613843918,13.33204460144043,2.7179458141326904,0.26484808325767517,0.0,-0.47531652450561523,0
4,20270011,cma_es,17.463899612426758,300,0.26257025892846286,13.114264488220215,0.35326866316609085,0.0,0.0,1.1761078834533691,2.761711835861206,0.05854882672429085,0.0,0.31251680850982666,1
4,20270011,de,39.43824005126953,300,0.25386435608379543,22.328210830688477,0.3060187087394297,0.0,0.0,12.282975196838379,3.990851402282715,0.5301815867424011,0.0,0.0872272253036499,1
4,20270012,full,30.333829879760742,300,1.1443261839449406,12.754804611206055,1.4616982806182932,0.06084122136235237,0.08996408432722092,12.982222557067871,2.7194390296936035,0.2648594081401825,0.0,-0.47408053278923035,0
4,20270012,anchor_only,30.333829879760742,300,0.20019481400959194,12.754804611206055,1.4616982806182932,0.06084122136235237,0.08996408432722092,12.982222557067871,2.7194390296936035,0.2648594081401825,0.0,-0.47408053278923035,0
4,20270012,no_residual,28.63591957092285,300,0.9438725879881531,13.531875610351562,1.3381683922998586,0.0,0.014281190000474453,10.660808563232422,2.825761079788208,0.2650233507156372,0.0,-0.21841847896575928,0
4,20270012,score_only,20.105186462402344,300,1.1852075869683176,12.795387268066406,1.3253856159863062,0.0317191518843174,0.07777570933103561,2.9016263484954834,2.7234461307525635,0.24984608590602875,0.0,-0.43454647064208984,0
4,20270012,no_proxy,30.333829879760742,300,1.0089535959996283,12.754804611206055,1.4616982806182932,0.06084122136235237,0.08996408432722092,12.982222557067871,2.7194390296936035,0.2648594081401825,0.0,-0.47408053278923035,0
4,20270012,cma_es,20.30695343017578,300,0.22307156305760145,13.322190284729004,1.410344966512639,0.0,0.13577988743782043,2.596463918685913,2.7866625785827637,0.05551145598292351,0.0,-0.44870391488075256,0
4,20270012,de,29.533430099487305,300,0.20370492013171315,16.158803939819336,1.1712668350664899,0.0,0.320153146982193,8.564812660217285,3.12705659866333,0.19133912026882172,0.0,-0.5093427896499634,0
4,20270013,full,31.228036880493164,300,1.1572962389327586,12.754242897033691,1.4665687508822884,0.062021683901548386,0.0904586911201477,13.87030029296875,2.7194459438323975,0.26499876379966736,0.0,-0.4753436744213104,0
4,20270013,anchor_only,31.128843307495117,300,0.2896571569144726,12.754060745239258,1.4660301440162584,0.061966557055711746,0.09043668955564499,13.771981239318848,2.7193803787231445,0.26498645544052124,0.0,-0.4753102958202362,0
4,20270013,no_residual,31.228036880493164,300,1.0050156279467046,12.754242897033691,1.4665687508822884,0.062021683901548386,0.0904586911201477,13.87030029296875,2.7194459438323975,0.26499876379966736,0.0,-0.4753436744213104,0
4,20270013,score_only,29.5354061126709,300,1.061113049974665,12.78432559967041,1.4436431149952114,0.051667533814907074,0.08603374660015106,12.18651008605957,2.722119092941284,0.2611091434955597,0.0,-0.46210142970085144,0
4,20270013,no_proxy,31.128843307495117,300,1.0380997881293297,12.754060745239258,1.4660301440162584,0.061966557055711746,0.09043668955564499,13.771981239318848,2.7193803787231445,0.26498645544052124,0.0,-0.4753102958202362,0
4,20270013,cma_es,20.778467178344727,300,0.2094394131563604,15.395331382751465,0.03376048467043812,0.0,0.002195809269323945,2.033282518386841,3.0354394912719727,0.27845993638038635,0.0,-0.06421440839767456,0
4,20270013,de,33.02302169799805,300,0.20874552591703832,17.615625381469727,2.5583571250895147,0.0012895859545096755,0.0,9.186553001403809,3.3970882892608643,0.2641104757785797,0.0,-0.032972633838653564,0
4,20270014,full,31.20506477355957,300,1.271080437116325,12.76395320892334,1.46724526345497,0.06132415682077408,0.09015463292598724,13.836207389831543,2.721193313598633,0.264988511800766,0.0,-0.4742078483104706,0
4,20270014,anchor_only,31.20506477355957,300,0.23327198787592351,12.76395320892334,1.46724526345497,0.06132415682077408,0.09015463292598724,13.836207389831543,2.721193313598633,0.264988511800766,0.0,-0.4742078483104706,0
4,20270014,no_residual,31.20506477355957,300,1.0105637500528246,12.76395320892334,1.46724526345497,0.06132415682077408,0.09015463292598724,13.836207389831543,2.721193313598633,0.264988511800766,0.0,-0.4742078483104706,0
4,20270014,score_only,29.6168155670166,300,1.2537936738226563,12.824566841125488,1.421288774756249,0.05019926279783249,0.08539054542779922,12.24236011505127,2.7303669452667236,0.26264265179634094,0.0,-0.46027836203575134,0
4,20270014,no_proxy,31.20506477355957,300,1.1316401460207999,12.76395320892334,1.46724526345497,0.06132415682077408,0.09015463292598724,13.836207389831543,2.721193313598633,0.264988511800766,0.0,-0.4742078483104706,0
4,20270014,cma_es,18.523765563964844,300,0.22073555504903197,14.149238586425781,0.12511722557342192,0.0,0.0,1.1800940036773682,2.885908842086792,0.18340589106082916,0.0,0.4017530679702759,1
4,20270014,de,34.676177978515625,300,0.28089228412136436,16.392841339111328,0.43422563502099365,0.0,0.8840987086296082,13.606110572814941,3.1607794761657715,0.19812272489070892,0.0,-0.7084686756134033,0
4,20270015,full,31.025310516357422,300,1.0869120801799,12.760193824768066,1.4659538101404905,0.06179842725396156,0.09036444127559662,13.661490440368652,2.7204110622406006,0.26509836316108704,0.0,-0.47508183121681213,0
4,20270015,anchor_only,31.025310516357422,300,0.2953137098811567,12.760193824768066,1.4659538101404905,0.06179842725396156,0.09036444127559662,13.661490440368652,2.7204110622406006,0.26509836316108704,0.0,-0.47508183121681213,0
4,20270015,no_residual,30.685583114624023,300,0.997651879908517,13.185901641845703,1.543886769853998,0.08918408304452896,0.10201220214366913,12.697444915771484,2.78688383102417,0.2802671194076538,0.0,-0.5087213516235352,0
4,20270015,score_only,21.706621170043945,300,1.1696874320041388,12.965944290161133,1.1398867453099228,4.290112428861903e-06,0.04513706639409065,4.574868679046631,2.745004892349243,0.2357741892337799,0.0,-0.3476758599281311,0
4,20270015,no_proxy,31.025310516357422,300,0.9886392029002309,12.760193824768066,1.4659538101404905,0.06179842725396156,0.09036444127559662,13.661490440368652,2.7204110622406006,0.26509836316108704,0.0,-0.47508183121681213,0
4,20270015,cma_es,18.625520706176758,300,0.25892945006489754,13.922110557556152,0.35768805817067884,0.0,0.0,1.266988754272461,2.8586535453796387,0.22008004784584045,0.0,0.25005626678466797,1
4,20270015,de,35.011985778808594,300,0.1994080189615488,18.59653663635254,0.7300865454609837,0.0,0.25873205065727234,11.760573387145996,3.438451051712036,0.2276085466146469,0.0,-0.4597756564617157,0
4,20270016,full,30.71571159362793,300,1.2279356899671257,12.753771781921387,1.4665142332669348,0.061911195516586304,0.09041496366262436,13.35872745513916,2.7194037437438965,0.2649676501750946,0.0,-0.47528231143951416,0
4,20270016,anchor_only,30.71571159362793,300,0.27761143003590405,12.753771781921387,1.4665142332669348,0.061911195516586304,0.09041496366262436,13.35872745513916,2.7194037437438965,0.2649676501750946,0.0,-0.47528231143951416,0
4,20270016,no_residual,30.71571159362793,300,0.9027647951152176,12.753771781921387,1.4665142332669348,0.061911195516586304,0.09041496366262436,13.35872745513916,2.7194037437438965,0.2649676501750946,0.0,-0.47528231143951416,0
4,20270016,score_only,30.12057113647461,300,1.2283428818918765,13.51778507232666,2.127791551218258,0.004364213906228542,0.0608355775475502,11.290444374084473,2.8446288108825684,0.2747219502925873,0.0,-0.3821931481361389,0
4,20270016,no_proxy,30.71571159362793,300,0.9255703368689865,12.753771781921387,1.4665142332669348,0.061911195516586304,0.09041496366262436,13.35872745513916,2.7194037437438965,0.2649676501750946,0.0,-0.47528231143951416,0
4,20270016,cma_es,22.011415481567383,300,0.26499260403215885,15.074301719665527,0.865246121025743,0.08082718402147293,1.7040712236848776e-06,1.3571773767471313,2.9969162940979004,0.4540243148803711,1.182919979095459,-0.29017752408981323,0
4,20270016,de,33.13045883178711,300,0.1988112621475011,16.493186950683594,0.7610332369804382,0.0,0.21735982270911336,12.34529972076416,3.167182445526123,0.14639820158481598,0.0,-0.6587843298912048,0
4,20270017,full,30.914087295532227,300,1.354826838010922,12.756128311157227,1.465447355818469,0.0614289753139019,0.09021241962909698,13.555981636047363,2.7198500633239746,0.26503798365592957,0.0,-0.47474920749664307,0
4,20270017,anchor_only,30.914087295532227,300,0.2765932639595121,12.756128311157227,1.465447355818469,0.0614289753139019,0.09021241962909698,13.555981636047363,2.7198500633239746,0.26503798365592957,0.0,-0.47474920749664307,0
4,20270017,no_residual,30.914087295532227,300,0.9458196139894426,12.756128311157227,1.465447355818469,0.0614289753139019,0.09021241962909698,13.555981636047363,2.7198500633239746,0.26503798365592957,0.0,-0.47474920749664307,0
4,20270017,score_only,30.914087295532227,300,1.1683600889518857,12.756128311157227,1.465447355818469,0.0614289753139019,0.09021241962909698,13.555981636047363,2.7198500633239746,0.26503798365592957,0.0,-0.47474920749664307,0
4,20270017,no_proxy,30.914087295532227,300,0.878118088003248,12.756128311157227,1.465447355818469,0.0614289753139019,0.09021241962909698,13.555981636047363,2.7198500633239746,0.26503798365592957,0.0,-0.47474920749664307,0
4,20270017,cma_es,18.407215118408203,300,0.2074268190190196,13.761388778686523,0.45269428393139455,0.0,0.0,1.023275375366211,2.8393666744232178,0.33048930764198303,0.0,0.022971272468566895,1
4,20270017,de,25.146833419799805,300,0.16900326102040708,14.861392974853516,1.8229925041957662,8.900690590962768e-05,0.20045778527855873,5.196765422821045,2.971367359161377,0.09376710653305054,0.0,-0.4253008961677551,0
4,20270018,full,31.300949096679688,300,1.1104696388356388,12.757246017456055,1.3312563669751398,0.04478524625301361,0.08280479907989502,14.101791381835938,2.7199923992156982,0.2630728781223297,0.0,-0.45518606901168823,0
4,20270018,anchor_only,31.407184600830078,300,0.2936158641241491,12.760843276977539,1.4672323603590485,0.062175650149583817,0.09051840007305145,14.040806770324707,2.7205214500427246,0.2650849223136902,0.0,-0.47539222240448,0
4,20270018,no_residual,31.300949096679688,300,0.9180733300745487,12.757246017456055,1.3312563669751398,0.04478524625301361,0.08280479907989502,14.101791381835938,2.7199923992156982,0.2630728781223297,0.0,-0.45518606901168823,0
4,20270018,score_only,23.179677963256836,300,1.101818494964391,12.763548851013184,1.4234530160902068,0.04988163709640503,0.08517436683177948,5.876079559326172,2.71962571144104,0.26191335916519165,0.0,-0.4610944986343384,0
4,20270018,no_proxy,31.407184600830078,300,0.9116289590019733,12.760843276977539,1.4672323603590485,0.062175650149583817,0.09051840007305145,14.040806770324707,2.7205214500427246,0.2650849223136902,0.0,-0.47539222240448,0
4,20270018,cma_es,17.613265991210938,300,0.25854687113314867,13.2445707321167,0.2001967248506844,0.0,0.0,1.2610654830932617,2.777348041534424,0.13008515536785126,0.0,0.5280998945236206,1
4,20270018,de,33.35761642456055,300,0.23747407598420978,18.022180557250977,0.856769826263462,0.0,0.022761663421988487,10.485594749450684,3.400087594985962,0.5702196359634399,0.0,-0.23207604885101318,0
4,20270019,full,30.2613468170166,300,1.1260786838829517,12.904891014099121,1.405041922640521,0.042127225548028946,0.08168112486600876,12.819185256958008,2.7411763668060303,0.2672436833381653,0.0,-0.45023468136787415,0
4,20270019,anchor_only,30.332088470458984,300,0.27928104694001377,12.737974166870117,1.4627533374296036,0.061566825956106186,0.09027478843927383,12.998113632202148,2.7168452739715576,0.2645625174045563,0.0,-0.47500497102737427,0
4,20270019,no_residual,30.332088470458984,300,1.0051475919317454,12.737974166870117,1.4627533374296036,0.061566825956106186,0.09027478843927383,12.998113632202148,2.7168452739715576,0.2645625174045563,0.0,-0.47500497102737427,0
4,20270019,score_only,25.519447326660156,300,1.1748459341470152,13.168676376342773,1.6922355114948018,0.20947566628456116,0.1369170844554901,7.275279998779297,2.77358341217041,0.26327839493751526,0.0,-0.5746713876724243,0
4,20270019,no_proxy,30.332088470458984,300,0.9385681028943509,12.737974166870117,1.4627533374296036,0.061566825956106186,0.09027478843927383,12.998113632202148,2.7168452739715576,0.2645625174045563,0.0,-0.47500497102737427,0
4,20270019,cma_es,21.183664321899414,300,0.2710467150900513,14.07923698425293,0.8241741437814198,0.0,0.01844463124871254,2.721609115600586,2.8775084018707275,0.2321626991033554,0.4305291771888733,-0.20609450340270996,0
4,20270019,de,33.812232971191406,300,0.22396810515783727,17.832748413085938,2.3212434634395436,0.5703067183494568,0.19054469466209412,9.264657020568848,3.3279294967651367,0.3048025071620941,0.0,-0.5343436002731323,0
4,20270020,full,30.579044342041016,300,1.3034920010250062,12.75859546661377,1.4653562297171447,0.06191205978393555,0.09041658788919449,13.217690467834473,2.72005033493042,0.26502132415771484,0.0,-0.4753134846687317,0
4,20270020,anchor_only,30.579044342041016,300,0.2836011489853263,12.75859546661377,1.4653562297171447,0.06191205978393555,0.09041658788919449,13.217690467834473,2.72005033493042,0.26502132415771484,0.0,-0.4753134846687317,0
4,20270020,no_residual,30.579044342041016,300,0.9308923659846187,12.75859546661377,1.4653562297171447,0.06191205978393555,0.09041658788919449,13.217690467834473,2.72005033493042,0.26502132415771484,0.0,-0.4753134846687317,0
4,20270020,score_only,28.485450744628906,300,1.1373772621154785,12.795679092407227,1.4317719526588917,0.03917369619011879,0.08029639720916748,11.154335975646973,2.7245001792907715,0.25969183444976807,0.0,-0.4461839199066162,0
4,20270020,no_proxy,30.579044342041016,300,0.8950290658976883,12.75859546661377,1.4653562297171447,0.06191205978393555,0.09041658788919449,13.217690467834473,2.72005033493042,0.26502132415771484,0.0,-0.4753134846687317,0
4,20270020,cma_es,21.160390853881836,300,0.2850176200736314,15.896331787109375,0.000739012429335162,0.0,0.0,1.7975279092788696,3.095559597015381,0.370231956243515,0.0,0.3301008343696594,1
4,20270020,de,40.9714241027832,300,0.2721681029070169,22.263717651367188,1.41483643790707,0.04507187753915787,0.1934177428483963,11.876991271972656,4.149444103240967,1.0279408693313599,0.0,-0.7689543962478638,0
4,20270021,full,30.702030181884766,300,1.095051497919485,12.752652168273926,1.4656000153336208,0.06154072284698486,0.09025604277849197,13.347822189331055,2.7192952632904053,0.26486390829086304,0.0,-0.47478917241096497,0
4,20270021,anchor_only,30.702030181884766,300,0.24276745598763227,12.752652168273926,1.4656000153336208,0.06154072284698486,0.09025604277849197,13.347822189331055,2.7192952632904053,0.26486390829086304,0.0,-0.47478917241096497,0
4,20270021,no_residual,25.080120086669922,300,0.8979165439959615,13.365135192871094,1.9693805146962786,0.24002990126609802,0.1727154552936554,6.3286919593811035,2.791815996170044,0.21235115826129913,0.0,-0.6108709573745728,0
4,20270021,score_only,25.595216751098633,300,1.1661995721515268,13.294830322265625,1.810273112263541,0.2882668077945709,0.1716887652873993,7.004547119140625,2.7844958305358887,0.2411133348941803,0.0,-0.6232929825782776,0
4,20270021,no_proxy,30.702030181884766,300,0.9094137530773878,12.752652168273926,1.4656000153336208,0.06154072284698486,0.09025604277849197,13.347822189331055,2.7192952632904053,0.26486390829086304,0.0,-0.47478917241096497,0
4,20270021,cma_es,18.81949234008789,300,0.25251571694388986,14.107416152954102,0.13381734120136582,0.0,0.0,1.5669472217559814,2.880889892578125,0.13042081892490387,0.0,0.36324501037597656,1
4,20270021,de,31.878244400024414,300,0.2651415260042995,16.657180786132812,1.102560362710058,0.01072580087929964,0.0,10.695484161376953,3.186861753463745,0.18770141899585724,0.037730492651462555,-0.17454302310943604,0
4,20270022,full,30.672500610351562,300,1.2444170899689198,12.729466438293457,1.4620052354002837,0.06190325692296028,0.09043167531490326,13.348573684692383,2.715602159500122,0.2645187973976135,0.0,-0.4756746292114258,0
4,20270022,anchor_only,30.672500610351562,300,0.3084478760138154,12.729466438293457,1.4620052354002837,0.06190325692296028,0.09043167531490326,13.348573684692383,2.715602159500122,0.2645187973976135,0.0,-0.4756746292114258,0
4,20270022,no_residual,30.672500610351562,300,1.0403063821140677,12.729466438293457,1.4620052354002837,0.06190325692296028,0.09043167531490326,13.348573684692383,2.715602159500122,0.2645187973976135,0.0,-0.4756746292114258,0
4,20270022,score_only,30.627290725708008,300,1.2438099309802055,13.075634956359863,1.3884944944875315,0.045376960188150406,0.08321847766637802,12.998955726623535,2.764763593673706,0.27084800601005554,0.0,-0.4542766213417053,0
4,20270022,no_proxy,30.672500610351562,300,0.971751359058544,12.729466438293457,1.4620052354002837,0.06190325692296028,0.09043167531490326,13.348573684692383,2.715602159500122,0.2645187973976135,0.0,-0.4756746292114258,0
4,20270022,cma_es,19.55515480041504,300,0.19075778685510159,13.542459487915039,1.2220709409431338,0.0,0.6380385756492615,1.2523143291473389,2.8130953311920166,0.08717796206474304,0.0,-0.6248188614845276,0
4,20270022,de,37.031883239746094,300,0.21936619887128472,18.066612243652344,0.42349613414113296,0.0,0.002314370358362794,14.562149047851562,3.3559930324554443,0.6213191151618958,0.0,-0.07425826787948608,0
4,20270023,full,22.786914825439453,300,1.1495052699465305,13.066519737243652,1.4993742592632777,0.0012746824650093913,0.05650154501199722,5.178672790527344,2.7559821605682373,0.22858953475952148,0.0,-0.3685913681983948,0
4,20270023,anchor_only,30.377403259277344,300,0.2698984770104289,12.756516456604004,1.4656450974289328,0.0613858625292778,0.09020218998193741,13.018682479858398,2.7198188304901123,0.2651524245738983,0.0,-0.4748820662498474,0
4,20270023,no_residual,30.364389419555664,300,1.050235684029758,12.750665664672852,1.4656751242582686,0.061268262565135956,0.09015712887048721,13.012680053710938,2.718855142593384,0.26508790254592896,0.0,-0.4748431146144867,0
4,20270023,score_only,27.87743377685547,300,1.34227603697218,13.22905445098877,1.372023448639086,0.0022328177001327276,0.05654801428318024,10.19638729095459,2.775486469268799,0.2456999272108078,0.0,-0.37164443731307983,0
4,20270023,no_proxy,30.377403259277344,300,0.9594346079975367,12.756516456604004,1.4656450974289328,0.0613858625292778,0.09020218998193741,13.018682479858398,2.7198188304901123,0.2651524245738983,0.0,-0.4748820662498474,0
4,20270023,cma_es,20.33733558654785,300,0.21058110799640417,14.095071792602539,0.2268397709412966,0.0,0.0013276968384161592,2.3342325687408447,2.879408836364746,0.0938389003276825,0.7066161632537842,-0.07521891593933105,0
4,20270023,de,31.767032623291016,300,0.21175489109009504,16.983434677124023,2.2925469075953515,0.09471911191940308,0.1623634696006775,8.586081504821777,3.2632970809936523,0.38459035754203796,0.0,-0.38236141204833984,0
4,20270024,full,29.963096618652344,300,1.301768674980849,13.090949058532715,1.4237096589640716,0.048561375588178635,0.08525107800960541,12.285028457641602,2.7647688388824463,0.2648293972015381,0.0,-0.4563131630420685,0
4,20270024,anchor_only,30.55610466003418,300,0.28597671398893,12.73386287689209,1.4634994229418226,0.06260932236909866,0.09072049707174301,13.2245512008667,2.716279983520508,0.2645818889141083,0.0,-0.4763185977935791,0
4,20270024,no_residual,30.18682861328125,300,1.1625390390399843,13.05962085723877,1.422077776573133,0.05045485123991966,0.08600836992263794,12.54161548614502,2.762559175491333,0.2644903361797333,0.0,-0.45862942934036255,0
4,20270024,score_only,30.55610466003418,300,1.194568138802424,12.73386287689209,1.4634994229418226,0.06260932236909866,0.09072049707174301,13.2245512008667,2.716279983520508,0.2645818889141083,0.0,-0.4763185977935791,0
4,20270024,no_proxy,30.55610466003418,300,0.9468486770056188,12.73386287689209,1.4634994229418226,0.06260932236909866,0.09072049707174301,13.2245512008667,2.716279983520508,0.2645818889141083,0.0,-0.4763185977935791,0
4,20270024,cma_es,28.370939254760742,300,0.28926255204714835,13.840228080749512,0.7708968264760188,0.002310100244358182,0.11022800207138062,10.344321250915527,2.848827362060547,0.45412909984588623,0.0,-0.37215250730514526,0
4,20270024,de,37.56909942626953,300,0.2608474080916494,18.52422332763672,1.5691034211286952,0.6765671074390411,0.05436912178993225,12.71200942993164,3.6099538803100586,0.42287424206733704,0.0,-0.7157770395278931,0
4,20270025,full,29.329036712646484,300,1.2416811189614236,12.981809616088867,1.509488599956967,0.07091550529003143,0.0941857248544693,11.652297973632812,2.750321865081787,0.2700168192386627,0.0,-0.48092979192733765,0
4,20270025,anchor_only,30.801088333129883,300,0.2768457031343132,12.754766464233398,1.4661069987050723,0.06124269217252731,0.09013234078884125,13.444242477416992,2.7196929454803467,0.26490312814712524,0.0,-0.47450020909309387,0
4,20270025,no_residual,29.412425994873047,300,0.8859588790219277,12.984176635742188,1.5099352426477708,0.0710960328578949,0.0942477434873581,11.732093811035156,2.7507729530334473,0.27010369300842285,0.0,-0.4811529219150543,0
4,20270025,score_only,23.193359375,300,1.1652636299841106,12.954671859741211,2.6865519059431993,0.4440631866455078,0.2180139273405075,3.9107799530029297,2.742560625076294,0.23671676218509674,0.0,-0.7019688487052917,0
4,20270025,no_proxy,30.801088333129883,300,0.8709701939951628,12.754766464233398,1.4661069987050723,0.06124269217252731,0.09013234078884125,13.444242477416992,2.7196929454803467,0.26490312814712524,0.0,-0.47450020909309387,0
4,20270025,cma_es,19.871299743652344,300,0.21329394192434847,14.882650375366211,0.12442128174006943,0.0,0.21401309967041016,1.4006739854812622,2.9739181995391846,0.25968432426452637,0.015937257558107376,-0.6851146817207336,0
4,20270025,de,30.83527946472168,300,0.26088007586076856,18.53342056274414,0.4035666054576268,0.0,0.0,8.08702564239502,3.444730043411255,0.36653605103492737,0.0,0.15344780683517456,1
4,20270026,full,28.932735443115234,300,1.226230383850634,12.893864631652832,1.5235210130631458,0.0620030052959919,0.09044195711612701,11.354162216186523,2.7433695793151855,0.26537391543388367,0.0,-0.47507426142692566,0
4,20270026,anchor_only,30.599430084228516,300,0.2764488791581243,12.75487995147705,1.4651991006103344,0.061405133455991745,0.0902014672756195,13.243209838867188,2.7195746898651123,0.2649613320827484,0.0,-0.47469964623451233,0
4,20270026,no_residual,30.599430084228516,300,1.000638360856101,12.75487995147705,1.4651991006103344,0.061405133455991745,0.0902014672756195,13.243209838867188,2.7195746898651123,0.2649613320827484,0.0,-0.47469964623451233,0
4,20270026,score_only,23.995908737182617,300,1.2155861009377986,12.943509101867676,1.2609798579942435,0.017584381625056267,0.06896962225437164,6.708407402038574,2.7412211894989014,0.2552371323108673,0.0,-0.41190171241760254,0
4,20270026,no_proxy,30.599430084228516,300,0.9917670779395849,12.75487995147705,1.4651991006103344,0.061405133455991745,0.0902014672756195,13.243209838867188,2.7195746898651123,0.2649613320827484,0.0,-0.47469964623451233,0
4,20270026,cma_es,19.488258361816406,300,0.31775852595455945,14.157453536987305,0.2564862174913294,0.0,0.0,2.010392427444458,2.8868942260742188,0.17703336477279663,0.0,0.40915048122406006,1
4,20270026,de,23.955015182495117,300,0.2489936368074268,14.281415939331055,0.45718684839084744,0.0,0.0,6.108969688415527,2.9017701148986816,0.2056739181280136,0.0,0.5899969339370728,1
4,20270027,full,21.951122283935547,300,1.1965096939820796,13.054208755493164,2.6143650815356914,0.33449786901474,0.21127398312091827,2.7480993270874023,2.754505157470703,0.23417262732982635,0.0,-0.6629241704940796,0
4,20270027,anchor_only,30.844600677490234,300,0.27304814592935145,12.745433807373047,1.455244351818692,0.061851609498262405,0.09041593223810196,13.509086608886719,2.7178473472595215,0.26472029089927673,0.0,-0.4757198095321655,0
4,20270027,no_residual,21.961326599121094,300,0.8971339329145849,13.053553581237793,2.6151988275815192,0.33435291051864624,0.21123142540454865,2.7583658695220947,2.7544262409210205,0.234198197722435,0.0,-0.6628347635269165,0
4,20270027,score_only,21.712936401367188,300,1.0516055619809777,12.98544692993164,2.7452669942286243,0.3390099108219147,0.2131565362215042,2.4513351917266846,2.746253728866577,0.23246853053569794,0.0,-0.6628108024597168,0
4,20270027,no_proxy,30.844600677490234,300,0.9532535390462726,12.745433807373047,1.455244351818692,0.061851609498262405,0.09041593223810196,13.509086608886719,2.7178473472595215,0.26472029089927673,0.0,-0.4757198095321655,0
4,20270027,cma_es,22.197114944458008,300,0.22635741205886006,16.06102180480957,0.00138969845534126,0.0,0.0,2.2994492053985596,3.1153228282928467,0.7199315428733826,0.0,0.07054340839385986,1
4,20270027,de,36.63430404663086,300,0.20391316898167133,16.850191116333008,0.8610999649078259,0.3298349380493164,0.0,14.157750129699707,3.244159460067749,1.0055922269821167,0.18567822873592377,-0.6143303513526917,0
4,20270028,full,29.289688110351562,300,1.190586443990469,15.054426193237305,3.5056733527993673,0.0061373161152005196,0.048876721411943436,7.3968586921691895,3.0551552772521973,0.22256165742874146,0.0,-0.3340216279029846,0
4,20270028,anchor_only,31.460514068603516,300,0.2158755878917873,12.75576400756836,1.4669142860802822,0.06232816353440285,0.09058281779289246,14.100249290466309,2.719705104827881,0.2649705708026886,0.0,-0.4755775034427643,0
4,20270028,no_residual,29.33279037475586,300,0.9677268920931965,15.024744987487793,3.6001622934084,0.003459931816905737,0.04945487529039383,7.381659507751465,3.052372455596924,0.22093495726585388,0.0,-0.3349032402038574,0
4,20270028,score_only,30.00762176513672,300,1.2061195150017738,15.309141159057617,3.313386983516054,0.03957661986351013,0.040280189365148544,7.989253997802734,3.0976359844207764,0.21834729611873627,0.0,-0.3018549680709839,0
4,20270028,no_proxy,31.460514068603516,300,0.9758574299048632,12.75576400756836,1.4669142860802822,0.06232816353440285,0.09058281779289246,14.100249290466309,2.719705104827881,0.2649705708026886,0.0,-0.4755775034427643,0
4,20270028,cma_es,18.835866928100586,300,0.20170348300598562,14.319534301757812,0.10445636045187733,0.0,0.0,1.3204169273376465,2.906343936920166,0.18511603772640228,0.0,0.6117291450500488,1
4,20270028,de,27.552474975585938,300,0.22445906908251345,15.102670669555664,0.2647045844087459,0.0,0.0,8.44818115234375,3.0003204345703125,0.7365995049476624,0.0,0.11327266693115234,1
4,20270029,full,26.122949600219727,300,1.31180823687464,13.78427505493164,0.9294249831582428,0.0,0.0018388181924819946,8.308672904968262,2.8653578758239746,0.23337851464748383,0.0,-0.1423182487487793,0
4,20270029,anchor_only,30.448806762695312,300,0.2737177461385727,12.759695053100586,1.4677580639254302,0.06183161959052086,0.09039516746997833,13.083590507507324,2.720301866531372,0.26523396372795105,0.0,-0.47547972202301025,0
4,20270029,no_residual,30.448806762695312,300,0.9910193108953536,12.759695053100586,1.4677580639254302,0.06183161959052086,0.09039516746997833,13.083590507507324,2.720301866531372,0.26523396372795105,0.0,-0.47547972202301025,0
4,20270029,score_only,22.92124366760254,300,1.2126177891623229,13.098957061767578,2.45250505098505,0.5099355578422546,0.25263524055480957,3.624650001525879,2.7598748207092285,0.22268584370613098,0.0,-0.7540215253829956,0
4,20270029,no_proxy,30.448806762695312,300,0.9897009879350662,12.759695053100586,1.4677580639254302,0.06183161959052086,0.09039516746997833,13.083590507507324,2.720301866531372,0.26523396372795105,0.0,-0.47547972202301025,0
4,20270029,cma_es,19.667722702026367,300,0.30093179107643664,14.303211212158203,0.5824488771275469,0.040373947471380234,0.15277054905891418,1.2755779027938843,2.904385566711426,0.40895211696624756,0.0,-0.7580291628837585,0
4,20270029,de,31.051401138305664,300,0.21902803401462734,15.293954849243164,2.4344732128083706,0.0,0.0,10.246587753295898,3.0232744216918945,0.053109291940927505,0.0,0.06294935941696167,1
5,20270000,full,28.214021682739258,300,1.1150613131467253,12.766661643981934,5.916442230958637,0.0,0.0,6.9644975662231445,2.042665719985962,0.5237545371055603,0.0,0.1148328185081482,1
5,20270000,anchor_only,28.214021682739258,300,0.2738494749646634,12.766661643981934,5.916442230958637,0.0,0.0,6.9644975662231445,2.042665719985962,0.5237545371055603,0.0,0.1148328185081482,1
5,20270000,no_residual,28.214021682739258,300,0.9989067369606346,12.766661643981934,5.916442230958637,0.0,0.0,6.9644975662231445,2.042665719985962,0.5237545371055603,0.0,0.1148328185081482,1
5,20270000,score_only,22.787508010864258,300,1.152080544969067,12.743408203125,6.491522767193601,0.0,0.0,1.013741374015808,2.038945198059082,0.49989160895347595,0.0,0.09888327121734619,1
5,20270000,no_proxy,28.214021682739258,300,0.907710338011384,12.766661643981934,5.916442230958637,0.0,0.0,6.9644975662231445,2.042665719985962,0.5237545371055603,0.0,0.1148328185081482,1
5,20270000,cma_es,18.96718406677246,300,0.25135017605498433,13.931570053100586,0.9687876264259607,0.0,0.0,1.694014549255371,2.229051113128662,0.1437612920999527,0.0,0.024067461490631104,1
5,20270000,de,24.95484161376953,300,0.15462906518951058,15.090164184570312,2.0952909600650855,0.5305957198143005,0.0,4.5995635986328125,2.414426326751709,0.22479990124702454,0.0,-0.5397799611091614,0
5,20270001,full,31.5485782623291,300,1.3740240279585123,12.754096031188965,6.133051599488681,0.0,0.0,10.089557647705078,2.0417933464050293,0.530078113079071,0.0,0.1233946681022644,1
5,20270001,anchor_only,31.5485782623291,300,0.21877569402568042,12.754096031188965,6.133051599488681,0.0,0.0,10.089557647705078,2.0417933464050293,0.530078113079071,0.0,0.1233946681022644,1
5,20270001,no_residual,31.5485782623291,300,0.9446575150359422,12.754096031188965,6.133051599488681,0.0,0.0,10.089557647705078,2.0417933464050293,0.530078113079071,0.0,0.1233946681022644,1
5,20270001,score_only,31.30113410949707,300,1.148317985003814,12.78299617767334,6.038001930219252,0.0,0.0,9.901415824890137,2.0472805500030518,0.5314362645149231,0.0,0.11214298009872437,1
5,20270001,no_proxy,31.5485782623291,300,0.8832849119789898,12.754096031188965,6.133051599488681,0.0,0.0,10.089557647705078,2.0417933464050293,0.530078113079071,0.0,0.1233946681022644,1
5,20270001,cma_es,22.24277114868164,300,0.25275115901604295,15.516361236572266,0.3357570166699593,0.0,0.018859535455703735,3.400508403778076,2.4826178550720215,0.488666296005249,0.0,-0.16988539695739746,0
5,20270001,de,32.708274841308594,300,0.19805404916405678,17.739059448242188,3.012967102229595,0.2574603045359254,0.0,8.441866874694824,2.838249444961548,0.41867560148239136,0.0,-0.4290410876274109,0
5,20270002,full,17.55093765258789,300,1.2042716979049146,13.068714141845703,0.6397267650736467,0.0,0.0,1.6624547243118286,2.090994119644165,0.08904750645160675,0.0,0.2930572032928467,1
5,20270002,anchor_only,30.04664421081543,300,0.26415972295217216,12.746115684509277,6.016662557723976,0.0,0.0,8.714057922363281,2.040154218673706,0.5296537280082703,0.0,0.12236911058425903,1
5,20270002,no_residual,17.55093765258789,300,0.9668460749089718,13.068714141845703,0.6397267650736467,0.0,0.0,1.6624547243118286,2.090994119644165,0.08904750645160675,0.0,0.2930572032928467,1
5,20270002,score_only,17.47849464416504,300,1.1230356148444116,13.053451538085938,0.6165480168201611,0.0,0.0,1.631333351135254,2.088552236557007,0.0886102095246315,0.0,0.29914385080337524,1
5,20270002,no_proxy,30.04664421081543,300,1.0122665078379214,12.746115684509277,6.016662557723976,0.0,0.0,8.714057922363281,2.040154218673706,0.5296537280082703,0.0,0.12236911058425903,1
5,20270002,cma_es,15.801284790039062,300,0.24247817089781165,12.812372207641602,0.7910637081367895,0.0,0.0,0.08636682480573654,2.0499794483184814,0.06150329113006592,0.0,0.41112005710601807,1
5,20270002,de,34.50681686401367,300,0.250643229810521,18.568222045898438,0.5945130866021318,0.0061525567434728146,0.0,11.546936988830566,3.1469316482543945,0.6321210265159607,0.011940495111048222,-0.131855309009552,0
5,20270003,full,23.728759765625,300,1.0801795739680529,12.982207298278809,3.6487618470564485,0.0,0.0,4.508423328399658,2.077153205871582,0.5122150182723999,0.0,0.2672234773635864,1
5,20270003,anchor_only,31.9627685546875,300,0.22350544016808271,12.80319881439209,6.188375979099874,0.0,0.0,10.388765335083008,2.0504722595214844,0.531954824924469,0.0,0.12463194131851196,1
5,20270003,no_residual,23.728759765625,300,0.9146499170456082,12.982207298278809,3.6487618470564485,0.0,0.0,4.508423328399658,2.077153205871582,0.5122150182723999,0.0,0.2672234773635864,1
5,20270003,score_only,30.456090927124023,300,1.1277822239790112,13.904860496520996,3.4478812451961858,0.0,0.0,10.244016647338867,2.2888965606689453,0.5704365968704224,0.0,0.2950437664985657,1
5,20270003,no_proxy,31.9627685546875,300,1.0417578530032188,12.80319881439209,6.188375979099874,0.0,0.0,10.388765335083008,2.0504722595214844,0.531954824924469,0.0,0.12463194131851196,1
5,20270003,cma_es,20.731531143188477,300,0.2916601859033108,14.020087242126465,1.3276474168724732,0.0009612762951292098,0.0,2.5244140625,2.2432138919830322,0.615208089351654,0.0,-0.0328211784362793,0
5,20270003,de,25.24329376220703,300,0.28331622993573546,15.022868156433105,1.3362272405316125,0.0,0.0,5.9486212730407715,2.403658866882324,0.5319178104400635,0.0,0.17509478330612183,1
5,20270004,full,20.674020767211914,300,1.1898365470115095,13.10847282409668,3.635059641085718,0.0,0.0,1.4417086839675903,2.097355604171753,0.3914235234260559,0.0,0.2845607399940491,1
5,20270004,anchor_only,31.596553802490234,300,0.22182988608255982,12.749279022216797,6.118754945075125,0.0,0.0,10.158157348632812,2.0407168865203857,0.5296450853347778,0.0,0.12384319305419922,1
5,20270004,no_residual,20.698915481567383,300,0.8810546901077032,13.110937118530273,3.5929617134126026,0.0,0.0,1.5077664852142334,2.097749948501587,0.3894991874694824,0.0,0.2883531451225281,1
5,20270004,score_only,22.135812759399414,300,1.1768352480139583,13.18536376953125,3.57700347071534,0.0,0.0,2.8555145263671875,2.1096582412719727,0.4082742929458618,0.0,0.2862524390220642,1
5,20270004,no_proxy,31.596553802490234,300,0.9445025220047683,12.749279022216797,6.118754945075125,0.0,0.0,10.158157348632812,2.0407168865203857,0.5296450853347778,0.0,0.12384319305419922,1
5,20270004,cma_es,17.722366333007812,300,0.32543718395754695,13.684124946594238,0.9218195678154077,0.0,0.0,0.6759706735610962,2.189460039138794,0.25099021196365356,0.0,0.37471193075180054,1
5,20270004,de,37.421348571777344,300,0.235408236971125,18.747905731201172,2.4137192805649117,0.2909986823797226,0.0,12.555280685424805,2.999664783477783,0.4137783348560333,0.0,-0.3709614872932434,0
5,20270005,full,30.023574829101562,300,1.1365809829439968,12.978643417358398,6.4806471409947335,0.0,0.0,7.9478440284729,2.0889432430267334,0.5274989008903503,0.0,0.14501655101776123,1
5,20270005,anchor_only,31.421306610107422,300,0.2546663780231029,12.751529693603516,6.1270469330920605,0.0,0.0,9.971599578857422,2.041093111038208,0.5300360321998596,0.0,0.12374961376190186,1
5,20270005,no_residual,29.888593673706055,300,1.042259408859536,12.98337173461914,6.420624620282979,0.0,0.0,7.869818687438965,2.0898303985595703,0.5249487161636353,0.0,0.1621866226196289,1
5,20270005,score_only,30.48893928527832,300,1.0972620421089232,13.390237808227539,4.514326221735246,0.0,0.0,9.918966293334961,2.1760292053222656,0.4893799424171448,0.0,0.2183765172958374,1
5,20270005,no_proxy,31.421306610107422,300,1.0708817651029676,12.751529693603516,6.1270469330920605,0.0,0.0,9.971599578857422,2.041093111038208,0.5300360321998596,0.0,0.12374961376190186,1
5,20270005,cma_es,20.859880447387695,300,0.23175330902449787,13.186698913574219,3.6463888811026766,0.5917844772338867,0.0,1.1947929859161377,2.1098718643188477,0.13034282624721527,0.0,-0.5029764771461487,0
5,20270005,de,28.11907958984375,300,0.23703175294212997,16.5515193939209,0.5816183360694822,0.0,0.0,8.03317928314209,2.648242950439453,0.3045206069946289,0.0,0.09929344058036804,1
5,20270006,full,28.128501892089844,300,1.2879215041175485,13.132875442504883,5.246782588037604,0.0,0.0,7.1666460037231445,2.10125994682312,0.4809390604496002,0.0,0.04355365037918091,1
5,20270006,anchor_only,31.49850082397461,300,0.31538794795051217,12.76116943359375,6.144429633863183,0.0,0.0,10.019421577453613,2.043123483657837,0.5303561091423035,0.0,0.12403303384780884,1
5,20270006,no_residual,23.892467498779297,300,0.9065641579218209,12.846946716308594,4.380778124334029,0.0,0.0,4.15847110748291,2.055511474609375,0.45076000690460205,0.0,0.1927061676979065,1
5,20270006,score_only,27.42131996154785,300,1.2517112670466304,13.072176933288574,5.6422188119686325,0.0,0.0,6.157228469848633,2.091548204421997,0.4581477642059326,0.0,0.014729797840118408,1
5,20270006,no_proxy,31.49850082397461,300,1.014713163021952,12.76116943359375,6.144429633863183,0.0,0.0,10.019421577453613,2.043123483657837,0.5303561091423035,0.0,0.12403303384780884,1
5,20270006,cma_es,20.971588134765625,300,0.2673639671411365,14.193187713623047,1.775510415528558,0.02516503632068634,0.12227851152420044,2.2922022342681885,2.2709100246429443,0.29233282804489136,0.0,-0.4478631615638733,0
5,20270006,de,24.930545806884766,300,0.2052163619082421,18.034557342529297,0.00010877817476814822,0.0,0.0,2.684772253036499,2.885529041290283,1.3255789279937744,0.0,1.424149751663208,1
5,20270007,full,28.548452377319336,300,1.1836143359541893,13.200407028198242,5.558201804684359,0.0,0.0,7.2209649085998535,2.112065076828003,0.4568130075931549,0.0,0.10798412561416626,1
5,20270007,anchor_only,31.67641830444336,300,0.22955184988677502,12.738234519958496,6.052277311013313,0.0,0.0,10.318574905395508,2.0384631156921387,0.5288676619529724,0.0,0.12330818176269531,1
5,20270007,no_residual,29.456146240234375,300,0.9810444789472967,13.085269927978516,4.810682389561407,0.0,0.0,9.033378601074219,2.096491575241089,0.4303237199783325,0.0,0.13536089658737183,1
5,20270007,score_only,23.241235733032227,300,1.2625429050531238,12.863941192626953,5.257586150750285,0.0,0.0,2.5890374183654785,2.0582306385040283,0.47244155406951904,0.0,0.16300296783447266,1
5,20270007,no_proxy,31.67641830444336,300,0.9529063629452139,12.738234519958496,6.052277311013313,0.0,0.0,10.318574905395508,2.0384631156921387,0.5288676619529724,0.0,0.12330818176269531,1
5,20270007,cma_es,15.902359008789062,300,0.2692066191229969,12.858633041381836,0.3175716878758976,0.0,0.0,0.5254523158073425,2.0573811531066895,0.1433202475309372,0.0,0.4415270686149597,1
5,20270007,de,35.07431411743164,300,0.1881781502161175,19.497142791748047,1.958657217968721,0.23941481113433838,0.006016667000949383,9.9390287399292,3.185032367706299,0.24902480840682983,0.0,-0.3613247275352478,0
5,20270009,full,29.05442237854004,300,1.2134185619652271,12.888226509094238,5.811602670080902,0.0,0.0,7.76470947265625,2.0621161460876465,0.5277666449546814,0.0,0.12376648187637329,1
5,20270009,anchor_only,31.619760513305664,300,0.3345267481636256,12.786337852478027,6.208634273290954,0.0,0.0,10.045130729675293,2.0477447509765625,0.5319115519523621,0.0,0.12401145696640015,1
5,20270009,no_residual,31.619760513305664,300,0.8275899100117385,12.786337852478027,6.208634273290954,0.0,0.0,10.045130729675293,2.0477447509765625,0.5319115519523621,0.0,0.12401145696640015,1
5,20270009,score_only,20.26031494140625,300,1.089626878965646,13.22494125366211,3.313138778762209,0.0,0.0,1.2398686408996582,2.11599063873291,0.3663758337497711,0.0,0.21999168395996094,1
5,20270009,no_proxy,31.619760513305664,300,0.961206431966275,12.786337852478027,6.208634273290954,0.0,0.0,10.045130729675293,2.0477447509765625,0.5319115519523621,0.0,0.12401145696640015,1
5,20270009,cma_es,17.6832218170166,300,0.24649169412441552,14.099159240722656,0.21938957087695998,0.0,0.0,0.7584571242332458,2.2558653354644775,0.35034865140914917,0.0,0.42380696535110474,1
5,20270009,de,33.161075592041016,300,0.2075092599261552,19.51275634765625,0.1757619455479358,0.0,0.0,9.592934608459473,3.198342800140381,0.6812801957130432,0.0,0.4537648558616638,1
5,20270008,full,32.22365188598633,300,1.1235136000905186,12.754322052001953,6.115798226786865,0.0,0.0,10.781710624694824,2.041862964630127,0.5299572348594666,0.0,0.12267732620239258,1
5,20270008,anchor_only,32.22365188598633,300,0.32018497004173696,12.754322052001953,6.115798226786865,0.0,0.0,10.781710624694824,2.041862964630127,0.5299572348594666,0.0,0.12267732620239258,1
5,20270008,no_residual,32.22365188598633,300,1.0383286839351058,12.754322052001953,6.115798226786865,0.0,0.0,10.781710624694824,2.041862964630127,0.5299572348594666,0.0,0.12267732620239258,1
5,20270008,score_only,28.211585998535156,300,1.1277551020029932,12.805752754211426,5.956720904212489,0.0,0.0,6.86718225479126,2.052149772644043,0.5297812819480896,0.0,0.1420809030532837,1
5,20270008,no_proxy,32.22365188598633,300,1.0260266661643982,12.754322052001953,6.115798226786865,0.0,0.0,10.781710624694824,2.041862964630127,0.5299572348594666,0.0,0.12267732620239258,1
5,20270008,cma_es,20.98410987854004,300,0.1996553409844637,13.70903205871582,0.34560661736509246,0.0,0.0,4.362979412078857,2.1934449672698975,0.3730469346046448,0.0,0.12684130668640137,1
5,20270008,de,28.17931365966797,300,0.22224846598692238,16.300289154052734,1.7251239717085358,0.0,0.0,7.217689037322998,2.6131584644317627,0.32305067777633667,0.0,0.1552150845527649,1
5,20270010,full,31.31315040588379,300,1.122066411189735,13.521001815795898,4.787382438749773,0.0,0.0,10.26634407043457,2.1870903968811035,0.5513328313827515,0.0,0.19499820470809937,1
5,20270010,anchor_only,31.50156021118164,300,0.1961098238825798,12.752802848815918,6.129002762560049,0.0,0.0,10.048176765441895,2.0414905548095703,0.5300888419151306,0.0,0.12345004081726074,1
5,20270010,no_residual,31.31315040588379,300,0.956590395886451,13.521001815795898,4.787382438749773,0.0,0.0,10.26634407043457,2.1870903968811035,0.5513328313827515,0.0,0.19499820470809937,1
5,20270010,score_only,28.209842681884766,300,1.1757719749584794,13.03384780883789,4.862422427526326,0.0,0.0,7.703332424163818,2.0924296379089355,0.5178090333938599,0.0,0.12293338775634766,1
5,20270010,no_proxy,31.50156021118164,300,0.8605401290114969,12.752802848815918,6.129002762560049,0.0,0.0,10.048176765441895,2.0414905548095703,0.5300888419151306,0.0,0.12345004081726074,1
5,20270010,cma_es,21.830108642578125,300,0.2850429199170321,14.245795249938965,1.5710697696171285,0.0,0.0,3.526895046234131,2.279327154159546,0.20702211558818817,0.0,0.011577010154724121,1
5,20270010,de,33.449493408203125,300,0.2378784050233662,19.828388214111328,0.6306497239152903,0.07325700670480728,0.0,8.970386505126953,3.172542095184326,0.7742694616317749,0.0,-0.2573089301586151,0
5,20270011,full,23.055343627929688,300,1.1585308201611042,13.264432907104492,2.8036117913288763,0.0,0.0,4.493860244750977,2.1223092079162598,0.37112918496131897,0.0,0.28129488229751587,1
5,20270011,anchor_only,32.16286849975586,300,0.30769595107994974,12.752216339111328,6.118429319059942,0.0,0.0,10.721010208129883,2.0413639545440674,0.5298498272895813,0.0,0.12242019176483154,1
5,20270011,no_residual,24.764108657836914,300,0.9922110377810895,13.111177444458008,3.995132336538518,0.0,0.0,5.137310981750488,2.0977883338928223,0.4226982295513153,0.0,0.2315928339958191,1
5,20270011,score_only,23.055343627929688,300,1.1679752359632403,13.264432907104492,2.8036117913288763,0.0,0.0,4.493860244750977,2.1223092079162598,0.37112918496131897,0.0,0.28129488229751587,1
5,20270011,no_proxy,32.16286849975586,300,1.0360417980700731,12.752216339111328,6.118429319059942,0.0,0.0,10.721010208129883,2.0413639545440674,0.5298498272895813,0.0,0.12242019176483154,1
5,20270011,cma_es,18.194013595581055,300,0.2609942960552871,13.902582168579102,0.3827090003131126,0.0,0.0,1.1129474639892578,2.2244131565093994,0.5713609457015991,0.0,0.4183977246284485,1
5,20270011,de,37.53165817260742,300,0.24120473908260465,21.601396560668945,0.4143195562065512,0.0,0.0,10.387944221496582,3.7606685161590576,1.3673288822174072,0.0,0.32020121812820435,1
5,20270012,full,20.66185760498047,300,1.207980768987909,12.891993522644043,3.078773677581921,0.0,0.0,2.2110037803649902,2.0627188682556152,0.41736850142478943,0.0,0.24180448055267334,1
5,20270012,anchor_only,28.842809677124023,300,0.3031501059886068,16.457670211791992,0.9493104539976684,0.01830463483929634,0.5300028324127197,7.530930519104004,2.6701295375823975,0.6864621639251709,0.0,-0.7967575192451477,0
5,20270012,no_residual,21.501522064208984,300,0.9414734640158713,12.998655319213867,3.309026847127825,0.0,0.0,2.722956657409668,2.079784870147705,0.39109763503074646,0.0,0.08061295747756958,1
5,20270012,score_only,20.66185760498047,300,1.1342455400153995,12.891993522644043,3.078773677581921,0.0,0.0,2.2110037803649902,2.0627188682556152,0.41736850142478943,0.0,0.24180448055267334,1
5,20270012,no_proxy,28.29976463317871,300,0.9920068739447743,16.2764949798584,1.0014978796706941,0.02795219048857689,0.49411018192768097,7.196099281311035,2.6306440830230713,0.6729660630226135,0.0,-0.7728040218353271,0
5,20270012,cma_es,18.586811065673828,300,0.3938140000682324,14.413597106933594,0.6413199346440754,0.003078620648011565,0.03742457181215286,0.7933928966522217,2.306175470352173,0.3918211758136749,0.0,-0.24417263269424438,0
5,20270012,de,28.842809677124023,300,0.2340256341267377,16.457670211791992,0.9493104539976684,0.01830463483929634,0.5300028324127197,7.530930519104004,2.6701295375823975,0.6864621639251709,0.0,-0.7967575192451477,0
5,20270013,full,32.15957260131836,300,1.2797803189605474,12.754521369934082,6.11854622300234,0.0,0.0,10.71479606628418,2.041766405105591,0.5299421548843384,0.0,0.12268590927124023,1
5,20270013,anchor_only,32.13726806640625,300,0.2188724922016263,12.753266334533691,6.116159542454625,0.0,0.0,10.696426391601562,2.0415077209472656,0.5299072861671448,0.0,0.12279444932937622,1
5,20270013,no_residual,32.15957260131836,300,0.9191711978055537,12.754521369934082,6.11854622300234,0.0,0.0,10.71479606628418,2.041766405105591,0.5299421548843384,0.0,0.12268590927124023,1
5,20270013,score_only,24.604400634765625,300,1.108907167101279,13.153730392456055,4.411788470959436,0.0,0.0,4.485261917114258,2.1045968532562256,0.44902393221855164,0.0,0.023761332035064697,1
5,20270013,no_proxy,32.13726806640625,300,0.9414936339017004,12.753266334533691,6.116159542454625,0.0,0.0,10.696426391601562,2.0415077209472656,0.5299072861671448,0.0,0.12279444932937622,1
5,20270013,cma_es,19.005950927734375,300,0.2490988769568503,13.72816276550293,0.6049253773380769,0.0,0.015127519145607948,2.022613286972046,2.1965060234069824,0.43861621618270874,0.0,-0.17474210262298584,0
5,20270013,de,28.93760871887207,300,0.23522128211334348,15.46375560760498,1.5278559248740748,0.4335203766822815,0.15512819588184357,8.49329948425293,2.47420072555542,0.38984665274620056,0.0,-0.5926892757415771,0
5,20270014,full,32.204498291015625,300,1.1486833370290697,12.760844230651855,6.154025374429693,0.0,0.0,10.716636657714844,2.043333053588867,0.5296582579612732,0.0,0.12341678142547607,1
5,20270014,anchor_only,32.204498291015625,300,0.27580211497843266,12.760844230651855,6.154025374429693,0.0,0.0,10.716636657714844,2.043333053588867,0.5296582579612732,0.0,0.12341678142547607,1
5,20270014,no_residual,30.707826614379883,300,0.9588194591924548,13.117816925048828,6.0313923240682925,0.0,0.0,8.887500762939453,2.1178183555603027,0.5532963275909424,0.0,0.17975711822509766,1
5,20270014,score_only,30.317564010620117,300,1.0869474008213729,13.159994125366211,6.026066872935189,0.0,0.0,8.454753875732422,2.1262567043304443,0.5504913926124573,0.0,0.16973119974136353,1
5,20270014,no_proxy,32.204498291015625,300,0.9559169160202146,12.760844230651855,6.154025374429693,0.0,0.0,10.716636657714844,2.043333053588867,0.5296582579612732,0.0,0.12341678142547607,1
5,20270014,cma_es,18.593795776367188,300,0.22565329098142684,14.179244995117188,0.7411788217723446,0.0,0.0,1.053445816040039,2.268679141998291,0.35124874114990234,0.0,0.17980104684829712,1
5,20270014,de,31.091461181640625,300,0.18012007302604616,16.392841339111328,1.0548134130658582,0.0,0.023779168725013733,10.58253002166748,2.6412529945373535,0.39624544978141785,0.0,-0.1427546739578247,0
5,20270015,full,31.346925735473633,300,1.2626408198848367,13.332023620605469,5.170654430930881,0.0,0.0,10.139835357666016,2.1597447395324707,0.5446677207946777,0.0,0.16590207815170288,1
5,20270015,anchor_only,31.743656158447266,300,0.2639023100491613,12.752639770507812,6.1151823980981135,0.0,0.0,10.304402351379395,2.041398763656616,0.5300309062004089,0.0,0.12255793809890747,1
5,20270015,no_residual,31.609655380249023,300,1.1675981858279556,12.750606536865234,6.106946376292399,0.0,0.0,10.18131160736084,2.0409913063049316,0.5297995805740356,0.0,0.12298285961151123,1
5,20270015,score_only,31.726993560791016,300,1.2276192749850452,12.756269454956055,6.136744182538678,0.0,0.0,10.261775970458984,2.0420374870300293,0.5301657915115356,0.0,0.12276142835617065,1
5,20270015,no_proxy,31.743656158447266,300,0.906866520177573,12.752639770507812,6.1151823980981135,0.0,0.0,10.304402351379395,2.041398763656616,0.5300309062004089,0.0,0.12255793809890747,1
5,20270015,cma_es,18.864656448364258,300,0.2191658429801464,14.349563598632812,0.10556257330762969,0.0,0.0,1.6829640865325928,2.2959301471710205,0.43063631653785706,0.0,0.5620494484901428,1
5,20270015,de,32.05286407470703,300,0.31135708512738347,15.267565727233887,2.551576922647655,0.5647050114348531,0.0,10.784682273864746,2.480241537094116,0.40409332513809204,0.0,-0.594463586807251,0
5,20270016,full,31.925155639648438,300,1.2330272358376533,12.756631851196289,6.136323797409204,0.0,0.0,10.459903717041016,2.0421905517578125,0.5301060080528259,0.0,0.12273275852203369,1
5,20270016,anchor_only,31.925155639648438,300,0.2724735599476844,12.756631851196289,6.136323797409204,0.0,0.0,10.459903717041016,2.0421905517578125,0.5301060080528259,0.0,0.12273275852203369,1
5,20270016,no_residual,31.925155639648438,300,0.9740259710233659,12.756631851196289,6.136323797409204,0.0,0.0,10.459903717041016,2.0421905517578125,0.5301060080528259,0.0,0.12273275852203369,1
5,20270016,score_only,27.970046997070312,300,1.179090715944767,13.380816459655762,6.940517826296855,0.04218276360188611,0.0,4.9501776695251465,2.140930652618408,0.5154207348823547,0.0,-0.10323572158813477,0
5,20270016,no_proxy,31.925155639648438,300,1.0132787588518113,12.756631851196289,6.136323797409204,0.0,0.0,10.459903717041016,2.0421905517578125,0.5301060080528259,0.0,0.12273275852203369,1
5,20270016,cma_es,17.98246955871582,300,0.2420392648782581,14.178423881530762,0.07039886713031185,0.0,0.0,0.8373100161552429,2.268547773361206,0.6277877688407898,0.0,0.7175124287605286,1
5,20270016,de,26.501047134399414,300,0.20425718813203275,14.972685813903809,2.078402180923149,0.02559367148205638,0.0,6.8505377769470215,2.395629644393921,0.17819812893867493,0.0,-0.12881630659103394,0
5,20270017,full,31.475162506103516,300,1.3877316049765795,13.381392478942871,3.60686329996679,0.0,0.0,11.799308776855469,2.169992208480835,0.5176070928573608,0.0,0.1781889796257019,1
5,20270017,anchor_only,32.13871383666992,300,0.26808295911177993,12.752081871032715,6.11987637983475,0.0,0.0,10.695647239685059,2.0413527488708496,0.5297548770904541,0.0,0.12287402153015137,1
5,20270017,no_residual,31.475162506103516,300,0.9241235950030386,13.381392478942871,3.60686329996679,0.0,0.0,11.799308776855469,2.169992208480835,0.5176070928573608,0.0,0.1781889796257019,1
5,20270017,score_only,29.77678108215332,300,1.1134409690275788,13.356924057006836,3.9836809782136697,0.0,0.0,9.74079418182373,2.164365530014038,0.5310180187225342,0.0,0.2045423984527588,1
5,20270017,no_proxy,32.13871383666992,300,0.958438309142366,12.752081871032715,6.11987637983475,0.0,0.0,10.695647239685059,2.0413527488708496,0.5297548770904541,0.0,0.12287402153015137,1
5,20270017,cma_es,19.13896369934082,300,0.19442676403559744,14.422677040100098,0.06823424249917484,0.0,0.0,1.972741723060608,2.3076283931732178,0.3676813542842865,0.0,0.6841337084770203,1
5,20270017,de,31.89727783203125,300,0.20023398380726576,18.099706649780273,1.2594945695554998,0.0010744871105998755,0.0,9.303197860717773,2.8959529399871826,0.337853342294693,0.0,-0.25905895233154297,0
5,20270019,full,31.474233627319336,300,1.0110121939796954,12.768875122070312,6.184325041298507,0.0,0.0,9.94559097290039,2.0446603298187256,0.5307826399803162,0.0,0.12571853399276733,1
5,20270019,anchor_only,31.474233627319336,300,0.30881850398145616,12.768875122070312,6.184325041298507,0.0,0.0,9.94559097290039,2.0446603298187256,0.5307826399803162,0.0,0.12571853399276733,1
5,20270019,no_residual,31.474233627319336,300,0.8756048998329788,12.768875122070312,6.184325041298507,0.0,0.0,9.94559097290039,2.0446603298187256,0.5307826399803162,0.0,0.12571853399276733,1
5,20270019,score_only,30.330127716064453,300,1.0851513070520014,12.851944923400879,6.182921847645048,0.0,0.0,8.710343360900879,2.056994676589966,0.527923583984375,0.0,0.12713629007339478,1
5,20270019,no_proxy,31.474233627319336,300,0.8711438879836351,12.768875122070312,6.184325041298507,0.0,0.0,9.94559097290039,2.0446603298187256,0.5307826399803162,0.0,0.12571853399276733,1
5,20270019,cma_es,17.18657875061035,300,0.21985992486588657,13.209155082702637,0.2682939055375755,0.0,0.0,1.4476655721664429,2.113464832305908,0.14799802005290985,0.0,0.4121396541595459,1
5,20270019,de,35.42634582519531,300,0.2499794929753989,18.691164016723633,1.6322135034822436,0.046610984951257706,0.0,10.58712100982666,3.238095998764038,0.9981066584587097,0.2330320179462433,-0.18007805943489075,0
5,20270018,full,31.140047073364258,300,1.2247809281107038,13.559954643249512,4.613659008056857,0.0,0.0,10.296348571777344,2.208876609802246,0.46120670437812805,0.0,0.021104633808135986,1
5,20270018,anchor_only,32.25028610229492,300,0.23885028716176748,12.756586074829102,6.118704270902526,0.0,0.0,10.802823066711426,2.042261838912964,0.5299111604690552,0.0,0.12287640571594238,1
5,20270018,no_residual,30.66910743713379,300,0.9230945520102978,13.190478324890137,5.395905155623041,0.0,0.0,9.463521003723145,2.1302645206451416,0.4889392852783203,0.0,0.0629265308380127,1
5,20270018,score_only,25.34699821472168,300,1.1175286290235817,13.803536415100098,3.7585419323295355,0.1629415899515152,0.0,5.1651811599731445,2.2085657119750977,0.24823130667209625,0.0,-0.21297448873519897,0
5,20270018,no_proxy,32.25028610229492,300,0.9898992220405489,12.756586074829102,6.118704270902526,0.0,0.0,10.802823066711426,2.042261838912964,0.5299111604690552,0.0,0.12287640571594238,1
5,20270018,cma_es,20.235702514648438,300,0.27264546579681337,13.63771915435791,2.592554868723434,0.11410616338253021,0.0,1.380109190940857,2.182034969329834,0.3291780650615692,0.0,-0.17239978909492493,0
5,20270018,de,25.12298583984375,300,0.21622197097167373,14.3951997756958,0.3661140632824349,0.0,0.43486711382865906,6.892704486846924,2.342251777648926,0.6264664530754089,0.06538216024637222,-0.42257165908813477,0
5,20270020,full,31.89102554321289,300,1.2256117130164057,12.756077766418457,6.119875877318918,0.0,0.0,10.443113327026367,2.041933298110962,0.530025064945221,0.0,0.12240809202194214,1
5,20270020,anchor_only,31.84632682800293,300,0.2384729329496622,12.758476257324219,6.123027507168445,0.0,0.0,10.39232063293457,2.0424399375915527,0.5300617814064026,0.0,0.12251245975494385,1
5,20270020,no_residual,31.93794822692871,300,1.0027546221390367,12.784159660339355,6.154229872036012,0.0,0.0,10.421625137329102,2.04854416847229,0.5293912291526794,0.0,0.12137985229492188,1
5,20270020,score_only,30.142807006835938,300,1.0887417260091752,13.543254852294922,3.1414215865079314,0.0,0.0,10.736283302307129,2.203512668609619,0.5183352828025818,0.0,0.2047175168991089,1
5,20270020,no_proxy,31.84632682800293,300,1.215215845964849,12.758476257324219,6.123027507168445,0.0,0.0,10.39232063293457,2.0424399375915527,0.5300617814064026,0.0,0.12251245975494385,1
5,20270020,cma_es,16.737472534179688,300,0.40827248292043805,13.324859619140625,0.28187266371389796,0.0,0.014941059052944183,0.8235945105552673,2.1319775581359863,0.16022658348083496,0.0,-0.13934147357940674,0
5,20270020,de,32.44502258300781,300,0.3402747130021453,16.312326431274414,0.9039010388770663,0.01894121803343296,0.057092536240816116,10.789072036743164,2.6281180381774902,1.3734073638916016,0.3621618151664734,-0.6352126598358154,0
5,20270021,full,29.562952041625977,300,1.2325159560423344,13.423882484436035,3.991921844782155,0.0,0.0,9.405173301696777,2.1760380268096924,0.5659369826316833,0.0,0.21992552280426025,1
5,20270021,anchor_only,31.801156997680664,300,0.258573689032346,12.751867294311523,6.149411328024144,0.0,0.0,10.328241348266602,2.041346788406372,0.5302889347076416,0.0,0.12155520915985107,1
5,20270021,no_residual,28.267030715942383,300,0.8794669990893453,13.407402038574219,3.7357776789795025,0.0,0.0,8.38785171508789,2.1757843494415283,0.5602136254310608,0.0,0.3268144130706787,1
5,20270021,score_only,31.751964569091797,300,1.1988810561597347,13.818197250366211,4.695157123089302,0.0,0.0,10.413665771484375,2.2615246772766113,0.5634198188781738,0.0,0.21798092126846313,1
5,20270021,no_proxy,31.801156997680664,300,1.484231871087104,12.751867294311523,6.149411328024144,0.0,0.0,10.328241348266602,2.041346788406372,0.5302889347076416,0.0,0.12155520915985107,1
5,20270021,cma_es,18.154499053955078,300,0.3921556200366467,13.934680938720703,0.7842160192819065,0.0,0.2223549783229828,0.6516609191894531,2.229548931121826,0.3320363461971283,0.0,-0.7535141110420227,0
5,20270021,de,27.68323516845703,300,0.3870271050836891,17.419950485229492,0.3845987381156455,0.00047431275015696883,0.24284186214208603,6.250463962554932,2.7871921062469482,0.5977128744125366,0.0,-0.5434691309928894,0
5,20270022,full,31.594478607177734,300,1.1397120689507574,12.955171585083008,5.8774616548507765,0.0,0.0,10.162353515625,2.080977201461792,0.5185149312019348,0.0,0.15769851207733154,1
5,20270022,anchor_only,32.13117980957031,300,0.21638958901166916,12.754081726074219,6.1292627105576685,0.0,0.0,10.67626667022705,2.0416440963745117,0.5299221873283386,0.0,0.12252694368362427,1
5,20270022,no_residual,31.594478607177734,300,1.0431365692056715,12.955171585083008,5.8774616548507765,0.0,0.0,10.162353515625,2.080977201461792,0.5185149312019348,0.0,0.15769851207733154,1
5,20270022,score_only,29.113439559936523,300,1.8187599659431726,12.985604286193848,5.954839230262223,0.0,0.0,7.5646748542785645,2.087775230407715,0.5205479264259338,0.0,0.17732101678848267,1
5,20270022,no_proxy,32.13117980957031,300,1.2327829010318965,12.754081726074219,6.1292627105576685,0.0,0.0,10.67626667022705,2.0416440963745117,0.5299221873283386,0.0,0.12252694368362427,1
5,20270022,cma_es,20.143476486206055,300,0.3028560010716319,15.203658103942871,0.09669555023062293,0.0,0.05407306179404259,1.6468874216079712,2.4325852394104004,0.7076438665390015,0.0019340774742886424,-0.27214646339416504,0
5,20270022,de,33.76388931274414,300,0.23249402293004096,19.51515007019043,0.7563733573147076,0.0014820474898442626,0.0,9.410590171813965,3.261181354522705,0.819116473197937,0.0,-0.05391499400138855,0
5,20270023,full,31.02900505065918,300,1.2366499418858439,12.753829002380371,6.053310230357965,0.0,0.0,9.651310920715332,2.041095495223999,0.5294596552848816,0.0,0.12281155586242676,1
5,20270023,anchor_only,31.02900505065918,300,0.4167241370305419,12.753829002380371,6.053310230357965,0.0,0.0,9.651310920715332,2.041095495223999,0.5294596552848816,0.0,0.12281155586242676,1
5,20270023,no_residual,31.02900505065918,300,1.4489208909217268,12.753829002380371,6.053310230357965,0.0,0.0,9.651310920715332,2.041095495223999,0.5294596552848816,0.0,0.12281155586242676,1
5,20270023,score_only,29.854084014892578,300,1.299710602965206,13.087170600891113,6.052397126528376,0.0,0.0,8.094974517822266,2.1001875400543213,0.5193542242050171,0.0,0.11096930503845215,1
5,20270023,no_proxy,31.02900505065918,300,1.0630060059484094,12.753829002380371,6.053310230357965,0.0,0.0,9.651310920715332,2.041095495223999,0.5294596552848816,0.0,0.12281155586242676,1
5,20270023,cma_es,21.73967742919922,300,0.2843850259669125,15.280460357666016,0.21332857827584917,0.0,0.29837191104888916,3.1166043281555176,2.444873571395874,0.3860374391078949,0.0,-0.7004528641700745,0
5,20270023,de,32.922454833984375,300,0.24910111213102937,15.297623634338379,3.67086645441016,0.007372223772108555,0.0,10.698719024658203,2.447619676589966,0.8002554178237915,0.0,-0.04316180944442749,0
5,20270024,full,30.600566864013672,300,1.4823582950048149,13.762800216674805,2.5656830723164603,0.0,0.0,11.587498664855957,2.2422003746032715,0.44238489866256714,0.0,0.3297584652900696,1
5,20270024,anchor_only,31.75772476196289,300,0.3560652651358396,12.747748374938965,6.106251846078521,0.0,0.0,10.333779335021973,2.0404434204101562,0.5295019149780273,0.0,0.12343871593475342,1
5,20270024,no_residual,31.75772476196289,300,1.3664551139809191,12.747748374938965,6.106251846078521,0.0,0.0,10.333779335021973,2.0404434204101562,0.5295019149780273,0.0,0.12343871593475342,1
5,20270024,score_only,31.07622528076172,300,1.1479531989898533,14.038276672363281,2.5383733753405977,0.0,0.0,11.724884986877441,2.3073740005493164,0.4673164188861847,0.0,0.4187052845954895,1
5,20270024,no_proxy,31.75772476196289,300,0.9827111209742725,12.747748374938965,6.106251846078521,0.0,0.0,10.333779335021973,2.0404434204101562,0.5295019149780273,0.0,0.12343871593475342,1
5,20270024,cma_es,16.590417861938477,300,0.3935429621487856,13.087930679321289,0.5314574569929391,0.0,0.0,0.6339036226272583,2.094068765640259,0.2430580109357834,0.0,0.16088944673538208,1
5,20270024,de,26.953327178955078,300,0.2624242380261421,15.432281494140625,1.74299704061076,0.0008186729392036796,0.47336605191230774,6.242331027984619,2.4960103034973145,0.5655251741409302,0.0,-0.6794447898864746,0
5,20270025,full,23.801342010498047,300,1.6610324198845774,13.49113941192627,1.6054165111090475,0.0,0.0,6.210123538970947,2.1585822105407715,0.33608001470565796,0.0,0.17934644222259521,1
5,20270025,anchor_only,30.56062889099121,300,0.39755188417620957,14.420395851135254,2.2322541629374917,0.0,0.0,11.175872802734375,2.3280889987945557,0.4040188491344452,0.0,0.18009787797927856,1
5,20270025,no_residual,22.93051528930664,300,1.296357552986592,13.418127059936523,1.5200798610144695,0.0,0.0,5.534461498260498,2.146900177001953,0.31094756722450256,0.0,0.16547203063964844,1
5,20270025,score_only,23.801342010498047,300,1.2338459230959415,13.49113941192627,1.6054165111090475,0.0,0.0,6.210123538970947,2.1585822105407715,0.33608001470565796,0.0,0.17934644222259521,1
5,20270025,no_proxy,30.145973205566406,300,1.204467527102679,14.365865707397461,2.1693916030274387,0.0,0.0,10.886752128601074,2.3169941902160645,0.4069713056087494,0.0,0.16791880130767822,1
5,20270025,cma_es,16.209983825683594,300,0.31298763188533485,12.972732543945312,0.42729679665353615,0.0,0.0,0.6777055263519287,2.075637102127075,0.0566117987036705,0.0,0.3851267695426941,1
5,20270025,de,29.47559356689453,300,0.26772997388616204,18.53342056274414,0.8172146460949274,0.1150997057557106,0.021529870107769966,6.2899088859558105,2.9653472900390625,0.7330721020698547,0.0,-0.3943006992340088,0
5,20270026,full,31.298921585083008,300,1.4955034248996526,13.034224510192871,6.434273044411384,0.0,0.0,9.209507942199707,2.087982177734375,0.5329341888427734,0.0,0.12638360261917114,1
5,20270026,anchor_only,31.71584129333496,300,0.23329926212318242,12.753944396972656,6.118459767458262,0.0,0.0,10.271886825561523,2.0417020320892334,0.5298480987548828,0.0,0.12318176031112671,1
5,20270026,no_residual,31.71584129333496,300,1.0241071661002934,12.753944396972656,6.118459767458262,0.0,0.0,10.271886825561523,2.0417020320892334,0.5298480987548828,0.0,0.12318176031112671,1
5,20270026,score_only,27.416521072387695,300,1.3431454850360751,12.948872566223145,5.3986996243475005,0.0,0.0,6.490803241729736,2.071819543838501,0.5063270330429077,0.0,0.19004690647125244,1
5,20270026,no_proxy,31.71584129333496,300,1.243126615183428,12.753944396972656,6.118459767458262,0.0,0.0,10.271886825561523,2.0417020320892334,0.5298480987548828,0.0,0.12318176031112671,1
5,20270026,cma_es,16.12238121032715,300,0.334164815954864,12.975750923156738,0.22564394754590467,0.0,0.0,0.6052311062812805,2.076120138168335,0.23963508009910583,0.0,0.272372305393219,1
5,20270026,de,22.282760620117188,300,0.2316399710252881,14.281415939331055,0.5535483497951645,0.0,0.0,4.751420974731445,2.2850265502929688,0.4113478362560272,0.0,0.07901465892791748,1
5,20270027,full,25.402212142944336,300,1.388027529930696,13.054577827453613,7.555723778088577,0.07650882005691528,0.0,2.158252239227295,2.0887324810028076,0.468416303396225,0.0,-0.13092905282974243,0
5,20270027,anchor_only,31.896196365356445,300,0.26165024004876614,12.785120964050293,6.178528655973423,0.0,0.0,10.353468894958496,2.0479822158813477,0.5310947895050049,0.0,0.12866461277008057,1
5,20270027,no_residual,24.42388343811035,300,1.0046234307810664,12.99015998840332,7.187421472277492,0.0021916914265602827,0.0,1.7064627408981323,2.078425645828247,0.45922034978866577,0.0,-0.06111961603164673,0
5,20270027,score_only,25.11807632446289,300,1.7027334261219949,13.04386043548584,7.351088412076933,0.059791001374833286,0.0,2.1059532165527344,2.08701753616333,0.4703649878501892,0.0,-0.11846047639846802,0
5,20270027,no_proxy,31.896196365356445,300,1.1951332071330398,12.785120964050293,6.178528655973423,0.0,0.0,10.353468894958496,2.0479822158813477,0.5310947895050049,0.0,0.12866461277008057,1
5,20270027,cma_es,18.900110244750977,300,0.3019899108912796,13.858907699584961,1.4446007677074846,0.15662264823913574,0.18810687959194183,0.6684271693229675,2.2174251079559326,0.36601945757865906,0.0,-0.5357568264007568,0
5,20270027,de,36.71394348144531,300,0.2986558668781072,20.038192749023438,1.6921685338020325,0.0,0.0,11.09605598449707,3.2726376056671143,0.6148929595947266,0.0,0.1479886770248413,1
5,20270028,full,22.444204330444336,300,1.42754901596345,14.47426700592041,2.079208049969237,0.0,0.0,3.1996519565582275,2.315882682800293,0.37519580125808716,0.0,0.2837890386581421,1
5,20270028,anchor_only,31.134700775146484,300,0.3828055979683995,18.650148391723633,0.038615468876493614,0.0,0.0,8.582545280456543,2.9840235710144043,0.8793681859970093,0.0,0.6972218155860901,1
5,20270028,no_residual,22.41455078125,300,1.2862443879712373,14.469659805297852,1.863438930465965,0.0,0.0,3.3897032737731934,2.315145492553711,0.3766022324562073,0.0,0.3156118392944336,1
5,20270028,score_only,22.444204330444336,300,1.417270455043763,14.47426700592041,2.079208049969237,0.0,0.0,3.1996519565582275,2.315882682800293,0.37519580125808716,0.0,0.2837890386581421,1
5,20270028,no_proxy,29.440532684326172,300,1.460281945997849,18.521381378173828,0.03889541696875567,0.0,0.0,7.0417256355285645,2.963420867919922,0.875110387802124,0.0,0.6920598149299622,1
5,20270028,cma_es,16.97123908996582,300,0.33996466593816876,13.463621139526367,0.2259706743360539,0.0,0.0017375096213072538,0.9771548509597778,2.154179334640503,0.14857682585716248,0.0,-0.07429349422454834,0
5,20270028,de,25.697221755981445,300,0.32460150495171547,15.102670669555664,0.13411476667802075,0.0,0.0,6.570807933807373,2.4164271354675293,1.4731990098953247,0.0,0.4575524926185608,1
5,20270029,full,25.947431564331055,300,1.5957427830435336,12.874958992004395,5.54376581397446,0.0,0.0,5.003150939941406,2.0599935054779053,0.46556273102760315,0.0,0.025790393352508545,1
5,20270029,anchor_only,31.8256893157959,300,0.3188405940309167,12.76219367980957,6.131803596948885,0.0,0.0,10.35769271850586,2.0434701442718506,0.5305291414260864,0.0,0.12286949157714844,1
5,20270029,no_residual,25.369831085205078,300,1.182831808924675,12.895123481750488,6.1858433061552205,0.0,0.0,3.783533811569214,2.0632197856903076,0.442111998796463,0.0,0.020257949829101562,1
5,20270029,score_only,26.01239585876465,300,1.7232749729882926,12.855652809143066,5.50783785443673,0.0,0.0,5.096541881561279,2.0569043159484863,0.4954580068588257,0.0,0.13991546630859375,1
5,20270029,no_proxy,31.8256893157959,300,1.5396861939225346,12.76219367980957,6.131803596948885,0.0,0.0,10.35769271850586,2.0434701442718506,0.5305291414260864,0.0,0.12286949157714844,1
5,20270029,cma_es,20.20185661315918,300,0.3256825611460954,14.18440055847168,1.88210878521204,0.16729477047920227,0.0,1.5127527713775635,2.2695040702819824,0.18579523265361786,0.0,-0.3481217324733734,0
5,20270029,de,24.000858306884766,300,0.37212622817605734,13.94665241241455,2.187753061006706,0.12200766056776047,0.0,5.32958984375,2.231464385986328,0.18339093029499054,0.0,-0.24452146887779236,0
