suite,fid,instance,label,method,seed,final,fopt,regret,actual_nfe,seconds
coco,1,101,bbob_f001_i101_d10,full,20265000,-13.902932136044237,,,300,1.0678924140520394
coco,1,101,bbob_f001_i101_d10,anchor_only,20265000,-0.15855414454909678,,,300,0.129452935885638
coco,1,101,bbob_f001_i101_d10,cma_es,20265000,-23.197966082443777,,,300,0.04161741491407156
coco,1,101,bbob_f001_i101_d10,de,20265000,1.7140766303653692,,,300,0.009777456987649202
coco,1,101,bbob_f001_i101_d10,random,20265000,-11.841143901102813,,,300,0.0009322729893028736
coco,1,101,bbob_f001_i101_d10,full,20265002,-11.74544724061836,,,300,0.9752686701249331
coco,1,101,bbob_f001_i101_d10,anchor_only,20265002,10.06677031792087,,,300,0.12150735594332218
coco,1,101,bbob_f001_i101_d10,cma_es,20265002,-23.393617501882872,,,300,0.030765756033360958
coco,1,101,bbob_f001_i101_d10,de,20265002,2.5359802741082653,,,300,0.01661671814508736
coco,1,101,bbob_f001_i101_d10,random,20265002,15.096605562534961,,,300,0.0009172048885375261
coco,1,101,bbob_f001_i101_d10,full,20265001,-9.080041813937497,,,300,1.0994711678940803
coco,1,101,bbob_f001_i101_d10,anchor_only,20265001,10.57282944802403,,,300,0.1229487860109657
coco,1,101,bbob_f001_i101_d10,cma_es,20265001,-22.79163342462839,,,300,0.033912932965904474
coco,1,101,bbob_f001_i101_d10,de,20265001,-4.263177076873749,,,300,0.014626515097916126
coco,1,101,bbob_f001_i101_d10,random,20265001,-4.208201729112751,,,300,0.0009101869072765112
coco,1,101,bbob_f001_i101_d10,full,20265005,-11.859661342250165,,,300,1.0322789859492332
coco,1,101,bbob_f001_i101_d10,anchor_only,20265005,2.658913758794508,,,300,0.11980791087262332
coco,1,101,bbob_f001_i101_d10,cma_es,20265005,-22.560068344161998,,,300,0.0313430440146476
coco,1,101,bbob_f001_i101_d10,de,20265005,-6.365839097743255,,,300,0.009914422873407602
coco,1,101,bbob_f001_i101_d10,random,20265005,17.213740528620065,,,300,0.0014437420759350061
coco,1,101,bbob_f001_i101_d10,full,20265006,-14.887478994985475,,,300,1.0078519568778574
coco,1,101,bbob_f001_i101_d10,anchor_only,20265006,-1.5603211025819625,,,300,0.117190713994205
coco,1,101,bbob_f001_i101_d10,cma_es,20265006,-22.928455287878894,,,300,0.02795839891768992
coco,1,101,bbob_f001_i101_d10,de,20265006,5.738599245976889,,,300,0.00896189990453422
coco,1,101,bbob_f001_i101_d10,random,20265006,-1.1757824680001967,,,300,0.0016066508833318949
coco,1,101,bbob_f001_i101_d10,full,20265003,-15.62599099783175,,,300,1.084825943922624
coco,1,101,bbob_f001_i101_d10,anchor_only,20265003,-7.743208280535152,,,300,0.11228373413905501
coco,1,101,bbob_f001_i101_d10,cma_es,20265003,-23.40239321712927,,,300,0.029789720196276903
coco,1,101,bbob_f001_i101_d10,de,20265003,-3.3482947183575753,,,300,0.010734619107097387
coco,1,101,bbob_f001_i101_d10,random,20265003,0.8279443427514579,,,300,0.0010104721877723932
coco,1,101,bbob_f001_i101_d10,full,20265004,-7.518644559227699,,,300,1.066746711032465
coco,1,101,bbob_f001_i101_d10,anchor_only,20265004,12.693591396654227,,,300,0.12866760604083538
coco,1,101,bbob_f001_i101_d10,cma_es,20265004,-21.919653270393777,,,300,0.02434826106764376
coco,1,101,bbob_f001_i101_d10,de,20265004,-3.9528372930372626,,,300,0.01654058904387057
coco,1,101,bbob_f001_i101_d10,random,20265004,8.228060634916602,,,300,0.0027231951244175434
coco,1,101,bbob_f001_i101_d10,full,20265008,-3.7850354052568633,,,300,0.9917089389637113
coco,1,101,bbob_f001_i101_d10,anchor_only,20265008,6.425195920905864,,,300,0.11574950092472136
coco,1,101,bbob_f001_i101_d10,cma_es,20265008,-23.229888252442876,,,300,0.026137409964576364
coco,1,101,bbob_f001_i101_d10,de,20265008,-12.041749072680096,,,300,0.00920193619094789
coco,1,101,bbob_f001_i101_d10,random,20265008,12.571083144012086,,,300,0.0009046439081430435
coco,1,101,bbob_f001_i101_d10,full,20265007,-3.7732776609978806,,,300,1.0544308479875326
coco,1,101,bbob_f001_i101_d10,anchor_only,20265007,10.924318968347151,,,300,0.11957072094082832
coco,1,101,bbob_f001_i101_d10,cma_es,20265007,-20.72401881814357,,,300,0.024841804057359695
coco,1,101,bbob_f001_i101_d10,de,20265007,-3.4270575101951124,,,300,0.010279922047629952
coco,1,101,bbob_f001_i101_d10,random,20265007,-4.715393330045657,,,300,0.0012688159476965666
coco,1,102,bbob_f001_i102_d10,full,20265000,1010.9114412862289,,,300,1.0449910960160196
coco,1,102,bbob_f001_i102_d10,anchor_only,20265000,1045.0578756737093,,,300,0.11742857587523758
coco,1,102,bbob_f001_i102_d10,cma_es,20265000,1001.98068800845,,,300,0.03370544919744134
coco,1,102,bbob_f001_i102_d10,de,20265000,1009.6344862014154,,,300,0.01155631011351943
coco,1,102,bbob_f001_i102_d10,random,20265000,1034.8162998622172,,,300,0.001095759915187955
coco,1,101,bbob_f001_i101_d10,full,20265009,-7.268789446423927,,,300,1.0827296220231801
coco,1,101,bbob_f001_i101_d10,anchor_only,20265009,8.836539781389298,,,300,0.12871262105181813
coco,1,101,bbob_f001_i101_d10,cma_es,20265009,-22.214686746597543,,,300,0.03686094400472939
coco,1,101,bbob_f001_i101_d10,de,20265009,-0.24857243712803623,,,300,0.010686832945793867
coco,1,101,bbob_f001_i101_d10,random,20265009,9.709235756548424,,,300,0.002908300142735243
coco,1,102,bbob_f001_i102_d10,full,20265001,1008.9405378269013,,,300,1.0869302419014275
coco,1,102,bbob_f001_i102_d10,anchor_only,20265001,1025.0776797155481,,,300,0.11574594280682504
coco,1,102,bbob_f001_i102_d10,cma_es,20265001,1003.4101450652098,,,300,0.02912473795004189
coco,1,102,bbob_f001_i102_d10,de,20265001,1018.2992080705782,,,300,0.007694167084991932
coco,1,102,bbob_f001_i102_d10,random,20265001,1019.3286064364983,,,300,0.0028778649866580963
coco,1,102,bbob_f001_i102_d10,full,20265002,1005.6690379675376,,,300,0.9655059301294386
coco,1,102,bbob_f001_i102_d10,anchor_only,20265002,1030.660737266889,,,300,0.10154621000401676
coco,1,102,bbob_f001_i102_d10,cma_es,20265002,1004.1240743174993,,,300,0.039532606955617666
coco,1,102,bbob_f001_i102_d10,de,20265002,1015.6678247045816,,,300,0.010643405141308904
coco,1,102,bbob_f001_i102_d10,random,20265002,1037.2938535741162,,,300,0.0010111131705343723
coco,1,102,bbob_f001_i102_d10,full,20265003,1009.570655569962,,,300,0.9883709631394595
coco,1,102,bbob_f001_i102_d10,anchor_only,20265003,1035.6556242820302,,,300,0.09668325306847692
coco,1,102,bbob_f001_i102_d10,cma_es,20265003,1001.1744177043778,,,300,0.031238121911883354
coco,1,102,bbob_f001_i102_d10,de,20265003,1017.8985157486368,,,300,0.01073671504855156
coco,1,102,bbob_f001_i102_d10,random,20265003,1040.3189863767243,,,300,0.0027490288484841585
coco,1,102,bbob_f001_i102_d10,full,20265004,1004.526614383698,,,300,0.9696491630747914
coco,1,102,bbob_f001_i102_d10,anchor_only,20265004,1016.9887021400677,,,300,0.12668515997938812
coco,1,102,bbob_f001_i102_d10,cma_es,20265004,1000.6152364276779,,,300,0.030259134946390986
coco,1,102,bbob_f001_i102_d10,de,20265004,1016.9887021400677,,,300,0.008523161988705397
coco,1,102,bbob_f001_i102_d10,random,20265004,1011.8450191325885,,,300,0.002605980960652232
coco,1,102,bbob_f001_i102_d10,full,20265006,1011.3403754336398,,,300,0.9796426049433649
coco,1,102,bbob_f001_i102_d10,anchor_only,20265006,1034.1770788269614,,,300,0.1283008090686053
coco,1,102,bbob_f001_i102_d10,cma_es,20265006,1000.9198093994005,,,300,0.02434140699915588
coco,1,102,bbob_f001_i102_d10,de,20265006,1012.7551571640113,,,300,0.005188938928768039
coco,1,102,bbob_f001_i102_d10,random,20265006,1016.3466403199475,,,300,0.0009170088451355696
coco,1,102,bbob_f001_i102_d10,full,20265007,1018.9483609709645,,,300,1.0224992320872843
coco,1,102,bbob_f001_i102_d10,anchor_only,20265007,1047.0823388101387,,,300,0.12305247411131859
coco,1,102,bbob_f001_i102_d10,cma_es,20265007,1000.7085536868912,,,300,0.02239161287434399
coco,1,102,bbob_f001_i102_d10,de,20265007,1025.4734066230706,,,300,0.008158663054928184
coco,1,102,bbob_f001_i102_d10,random,20265007,1034.1413058943265,,,300,0.0015598819591104984
coco,1,102,bbob_f001_i102_d10,full,20265008,1010.2143656579724,,,300,1.0394051419571042
coco,1,102,bbob_f001_i102_d10,anchor_only,20265008,1033.8681050859739,,,300,0.11509301397018135
coco,1,102,bbob_f001_i102_d10,cma_es,20265008,1002.8852727368369,,,300,0.023422372993081808
coco,1,102,bbob_f001_i102_d10,de,20265008,1025.3305329325437,,,300,0.008921720087528229
coco,1,102,bbob_f001_i102_d10,random,20265008,1037.3007939706831,,,300,0.0028006010688841343
coco,2,101,bbob_f002_i101_d10,full,20265000,26748.2224227609,,,300,0.9843049470800906
coco,2,101,bbob_f002_i101_d10,anchor_only,20265000,357685.6582341355,,,300,0.11002782499417663
coco,2,101,bbob_f002_i101_d10,cma_es,20265000,35119.10080472704,,,300,0.026777678867802024
coco,2,101,bbob_f002_i101_d10,de,20265000,42492.56526414023,,,300,0.008988889865577221
coco,2,101,bbob_f002_i101_d10,random,20265000,323691.9773064155,,,300,0.0016290568746626377
coco,1,102,bbob_f001_i102_d10,full,20265005,1027.0383576959434,,,300,1.0770821569021791
coco,1,102,bbob_f001_i102_d10,anchor_only,20265005,1048.4350256313992,,,300,0.12682897504419088
coco,1,102,bbob_f001_i102_d10,cma_es,20265005,1003.9915296251129,,,300,0.034162681084126234
coco,1,102,bbob_f001_i102_d10,de,20265005,1017.86877868747,,,300,0.0052908482030034065
coco,1,102,bbob_f001_i102_d10,random,20265005,1030.1079752622527,,,300,0.0015392389614135027
coco,2,101,bbob_f002_i101_d10,full,20265001,32885.27857710849,,,300,0.9787081161048263
coco,2,101,bbob_f002_i101_d10,anchor_only,20265001,1015391.7548685372,,,300,0.11398586397990584
coco,2,101,bbob_f002_i101_d10,cma_es,20265001,42226.66968524031,,,300,0.0247383879031986
coco,2,101,bbob_f002_i101_d10,de,20265001,252265.70877439095,,,300,0.011895744130015373
coco,2,101,bbob_f002_i101_d10,random,20265001,170769.7028682715,,,300,0.0011024258565157652
coco,1,102,bbob_f001_i102_d10,full,20265009,1026.269249205858,,,300,1.0740090261679143
coco,1,102,bbob_f001_i102_d10,anchor_only,20265009,1042.4601123977839,,,300,0.11027347319759429
coco,1,102,bbob_f001_i102_d10,cma_es,20265009,1001.2141688510353,,,300,0.03518488095141947
coco,1,102,bbob_f001_i102_d10,de,20265009,1017.9516795818141,,,300,0.008905390975996852
coco,1,102,bbob_f001_i102_d10,random,20265009,1030.6136481839742,,,300,0.001078867120668292
coco,2,101,bbob_f002_i101_d10,full,20265003,43625.430230883205,,,300,1.0621703029610217
coco,2,101,bbob_f002_i101_d10,anchor_only,20265003,423013.1382315096,,,300,0.1287937881425023
coco,2,101,bbob_f002_i101_d10,cma_es,20265003,10955.872817435988,,,300,0.031048387987539172
coco,2,101,bbob_f002_i101_d10,de,20265003,58603.612287356125,,,300,0.012743012048304081
coco,2,101,bbob_f002_i101_d10,random,20265003,273059.8922470548,,,300,0.0017468109726905823
coco,2,101,bbob_f002_i101_d10,full,20265002,31017.75309398547,,,300,1.0846464619971812
coco,2,101,bbob_f002_i101_d10,anchor_only,20265002,290022.8233199966,,,300,0.1264661429449916
coco,2,101,bbob_f002_i101_d10,cma_es,20265002,34349.54089972578,,,300,0.030284421052783728
coco,2,101,bbob_f002_i101_d10,de,20265002,161537.63396219324,,,300,0.013246889924630523
coco,2,101,bbob_f002_i101_d10,random,20265002,179649.10193194565,,,300,0.0018136659637093544
coco,2,101,bbob_f002_i101_d10,full,20265004,56325.717506234636,,,300,1.0207925599534065
coco,2,101,bbob_f002_i101_d10,anchor_only,20265004,220318.0259139753,,,300,0.09097228408791125
coco,2,101,bbob_f002_i101_d10,cma_es,20265004,27965.34526208685,,,300,0.03273111302405596
coco,2,101,bbob_f002_i101_d10,de,20265004,173933.0166078834,,,300,0.01538620493374765
coco,2,101,bbob_f002_i101_d10,random,20265004,185595.36946138533,,,300,0.0014930320903658867
coco,2,101,bbob_f002_i101_d10,full,20265005,28172.170324545903,,,300,1.0542545078787953
coco,2,101,bbob_f002_i101_d10,anchor_only,20265005,546731.5777290245,,,300,0.10339499893598258
coco,2,101,bbob_f002_i101_d10,cma_es,20265005,37810.19763270883,,,300,0.017337767872959375
coco,2,101,bbob_f002_i101_d10,de,20265005,114709.33233538584,,,300,0.016298787901178002
coco,2,101,bbob_f002_i101_d10,random,20265005,515745.92279831454,,,300,0.0033114550169557333
coco,2,101,bbob_f002_i101_d10,full,20265007,106769.98147251361,,,300,1.0623280990403146
coco,2,101,bbob_f002_i101_d10,anchor_only,20265007,447057.5905046507,,,300,0.09582031285390258
coco,2,101,bbob_f002_i101_d10,cma_es,20265007,13193.538574871525,,,300,0.027007061056792736
coco,2,101,bbob_f002_i101_d10,de,20265007,181328.4418071318,,,300,0.010354148223996162
coco,2,101,bbob_f002_i101_d10,random,20265007,30960.58017804817,,,300,0.0017802868969738483
coco,2,101,bbob_f002_i101_d10,full,20265006,66032.74712634375,,,300,1.068577695870772
coco,2,101,bbob_f002_i101_d10,anchor_only,20265006,715526.7278988321,,,300,0.13434995198622346
coco,2,101,bbob_f002_i101_d10,cma_es,20265006,42211.30698864687,,,300,0.032710509141907096
coco,2,101,bbob_f002_i101_d10,de,20265006,167810.24042867107,,,300,0.005435636965557933
coco,2,101,bbob_f002_i101_d10,random,20265006,226937.54648684902,,,300,0.0010955152101814747
coco,2,101,bbob_f002_i101_d10,full,20265009,51571.42556362414,,,300,1.0839632898569107
coco,2,101,bbob_f002_i101_d10,anchor_only,20265009,487013.3098478093,,,300,0.11099470499902964
coco,2,101,bbob_f002_i101_d10,cma_es,20265009,160676.44042021807,,,300,0.02471638098359108
coco,2,101,bbob_f002_i101_d10,de,20265009,148837.14974953094,,,300,0.013750236947089434
coco,2,101,bbob_f002_i101_d10,random,20265009,244305.67241653698,,,300,0.003634802997112274
coco,2,101,bbob_f002_i101_d10,full,20265008,77652.0747630204,,,300,1.0934335021302104
coco,2,101,bbob_f002_i101_d10,anchor_only,20265008,593263.3167931611,,,300,0.12648975406773388
coco,2,101,bbob_f002_i101_d10,cma_es,20265008,69611.7648700008,,,300,0.031164997024461627
coco,2,101,bbob_f002_i101_d10,de,20265008,99242.0428714339,,,300,0.011803671950474381
coco,2,101,bbob_f002_i101_d10,random,20265008,337811.070352781,,,300,0.0012134960852563381
coco,2,102,bbob_f002_i102_d10,full,20265003,19698.81074124634,,,300,1.0639842979144305
coco,2,102,bbob_f002_i102_d10,anchor_only,20265003,166283.48807944526,,,300,0.1127683101221919
coco,2,102,bbob_f002_i102_d10,cma_es,20265003,37529.49958768081,,,300,0.027178018121048808
coco,2,102,bbob_f002_i102_d10,de,20265003,104296.05644294624,,,300,0.006818016059696674
coco,2,102,bbob_f002_i102_d10,random,20265003,300614.7960434952,,,300,0.00187332509085536
coco,2,102,bbob_f002_i102_d10,full,20265001,367918.76481994306,,,300,1.0856934268958867
coco,2,102,bbob_f002_i102_d10,anchor_only,20265001,591336.3190086874,,,300,0.11538380314595997
coco,2,102,bbob_f002_i102_d10,cma_es,20265001,34313.033577240945,,,300,0.02499082195572555
coco,2,102,bbob_f002_i102_d10,de,20265001,150166.22345724172,,,300,0.016768523026257753
coco,2,102,bbob_f002_i102_d10,random,20265001,173823.6549065656,,,300,0.003491841023787856
coco,2,102,bbob_f002_i102_d10,full,20265000,68056.084239687,,,300,1.1094433770049363
coco,2,102,bbob_f002_i102_d10,anchor_only,20265000,363934.5937176184,,,300,0.125230923993513
coco,2,102,bbob_f002_i102_d10,cma_es,20265000,25430.253746927017,,,300,0.025574603816494346
coco,2,102,bbob_f002_i102_d10,de,20265000,94001.22511757548,,,300,0.01620962913148105
coco,2,102,bbob_f002_i102_d10,random,20265000,176864.27288688713,,,300,0.0019592822063714266
coco,2,102,bbob_f002_i102_d10,full,20265002,104863.2601899126,,,300,1.1305008181370795
coco,2,102,bbob_f002_i102_d10,anchor_only,20265002,217152.76054170975,,,300,0.12202581600286067
coco,2,102,bbob_f002_i102_d10,cma_es,20265002,58477.31125957291,,,300,0.03222851408645511
coco,2,102,bbob_f002_i102_d10,de,20265002,128029.23089427827,,,300,0.013959164964035153
coco,2,102,bbob_f002_i102_d10,random,20265002,46683.357614847024,,,300,0.0011078061070293188
coco,2,102,bbob_f002_i102_d10,full,20265004,36875.68640765989,,,300,1.018409829819575
coco,2,102,bbob_f002_i102_d10,anchor_only,20265004,180683.64357753392,,,300,0.12740367115475237
coco,2,102,bbob_f002_i102_d10,cma_es,20265004,19683.387070138444,,,300,0.030463341157883406
coco,2,102,bbob_f002_i102_d10,de,20265004,114021.83354395417,,,300,0.010460013058036566
coco,2,102,bbob_f002_i102_d10,random,20265004,120868.68585124143,,,300,0.0017870040610432625
coco,2,102,bbob_f002_i102_d10,full,20265005,16042.81765833732,,,300,1.0673627129290253
coco,2,102,bbob_f002_i102_d10,anchor_only,20265005,631221.3609124956,,,300,0.12009826395660639
coco,2,102,bbob_f002_i102_d10,cma_es,20265005,52330.00320560186,,,300,0.022652674932032824
coco,2,102,bbob_f002_i102_d10,de,20265005,37129.72991651246,,,300,0.0064793601632118225
coco,2,102,bbob_f002_i102_d10,random,20265005,438992.8494281061,,,300,0.0036880739498883486
coco,2,102,bbob_f002_i102_d10,full,20265006,29463.534545499595,,,300,0.9215510508511215
coco,2,102,bbob_f002_i102_d10,anchor_only,20265006,417576.28389023745,,,300,0.11206441302783787
coco,2,102,bbob_f002_i102_d10,cma_es,20265006,17645.054567289237,,,300,0.027274149004369974
coco,2,102,bbob_f002_i102_d10,de,20265006,218259.85086705652,,,300,0.00523531693033874
coco,2,102,bbob_f002_i102_d10,random,20265006,259909.32986612886,,,300,0.0013223409187048674
coco,2,102,bbob_f002_i102_d10,full,20265007,9011.319462944972,,,300,0.9899727189913392
coco,2,102,bbob_f002_i102_d10,anchor_only,20265007,296521.37777655624,,,300,0.10144899599254131
coco,2,102,bbob_f002_i102_d10,cma_es,20265007,54365.28749948225,,,300,0.022788305999711156
coco,2,102,bbob_f002_i102_d10,de,20265007,88274.12012020797,,,300,0.005605020094662905
coco,2,102,bbob_f002_i102_d10,random,20265007,378849.8556787614,,,300,0.0015017709229141474
coco,2,102,bbob_f002_i102_d10,full,20265008,41148.03656905196,,,300,0.9929112500976771
coco,2,102,bbob_f002_i102_d10,anchor_only,20265008,250879.71070188645,,,300,0.13328532106243074
coco,2,102,bbob_f002_i102_d10,cma_es,20265008,28646.53474055651,,,300,0.030933332862332463
coco,2,102,bbob_f002_i102_d10,de,20265008,66372.16025154623,,,300,0.011210845084860921
coco,2,102,bbob_f002_i102_d10,random,20265008,373603.53601564135,,,300,0.0020097389351576567
coco,2,102,bbob_f002_i102_d10,full,20265009,52828.739499998126,,,300,1.0205120011232793
coco,2,102,bbob_f002_i102_d10,anchor_only,20265009,132893.61929282564,,,300,0.10779449599795043
coco,2,102,bbob_f002_i102_d10,cma_es,20265009,56248.40535995488,,,300,0.034362173872068524
coco,2,102,bbob_f002_i102_d10,de,20265009,282592.3841277633,,,300,0.015658491989597678
coco,2,102,bbob_f002_i102_d10,random,20265009,360413.9251005283,,,300,0.0025878059677779675
coco,3,101,bbob_f003_i101_d10,full,20265002,241.37953956115413,,,300,1.0188749330118299
coco,3,101,bbob_f003_i101_d10,anchor_only,20265002,332.4562025224368,,,300,0.12916955910623074
coco,3,101,bbob_f003_i101_d10,cma_es,20265002,209.6238052278759,,,300,0.023947466863319278
coco,3,101,bbob_f003_i101_d10,de,20265002,300.84310985959917,,,300,0.006777115864679217
coco,3,101,bbob_f003_i101_d10,random,20265002,276.45456862947356,,,300,0.0028592979069799185
coco,3,101,bbob_f003_i101_d10,full,20265000,196.53753418119464,,,300,1.0662851280067116
coco,3,101,bbob_f003_i101_d10,anchor_only,20265000,267.2059136075567,,,300,0.10823780088685453
coco,3,101,bbob_f003_i101_d10,cma_es,20265000,212.9403607374241,,,300,0.039604639168828726
coco,3,101,bbob_f003_i101_d10,de,20265000,293.47702981625997,,,300,0.006739161908626556
coco,3,101,bbob_f003_i101_d10,random,20265000,310.0884699002338,,,300,0.0012193168513476849
coco,3,101,bbob_f003_i101_d10,full,20265004,238.31169285346158,,,300,1.0067595038563013
coco,3,101,bbob_f003_i101_d10,anchor_only,20265004,291.3729634403154,,,300,0.12187410099431872
coco,3,101,bbob_f003_i101_d10,cma_es,20265004,202.63366936852643,,,300,0.03245608485303819
coco,3,101,bbob_f003_i101_d10,de,20265004,289.75598159237745,,,300,0.013813670957461
coco,3,101,bbob_f003_i101_d10,random,20265004,324.05102965560326,,,300,0.003619374940171838
coco,3,101,bbob_f003_i101_d10,full,20265001,220.5617468936026,,,300,1.11268440913409
coco,3,101,bbob_f003_i101_d10,anchor_only,20265001,332.2035721705863,,,300,0.097303856164217
coco,3,101,bbob_f003_i101_d10,cma_es,20265001,186.56778276523545,,,300,0.031744233798235655
coco,3,101,bbob_f003_i101_d10,de,20265001,255.2065675433948,,,300,0.015256684040650725
coco,3,101,bbob_f003_i101_d10,random,20265001,378.9188227715268,,,300,0.003384847892448306
coco,3,101,bbob_f003_i101_d10,full,20265006,188.81259145025138,,,300,0.9722951641306281
coco,3,101,bbob_f003_i101_d10,anchor_only,20265006,321.2332332414062,,,300,0.1253884199541062
coco,3,101,bbob_f003_i101_d10,cma_es,20265006,196.1385662717688,,,300,0.025951254880055785
coco,3,101,bbob_f003_i101_d10,de,20265006,301.1118876992849,,,300,0.008230851031839848
coco,3,101,bbob_f003_i101_d10,random,20265006,290.0831211616893,,,300,0.0012041048612445593
coco,3,101,bbob_f003_i101_d10,full,20265003,209.3143715883846,,,300,1.044777792878449
coco,3,101,bbob_f003_i101_d10,anchor_only,20265003,264.97747230186377,,,300,0.1380929029546678
coco,3,101,bbob_f003_i101_d10,cma_es,20265003,201.37139393319623,,,300,0.029717931989580393
coco,3,101,bbob_f003_i101_d10,de,20265003,248.92054075888677,,,300,0.01543355593457818
coco,3,101,bbob_f003_i101_d10,random,20265003,270.14956085546896,,,300,0.0033321180380880833
coco,3,101,bbob_f003_i101_d10,full,20265005,223.76068056047993,,,300,1.046978599159047
coco,3,101,bbob_f003_i101_d10,anchor_only,20265005,311.73776070083994,,,300,0.11425327393226326
coco,3,101,bbob_f003_i101_d10,cma_es,20265005,216.28201427520565,,,300,0.034610840026289225
coco,3,101,bbob_f003_i101_d10,de,20265005,257.64266487889955,,,300,0.017564539099112153
coco,3,101,bbob_f003_i101_d10,random,20265005,253.0495759262273,,,300,0.0022132880985736847
coco,3,101,bbob_f003_i101_d10,full,20265007,257.4433936622297,,,300,1.0390067871194333
coco,3,101,bbob_f003_i101_d10,anchor_only,20265007,320.6573548046814,,,300,0.12211825209669769
coco,3,101,bbob_f003_i101_d10,cma_es,20265007,174.89378489150914,,,300,0.024593397043645382
coco,3,101,bbob_f003_i101_d10,de,20265007,260.7205020137988,,,300,0.00576276401989162
coco,3,101,bbob_f003_i101_d10,random,20265007,236.39654605457739,,,300,0.001210798043757677
coco,3,101,bbob_f003_i101_d10,full,20265008,210.53226492308448,,,300,0.9970962619408965
coco,3,101,bbob_f003_i101_d10,anchor_only,20265008,333.19089844120083,,,300,0.09121026610955596
coco,3,101,bbob_f003_i101_d10,cma_es,20265008,200.81392603964304,,,300,0.02795297303237021
coco,3,101,bbob_f003_i101_d10,de,20265008,288.2715140834524,,,300,0.009484278038144112
coco,3,101,bbob_f003_i101_d10,random,20265008,276.6611385977318,,,300,0.0011675201822072268
coco,3,101,bbob_f003_i101_d10,full,20265009,175.85859942474463,,,300,0.9344678628258407
coco,3,101,bbob_f003_i101_d10,anchor_only,20265009,274.62933571588223,,,300,0.09624804090708494
coco,3,101,bbob_f003_i101_d10,cma_es,20265009,198.48195753364527,,,300,0.029639908811077476
coco,3,101,bbob_f003_i101_d10,de,20265009,215.0670343015731,,,300,0.009345396887511015
coco,3,101,bbob_f003_i101_d10,random,20265009,266.03355101488125,,,300,0.0018995970021933317
coco,3,102,bbob_f003_i102_d10,full,20265000,222.35625464187797,,,300,0.9392073969356716
coco,3,102,bbob_f003_i102_d10,anchor_only,20265000,291.2319380992034,,,300,0.1050219691824168
coco,3,102,bbob_f003_i102_d10,cma_es,20265000,191.6144664025498,,,300,0.026947170961648226
coco,3,102,bbob_f003_i102_d10,de,20265000,256.8971368633674,,,300,0.015462307026609778
coco,3,102,bbob_f003_i102_d10,random,20265000,297.1527364983126,,,300,0.0012188800610601902
coco,3,102,bbob_f003_i102_d10,full,20265001,197.21572548832052,,,300,1.0123668760061264
coco,3,102,bbob_f003_i102_d10,anchor_only,20265001,277.3441892662631,,,300,0.10465520713478327
coco,3,102,bbob_f003_i102_d10,cma_es,20265001,196.06088063672252,,,300,0.031229902058839798
coco,3,102,bbob_f003_i102_d10,de,20265001,264.8798579939606,,,300,0.005734832026064396
coco,3,102,bbob_f003_i102_d10,random,20265001,292.8467466722516,,,300,0.003468017792329192
coco,3,102,bbob_f003_i102_d10,full,20265002,225.8447553383761,,,300,0.929454370867461
coco,3,102,bbob_f003_i102_d10,anchor_only,20265002,254.48536466823356,,,300,0.09887624904513359
coco,3,102,bbob_f003_i102_d10,cma_es,20265002,180.1653717963,,,300,0.026931821834295988
coco,3,102,bbob_f003_i102_d10,de,20265002,287.95391056472124,,,300,0.006839775014668703
coco,3,102,bbob_f003_i102_d10,random,20265002,336.53498061920646,,,300,0.0033133330289274454
coco,3,102,bbob_f003_i102_d10,full,20265004,210.01057554001443,,,300,0.9637517828959972
coco,3,102,bbob_f003_i102_d10,anchor_only,20265004,292.63018126928495,,,300,0.10816673096269369
coco,3,102,bbob_f003_i102_d10,cma_es,20265004,207.13868802533193,,,300,0.02714700810611248
coco,3,102,bbob_f003_i102_d10,de,20265004,276.09947675038416,,,300,0.015584009932354093
coco,3,102,bbob_f003_i102_d10,random,20265004,293.62006320235486,,,300,0.0012575420551002026
coco,3,102,bbob_f003_i102_d10,full,20265003,196.36169931842255,,,300,1.0486404611729085
coco,3,102,bbob_f003_i102_d10,anchor_only,20265003,302.7589640506259,,,300,0.11135500902310014
coco,3,102,bbob_f003_i102_d10,cma_es,20265003,173.9437045721482,,,300,0.021540422923862934
coco,3,102,bbob_f003_i102_d10,de,20265003,226.46916238002478,,,300,0.011552785988897085
coco,3,102,bbob_f003_i102_d10,random,20265003,265.1501455132165,,,300,0.0034841708838939667
coco,3,102,bbob_f003_i102_d10,full,20265005,265.55454927690704,,,300,1.020969800883904
coco,3,102,bbob_f003_i102_d10,anchor_only,20265005,346.6765879220159,,,300,0.10416743601672351
coco,3,102,bbob_f003_i102_d10,cma_es,20265005,178.7852418629529,,,300,0.025767436949536204
coco,3,102,bbob_f003_i102_d10,de,20265005,259.71753173439015,,,300,0.008315837942063808
coco,3,102,bbob_f003_i102_d10,random,20265005,310.22977122822033,,,300,0.0012113959528505802
coco,3,102,bbob_f003_i102_d10,full,20265007,230.56527571750593,,,300,1.0142200798727572
coco,3,102,bbob_f003_i102_d10,anchor_only,20265007,296.6097524324235,,,300,0.11129218619316816
coco,3,102,bbob_f003_i102_d10,cma_es,20265007,173.86866105577593,,,300,0.0353094229940325
coco,3,102,bbob_f003_i102_d10,de,20265007,253.93050867184763,,,300,0.013242972083389759
coco,3,102,bbob_f003_i102_d10,random,20265007,295.3630216389597,,,300,0.0015245119575411081
coco,3,102,bbob_f003_i102_d10,full,20265006,226.02083744712272,,,300,1.0350199991371483
coco,3,102,bbob_f003_i102_d10,anchor_only,20265006,308.95023332633417,,,300,0.1160768480040133
coco,3,102,bbob_f003_i102_d10,cma_es,20265006,174.64186122672982,,,300,0.03102454892359674
coco,3,102,bbob_f003_i102_d10,de,20265006,321.32611312525904,,,300,0.006044671172276139
coco,3,102,bbob_f003_i102_d10,random,20265006,318.65228199402486,,,300,0.003309102961793542
coco,3,102,bbob_f003_i102_d10,full,20265008,198.2873651743247,,,300,1.0422241350170225
coco,3,102,bbob_f003_i102_d10,anchor_only,20265008,267.8571520561497,,,300,0.12143646902404726
coco,3,102,bbob_f003_i102_d10,cma_es,20265008,158.1309845394258,,,300,0.028908930020406842
coco,3,102,bbob_f003_i102_d10,de,20265008,239.06293197009654,,,300,0.011785232927650213
coco,3,102,bbob_f003_i102_d10,random,20265008,304.5994310747023,,,300,0.0011994719970971346
coco,3,102,bbob_f003_i102_d10,full,20265009,221.8221595195842,,,300,1.0597742651589215
coco,3,102,bbob_f003_i102_d10,anchor_only,20265009,321.90892976822573,,,300,0.13736332417465746
coco,3,102,bbob_f003_i102_d10,cma_es,20265009,159.27396739870173,,,300,0.019017006969079375
coco,3,102,bbob_f003_i102_d10,de,20265009,314.0364538285574,,,300,0.00955001194961369
coco,3,102,bbob_f003_i102_d10,random,20265009,206.38912670098625,,,300,0.003795112017542124
coco,4,101,bbob_f004_i101_d10,full,20265000,285.57969336751717,,,300,1.0211262181401253
coco,4,101,bbob_f004_i101_d10,anchor_only,20265000,326.9541904022849,,,300,0.1171028190292418
coco,4,101,bbob_f004_i101_d10,cma_es,20265000,218.66341746465554,,,300,0.029326284071430564
coco,4,101,bbob_f004_i101_d10,de,20265000,326.95419040228484,,,300,0.0055246190167963505
coco,4,101,bbob_f004_i101_d10,random,20265000,370.9538386117213,,,300,0.0019841589964926243
coco,4,101,bbob_f004_i101_d10,full,20265001,366.79326118604797,,,300,0.9933352170046419
coco,4,101,bbob_f004_i101_d10,anchor_only,20265001,385.59013054389965,,,300,0.11757832393050194
coco,4,101,bbob_f004_i101_d10,cma_es,20265001,210.9526503925088,,,300,0.021588128060102463
coco,4,101,bbob_f004_i101_d10,de,20265001,298.14870279512235,,,300,0.01004207693040371
coco,4,101,bbob_f004_i101_d10,random,20265001,419.79751611172054,,,300,0.001562813064083457
coco,4,101,bbob_f004_i101_d10,full,20265002,404.13877140089863,,,300,0.9798611849546432
coco,4,101,bbob_f004_i101_d10,anchor_only,20265002,421.48150528796083,,,300,0.13489472004584968
coco,4,101,bbob_f004_i101_d10,cma_es,20265002,191.47206955482582,,,300,0.027206615079194307
coco,4,101,bbob_f004_i101_d10,de,20265002,278.91973883288074,,,300,0.01571678905747831
coco,4,101,bbob_f004_i101_d10,random,20265002,318.0973667083085,,,300,0.0029660931322723627
coco,4,101,bbob_f004_i101_d10,full,20265004,320.74147072074913,,,300,0.9924314690288156
coco,4,101,bbob_f004_i101_d10,anchor_only,20265004,375.58196188538653,,,300,0.12573894206434488
coco,4,101,bbob_f004_i101_d10,cma_es,20265004,245.1241891185167,,,300,0.03227255097590387
coco,4,101,bbob_f004_i101_d10,de,20265004,375.58196188538665,,,300,0.006378246005624533
coco,4,101,bbob_f004_i101_d10,random,20265004,366.32967020432363,,,300,0.0019101211801171303
coco,4,101,bbob_f004_i101_d10,full,20265003,298.0686472054076,,,300,1.0708111082203686
coco,4,101,bbob_f004_i101_d10,anchor_only,20265003,408.4202160303268,,,300,0.12747851805761456
coco,4,101,bbob_f004_i101_d10,cma_es,20265003,213.5705412198428,,,300,0.029640224063768983
coco,4,101,bbob_f004_i101_d10,de,20265003,286.93561379713384,,,300,0.008096839999780059
coco,4,101,bbob_f004_i101_d10,random,20265003,456.78014979478166,,,300,0.0012844561133533716
coco,4,101,bbob_f004_i101_d10,full,20265005,390.2676059064406,,,300,1.1367527870461345
coco,4,101,bbob_f004_i101_d10,anchor_only,20265005,416.83654580508977,,,300,0.13899905607104301
coco,4,101,bbob_f004_i101_d10,cma_es,20265005,201.9353097339786,,,300,0.03428008500486612
coco,4,101,bbob_f004_i101_d10,de,20265005,334.79435118681147,,,300,0.016866439022123814
coco,4,101,bbob_f004_i101_d10,random,20265005,273.2486765977918,,,300,0.0027408869937062263
coco,4,101,bbob_f004_i101_d10,full,20265007,348.533604637136,,,300,1.1208279100246727
coco,4,101,bbob_f004_i101_d10,anchor_only,20265007,397.01533707110576,,,300,0.11055924091488123
coco,4,101,bbob_f004_i101_d10,cma_es,20265007,215.57976547927709,,,300,0.03565723681822419
coco,4,101,bbob_f004_i101_d10,de,20265007,397.0153370711057,,,300,0.013144803000614047
coco,4,101,bbob_f004_i101_d10,random,20265007,464.19791527441583,,,300,0.001295414986088872
coco,4,101,bbob_f004_i101_d10,full,20265006,371.11301336623524,,,300,1.1506383400410414
coco,4,101,bbob_f004_i101_d10,anchor_only,20265006,434.0754926181624,,,300,0.13160708686336875
coco,4,101,bbob_f004_i101_d10,cma_es,20265006,240.8569958329835,,,300,0.02430813806131482
coco,4,101,bbob_f004_i101_d10,de,20265006,374.99699788456644,,,300,0.012701292056590319
coco,4,101,bbob_f004_i101_d10,random,20265006,426.47974845219215,,,300,0.0033914470113813877
coco,4,101,bbob_f004_i101_d10,full,20265008,365.50342068005966,,,300,1.1180578579660505
coco,4,101,bbob_f004_i101_d10,anchor_only,20265008,436.6365387843107,,,300,0.12269534589722753
coco,4,101,bbob_f004_i101_d10,cma_es,20265008,207.64289864838133,,,300,0.031962885055691004
coco,4,101,bbob_f004_i101_d10,de,20265008,330.6459684644016,,,300,0.008431036956608295
coco,4,101,bbob_f004_i101_d10,random,20265008,357.81381996941263,,,300,0.0014207959175109863
coco,4,102,bbob_f004_i102_d10,full,20265000,309.2163437376795,,,300,1.0876648880075663
coco,4,102,bbob_f004_i102_d10,anchor_only,20265000,400.9559460179733,,,300,0.12796626891940832
coco,4,102,bbob_f004_i102_d10,cma_es,20265000,180.24644456825501,,,300,0.022973554907366633
coco,4,102,bbob_f004_i102_d10,de,20265000,307.5266370791665,,,300,0.009530242066830397
coco,4,102,bbob_f004_i102_d10,random,20265000,334.6859294266388,,,300,0.0011789989657700062
coco,4,101,bbob_f004_i101_d10,full,20265009,310.4120531143649,,,300,1.1401819759048522
coco,4,101,bbob_f004_i101_d10,anchor_only,20265009,382.685042616118,,,300,0.14796453597955406
coco,4,101,bbob_f004_i101_d10,cma_es,20265009,232.20426900363304,,,300,0.01794184697791934
coco,4,101,bbob_f004_i101_d10,de,20265009,354.11343837174593,,,300,0.006807484896853566
coco,4,101,bbob_f004_i101_d10,random,20265009,267.3622943490835,,,300,0.003311923937872052
coco,4,102,bbob_f004_i102_d10,full,20265001,249.77568788544374,,,300,1.0773223030846566
coco,4,102,bbob_f004_i102_d10,anchor_only,20265001,316.2567021275332,,,300,0.11573524493724108
coco,4,102,bbob_f004_i102_d10,cma_es,20265001,215.68483213018195,,,300,0.02482670801691711
coco,4,102,bbob_f004_i102_d10,de,20265001,316.25670212753323,,,300,0.01199013413861394
coco,4,102,bbob_f004_i102_d10,random,20265001,387.92808503007734,,,300,0.0017688858788460493
coco,4,102,bbob_f004_i102_d10,full,20265002,331.4096218145441,,,300,1.0366050039883703
coco,4,102,bbob_f004_i102_d10,anchor_only,20265002,352.83590468812105,,,300,0.11038975603878498
coco,4,102,bbob_f004_i102_d10,cma_es,20265002,192.3316691743878,,,300,0.023508002050220966
coco,4,102,bbob_f004_i102_d10,de,20265002,318.5122476751962,,,300,0.008677276084199548
coco,4,102,bbob_f004_i102_d10,random,20265002,440.0281349869357,,,300,0.001195778837427497
coco,4,102,bbob_f004_i102_d10,full,20265003,260.27727420499554,,,300,1.0394313980359584
coco,4,102,bbob_f004_i102_d10,anchor_only,20265003,316.2536091655172,,,300,0.128594454145059
coco,4,102,bbob_f004_i102_d10,cma_es,20265003,174.2327437332859,,,300,0.024872153997421265
coco,4,102,bbob_f004_i102_d10,de,20265003,269.5785620967137,,,300,0.01098317513242364
coco,4,102,bbob_f004_i102_d10,random,20265003,410.00131584756224,,,300,0.0012357409577816725
coco,4,102,bbob_f004_i102_d10,full,20265004,229.51704936416922,,,300,1.0966953709721565
coco,4,102,bbob_f004_i102_d10,anchor_only,20265004,366.50646330771616,,,300,0.1112302818801254
coco,4,102,bbob_f004_i102_d10,cma_es,20265004,205.4804986944531,,,300,0.024228908121585846
coco,4,102,bbob_f004_i102_d10,de,20265004,340.808162434817,,,300,0.008079033810645342
coco,4,102,bbob_f004_i102_d10,random,20265004,271.2510991226452,,,300,0.0012817410752177238
coco,4,102,bbob_f004_i102_d10,full,20265005,294.00251169218495,,,300,1.0049655719194561
coco,4,102,bbob_f004_i102_d10,anchor_only,20265005,328.25650389135745,,,300,0.09876232221722603
coco,4,102,bbob_f004_i102_d10,cma_es,20265005,197.99780304027848,,,300,0.024530940921977162
coco,4,102,bbob_f004_i102_d10,de,20265005,327.94147715756327,,,300,0.012708576861768961
coco,4,102,bbob_f004_i102_d10,random,20265005,322.6089264932648,,,300,0.003151779994368553
coco,4,102,bbob_f004_i102_d10,full,20265006,316.24203603190534,,,300,1.0405800910666585
coco,4,102,bbob_f004_i102_d10,anchor_only,20265006,375.71873583243996,,,300,0.11382789607159793
coco,4,102,bbob_f004_i102_d10,cma_es,20265006,196.2816750716483,,,300,0.026122000999748707
coco,4,102,bbob_f004_i102_d10,de,20265006,272.0743637826043,,,300,0.011243002954870462
coco,4,102,bbob_f004_i102_d10,random,20265006,319.42171403351864,,,300,0.001241117948666215
coco,4,102,bbob_f004_i102_d10,full,20265007,240.26849088083492,,,300,0.9935441839043051
coco,4,102,bbob_f004_i102_d10,anchor_only,20265007,309.7903154697177,,,300,0.1159789590165019
coco,4,102,bbob_f004_i102_d10,cma_es,20265007,199.64542091148502,,,300,0.025296700885519385
coco,4,102,bbob_f004_i102_d10,de,20265007,297.7711242350712,,,300,0.011708647012710571
coco,4,102,bbob_f004_i102_d10,random,20265007,354.58338449474957,,,300,0.0012456979602575302
coco,5,101,bbob_f005_i101_d10,full,20265000,-934.8280048471493,,,300,1.029927902854979
coco,5,101,bbob_f005_i101_d10,anchor_only,20265000,-896.0667751692358,,,300,0.10387023398652673
coco,5,101,bbob_f005_i101_d10,cma_es,20265000,-984.7458223752781,,,300,0.03134498395957053
coco,5,101,bbob_f005_i101_d10,de,20265000,-930.911899092268,,,300,0.015623117098584771
coco,5,101,bbob_f005_i101_d10,random,20265000,-935.3491474462892,,,300,0.0021775278728455305
coco,4,102,bbob_f004_i102_d10,full,20265009,265.38931739579334,,,300,1.079064496094361
coco,4,102,bbob_f004_i102_d10,anchor_only,20265009,366.2820561163344,,,300,0.11813932796940207
coco,4,102,bbob_f004_i102_d10,cma_es,20265009,213.35892676802786,,,300,0.027424921980127692
coco,4,102,bbob_f004_i102_d10,de,20265009,311.29621701087063,,,300,0.009306901833042502
coco,4,102,bbob_f004_i102_d10,random,20265009,275.5057139327584,,,300,0.0037091351114213467
coco,4,102,bbob_f004_i102_d10,full,20265008,321.26444157734545,,,300,1.1244294659700245
coco,4,102,bbob_f004_i102_d10,anchor_only,20265008,398.91716077902504,,,300,0.11269670189358294
coco,4,102,bbob_f004_i102_d10,cma_es,20265008,185.81828770024475,,,300,0.019439906114712358
coco,4,102,bbob_f004_i102_d10,de,20265008,298.98842015188626,,,300,0.012968701077625155
coco,4,102,bbob_f004_i102_d10,random,20265008,383.56642085543285,,,300,0.0012691440060734749
coco,5,101,bbob_f005_i101_d10,full,20265002,-967.5040523364687,,,300,1.0374738660175353
coco,5,101,bbob_f005_i101_d10,anchor_only,20265002,-908.1049833330562,,,300,0.11569100199267268
coco,5,101,bbob_f005_i101_d10,cma_es,20265002,-987.1623799996711,,,300,0.027921495959162712
coco,5,101,bbob_f005_i101_d10,de,20265002,-916.6101779923204,,,300,0.008532488951459527
coco,5,101,bbob_f005_i101_d10,random,20265002,-909.0019764937192,,,300,0.0015675399918109179
coco,5,101,bbob_f005_i101_d10,full,20265001,-965.1044667588271,,,300,1.0721586139407009
coco,5,101,bbob_f005_i101_d10,anchor_only,20265001,-938.7046702609944,,,300,0.11221520206891
coco,5,101,bbob_f005_i101_d10,cma_es,20265001,-990.0495644901579,,,300,0.04001462901942432
coco,5,101,bbob_f005_i101_d10,de,20265001,-938.7046702609944,,,300,0.007579971803352237
coco,5,101,bbob_f005_i101_d10,random,20265001,-923.2495891828719,,,300,0.0010045638773590326
coco,5,101,bbob_f005_i101_d10,full,20265003,-971.2910914213672,,,300,1.1270559700205922
coco,5,101,bbob_f005_i101_d10,anchor_only,20265003,-891.6687753360949,,,300,0.1079611680470407
coco,5,101,bbob_f005_i101_d10,cma_es,20265003,-986.4781091214429,,,300,0.03440382285043597
coco,5,101,bbob_f005_i101_d10,de,20265003,-936.7546040735429,,,300,0.011898793978616595
coco,5,101,bbob_f005_i101_d10,random,20265003,-923.0060950155381,,,300,0.0009082460310310125
coco,5,101,bbob_f005_i101_d10,full,20265004,-939.7211584931947,,,300,0.9811082631349564
coco,5,101,bbob_f005_i101_d10,anchor_only,20265004,-907.0903105724278,,,300,0.11535014095716178
coco,5,101,bbob_f005_i101_d10,cma_es,20265004,-976.208690765941,,,300,0.02398096490651369
coco,5,101,bbob_f005_i101_d10,de,20265004,-924.1177769349104,,,300,0.00950329308398068
coco,5,101,bbob_f005_i101_d10,random,20265004,-918.789131808549,,,300,0.0015445109456777573
coco,5,101,bbob_f005_i101_d10,full,20265005,-940.1370097092507,,,300,0.9332591441925615
coco,5,101,bbob_f005_i101_d10,anchor_only,20265005,-891.1720479207523,,,300,0.11150160804390907
coco,5,101,bbob_f005_i101_d10,cma_es,20265005,-994.6255992693215,,,300,0.025563187897205353
coco,5,101,bbob_f005_i101_d10,de,20265005,-925.6836092582582,,,300,0.013209952041506767
coco,5,101,bbob_f005_i101_d10,random,20265005,-928.6099425153153,,,300,0.0028493469581007957
coco,5,101,bbob_f005_i101_d10,full,20265006,-972.1133293777891,,,300,0.9893907478544861
coco,5,101,bbob_f005_i101_d10,anchor_only,20265006,-924.1472052675247,,,300,0.11118355998769403
coco,5,101,bbob_f005_i101_d10,cma_es,20265006,-988.163099140783,,,300,0.028282677987590432
coco,5,101,bbob_f005_i101_d10,de,20265006,-924.1472052675247,,,300,0.006468163803219795
coco,5,101,bbob_f005_i101_d10,random,20265006,-933.3394037177875,,,300,0.0010011279955506325
coco,5,101,bbob_f005_i101_d10,full,20265007,-962.2252212634007,,,300,1.0051926597952843
coco,5,101,bbob_f005_i101_d10,anchor_only,20265007,-897.147896391283,,,300,0.10959575790911913
coco,5,101,bbob_f005_i101_d10,cma_es,20265007,-992.4879589730893,,,300,0.030092332046478987
coco,5,101,bbob_f005_i101_d10,de,20265007,-928.793048588446,,,300,0.00918369903229177
coco,5,101,bbob_f005_i101_d10,random,20265007,-919.7023010092036,,,300,0.0009749780874699354
coco,5,101,bbob_f005_i101_d10,full,20265008,-956.2567724369073,,,300,0.9653040040284395
coco,5,101,bbob_f005_i101_d10,anchor_only,20265008,-910.5422464360795,,,300,0.13479271600954235
coco,5,101,bbob_f005_i101_d10,cma_es,20265008,-992.2661188540609,,,300,0.033353575970977545
coco,5,101,bbob_f005_i101_d10,de,20265008,-940.1051901826557,,,300,0.01027862005867064
coco,5,101,bbob_f005_i101_d10,random,20265008,-913.2013809519387,,,300,0.0027241790667176247
coco,5,101,bbob_f005_i101_d10,full,20265009,-978.4678231299716,,,300,0.9831719540525228
coco,5,101,bbob_f005_i101_d10,anchor_only,20265009,-902.4588551935711,,,300,0.09960298403166234
coco,5,101,bbob_f005_i101_d10,cma_es,20265009,-983.1725069266439,,,300,0.02943000802770257
coco,5,101,bbob_f005_i101_d10,de,20265009,-937.480591838275,,,300,0.006641113897785544
coco,5,101,bbob_f005_i101_d10,random,20265009,-917.193386246158,,,300,0.0008754038717597723
coco,5,102,bbob_f005_i102_d10,full,20265000,-69.21277586432082,,,300,1.0544854700565338
coco,5,102,bbob_f005_i102_d10,anchor_only,20265000,-31.511544309067943,,,300,0.12984394910745323
coco,5,102,bbob_f005_i102_d10,cma_es,20265000,-92.97100331265801,,,300,0.03307086182758212
coco,5,102,bbob_f005_i102_d10,de,20265000,-35.36581665637232,,,300,0.013356889132410288
coco,5,102,bbob_f005_i102_d10,random,20265000,-18.74647080679574,,,300,0.0009434381499886513
coco,5,102,bbob_f005_i102_d10,full,20265003,-55.53880988972255,,,300,1.0360598750412464
coco,5,102,bbob_f005_i102_d10,anchor_only,20265003,-25.947265663184368,,,300,0.12989695207215846
coco,5,102,bbob_f005_i102_d10,cma_es,20265003,-94.59874732400033,,,300,0.03375370800495148
coco,5,102,bbob_f005_i102_d10,de,20265003,-25.947265663184368,,,300,0.005589287029579282
coco,5,102,bbob_f005_i102_d10,random,20265003,-7.972239407454623,,,300,0.0009403980802744627
coco,5,102,bbob_f005_i102_d10,full,20265002,-71.57976425780544,,,300,1.0284402759280056
coco,5,102,bbob_f005_i102_d10,anchor_only,20265002,-7.029976470030803,,,300,0.14804000803269446
coco,5,102,bbob_f005_i102_d10,cma_es,20265002,-92.16567899405598,,,300,0.024781418032944202
coco,5,102,bbob_f005_i102_d10,de,20265002,-22.561210937769317,,,300,0.005466706119477749
coco,5,102,bbob_f005_i102_d10,random,20265002,-18.586241108380207,,,300,0.0009790488984435797
coco,5,102,bbob_f005_i102_d10,full,20265004,-51.56912520697149,,,300,1.008696244098246
coco,5,102,bbob_f005_i102_d10,anchor_only,20265004,8.996900669366937,,,300,0.13932587299495935
coco,5,102,bbob_f005_i102_d10,cma_es,20265004,-86.58030925177319,,,300,0.039171976037323475
coco,5,102,bbob_f005_i102_d10,de,20265004,-23.04744189787789,,,300,0.014119220897555351
coco,5,102,bbob_f005_i102_d10,random,20265004,-3.1002118584867304,,,300,0.00119341304525733
coco,5,102,bbob_f005_i102_d10,full,20265001,-44.68435909549655,,,300,1.0831795348785818
coco,5,102,bbob_f005_i102_d10,anchor_only,20265001,-7.7208390538671665,,,300,0.12587801297195256
coco,5,102,bbob_f005_i102_d10,cma_es,20265001,-88.79462404545497,,,300,0.033740821992978454
coco,5,102,bbob_f005_i102_d10,de,20265001,-26.009062341346436,,,300,0.01141960290260613
coco,5,102,bbob_f005_i102_d10,random,20265001,-12.504460145823842,,,300,0.0013441219925880432
coco,5,102,bbob_f005_i102_d10,full,20265005,-70.78363545067718,,,300,1.070806659059599
coco,5,102,bbob_f005_i102_d10,anchor_only,20265005,10.966222801951432,,,300,0.11116900597698987
coco,5,102,bbob_f005_i102_d10,cma_es,20265005,-94.04139633183627,,,300,0.024285926949232817
coco,5,102,bbob_f005_i102_d10,de,20265005,-46.97882490219804,,,300,0.015866069123148918
coco,5,102,bbob_f005_i102_d10,random,20265005,-14.579472516323435,,,300,0.001010729931294918
coco,5,102,bbob_f005_i102_d10,full,20265007,-63.650031606811545,,,300,0.9447356560267508
coco,5,102,bbob_f005_i102_d10,anchor_only,20265007,-6.051446684168866,,,300,0.1135977350641042
coco,5,102,bbob_f005_i102_d10,cma_es,20265007,-85.04366086616855,,,300,0.019883505068719387
coco,5,102,bbob_f005_i102_d10,de,20265007,-36.447847850316634,,,300,0.005577353062108159
coco,5,102,bbob_f005_i102_d10,random,20265007,-7.818841245813786,,,300,0.0011737318709492683
coco,5,102,bbob_f005_i102_d10,full,20265006,-75.19993655930885,,,300,1.008776580914855
coco,5,102,bbob_f005_i102_d10,anchor_only,20265006,-19.625929779698566,,,300,0.09519355394877493
coco,5,102,bbob_f005_i102_d10,cma_es,20265006,-96.9891613759235,,,300,0.025384651962667704
coco,5,102,bbob_f005_i102_d10,de,20265006,-30.2871218682848,,,300,0.010962245985865593
coco,5,102,bbob_f005_i102_d10,random,20265006,0.7917207869104459,,,300,0.0012337251100689173
coco,5,102,bbob_f005_i102_d10,full,20265008,-61.66417937254651,,,300,1.0176367959938943
coco,5,102,bbob_f005_i102_d10,anchor_only,20265008,6.390345835661506,,,300,0.1305152119603008
coco,5,102,bbob_f005_i102_d10,cma_es,20265008,-99.44096072143373,,,300,0.03965510590933263
coco,5,102,bbob_f005_i102_d10,de,20265008,-41.467206895782105,,,300,0.0060812621377408504
coco,5,102,bbob_f005_i102_d10,random,20265008,-20.749896954190987,,,300,0.00284568197093904
coco,5,102,bbob_f005_i102_d10,full,20265009,-65.59589388731925,,,300,1.0077539449557662
coco,5,102,bbob_f005_i102_d10,anchor_only,20265009,-13.552369998297934,,,300,0.11871868697926402
coco,5,102,bbob_f005_i102_d10,cma_es,20265009,-88.4970356137187,,,300,0.021809062222018838
coco,5,102,bbob_f005_i102_d10,de,20265009,-17.491306148381312,,,300,0.013475731015205383
coco,5,102,bbob_f005_i102_d10,random,20265009,-33.31234438333128,,,300,0.0011750299017876387
coco,6,101,bbob_f006_i101_d10,full,20265000,6780.134591312983,,,300,0.9549100170843303
coco,6,101,bbob_f006_i101_d10,anchor_only,20265000,102698.03440706784,,,300,0.10259494092315435
coco,6,101,bbob_f006_i101_d10,cma_es,20265000,445.59391019146034,,,300,0.025600885041058064
coco,6,101,bbob_f006_i101_d10,de,20265000,17965.27034527882,,,300,0.015552012016996741
coco,6,101,bbob_f006_i101_d10,random,20265000,62518.330929585216,,,300,0.0031313379295170307
coco,6,101,bbob_f006_i101_d10,full,20265001,76816.10614593627,,,300,1.0540498301852494
coco,6,101,bbob_f006_i101_d10,anchor_only,20265001,196356.83415438273,,,300,0.12020422401838005
coco,6,101,bbob_f006_i101_d10,cma_es,20265001,60.82423445776433,,,300,0.026074599009007215
coco,6,101,bbob_f006_i101_d10,de,20265001,89351.67020951238,,,300,0.005589803913608193
coco,6,101,bbob_f006_i101_d10,random,20265001,114541.17007189075,,,300,0.0031750809866935015
coco,6,101,bbob_f006_i101_d10,full,20265002,15476.198218033518,,,300,0.9933704298455268
coco,6,101,bbob_f006_i101_d10,anchor_only,20265002,111813.5285274867,,,300,0.1337326499633491
coco,6,101,bbob_f006_i101_d10,cma_es,20265002,10.807533655445301,,,300,0.025711182970553637
coco,6,101,bbob_f006_i101_d10,de,20265002,62646.060689697326,,,300,0.005403236020356417
coco,6,101,bbob_f006_i101_d10,random,20265002,51995.39595941844,,,300,0.0009376530069857836
coco,6,101,bbob_f006_i101_d10,full,20265006,32431.149625675283,,,300,0.9883506968617439
coco,6,101,bbob_f006_i101_d10,anchor_only,20265006,123628.3007478359,,,300,0.13222701381891966
coco,6,101,bbob_f006_i101_d10,cma_es,20265006,43.51393479089604,,,300,0.028019367018714547
coco,6,101,bbob_f006_i101_d10,de,20265006,85062.41172292546,,,300,0.005680525908246636
coco,6,101,bbob_f006_i101_d10,random,20265006,112563.06283730343,,,300,0.0030651288107037544
coco,6,101,bbob_f006_i101_d10,full,20265003,107753.36022309931,,,300,1.0417840029112995
coco,6,101,bbob_f006_i101_d10,anchor_only,20265003,170904.25432743953,,,300,0.12110877013765275
coco,6,101,bbob_f006_i101_d10,cma_es,20265003,73.04675546133421,,,300,0.034382016863673925
coco,6,101,bbob_f006_i101_d10,de,20265003,47725.16669497217,,,300,0.012709259055554867
coco,6,101,bbob_f006_i101_d10,random,20265003,16391.00469946036,,,300,0.0009414029773324728
coco,6,101,bbob_f006_i101_d10,full,20265005,12589.117264855076,,,300,1.0639448121655732
coco,6,101,bbob_f006_i101_d10,anchor_only,20265005,64507.80328669078,,,300,0.12977613392286003
coco,6,101,bbob_f006_i101_d10,cma_es,20265005,36.30032023256124,,,300,0.03028131416067481
coco,6,101,bbob_f006_i101_d10,de,20265005,61045.38789691799,,,300,0.00873845093883574
coco,6,101,bbob_f006_i101_d10,random,20265005,40845.008891255864,,,300,0.0010119520593434572
coco,6,101,bbob_f006_i101_d10,full,20265004,13266.165759873233,,,300,1.1059037670493126
coco,6,101,bbob_f006_i101_d10,anchor_only,20265004,78659.09744951481,,,300,0.11719566397368908
coco,6,101,bbob_f006_i101_d10,cma_es,20265004,1243.687965607205,,,300,0.037108762888237834
coco,6,101,bbob_f006_i101_d10,de,20265004,78659.09744951481,,,300,0.006567500997334719
coco,6,101,bbob_f006_i101_d10,random,20265004,132830.40620651326,,,300,0.001606358913704753
coco,6,101,bbob_f006_i101_d10,full,20265007,34392.31806041841,,,300,1.0442071661818773
coco,6,101,bbob_f006_i101_d10,anchor_only,20265007,117868.68753679207,,,300,0.10994105716235936
coco,6,101,bbob_f006_i101_d10,cma_es,20265007,1930.2739775862915,,,300,0.03582605021074414
coco,6,101,bbob_f006_i101_d10,de,20265007,57890.516315554756,,,300,0.011129161808639765
coco,6,101,bbob_f006_i101_d10,random,20265007,112450.82219632226,,,300,0.0009884170722216368
coco,6,101,bbob_f006_i101_d10,full,20265008,917.2986001636314,,,300,0.9668295530136675
coco,6,101,bbob_f006_i101_d10,anchor_only,20265008,118330.48657540751,,,300,0.1236928750295192
coco,6,101,bbob_f006_i101_d10,cma_es,20265008,61.63843322665615,,,300,0.019958834862336516
coco,6,101,bbob_f006_i101_d10,de,20265008,27100.01242945699,,,300,0.012005502125248313
coco,6,101,bbob_f006_i101_d10,random,20265008,58283.60398169505,,,300,0.0010569251608103514
coco,6,101,bbob_f006_i101_d10,full,20265009,14794.4360593647,,,300,0.9911658589262515
coco,6,101,bbob_f006_i101_d10,anchor_only,20265009,125089.96799242751,,,300,0.09840588690713048
coco,6,101,bbob_f006_i101_d10,cma_es,20265009,764.8496859429137,,,300,0.02829527505673468
coco,6,101,bbob_f006_i101_d10,de,20265009,66230.10281561731,,,300,0.005225588101893663
coco,6,101,bbob_f006_i101_d10,random,20265009,87545.64579138097,,,300,0.0010079711209982634
coco,6,102,bbob_f006_i102_d10,full,20265001,3643.498021335123,,,300,0.9268880558665842
coco,6,102,bbob_f006_i102_d10,anchor_only,20265001,34133.132703432915,,,300,0.11732462793588638
coco,6,102,bbob_f006_i102_d10,cma_es,20265001,82.25240738876832,,,300,0.035841005854308605
coco,6,102,bbob_f006_i102_d10,de,20265001,6576.4738866821435,,,300,0.005238896002992988
coco,6,102,bbob_f006_i102_d10,random,20265001,44266.08091726745,,,300,0.00096495496109128
coco,6,102,bbob_f006_i102_d10,full,20265000,102.43431636086952,,,300,1.0187254080083221
coco,6,102,bbob_f006_i102_d10,anchor_only,20265000,20716.919006205157,,,300,0.10453966399654746
coco,6,102,bbob_f006_i102_d10,cma_es,20265000,71.15833062492248,,,300,0.031997354002669454
coco,6,102,bbob_f006_i102_d10,de,20265000,1949.9086373402288,,,300,0.011310059111565351
coco,6,102,bbob_f006_i102_d10,random,20265000,27854.87478454445,,,300,0.001683780923485756
coco,6,102,bbob_f006_i102_d10,full,20265002,87.79458024003976,,,300,1.0129998219199479
coco,6,102,bbob_f006_i102_d10,anchor_only,20265002,16280.779728224621,,,300,0.10369070805609226
coco,6,102,bbob_f006_i102_d10,cma_es,20265002,40.01277003515438,,,300,0.03801901312544942
coco,6,102,bbob_f006_i102_d10,de,20265002,75.65594053432164,,,300,0.016318090027198195
coco,6,102,bbob_f006_i102_d10,random,20265002,34764.249781656465,,,300,0.0016466749366372824
coco,6,102,bbob_f006_i102_d10,full,20265003,123.83387707839466,,,300,1.037378940032795
coco,6,102,bbob_f006_i102_d10,anchor_only,20265003,413.34026877891046,,,300,0.10479465103708208
coco,6,102,bbob_f006_i102_d10,cma_es,20265003,101.25455426629988,,,300,0.03179866191931069
coco,6,102,bbob_f006_i102_d10,de,20265003,134.62360757023336,,,300,0.007940278155729175
coco,6,102,bbob_f006_i102_d10,random,20265003,48204.705631749945,,,300,0.001052394974976778
coco,6,102,bbob_f006_i102_d10,full,20265004,155.72789897374824,,,300,0.908898944966495
coco,6,102,bbob_f006_i102_d10,anchor_only,20265004,8534.505757013258,,,300,0.11231181398034096
coco,6,102,bbob_f006_i102_d10,cma_es,20265004,126.88054047402674,,,300,0.03826023102737963
coco,6,102,bbob_f006_i102_d10,de,20265004,145.28334718684206,,,300,0.010943528031930327
coco,6,102,bbob_f006_i102_d10,random,20265004,14941.483502198422,,,300,0.0009575558360666037
coco,6,102,bbob_f006_i102_d10,full,20265006,80.47741116717602,,,300,1.000933452975005
coco,6,102,bbob_f006_i102_d10,anchor_only,20265006,23232.62223316632,,,300,0.1180670210160315
coco,6,102,bbob_f006_i102_d10,cma_es,20265006,75.73497862608852,,,300,0.029340030858293176
coco,6,102,bbob_f006_i102_d10,de,20265006,142.07915054474256,,,300,0.009862863924354315
coco,6,102,bbob_f006_i102_d10,random,20265006,6301.203528589162,,,300,0.0029920118395239115
coco,6,102,bbob_f006_i102_d10,full,20265005,106.97749524391378,,,300,1.0476495630573481
coco,6,102,bbob_f006_i102_d10,anchor_only,20265005,44286.72858913107,,,300,0.13543107896111906
coco,6,102,bbob_f006_i102_d10,cma_es,20265005,80.47544935034743,,,300,0.04147498798556626
coco,6,102,bbob_f006_i102_d10,de,20265005,2295.523827581296,,,300,0.007525272900238633
coco,6,102,bbob_f006_i102_d10,random,20265005,7199.3966908432885,,,300,0.001071442849934101
coco,6,102,bbob_f006_i102_d10,full,20265008,89.73703413735883,,,300,1.0457733771763742
coco,6,102,bbob_f006_i102_d10,anchor_only,20265008,34154.59005871247,,,300,0.12097670696675777
coco,6,102,bbob_f006_i102_d10,cma_es,20265008,44.51398632708803,,,300,0.03462765598669648
coco,6,102,bbob_f006_i102_d10,de,20265008,142.31410770570872,,,300,0.011335460003465414
coco,6,102,bbob_f006_i102_d10,random,20265008,16500.362558970133,,,300,0.0010109441354870796
coco,6,102,bbob_f006_i102_d10,full,20265007,3682.919423721129,,,300,1.0957175160292536
coco,6,102,bbob_f006_i102_d10,anchor_only,20265007,18197.251660987138,,,300,0.14013305003754795
coco,6,102,bbob_f006_i102_d10,cma_es,20265007,37.22779151213858,,,300,0.028424158925190568
coco,6,102,bbob_f006_i102_d10,de,20265007,5636.703769994581,,,300,0.006064889952540398
coco,6,102,bbob_f006_i102_d10,random,20265007,16280.951406796386,,,300,0.0009549448732286692
coco,7,101,bbob_f007_i101_d10,full,20265000,-140.22818723219336,,,300,0.9447029479779303
coco,7,101,bbob_f007_i101_d10,anchor_only,20265000,-97.83821436721999,,,300,0.11757053504697978
coco,7,101,bbob_f007_i101_d10,cma_es,20265000,-196.91075389358002,,,300,0.02669748989865184
coco,7,101,bbob_f007_i101_d10,de,20265000,-128.35601406343608,,,300,0.012942016823217273
coco,7,101,bbob_f007_i101_d10,random,20265000,-57.19022404585391,,,300,0.00303575093857944
coco,6,102,bbob_f006_i102_d10,full,20265009,68.63671432939314,,,300,1.047081900993362
coco,6,102,bbob_f006_i102_d10,anchor_only,20265009,32973.87887023599,,,300,0.11517350212670863
coco,6,102,bbob_f006_i102_d10,cma_es,20265009,83.97833395590368,,,300,0.03461194783449173
coco,6,102,bbob_f006_i102_d10,de,20265009,24854.41505131089,,,300,0.016858039190992713
coco,6,102,bbob_f006_i102_d10,random,20265009,15542.924772234252,,,300,0.0032307710498571396
coco,7,101,bbob_f007_i101_d10,full,20265001,-134.7187015313496,,,300,0.9896264779381454
coco,7,101,bbob_f007_i101_d10,anchor_only,20265001,-114.13974517312114,,,300,0.11388639104552567
coco,7,101,bbob_f007_i101_d10,cma_es,20265001,-196.30325186519104,,,300,0.0335367068182677
coco,7,101,bbob_f007_i101_d10,de,20265001,-135.89234183633377,,,300,0.01353521691635251
coco,7,101,bbob_f007_i101_d10,random,20265001,-107.89591755729553,,,300,0.002509125042706728
coco,7,101,bbob_f007_i101_d10,full,20265002,-174.08769719586132,,,300,1.0567776581738144
coco,7,101,bbob_f007_i101_d10,anchor_only,20265002,-140.29165568888996,,,300,0.1383065169211477
coco,7,101,bbob_f007_i101_d10,cma_es,20265002,-203.1246688880787,,,300,0.02116815699264407
coco,7,101,bbob_f007_i101_d10,de,20265002,-127.9107581786842,,,300,0.010194958187639713
coco,7,101,bbob_f007_i101_d10,random,20265002,-72.91777992607055,,,300,0.0009616769384592772
coco,7,101,bbob_f007_i101_d10,full,20265003,-130.81611765476532,,,300,1.0379545739851892
coco,7,101,bbob_f007_i101_d10,anchor_only,20265003,-105.66762664998035,,,300,0.1184521489776671
coco,7,101,bbob_f007_i101_d10,cma_es,20265003,-201.12770404437882,,,300,0.024736445164307952
coco,7,101,bbob_f007_i101_d10,de,20265003,-174.8759379382298,,,300,0.013168710051104426
coco,7,101,bbob_f007_i101_d10,random,20265003,-159.45547409707746,,,300,0.00306943291798234
coco,7,101,bbob_f007_i101_d10,full,20265004,-156.2501415317176,,,300,1.0023280379828066
coco,7,101,bbob_f007_i101_d10,anchor_only,20265004,-97.093734927572,,,300,0.12332153902389109
coco,7,101,bbob_f007_i101_d10,cma_es,20265004,-203.92827740828022,,,300,0.02947116899304092
coco,7,101,bbob_f007_i101_d10,de,20265004,-168.4200585414646,,,300,0.009773554047569633
coco,7,101,bbob_f007_i101_d10,random,20265004,-50.46581116130136,,,300,0.0030070000793784857
coco,7,101,bbob_f007_i101_d10,full,20265005,-190.28673285822717,,,300,1.0902984999120235
coco,7,101,bbob_f007_i101_d10,anchor_only,20265005,-118.12786794273498,,,300,0.14663056191056967
coco,7,101,bbob_f007_i101_d10,cma_es,20265005,-192.79086610421894,,,300,0.01717483694665134
coco,7,101,bbob_f007_i101_d10,de,20265005,-180.74652424397974,,,300,0.00549526116810739
coco,7,101,bbob_f007_i101_d10,random,20265005,-73.43373195324176,,,300,0.0009928299114108086
coco,7,101,bbob_f007_i101_d10,full,20265006,-196.18985006289358,,,300,1.1567138249520212
coco,7,101,bbob_f007_i101_d10,anchor_only,20265006,-90.7946400799574,,,300,0.11533517600037158
coco,7,101,bbob_f007_i101_d10,cma_es,20265006,-202.38362632783486,,,300,0.0290205548517406
coco,7,101,bbob_f007_i101_d10,de,20265006,-114.08067337569493,,,300,0.009184845024719834
coco,7,101,bbob_f007_i101_d10,random,20265006,-149.32558152229592,,,300,0.0009786239825189114
coco,7,101,bbob_f007_i101_d10,full,20265007,-183.36983948060345,,,300,1.1094996808096766
coco,7,101,bbob_f007_i101_d10,anchor_only,20265007,-139.10307949671872,,,300,0.12933094892650843
coco,7,101,bbob_f007_i101_d10,cma_es,20265007,-175.5986732431138,,,300,0.02820358402095735
coco,7,101,bbob_f007_i101_d10,de,20265007,-137.81193249923518,,,300,0.010312490165233612
coco,7,101,bbob_f007_i101_d10,random,20265007,22.246795084662153,,,300,0.0009828249458223581
coco,7,101,bbob_f007_i101_d10,full,20265008,-169.00129544069577,,,300,1.1005386270117015
coco,7,101,bbob_f007_i101_d10,anchor_only,20265008,-157.09743021129697,,,300,0.1231747551355511
coco,7,101,bbob_f007_i101_d10,cma_es,20265008,-199.98503152886175,,,300,0.0207595219835639
coco,7,101,bbob_f007_i101_d10,de,20265008,-157.09743021129697,,,300,0.006202265154570341
coco,7,101,bbob_f007_i101_d10,random,20265008,-57.23840871617591,,,300,0.001842783996835351
coco,7,101,bbob_f007_i101_d10,full,20265009,-153.48423447912884,,,300,1.1038199490867555
coco,7,101,bbob_f007_i101_d10,anchor_only,20265009,-131.1729512997939,,,300,0.12369992700405419
coco,7,101,bbob_f007_i101_d10,cma_es,20265009,-201.1986821568316,,,300,0.02917719096876681
coco,7,101,bbob_f007_i101_d10,de,20265009,-132.90439676657616,,,300,0.006240646122023463
coco,7,101,bbob_f007_i101_d10,random,20265009,-116.32926595849673,,,300,0.0023667849600315094
coco,7,102,bbob_f007_i102_d10,full,20265000,-238.09010459005702,,,300,1.1440453240647912
coco,7,102,bbob_f007_i102_d10,anchor_only,20265000,-151.79667533169447,,,300,0.12159811588935554
coco,7,102,bbob_f007_i102_d10,cma_es,20265000,-313.1565615598958,,,300,0.03440771601162851
coco,7,102,bbob_f007_i102_d10,de,20265000,-280.10061557174186,,,300,0.00832801591604948
coco,7,102,bbob_f007_i102_d10,random,20265000,-157.98596083772148,,,300,0.002360731828957796
coco,7,102,bbob_f007_i102_d10,full,20265003,-267.4538231924512,,,300,1.0303164781071246
coco,7,102,bbob_f007_i102_d10,anchor_only,20265003,-234.27535893083643,,,300,0.11541699897497892
coco,7,102,bbob_f007_i102_d10,cma_es,20265003,-311.31852814454226,,,300,0.0314260080922395
coco,7,102,bbob_f007_i102_d10,de,20265003,-207.1460910766325,,,300,0.011561652878299356
coco,7,102,bbob_f007_i102_d10,random,20265003,-161.41523682978146,,,300,0.0009872808586806059
coco,7,102,bbob_f007_i102_d10,full,20265001,-245.24448228259507,,,300,1.1109266160055995
coco,7,102,bbob_f007_i102_d10,anchor_only,20265001,-172.722884879698,,,300,0.1087408340536058
coco,7,102,bbob_f007_i102_d10,cma_es,20265001,-310.753742456923,,,300,0.026393355103209615
coco,7,102,bbob_f007_i102_d10,de,20265001,-219.34792374020344,,,300,0.015486199874430895
coco,7,102,bbob_f007_i102_d10,random,20265001,-108.33404823460913,,,300,0.0031190230511128902
coco,7,102,bbob_f007_i102_d10,full,20265002,-265.86674361936696,,,300,1.1315715641248971
coco,7,102,bbob_f007_i102_d10,anchor_only,20265002,-239.20290913239938,,,300,0.1233849641866982
coco,7,102,bbob_f007_i102_d10,cma_es,20265002,-311.1338963900792,,,300,0.03418924007564783
coco,7,102,bbob_f007_i102_d10,de,20265002,-263.0551897534918,,,300,0.013646327890455723
coco,7,102,bbob_f007_i102_d10,random,20265002,-156.92972325341245,,,300,0.0016600219532847404
coco,7,102,bbob_f007_i102_d10,full,20265004,-277.44668688517874,,,300,1.047341888770461
coco,7,102,bbob_f007_i102_d10,anchor_only,20265004,-193.7460571227125,,,300,0.09958796016871929
coco,7,102,bbob_f007_i102_d10,cma_es,20265004,-310.3775305043392,,,300,0.026273840805515647
coco,7,102,bbob_f007_i102_d10,de,20265004,-214.6088982009175,,,300,0.01018461212515831
coco,7,102,bbob_f007_i102_d10,random,20265004,-231.42984596880848,,,300,0.0012947989162057638
coco,7,102,bbob_f007_i102_d10,full,20265005,-279.6629915447401,,,300,1.0544612458907068
coco,7,102,bbob_f007_i102_d10,anchor_only,20265005,-169.43070967352674,,,300,0.12422714103013277
coco,7,102,bbob_f007_i102_d10,cma_es,20265005,-301.4579815422037,,,300,0.030027335043996572
coco,7,102,bbob_f007_i102_d10,de,20265005,-191.2364713447305,,,300,0.008008072851225734
coco,7,102,bbob_f007_i102_d10,random,20265005,-163.37456259737442,,,300,0.0010636469814926386
coco,7,102,bbob_f007_i102_d10,full,20265006,-249.74053069171532,,,300,1.0617072482127696
coco,7,102,bbob_f007_i102_d10,anchor_only,20265006,-218.87932188875163,,,300,0.1110261301510036
coco,7,102,bbob_f007_i102_d10,cma_es,20265006,-308.74977159922844,,,300,0.02269154810346663
coco,7,102,bbob_f007_i102_d10,de,20265006,-165.6153885094108,,,300,0.013168957782909274
coco,7,102,bbob_f007_i102_d10,random,20265006,-178.40004618419644,,,300,0.0011168080382049084
coco,7,102,bbob_f007_i102_d10,full,20265007,-273.61397516171286,,,300,1.0546530960127711
coco,7,102,bbob_f007_i102_d10,anchor_only,20265007,-232.6302817885579,,,300,0.12142855883575976
coco,7,102,bbob_f007_i102_d10,cma_es,20265007,-313.48674003107413,,,300,0.03471810603514314
coco,7,102,bbob_f007_i102_d10,de,20265007,-232.6302817885579,,,300,0.009794984012842178
coco,7,102,bbob_f007_i102_d10,random,20265007,-134.19279606614575,,,300,0.0021803511772304773
coco,7,102,bbob_f007_i102_d10,full,20265008,-184.01053962340845,,,300,1.0011876840144396
coco,7,102,bbob_f007_i102_d10,anchor_only,20265008,-124.77229259831682,,,300,0.12401603511534631
coco,7,102,bbob_f007_i102_d10,cma_es,20265008,-316.1329661135676,,,300,0.029841277049854398
coco,7,102,bbob_f007_i102_d10,de,20265008,-206.17730423531532,,,300,0.00593454297631979
coco,7,102,bbob_f007_i102_d10,random,20265008,-94.12157500914759,,,300,0.0015182029455900192
coco,7,102,bbob_f007_i102_d10,full,20265009,-263.0190916468514,,,300,1.0493891139049083
coco,7,102,bbob_f007_i102_d10,anchor_only,20265009,-177.3843764066552,,,300,0.1021058231126517
coco,7,102,bbob_f007_i102_d10,cma_es,20265009,-300.1552128169513,,,300,0.028565844986587763
coco,7,102,bbob_f007_i102_d10,de,20265009,-197.74980422770872,,,300,0.008375478908419609
coco,7,102,bbob_f007_i102_d10,random,20265009,-174.65366118094568,,,300,0.0009153829887509346
coco,8,101,bbob_f008_i101_d10,full,20265000,903.3324529377635,,,300,1.100308472989127
coco,8,101,bbob_f008_i101_d10,anchor_only,20265000,9271.670903035443,,,300,0.1287586521357298
coco,8,101,bbob_f008_i101_d10,cma_es,20265000,81.28344010533142,,,300,0.026538265170529485
coco,8,101,bbob_f008_i101_d10,de,20265000,3724.0426912414764,,,300,0.00670448993332684
coco,8,101,bbob_f008_i101_d10,random,20265000,9008.515777559218,,,300,0.000903306994587183
coco,8,101,bbob_f008_i101_d10,full,20265004,1315.8920626067097,,,300,0.9591804519295692
coco,8,101,bbob_f008_i101_d10,anchor_only,20265004,4273.324337036866,,,300,0.1202892700675875
coco,8,101,bbob_f008_i101_d10,cma_es,20265004,183.28334461542485,,,300,0.027108403155580163
coco,8,101,bbob_f008_i101_d10,de,20265004,7090.160467291278,,,300,0.005172939971089363
coco,8,101,bbob_f008_i101_d10,random,20265004,5110.525280325488,,,300,0.0008539969567209482
coco,8,101,bbob_f008_i101_d10,full,20265001,6242.516218493205,,,300,1.049592399969697
coco,8,101,bbob_f008_i101_d10,anchor_only,20265001,16984.827753881127,,,300,0.1182349871378392
coco,8,101,bbob_f008_i101_d10,cma_es,20265001,543.636546166672,,,300,0.026432920014485717
coco,8,101,bbob_f008_i101_d10,de,20265001,11025.228995857138,,,300,0.01161176385357976
coco,8,101,bbob_f008_i101_d10,random,20265001,24168.972072967073,,,300,0.0027967451605945826
coco,8,101,bbob_f008_i101_d10,full,20265003,5516.188413642911,,,300,0.9847293880302459
coco,8,101,bbob_f008_i101_d10,anchor_only,20265003,8950.625744086365,,,300,0.10512973996810615
coco,8,101,bbob_f008_i101_d10,cma_es,20265003,113.67171089477618,,,300,0.023521124152466655
coco,8,101,bbob_f008_i101_d10,de,20265003,10415.244526609069,,,300,0.005388210993260145
coco,8,101,bbob_f008_i101_d10,random,20265003,14919.48726999113,,,300,0.0009572070557624102
coco,8,101,bbob_f008_i101_d10,full,20265002,2903.246282722867,,,300,1.0678779198788106
coco,8,101,bbob_f008_i101_d10,anchor_only,20265002,13977.56480742038,,,300,0.10700005083344877
coco,8,101,bbob_f008_i101_d10,cma_es,20265002,97.71488421011061,,,300,0.034894846146926284
coco,8,101,bbob_f008_i101_d10,de,20265002,3514.670729468616,,,300,0.008228254970163107
coco,8,101,bbob_f008_i101_d10,random,20265002,10774.251926164416,,,300,0.0009454579558223486
coco,8,101,bbob_f008_i101_d10,full,20265005,352.95950462424685,,,300,1.0807537350337952
coco,8,101,bbob_f008_i101_d10,anchor_only,20265005,10392.655166217322,,,300,0.11180265597067773
coco,8,101,bbob_f008_i101_d10,cma_es,20265005,647.6080410380533,,,300,0.02704108110629022
coco,8,101,bbob_f008_i101_d10,de,20265005,7224.147487109029,,,300,0.006413116818293929
coco,8,101,bbob_f008_i101_d10,random,20265005,17171.59573270003,,,300,0.0030480679124593735
coco,8,101,bbob_f008_i101_d10,full,20265006,5939.854009758025,,,300,0.9841575720347464
coco,8,101,bbob_f008_i101_d10,anchor_only,20265006,9611.312072128105,,,300,0.1282740468159318
coco,8,101,bbob_f008_i101_d10,cma_es,20265006,259.6537883826466,,,300,0.02562033012509346
coco,8,101,bbob_f008_i101_d10,de,20265006,7578.409188191883,,,300,0.011595486896112561
coco,8,101,bbob_f008_i101_d10,random,20265006,19873.171312038892,,,300,0.0028020318131893873
coco,8,101,bbob_f008_i101_d10,full,20265007,2917.993436795368,,,300,0.9749130550771952
coco,8,101,bbob_f008_i101_d10,anchor_only,20265007,7699.45346655051,,,300,0.10181750706396997
coco,8,101,bbob_f008_i101_d10,cma_es,20265007,106.74998600146395,,,300,0.021475689951330423
coco,8,101,bbob_f008_i101_d10,de,20265007,14888.139662372658,,,300,0.016453968128189445
coco,8,101,bbob_f008_i101_d10,random,20265007,18052.13419441108,,,300,0.0010336230043321848
coco,8,101,bbob_f008_i101_d10,full,20265008,1284.6355192557373,,,300,1.032456980086863
coco,8,101,bbob_f008_i101_d10,anchor_only,20265008,8672.028814672101,,,300,0.1347915029618889
coco,8,101,bbob_f008_i101_d10,cma_es,20265008,284.21361931105866,,,300,0.02959676692262292
coco,8,101,bbob_f008_i101_d10,de,20265008,6795.144587578745,,,300,0.0054312089923769236
coco,8,101,bbob_f008_i101_d10,random,20265008,6374.038126446197,,,300,0.0028227269649505615
coco,8,101,bbob_f008_i101_d10,full,20265009,853.7438670445879,,,300,1.0840508739929646
coco,8,101,bbob_f008_i101_d10,anchor_only,20265009,8530.009824036892,,,300,0.10457096295431256
coco,8,101,bbob_f008_i101_d10,cma_es,20265009,137.85624773781734,,,300,0.019163733115419745
coco,8,101,bbob_f008_i101_d10,de,20265009,2001.1800746125077,,,300,0.012556244852021337
coco,8,101,bbob_f008_i101_d10,random,20265009,15029.877071561228,,,300,0.0015495540574193
coco,8,102,bbob_f008_i102_d10,full,20265000,3141.7683865423637,,,300,1.0936842658556998
coco,8,102,bbob_f008_i102_d10,anchor_only,20265000,13674.374750644416,,,300,0.10849023098126054
coco,8,102,bbob_f008_i102_d10,cma_es,20265000,107.7080877589952,,,300,0.026807531947270036
coco,8,102,bbob_f008_i102_d10,de,20265000,10438.113378161384,,,300,0.012390179093927145
coco,8,102,bbob_f008_i102_d10,random,20265000,10676.323242313736,,,300,0.0021477029658854008
coco,8,102,bbob_f008_i102_d10,full,20265001,1728.939694635823,,,300,1.0109386700205505
coco,8,102,bbob_f008_i102_d10,anchor_only,20265001,7287.093818899637,,,300,0.12172385398298502
coco,8,102,bbob_f008_i102_d10,cma_es,20265001,775.3103307611523,,,300,0.03783150389790535
coco,8,102,bbob_f008_i102_d10,de,20265001,7547.541448927351,,,300,0.007466793991625309
coco,8,102,bbob_f008_i102_d10,random,20265001,24737.588482407784,,,300,0.0008638841100037098
coco,8,102,bbob_f008_i102_d10,full,20265005,3468.5489523929145,,,300,0.954602416837588
coco,8,102,bbob_f008_i102_d10,anchor_only,20265005,15266.235022892888,,,300,0.09875869005918503
coco,8,102,bbob_f008_i102_d10,cma_es,20265005,165.42920566726795,,,300,0.032588554080575705
coco,8,102,bbob_f008_i102_d10,de,20265005,11651.50796025686,,,300,0.010166820138692856
coco,8,102,bbob_f008_i102_d10,random,20265005,18673.844558934343,,,300,0.002833169884979725
coco,8,102,bbob_f008_i102_d10,full,20265002,3488.5888657143455,,,300,1.0452229310758412
coco,8,102,bbob_f008_i102_d10,anchor_only,20265002,12775.20779787431,,,300,0.10801085294224322
coco,8,102,bbob_f008_i102_d10,cma_es,20265002,179.27650429460343,,,300,0.027383209904655814
coco,8,102,bbob_f008_i102_d10,de,20265002,11684.620460637747,,,300,0.005768569884821773
coco,8,102,bbob_f008_i102_d10,random,20265002,28831.48242827427,,,300,0.001804780913516879
coco,8,102,bbob_f008_i102_d10,full,20265003,3664.3010206889135,,,300,1.036819786997512
coco,8,102,bbob_f008_i102_d10,anchor_only,20265003,8812.157418248702,,,300,0.11140412115491927
coco,8,102,bbob_f008_i102_d10,cma_es,20265003,450.2094067999192,,,300,0.025750172091647983
coco,8,102,bbob_f008_i102_d10,de,20265003,3177.179428149885,,,300,0.005912986118346453
coco,8,102,bbob_f008_i102_d10,random,20265003,12918.069602207852,,,300,0.0013996621128171682
coco,8,102,bbob_f008_i102_d10,full,20265004,2029.1721845141399,,,300,1.079224940855056
coco,8,102,bbob_f008_i102_d10,anchor_only,20265004,8858.288023134275,,,300,0.11869313288480043
coco,8,102,bbob_f008_i102_d10,cma_es,20265004,461.9296104434583,,,300,0.02829849603585899
coco,8,102,bbob_f008_i102_d10,de,20265004,10056.654107648688,,,300,0.010417664889246225
coco,8,102,bbob_f008_i102_d10,random,20265004,12877.489732663029,,,300,0.0009180100169032812
coco,8,102,bbob_f008_i102_d10,full,20265006,647.9944142469253,,,300,1.1196560899261385
coco,8,102,bbob_f008_i102_d10,anchor_only,20265006,8597.067201076803,,,300,0.10761301801539958
coco,8,102,bbob_f008_i102_d10,cma_es,20265006,133.8328436907471,,,300,0.02667583478614688
coco,8,102,bbob_f008_i102_d10,de,20265006,2663.5914034840075,,,300,0.012890157056972384
coco,8,102,bbob_f008_i102_d10,random,20265006,9944.058756561979,,,300,0.0015208530239760876
coco,8,102,bbob_f008_i102_d10,full,20265007,1688.2388417536126,,,300,1.0626466209068894
coco,8,102,bbob_f008_i102_d10,anchor_only,20265007,10223.995952608557,,,300,0.13109818403609097
coco,8,102,bbob_f008_i102_d10,cma_es,20265007,150.1244047515086,,,300,0.023397482000291348
coco,8,102,bbob_f008_i102_d10,de,20265007,8756.041010026,,,300,0.007588075008243322
coco,8,102,bbob_f008_i102_d10,random,20265007,16802.46585414563,,,300,0.0009591649286448956
coco,8,102,bbob_f008_i102_d10,full,20265008,556.1941875650032,,,300,0.9766334840096533
coco,8,102,bbob_f008_i102_d10,anchor_only,20265008,7383.71933948026,,,300,0.13250890304334462
coco,8,102,bbob_f008_i102_d10,cma_es,20265008,253.42639406911294,,,300,0.03648807085119188
coco,8,102,bbob_f008_i102_d10,de,20265008,2427.23538980014,,,300,0.011138203088194132
coco,8,102,bbob_f008_i102_d10,random,20265008,7009.541952051166,,,300,0.0016707680188119411
coco,8,102,bbob_f008_i102_d10,full,20265009,1195.5505831977994,,,300,0.9834842670243233
coco,8,102,bbob_f008_i102_d10,anchor_only,20265009,9332.438711010522,,,300,0.13203131896443665
coco,8,102,bbob_f008_i102_d10,cma_es,20265009,124.44067163428483,,,300,0.03335359203629196
coco,8,102,bbob_f008_i102_d10,de,20265009,7010.792486406502,,,300,0.008409630972892046
coco,8,102,bbob_f008_i102_d10,random,20265009,8685.2795646014,,,300,0.0015197459142655134
coco,9,101,bbob_f009_i101_d10,full,20265000,-75.46689525106017,,,300,1.0501741708721966
coco,9,101,bbob_f009_i101_d10,anchor_only,20265000,-73.3095810692831,,,300,0.12484838301315904
coco,9,101,bbob_f009_i101_d10,cma_es,20265000,-75.52984007803144,,,300,0.023727630032226443
coco,9,101,bbob_f009_i101_d10,de,20265000,6926.951574387147,,,300,0.01111158006824553
coco,9,101,bbob_f009_i101_d10,random,20265000,12422.615038422837,,,300,0.0008832430467009544
coco,9,101,bbob_f009_i101_d10,full,20265001,-73.55483621798405,,,300,1.0494089170824736
coco,9,101,bbob_f009_i101_d10,anchor_only,20265001,-72.33740404900067,,,300,0.1134792729280889
coco,9,101,bbob_f009_i101_d10,cma_es,20265001,-106.72431436988757,,,300,0.027656923048198223
coco,9,101,bbob_f009_i101_d10,de,20265001,12272.057729965383,,,300,0.009506826987490058
coco,9,101,bbob_f009_i101_d10,random,20265001,8442.358204168158,,,300,0.0009757089428603649
coco,9,101,bbob_f009_i101_d10,full,20265002,-79.15751165003849,,,300,1.0513808659743518
coco,9,101,bbob_f009_i101_d10,anchor_only,20265002,-72.6673863094789,,,300,0.1364774238318205
coco,9,101,bbob_f009_i101_d10,cma_es,20265002,-49.81055528053905,,,300,0.02976039913482964
coco,9,101,bbob_f009_i101_d10,de,20265002,2754.8029897197544,,,300,0.007671403000131249
coco,9,101,bbob_f009_i101_d10,random,20265002,13006.729992621105,,,300,0.002792907878756523
coco,9,101,bbob_f009_i101_d10,full,20265003,-78.70156188166663,,,300,1.0256849261932075
coco,9,101,bbob_f009_i101_d10,anchor_only,20265003,-72.3638465926957,,,300,0.1354267520364374
coco,9,101,bbob_f009_i101_d10,cma_es,20265003,-103.41464219056522,,,300,0.019471687963232398
coco,9,101,bbob_f009_i101_d10,de,20265003,2288.052582975508,,,300,0.005075797904282808
coco,9,101,bbob_f009_i101_d10,random,20265003,9243.31756348407,,,300,0.0008457531221210957
coco,9,101,bbob_f009_i101_d10,full,20265004,-79.53257929278459,,,300,1.0774939500261098
coco,9,101,bbob_f009_i101_d10,anchor_only,20265004,-72.69244691885658,,,300,0.12389706494286656
coco,9,101,bbob_f009_i101_d10,cma_es,20265004,-111.55856764601313,,,300,0.023532878141850233
coco,9,101,bbob_f009_i101_d10,de,20265004,3628.4697526181767,,,300,0.005028638057410717
coco,9,101,bbob_f009_i101_d10,random,20265004,3779.117863084135,,,300,0.0013429480604827404
coco,9,101,bbob_f009_i101_d10,full,20265006,-72.73892701901896,,,300,1.0095234969630837
coco,9,101,bbob_f009_i101_d10,anchor_only,20265006,-72.29860566632615,,,300,0.12772227893583477
coco,9,101,bbob_f009_i101_d10,cma_es,20265006,-23.268363542167094,,,300,0.023921429878100753
coco,9,101,bbob_f009_i101_d10,de,20265006,8807.224407638923,,,300,0.012203080113977194
coco,9,101,bbob_f009_i101_d10,random,20265006,13450.291132182378,,,300,0.0027442839927971363
coco,9,101,bbob_f009_i101_d10,full,20265005,-77.94597352694412,,,300,1.06778381485492
coco,9,101,bbob_f009_i101_d10,anchor_only,20265005,-74.52259028385546,,,300,0.11215460696257651
coco,9,101,bbob_f009_i101_d10,cma_es,20265005,-44.37899392014606,,,300,0.03242271114140749
coco,9,101,bbob_f009_i101_d10,de,20265005,2685.9167795703283,,,300,0.006690100068226457
coco,9,101,bbob_f009_i101_d10,random,20265005,14891.587232472735,,,300,0.0009021391160786152
coco,9,101,bbob_f009_i101_d10,full,20265007,-79.78155643817165,,,300,1.0979826159309596
coco,9,101,bbob_f009_i101_d10,anchor_only,20265007,-72.37527731616866,,,300,0.1129295751452446
coco,9,101,bbob_f009_i101_d10,cma_es,20265007,-115.29020562030739,,,300,0.022516475059092045
coco,9,101,bbob_f009_i101_d10,de,20265007,3048.0117068213317,,,300,0.011170162120833993
coco,9,101,bbob_f009_i101_d10,random,20265007,17362.983168530616,,,300,0.0009193739388138056
coco,9,101,bbob_f009_i101_d10,full,20265009,-75.30218096696751,,,300,1.0551812439225614
coco,9,101,bbob_f009_i101_d10,anchor_only,20265009,-72.50679620529552,,,300,0.10392228094860911
coco,9,101,bbob_f009_i101_d10,cma_es,20265009,-98.8535450068174,,,300,0.017947846092283726
coco,9,101,bbob_f009_i101_d10,de,20265009,2054.263028424738,,,300,0.005110745783895254
coco,9,101,bbob_f009_i101_d10,random,20265009,5138.443040702731,,,300,0.0008613411337137222
coco,9,101,bbob_f009_i101_d10,full,20265008,-73.11910907165608,,,300,1.079345737816766
coco,9,101,bbob_f009_i101_d10,anchor_only,20265008,-72.21467098429568,,,300,0.11146216210909188
coco,9,101,bbob_f009_i101_d10,cma_es,20265008,-75.88555004787946,,,300,0.02858841698616743
coco,9,101,bbob_f009_i101_d10,de,20265008,2448.6526753845646,,,300,0.005044700112193823
coco,9,101,bbob_f009_i101_d10,random,20265008,12264.993065875087,,,300,0.0009183080401271582
coco,9,102,bbob_f009_i102_d10,full,20265000,552.3909830144078,,,300,1.0109808370471
coco,9,102,bbob_f009_i102_d10,anchor_only,20265000,552.7896212381596,,,300,0.1280738830100745
coco,9,102,bbob_f009_i102_d10,cma_es,20265000,518.6438445160542,,,300,0.024541007122024894
coco,9,102,bbob_f009_i102_d10,de,20265000,3315.6725044621016,,,300,0.006351581076160073
coco,9,102,bbob_f009_i102_d10,random,20265000,10738.700600673557,,,300,0.0009881630539894104
coco,9,102,bbob_f009_i102_d10,full,20265001,550.3080714551364,,,300,1.0542821970302612
coco,9,102,bbob_f009_i102_d10,anchor_only,20265001,552.1764206177717,,,300,0.10540234902873635
coco,9,102,bbob_f009_i102_d10,cma_es,20265001,528.0776971805392,,,300,0.03230535797774792
coco,9,102,bbob_f009_i102_d10,de,20265001,10571.289858117285,,,300,0.014902921160683036
coco,9,102,bbob_f009_i102_d10,random,20265001,6736.025789837471,,,300,0.002414245856925845
coco,9,102,bbob_f009_i102_d10,full,20265002,552.392329727423,,,300,1.0522973851766437
coco,9,102,bbob_f009_i102_d10,anchor_only,20265002,552.392329727423,,,300,0.11705221701413393
coco,9,102,bbob_f009_i102_d10,cma_es,20265002,536.8749738329252,,,300,0.02540839882567525
coco,9,102,bbob_f009_i102_d10,de,20265002,3499.7262752582615,,,300,0.00654580513946712
coco,9,102,bbob_f009_i102_d10,random,20265002,8074.642541539048,,,300,0.0022068649996072054
coco,9,102,bbob_f009_i102_d10,full,20265003,547.5564476014289,,,300,1.0496098131407052
coco,9,102,bbob_f009_i102_d10,anchor_only,20265003,552.0499255512807,,,300,0.11682248208671808
coco,9,102,bbob_f009_i102_d10,cma_es,20265003,540.5242302671293,,,300,0.03408041107468307
coco,9,102,bbob_f009_i102_d10,de,20265003,5641.744975940443,,,300,0.010050604119896889
coco,9,102,bbob_f009_i102_d10,random,20265003,8961.857599067056,,,300,0.0009052990935742855
coco,9,102,bbob_f009_i102_d10,full,20265004,547.5791292403966,,,300,1.0427048299461603
coco,9,102,bbob_f009_i102_d10,anchor_only,20265004,552.2795484932601,,,300,0.12990939198061824
coco,9,102,bbob_f009_i102_d10,cma_es,20265004,549.795829584423,,,300,0.02990980609320104
coco,9,102,bbob_f009_i102_d10,de,20265004,6649.92096533527,,,300,0.014472563983872533
coco,9,102,bbob_f009_i102_d10,random,20265004,5062.872368590788,,,300,0.0015791100449860096
coco,9,102,bbob_f009_i102_d10,full,20265005,549.5926354692452,,,300,1.05983118689619
coco,9,102,bbob_f009_i102_d10,anchor_only,20265005,552.1748017103118,,,300,0.12307738699018955
coco,9,102,bbob_f009_i102_d10,cma_es,20265005,640.3033558783567,,,300,0.02344012795947492
coco,9,102,bbob_f009_i102_d10,de,20265005,2220.7201147522,,,300,0.00623750314116478
coco,9,102,bbob_f009_i102_d10,random,20265005,5590.695812426622,,,300,0.0011089970357716084
coco,9,102,bbob_f009_i102_d10,full,20265007,546.9034129150042,,,300,0.9498351528309286
coco,9,102,bbob_f009_i102_d10,anchor_only,20265007,552.3360463634147,,,300,0.10967503394931555
coco,9,102,bbob_f009_i102_d10,cma_es,20265007,535.7581688196317,,,300,0.024635463021695614
coco,9,102,bbob_f009_i102_d10,de,20265007,6343.733375563836,,,300,0.011133980005979538
coco,9,102,bbob_f009_i102_d10,random,20265007,11281.722316299109,,,300,0.0027874410152435303
coco,9,102,bbob_f009_i102_d10,full,20265006,549.8784596399233,,,300,1.0606620130129158
coco,9,102,bbob_f009_i102_d10,anchor_only,20265006,552.4509414517017,,,300,0.10399521817453206
coco,9,102,bbob_f009_i102_d10,cma_es,20265006,590.9708990964252,,,300,0.024163878988474607
coco,9,102,bbob_f009_i102_d10,de,20265006,10584.724506159218,,,300,0.007546372013166547
coco,9,102,bbob_f009_i102_d10,random,20265006,11075.678958007988,,,300,0.001763578038662672
coco,9,102,bbob_f009_i102_d10,full,20265008,545.4538468885062,,,300,1.0653622378595173
coco,9,102,bbob_f009_i102_d10,anchor_only,20265008,552.1767306953813,,,300,0.13423952599987388
coco,9,102,bbob_f009_i102_d10,cma_es,20265008,582.7925841196718,,,300,0.022136380895972252
coco,9,102,bbob_f009_i102_d10,de,20265008,1185.5914918109347,,,300,0.01124186092056334
coco,9,102,bbob_f009_i102_d10,random,20265008,7486.393079810396,,,300,0.0028975708410143852
coco,9,102,bbob_f009_i102_d10,full,20265009,551.408527235981,,,300,1.1205271759536117
coco,9,102,bbob_f009_i102_d10,anchor_only,20265009,551.408527235981,,,300,0.10810628300532699
coco,9,102,bbob_f009_i102_d10,cma_es,20265009,518.6780294027086,,,300,0.031752893002703786
coco,9,102,bbob_f009_i102_d10,de,20265009,15680.078270383601,,,300,0.01527967001311481
coco,9,102,bbob_f009_i102_d10,random,20265009,6886.77351434648,,,300,0.000929956091567874
coco,10,101,bbob_f010_i101_d10,full,20265001,110101.12698611336,,,300,1.0582749978639185
coco,10,101,bbob_f010_i101_d10,anchor_only,20265001,110101.12698611336,,,300,0.11776107084006071
coco,10,101,bbob_f010_i101_d10,cma_es,20265001,19379.874715526657,,,300,0.03374812612310052
coco,10,101,bbob_f010_i101_d10,de,20265001,113244.80940186422,,,300,0.013558343052864075
coco,10,101,bbob_f010_i101_d10,random,20265001,95868.98585245595,,,300,0.0016100718639791012
coco,10,101,bbob_f010_i101_d10,full,20265000,79011.30967189065,,,300,1.115667489822954
coco,10,101,bbob_f010_i101_d10,anchor_only,20265000,79011.30967189065,,,300,0.11536209587939084
coco,10,101,bbob_f010_i101_d10,cma_es,20265000,54024.79018749877,,,300,0.027860440080985427
coco,10,101,bbob_f010_i101_d10,de,20265000,79011.30967189065,,,300,0.01125059393234551
coco,10,101,bbob_f010_i101_d10,random,20265000,148804.75637491004,,,300,0.001582428114488721
coco,10,101,bbob_f010_i101_d10,full,20265002,86350.74909489416,,,300,1.009524310939014
coco,10,101,bbob_f010_i101_d10,anchor_only,20265002,223913.74537319154,,,300,0.11410271795466542
coco,10,101,bbob_f010_i101_d10,cma_es,20265002,82166.77013215731,,,300,0.021947696106508374
coco,10,101,bbob_f010_i101_d10,de,20265002,223913.74537319146,,,300,0.006323043955489993
coco,10,101,bbob_f010_i101_d10,random,20265002,270924.600525326,,,300,0.001141456887125969
coco,10,101,bbob_f010_i101_d10,full,20265003,69028.88760600444,,,300,1.0093665239401162
coco,10,101,bbob_f010_i101_d10,anchor_only,20265003,182537.30714369373,,,300,0.11346944910474122
coco,10,101,bbob_f010_i101_d10,cma_es,20265003,74551.19585117952,,,300,0.03845565114170313
coco,10,101,bbob_f010_i101_d10,de,20265003,344380.1269927954,,,300,0.0060369239654392
coco,10,101,bbob_f010_i101_d10,random,20265003,430936.73058611806,,,300,0.0020445589907467365
coco,10,101,bbob_f010_i101_d10,full,20265004,223181.1533393803,,,300,1.085182772949338
coco,10,101,bbob_f010_i101_d10,anchor_only,20265004,286393.89420782746,,,300,0.11977716884575784
coco,10,101,bbob_f010_i101_d10,cma_es,20265004,46758.206302796876,,,300,0.03429618407972157
coco,10,101,bbob_f010_i101_d10,de,20265004,285456.20042013895,,,300,0.010396858910098672
coco,10,101,bbob_f010_i101_d10,random,20265004,179692.2824604448,,,300,0.0033139470033347607
coco,10,101,bbob_f010_i101_d10,full,20265005,200406.95120025182,,,300,1.1028913529589772
coco,10,101,bbob_f010_i101_d10,anchor_only,20265005,230162.3530761642,,,300,0.125671299174428
coco,10,101,bbob_f010_i101_d10,cma_es,20265005,71299.7814681464,,,300,0.02212502621114254
coco,10,101,bbob_f010_i101_d10,de,20265005,126517.66291066652,,,300,0.01013734401203692
coco,10,101,bbob_f010_i101_d10,random,20265005,214008.0589948691,,,300,0.0012294191401451826
coco,10,101,bbob_f010_i101_d10,full,20265006,451146.45987783826,,,300,1.0539131490513682
coco,10,101,bbob_f010_i101_d10,anchor_only,20265006,531631.6542750527,,,300,0.134671380976215
coco,10,101,bbob_f010_i101_d10,cma_es,20265006,62606.477858189566,,,300,0.037845505168661475
coco,10,101,bbob_f010_i101_d10,de,20265006,462842.85419987276,,,300,0.008353154174983501
coco,10,101,bbob_f010_i101_d10,random,20265006,492415.9480568017,,,300,0.0011412689927965403
coco,10,101,bbob_f010_i101_d10,full,20265008,147525.97113711265,,,300,1.0579683938995004
coco,10,101,bbob_f010_i101_d10,anchor_only,20265008,441240.880975955,,,300,0.10710366698913276
coco,10,101,bbob_f010_i101_d10,cma_es,20265008,25973.03450458348,,,300,0.02899384801276028
coco,10,101,bbob_f010_i101_d10,de,20265008,290162.2321406532,,,300,0.010366644011810422
coco,10,101,bbob_f010_i101_d10,random,20265008,250433.9969460782,,,300,0.0011583089362829924
coco,10,101,bbob_f010_i101_d10,full,20265007,207850.64290460848,,,300,1.1051836588885635
coco,10,101,bbob_f010_i101_d10,anchor_only,20265007,429917.25839373877,,,300,0.11836614599451423
coco,10,101,bbob_f010_i101_d10,cma_es,20265007,35797.48123176278,,,300,0.02983970381319523
coco,10,101,bbob_f010_i101_d10,de,20265007,273820.81153512467,,,300,0.005713277962058783
coco,10,101,bbob_f010_i101_d10,random,20265007,263596.15554729843,,,300,0.0033206420484930277
coco,10,101,bbob_f010_i101_d10,full,20265009,72315.2088495183,,,300,1.0478509438689798
coco,10,101,bbob_f010_i101_d10,anchor_only,20265009,295880.26884522283,,,300,0.1327544238884002
coco,10,101,bbob_f010_i101_d10,cma_es,20265009,69891.96322738248,,,300,0.027188109001144767
coco,10,101,bbob_f010_i101_d10,de,20265009,105141.66157027372,,,300,0.007398238871246576
coco,10,101,bbob_f010_i101_d10,random,20265009,169086.11539365852,,,300,0.0020423349924385548
coco,10,102,bbob_f010_i102_d10,full,20265000,85913.92170779918,,,300,1.112200029194355
coco,10,102,bbob_f010_i102_d10,anchor_only,20265000,437371.4641578467,,,300,0.13530087005347013
coco,10,102,bbob_f010_i102_d10,cma_es,20265000,30092.975890972088,,,300,0.029177520889788866
coco,10,102,bbob_f010_i102_d10,de,20265000,156303.59195410478,,,300,0.012486877851188183
coco,10,102,bbob_f010_i102_d10,random,20265000,310793.5699756774,,,300,0.0032688488718122244
coco,10,102,bbob_f010_i102_d10,full,20265001,74629.616199968,,,300,1.1021963390521705
coco,10,102,bbob_f010_i102_d10,anchor_only,20265001,735500.1292792448,,,300,0.13325590803287923
coco,10,102,bbob_f010_i102_d10,cma_es,20265001,60493.56561253452,,,300,0.036261984845623374
coco,10,102,bbob_f010_i102_d10,de,20265001,206744.5084119781,,,300,0.014389015967026353
coco,10,102,bbob_f010_i102_d10,random,20265001,133501.3679115064,,,300,0.0032515728380531073
coco,10,102,bbob_f010_i102_d10,full,20265004,62623.53724247417,,,300,1.0341411400586367
coco,10,102,bbob_f010_i102_d10,anchor_only,20265004,467389.3146270978,,,300,0.1259995549917221
coco,10,102,bbob_f010_i102_d10,cma_es,20265004,160859.97420551113,,,300,0.026041280012577772
coco,10,102,bbob_f010_i102_d10,de,20265004,286623.70217536937,,,300,0.016119310865178704
coco,10,102,bbob_f010_i102_d10,random,20265004,251315.4853050044,,,300,0.003227092092856765
coco,10,102,bbob_f010_i102_d10,full,20265002,152396.28638566931,,,300,1.146765761077404
coco,10,102,bbob_f010_i102_d10,anchor_only,20265002,849829.4171046728,,,300,0.137909121112898
coco,10,102,bbob_f010_i102_d10,cma_es,20265002,21116.024340862354,,,300,0.03387902188114822
coco,10,102,bbob_f010_i102_d10,de,20265002,84931.54367836125,,,300,0.007276165997609496
coco,10,102,bbob_f010_i102_d10,random,20265002,381891.10678603704,,,300,0.0012512430548667908
coco,10,102,bbob_f010_i102_d10,full,20265003,51549.980888764825,,,300,1.119229061063379
coco,10,102,bbob_f010_i102_d10,anchor_only,20265003,400104.3540994313,,,300,0.133868427015841
coco,10,102,bbob_f010_i102_d10,cma_es,20265003,155075.07297082912,,,300,0.030086603946983814
coco,10,102,bbob_f010_i102_d10,de,20265003,275949.5102938281,,,300,0.01672209706157446
coco,10,102,bbob_f010_i102_d10,random,20265003,296026.3153216276,,,300,0.0035257560666650534
coco,10,102,bbob_f010_i102_d10,full,20265005,181946.43649609818,,,300,1.0425726131070405
coco,10,102,bbob_f010_i102_d10,anchor_only,20265005,653836.1749591333,,,300,0.11464066291227937
coco,10,102,bbob_f010_i102_d10,cma_es,20265005,32795.03654051739,,,300,0.02104782685637474
coco,10,102,bbob_f010_i102_d10,de,20265005,302265.663842003,,,300,0.006212200969457626
coco,10,102,bbob_f010_i102_d10,random,20265005,231963.3730119039,,,300,0.003431926015764475
coco,10,102,bbob_f010_i102_d10,full,20265006,117465.52597168075,,,300,1.159230271819979
coco,10,102,bbob_f010_i102_d10,anchor_only,20265006,324453.5015600163,,,300,0.11542378808371723
coco,10,102,bbob_f010_i102_d10,cma_es,20265006,42701.44591924188,,,300,0.027189112035557628
coco,10,102,bbob_f010_i102_d10,de,20265006,307255.14370750036,,,300,0.007002720842137933
coco,10,102,bbob_f010_i102_d10,random,20265006,198775.21495491566,,,300,0.003279105992987752
coco,10,102,bbob_f010_i102_d10,full,20265007,116061.53901998667,,,300,1.0967066888697445
coco,10,102,bbob_f010_i102_d10,anchor_only,20265007,200937.84220270655,,,300,0.11609727097675204
coco,10,102,bbob_f010_i102_d10,cma_es,20265007,28409.136180263416,,,300,0.030693074921146035
coco,10,102,bbob_f010_i102_d10,de,20265007,200937.84220270652,,,300,0.008765887934714556
coco,10,102,bbob_f010_i102_d10,random,20265007,426105.2352908757,,,300,0.0011176858097314835
coco,10,102,bbob_f010_i102_d10,full,20265008,441311.3615479182,,,300,1.019230994861573
coco,10,102,bbob_f010_i102_d10,anchor_only,20265008,986611.6262234729,,,300,0.1254195929504931
coco,10,102,bbob_f010_i102_d10,cma_es,20265008,18132.837913883654,,,300,0.028951759915798903
coco,10,102,bbob_f010_i102_d10,de,20265008,401509.60251041665,,,300,0.00719297700561583
coco,10,102,bbob_f010_i102_d10,random,20265008,172093.97360671763,,,300,0.003027623053640127
coco,10,102,bbob_f010_i102_d10,full,20265009,191374.35064789857,,,300,1.0607890768442303
coco,10,102,bbob_f010_i102_d10,anchor_only,20265009,1039418.5031090396,,,300,0.11710184114053845
coco,10,102,bbob_f010_i102_d10,cma_es,20265009,23207.19259215417,,,300,0.032425886020064354
coco,10,102,bbob_f010_i102_d10,de,20265009,409248.2720560201,,,300,0.010969514027237892
coco,10,102,bbob_f010_i102_d10,random,20265009,249713.91105317874,,,300,0.0014632618986070156
coco,11,101,bbob_f011_i101_d10,full,20265000,927.0473239293442,,,300,1.045052999863401
coco,11,101,bbob_f011_i101_d10,anchor_only,20265000,2127.853636608855,,,300,0.11647365405224264
coco,11,101,bbob_f011_i101_d10,cma_es,20265000,243.30818931977583,,,300,0.03034619614481926
coco,11,101,bbob_f011_i101_d10,de,20265000,176.44555016195088,,,300,0.009131052065640688
coco,11,101,bbob_f011_i101_d10,random,20265000,183.67328548708568,,,300,0.0032208990305662155
coco,11,101,bbob_f011_i101_d10,full,20265001,584.0101358597904,,,300,1.0289890468120575
coco,11,101,bbob_f011_i101_d10,anchor_only,20265001,584.0101358597904,,,300,0.1253764689899981
coco,11,101,bbob_f011_i101_d10,cma_es,20265001,221.99876599270524,,,300,0.028277443954721093
coco,11,101,bbob_f011_i101_d10,de,20265001,102.07425147754864,,,300,0.013912110822275281
coco,11,101,bbob_f011_i101_d10,random,20265001,485.10866987952335,,,300,0.00309832114726305
coco,11,101,bbob_f011_i101_d10,full,20265002,120.58175116906115,,,300,1.0494367859791964
coco,11,101,bbob_f011_i101_d10,anchor_only,20265002,305.08231752129944,,,300,0.13182282401248813
coco,11,101,bbob_f011_i101_d10,cma_es,20265002,185.2065868352951,,,300,0.03690396994352341
coco,11,101,bbob_f011_i101_d10,de,20265002,185.80108920710376,,,300,0.011307199951261282
coco,11,101,bbob_f011_i101_d10,random,20265002,573.1661374975888,,,300,0.0034941909834742546
coco,11,101,bbob_f011_i101_d10,full,20265003,235.93273215807702,,,300,1.0682709000539035
coco,11,101,bbob_f011_i101_d10,anchor_only,20265003,235.93273215807702,,,300,0.11531188595108688
coco,11,101,bbob_f011_i101_d10,cma_es,20265003,97.53929498451085,,,300,0.03310429700650275
coco,11,101,bbob_f011_i101_d10,de,20265003,212.4321733334231,,,300,0.005749561823904514
coco,11,101,bbob_f011_i101_d10,random,20265003,169.06982756296972,,,300,0.0011844378896057606
coco,11,101,bbob_f011_i101_d10,full,20265004,1060.059903098084,,,300,0.9892876541707665
coco,11,101,bbob_f011_i101_d10,anchor_only,20265004,1525.7126422714277,,,300,0.1472661169245839
coco,11,101,bbob_f011_i101_d10,cma_es,20265004,315.414077125326,,,300,0.025919943815097213
coco,11,101,bbob_f011_i101_d10,de,20265004,611.2778435530992,,,300,0.014666073024272919
coco,11,101,bbob_f011_i101_d10,random,20265004,88.75488836769644,,,300,0.0034824551548808813
coco,11,101,bbob_f011_i101_d10,full,20265006,67.39279806687914,,,300,1.0379255211446434
coco,11,101,bbob_f011_i101_d10,anchor_only,20265006,289.67709868147966,,,300,0.10532364598475397
coco,11,101,bbob_f011_i101_d10,cma_es,20265006,70.27856948779696,,,300,0.0250428500585258
coco,11,101,bbob_f011_i101_d10,de,20265006,289.6770986814797,,,300,0.012634610990062356
coco,11,101,bbob_f011_i101_d10,random,20265006,420.5814272963689,,,300,0.0017635030671954155
coco,11,101,bbob_f011_i101_d10,full,20265007,48.84876156482214,,,300,1.038361205952242
coco,11,101,bbob_f011_i101_d10,anchor_only,20265007,97.35125960218765,,,300,0.11031745513901114
coco,11,101,bbob_f011_i101_d10,cma_es,20265007,89.16902486518418,,,300,0.028409472899511456
coco,11,101,bbob_f011_i101_d10,de,20265007,97.35125960218765,,,300,0.010594895109534264
coco,11,101,bbob_f011_i101_d10,random,20265007,374.3125647140277,,,300,0.001444807043299079
coco,11,101,bbob_f011_i101_d10,full,20265005,309.6153014910895,,,300,1.0704921269789338
coco,11,101,bbob_f011_i101_d10,anchor_only,20265005,346.49885338493186,,,300,0.11777360714040697
coco,11,101,bbob_f011_i101_d10,cma_es,20265005,228.88272448714162,,,300,0.04396044299937785
coco,11,101,bbob_f011_i101_d10,de,20265005,216.9735991405967,,,300,0.006760423770174384
coco,11,101,bbob_f011_i101_d10,random,20265005,200.7881780932132,,,300,0.0011936279479414225
coco,11,101,bbob_f011_i101_d10,full,20265008,666.9307168321668,,,300,1.048533010063693
coco,11,101,bbob_f011_i101_d10,anchor_only,20265008,8075.838552808583,,,300,0.12239267909899354
coco,11,101,bbob_f011_i101_d10,cma_es,20265008,97.30624182969522,,,300,0.029764229897409678
coco,11,101,bbob_f011_i101_d10,de,20265008,162.78484303564156,,,300,0.005532467970624566
coco,11,101,bbob_f011_i101_d10,random,20265008,515.0668602535085,,,300,0.0011277860030531883
coco,11,102,bbob_f011_i102_d10,full,20265000,-504.5604348976242,,,300,1.057412147987634
coco,11,102,bbob_f011_i102_d10,anchor_only,20265000,1129.367172644307,,,300,0.11970815295353532
coco,11,102,bbob_f011_i102_d10,cma_es,20265000,-708.7840993534835,,,300,0.02341777295805514
coco,11,102,bbob_f011_i102_d10,de,20265000,-681.994884843125,,,300,0.0065206249710172415
coco,11,102,bbob_f011_i102_d10,random,20265000,-606.0364074282736,,,300,0.002706706989556551
coco,11,101,bbob_f011_i101_d10,full,20265009,84.04223643982682,,,300,1.0792823960073292
coco,11,101,bbob_f011_i101_d10,anchor_only,20265009,265.3495394355062,,,300,0.1305715600028634
coco,11,101,bbob_f011_i101_d10,cma_es,20265009,126.67134486029376,,,300,0.027693829964846373
coco,11,101,bbob_f011_i101_d10,de,20265009,265.3495394355062,,,300,0.008723142091184855
coco,11,101,bbob_f011_i101_d10,random,20265009,211.12388796857732,,,300,0.0011225270573049784
coco,11,102,bbob_f011_i102_d10,full,20265001,-727.9922757306193,,,300,1.0277757269795984
coco,11,102,bbob_f011_i102_d10,anchor_only,20265001,55.18435061798152,,,300,0.12052611797116697
coco,11,102,bbob_f011_i102_d10,cma_es,20265001,-704.5702255256499,,,300,0.02138095279224217
coco,11,102,bbob_f011_i102_d10,de,20265001,-537.2490415119889,,,300,0.01693618600256741
coco,11,102,bbob_f011_i102_d10,random,20265001,-653.2239096773467,,,300,0.003294859081506729
coco,11,102,bbob_f011_i102_d10,full,20265002,-713.9685406465876,,,300,1.0691627189517021
coco,11,102,bbob_f011_i102_d10,anchor_only,20265002,-590.6837198241047,,,300,0.12061046506278217
coco,11,102,bbob_f011_i102_d10,cma_es,20265002,-659.2702791799112,,,300,0.024464330868795514
coco,11,102,bbob_f011_i102_d10,de,20265002,-590.683719824096,,,300,0.0060711640398949385
coco,11,102,bbob_f011_i102_d10,random,20265002,-571.0515474318751,,,300,0.001131292898207903
coco,11,102,bbob_f011_i102_d10,full,20265003,-600.1247625534144,,,300,1.0224533940199763
coco,11,102,bbob_f011_i102_d10,anchor_only,20265003,-385.36614673909565,,,300,0.14524558908306062
coco,11,102,bbob_f011_i102_d10,cma_es,20265003,-544.7474939441926,,,300,0.03626680397428572
coco,11,102,bbob_f011_i102_d10,de,20265003,-671.3353435287127,,,300,0.008219236973673105
coco,11,102,bbob_f011_i102_d10,random,20265003,1034.875233749432,,,300,0.0012171098496764898
coco,11,102,bbob_f011_i102_d10,full,20265004,-708.9924302212789,,,300,1.0983017208054662
coco,11,102,bbob_f011_i102_d10,anchor_only,20265004,8805.539081388017,,,300,0.13823374593630433
coco,11,102,bbob_f011_i102_d10,cma_es,20265004,-682.5823076009345,,,300,0.026800201972946525
coco,11,102,bbob_f011_i102_d10,de,20265004,-200.50448252146623,,,300,0.014838924864307046
coco,11,102,bbob_f011_i102_d10,random,20265004,-542.1749464225591,,,300,0.0014239579904824495
coco,11,102,bbob_f011_i102_d10,full,20265006,-401.00119783379165,,,300,1.0010229451581836
coco,11,102,bbob_f011_i102_d10,anchor_only,20265006,2002.376391044728,,,300,0.11548736086115241
coco,11,102,bbob_f011_i102_d10,cma_es,20265006,-498.51704608046754,,,300,0.04448723793029785
coco,11,102,bbob_f011_i102_d10,de,20265006,-560.774640713719,,,300,0.008158039068803191
coco,11,102,bbob_f011_i102_d10,random,20265006,-676.5580467991211,,,300,0.0011285229120403528
coco,11,102,bbob_f011_i102_d10,full,20265005,-708.8390133205307,,,300,1.043327635154128
coco,11,102,bbob_f011_i102_d10,anchor_only,20265005,2586.449765239722,,,300,0.12614849698729813
coco,11,102,bbob_f011_i102_d10,cma_es,20265005,-717.5386475439852,,,300,0.02600018191151321
coco,11,102,bbob_f011_i102_d10,de,20265005,-660.9170826363663,,,300,0.010219454066827893
coco,11,102,bbob_f011_i102_d10,random,20265005,-630.8718655238217,,,300,0.0018247999250888824
coco,11,102,bbob_f011_i102_d10,full,20265008,-661.6312032649346,,,300,1.010603787843138
coco,11,102,bbob_f011_i102_d10,anchor_only,20265008,-393.73229995968927,,,300,0.11240829201415181
coco,11,102,bbob_f011_i102_d10,cma_es,20265008,-635.9096968004698,,,300,0.02117554796859622
coco,11,102,bbob_f011_i102_d10,de,20265008,-658.062530436647,,,300,0.010110073955729604
coco,11,102,bbob_f011_i102_d10,random,20265008,-660.3128302611805,,,300,0.001150989904999733
coco,11,102,bbob_f011_i102_d10,full,20265007,212.73579635687963,,,300,1.0904282799456269
coco,11,102,bbob_f011_i102_d10,anchor_only,20265007,212.73579635687963,,,300,0.117909946013242
coco,11,102,bbob_f011_i102_d10,cma_es,20265007,-649.9878992766542,,,300,0.029526269994676113
coco,11,102,bbob_f011_i102_d10,de,20265007,-663.9568941344097,,,300,0.014725171029567719
coco,11,102,bbob_f011_i102_d10,random,20265007,-572.1107921013003,,,300,0.001872172113507986
coco,11,102,bbob_f011_i102_d10,full,20265009,-715.6471734154409,,,300,1.1091102231293917
coco,11,102,bbob_f011_i102_d10,anchor_only,20265009,1064.5806819479892,,,300,0.13908912613987923
coco,11,102,bbob_f011_i102_d10,cma_es,20265009,-584.296416835923,,,300,0.023396624019369483
coco,11,102,bbob_f011_i102_d10,de,20265009,-627.91543983617,,,300,0.00903376005589962
coco,11,102,bbob_f011_i102_d10,random,20265009,-159.52400190243088,,,300,0.0032757120206952095
coco,12,101,bbob_f012_i101_d10,full,20265000,13979229.847515535,,,300,1.0315795768983662
coco,12,101,bbob_f012_i101_d10,anchor_only,20265000,30680165.837116525,,,300,0.10016629006713629
coco,12,101,bbob_f012_i101_d10,cma_es,20265000,1662036.081335933,,,300,0.028400477953255177
coco,12,101,bbob_f012_i101_d10,de,20265000,22702782.15402554,,,300,0.00536102382466197
coco,12,101,bbob_f012_i101_d10,random,20265000,24096499.82800799,,,300,0.00095540308393538
coco,12,101,bbob_f012_i101_d10,full,20265001,11554767.363108324,,,300,1.015235829167068
coco,12,101,bbob_f012_i101_d10,anchor_only,20265001,17530339.162736848,,,300,0.09899783413857222
coco,12,101,bbob_f012_i101_d10,cma_es,20265001,1060920.2635576264,,,300,0.02021051198244095
coco,12,101,bbob_f012_i101_d10,de,20265001,14337172.1992997,,,300,0.006705830805003643
coco,12,101,bbob_f012_i101_d10,random,20265001,37970422.37752846,,,300,0.0010156650096178055
coco,12,101,bbob_f012_i101_d10,full,20265003,10838810.49264922,,,300,0.9484611700754613
coco,12,101,bbob_f012_i101_d10,anchor_only,20265003,34844309.18181181,,,300,0.10727944015525281
coco,12,101,bbob_f012_i101_d10,cma_es,20265003,470014.23135985696,,,300,0.02797956787981093
coco,12,101,bbob_f012_i101_d10,de,20265003,11771785.425143901,,,300,0.007361066993325949
coco,12,101,bbob_f012_i101_d10,random,20265003,24929667.69650881,,,300,0.0009838920086622238
coco,12,101,bbob_f012_i101_d10,full,20265002,27775797.828149103,,,300,1.046462036203593
coco,12,101,bbob_f012_i101_d10,anchor_only,20265002,47828885.82347561,,,300,0.11730318795889616
coco,12,101,bbob_f012_i101_d10,cma_es,20265002,265552.7662496705,,,300,0.03193444013595581
coco,12,101,bbob_f012_i101_d10,de,20265002,17993322.028261583,,,300,0.009012423921376467
coco,12,101,bbob_f012_i101_d10,random,20265002,33096499.157302853,,,300,0.0020801289938390255
coco,12,101,bbob_f012_i101_d10,full,20265005,7170322.66239643,,,300,0.9884384260512888
coco,12,101,bbob_f012_i101_d10,anchor_only,20265005,13091947.575975385,,,300,0.11139685800299048
coco,12,101,bbob_f012_i101_d10,cma_es,20265005,224808.0194563233,,,300,0.022083383053541183
coco,12,101,bbob_f012_i101_d10,de,20265005,10533885.623983432,,,300,0.00561485905200243
coco,12,101,bbob_f012_i101_d10,random,20265005,24727111.83977026,,,300,0.0014161171857267618
coco,12,101,bbob_f012_i101_d10,full,20265004,7924674.506931024,,,300,1.0781026938930154
coco,12,101,bbob_f012_i101_d10,anchor_only,20265004,17601731.960852027,,,300,0.10828225896693766
coco,12,101,bbob_f012_i101_d10,cma_es,20265004,695841.3472876241,,,300,0.029652911936864257
coco,12,101,bbob_f012_i101_d10,de,20265004,16076670.232048076,,,300,0.00772685999982059
coco,12,101,bbob_f012_i101_d10,random,20265004,23116201.448351137,,,300,0.0030441321432590485
coco,12,101,bbob_f012_i101_d10,full,20265007,16298308.754058382,,,300,0.9110433829482645
coco,12,101,bbob_f012_i101_d10,anchor_only,20265007,35410895.490152344,,,300,0.10190387303009629
coco,12,101,bbob_f012_i101_d10,cma_es,20265007,879690.30718649,,,300,0.023017570143565536
coco,12,101,bbob_f012_i101_d10,de,20265007,23973552.498088587,,,300,0.009332609828561544
coco,12,101,bbob_f012_i101_d10,random,20265007,42190289.8731866,,,300,0.0013968851417303085
coco,12,101,bbob_f012_i101_d10,full,20265006,23625058.116412837,,,300,1.0377528020180762
coco,12,101,bbob_f012_i101_d10,anchor_only,20265006,27365116.178574238,,,300,0.14127572998404503
coco,12,101,bbob_f012_i101_d10,cma_es,20265006,1429292.0863898296,,,300,0.03612630907446146
coco,12,101,bbob_f012_i101_d10,de,20265006,35813075.37938365,,,300,0.010009595891460776
coco,12,101,bbob_f012_i101_d10,random,20265006,43519976.32162441,,,300,0.000984617043286562
coco,12,101,bbob_f012_i101_d10,full,20265008,11851447.179182265,,,300,1.0552118089981377
coco,12,101,bbob_f012_i101_d10,anchor_only,20265008,26087422.196751706,,,300,0.12944621709175408
coco,12,101,bbob_f012_i101_d10,cma_es,20265008,109356.10501972651,,,300,0.028350186999887228
coco,12,101,bbob_f012_i101_d10,de,20265008,15663539.085658496,,,300,0.009245930938050151
coco,12,101,bbob_f012_i101_d10,random,20265008,24779419.656815685,,,300,0.002944003092125058
coco,12,101,bbob_f012_i101_d10,full,20265009,17741186.228941936,,,300,1.0747431619092822
coco,12,101,bbob_f012_i101_d10,anchor_only,20265009,26694994.980215535,,,300,0.12265286198817194
coco,12,101,bbob_f012_i101_d10,cma_es,20265009,820249.8325418811,,,300,0.026993619045242667
coco,12,101,bbob_f012_i101_d10,de,20265009,7894489.077031243,,,300,0.006903654895722866
coco,12,101,bbob_f012_i101_d10,random,20265009,34647836.55602714,,,300,0.001049059210345149
coco,12,102,bbob_f012_i102_d10,full,20265000,23254931.998113465,,,300,1.0372676239348948
coco,12,102,bbob_f012_i102_d10,anchor_only,20265000,59589270.58999431,,,300,0.1390778049826622
coco,12,102,bbob_f012_i102_d10,cma_es,20265000,718716.0511762389,,,300,0.02959820907562971
coco,12,102,bbob_f012_i102_d10,de,20265000,24515097.83124427,,,300,0.012197497999295592
coco,12,102,bbob_f012_i102_d10,random,20265000,22632166.131330147,,,300,0.0030301420483738184
coco,12,102,bbob_f012_i102_d10,full,20265001,25146940.8829077,,,300,1.0000718978699297
coco,12,102,bbob_f012_i102_d10,anchor_only,20265001,42337025.97146581,,,300,0.13614983391016722
coco,12,102,bbob_f012_i102_d10,cma_es,20265001,447182.154499389,,,300,0.03667710185982287
coco,12,102,bbob_f012_i102_d10,de,20265001,15197462.278776893,,,300,0.01452838396653533
coco,12,102,bbob_f012_i102_d10,random,20265001,50922522.132186025,,,300,0.0016427191440016031
coco,12,102,bbob_f012_i102_d10,full,20265002,24659551.104818795,,,300,1.0228689750656486
coco,12,102,bbob_f012_i102_d10,anchor_only,20265002,50792590.93012316,,,300,0.11323583195917308
coco,12,102,bbob_f012_i102_d10,cma_es,20265002,1238329.3372095118,,,300,0.026780322892591357
coco,12,102,bbob_f012_i102_d10,de,20265002,35393192.52982216,,,300,0.011525089852511883
coco,12,102,bbob_f012_i102_d10,random,20265002,34751314.05576373,,,300,0.0031809869688004255
coco,12,102,bbob_f012_i102_d10,full,20265003,4523379.578091916,,,300,1.0072484919801354
coco,12,102,bbob_f012_i102_d10,anchor_only,20265003,33481626.254819423,,,300,0.11158776399679482
coco,12,102,bbob_f012_i102_d10,cma_es,20265003,699133.227983315,,,300,0.023404517909511924
coco,12,102,bbob_f012_i102_d10,de,20265003,9472988.515842864,,,300,0.01264271093532443
coco,12,102,bbob_f012_i102_d10,random,20265003,36883312.965219416,,,300,0.000979983014985919
coco,12,102,bbob_f012_i102_d10,full,20265004,15164645.329426661,,,300,1.0221703900024295
coco,12,102,bbob_f012_i102_d10,anchor_only,20265004,70472791.35833392,,,300,0.10662414692342281
coco,12,102,bbob_f012_i102_d10,cma_es,20265004,6054425.682952141,,,300,0.030923899030312896
coco,12,102,bbob_f012_i102_d10,de,20265004,9695523.948907403,,,300,0.006432762136682868
coco,12,102,bbob_f012_i102_d10,random,20265004,38610521.331236266,,,300,0.00104101886972785
coco,12,102,bbob_f012_i102_d10,full,20265006,17459466.70783004,,,300,0.9998603691346943
coco,12,102,bbob_f012_i102_d10,anchor_only,20265006,62716292.202741645,,,300,0.10062548005953431
coco,12,102,bbob_f012_i102_d10,cma_es,20265006,179606.88684428507,,,300,0.024008257081732154
coco,12,102,bbob_f012_i102_d10,de,20265006,46134687.401152976,,,300,0.008901727152988315
coco,12,102,bbob_f012_i102_d10,random,20265006,27166168.805865243,,,300,0.0016290629282593727
coco,12,102,bbob_f012_i102_d10,full,20265005,8819233.532206485,,,300,1.0159809971228242
coco,12,102,bbob_f012_i102_d10,anchor_only,20265005,77147724.6979866,,,300,0.10514432704076171
coco,12,102,bbob_f012_i102_d10,cma_es,20265005,1653007.8471408777,,,300,0.030534469056874514
coco,12,102,bbob_f012_i102_d10,de,20265005,15249190.819220249,,,300,0.0094247090164572
coco,12,102,bbob_f012_i102_d10,random,20265005,39883891.29986608,,,300,0.0016402672044932842
coco,12,102,bbob_f012_i102_d10,full,20265007,15069290.668954484,,,300,1.0499105260241777
coco,12,102,bbob_f012_i102_d10,anchor_only,20265007,24310743.588794667,,,300,0.12334973411634564
coco,12,102,bbob_f012_i102_d10,cma_es,20265007,337577.8275767809,,,300,0.03520396607927978
coco,12,102,bbob_f012_i102_d10,de,20265007,10832244.123774868,,,300,0.012067156145349145
coco,12,102,bbob_f012_i102_d10,random,20265007,45322351.16742294,,,300,0.0015879860147833824
coco,12,102,bbob_f012_i102_d10,full,20265008,11967536.069202969,,,300,0.9790072559844702
coco,12,102,bbob_f012_i102_d10,anchor_only,20265008,27167980.496122062,,,300,0.11081134108826518
coco,12,102,bbob_f012_i102_d10,cma_es,20265008,332249.8822633235,,,300,0.025711191818118095
coco,12,102,bbob_f012_i102_d10,de,20265008,7047072.544362217,,,300,0.007611947134137154
coco,12,102,bbob_f012_i102_d10,random,20265008,27070567.423356507,,,300,0.0010256539098918438
coco,12,102,bbob_f012_i102_d10,full,20265009,16818093.616842657,,,300,1.0609300129581243
coco,12,102,bbob_f012_i102_d10,anchor_only,20265009,34116945.09460183,,,300,0.13326077302917838
coco,12,102,bbob_f012_i102_d10,cma_es,20265009,9952248.21148767,,,300,0.03612291789613664
coco,12,102,bbob_f012_i102_d10,de,20265009,18049619.707636196,,,300,0.010970965027809143
coco,12,102,bbob_f012_i102_d10,random,20265009,20734457.578271743,,,300,0.0009468130301684141
coco,13,101,bbob_f013_i101_d10,full,20265001,621.5544217723934,,,300,1.0342390309087932
coco,13,101,bbob_f013_i101_d10,anchor_only,20265001,1191.3777303409695,,,300,0.12111681909300387
coco,13,101,bbob_f013_i101_d10,cma_es,20265001,290.9510602206589,,,300,0.04150206199847162
coco,13,101,bbob_f013_i101_d10,de,20265001,736.6826276495435,,,300,0.009979835012927651
coco,13,101,bbob_f013_i101_d10,random,20265001,1033.716549789502,,,300,0.0014895698986947536
coco,13,101,bbob_f013_i101_d10,full,20265000,794.4308663812245,,,300,1.0920565170235932
coco,13,101,bbob_f013_i101_d10,anchor_only,20265000,1122.0514245220415,,,300,0.11253617005422711
coco,13,101,bbob_f013_i101_d10,cma_es,20265000,155.86110109129237,,,300,0.03832944296300411
coco,13,101,bbob_f013_i101_d10,de,20265000,659.077043672657,,,300,0.012837420916184783
coco,13,101,bbob_f013_i101_d10,random,20265000,1220.3436467919053,,,300,0.0028835758566856384
coco,13,101,bbob_f013_i101_d10,full,20265002,366.38546768931724,,,300,1.0879167669918388
coco,13,101,bbob_f013_i101_d10,anchor_only,20265002,1025.3169648548585,,,300,0.12811664398759604
coco,13,101,bbob_f013_i101_d10,cma_es,20265002,322.36193693934473,,,300,0.026753955986350775
coco,13,101,bbob_f013_i101_d10,de,20265002,912.0670210875945,,,300,0.008504253812134266
coco,13,101,bbob_f013_i101_d10,random,20265002,1107.6796993597056,,,300,0.0013422470074146986
coco,13,101,bbob_f013_i101_d10,full,20265003,495.53482854065635,,,300,1.1124038470443338
coco,13,101,bbob_f013_i101_d10,anchor_only,20265003,933.7240405715604,,,300,0.12820212496444583
coco,13,101,bbob_f013_i101_d10,cma_es,20265003,176.81367980730198,,,300,0.039522476028651
coco,13,101,bbob_f013_i101_d10,de,20265003,548.2044297310874,,,300,0.012043406022712588
coco,13,101,bbob_f013_i101_d10,random,20265003,1095.1721004961103,,,300,0.002741549164056778
coco,13,101,bbob_f013_i101_d10,full,20265004,492.93725876186727,,,300,1.0771595288533717
coco,13,101,bbob_f013_i101_d10,anchor_only,20265004,983.1471564592057,,,300,0.11483753193169832
coco,13,101,bbob_f013_i101_d10,cma_es,20265004,357.1982920773993,,,300,0.03035687212832272
coco,13,101,bbob_f013_i101_d10,de,20265004,755.0834758066546,,,300,0.014978989027440548
coco,13,101,bbob_f013_i101_d10,random,20265004,933.9591477710471,,,300,0.0028349491767585278
coco,13,101,bbob_f013_i101_d10,full,20265005,626.2746741858178,,,300,1.04646525089629
coco,13,101,bbob_f013_i101_d10,anchor_only,20265005,1107.8799367877916,,,300,0.1338975529652089
coco,13,101,bbob_f013_i101_d10,cma_es,20265005,425.0559793144964,,,300,0.03207439696416259
coco,13,101,bbob_f013_i101_d10,de,20265005,740.3350296012817,,,300,0.008533935062587261
coco,13,101,bbob_f013_i101_d10,random,20265005,1131.218980059712,,,300,0.0024135701823979616
coco,13,101,bbob_f013_i101_d10,full,20265006,545.9752043029708,,,300,1.0867008259519935
coco,13,101,bbob_f013_i101_d10,anchor_only,20265006,1087.7981499974896,,,300,0.12166953994892538
coco,13,101,bbob_f013_i101_d10,cma_es,20265006,294.8503463941862,,,300,0.03683095402084291
coco,13,101,bbob_f013_i101_d10,de,20265006,1087.7981499974899,,,300,0.013487379066646099
coco,13,101,bbob_f013_i101_d10,random,20265006,1199.535669216058,,,300,0.0009233588352799416
coco,13,101,bbob_f013_i101_d10,full,20265007,531.9558499527857,,,300,1.0517179460730404
coco,13,101,bbob_f013_i101_d10,anchor_only,20265007,842.4370210564382,,,300,0.11072738305665553
coco,13,101,bbob_f013_i101_d10,cma_es,20265007,171.69501668957014,,,300,0.02844700706191361
coco,13,101,bbob_f013_i101_d10,de,20265007,643.1731556134886,,,300,0.012948851101100445
coco,13,101,bbob_f013_i101_d10,random,20265007,814.4983841644712,,,300,0.0010180841200053692
coco,13,101,bbob_f013_i101_d10,full,20265008,609.7081765257835,,,300,1.1157958470284939
coco,13,101,bbob_f013_i101_d10,anchor_only,20265008,1214.496705729057,,,300,0.12725959508679807
coco,13,101,bbob_f013_i101_d10,cma_es,20265008,182.65987406324246,,,300,0.03145709098316729
coco,13,101,bbob_f013_i101_d10,de,20265008,906.7925175387498,,,300,0.008152011083438993
coco,13,101,bbob_f013_i101_d10,random,20265008,1262.9290839193782,,,300,0.0029838080517947674
coco,13,101,bbob_f013_i101_d10,full,20265009,519.5829637571558,,,300,1.0424871298018843
coco,13,101,bbob_f013_i101_d10,anchor_only,20265009,1194.27879924415,,,300,0.12918215384706855
coco,13,101,bbob_f013_i101_d10,cma_es,20265009,239.933464238596,,,300,0.032078578136861324
coco,13,101,bbob_f013_i101_d10,de,20265009,955.6709758079451,,,300,0.014191593043506145
coco,13,101,bbob_f013_i101_d10,random,20265009,1037.4872570404943,,,300,0.001172156073153019
coco,13,102,bbob_f013_i102_d10,full,20265000,417.47340612681194,,,300,1.082458548946306
coco,13,102,bbob_f013_i102_d10,anchor_only,20265000,877.6292675065032,,,300,0.14639080897904932
coco,13,102,bbob_f013_i102_d10,cma_es,20265000,279.77888813147877,,,300,0.033804964972659945
coco,13,102,bbob_f013_i102_d10,de,20265000,725.6178378349979,,,300,0.015051402151584625
coco,13,102,bbob_f013_i102_d10,random,20265000,964.1163029551277,,,300,0.0015350880566984415
coco,13,102,bbob_f013_i102_d10,full,20265001,925.7314876602104,,,300,1.07456911704503
coco,13,102,bbob_f013_i102_d10,anchor_only,20265001,1115.6264060111382,,,300,0.12903509195894003
coco,13,102,bbob_f013_i102_d10,cma_es,20265001,249.2746133457686,,,300,0.019676872994750738
coco,13,102,bbob_f013_i102_d10,de,20265001,690.8473135555179,,,300,0.005723264999687672
coco,13,102,bbob_f013_i102_d10,random,20265001,1028.4458117866898,,,300,0.0016113310120999813
coco,13,102,bbob_f013_i102_d10,full,20265002,695.5132340448309,,,300,1.1041699890047312
coco,13,102,bbob_f013_i102_d10,anchor_only,20265002,1048.6812522433136,,,300,0.12589860800653696
coco,13,102,bbob_f013_i102_d10,cma_es,20265002,182.72298772674364,,,300,0.024048951920121908
coco,13,102,bbob_f013_i102_d10,de,20265002,698.7452341705161,,,300,0.005211516981944442
coco,13,102,bbob_f013_i102_d10,random,20265002,1125.0248115250383,,,300,0.0015281920786947012
coco,13,102,bbob_f013_i102_d10,full,20265003,608.1739755250231,,,300,1.1193269011564553
coco,13,102,bbob_f013_i102_d10,anchor_only,20265003,897.5940067814121,,,300,0.11640432686544955
coco,13,102,bbob_f013_i102_d10,cma_es,20265003,279.56720414281676,,,300,0.024352974025532603
coco,13,102,bbob_f013_i102_d10,de,20265003,637.1446646004176,,,300,0.006448884028941393
coco,13,102,bbob_f013_i102_d10,random,20265003,925.664900721826,,,300,0.001339632086455822
coco,13,102,bbob_f013_i102_d10,full,20265004,511.206637930306,,,300,1.146284663118422
coco,13,102,bbob_f013_i102_d10,anchor_only,20265004,734.05353300782,,,300,0.1281478339806199
coco,13,102,bbob_f013_i102_d10,cma_es,20265004,315.5646866684321,,,300,0.03844236396253109
coco,13,102,bbob_f013_i102_d10,de,20265004,816.49770204652,,,300,0.012674280907958746
coco,13,102,bbob_f013_i102_d10,random,20265004,1017.6576175942993,,,300,0.002560230903327465
coco,13,102,bbob_f013_i102_d10,full,20265005,682.9149459883038,,,300,1.1382717399392277
coco,13,102,bbob_f013_i102_d10,anchor_only,20265005,863.2139572348043,,,300,0.11040568095631897
coco,13,102,bbob_f013_i102_d10,cma_es,20265005,438.56849442634825,,,300,0.04543217900209129
coco,13,102,bbob_f013_i102_d10,de,20265005,863.2139572348041,,,300,0.0064647209364920855
coco,13,102,bbob_f013_i102_d10,random,20265005,888.3045675024712,,,300,0.0011822469532489777
coco,13,102,bbob_f013_i102_d10,full,20265006,654.0999964381277,,,300,1.1580204418860376
coco,13,102,bbob_f013_i102_d10,anchor_only,20265006,931.5286323823827,,,300,0.12599404202774167
coco,13,102,bbob_f013_i102_d10,cma_es,20265006,159.96466731859422,,,300,0.030216275015845895
coco,13,102,bbob_f013_i102_d10,de,20265006,957.1051629671905,,,300,0.01368913403712213
coco,13,102,bbob_f013_i102_d10,random,20265006,918.5894337288253,,,300,0.002849302953109145
coco,13,102,bbob_f013_i102_d10,full,20265007,506.252044208602,,,300,1.078532343963161
coco,13,102,bbob_f013_i102_d10,anchor_only,20265007,948.4375030929625,,,300,0.13416145299561322
coco,13,102,bbob_f013_i102_d10,cma_es,20265007,157.6571285076343,,,300,0.021983041195198894
coco,13,102,bbob_f013_i102_d10,de,20265007,980.9560025818738,,,300,0.012230718974024057
coco,13,102,bbob_f013_i102_d10,random,20265007,793.7517496219536,,,300,0.0021394919604063034
coco,13,102,bbob_f013_i102_d10,full,20265008,795.8744417350413,,,300,1.0451132848393172
coco,13,102,bbob_f013_i102_d10,anchor_only,20265008,1091.5700176852608,,,300,0.12697098404169083
coco,13,102,bbob_f013_i102_d10,cma_es,20265008,264.39184320283084,,,300,0.026097391033545136
coco,13,102,bbob_f013_i102_d10,de,20265008,810.4125274561999,,,300,0.012075769016519189
coco,13,102,bbob_f013_i102_d10,random,20265008,808.0229061456891,,,300,0.000929070170968771
coco,13,102,bbob_f013_i102_d10,full,20265009,538.3039097282775,,,300,1.0282071358524263
coco,13,102,bbob_f013_i102_d10,anchor_only,20265009,753.2590818814474,,,300,0.11106635304167867
coco,13,102,bbob_f013_i102_d10,cma_es,20265009,222.48538050128397,,,300,0.03478389512747526
coco,13,102,bbob_f013_i102_d10,de,20265009,753.2590818814474,,,300,0.009637377923354506
coco,13,102,bbob_f013_i102_d10,random,20265009,1007.2725327735997,,,300,0.0029059299267828465
coco,14,101,bbob_f014_i101_d10,full,20265000,-83.42473329037331,,,300,1.1287987008690834
coco,14,101,bbob_f014_i101_d10,anchor_only,20265000,-67.34505557186925,,,300,0.13823165092617273
coco,14,101,bbob_f014_i101_d10,cma_es,20265000,-86.29809628266568,,,300,0.03520301706157625
coco,14,101,bbob_f014_i101_d10,de,20265000,-86.55917707399942,,,300,0.005404666997492313
coco,14,101,bbob_f014_i101_d10,random,20265000,-75.71008406067415,,,300,0.001350918086245656
coco,14,101,bbob_f014_i101_d10,full,20265001,-79.33364233568602,,,300,1.1154608209617436
coco,14,101,bbob_f014_i101_d10,anchor_only,20265001,-67.6420422492966,,,300,0.10331027605570853
coco,14,101,bbob_f014_i101_d10,cma_es,20265001,-86.57711860748712,,,300,0.029378500068560243
coco,14,101,bbob_f014_i101_d10,de,20265001,-77.54361892949078,,,300,0.006561742862686515
coco,14,101,bbob_f014_i101_d10,random,20265001,-70.57982070551363,,,300,0.0009186780080199242
coco,14,101,bbob_f014_i101_d10,full,20265002,-79.19530592066566,,,300,1.0476938779465854
coco,14,101,bbob_f014_i101_d10,anchor_only,20265002,-68.87052510754886,,,300,0.1377016380429268
coco,14,101,bbob_f014_i101_d10,cma_es,20265002,-88.36794007325067,,,300,0.022752532036975026
coco,14,101,bbob_f014_i101_d10,de,20265002,-81.10534116964976,,,300,0.009213776094838977
coco,14,101,bbob_f014_i101_d10,random,20265002,-75.94733636551369,,,300,0.0009492430835962296
coco,14,101,bbob_f014_i101_d10,full,20265003,-85.58856062465784,,,300,1.119302324950695
coco,14,101,bbob_f014_i101_d10,anchor_only,20265003,-78.76577542988593,,,300,0.12124298000708222
coco,14,101,bbob_f014_i101_d10,cma_es,20265003,-87.77111640782043,,,300,0.03393554617650807
coco,14,101,bbob_f014_i101_d10,de,20265003,-82.80946891551824,,,300,0.00529502984136343
coco,14,101,bbob_f014_i101_d10,random,20265003,-71.09679068355821,,,300,0.0009078760631382465
coco,14,101,bbob_f014_i101_d10,full,20265004,-80.2565530303218,,,300,1.0411567830014974
coco,14,101,bbob_f014_i101_d10,anchor_only,20265004,-74.92457682874482,,,300,0.143645258853212
coco,14,101,bbob_f014_i101_d10,cma_es,20265004,-88.79532664813368,,,300,0.03506514593027532
coco,14,101,bbob_f014_i101_d10,de,20265004,-81.23566735362316,,,300,0.009854387026280165
coco,14,101,bbob_f014_i101_d10,random,20265004,-82.37066134202298,,,300,0.002911289921030402
coco,14,101,bbob_f014_i101_d10,full,20265005,-79.96601210823108,,,300,1.1040885529946536
coco,14,101,bbob_f014_i101_d10,anchor_only,20265005,-69.67495979832024,,,300,0.13276614202186465
coco,14,101,bbob_f014_i101_d10,cma_es,20265005,-86.74425380325347,,,300,0.030274146934971213
coco,14,101,bbob_f014_i101_d10,de,20265005,-83.4270863750713,,,300,0.006876278901472688
coco,14,101,bbob_f014_i101_d10,random,20265005,-69.19562961947497,,,300,0.0027753959875553846
coco,14,101,bbob_f014_i101_d10,full,20265006,-84.39652408288484,,,300,1.0956812191288918
coco,14,101,bbob_f014_i101_d10,anchor_only,20265006,-80.99205556952053,,,300,0.11476788599975407
coco,14,101,bbob_f014_i101_d10,cma_es,20265006,-88.48904573734742,,,300,0.026284035062417388
coco,14,101,bbob_f014_i101_d10,de,20265006,-80.99205556952053,,,300,0.0058025480248034
coco,14,101,bbob_f014_i101_d10,random,20265006,-68.96613066615824,,,300,0.0011125479359179735
coco,14,101,bbob_f014_i101_d10,full,20265007,-72.0912369228963,,,300,1.0982766540255398
coco,14,101,bbob_f014_i101_d10,anchor_only,20265007,-64.50015897279498,,,300,0.10908000101335347
coco,14,101,bbob_f014_i101_d10,cma_es,20265007,-86.191980706612,,,300,0.033630833961069584
coco,14,101,bbob_f014_i101_d10,de,20265007,-80.51482477779213,,,300,0.016291270032525063
coco,14,101,bbob_f014_i101_d10,random,20265007,-75.09337857058983,,,300,0.002836498897522688
coco,14,101,bbob_f014_i101_d10,full,20265008,-82.74997332970628,,,300,1.0914748117793351
coco,14,101,bbob_f014_i101_d10,anchor_only,20265008,-77.80674782060237,,,300,0.120029266923666
coco,14,101,bbob_f014_i101_d10,cma_es,20265008,-87.73513432210207,,,300,0.03263874212279916
coco,14,101,bbob_f014_i101_d10,de,20265008,-77.80674782060237,,,300,0.006598984124138951
coco,14,101,bbob_f014_i101_d10,random,20265008,-77.62638028124451,,,300,0.0008870458696037531
coco,14,102,bbob_f014_i102_d10,full,20265001,-329.4767539461241,,,300,1.041835481999442
coco,14,102,bbob_f014_i102_d10,anchor_only,20265001,-327.5586141766437,,,300,0.1080845738761127
coco,14,102,bbob_f014_i102_d10,cma_es,20265001,-334.172452789959,,,300,0.030415716115385294
coco,14,102,bbob_f014_i102_d10,de,20265001,-327.4344931086985,,,300,0.011235006852075458
coco,14,102,bbob_f014_i102_d10,random,20265001,-322.49750363441615,,,300,0.0009288408327847719
coco,14,101,bbob_f014_i101_d10,full,20265009,-84.28568100225799,,,300,1.0326630708295852
coco,14,101,bbob_f014_i101_d10,anchor_only,20265009,-77.24259829008247,,,300,0.13128687208518386
coco,14,101,bbob_f014_i101_d10,cma_es,20265009,-86.4387381186863,,,300,0.036992461187765
coco,14,101,bbob_f014_i101_d10,de,20265009,-81.66332944902267,,,300,0.006118820980191231
coco,14,101,bbob_f014_i101_d10,random,20265009,-78.53193531378226,,,300,0.0015942840836942196
coco,14,102,bbob_f014_i102_d10,full,20265000,-331.2156223936512,,,300,1.0569688670802861
coco,14,102,bbob_f014_i102_d10,anchor_only,20265000,-326.19391301898736,,,300,0.13567648292519152
coco,14,102,bbob_f014_i102_d10,cma_es,20265000,-334.2403381413172,,,300,0.024974204832687974
coco,14,102,bbob_f014_i102_d10,de,20265000,-328.4068788930649,,,300,0.009953767992556095
coco,14,102,bbob_f014_i102_d10,random,20265000,-325.58242024572326,,,300,0.002819205867126584
coco,14,102,bbob_f014_i102_d10,full,20265002,-328.29845826022006,,,300,1.036221332848072
coco,14,102,bbob_f014_i102_d10,anchor_only,20265002,-321.2822652601366,,,300,0.115821243962273
coco,14,102,bbob_f014_i102_d10,cma_es,20265002,-332.68956252434293,,,300,0.03502751304768026
coco,14,102,bbob_f014_i102_d10,de,20265002,-329.67636343379695,,,300,0.006258378969505429
coco,14,102,bbob_f014_i102_d10,random,20265002,-325.45670656278986,,,300,0.00297504011541605
coco,14,102,bbob_f014_i102_d10,full,20265003,-328.0027581988527,,,300,1.0344894861336797
coco,14,102,bbob_f014_i102_d10,anchor_only,20265003,-322.9477880851799,,,300,0.1448714849539101
coco,14,102,bbob_f014_i102_d10,cma_es,20265003,-334.279231777906,,,300,0.03360114712268114
coco,14,102,bbob_f014_i102_d10,de,20265003,-328.3133640365335,,,300,0.005491645075380802
coco,14,102,bbob_f014_i102_d10,random,20265003,-321.7052149944015,,,300,0.0028898799791932106
coco,14,102,bbob_f014_i102_d10,full,20265004,-329.9765481673866,,,300,1.0507831901777536
coco,14,102,bbob_f014_i102_d10,anchor_only,20265004,-324.761842900753,,,300,0.10674977698363364
coco,14,102,bbob_f014_i102_d10,cma_es,20265004,-333.7572213703292,,,300,0.033256942173466086
coco,14,102,bbob_f014_i102_d10,de,20265004,-325.8893273203372,,,300,0.0054425629787147045
coco,14,102,bbob_f014_i102_d10,random,20265004,-319.16523283563464,,,300,0.0009759350214153528
coco,14,102,bbob_f014_i102_d10,full,20265005,-326.5288939026302,,,300,0.9621759380679578
coco,14,102,bbob_f014_i102_d10,anchor_only,20265005,-324.47998259406535,,,300,0.1255108378827572
coco,14,102,bbob_f014_i102_d10,cma_es,20265005,-333.63195069770586,,,300,0.024871316039934754
coco,14,102,bbob_f014_i102_d10,de,20265005,-321.36665414323204,,,300,0.005340703995898366
coco,14,102,bbob_f014_i102_d10,random,20265005,-327.99922560948204,,,300,0.0012241420336067677
coco,14,102,bbob_f014_i102_d10,full,20265006,-327.19248650373635,,,300,1.0580418619792908
coco,14,102,bbob_f014_i102_d10,anchor_only,20265006,-321.49523802813354,,,300,0.11072142887860537
coco,14,102,bbob_f014_i102_d10,cma_es,20265006,-334.7624945709733,,,300,0.029783535981550813
coco,14,102,bbob_f014_i102_d10,de,20265006,-326.9148773625356,,,300,0.006071861833333969
coco,14,102,bbob_f014_i102_d10,random,20265006,-322.06172745913165,,,300,0.003038441063836217
coco,14,102,bbob_f014_i102_d10,full,20265007,-327.585110889585,,,300,1.0281214620918036
coco,14,102,bbob_f014_i102_d10,anchor_only,20265007,-325.0067201262066,,,300,0.12233473896048963
coco,14,102,bbob_f014_i102_d10,cma_es,20265007,-333.8359817739626,,,300,0.030097278067842126
coco,14,102,bbob_f014_i102_d10,de,20265007,-328.68758141309695,,,300,0.0053890179842710495
coco,14,102,bbob_f014_i102_d10,random,20265007,-323.20869513830024,,,300,0.0009322310797870159
coco,14,102,bbob_f014_i102_d10,full,20265008,-324.6429698856149,,,300,1.0076892578508705
coco,14,102,bbob_f014_i102_d10,anchor_only,20265008,-320.78628646636906,,,300,0.11299215513281524
coco,14,102,bbob_f014_i102_d10,cma_es,20265008,-334.77429339863664,,,300,0.02134107705205679
coco,14,102,bbob_f014_i102_d10,de,20265008,-325.7209232001092,,,300,0.012023926014080644
coco,14,102,bbob_f014_i102_d10,random,20265008,-325.23248383308555,,,300,0.0016182460822165012
coco,14,102,bbob_f014_i102_d10,full,20265009,-329.0550530178777,,,300,1.1215788698755205
coco,14,102,bbob_f014_i102_d10,anchor_only,20265009,-323.0579385344472,,,300,0.11787993600592017
coco,14,102,bbob_f014_i102_d10,cma_es,20265009,-334.51985414374985,,,300,0.03278739703819156
coco,14,102,bbob_f014_i102_d10,de,20265009,-323.890514496635,,,300,0.01481506391428411
coco,14,102,bbob_f014_i102_d10,random,20265009,-322.3396503338173,,,300,0.003026698948815465
coco,15,101,bbob_f015_i101_d10,full,20265000,1091.1691419079384,,,300,1.081725168041885
coco,15,101,bbob_f015_i101_d10,anchor_only,20265000,1175.450558551122,,,300,0.12096398207359016
coco,15,101,bbob_f015_i101_d10,cma_es,20265000,1078.9056480358772,,,300,0.021060600876808167
coco,15,101,bbob_f015_i101_d10,de,20265000,1092.8326562450084,,,300,0.007898921146988869
coco,15,101,bbob_f015_i101_d10,random,20265000,1203.2768700912973,,,300,0.0020601970609277487
coco,15,101,bbob_f015_i101_d10,full,20265001,1103.187891742655,,,300,0.9649098028894514
coco,15,101,bbob_f015_i101_d10,anchor_only,20265001,1170.6892523698784,,,300,0.121727854013443
coco,15,101,bbob_f015_i101_d10,cma_es,20265001,1088.061767829488,,,300,0.025863429065793753
coco,15,101,bbob_f015_i101_d10,de,20265001,1110.6337115688273,,,300,0.009366923943161964
coco,15,101,bbob_f015_i101_d10,random,20265001,1157.2575063913298,,,300,0.0013984139077365398
coco,15,101,bbob_f015_i101_d10,full,20265003,1080.9305875945174,,,300,0.996084262849763
coco,15,101,bbob_f015_i101_d10,anchor_only,20265003,1197.3021467337876,,,300,0.11920671188272536
coco,15,101,bbob_f015_i101_d10,cma_es,20265003,1044.1207424706254,,,300,0.030206679133698344
coco,15,101,bbob_f015_i101_d10,de,20265003,1141.7800110797562,,,300,0.014620915986597538
coco,15,101,bbob_f015_i101_d10,random,20265003,1218.456119729126,,,300,0.0035603779833763838
coco,15,101,bbob_f015_i101_d10,full,20265002,1091.1646999729983,,,300,1.0617451430298388
coco,15,101,bbob_f015_i101_d10,anchor_only,20265002,1173.6517352501367,,,300,0.11675715888850391
coco,15,101,bbob_f015_i101_d10,cma_es,20265002,1065.4019914019466,,,300,0.026377225993201137
coco,15,101,bbob_f015_i101_d10,de,20265002,1157.2696281746375,,,300,0.010155085008591413
coco,15,101,bbob_f015_i101_d10,random,20265002,1198.1930992801115,,,300,0.0015005001332610846
coco,15,101,bbob_f015_i101_d10,full,20265004,1071.4635336846432,,,300,1.0559833601582795
coco,15,101,bbob_f015_i101_d10,anchor_only,20265004,1181.6972463023594,,,300,0.1115597328171134
coco,15,101,bbob_f015_i101_d10,cma_es,20265004,1091.9774658991685,,,300,0.032742734998464584
coco,15,101,bbob_f015_i101_d10,de,20265004,1163.682149167972,,,300,0.009635931812226772
coco,15,101,bbob_f015_i101_d10,random,20265004,1147.105922983327,,,300,0.0012675810139626265
coco,15,101,bbob_f015_i101_d10,full,20265006,1088.3681662950764,,,300,0.9944252579007298
coco,15,101,bbob_f015_i101_d10,anchor_only,20265006,1199.2321148872322,,,300,0.13157627219334245
coco,15,101,bbob_f015_i101_d10,cma_es,20265006,1084.289897881526,,,300,0.034566626185551286
coco,15,101,bbob_f015_i101_d10,de,20265006,1171.9372418784542,,,300,0.006428655004128814
coco,15,101,bbob_f015_i101_d10,random,20265006,1233.221896290955,,,300,0.0030009059701114893
coco,15,101,bbob_f015_i101_d10,full,20265005,1096.6799707890045,,,300,1.0633491640910506
coco,15,101,bbob_f015_i101_d10,anchor_only,20265005,1196.6184631318251,,,300,0.14080715598538518
coco,15,101,bbob_f015_i101_d10,cma_es,20265005,1070.2324878716854,,,300,0.019895833916962147
coco,15,101,bbob_f015_i101_d10,de,20265005,1173.1351700480209,,,300,0.010829390957951546
coco,15,101,bbob_f015_i101_d10,random,20265005,1180.237859329071,,,300,0.0029825461097061634
coco,15,101,bbob_f015_i101_d10,full,20265007,1153.5605296418967,,,300,1.0231512049213052
coco,15,101,bbob_f015_i101_d10,anchor_only,20265007,1303.9270963588024,,,300,0.11442452808842063
coco,15,101,bbob_f015_i101_d10,cma_es,20265007,1085.014586673191,,,300,0.02846997301094234
coco,15,101,bbob_f015_i101_d10,de,20265007,1171.200979999843,,,300,0.011849204078316689
coco,15,101,bbob_f015_i101_d10,random,20265007,1201.728668397804,,,300,0.0026896470226347446
coco,15,101,bbob_f015_i101_d10,full,20265008,1091.485727686365,,,300,1.012354037957266
coco,15,101,bbob_f015_i101_d10,anchor_only,20265008,1141.2432777224697,,,300,0.12438067607581615
coco,15,101,bbob_f015_i101_d10,cma_es,20265008,1076.1012102709633,,,300,0.036519235000014305
coco,15,101,bbob_f015_i101_d10,de,20265008,1151.5246268478784,,,300,0.010427820961922407
coco,15,101,bbob_f015_i101_d10,random,20265008,1247.738883954497,,,300,0.0031273700296878815
coco,15,101,bbob_f015_i101_d10,full,20265009,1091.27970527547,,,300,1.0664409738965333
coco,15,101,bbob_f015_i101_d10,anchor_only,20265009,1204.3298151569388,,,300,0.12940800306387246
coco,15,101,bbob_f015_i101_d10,cma_es,20265009,1083.1752132419288,,,300,0.0230668680742383
coco,15,101,bbob_f015_i101_d10,de,20265009,1192.409716059345,,,300,0.013321594800800085
coco,15,101,bbob_f015_i101_d10,random,20265009,1203.6336917622516,,,300,0.001315718051046133
coco,15,102,bbob_f015_i102_d10,full,20265000,-245.20103270937636,,,300,1.1016331920400262
coco,15,102,bbob_f015_i102_d10,anchor_only,20265000,-147.26289622401376,,,300,0.11340356897562742
coco,15,102,bbob_f015_i102_d10,cma_es,20265000,-275.98946911329244,,,300,0.03145170118659735
coco,15,102,bbob_f015_i102_d10,de,20265000,-220.72730337705462,,,300,0.009712243918329477
coco,15,102,bbob_f015_i102_d10,random,20265000,-109.06827251923193,,,300,0.002007843926548958
coco,15,102,bbob_f015_i102_d10,full,20265001,-189.16623063400834,,,300,1.0326196721289307
coco,15,102,bbob_f015_i102_d10,anchor_only,20265001,-69.0168677046031,,,300,0.12394665600731969
coco,15,102,bbob_f015_i102_d10,cma_es,20265001,-274.30217090823476,,,300,0.035553263034671545
coco,15,102,bbob_f015_i102_d10,de,20265001,-185.68419191000527,,,300,0.014245342928916216
coco,15,102,bbob_f015_i102_d10,random,20265001,-213.94541046794677,,,300,0.0026261538732796907
coco,15,102,bbob_f015_i102_d10,full,20265003,-241.01588895532976,,,300,1.0008533510845155
coco,15,102,bbob_f015_i102_d10,anchor_only,20265003,-96.02637435052088,,,300,0.09617082984186709
coco,15,102,bbob_f015_i102_d10,cma_es,20265003,-279.6320526372726,,,300,0.026291591115295887
coco,15,102,bbob_f015_i102_d10,de,20265003,-180.92864790191817,,,300,0.009945422876626253
coco,15,102,bbob_f015_i102_d10,random,20265003,-132.1325921494093,,,300,0.0035773990675807
coco,15,102,bbob_f015_i102_d10,full,20265002,-263.089027926885,,,300,1.040463414043188
coco,15,102,bbob_f015_i102_d10,anchor_only,20265002,-150.2383713641878,,,300,0.11094494792632759
coco,15,102,bbob_f015_i102_d10,cma_es,20265002,-258.8157487216857,,,300,0.023410621099174023
coco,15,102,bbob_f015_i102_d10,de,20265002,-236.2574341282215,,,300,0.005967631004750729
coco,15,102,bbob_f015_i102_d10,random,20265002,-173.02715566276817,,,300,0.002231352962553501
coco,15,102,bbob_f015_i102_d10,full,20265004,-241.5161318136762,,,300,1.0019622209947556
coco,15,102,bbob_f015_i102_d10,anchor_only,20265004,-101.70013778516108,,,300,0.12879085587337613
coco,15,102,bbob_f015_i102_d10,cma_es,20265004,-286.3608390767882,,,300,0.024085164070129395
coco,15,102,bbob_f015_i102_d10,de,20265004,-180.60485118578794,,,300,0.011412963038310409
coco,15,102,bbob_f015_i102_d10,random,20265004,-174.2751092130575,,,300,0.0034212421160191298
coco,15,102,bbob_f015_i102_d10,full,20265005,-251.97527209599343,,,300,1.0471984490286559
coco,15,102,bbob_f015_i102_d10,anchor_only,20265005,-137.066611376371,,,300,0.1059868959710002
coco,15,102,bbob_f015_i102_d10,cma_es,20265005,-257.7920197813471,,,300,0.0484085560310632
coco,15,102,bbob_f015_i102_d10,de,20265005,-208.37064812076648,,,300,0.010883413022384048
coco,15,102,bbob_f015_i102_d10,random,20265005,-152.410372724051,,,300,0.001205103937536478
coco,15,102,bbob_f015_i102_d10,full,20265008,-255.82010139148366,,,300,0.991822088137269
coco,15,102,bbob_f015_i102_d10,anchor_only,20265008,-238.23517040148172,,,300,0.11367737292312086
coco,15,102,bbob_f015_i102_d10,cma_es,20265008,-299.70488570625366,,,300,0.03154753893613815
coco,15,102,bbob_f015_i102_d10,de,20265008,-238.23517040148172,,,300,0.007406316930428147
coco,15,102,bbob_f015_i102_d10,random,20265008,-76.75221189311355,,,300,0.0012288710568100214
coco,15,102,bbob_f015_i102_d10,full,20265006,-242.91313635589796,,,300,1.0527916110586375
coco,15,102,bbob_f015_i102_d10,anchor_only,20265006,-171.17834054859438,,,300,0.1175878751091659
coco,15,102,bbob_f015_i102_d10,cma_es,20265006,-282.03044906393677,,,300,0.02868415997363627
coco,15,102,bbob_f015_i102_d10,de,20265006,-176.76536662612915,,,300,0.010504072066396475
coco,15,102,bbob_f015_i102_d10,random,20265006,-104.4972860356223,,,300,0.0037013250403106213
coco,15,102,bbob_f015_i102_d10,full,20265007,-129.74601663862643,,,300,1.0524555461015552
coco,15,102,bbob_f015_i102_d10,anchor_only,20265007,-43.80381185453086,,,300,0.12400094699114561
coco,15,102,bbob_f015_i102_d10,cma_es,20265007,-281.73496201221866,,,300,0.024356773123145103
coco,15,102,bbob_f015_i102_d10,de,20265007,-198.65471617003797,,,300,0.009274532087147236
coco,15,102,bbob_f015_i102_d10,random,20265007,-190.2463544350297,,,300,0.0034929169341921806
coco,15,102,bbob_f015_i102_d10,full,20265009,-273.452877976874,,,300,1.1061297859996557
coco,15,102,bbob_f015_i102_d10,anchor_only,20265009,-169.5518722731802,,,300,0.1290437749121338
coco,15,102,bbob_f015_i102_d10,cma_es,20265009,-267.89066283792965,,,300,0.033125135116279125
coco,15,102,bbob_f015_i102_d10,de,20265009,-169.55187227318038,,,300,0.005902663804590702
coco,15,102,bbob_f015_i102_d10,random,20265009,-95.1867007809708,,,300,0.0012947870418429375
coco,16,101,bbob_f016_i101_d10,full,20265000,-66.71829511779637,,,300,1.1144231020007282
coco,16,101,bbob_f016_i101_d10,anchor_only,20265000,-57.70150837103361,,,300,0.1347503629513085
coco,16,101,bbob_f016_i101_d10,cma_es,20265000,-59.89644810538519,,,300,0.037715904880315065
coco,16,101,bbob_f016_i101_d10,de,20265000,-64.3422164525721,,,300,0.015451204031705856
coco,16,101,bbob_f016_i101_d10,random,20265000,-61.28050223809586,,,300,0.003918040078133345
coco,16,101,bbob_f016_i101_d10,full,20265001,-61.95930805811264,,,300,1.079059282084927
coco,16,101,bbob_f016_i101_d10,anchor_only,20265001,-60.74253146538125,,,300,0.13433400494977832
coco,16,101,bbob_f016_i101_d10,cma_es,20265001,-65.81502592196352,,,300,0.03832726995460689
coco,16,101,bbob_f016_i101_d10,de,20265001,-64.22440708851767,,,300,0.016639384906738997
coco,16,101,bbob_f016_i101_d10,random,20265001,-64.76506320317361,,,300,0.003165669972077012
coco,16,101,bbob_f016_i101_d10,full,20265002,-64.44541410447813,,,300,1.1794063779525459
coco,16,101,bbob_f016_i101_d10,anchor_only,20265002,-64.44541410447813,,,300,0.13865893497131765
coco,16,101,bbob_f016_i101_d10,cma_es,20265002,-65.43965974840502,,,300,0.03722384502179921
coco,16,101,bbob_f016_i101_d10,de,20265002,-64.44541410447863,,,300,0.012096813879907131
coco,16,101,bbob_f016_i101_d10,random,20265002,-64.8965267307812,,,300,0.001652080798521638
coco,16,101,bbob_f016_i101_d10,full,20265004,-63.00382394390356,,,300,1.0049507971853018
coco,16,101,bbob_f016_i101_d10,anchor_only,20265004,-63.00382394390356,,,300,0.12091233697719872
coco,16,101,bbob_f016_i101_d10,cma_es,20265004,-65.41947959076755,,,300,0.028539148159325123
coco,16,101,bbob_f016_i101_d10,de,20265004,-68.96972408422093,,,300,0.009032971924170852
coco,16,101,bbob_f016_i101_d10,random,20265004,-67.22400126748946,,,300,0.0017169839702546597
coco,16,101,bbob_f016_i101_d10,full,20265003,-57.035169966849516,,,300,1.11514061386697
coco,16,101,bbob_f016_i101_d10,anchor_only,20265003,-56.275870521940526,,,300,0.14682863396592438
coco,16,101,bbob_f016_i101_d10,cma_es,20265003,-59.95681114871319,,,300,0.03930067201144993
coco,16,101,bbob_f016_i101_d10,de,20265003,-59.20129881289539,,,300,0.00786795886233449
coco,16,101,bbob_f016_i101_d10,random,20265003,-66.67815170139423,,,300,0.0019035590812563896
coco,16,101,bbob_f016_i101_d10,full,20265005,-71.49609732900723,,,300,1.0836547750514
coco,16,101,bbob_f016_i101_d10,anchor_only,20265005,-71.49609732900723,,,300,0.13276004395447671
coco,16,101,bbob_f016_i101_d10,cma_es,20265005,-70.52696572981654,,,300,0.034096239833161235
coco,16,101,bbob_f016_i101_d10,de,20265005,-71.49609732901072,,,300,0.012564080068841577
coco,16,101,bbob_f016_i101_d10,random,20265005,-66.24965448697398,,,300,0.003201944986358285
coco,16,101,bbob_f016_i101_d10,full,20265006,-66.83668383770608,,,300,1.0626627311576158
coco,16,101,bbob_f016_i101_d10,anchor_only,20265006,-66.83668383770608,,,300,0.1477660550735891
coco,16,101,bbob_f016_i101_d10,cma_es,20265006,-70.93039929397497,,,300,0.024304772028699517
coco,16,101,bbob_f016_i101_d10,de,20265006,-66.83668383770608,,,300,0.007414546795189381
coco,16,101,bbob_f016_i101_d10,random,20265006,-55.238036749365214,,,300,0.0023941879626363516
coco,16,101,bbob_f016_i101_d10,full,20265007,-76.06216492264402,,,300,1.1919841601047665
coco,16,101,bbob_f016_i101_d10,anchor_only,20265007,-72.67087512277445,,,300,0.118208167841658
coco,16,101,bbob_f016_i101_d10,cma_es,20265007,-72.69357489573892,,,300,0.02876308001577854
coco,16,101,bbob_f016_i101_d10,de,20265007,-72.67087512277575,,,300,0.007313815876841545
coco,16,101,bbob_f016_i101_d10,random,20265007,-65.9597978342072,,,300,0.0023857189808040857
coco,16,101,bbob_f016_i101_d10,full,20265008,-75.07512332605852,,,300,1.120455278083682
coco,16,101,bbob_f016_i101_d10,anchor_only,20265008,-75.07512332605852,,,300,0.11579520185478032
coco,16,101,bbob_f016_i101_d10,cma_es,20265008,-64.31653089472789,,,300,0.022400381043553352
coco,16,101,bbob_f016_i101_d10,de,20265008,-75.07512332606287,,,300,0.009339469950646162
coco,16,101,bbob_f016_i101_d10,random,20265008,-77.82436532576028,,,300,0.0022480569314211607
coco,16,101,bbob_f016_i101_d10,full,20265009,-63.9907457670749,,,300,1.1091935520526022
coco,16,101,bbob_f016_i101_d10,anchor_only,20265009,-51.27449079550699,,,300,0.12211170187219977
coco,16,101,bbob_f016_i101_d10,cma_es,20265009,-64.11702434096,,,300,0.02695975499227643
coco,16,101,bbob_f016_i101_d10,de,20265009,-70.08712646049418,,,300,0.013743110001087189
coco,16,101,bbob_f016_i101_d10,random,20265009,-62.27886794003915,,,300,0.0021812529303133488
coco,16,102,bbob_f016_i102_d10,full,20265000,28.441022151935776,,,300,1.0809489239472896
coco,16,102,bbob_f016_i102_d10,anchor_only,20265000,30.368658279877494,,,300,0.12516671791672707
coco,16,102,bbob_f016_i102_d10,cma_es,20265000,28.123605796768857,,,300,0.03562420792877674
coco,16,102,bbob_f016_i102_d10,de,20265000,27.901940103025353,,,300,0.00998659711331129
coco,16,102,bbob_f016_i102_d10,random,20265000,36.91706437538747,,,300,0.0016016289591789246
coco,16,102,bbob_f016_i102_d10,full,20265001,33.235462710183455,,,300,1.0525415691081434
coco,16,102,bbob_f016_i102_d10,anchor_only,20265001,37.70057362364841,,,300,0.14416629006154835
coco,16,102,bbob_f016_i102_d10,cma_es,20265001,23.672878784616383,,,300,0.02442888799123466
coco,16,102,bbob_f016_i102_d10,de,20265001,29.497406674147364,,,300,0.006992418086156249
coco,16,102,bbob_f016_i102_d10,random,20265001,36.06359139316062,,,300,0.00163239985704422
coco,16,102,bbob_f016_i102_d10,full,20265002,31.94334203542458,,,300,1.0979957410600036
coco,16,102,bbob_f016_i102_d10,anchor_only,20265002,31.94334203542458,,,300,0.11371704586781561
coco,16,102,bbob_f016_i102_d10,cma_es,20265002,22.374702185262855,,,300,0.04036223702132702
coco,16,102,bbob_f016_i102_d10,de,20265002,28.106084793770393,,,300,0.013377661816775799
coco,16,102,bbob_f016_i102_d10,random,20265002,33.729275975445894,,,300,0.0015804809518158436
coco,16,102,bbob_f016_i102_d10,full,20265003,29.66464899000035,,,300,1.0777512472122908
coco,16,102,bbob_f016_i102_d10,anchor_only,20265003,37.669239509655796,,,300,0.10741476807743311
coco,16,102,bbob_f016_i102_d10,cma_es,20265003,36.53651776574049,,,300,0.028343965066596866
coco,16,102,bbob_f016_i102_d10,de,20265003,27.522923413169465,,,300,0.010309329023584723
coco,16,102,bbob_f016_i102_d10,random,20265003,24.30563763293462,,,300,0.0016863718628883362
coco,16,102,bbob_f016_i102_d10,full,20265005,30.127671164989366,,,300,1.0264065598603338
coco,16,102,bbob_f016_i102_d10,anchor_only,20265005,30.127671164989366,,,300,0.1159825511276722
coco,16,102,bbob_f016_i102_d10,cma_es,20265005,36.003152565888506,,,300,0.031241338001564145
coco,16,102,bbob_f016_i102_d10,de,20265005,29.03647967338287,,,300,0.0064040308352559805
coco,16,102,bbob_f016_i102_d10,random,20265005,21.11788277697856,,,300,0.00164220598526299
coco,16,102,bbob_f016_i102_d10,full,20265004,19.733196028688027,,,300,1.0688206041231751
coco,16,102,bbob_f016_i102_d10,anchor_only,20265004,34.329591028361335,,,300,0.1415863810107112
coco,16,102,bbob_f016_i102_d10,cma_es,20265004,27.365804147351696,,,300,0.027248959988355637
coco,16,102,bbob_f016_i102_d10,de,20265004,25.26766087747039,,,300,0.01228819484822452
coco,16,102,bbob_f016_i102_d10,random,20265004,25.81868489594732,,,300,0.002735267160460353
coco,16,102,bbob_f016_i102_d10,full,20265006,33.080908800044774,,,300,1.0878101279959083
coco,16,102,bbob_f016_i102_d10,anchor_only,20265006,36.72149596382441,,,300,0.1302684680558741
coco,16,102,bbob_f016_i102_d10,cma_es,20265006,22.103876287954602,,,300,0.03792083892039955
coco,16,102,bbob_f016_i102_d10,de,20265006,36.16754743995335,,,300,0.006188243860378861
coco,16,102,bbob_f016_i102_d10,random,20265006,16.904392228058818,,,300,0.001625141128897667
coco,16,102,bbob_f016_i102_d10,full,20265008,18.500068333973662,,,300,0.9956310419365764
coco,16,102,bbob_f016_i102_d10,anchor_only,20265008,35.426541957408844,,,300,0.11248871916905046
coco,16,102,bbob_f016_i102_d10,cma_es,20265008,31.374440562885617,,,300,0.03705280111171305
coco,16,102,bbob_f016_i102_d10,de,20265008,23.182390054489616,,,300,0.009379502851516008
coco,16,102,bbob_f016_i102_d10,random,20265008,20.790928457784844,,,300,0.0018382100388407707
coco,16,102,bbob_f016_i102_d10,full,20265007,28.77111111864987,,,300,1.1049075338523835
coco,16,102,bbob_f016_i102_d10,anchor_only,20265007,36.95949977779303,,,300,0.1091356638353318
coco,16,102,bbob_f016_i102_d10,cma_es,20265007,24.73637959862775,,,300,0.029790609143674374
coco,16,102,bbob_f016_i102_d10,de,20265007,33.52572196903793,,,300,0.006453339010477066
coco,16,102,bbob_f016_i102_d10,random,20265007,22.360449998994984,,,300,0.0015638871118426323
coco,16,102,bbob_f016_i102_d10,full,20265009,24.523624746490214,,,300,1.043507033959031
coco,16,102,bbob_f016_i102_d10,anchor_only,20265009,24.523624746490214,,,300,0.12276020389981568
coco,16,102,bbob_f016_i102_d10,cma_es,20265009,26.470690719698062,,,300,0.026846162974834442
coco,16,102,bbob_f016_i102_d10,de,20265009,24.523624746494832,,,300,0.008455769158899784
coco,16,102,bbob_f016_i102_d10,random,20265009,28.203765817467477,,,300,0.0027154639828950167
coco,17,101,bbob_f017_i101_d10,full,20265000,40.139966293376936,,,300,1.0256235229317099
coco,17,101,bbob_f017_i101_d10,anchor_only,20265000,44.46186922044642,,,300,0.10746030905283988
coco,17,101,bbob_f017_i101_d10,cma_es,20265000,37.70829327158089,,,300,0.028384114848449826
coco,17,101,bbob_f017_i101_d10,de,20265000,41.99539602543886,,,300,0.015195965999737382
coco,17,101,bbob_f017_i101_d10,random,20265000,41.66774856089253,,,300,0.0014350530691444874
coco,17,101,bbob_f017_i101_d10,full,20265002,39.754023850313196,,,300,1.0278000759426504
coco,17,101,bbob_f017_i101_d10,anchor_only,20265002,44.40762139954845,,,300,0.11586864991113544
coco,17,101,bbob_f017_i101_d10,cma_es,20265002,36.59798531702932,,,300,0.034015564946457744
coco,17,101,bbob_f017_i101_d10,de,20265002,44.20874350998857,,,300,0.008908807998523116
coco,17,101,bbob_f017_i101_d10,random,20265002,43.08342175993936,,,300,0.001208796864375472
coco,17,101,bbob_f017_i101_d10,full,20265001,39.078640635912315,,,300,1.0579241230152547
coco,17,101,bbob_f017_i101_d10,anchor_only,20265001,43.69782755449999,,,300,0.10746228392235935
coco,17,101,bbob_f017_i101_d10,cma_es,20265001,36.992338289537855,,,300,0.025839791866019368
coco,17,101,bbob_f017_i101_d10,de,20265001,41.92930888668121,,,300,0.01641406980343163
coco,17,101,bbob_f017_i101_d10,random,20265001,40.65358030949226,,,300,0.0016254079528152943
coco,17,101,bbob_f017_i101_d10,full,20265003,41.636694452588706,,,300,1.0383556860033423
coco,17,101,bbob_f017_i101_d10,anchor_only,20265003,43.854663810623165,,,300,0.10183831001631916
coco,17,101,bbob_f017_i101_d10,cma_es,20265003,37.02520661683883,,,300,0.02727145003154874
coco,17,101,bbob_f017_i101_d10,de,20265003,39.85546097008436,,,300,0.009444447932764888
coco,17,101,bbob_f017_i101_d10,random,20265003,39.205866854450164,,,300,0.0017658860888332129
coco,17,101,bbob_f017_i101_d10,full,20265004,40.889299394489015,,,300,1.082950429059565
coco,17,101,bbob_f017_i101_d10,anchor_only,20265004,45.12933384873131,,,300,0.13521810597740114
coco,17,101,bbob_f017_i101_d10,cma_es,20265004,36.585051301363855,,,300,0.03661474585533142
coco,17,101,bbob_f017_i101_d10,de,20265004,42.12227602490047,,,300,0.00761087192222476
coco,17,101,bbob_f017_i101_d10,random,20265004,42.00998604369916,,,300,0.0011351590510457754
coco,17,101,bbob_f017_i101_d10,full,20265005,41.1417827451641,,,300,1.1081587350927293
coco,17,101,bbob_f017_i101_d10,anchor_only,20265005,43.84618823664189,,,300,0.13305196911096573
coco,17,101,bbob_f017_i101_d10,cma_es,20265005,38.08682561565025,,,300,0.03648094809614122
coco,17,101,bbob_f017_i101_d10,de,20265005,43.846188236641886,,,300,0.00798138789832592
coco,17,101,bbob_f017_i101_d10,random,20265005,39.80205660518034,,,300,0.0011417209170758724
coco,17,101,bbob_f017_i101_d10,full,20265006,40.91316225605781,,,300,1.0479854501318187
coco,17,101,bbob_f017_i101_d10,anchor_only,20265006,43.92274564207932,,,300,0.11242025508545339
coco,17,101,bbob_f017_i101_d10,cma_es,20265006,37.51334046493013,,,300,0.02893423498608172
coco,17,101,bbob_f017_i101_d10,de,20265006,42.45074611591356,,,300,0.012819095980376005
coco,17,101,bbob_f017_i101_d10,random,20265006,41.71379230101912,,,300,0.001795788062736392
coco,17,101,bbob_f017_i101_d10,full,20265007,41.66572217957464,,,300,1.0855110371485353
coco,17,101,bbob_f017_i101_d10,anchor_only,20265007,46.19849518972899,,,300,0.12387168291024864
coco,17,101,bbob_f017_i101_d10,cma_es,20265007,37.94328597722618,,,300,0.03685836400836706
coco,17,101,bbob_f017_i101_d10,de,20265007,43.215857241510435,,,300,0.007544107036665082
coco,17,101,bbob_f017_i101_d10,random,20265007,43.53286015594591,,,300,0.001794314943253994
coco,17,101,bbob_f017_i101_d10,full,20265008,41.524296787560516,,,300,1.054959689034149
coco,17,101,bbob_f017_i101_d10,anchor_only,20265008,45.8577870247303,,,300,0.10994836199097335
coco,17,101,bbob_f017_i101_d10,cma_es,20265008,39.637715227204026,,,300,0.022647307021543384
coco,17,101,bbob_f017_i101_d10,de,20265008,44.03674405910334,,,300,0.00540379504673183
coco,17,101,bbob_f017_i101_d10,random,20265008,42.0390667696862,,,300,0.0011253941338509321
coco,17,101,bbob_f017_i101_d10,full,20265009,41.96604851067099,,,300,1.0316222461406142
coco,17,101,bbob_f017_i101_d10,anchor_only,20265009,45.94600293599861,,,300,0.11907642893493176
coco,17,101,bbob_f017_i101_d10,cma_es,20265009,38.22797463813428,,,300,0.029744333121925592
coco,17,101,bbob_f017_i101_d10,de,20265009,42.67011579973322,,,300,0.007249607006087899
coco,17,101,bbob_f017_i101_d10,random,20265009,42.620908757747316,,,300,0.0011293641291558743
coco,17,102,bbob_f017_i102_d10,full,20265000,-57.62115706973824,,,300,1.0369234669487923
coco,17,102,bbob_f017_i102_d10,anchor_only,20265000,-55.296314739871555,,,300,0.10310134291648865
coco,17,102,bbob_f017_i102_d10,cma_es,20265000,-60.227869812844915,,,300,0.03205793281085789
coco,17,102,bbob_f017_i102_d10,de,20265000,-56.424815876111666,,,300,0.0062861028127372265
coco,17,102,bbob_f017_i102_d10,random,20265000,-50.62371196199509,,,300,0.0011520960833877325
coco,17,102,bbob_f017_i102_d10,full,20265001,-57.31075635481357,,,300,1.06651062797755
coco,17,102,bbob_f017_i102_d10,anchor_only,20265001,-51.44194157554418,,,300,0.13122722110711038
coco,17,102,bbob_f017_i102_d10,cma_es,20265001,-60.510880360277895,,,300,0.026412717066705227
coco,17,102,bbob_f017_i102_d10,de,20265001,-55.551689815190606,,,300,0.01520404382608831
coco,17,102,bbob_f017_i102_d10,random,20265001,-52.45177386438744,,,300,0.0033430110197514296
coco,17,102,bbob_f017_i102_d10,full,20265002,-56.1162195331705,,,300,1.0238592829555273
coco,17,102,bbob_f017_i102_d10,anchor_only,20265002,-50.61811697146237,,,300,0.1316695569548756
coco,17,102,bbob_f017_i102_d10,cma_es,20265002,-61.09801267322101,,,300,0.03472780995070934
coco,17,102,bbob_f017_i102_d10,de,20265002,-55.996417348974205,,,300,0.0055541840847581625
coco,17,102,bbob_f017_i102_d10,random,20265002,-54.4056718083794,,,300,0.0011350999120622873
coco,17,102,bbob_f017_i102_d10,full,20265003,-55.95395338588268,,,300,0.9947850210592151
coco,17,102,bbob_f017_i102_d10,anchor_only,20265003,-50.40176888170441,,,300,0.11900494201108813
coco,17,102,bbob_f017_i102_d10,cma_es,20265003,-59.88691870208444,,,300,0.03663258790038526
coco,17,102,bbob_f017_i102_d10,de,20265003,-56.50624704436963,,,300,0.007120731053873897
coco,17,102,bbob_f017_i102_d10,random,20265003,-55.86101618986737,,,300,0.001196505967527628
coco,17,102,bbob_f017_i102_d10,full,20265004,-56.059857733258696,,,300,1.0878179711289704
coco,17,102,bbob_f017_i102_d10,anchor_only,20265004,-52.6303244428541,,,300,0.11081085610203445
coco,17,102,bbob_f017_i102_d10,cma_es,20265004,-60.94583589016689,,,300,0.024904836900532246
coco,17,102,bbob_f017_i102_d10,de,20265004,-54.04564572231078,,,300,0.014978589955717325
coco,17,102,bbob_f017_i102_d10,random,20265004,-54.70759494255626,,,300,0.0013160121161490679
coco,17,102,bbob_f017_i102_d10,full,20265005,-56.561105715307335,,,300,1.029731553979218
coco,17,102,bbob_f017_i102_d10,anchor_only,20265005,-56.23441816110479,,,300,0.12125471187755466
coco,17,102,bbob_f017_i102_d10,cma_es,20265005,-58.30978748329409,,,300,0.03210017294622958
coco,17,102,bbob_f017_i102_d10,de,20265005,-57.28096000148936,,,300,0.011592400958761573
coco,17,102,bbob_f017_i102_d10,random,20265005,-52.82871134453577,,,300,0.00152674806304276
coco,17,102,bbob_f017_i102_d10,full,20265007,-56.96841778932332,,,300,1.1162347560748458
coco,17,102,bbob_f017_i102_d10,anchor_only,20265007,-51.83591710849619,,,300,0.1223863351624459
coco,17,102,bbob_f017_i102_d10,cma_es,20265007,-60.520639901066005,,,300,0.02743922988884151
coco,17,102,bbob_f017_i102_d10,de,20265007,-52.65726780554834,,,300,0.006590810837224126
coco,17,102,bbob_f017_i102_d10,random,20265007,-52.57897358247151,,,300,0.001948571065440774
coco,17,102,bbob_f017_i102_d10,full,20265006,-55.52174127052162,,,300,1.136251495918259
coco,17,102,bbob_f017_i102_d10,anchor_only,20265006,-52.106264971074786,,,300,0.11870724405162036
coco,17,102,bbob_f017_i102_d10,cma_es,20265006,-60.93430341870286,,,300,0.037719520973041654
coco,17,102,bbob_f017_i102_d10,de,20265006,-53.897484800216475,,,300,0.007435052189975977
coco,17,102,bbob_f017_i102_d10,random,20265006,-49.476481502601274,,,300,0.0035509380977600813
coco,17,102,bbob_f017_i102_d10,full,20265008,-55.882379772571184,,,300,1.0818830870557576
coco,17,102,bbob_f017_i102_d10,anchor_only,20265008,-51.91338808996295,,,300,0.11344871111214161
coco,17,102,bbob_f017_i102_d10,cma_es,20265008,-61.09819490781384,,,300,0.03380381199531257
coco,17,102,bbob_f017_i102_d10,de,20265008,-54.72373040604125,,,300,0.011963423108682036
coco,17,102,bbob_f017_i102_d10,random,20265008,-53.555343838943756,,,300,0.0012961120810359716
coco,18,101,bbob_f018_i101_d10,full,20265001,54.757617396823136,,,300,0.9605151410214603
coco,18,101,bbob_f018_i101_d10,anchor_only,20265001,68.65565089343733,,,300,0.10787495179101825
coco,18,101,bbob_f018_i101_d10,cma_es,20265001,41.55562501401449,,,300,0.028058920986950397
coco,18,101,bbob_f018_i101_d10,de,20265001,61.519350015551694,,,300,0.008008394856005907
coco,18,101,bbob_f018_i101_d10,random,20265001,48.56282463019478,,,300,0.0012843350414186716
coco,17,102,bbob_f017_i102_d10,full,20265009,-53.26661820685342,,,300,1.0372849369887263
coco,17,102,bbob_f017_i102_d10,anchor_only,20265009,-49.421031089609,,,300,0.13472448103129864
coco,17,102,bbob_f017_i102_d10,cma_es,20265009,-58.96511304879009,,,300,0.03329813992604613
coco,17,102,bbob_f017_i102_d10,de,20265009,-54.158198460968094,,,300,0.009663777891546488
coco,17,102,bbob_f017_i102_d10,random,20265009,-50.319371951329884,,,300,0.0018508180510252714
coco,18,101,bbob_f018_i101_d10,full,20265002,60.24930905827479,,,300,1.0500483110081404
coco,18,101,bbob_f018_i101_d10,anchor_only,20265002,60.24930905827479,,,300,0.1278299770783633
coco,18,101,bbob_f018_i101_d10,cma_es,20265002,42.581306279123545,,,300,0.02367012109607458
coco,18,101,bbob_f018_i101_d10,de,20265002,62.15412100381181,,,300,0.006141822086647153
coco,18,101,bbob_f018_i101_d10,random,20265002,62.91849206218333,,,300,0.0017399569042026997
coco,18,101,bbob_f018_i101_d10,full,20265000,55.11947132701729,,,300,1.1714313998818398
coco,18,101,bbob_f018_i101_d10,anchor_only,20265000,55.27220102849823,,,300,0.13121485500596464
coco,18,101,bbob_f018_i101_d10,cma_es,20265000,41.74368910684591,,,300,0.02403161092661321
coco,18,101,bbob_f018_i101_d10,de,20265000,55.27220102849824,,,300,0.013174063991755247
coco,18,101,bbob_f018_i101_d10,random,20265000,56.38403216649233,,,300,0.0012344440910965204
coco,18,101,bbob_f018_i101_d10,full,20265005,58.18859992580364,,,300,0.9877068409696221
coco,18,101,bbob_f018_i101_d10,anchor_only,20265005,72.08709469803216,,,300,0.10003580595366657
coco,18,101,bbob_f018_i101_d10,cma_es,20265005,52.8322460347172,,,300,0.024286296917125583
coco,18,101,bbob_f018_i101_d10,de,20265005,51.996859187598986,,,300,0.006253355881199241
coco,18,101,bbob_f018_i101_d10,random,20265005,50.359557041655655,,,300,0.001595580019056797
coco,18,101,bbob_f018_i101_d10,full,20265003,63.089481902664375,,,300,1.0786454589106143
coco,18,101,bbob_f018_i101_d10,anchor_only,20265003,71.31780917477836,,,300,0.11050919909030199
coco,18,101,bbob_f018_i101_d10,cma_es,20265003,40.77555665558299,,,300,0.04324064403772354
coco,18,101,bbob_f018_i101_d10,de,20265003,59.521777952680154,,,300,0.01289572799578309
coco,18,101,bbob_f018_i101_d10,random,20265003,55.261944980978214,,,300,0.0010796610731631517
coco,18,101,bbob_f018_i101_d10,full,20265006,57.02854232982392,,,300,1.0340220991056412
coco,18,101,bbob_f018_i101_d10,anchor_only,20265006,74.58892227377012,,,300,0.11300642904825509
coco,18,101,bbob_f018_i101_d10,cma_es,20265006,39.685119557791104,,,300,0.027228910010308027
coco,18,101,bbob_f018_i101_d10,de,20265006,58.58211483133462,,,300,0.010588405886664987
coco,18,101,bbob_f018_i101_d10,random,20265006,64.6514645139006,,,300,0.0018704899121075869
coco,18,101,bbob_f018_i101_d10,full,20265004,52.09533113846794,,,300,1.1752162899356335
coco,18,101,bbob_f018_i101_d10,anchor_only,20265004,70.91005547423713,,,300,0.1086446160916239
coco,18,101,bbob_f018_i101_d10,cma_es,20265004,42.23933125877605,,,300,0.030921695055440068
coco,18,101,bbob_f018_i101_d10,de,20265004,56.51093484614222,,,300,0.005754060810431838
coco,18,101,bbob_f018_i101_d10,random,20265004,58.48682359954423,,,300,0.002203594893217087
coco,18,101,bbob_f018_i101_d10,full,20265007,48.19928333772651,,,300,1.083216073922813
coco,18,101,bbob_f018_i101_d10,anchor_only,20265007,65.23388074995475,,,300,0.1153958379290998
coco,18,101,bbob_f018_i101_d10,cma_es,20265007,41.228638514894755,,,300,0.038126260973513126
coco,18,101,bbob_f018_i101_d10,de,20265007,54.714482025372995,,,300,0.00821386487223208
coco,18,101,bbob_f018_i101_d10,random,20265007,64.51726127544201,,,300,0.0014320751652121544
coco,18,102,bbob_f018_i102_d10,full,20265000,-26.3948037384261,,,300,0.967234272044152
coco,18,102,bbob_f018_i102_d10,anchor_only,20265000,-12.098572700403459,,,300,0.09590837708674371
coco,18,102,bbob_f018_i102_d10,cma_es,20265000,-53.94002168085286,,,300,0.03524589608423412
coco,18,102,bbob_f018_i102_d10,de,20265000,-46.055898799042694,,,300,0.007741380017250776
coco,18,102,bbob_f018_i102_d10,random,20265000,-9.49923393324611,,,300,0.0018598590977489948
coco,18,101,bbob_f018_i101_d10,full,20265008,47.34861114594174,,,300,1.0919625889509916
coco,18,101,bbob_f018_i101_d10,anchor_only,20265008,70.02002841788763,,,300,0.12358692707493901
coco,18,101,bbob_f018_i101_d10,cma_es,20265008,42.842314375677,,,300,0.0298366560600698
coco,18,101,bbob_f018_i101_d10,de,20265008,63.8960095904246,,,300,0.01255280408076942
coco,18,101,bbob_f018_i101_d10,random,20265008,63.674881556156095,,,300,0.001791076036170125
coco,18,101,bbob_f018_i101_d10,full,20265009,52.21457994885591,,,300,1.1166305469814688
coco,18,101,bbob_f018_i101_d10,anchor_only,20265009,75.78688740863262,,,300,0.12117859488353133
coco,18,101,bbob_f018_i101_d10,cma_es,20265009,42.18281483069248,,,300,0.02527493704110384
coco,18,101,bbob_f018_i101_d10,de,20265009,63.87791766803976,,,300,0.005438336869701743
coco,18,101,bbob_f018_i101_d10,random,20265009,74.89029684256067,,,300,0.0021238469053059816
coco,18,102,bbob_f018_i102_d10,full,20265001,-46.376348848113665,,,300,1.0135987468529493
coco,18,102,bbob_f018_i102_d10,anchor_only,20265001,-22.997432092894883,,,300,0.1271508620120585
coco,18,102,bbob_f018_i102_d10,cma_es,20265001,-56.256089247417286,,,300,0.040555795887485147
coco,18,102,bbob_f018_i102_d10,de,20265001,-29.027353868287094,,,300,0.007914934074506164
coco,18,102,bbob_f018_i102_d10,random,20265001,-24.985084745965338,,,300,0.0012066240888088942
coco,18,102,bbob_f018_i102_d10,full,20265002,-21.732452602381713,,,300,1.0130294759292156
coco,18,102,bbob_f018_i102_d10,anchor_only,20265002,-14.135033998988028,,,300,0.13091275305487216
coco,18,102,bbob_f018_i102_d10,cma_es,20265002,-49.05930273336061,,,300,0.02088033384643495
coco,18,102,bbob_f018_i102_d10,de,20265002,-36.597963253911615,,,300,0.005451397970318794
coco,18,102,bbob_f018_i102_d10,random,20265002,-38.97355999468651,,,300,0.0032978050876408815
coco,18,102,bbob_f018_i102_d10,full,20265003,-30.260516171052966,,,300,1.0668061680626124
coco,18,102,bbob_f018_i102_d10,anchor_only,20265003,-18.869550604809675,,,300,0.11061558197252452
coco,18,102,bbob_f018_i102_d10,cma_es,20265003,-53.27202258499247,,,300,0.03077977616339922
coco,18,102,bbob_f018_i102_d10,de,20265003,-42.837254694063006,,,300,0.0056265899911522865
coco,18,102,bbob_f018_i102_d10,random,20265003,-36.14509809892166,,,300,0.001267826883122325
coco,18,102,bbob_f018_i102_d10,full,20265005,-43.619386333103726,,,300,1.0174681891221553
coco,18,102,bbob_f018_i102_d10,anchor_only,20265005,-36.54840869393823,,,300,0.12211073911748827
coco,18,102,bbob_f018_i102_d10,cma_es,20265005,-51.558719977249325,,,300,0.027723287930712104
coco,18,102,bbob_f018_i102_d10,de,20265005,-38.914430951727,,,300,0.00881878100335598
coco,18,102,bbob_f018_i102_d10,random,20265005,-31.264420323770256,,,300,0.0013284431770443916
coco,18,102,bbob_f018_i102_d10,full,20265004,-32.410043455113865,,,300,1.1855269488878548
coco,18,102,bbob_f018_i102_d10,anchor_only,20265004,-20.600689421273138,,,300,0.1425683218985796
coco,18,102,bbob_f018_i102_d10,cma_es,20265004,-54.52290591904425,,,300,0.022056733025237918
coco,18,102,bbob_f018_i102_d10,de,20265004,-26.060403479833155,,,300,0.005898402072489262
coco,18,102,bbob_f018_i102_d10,random,20265004,-28.84322639449764,,,300,0.0032595000229775906
coco,18,102,bbob_f018_i102_d10,full,20265006,-35.716295862998635,,,300,1.125104779144749
coco,18,102,bbob_f018_i102_d10,anchor_only,20265006,-7.687717148434601,,,300,0.10658233799040318
coco,18,102,bbob_f018_i102_d10,cma_es,20265006,-49.70208519869276,,,300,0.03513706591911614
coco,18,102,bbob_f018_i102_d10,de,20265006,-43.41503974660295,,,300,0.008082952117547393
coco,18,102,bbob_f018_i102_d10,random,20265006,-18.467078268957863,,,300,0.001539499033242464
coco,18,102,bbob_f018_i102_d10,full,20265007,-40.86828186058845,,,300,1.0707110301591456
coco,18,102,bbob_f018_i102_d10,anchor_only,20265007,-10.010271494770308,,,300,0.115534374024719
coco,18,102,bbob_f018_i102_d10,cma_es,20265007,-53.46214350436027,,,300,0.031166263157501817
coco,18,102,bbob_f018_i102_d10,de,20265007,-35.635879339794414,,,300,0.013658619951456785
coco,18,102,bbob_f018_i102_d10,random,20265007,-26.365094324112718,,,300,0.0011682410258799791
coco,18,102,bbob_f018_i102_d10,full,20265008,-44.13261989365953,,,300,1.1533877809997648
coco,18,102,bbob_f018_i102_d10,anchor_only,20265008,-11.4977964209843,,,300,0.11362569406628609
coco,18,102,bbob_f018_i102_d10,cma_es,20265008,-57.19680836217238,,,300,0.025023380061611533
coco,18,102,bbob_f018_i102_d10,de,20265008,-31.505256518585057,,,300,0.005527321947738528
coco,18,102,bbob_f018_i102_d10,random,20265008,-24.231033603697703,,,300,0.0012216088362038136
coco,18,102,bbob_f018_i102_d10,full,20265009,-23.343377900267477,,,300,1.0670505720190704
coco,18,102,bbob_f018_i102_d10,anchor_only,20265009,-13.258318031214849,,,300,0.13844859297387302
coco,18,102,bbob_f018_i102_d10,cma_es,20265009,-45.93272684992526,,,300,0.041580055840313435
coco,18,102,bbob_f018_i102_d10,de,20265009,-39.66408059602223,,,300,0.009833555202931166
coco,18,102,bbob_f018_i102_d10,random,20265009,-25.892575387086723,,,300,0.0011855608318001032
coco,19,101,bbob_f019_i101_d10,full,20265000,181.73223250388332,,,300,1.037389500066638
coco,19,101,bbob_f019_i101_d10,anchor_only,20265000,181.73223250388332,,,300,0.11398351099342108
coco,19,101,bbob_f019_i101_d10,cma_es,20265000,186.1149069232873,,,300,0.02992133400402963
coco,19,101,bbob_f019_i101_d10,de,20265000,189.50110133578858,,,300,0.010521507123485208
coco,19,101,bbob_f019_i101_d10,random,20265000,193.59486967627475,,,300,0.0009663170203566551
coco,19,101,bbob_f019_i101_d10,full,20265001,181.65881554806748,,,300,1.044017578009516
coco,19,101,bbob_f019_i101_d10,anchor_only,20265001,181.65881554806748,,,300,0.12145927688106894
coco,19,101,bbob_f019_i101_d10,cma_es,20265001,185.32686307840763,,,300,0.023571352008730173
coco,19,101,bbob_f019_i101_d10,de,20265001,189.97216871934228,,,300,0.01461005792953074
coco,19,101,bbob_f019_i101_d10,random,20265001,194.09706866434541,,,300,0.0017744910437613726
coco,19,101,bbob_f019_i101_d10,full,20265003,181.67382136324494,,,300,1.0468109229113907
coco,19,101,bbob_f019_i101_d10,anchor_only,20265003,181.67382136324494,,,300,0.11624121898785233
coco,19,101,bbob_f019_i101_d10,cma_es,20265003,185.64255284776775,,,300,0.02498682402074337
coco,19,101,bbob_f019_i101_d10,de,20265003,191.56183113604632,,,300,0.00792344007641077
coco,19,101,bbob_f019_i101_d10,random,20265003,194.30233245569116,,,300,0.0009627279359847307
coco,19,101,bbob_f019_i101_d10,full,20265002,181.94478960120838,,,300,1.1427046700846404
coco,19,101,bbob_f019_i101_d10,anchor_only,20265002,181.94478960120838,,,300,0.13529809704050422
coco,19,101,bbob_f019_i101_d10,cma_es,20265002,184.34447146990644,,,300,0.021581099834293127
coco,19,101,bbob_f019_i101_d10,de,20265002,189.44126997896674,,,300,0.009571605129167438
coco,19,101,bbob_f019_i101_d10,random,20265002,189.96056606679875,,,300,0.0012404180597513914
coco,19,101,bbob_f019_i101_d10,full,20265004,181.8737210940894,,,300,1.1090178340673447
coco,19,101,bbob_f019_i101_d10,anchor_only,20265004,181.8737210940894,,,300,0.13746891682967544
coco,19,101,bbob_f019_i101_d10,cma_es,20265004,185.6329359116493,,,300,0.03292576619423926
coco,19,101,bbob_f019_i101_d10,de,20265004,193.50094631692585,,,300,0.00767250987701118
coco,19,101,bbob_f019_i101_d10,random,20265004,194.7470953120375,,,300,0.0009820880368351936
coco,19,101,bbob_f019_i101_d10,full,20265005,181.8688446089296,,,300,1.1603870349936187
coco,19,101,bbob_f019_i101_d10,anchor_only,20265005,181.8688446089296,,,300,0.13645609887316823
coco,19,101,bbob_f019_i101_d10,cma_es,20265005,186.17938075411928,,,300,0.02159165102057159
coco,19,101,bbob_f019_i101_d10,de,20265005,191.17828003428022,,,300,0.007108213845640421
coco,19,101,bbob_f019_i101_d10,random,20265005,191.78501360629286,,,300,0.003275529947131872
coco,19,101,bbob_f019_i101_d10,full,20265006,181.69764262792776,,,300,1.0527089319657534
coco,19,101,bbob_f019_i101_d10,anchor_only,20265006,181.69764262792776,,,300,0.1170527869835496
coco,19,101,bbob_f019_i101_d10,cma_es,20265006,186.5498640977192,,,300,0.03185576293617487
coco,19,101,bbob_f019_i101_d10,de,20265006,192.78754233758724,,,300,0.012750176945701241
coco,19,101,bbob_f019_i101_d10,random,20265006,190.57279979727736,,,300,0.0030331530142575502
coco,19,101,bbob_f019_i101_d10,full,20265007,181.9406341213296,,,300,1.1165801689494401
coco,19,101,bbob_f019_i101_d10,anchor_only,20265007,181.9406341213296,,,300,0.13619499001652002
coco,19,101,bbob_f019_i101_d10,cma_es,20265007,186.64143225980754,,,300,0.0259850041475147
coco,19,101,bbob_f019_i101_d10,de,20265007,189.3778220432804,,,300,0.005064883967861533
coco,19,101,bbob_f019_i101_d10,random,20265007,191.7071801346152,,,300,0.000979933887720108
coco,19,101,bbob_f019_i101_d10,full,20265008,181.9045515973666,,,300,1.0530440958682448
coco,19,101,bbob_f019_i101_d10,anchor_only,20265008,181.9045515973666,,,300,0.12833177717402577
coco,19,101,bbob_f019_i101_d10,cma_es,20265008,186.6950005370819,,,300,0.026466424111276865
coco,19,101,bbob_f019_i101_d10,de,20265008,188.8074817935831,,,300,0.009500904008746147
coco,19,101,bbob_f019_i101_d10,random,20265008,193.04399660543294,,,300,0.002977621043100953
coco,19,101,bbob_f019_i101_d10,full,20265009,181.73605561541217,,,300,1.1305142908822745
coco,19,101,bbob_f019_i101_d10,anchor_only,20265009,181.73605561541217,,,300,0.1363967580255121
coco,19,101,bbob_f019_i101_d10,cma_es,20265009,186.63731837819913,,,300,0.02772630495019257
coco,19,101,bbob_f019_i101_d10,de,20265009,194.827271416908,,,300,0.011743688955903053
coco,19,101,bbob_f019_i101_d10,random,20265009,192.18610301126384,,,300,0.0010806058999150991
coco,19,102,bbob_f019_i102_d10,full,20265000,-8.062657952450785,,,300,1.1110890409909189
coco,19,102,bbob_f019_i102_d10,anchor_only,20265000,-8.062657952450785,,,300,0.11533549800515175
coco,19,102,bbob_f019_i102_d10,cma_es,20265000,-4.800733364593689,,,300,0.036046211840584874
coco,19,102,bbob_f019_i102_d10,de,20265000,-0.40256740908522204,,,300,0.005169762065634131
coco,19,102,bbob_f019_i102_d10,random,20265000,4.181189962337315,,,300,0.0028968369588255882
coco,19,102,bbob_f019_i102_d10,full,20265001,-7.731050989316024,,,300,1.0692329099401832
coco,19,102,bbob_f019_i102_d10,anchor_only,20265001,-7.731050989316024,,,300,0.1141589879989624
coco,19,102,bbob_f019_i102_d10,cma_es,20265001,-3.986460504200349,,,300,0.022695465944707394
coco,19,102,bbob_f019_i102_d10,de,20265001,-0.9991548501459278,,,300,0.010805727913975716
coco,19,102,bbob_f019_i102_d10,random,20265001,0.012398004296416687,,,300,0.0009804631117731333
coco,19,102,bbob_f019_i102_d10,full,20265002,-8.062323610654117,,,300,0.9978932398371398
coco,19,102,bbob_f019_i102_d10,anchor_only,20265002,-8.062323610654117,,,300,0.11941662803292274
coco,19,102,bbob_f019_i102_d10,cma_es,20265002,-3.7176353951213112,,,300,0.02789066405966878
coco,19,102,bbob_f019_i102_d10,de,20265002,1.2466604047120224,,,300,0.0161132188513875
coco,19,102,bbob_f019_i102_d10,random,20265002,3.626406878649311,,,300,0.001577872084453702
coco,19,102,bbob_f019_i102_d10,full,20265003,-8.031253740394213,,,300,1.0319327469915152
coco,19,102,bbob_f019_i102_d10,anchor_only,20265003,-8.031253740394213,,,300,0.12353625101968646
coco,19,102,bbob_f019_i102_d10,cma_es,20265003,-4.735414294076443,,,300,0.018256973009556532
coco,19,102,bbob_f019_i102_d10,de,20265003,-0.8715669111186628,,,300,0.010603210888803005
coco,19,102,bbob_f019_i102_d10,random,20265003,-0.519450977914623,,,300,0.0009735450148582458
coco,19,102,bbob_f019_i102_d10,full,20265004,-8.032834058493632,,,300,1.1077193149831146
coco,19,102,bbob_f019_i102_d10,anchor_only,20265004,-8.032834058493632,,,300,0.116832478903234
coco,19,102,bbob_f019_i102_d10,cma_es,20265004,-4.474560397302359,,,300,0.023795271990820765
coco,19,102,bbob_f019_i102_d10,de,20265004,2.7953580645870417,,,300,0.007355453912168741
coco,19,102,bbob_f019_i102_d10,random,20265004,2.4603672789446183,,,300,0.0016228309832513332
coco,19,102,bbob_f019_i102_d10,full,20265005,-8.103324290125833,,,300,1.0254168729297817
coco,19,102,bbob_f019_i102_d10,anchor_only,20265005,-8.103324290125833,,,300,0.11088399100117385
coco,19,102,bbob_f019_i102_d10,cma_es,20265005,-4.031550203910286,,,300,0.021358186844736338
coco,19,102,bbob_f019_i102_d10,de,20265005,1.120386973570012,,,300,0.015148297185078263
coco,19,102,bbob_f019_i102_d10,random,20265005,4.594114217318625,,,300,0.003090027952566743
coco,19,102,bbob_f019_i102_d10,full,20265006,-7.967173253002237,,,300,1.1307733079884201
coco,19,102,bbob_f019_i102_d10,anchor_only,20265006,-7.967173253002237,,,300,0.1185964539181441
coco,19,102,bbob_f019_i102_d10,cma_es,20265006,-2.9290738730040404,,,300,0.03268434898927808
coco,19,102,bbob_f019_i102_d10,de,20265006,3.3099210794185634,,,300,0.008750057080760598
coco,19,102,bbob_f019_i102_d10,random,20265006,0.1847473714558916,,,300,0.000983470119535923
coco,19,102,bbob_f019_i102_d10,full,20265008,-7.975627143634149,,,300,1.0160646480508149
coco,19,102,bbob_f019_i102_d10,anchor_only,20265008,-7.975627143634149,,,300,0.12401928286999464
coco,19,102,bbob_f019_i102_d10,cma_es,20265008,-3.4829902572120988,,,300,0.01873574499040842
coco,19,102,bbob_f019_i102_d10,de,20265008,-0.5769802287295125,,,300,0.007936609908938408
coco,19,102,bbob_f019_i102_d10,random,20265008,2.1106948803515166,,,300,0.0009690800216048956
coco,19,102,bbob_f019_i102_d10,full,20265007,-7.847261827442127,,,300,1.1399900480173528
coco,19,102,bbob_f019_i102_d10,anchor_only,20265007,-7.847261827442127,,,300,0.13438346702605486
coco,19,102,bbob_f019_i102_d10,cma_es,20265007,-3.736813623707837,,,300,0.020311994943767786
coco,19,102,bbob_f019_i102_d10,de,20265007,0.2891607543609993,,,300,0.012235929956659675
coco,19,102,bbob_f019_i102_d10,random,20265007,3.918903107940819,,,300,0.0009408758487552404
coco,19,102,bbob_f019_i102_d10,full,20265009,-8.008361693722103,,,300,1.1454180928412825
coco,19,102,bbob_f019_i102_d10,anchor_only,20265009,-8.008361693722103,,,300,0.13023849786259234
coco,19,102,bbob_f019_i102_d10,cma_es,20265009,-3.4593490754847434,,,300,0.02897700504399836
coco,19,102,bbob_f019_i102_d10,de,20265009,2.6677490905389565,,,300,0.006933003896847367
coco,19,102,bbob_f019_i102_d10,random,20265009,-0.5238962152938909,,,300,0.002237935084849596
coco,20,101,bbob_f020_i101_d10,full,20265000,565.3655903006979,,,300,1.0966603681445122
coco,20,101,bbob_f020_i101_d10,anchor_only,20265000,566.4105077880539,,,300,0.13724217005074024
coco,20,101,bbob_f020_i101_d10,cma_es,20265000,564.5218494318271,,,300,0.02908571297302842
coco,20,101,bbob_f020_i101_d10,de,20265000,1388.2617128606478,,,300,0.013544943882152438
coco,20,101,bbob_f020_i101_d10,random,20265000,7758.043479145265,,,300,0.0025542140938341618
coco,20,101,bbob_f020_i101_d10,full,20265001,691.7985860403686,,,300,1.0915947631001472
coco,20,101,bbob_f020_i101_d10,anchor_only,20265001,2378.607518444672,,,300,0.12783165113069117
coco,20,101,bbob_f020_i101_d10,cma_es,20265001,564.573656433377,,,300,0.026235879864543676
coco,20,101,bbob_f020_i101_d10,de,20265001,1301.4504894221652,,,300,0.006769409868866205
coco,20,101,bbob_f020_i101_d10,random,20265001,6842.82826604535,,,300,0.0018345799762755632
coco,20,101,bbob_f020_i101_d10,full,20265002,564.6604010098886,,,300,1.0357505369465798
coco,20,101,bbob_f020_i101_d10,anchor_only,20265002,566.117560394588,,,300,0.12282305699773133
coco,20,101,bbob_f020_i101_d10,cma_es,20265002,564.6947109123438,,,300,0.026755959959700704
coco,20,101,bbob_f020_i101_d10,de,20265002,3543.827366228674,,,300,0.009979683207347989
coco,20,101,bbob_f020_i101_d10,random,20265002,5131.535576221993,,,300,0.00335722416639328
coco,20,101,bbob_f020_i101_d10,full,20265003,565.2963899850957,,,300,1.0317001189105213
coco,20,101,bbob_f020_i101_d10,anchor_only,20265003,2127.266972928263,,,300,0.10648816591128707
coco,20,101,bbob_f020_i101_d10,cma_es,20265003,564.8001112398665,,,300,0.03395914495922625
coco,20,101,bbob_f020_i101_d10,de,20265003,880.2916839515005,,,300,0.0062186820432543755
coco,20,101,bbob_f020_i101_d10,random,20265003,693.8287218188351,,,300,0.0028109699487686157
coco,20,101,bbob_f020_i101_d10,full,20265004,575.7713232889494,,,300,1.0071551450528204
coco,20,101,bbob_f020_i101_d10,anchor_only,20265004,639.2632945181681,,,300,0.1080019201617688
coco,20,101,bbob_f020_i101_d10,cma_es,20265004,564.7316627031321,,,300,0.027066532988101244
coco,20,101,bbob_f020_i101_d10,de,20265004,706.4644325324277,,,300,0.015506307128816843
coco,20,101,bbob_f020_i101_d10,random,20265004,4687.638305997653,,,300,0.0012163280043751001
coco,20,101,bbob_f020_i101_d10,full,20265005,566.8203528537571,,,300,0.9999257731251419
coco,20,101,bbob_f020_i101_d10,anchor_only,20265005,2054.7459126946983,,,300,0.12423684890381992
coco,20,101,bbob_f020_i101_d10,cma_es,20265005,564.4633388523021,,,300,0.031865715980529785
coco,20,101,bbob_f020_i101_d10,de,20265005,2054.7459126947006,,,300,0.01581152412109077
coco,20,101,bbob_f020_i101_d10,random,20265005,5232.135298809913,,,300,0.0038558070082217455
coco,20,101,bbob_f020_i101_d10,full,20265006,567.1541316807762,,,300,0.973109828075394
coco,20,101,bbob_f020_i101_d10,anchor_only,20265006,703.3188064360367,,,300,0.11977739096619189
coco,20,101,bbob_f020_i101_d10,cma_es,20265006,564.0819860584999,,,300,0.023892997996881604
coco,20,101,bbob_f020_i101_d10,de,20265006,4217.072653321817,,,300,0.013302234001457691
coco,20,101,bbob_f020_i101_d10,random,20265006,5480.15064635452,,,300,0.003436343977227807
coco,20,101,bbob_f020_i101_d10,full,20265007,565.3565760727921,,,300,1.067515413975343
coco,20,101,bbob_f020_i101_d10,anchor_only,20265007,576.3318699677338,,,300,0.12146188295446336
coco,20,101,bbob_f020_i101_d10,cma_es,20265007,564.4611002000559,,,300,0.03178905392996967
coco,20,101,bbob_f020_i101_d10,de,20265007,1522.7851028295656,,,300,0.013712895102798939
coco,20,101,bbob_f020_i101_d10,random,20265007,6115.110039945881,,,300,0.0029959462117403746
coco,20,101,bbob_f020_i101_d10,full,20265009,567.1929514247103,,,300,0.9858567900955677
coco,20,101,bbob_f020_i101_d10,anchor_only,20265009,747.7854171953558,,,300,0.12207617005333304
coco,20,101,bbob_f020_i101_d10,cma_es,20265009,564.9543358257312,,,300,0.03317765495739877
coco,20,101,bbob_f020_i101_d10,de,20265009,890.513949258522,,,300,0.009487116010859609
coco,20,101,bbob_f020_i101_d10,random,20265009,5595.092473270517,,,300,0.003421712899580598
coco,20,101,bbob_f020_i101_d10,full,20265008,565.5015784052628,,,300,1.0668626099359244
coco,20,101,bbob_f020_i101_d10,anchor_only,20265008,566.0804176589277,,,300,0.13956939592026174
coco,20,101,bbob_f020_i101_d10,cma_es,20265008,564.9399202892636,,,300,0.03163248091004789
coco,20,101,bbob_f020_i101_d10,de,20265008,1326.4196445005036,,,300,0.00969828013330698
coco,20,101,bbob_f020_i101_d10,random,20265008,10276.963709626338,,,300,0.0035091170575469732
coco,20,102,bbob_f020_i102_d10,full,20265000,212.65675368060835,,,300,1.1399187601637095
coco,20,102,bbob_f020_i102_d10,anchor_only,20265000,3158.919387927395,,,300,0.13089917600154877
coco,20,102,bbob_f020_i102_d10,cma_es,20265000,-64.07883017336142,,,300,0.024896402843296528
coco,20,102,bbob_f020_i102_d10,de,20265000,1418.7116282947588,,,300,0.006361051928251982
coco,20,102,bbob_f020_i102_d10,random,20265000,9956.116324790048,,,300,0.0019860509783029556
coco,20,102,bbob_f020_i102_d10,full,20265002,-62.91694546934549,,,300,1.045918125892058
coco,20,102,bbob_f020_i102_d10,anchor_only,20265002,1696.4920088682802,,,300,0.12525878101587296
coco,20,102,bbob_f020_i102_d10,cma_es,20265002,-64.29494272203455,,,300,0.03147502290084958
coco,20,102,bbob_f020_i102_d10,de,20265002,2213.0128376512625,,,300,0.015858833910897374
coco,20,102,bbob_f020_i102_d10,random,20265002,8974.051118388028,,,300,0.0011719129979610443
coco,20,102,bbob_f020_i102_d10,full,20265001,284.43121172288,,,300,1.0651949769817293
coco,20,102,bbob_f020_i102_d10,anchor_only,20265001,3413.157295584581,,,300,0.1359542589634657
coco,20,102,bbob_f020_i102_d10,cma_es,20265001,-64.08945293055127,,,300,0.02656090585514903
coco,20,102,bbob_f020_i102_d10,de,20265001,2255.472522275257,,,300,0.013968473067507148
coco,20,102,bbob_f020_i102_d10,random,20265001,7563.504513019354,,,300,0.0023248260840773582
coco,20,102,bbob_f020_i102_d10,full,20265003,-63.90591379148166,,,300,1.0419768099673092
coco,20,102,bbob_f020_i102_d10,anchor_only,20265003,668.4082384667506,,,300,0.12198875704780221
coco,20,102,bbob_f020_i102_d10,cma_es,20265003,-64.30585607602066,,,300,0.03151767002418637
coco,20,102,bbob_f020_i102_d10,de,20265003,2444.946089809847,,,300,0.009947472950443625
coco,20,102,bbob_f020_i102_d10,random,20265003,469.4422489018713,,,300,0.001200695987790823
coco,20,102,bbob_f020_i102_d10,full,20265004,-63.75619223856741,,,300,1.073531846050173
coco,20,102,bbob_f020_i102_d10,anchor_only,20265004,-57.757595116912235,,,300,0.13120138202793896
coco,20,102,bbob_f020_i102_d10,cma_es,20265004,-63.686165529088036,,,300,0.031411984004080296
coco,20,102,bbob_f020_i102_d10,de,20265004,1804.8650176727383,,,300,0.017395295901224017
coco,20,102,bbob_f020_i102_d10,random,20265004,8373.374024640283,,,300,0.0032055152114480734
coco,20,102,bbob_f020_i102_d10,full,20265005,-62.79958474357679,,,300,1.074203792028129
coco,20,102,bbob_f020_i102_d10,anchor_only,20265005,950.6042104467642,,,300,0.11240087309852242
coco,20,102,bbob_f020_i102_d10,cma_es,20265005,-64.02588524579161,,,300,0.026645497186109424
coco,20,102,bbob_f020_i102_d10,de,20265005,1106.4647630719369,,,300,0.012156601995229721
coco,20,102,bbob_f020_i102_d10,random,20265005,3744.4964141818823,,,300,0.0013051819987595081
coco,20,102,bbob_f020_i102_d10,full,20265006,157.2364270052791,,,300,1.0684234439395368
coco,20,102,bbob_f020_i102_d10,anchor_only,20265006,2652.178319600369,,,300,0.11070168297737837
coco,20,102,bbob_f020_i102_d10,cma_es,20265006,-64.32651608553618,,,300,0.030515399063006043
coco,20,102,bbob_f020_i102_d10,de,20265006,3498.278769389821,,,300,0.011951977154240012
coco,20,102,bbob_f020_i102_d10,random,20265006,4536.732801474676,,,300,0.001721078995615244
coco,20,102,bbob_f020_i102_d10,full,20265007,-64.01054396178098,,,300,1.0991766708903015
coco,20,102,bbob_f020_i102_d10,anchor_only,20265007,247.90578456405353,,,300,0.11580923921428621
coco,20,102,bbob_f020_i102_d10,cma_es,20265007,-64.31670081670319,,,300,0.02065811213105917
coco,20,102,bbob_f020_i102_d10,de,20265007,6498.880838849127,,,300,0.014741552993655205
coco,20,102,bbob_f020_i102_d10,random,20265007,2978.504816013722,,,300,0.0034757889807224274
coco,20,102,bbob_f020_i102_d10,full,20265008,381.8328052695568,,,300,1.0618707719258964
coco,20,102,bbob_f020_i102_d10,anchor_only,20265008,3064.6058329768625,,,300,0.12480417685583234
coco,20,102,bbob_f020_i102_d10,cma_es,20265008,-64.26239742536033,,,300,0.024670265847817063
coco,20,102,bbob_f020_i102_d10,de,20265008,-60.95685937741242,,,300,0.007186485920101404
coco,20,102,bbob_f020_i102_d10,random,20265008,4056.731305330055,,,300,0.0012535699643194675
coco,20,102,bbob_f020_i102_d10,full,20265009,363.0805561205199,,,300,1.0891238709446043
coco,20,102,bbob_f020_i102_d10,anchor_only,20265009,1045.1792412573284,,,300,0.129096178105101
coco,20,102,bbob_f020_i102_d10,cma_es,20265009,-64.51045492848435,,,300,0.027077551931142807
coco,20,102,bbob_f020_i102_d10,de,20265009,4448.839943172794,,,300,0.008014083839952946
coco,20,102,bbob_f020_i102_d10,random,20265009,5057.8028945174365,,,300,0.0017508270684629679
coco,21,101,bbob_f021_i101_d10,full,20265000,202.7955843042881,,,300,1.0158477930817753
coco,21,101,bbob_f021_i101_d10,anchor_only,20265000,218.27793998529,,,300,0.12363013904541731
coco,21,101,bbob_f021_i101_d10,cma_es,20265000,171.33317976299736,,,300,0.020841870922595263
coco,21,101,bbob_f021_i101_d10,de,20265000,211.9053348970491,,,300,0.005566139006987214
coco,21,101,bbob_f021_i101_d10,random,20265000,214.04105291997388,,,300,0.0012071968521922827
coco,21,101,bbob_f021_i101_d10,full,20265001,192.24976820246778,,,300,1.1370313328225166
coco,21,101,bbob_f021_i101_d10,anchor_only,20265001,214.76722598429677,,,300,0.11999558098614216
coco,21,101,bbob_f021_i101_d10,cma_es,20265001,181.7617764872211,,,300,0.02488962607458234
coco,21,101,bbob_f021_i101_d10,de,20265001,200.294479710566,,,300,0.00940403901040554
coco,21,101,bbob_f021_i101_d10,random,20265001,215.47257438463572,,,300,0.0012926191557198763
coco,21,101,bbob_f021_i101_d10,full,20265002,196.33695852560277,,,300,1.168095211032778
coco,21,101,bbob_f021_i101_d10,anchor_only,20265002,210.95319774757598,,,300,0.10992745799012482
coco,21,101,bbob_f021_i101_d10,cma_es,20265002,167.39092640313598,,,300,0.029422987950965762
coco,21,101,bbob_f021_i101_d10,de,20265002,204.1078005634509,,,300,0.005510282935574651
coco,21,101,bbob_f021_i101_d10,random,20265002,212.34696235791608,,,300,0.001668435987085104
coco,21,101,bbob_f021_i101_d10,full,20265003,209.10381538988761,,,300,1.0979740261100233
coco,21,101,bbob_f021_i101_d10,anchor_only,20265003,220.60071233515464,,,300,0.10609082994051278
coco,21,101,bbob_f021_i101_d10,cma_es,20265003,172.0717008272993,,,300,0.035216109128668904
coco,21,101,bbob_f021_i101_d10,de,20265003,217.88251421672598,,,300,0.01645058114081621
coco,21,101,bbob_f021_i101_d10,random,20265003,198.02596653592587,,,300,0.003677249187603593
coco,21,101,bbob_f021_i101_d10,full,20265004,178.65342752208883,,,300,1.093968384899199
coco,21,101,bbob_f021_i101_d10,anchor_only,20265004,190.50427023063924,,,300,0.11282679089345038
coco,21,101,bbob_f021_i101_d10,cma_es,20265004,174.762515497041,,,300,0.030515863094478846
coco,21,101,bbob_f021_i101_d10,de,20265004,190.5042702306392,,,300,0.00857511698268354
coco,21,101,bbob_f021_i101_d10,random,20265004,187.81940148536447,,,300,0.0027067449409514666
coco,21,101,bbob_f021_i101_d10,full,20265005,181.02718760611157,,,300,1.091557997977361
coco,21,101,bbob_f021_i101_d10,anchor_only,20265005,220.07290841187609,,,300,0.13261583098210394
coco,21,101,bbob_f021_i101_d10,cma_es,20265005,163.47164845135498,,,300,0.027124447049573064
coco,21,101,bbob_f021_i101_d10,de,20265005,203.33690262589994,,,300,0.005921493982896209
coco,21,101,bbob_f021_i101_d10,random,20265005,205.92529885461988,,,300,0.002173872897401452
coco,21,101,bbob_f021_i101_d10,full,20265006,181.5364347971809,,,300,1.1301416149362922
coco,21,101,bbob_f021_i101_d10,anchor_only,20265006,192.67136058455074,,,300,0.10439395415596664
coco,21,101,bbob_f021_i101_d10,cma_es,20265006,161.29915687177413,,,300,0.027863878989592195
coco,21,101,bbob_f021_i101_d10,de,20265006,192.6713605845507,,,300,0.005345710087567568
coco,21,101,bbob_f021_i101_d10,random,20265006,193.18225907072815,,,300,0.0011785919778048992
coco,21,101,bbob_f021_i101_d10,full,20265007,201.28929434228027,,,300,1.1038151979446411
coco,21,101,bbob_f021_i101_d10,anchor_only,20265007,217.11239081239302,,,300,0.11450022202916443
coco,21,101,bbob_f021_i101_d10,cma_es,20265007,158.2400776841827,,,300,0.027957927202805877
coco,21,101,bbob_f021_i101_d10,de,20265007,216.3774394211396,,,300,0.005270451074466109
coco,21,101,bbob_f021_i101_d10,random,20265007,186.25823638600525,,,300,0.0012450790964066982
coco,21,101,bbob_f021_i101_d10,full,20265008,177.37848502229843,,,300,1.0893947039730847
coco,21,101,bbob_f021_i101_d10,anchor_only,20265008,187.68496157942533,,,300,0.11881210305728018
coco,21,101,bbob_f021_i101_d10,cma_es,20265008,160.23918808845335,,,300,0.03320301906205714
coco,21,101,bbob_f021_i101_d10,de,20265008,187.68496157942533,,,300,0.017327850218862295
coco,21,101,bbob_f021_i101_d10,random,20265008,196.25386634994487,,,300,0.0012351248878985643
coco,21,101,bbob_f021_i101_d10,full,20265009,179.77356304759246,,,300,1.0705046660732478
coco,21,101,bbob_f021_i101_d10,anchor_only,20265009,203.49809167994545,,,300,0.1336382389999926
coco,21,101,bbob_f021_i101_d10,cma_es,20265009,169.09460528304496,,,300,0.02539435517974198
coco,21,101,bbob_f021_i101_d10,de,20265009,197.20393716837282,,,300,0.008798871887847781
coco,21,101,bbob_f021_i101_d10,random,20265009,204.13791317702257,,,300,0.0012917360290884972
coco,21,102,bbob_f021_i102_d10,full,20265000,-163.58221207515047,,,300,1.0964326728135347
coco,21,102,bbob_f021_i102_d10,anchor_only,20265000,-114.85292776004357,,,300,0.10756262089125812
coco,21,102,bbob_f021_i102_d10,cma_es,20265000,-171.69369514817683,,,300,0.032695203088223934
coco,21,102,bbob_f021_i102_d10,de,20265000,-138.83876379310368,,,300,0.010705837048590183
coco,21,102,bbob_f021_i102_d10,random,20265000,-163.71739264900114,,,300,0.0012995630968362093
coco,21,102,bbob_f021_i102_d10,full,20265001,-159.11001363228112,,,300,1.0839008428156376
coco,21,102,bbob_f021_i102_d10,anchor_only,20265001,-128.5569303241828,,,300,0.1318525979295373
coco,21,102,bbob_f021_i102_d10,cma_es,20265001,-176.17896787393133,,,300,0.024632537038996816
coco,21,102,bbob_f021_i102_d10,de,20265001,-128.5569303241828,,,300,0.01003370201215148
coco,21,102,bbob_f021_i102_d10,random,20265001,-147.76688156347433,,,300,0.0018781889230012894
coco,21,102,bbob_f021_i102_d10,full,20265002,-135.01204576209958,,,300,1.0150703547988087
coco,21,102,bbob_f021_i102_d10,anchor_only,20265002,-127.27522788181733,,,300,0.1238075471483171
coco,21,102,bbob_f021_i102_d10,cma_es,20265002,-159.05541040103952,,,300,0.01943445298820734
coco,21,102,bbob_f021_i102_d10,de,20265002,-127.27522788181733,,,300,0.012943172827363014
coco,21,102,bbob_f021_i102_d10,random,20265002,-116.5553967582035,,,300,0.0019657439552247524
coco,21,102,bbob_f021_i102_d10,full,20265003,-162.16439132159465,,,300,1.0964069499168545
coco,21,102,bbob_f021_i102_d10,anchor_only,20265003,-119.9417158809825,,,300,0.1153615009970963
coco,21,102,bbob_f021_i102_d10,cma_es,20265003,-173.418680542302,,,300,0.02743730484507978
coco,21,102,bbob_f021_i102_d10,de,20265003,-134.33462229549187,,,300,0.011938963085412979
coco,21,102,bbob_f021_i102_d10,random,20265003,-167.74962280994603,,,300,0.0019009739626199007
coco,21,102,bbob_f021_i102_d10,full,20265004,-132.484154116297,,,300,1.0776468028780073
coco,21,102,bbob_f021_i102_d10,anchor_only,20265004,-113.88922723517416,,,300,0.11354194208979607
coco,21,102,bbob_f021_i102_d10,cma_es,20265004,-171.21231012150776,,,300,0.034061393002048135
coco,21,102,bbob_f021_i102_d10,de,20265004,-115.55942589913307,,,300,0.014521422097459435
coco,21,102,bbob_f021_i102_d10,random,20265004,-134.97534650578297,,,300,0.0034011381212621927
coco,21,102,bbob_f021_i102_d10,full,20265005,-152.6458811824604,,,300,1.0296549671329558
coco,21,102,bbob_f021_i102_d10,anchor_only,20265005,-126.88498782457557,,,300,0.10769949294626713
coco,21,102,bbob_f021_i102_d10,cma_es,20265005,-176.36324236795866,,,300,0.02958827489055693
coco,21,102,bbob_f021_i102_d10,de,20265005,-140.2348720056291,,,300,0.006238179048523307
coco,21,102,bbob_f021_i102_d10,random,20265005,-131.29898749273178,,,300,0.0018476871773600578
coco,21,102,bbob_f021_i102_d10,full,20265007,-146.5466647007866,,,300,0.9996260101906955
coco,21,102,bbob_f021_i102_d10,anchor_only,20265007,-122.2268913116381,,,300,0.12931954907253385
coco,21,102,bbob_f021_i102_d10,cma_es,20265007,-176.42766027866816,,,300,0.032285630935803056
coco,21,102,bbob_f021_i102_d10,de,20265007,-141.22855188744552,,,300,0.010251088999211788
coco,21,102,bbob_f021_i102_d10,random,20265007,-118.47468762632826,,,300,0.0017446798738092184
coco,21,102,bbob_f021_i102_d10,full,20265006,-136.30863782266206,,,300,1.1023156188894063
coco,21,102,bbob_f021_i102_d10,anchor_only,20265006,-115.24734965021102,,,300,0.1258311599958688
coco,21,102,bbob_f021_i102_d10,cma_es,20265006,-172.7309400594894,,,300,0.02856641309335828
coco,21,102,bbob_f021_i102_d10,de,20265006,-127.84507915688684,,,300,0.008568013086915016
coco,21,102,bbob_f021_i102_d10,random,20265006,-127.49556700686259,,,300,0.003346394980326295
coco,21,102,bbob_f021_i102_d10,full,20265008,-148.74800596151184,,,300,1.0295888921245933
coco,21,102,bbob_f021_i102_d10,anchor_only,20265008,-120.09355610129116,,,300,0.11002942104823887
coco,21,102,bbob_f021_i102_d10,cma_es,20265008,-172.39517464415403,,,300,0.02477064705453813
coco,21,102,bbob_f021_i102_d10,de,20265008,-150.52659117758304,,,300,0.011185011826455593
coco,21,102,bbob_f021_i102_d10,random,20265008,-130.0232453129343,,,300,0.0011807610280811787
coco,21,102,bbob_f021_i102_d10,full,20265009,-129.50047167515226,,,300,0.9975829140748829
coco,21,102,bbob_f021_i102_d10,anchor_only,20265009,-121.58650498940169,,,300,0.1155211238656193
coco,21,102,bbob_f021_i102_d10,cma_es,20265009,-175.62500449457528,,,300,0.036974386777728796
coco,21,102,bbob_f021_i102_d10,de,20265009,-141.38762690115212,,,300,0.0074376610573381186
coco,21,102,bbob_f021_i102_d10,random,20265009,-122.5009308616771,,,300,0.004019420128315687
coco,22,101,bbob_f022_i101_d10,full,20265000,47.92707926242231,,,300,1.063600743887946
coco,22,101,bbob_f022_i101_d10,anchor_only,20265000,76.44957677058306,,,300,0.1283601550385356
coco,22,101,bbob_f022_i101_d10,cma_es,20265000,14.792436910644959,,,300,0.027088189031928778
coco,22,101,bbob_f022_i101_d10,de,20265000,45.98042975754828,,,300,0.016280740965157747
coco,22,101,bbob_f022_i101_d10,random,20265000,68.83167967936735,,,300,0.0024966190103441477
coco,22,101,bbob_f022_i101_d10,full,20265002,49.0824295819756,,,300,1.0471923239529133
coco,22,101,bbob_f022_i101_d10,anchor_only,20265002,70.80099623977175,,,300,0.1153428100515157
coco,22,101,bbob_f022_i101_d10,cma_es,20265002,11.082423960479801,,,300,0.029004907002672553
coco,22,101,bbob_f022_i101_d10,de,20265002,70.80099623977175,,,300,0.006391943199560046
coco,22,101,bbob_f022_i101_d10,random,20265002,39.2668979223979,,,300,0.0011185251642018557
coco,22,101,bbob_f022_i101_d10,full,20265001,63.499693332309874,,,300,1.1207043479662389
coco,22,101,bbob_f022_i101_d10,anchor_only,20265001,68.20463889735804,,,300,0.1566134891472757
coco,22,101,bbob_f022_i101_d10,cma_es,20265001,10.405378847673369,,,300,0.02386732609011233
coco,22,101,bbob_f022_i101_d10,de,20265001,31.835940794429316,,,300,0.010237855836749077
coco,22,101,bbob_f022_i101_d10,random,20265001,70.4586847520995,,,300,0.001640239031985402
coco,22,101,bbob_f022_i101_d10,full,20265004,34.88079548951203,,,300,1.1212992549408227
coco,22,101,bbob_f022_i101_d10,anchor_only,20265004,68.33568178625974,,,300,0.11444886890240014
coco,22,101,bbob_f022_i101_d10,cma_es,20265004,9.777374168104537,,,300,0.031687801936641335
coco,22,101,bbob_f022_i101_d10,de,20265004,68.3356817862597,,,300,0.012443391839042306
coco,22,101,bbob_f022_i101_d10,random,20265004,61.66897088979124,,,300,0.0030337749049067497
coco,22,101,bbob_f022_i101_d10,full,20265003,41.74790748897961,,,300,1.108657251112163
coco,22,101,bbob_f022_i101_d10,anchor_only,20265003,72.61076054713034,,,300,0.14149259496480227
coco,22,101,bbob_f022_i101_d10,cma_es,20265003,11.732841007866616,,,300,0.033850423991680145
coco,22,101,bbob_f022_i101_d10,de,20265003,63.37348196629914,,,300,0.008787106024101377
coco,22,101,bbob_f022_i101_d10,random,20265003,59.399992684824426,,,300,0.0011614009272307158
coco,22,101,bbob_f022_i101_d10,full,20265005,45.48992543075747,,,300,1.102906855987385
coco,22,101,bbob_f022_i101_d10,anchor_only,20265005,75.77580276569668,,,300,0.13266760506667197
coco,22,101,bbob_f022_i101_d10,cma_es,20265005,12.046607375755826,,,300,0.03357999003492296
coco,22,101,bbob_f022_i101_d10,de,20265005,59.46245221258194,,,300,0.006661024875938892
coco,22,101,bbob_f022_i101_d10,random,20265005,66.0956102111128,,,300,0.0011152499355375767
coco,22,101,bbob_f022_i101_d10,full,20265007,73.9134765007567,,,300,1.107171337818727
coco,22,101,bbob_f022_i101_d10,anchor_only,20265007,77.74549026749617,,,300,0.11133617302402854
coco,22,101,bbob_f022_i101_d10,cma_es,20265007,11.163176516111314,,,300,0.0444717020727694
coco,22,101,bbob_f022_i101_d10,de,20265007,41.15942069427153,,,300,0.0051520708948373795
coco,22,101,bbob_f022_i101_d10,random,20265007,71.51050219015714,,,300,0.000965209910646081
coco,22,101,bbob_f022_i101_d10,full,20265006,52.494156848542815,,,300,1.1670146079268306
coco,22,101,bbob_f022_i101_d10,anchor_only,20265006,74.45927834137953,,,300,0.1524529659654945
coco,22,101,bbob_f022_i101_d10,cma_es,20265006,16.352365619500468,,,300,0.02937894011847675
coco,22,101,bbob_f022_i101_d10,de,20265006,37.588556583655006,,,300,0.008513089967891574
coco,22,101,bbob_f022_i101_d10,random,20265006,59.97077590091128,,,300,0.00092913000844419
coco,22,101,bbob_f022_i101_d10,full,20265009,44.14243379051108,,,300,1.1277447880711406
coco,22,101,bbob_f022_i101_d10,anchor_only,20265009,52.02750016713601,,,300,0.14186549908481538
coco,22,101,bbob_f022_i101_d10,cma_es,20265009,12.153545120705257,,,300,0.02483479888178408
coco,22,101,bbob_f022_i101_d10,de,20265009,52.02750016713601,,,300,0.010836891131475568
coco,22,101,bbob_f022_i101_d10,random,20265009,50.01047676170211,,,300,0.0027936561964452267
coco,22,101,bbob_f022_i101_d10,full,20265008,33.91245207731601,,,300,1.1813577990978956
coco,22,101,bbob_f022_i101_d10,anchor_only,20265008,76.4769223214528,,,300,0.11144205299206078
coco,22,101,bbob_f022_i101_d10,cma_es,20265008,11.403860596715585,,,300,0.0327212770935148
coco,22,101,bbob_f022_i101_d10,de,20265008,18.37399885485224,,,300,0.00865016900934279
coco,22,101,bbob_f022_i101_d10,random,20265008,53.609458430870305,,,300,0.0028909840621054173
coco,22,102,bbob_f022_i102_d10,full,20265000,-58.59804055831324,,,300,1.109716290840879
coco,22,102,bbob_f022_i102_d10,anchor_only,20265000,-36.55187990717555,,,300,0.11412621382623911
coco,22,102,bbob_f022_i102_d10,cma_es,20265000,-97.81890403431926,,,300,0.025225173914805055
coco,22,102,bbob_f022_i102_d10,de,20265000,-61.58951961962966,,,300,0.009141030022874475
coco,22,102,bbob_f022_i102_d10,random,20265000,-37.782045491191745,,,300,0.000999427167698741
coco,22,102,bbob_f022_i102_d10,full,20265001,-70.16305118414598,,,300,1.0975656299851835
coco,22,102,bbob_f022_i102_d10,anchor_only,20265001,-62.49379800420671,,,300,0.10650637187063694
coco,22,102,bbob_f022_i102_d10,cma_es,20265001,-97.63805207449295,,,300,0.02526582614518702
coco,22,102,bbob_f022_i102_d10,de,20265001,-62.49379800420671,,,300,0.007224185857921839
coco,22,102,bbob_f022_i102_d10,random,20265001,-36.06184569959366,,,300,0.0010372630786150694
coco,22,102,bbob_f022_i102_d10,full,20265002,-52.02323120122841,,,300,1.07983451616019
coco,22,102,bbob_f022_i102_d10,anchor_only,20265002,-31.508068610537194,,,300,0.11329012596979737
coco,22,102,bbob_f022_i102_d10,cma_es,20265002,-48.437425156831374,,,300,0.02586042694747448
coco,22,102,bbob_f022_i102_d10,de,20265002,-65.59832237083491,,,300,0.011321933940052986
coco,22,102,bbob_f022_i102_d10,random,20265002,-49.96586453590455,,,300,0.0016473329160362482
coco,22,102,bbob_f022_i102_d10,full,20265003,-75.09211106620221,,,300,1.1166359041817486
coco,22,102,bbob_f022_i102_d10,anchor_only,20265003,-66.5591242424847,,,300,0.10987660591490567
coco,22,102,bbob_f022_i102_d10,cma_es,20265003,-98.31761608650676,,,300,0.02804230386391282
coco,22,102,bbob_f022_i102_d10,de,20265003,-80.34458143623024,,,300,0.00989256496541202
coco,22,102,bbob_f022_i102_d10,random,20265003,-43.6560993339305,,,300,0.0020310929976403713
coco,22,102,bbob_f022_i102_d10,full,20265004,-78.28952884909381,,,300,1.096804777160287
coco,22,102,bbob_f022_i102_d10,anchor_only,20265004,-48.32114986950174,,,300,0.13930388004519045
coco,22,102,bbob_f022_i102_d10,cma_es,20265004,-98.28575796652308,,,300,0.03225516201928258
coco,22,102,bbob_f022_i102_d10,de,20265004,-48.32114986950166,,,300,0.005819038022309542
coco,22,102,bbob_f022_i102_d10,random,20265004,-33.0370387547067,,,300,0.0010500689968466759
coco,22,102,bbob_f022_i102_d10,full,20265005,-78.92003704569292,,,300,1.055840089917183
coco,22,102,bbob_f022_i102_d10,anchor_only,20265005,-31.383912962433286,,,300,0.12332410388626158
coco,22,102,bbob_f022_i102_d10,cma_es,20265005,-83.07755344755469,,,300,0.03504996397532523
coco,22,102,bbob_f022_i102_d10,de,20265005,-63.70188179478332,,,300,0.007495858008041978
coco,22,102,bbob_f022_i102_d10,random,20265005,-58.68111367956758,,,300,0.0013719000853598118
coco,22,102,bbob_f022_i102_d10,full,20265006,-75.62247569683755,,,300,1.1134273740462959
coco,22,102,bbob_f022_i102_d10,anchor_only,20265006,-31.43627295776008,,,300,0.11752037308178842
coco,22,102,bbob_f022_i102_d10,cma_es,20265006,-89.42658305230431,,,300,0.02577845100313425
coco,22,102,bbob_f022_i102_d10,de,20265006,-70.96653102876697,,,300,0.009409965015947819
coco,22,102,bbob_f022_i102_d10,random,20265006,-33.971182960501466,,,300,0.001825415063649416
coco,22,102,bbob_f022_i102_d10,full,20265007,-42.97393877948141,,,300,1.1196601940318942
coco,22,102,bbob_f022_i102_d10,anchor_only,20265007,-26.61790691272637,,,300,0.13373887306079268
coco,22,102,bbob_f022_i102_d10,cma_es,20265007,-92.57938072098986,,,300,0.030161006841808558
coco,22,102,bbob_f022_i102_d10,de,20265007,-30.953300295862334,,,300,0.007051139138638973
coco,22,102,bbob_f022_i102_d10,random,20265007,-54.83479819931055,,,300,0.0034605548717081547
coco,22,102,bbob_f022_i102_d10,full,20265008,-68.60067261340892,,,300,1.099162596045062
coco,22,102,bbob_f022_i102_d10,anchor_only,20265008,-37.48560282249199,,,300,0.14968536398373544
coco,22,102,bbob_f022_i102_d10,cma_es,20265008,-48.48220073597951,,,300,0.030439581023529172
coco,22,102,bbob_f022_i102_d10,de,20265008,-58.64687633391194,,,300,0.005069873062893748
coco,22,102,bbob_f022_i102_d10,random,20265008,-39.755363032099524,,,300,0.0010162948165088892
coco,22,102,bbob_f022_i102_d10,full,20265009,-51.488193068641955,,,300,1.0992543031461537
coco,22,102,bbob_f022_i102_d10,anchor_only,20265009,-37.54191546373063,,,300,0.1277003639843315
coco,22,102,bbob_f022_i102_d10,cma_es,20265009,-98.609262466966,,,300,0.023700569989159703
coco,22,102,bbob_f022_i102_d10,de,20265009,-37.54191546373073,,,300,0.008300760993734002
coco,22,102,bbob_f022_i102_d10,random,20265009,-33.7535033847673,,,300,0.0009967938531190157
coco,23,101,bbob_f023_i101_d10,full,20265002,-131.43078079464033,,,300,1.102596916956827
coco,23,101,bbob_f023_i101_d10,anchor_only,20265002,-131.28258789633134,,,300,0.12474741088226438
coco,23,101,bbob_f023_i101_d10,cma_es,20265002,-132.2307730049528,,,300,0.02813128102570772
coco,23,101,bbob_f023_i101_d10,de,20265002,-133.13626054858386,,,300,0.01049119490198791
coco,23,101,bbob_f023_i101_d10,random,20265002,-131.76258753905796,,,300,0.004306351998820901
coco,23,101,bbob_f023_i101_d10,full,20265000,-132.182670792633,,,300,1.159606273053214
coco,23,101,bbob_f023_i101_d10,anchor_only,20265000,-131.3361086585725,,,300,0.1165069171693176
coco,23,101,bbob_f023_i101_d10,cma_es,20265000,-132.737634871646,,,300,0.0396349118091166
coco,23,101,bbob_f023_i101_d10,de,20265000,-131.3361086585722,,,300,0.018346549943089485
coco,23,101,bbob_f023_i101_d10,random,20265000,-131.7752189937583,,,300,0.005443884059786797
coco,23,101,bbob_f023_i101_d10,full,20265001,-133.22743547466845,,,300,1.1683407169766724
coco,23,101,bbob_f023_i101_d10,anchor_only,20265001,-133.22743547466845,,,300,0.11607947014272213
coco,23,101,bbob_f023_i101_d10,cma_es,20265001,-131.0403394246809,,,300,0.03371751378290355
coco,23,101,bbob_f023_i101_d10,de,20265001,-133.22743547466843,,,300,0.006657290039584041
coco,23,101,bbob_f023_i101_d10,random,20265001,-132.2826928187949,,,300,0.004894122015684843
coco,23,101,bbob_f023_i101_d10,full,20265003,-131.20693398853194,,,300,1.168632942950353
coco,23,101,bbob_f023_i101_d10,anchor_only,20265003,-130.3465667221659,,,300,0.14437025715596974
coco,23,101,bbob_f023_i101_d10,cma_es,20265003,-131.98265540659193,,,300,0.03737743501551449
coco,23,101,bbob_f023_i101_d10,de,20265003,-132.20813241584057,,,300,0.012103796005249023
coco,23,101,bbob_f023_i101_d10,random,20265003,-132.2807943121208,,,300,0.0029216150287538767
coco,23,101,bbob_f023_i101_d10,full,20265004,-132.64625773604422,,,300,1.138150803046301
coco,23,101,bbob_f023_i101_d10,anchor_only,20265004,-132.64625773604422,,,300,0.1354265999980271
coco,23,101,bbob_f023_i101_d10,cma_es,20265004,-132.89573425138343,,,300,0.03215895593166351
coco,23,101,bbob_f023_i101_d10,de,20265004,-132.64625773604422,,,300,0.01083674211986363
coco,23,101,bbob_f023_i101_d10,random,20265004,-133.22668049773,,,300,0.002125414088368416
coco,23,101,bbob_f023_i101_d10,full,20265005,-132.37396795313975,,,300,1.0772084530908614
coco,23,101,bbob_f023_i101_d10,anchor_only,20265005,-131.74031718096438,,,300,0.12981971120461822
coco,23,101,bbob_f023_i101_d10,cma_es,20265005,-130.92715375077464,,,300,0.03687695995904505
coco,23,101,bbob_f023_i101_d10,de,20265005,-131.7403171809641,,,300,0.00818572100251913
coco,23,101,bbob_f023_i101_d10,random,20265005,-131.98831383591806,,,300,0.0024502091109752655
coco,23,101,bbob_f023_i101_d10,full,20265006,-132.06137750077824,,,300,1.1537757029291242
coco,23,101,bbob_f023_i101_d10,anchor_only,20265006,-132.06137750077824,,,300,0.12234635697677732
coco,23,101,bbob_f023_i101_d10,cma_es,20265006,-130.84028223912506,,,300,0.03616320504806936
coco,23,101,bbob_f023_i101_d10,de,20265006,-132.06137750077806,,,300,0.00716672302223742
coco,23,101,bbob_f023_i101_d10,random,20265006,-130.67022832485944,,,300,0.003834672039374709
coco,23,101,bbob_f023_i101_d10,full,20265007,-132.24283851950008,,,300,1.067730134818703
coco,23,101,bbob_f023_i101_d10,anchor_only,20265007,-132.24283851950008,,,300,0.11509029800072312
coco,23,101,bbob_f023_i101_d10,cma_es,20265007,-133.06903676912273,,,300,0.041789505863562226
coco,23,101,bbob_f023_i101_d10,de,20265007,-133.18342946319103,,,300,0.011176232947036624
coco,23,101,bbob_f023_i101_d10,random,20265007,-131.31808333861332,,,300,0.005227399989962578
coco,23,101,bbob_f023_i101_d10,full,20265008,-132.3163152523974,,,300,1.1341293219011277
coco,23,101,bbob_f023_i101_d10,anchor_only,20265008,-131.69448716354796,,,300,0.10441006091423333
coco,23,101,bbob_f023_i101_d10,cma_es,20265008,-133.31917587725118,,,300,0.028243327978998423
coco,23,101,bbob_f023_i101_d10,de,20265008,-131.69448716354805,,,300,0.006434026872739196
coco,23,101,bbob_f023_i101_d10,random,20265008,-131.34996196629916,,,300,0.002223367802798748
coco,23,101,bbob_f023_i101_d10,full,20265009,-131.56823739278275,,,300,1.1451156879775226
coco,23,101,bbob_f023_i101_d10,anchor_only,20265009,-131.56823739278275,,,300,0.12689015292562544
coco,23,101,bbob_f023_i101_d10,cma_es,20265009,-133.20667929066636,,,300,0.04004607698880136
coco,23,101,bbob_f023_i101_d10,de,20265009,-131.77575296288626,,,300,0.010227226186543703
coco,23,101,bbob_f023_i101_d10,random,20265009,-131.52987154498175,,,300,0.001992021920159459
coco,23,102,bbob_f023_i102_d10,full,20265000,-398.54603876420197,,,300,1.1201926420908421
coco,23,102,bbob_f023_i102_d10,anchor_only,20265000,-398.54603876420197,,,300,0.12108229286968708
coco,23,102,bbob_f023_i102_d10,cma_es,20265000,-398.03149479400395,,,300,0.03858590801246464
coco,23,102,bbob_f023_i102_d10,de,20265000,-398.546038764202,,,300,0.006686015985906124
coco,23,102,bbob_f023_i102_d10,random,20265000,-397.6336256829434,,,300,0.0020840871147811413
coco,23,102,bbob_f023_i102_d10,full,20265001,-399.01037631336567,,,300,1.1050843531265855
coco,23,102,bbob_f023_i102_d10,anchor_only,20265001,-398.4220491425145,,,300,0.11165684298612177
coco,23,102,bbob_f023_i102_d10,cma_es,20265001,-399.9080616784223,,,300,0.029421546030789614
coco,23,102,bbob_f023_i102_d10,de,20265001,-399.51277083984036,,,300,0.006732975132763386
coco,23,102,bbob_f023_i102_d10,random,20265001,-398.56912033877256,,,300,0.003115986939519644
coco,23,102,bbob_f023_i102_d10,full,20265002,-399.0703044326399,,,300,1.1235018309671432
coco,23,102,bbob_f023_i102_d10,anchor_only,20265002,-399.0703044326399,,,300,0.11628992692567408
coco,23,102,bbob_f023_i102_d10,cma_es,20265002,-397.99341144551937,,,300,0.032021570950746536
coco,23,102,bbob_f023_i102_d10,de,20265002,-398.40528462782964,,,300,0.006286669988185167
coco,23,102,bbob_f023_i102_d10,random,20265002,-397.8853019368606,,,300,0.003901096060872078
coco,23,102,bbob_f023_i102_d10,full,20265004,-398.2506006062036,,,300,1.0677312270272523
coco,23,102,bbob_f023_i102_d10,anchor_only,20265004,-398.2506006062036,,,300,0.1317209240514785
coco,23,102,bbob_f023_i102_d10,cma_es,20265004,-400.4841411011901,,,300,0.042836376931518316
coco,23,102,bbob_f023_i102_d10,de,20265004,-398.6975489600484,,,300,0.008433545008301735
coco,23,102,bbob_f023_i102_d10,random,20265004,-398.6376703211466,,,300,0.0020892301108688116
coco,23,102,bbob_f023_i102_d10,full,20265003,-398.2302971332089,,,300,1.1389641449786723
coco,23,102,bbob_f023_i102_d10,anchor_only,20265003,-398.2302971332089,,,300,0.1290931839030236
coco,23,102,bbob_f023_i102_d10,cma_es,20265003,-397.8023818842056,,,300,0.029104016022756696
coco,23,102,bbob_f023_i102_d10,de,20265003,-398.58136713253054,,,300,0.010697450023144484
coco,23,102,bbob_f023_i102_d10,random,20265003,-398.48701924165977,,,300,0.002945702988654375
coco,23,102,bbob_f023_i102_d10,full,20265005,-398.268784770469,,,300,1.108381150988862
coco,23,102,bbob_f023_i102_d10,anchor_only,20265005,-398.268784770469,,,300,0.11211633309721947
coco,23,102,bbob_f023_i102_d10,cma_es,20265005,-399.25566105369205,,,300,0.03762620780616999
coco,23,102,bbob_f023_i102_d10,de,20265005,-398.53953564015853,,,300,0.009722315007820725
coco,23,102,bbob_f023_i102_d10,random,20265005,-397.60253138863413,,,300,0.002025387017056346
coco,23,102,bbob_f023_i102_d10,full,20265006,-398.562409243381,,,300,1.0150417678523809
coco,23,102,bbob_f023_i102_d10,anchor_only,20265006,-398.562409243381,,,300,0.11350349918939173
coco,23,102,bbob_f023_i102_d10,cma_es,20265006,-397.84820980168746,,,300,0.02977929706685245
coco,23,102,bbob_f023_i102_d10,de,20265006,-398.5624092433809,,,300,0.009992825100198388
coco,23,102,bbob_f023_i102_d10,random,20265006,-399.2492475627275,,,300,0.0022473870776593685
coco,23,102,bbob_f023_i102_d10,full,20265007,-398.4763994971487,,,300,1.062988513847813
coco,23,102,bbob_f023_i102_d10,anchor_only,20265007,-398.4763994971487,,,300,0.11906006908975542
coco,23,102,bbob_f023_i102_d10,cma_es,20265007,-397.37669781813065,,,300,0.03602605895139277
coco,23,102,bbob_f023_i102_d10,de,20265007,-398.99516056449767,,,300,0.016059208195656538
coco,23,102,bbob_f023_i102_d10,random,20265007,-398.47322539255543,,,300,0.002402069978415966
coco,23,102,bbob_f023_i102_d10,full,20265008,-399.13671579189975,,,300,1.0574504749383777
coco,23,102,bbob_f023_i102_d10,anchor_only,20265008,-398.186130422819,,,300,0.1177322780713439
coco,23,102,bbob_f023_i102_d10,cma_es,20265008,-397.8145709427814,,,300,0.03356628795154393
coco,23,102,bbob_f023_i102_d10,de,20265008,-398.50320591923713,,,300,0.009510769974440336
coco,23,102,bbob_f023_i102_d10,random,20265008,-399.0404234582783,,,300,0.0020797131583094597
coco,23,102,bbob_f023_i102_d10,full,20265009,-397.5808325569888,,,300,1.055119867902249
coco,23,102,bbob_f023_i102_d10,anchor_only,20265009,-397.4043203252138,,,300,0.12187729706056416
coco,23,102,bbob_f023_i102_d10,cma_es,20265009,-399.0268661870022,,,300,0.03264679992571473
coco,23,102,bbob_f023_i102_d10,de,20265009,-398.01585628872846,,,300,0.00995091418735683
coco,23,102,bbob_f023_i102_d10,random,20265009,-399.04357761134247,,,300,0.0041541478130966425
coco,24,101,bbob_f024_i101_d10,full,20265000,1079.1189225558276,,,300,1.1601045068819076
coco,24,101,bbob_f024_i101_d10,anchor_only,20265000,1120.2288744421421,,,300,0.10724747716449201
coco,24,101,bbob_f024_i101_d10,cma_es,20265000,1065.2495105180874,,,300,0.025723216822370887
coco,24,101,bbob_f024_i101_d10,de,20265000,1118.4169558531758,,,300,0.014908669050782919
coco,24,101,bbob_f024_i101_d10,random,20265000,1158.440853068364,,,300,0.0010828059166669846
coco,24,101,bbob_f024_i101_d10,full,20265001,1092.8804425564083,,,300,1.0782719971612096
coco,24,101,bbob_f024_i101_d10,anchor_only,20265001,1130.3613528924432,,,300,0.12381019885651767
coco,24,101,bbob_f024_i101_d10,cma_es,20265001,1083.2175972336595,,,300,0.030241123167797923
coco,24,101,bbob_f024_i101_d10,de,20265001,1134.9146546593547,,,300,0.011823687935248017
coco,24,101,bbob_f024_i101_d10,random,20265001,1137.2688356261363,,,300,0.0016290450002998114
coco,24,101,bbob_f024_i101_d10,full,20265002,1081.2859463518557,,,300,1.074736975133419
coco,24,101,bbob_f024_i101_d10,anchor_only,20265002,1120.6361109457266,,,300,0.1372957390267402
coco,24,101,bbob_f024_i101_d10,cma_es,20265002,1075.6692835068848,,,300,0.03536500805057585
coco,24,101,bbob_f024_i101_d10,de,20265002,1140.3817905119329,,,300,0.016610311111435294
coco,24,101,bbob_f024_i101_d10,random,20265002,1190.5396622199567,,,300,0.0030002789571881294
coco,24,101,bbob_f024_i101_d10,full,20265003,1090.387133200014,,,300,1.1479325618129224
coco,24,101,bbob_f024_i101_d10,anchor_only,20265003,1139.9591747538102,,,300,0.13653517700731754
coco,24,101,bbob_f024_i101_d10,cma_es,20265003,1069.1201207556765,,,300,0.03052362916059792
coco,24,101,bbob_f024_i101_d10,de,20265003,1112.8397066420325,,,300,0.010650907177478075
coco,24,101,bbob_f024_i101_d10,random,20265003,1167.3378795798044,,,300,0.0009772370103746653
coco,24,101,bbob_f024_i101_d10,full,20265005,1094.3834084413236,,,300,1.035946134943515
coco,24,101,bbob_f024_i101_d10,anchor_only,20265005,1116.1444896760115,,,300,0.13861580891534686
coco,24,101,bbob_f024_i101_d10,cma_es,20265005,1065.2669971211287,,,300,0.031195639166980982
coco,24,101,bbob_f024_i101_d10,de,20265005,1133.9963932927408,,,300,0.011685050092637539
coco,24,101,bbob_f024_i101_d10,random,20265005,1126.9536693885543,,,300,0.00305261486209929
coco,24,101,bbob_f024_i101_d10,full,20265004,1082.8791083641047,,,300,1.0779479139018804
coco,24,101,bbob_f024_i101_d10,anchor_only,20265004,1154.4200873482712,,,300,0.12455288297496736
coco,24,101,bbob_f024_i101_d10,cma_es,20265004,1062.7710072876507,,,300,0.025572418933734298
coco,24,101,bbob_f024_i101_d10,de,20265004,1119.6149834514713,,,300,0.005451502976939082
coco,24,101,bbob_f024_i101_d10,random,20265004,1202.5345246556599,,,300,0.001319528091698885
coco,24,101,bbob_f024_i101_d10,full,20265007,1085.5542571467256,,,300,1.008551208069548
coco,24,101,bbob_f024_i101_d10,anchor_only,20265007,1160.8836877028436,,,300,0.1217199950478971
coco,24,101,bbob_f024_i101_d10,cma_es,20265007,1072.805203227604,,,300,0.02159631997346878
coco,24,101,bbob_f024_i101_d10,de,20265007,1126.5771983476611,,,300,0.011318199103698134
coco,24,101,bbob_f024_i101_d10,random,20265007,1179.786981630883,,,300,0.0017217169515788555
coco,24,101,bbob_f024_i101_d10,full,20265006,1092.2340218228182,,,300,1.0888787219300866
coco,24,101,bbob_f024_i101_d10,anchor_only,20265006,1162.071410435505,,,300,0.1208566629793495
coco,24,101,bbob_f024_i101_d10,cma_es,20265006,1077.7201656843358,,,300,0.032206790056079626
coco,24,101,bbob_f024_i101_d10,de,20265006,1124.1196939645797,,,300,0.007070445921272039
coco,24,101,bbob_f024_i101_d10,random,20265006,1161.28752982093,,,300,0.0010483560618013144
coco,24,101,bbob_f024_i101_d10,full,20265008,1110.6216185891135,,,300,1.08533078385517
coco,24,101,bbob_f024_i101_d10,anchor_only,20265008,1145.9867182395399,,,300,0.1416255480144173
coco,24,101,bbob_f024_i101_d10,cma_es,20265008,1070.0296419480037,,,300,0.02936050808057189
coco,24,101,bbob_f024_i101_d10,de,20265008,1140.3163203232423,,,300,0.006761722033843398
coco,24,101,bbob_f024_i101_d10,random,20265008,1173.6006379151104,,,300,0.0030926920007914305
coco,24,101,bbob_f024_i101_d10,full,20265009,1107.5206946326275,,,300,1.0222515631467104
coco,24,101,bbob_f024_i101_d10,anchor_only,20265009,1162.3092207289335,,,300,0.10785401496104896
coco,24,101,bbob_f024_i101_d10,cma_es,20265009,1077.4324385405132,,,300,0.027820355026051402
coco,24,101,bbob_f024_i101_d10,de,20265009,1139.8254972455934,,,300,0.015616000164300203
coco,24,101,bbob_f024_i101_d10,random,20265009,1165.4377458627735,,,300,0.0016014499124139547
coco,24,102,bbob_f024_i102_d10,full,20265001,94.55906198598758,,,300,1.0337525818031281
coco,24,102,bbob_f024_i102_d10,anchor_only,20265001,158.31819326777307,,,300,0.12122497498057783
coco,24,102,bbob_f024_i102_d10,cma_es,20265001,81.11752764090025,,,300,0.026588244130834937
coco,24,102,bbob_f024_i102_d10,de,20265001,158.3303468846944,,,300,0.007932817796245217
coco,24,102,bbob_f024_i102_d10,random,20265001,167.2951060216049,,,300,0.0016528400592505932
coco,24,102,bbob_f024_i102_d10,full,20265000,99.56359975391936,,,300,1.125633331015706
coco,24,102,bbob_f024_i102_d10,anchor_only,20265000,137.3208186290633,,,300,0.13359105307608843
coco,24,102,bbob_f024_i102_d10,cma_es,20265000,80.16716268409186,,,300,0.032388607040047646
coco,24,102,bbob_f024_i102_d10,de,20265000,143.03647133845672,,,300,0.01611395413056016
coco,24,102,bbob_f024_i102_d10,random,20265000,173.11041709684696,,,300,0.002815752988681197
coco,24,102,bbob_f024_i102_d10,full,20265002,84.57956778064774,,,300,1.1004472479689866
coco,24,102,bbob_f024_i102_d10,anchor_only,20265002,162.74202979054533,,,300,0.13256984087638557
coco,24,102,bbob_f024_i102_d10,cma_es,20265002,99.8314628227717,,,300,0.027944075874984264
coco,24,102,bbob_f024_i102_d10,de,20265002,152.66732045564478,,,300,0.010226657846942544
coco,24,102,bbob_f024_i102_d10,random,20265002,162.21338845224383,,,300,0.0016991209704428911
coco,24,102,bbob_f024_i102_d10,full,20265003,100.71870005356365,,,300,1.0734485739376396
coco,24,102,bbob_f024_i102_d10,anchor_only,20265003,151.98650895772684,,,300,0.12296240916475654
coco,24,102,bbob_f024_i102_d10,cma_es,20265003,93.52582416477074,,,300,0.03842307301238179
coco,24,102,bbob_f024_i102_d10,de,20265003,145.30589601417955,,,300,0.011435413034632802
coco,24,102,bbob_f024_i102_d10,random,20265003,162.16810164070532,,,300,0.001055947970598936
coco,24,102,bbob_f024_i102_d10,full,20265004,116.92421636196862,,,300,1.1231097800191492
coco,24,102,bbob_f024_i102_d10,anchor_only,20265004,162.6916494939331,,,300,0.13381206896156073
coco,24,102,bbob_f024_i102_d10,cma_es,20265004,87.86056009319677,,,300,0.031441878993064165
coco,24,102,bbob_f024_i102_d10,de,20265004,141.71248347162302,,,300,0.0117062299977988
coco,24,102,bbob_f024_i102_d10,random,20265004,136.33958365450044,,,300,0.0012185501400381327
coco,24,102,bbob_f024_i102_d10,full,20265006,95.76904798327993,,,300,1.086442094994709
coco,24,102,bbob_f024_i102_d10,anchor_only,20265006,135.2704030151781,,,300,0.1290840799920261
coco,24,102,bbob_f024_i102_d10,cma_es,20265006,86.6460935557368,,,300,0.024440792156383395
coco,24,102,bbob_f024_i102_d10,de,20265006,155.50025894429766,,,300,0.011609856970608234
coco,24,102,bbob_f024_i102_d10,random,20265006,119.98376805039808,,,300,0.0016981731168925762
coco,24,102,bbob_f024_i102_d10,full,20265007,83.0973150596356,,,300,1.1145298590417951
coco,24,102,bbob_f024_i102_d10,anchor_only,20265007,146.38546003505328,,,300,0.1575893498957157
coco,24,102,bbob_f024_i102_d10,cma_es,20265007,65.4154305677912,,,300,0.02169108996167779
coco,24,102,bbob_f024_i102_d10,de,20265007,146.3854600350529,,,300,0.014352869940921664
coco,24,102,bbob_f024_i102_d10,random,20265007,173.87744783749477,,,300,0.000987933948636055
coco,24,102,bbob_f024_i102_d10,full,20265008,94.53986465771541,,,300,1.0990472950506955
coco,24,102,bbob_f024_i102_d10,anchor_only,20265008,146.24841507170575,,,300,0.12786479387432337
coco,24,102,bbob_f024_i102_d10,cma_es,20265008,77.26052548343011,,,300,0.029383999994024634
coco,24,102,bbob_f024_i102_d10,de,20265008,127.56680059090345,,,300,0.010874679079279304
coco,24,102,bbob_f024_i102_d10,random,20265008,143.32296805218792,,,300,0.003005774924531579
coco,24,102,bbob_f024_i102_d10,full,20265005,103.33943102318743,,,300,1.1439666419755667
coco,24,102,bbob_f024_i102_d10,anchor_only,20265005,154.88697641785848,,,300,0.15489924885332584
coco,24,102,bbob_f024_i102_d10,cma_es,20265005,78.28211499543954,,,300,0.0326477000489831
coco,24,102,bbob_f024_i102_d10,de,20265005,148.18400321041398,,,300,0.013811895856633782
coco,24,102,bbob_f024_i102_d10,random,20265005,165.75378099178707,,,300,0.0031993140000849962
cec2017,10,1,F10: Hybrid Function 1,full,20265000,812736.2060607832,1000.0,811736.2060607832,300,0.8534351820126176
cec2017,10,1,F10: Hybrid Function 1,anchor_only,20265000,2247649.877720119,1000.0,2246649.877720119,300,0.12894435110501945
cec2017,10,1,F10: Hybrid Function 1,cma_es,20265000,1496358.824123655,1000.0,1495358.824123655,300,0.039748214883729815
cec2017,10,1,F10: Hybrid Function 1,de,20265000,28355336.248274002,1000.0,28354336.248274002,300,0.018073447979986668
cec2017,10,1,F10: Hybrid Function 1,random,20265000,22713760.643970657,1000.0,22712760.643970657,300,0.00760950893163681
coco,24,102,bbob_f024_i102_d10,full,20265009,60.49803555812671,,,300,1.1175024339463562
coco,24,102,bbob_f024_i102_d10,anchor_only,20265009,132.25366133460773,,,300,0.10981276701204479
coco,24,102,bbob_f024_i102_d10,cma_es,20265009,69.99207878258464,,,300,0.023981258971616626
coco,24,102,bbob_f024_i102_d10,de,20265009,167.08119105389264,,,300,0.00992798083461821
coco,24,102,bbob_f024_i102_d10,random,20265009,123.54479476742767,,,300,0.0015029299538582563
cec2017,10,1,F10: Hybrid Function 1,full,20265001,351622.60308088764,1000.0,350622.60308088764,300,0.883323164889589
cec2017,10,1,F10: Hybrid Function 1,anchor_only,20265001,11464089.838197555,1000.0,11463089.838197555,300,0.12863325979560614
cec2017,10,1,F10: Hybrid Function 1,cma_es,20265001,82422.28557156387,1000.0,81422.28557156387,300,0.044552779057994485
cec2017,10,1,F10: Hybrid Function 1,de,20265001,7047308.323530689,1000.0,7046308.323530689,300,0.021370436064898968
cec2017,10,1,F10: Hybrid Function 1,random,20265001,55973999.72980091,1000.0,55972999.72980091,300,0.0075290079694241285
cec2017,10,1,F10: Hybrid Function 1,full,20265002,8674597.596761798,1000.0,8673597.596761798,300,0.8538348190486431
cec2017,10,1,F10: Hybrid Function 1,anchor_only,20265002,55553403.6067102,1000.0,55552403.6067102,300,0.15551476692780852
cec2017,10,1,F10: Hybrid Function 1,cma_es,20265002,3214927.02268194,1000.0,3213927.02268194,300,0.05434534186497331
cec2017,10,1,F10: Hybrid Function 1,de,20265002,876932.40198717,1000.0,875932.40198717,300,0.029534023953601718
cec2017,10,1,F10: Hybrid Function 1,random,20265002,4546550.120682484,1000.0,4545550.120682484,300,0.007859570905566216
cec2017,10,1,F10: Hybrid Function 1,full,20265003,19346690.6613415,1000.0,19345690.6613415,300,0.9176148681435734
cec2017,10,1,F10: Hybrid Function 1,anchor_only,20265003,279326827.5703803,1000.0,279325827.5703803,300,0.17585459793917835
cec2017,10,1,F10: Hybrid Function 1,cma_es,20265003,73740.39229296627,1000.0,72740.39229296627,300,0.04807458003051579
cec2017,10,1,F10: Hybrid Function 1,de,20265003,6826828.208946632,1000.0,6825828.208946632,300,0.018998074112460017
cec2017,10,1,F10: Hybrid Function 1,random,20265003,15218613.431474214,1000.0,15217613.431474214,300,0.012487679021432996
cec2017,10,1,F10: Hybrid Function 1,full,20265004,361643.30087615433,1000.0,360643.30087615433,300,0.9861445848364383
cec2017,10,1,F10: Hybrid Function 1,anchor_only,20265004,1578140.9464474588,1000.0,1577140.9464474588,300,0.1439430909231305
cec2017,10,1,F10: Hybrid Function 1,cma_es,20265004,149798.65740162734,1000.0,148798.65740162734,300,0.040535569190979004
cec2017,10,1,F10: Hybrid Function 1,de,20265004,2445180.885279076,1000.0,2444180.885279076,300,0.02853936585597694
cec2017,10,1,F10: Hybrid Function 1,random,20265004,212876.3432796487,1000.0,211876.3432796487,300,0.015999082941561937
cec2017,10,1,F10: Hybrid Function 1,full,20265005,370751.17461125285,1000.0,369751.17461125285,300,0.9828784170094877
cec2017,10,1,F10: Hybrid Function 1,anchor_only,20265005,71907472.7213596,1000.0,71906472.7213596,300,0.13955957209691405
cec2017,10,1,F10: Hybrid Function 1,cma_es,20265005,1608567.9362417825,1000.0,1607567.9362417825,300,0.03930073510855436
cec2017,10,1,F10: Hybrid Function 1,de,20265005,25295876.400956243,1000.0,25294876.400956243,300,0.033432689029723406
cec2017,10,1,F10: Hybrid Function 1,random,20265005,37889796.30149325,1000.0,37888796.30149325,300,0.013616252923384309
cec2017,10,1,F10: Hybrid Function 1,full,20265006,5696821.488872728,1000.0,5695821.488872728,300,0.9076944289263338
cec2017,10,1,F10: Hybrid Function 1,anchor_only,20265006,23642436.089906286,1000.0,23641436.089906286,300,0.15481946105137467
cec2017,10,1,F10: Hybrid Function 1,cma_es,20265006,385923.52001607366,1000.0,384923.52001607366,300,0.033783067017793655
cec2017,10,1,F10: Hybrid Function 1,de,20265006,1630620.9955069153,1000.0,1629620.9955069153,300,0.018043888034299016
cec2017,10,1,F10: Hybrid Function 1,random,20265006,12087169.683959091,1000.0,12086169.683959091,300,0.007904943078756332
cec2017,10,1,F10: Hybrid Function 1,full,20265007,2282578.975247188,1000.0,2281578.975247188,300,0.895175470970571
cec2017,10,1,F10: Hybrid Function 1,anchor_only,20265007,61508946.093732715,1000.0,61507946.093732715,300,0.166540581965819
cec2017,10,1,F10: Hybrid Function 1,cma_es,20265007,651557.0402417753,1000.0,650557.0402417753,300,0.03204889898188412
cec2017,10,1,F10: Hybrid Function 1,de,20265007,18361530.288025092,1000.0,18360530.288025092,300,0.016648676013574004
cec2017,10,1,F10: Hybrid Function 1,random,20265007,22775541.24537299,1000.0,22774541.24537299,300,0.01658192090690136
cec2017,11,1,F11: Hybrid Function 2,full,20265001,168762498.09771025,1100.0,168761398.09771025,300,0.9061867510899901
cec2017,11,1,F11: Hybrid Function 2,anchor_only,20265001,2657858302.6997943,1100.0,2657857202.6997943,300,0.14493225305341184
cec2017,11,1,F11: Hybrid Function 2,cma_es,20265001,390195836.9285847,1100.0,390194736.9285847,300,0.05993432202376425
cec2017,11,1,F11: Hybrid Function 2,de,20265001,531150457.8381525,1100.0,531149357.8381525,300,0.02848204900510609
cec2017,11,1,F11: Hybrid Function 2,random,20265001,1243610849.3477764,1100.0,1243609749.3477764,300,0.008274177089333534
cec2017,10,1,F10: Hybrid Function 1,full,20265008,2087863.5830142677,1000.0,2086863.5830142677,300,0.958713818108663
cec2017,10,1,F10: Hybrid Function 1,anchor_only,20265008,4597198.139019965,1000.0,4596198.139019965,300,0.12779057607986033
cec2017,10,1,F10: Hybrid Function 1,cma_es,20265008,247020.2628853614,1000.0,246020.2628853614,300,0.04678859398700297
cec2017,10,1,F10: Hybrid Function 1,de,20265008,2009695.655478749,1000.0,2008695.655478749,300,0.020550160901620984
cec2017,10,1,F10: Hybrid Function 1,random,20265008,10428210.591660531,1000.0,10427210.591660531,300,0.010552560910582542
cec2017,10,1,F10: Hybrid Function 1,full,20265009,3075020.674743471,1000.0,3074020.674743471,300,0.9618752349633723
cec2017,10,1,F10: Hybrid Function 1,anchor_only,20265009,15455841.597687025,1000.0,15454841.597687025,300,0.14225055812858045
cec2017,10,1,F10: Hybrid Function 1,cma_es,20265009,136470.75370046525,1000.0,135470.75370046525,300,0.03619273006916046
cec2017,10,1,F10: Hybrid Function 1,de,20265009,3260984.690780959,1000.0,3259984.690780959,300,0.017214732943102717
cec2017,10,1,F10: Hybrid Function 1,random,20265009,14642796.762209518,1000.0,14641796.762209518,300,0.005220334976911545
cec2017,11,1,F11: Hybrid Function 2,full,20265000,89909525.07028638,1100.0,89908425.07028638,300,0.9751482421997935
cec2017,11,1,F11: Hybrid Function 2,anchor_only,20265000,3371696574.633989,1100.0,3371695474.633989,300,0.1313492739573121
cec2017,11,1,F11: Hybrid Function 2,cma_es,20265000,140786140.44625425,1100.0,140785040.44625425,300,0.03952749306336045
cec2017,11,1,F11: Hybrid Function 2,de,20265000,255759679.08219457,1100.0,255758579.08219457,300,0.03055821405723691
cec2017,11,1,F11: Hybrid Function 2,random,20265000,1884628863.9940987,1100.0,1884627763.9940987,300,0.01016810699366033
cec2017,11,1,F11: Hybrid Function 2,full,20265002,57485443.49499786,1100.0,57484343.49499786,300,0.9412350249476731
cec2017,11,1,F11: Hybrid Function 2,anchor_only,20265002,178775412.70695037,1100.0,178774312.70695037,300,0.14994860999286175
cec2017,11,1,F11: Hybrid Function 2,cma_es,20265002,99850844.91156843,1100.0,99849744.91156843,300,0.05575249902904034
cec2017,11,1,F11: Hybrid Function 2,de,20265002,178775412.70695043,1100.0,178774312.70695043,300,0.03142799297347665
cec2017,11,1,F11: Hybrid Function 2,random,20265002,2375252667.6625285,1100.0,2375251567.6625285,300,0.014422633918002248
cec2017,11,1,F11: Hybrid Function 2,full,20265003,202706827.873888,1100.0,202705727.873888,300,0.9248026108834893
cec2017,11,1,F11: Hybrid Function 2,anchor_only,20265003,2388486717.595953,1100.0,2388485617.595953,300,0.15977899194695055
cec2017,11,1,F11: Hybrid Function 2,cma_es,20265003,47438590.073745206,1100.0,47437490.073745206,300,0.037668400909751654
cec2017,11,1,F11: Hybrid Function 2,de,20265003,426101081.17630136,1100.0,426099981.17630136,300,0.031179573154076934
cec2017,11,1,F11: Hybrid Function 2,random,20265003,1284032594.920069,1100.0,1284031494.920069,300,0.013549651019275188
cec2017,11,1,F11: Hybrid Function 2,full,20265004,129849429.93511996,1100.0,129848329.93511996,300,0.8819895829074085
cec2017,11,1,F11: Hybrid Function 2,anchor_only,20265004,425448933.0976126,1100.0,425447833.0976126,300,0.16645189188420773
cec2017,11,1,F11: Hybrid Function 2,cma_es,20265004,42128087.53434052,1100.0,42126987.53434052,300,0.05037472490221262
cec2017,11,1,F11: Hybrid Function 2,de,20265004,425448933.0976124,1100.0,425447833.0976124,300,0.023100937018170953
cec2017,11,1,F11: Hybrid Function 2,random,20265004,1380081730.773838,1100.0,1380080630.773838,300,0.014700365019962192
cec2017,11,1,F11: Hybrid Function 2,full,20265005,51687372.19584781,1100.0,51686272.19584781,300,0.9570405189879239
cec2017,11,1,F11: Hybrid Function 2,anchor_only,20265005,644297221.7800026,1100.0,644296121.7800026,300,0.1489266399294138
cec2017,11,1,F11: Hybrid Function 2,cma_es,20265005,37301532.38155382,1100.0,37300432.38155382,300,0.0508453999646008
cec2017,11,1,F11: Hybrid Function 2,de,20265005,644297221.7800026,1100.0,644296121.7800026,300,0.02267829212360084
cec2017,11,1,F11: Hybrid Function 2,random,20265005,3487100778.075739,1100.0,3487099678.075739,300,0.008581279078498483
cec2017,11,1,F11: Hybrid Function 2,full,20265006,194389165.13233995,1100.0,194388065.13233995,300,0.8745091939345002
cec2017,11,1,F11: Hybrid Function 2,anchor_only,20265006,396134385.58931357,1100.0,396133285.58931357,300,0.12242529215291142
cec2017,11,1,F11: Hybrid Function 2,cma_es,20265006,65328037.416357994,1100.0,65326937.416357994,300,0.05502061196602881
cec2017,11,1,F11: Hybrid Function 2,de,20265006,396134385.5893133,1100.0,396133285.5893133,300,0.025333283003419638
cec2017,11,1,F11: Hybrid Function 2,random,20265006,222917935.94754708,1100.0,222916835.94754708,300,0.02336078998632729
cec2017,11,1,F11: Hybrid Function 2,full,20265007,70117006.28621975,1100.0,70115906.28621975,300,0.8777254798915237
cec2017,11,1,F11: Hybrid Function 2,anchor_only,20265007,1319470922.4560769,1100.0,1319469822.4560769,300,0.14530969504266977
cec2017,11,1,F11: Hybrid Function 2,cma_es,20265007,496897797.2020174,1100.0,496896697.2020174,300,0.05048019695095718
cec2017,11,1,F11: Hybrid Function 2,de,20265007,1209393725.449617,1100.0,1209392625.449617,300,0.016384904040023685
cec2017,11,1,F11: Hybrid Function 2,random,20265007,2113733498.3503697,1100.0,2113732398.3503697,300,0.019693471025675535
cec2017,11,1,F11: Hybrid Function 2,full,20265008,890390886.0265799,1100.0,890389786.0265799,300,0.8880602680146694
cec2017,11,1,F11: Hybrid Function 2,anchor_only,20265008,1743575841.007538,1100.0,1743574741.007538,300,0.13879337394610047
cec2017,11,1,F11: Hybrid Function 2,cma_es,20265008,73504034.19228622,1100.0,73502934.19228622,300,0.059750188840553164
cec2017,11,1,F11: Hybrid Function 2,de,20265008,518146072.8411819,1100.0,518144972.8411819,300,0.019249340053647757
cec2017,11,1,F11: Hybrid Function 2,random,20265008,687415579.7721233,1100.0,687414479.7721233,300,0.016545827966183424
cec2017,12,1,F12: Hybrid Function 3,full,20265000,29338780.508717876,1200.0,29337580.508717876,300,0.8091773320920765
cec2017,12,1,F12: Hybrid Function 3,anchor_only,20265000,589021389.5180901,1200.0,589020189.5180901,300,0.12057932512834668
cec2017,12,1,F12: Hybrid Function 3,cma_es,20265000,2076320.6088986327,1200.0,2075120.6088986327,300,0.031611890997737646
cec2017,12,1,F12: Hybrid Function 3,de,20265000,165843577.7140627,1200.0,165842377.7140627,300,0.022981571033596992
cec2017,12,1,F12: Hybrid Function 3,random,20265000,362846904.1406821,1200.0,362845704.1406821,300,0.014071100857108831
cec2017,11,1,F11: Hybrid Function 2,full,20265009,431079415.02659327,1100.0,431078315.02659327,300,0.8806826011277735
cec2017,11,1,F11: Hybrid Function 2,anchor_only,20265009,4284737106.72743,1100.0,4284736006.72743,300,0.14993516611866653
cec2017,11,1,F11: Hybrid Function 2,cma_es,20265009,40927695.88106756,1100.0,40926595.88106756,300,0.05210199183784425
cec2017,11,1,F11: Hybrid Function 2,de,20265009,1715122442.6622486,1100.0,1715121342.6622486,300,0.02323866612277925
cec2017,11,1,F11: Hybrid Function 2,random,20265009,1749148144.9785237,1100.0,1749147044.9785237,300,0.017699904972687364
cec2017,12,1,F12: Hybrid Function 3,full,20265002,121287814.55112697,1200.0,121286614.55112697,300,0.840969777200371
cec2017,12,1,F12: Hybrid Function 3,anchor_only,20265002,1268875597.3893914,1200.0,1268874397.3893914,300,0.13186316401697695
cec2017,12,1,F12: Hybrid Function 3,cma_es,20265002,9096293.951443786,1200.0,9095093.951443786,300,0.032168627018108964
cec2017,12,1,F12: Hybrid Function 3,de,20265002,88367459.60613783,1200.0,88366259.60613783,300,0.017369914101436734
cec2017,12,1,F12: Hybrid Function 3,random,20265002,32230042.473894484,1200.0,32228842.473894484,300,0.008531324099749327
cec2017,12,1,F12: Hybrid Function 3,full,20265001,20451043.179382425,1200.0,20449843.179382425,300,0.8572872648946941
cec2017,12,1,F12: Hybrid Function 3,anchor_only,20265001,238337885.5868529,1200.0,238336685.5868529,300,0.13871233817189932
cec2017,12,1,F12: Hybrid Function 3,cma_es,20265001,4163962.4860749273,1200.0,4162762.4860749273,300,0.04261986794881523
cec2017,12,1,F12: Hybrid Function 3,de,20265001,177671478.5358461,1200.0,177670278.5358461,300,0.013277554884552956
cec2017,12,1,F12: Hybrid Function 3,random,20265001,205922793.2808643,1200.0,205921593.2808643,300,0.01112743397243321
cec2017,12,1,F12: Hybrid Function 3,full,20265004,172689786.6222731,1200.0,172688586.6222731,300,0.8546827030368149
cec2017,12,1,F12: Hybrid Function 3,anchor_only,20265004,677346260.8224504,1200.0,677345060.8224504,300,0.12669535796158016
cec2017,12,1,F12: Hybrid Function 3,cma_es,20265004,1259404.3862349116,1200.0,1258204.3862349116,300,0.03749027079902589
cec2017,12,1,F12: Hybrid Function 3,de,20265004,209311444.06613347,1200.0,209310244.06613347,300,0.023986947955563664
cec2017,12,1,F12: Hybrid Function 3,random,20265004,608679471.3332142,1200.0,608678271.3332142,300,0.009728180943056941
cec2017,12,1,F12: Hybrid Function 3,full,20265005,63401920.57324787,1200.0,63400720.57324787,300,0.8483206888195127
cec2017,12,1,F12: Hybrid Function 3,anchor_only,20265005,414783874.50701654,1200.0,414782674.50701654,300,0.13480320805683732
cec2017,12,1,F12: Hybrid Function 3,cma_es,20265005,15094414.98635909,1200.0,15093214.98635909,300,0.046739115146920085
cec2017,12,1,F12: Hybrid Function 3,de,20265005,208018804.89970893,1200.0,208017604.89970893,300,0.024430237943306565
cec2017,12,1,F12: Hybrid Function 3,random,20265005,1135715183.8600163,1200.0,1135713983.8600163,300,0.009387475904077291
cec2017,12,1,F12: Hybrid Function 3,full,20265003,17546289.84307391,1200.0,17545089.84307391,300,0.9268891108222306
cec2017,12,1,F12: Hybrid Function 3,anchor_only,20265003,543383986.0057727,1200.0,543382786.0057727,300,0.16154217207804322
cec2017,12,1,F12: Hybrid Function 3,cma_es,20265003,13879051.13682002,1200.0,13877851.13682002,300,0.03882778505794704
cec2017,12,1,F12: Hybrid Function 3,de,20265003,216101171.5094551,1200.0,216099971.5094551,300,0.01985686714760959
cec2017,12,1,F12: Hybrid Function 3,random,20265003,710227981.8044093,1200.0,710226781.8044093,300,0.012538879178464413
cec2017,12,1,F12: Hybrid Function 3,full,20265006,96256905.25507727,1200.0,96255705.25507727,300,0.8323123210575432
cec2017,12,1,F12: Hybrid Function 3,anchor_only,20265006,990753011.580417,1200.0,990751811.580417,300,0.12299343198537827
cec2017,12,1,F12: Hybrid Function 3,cma_es,20265006,28319390.255622517,1200.0,28318190.255622517,300,0.0638210370671004
cec2017,12,1,F12: Hybrid Function 3,de,20265006,78376174.55781947,1200.0,78374974.55781947,300,0.025939090875908732
cec2017,12,1,F12: Hybrid Function 3,random,20265006,118503896.54500394,1200.0,118502696.54500394,300,0.006851366953924298
cec2017,12,1,F12: Hybrid Function 3,full,20265007,9872964.324608551,1200.0,9871764.324608551,300,0.9034359010402113
cec2017,12,1,F12: Hybrid Function 3,anchor_only,20265007,2263285508.121005,1200.0,2263284308.121005,300,0.14193360903300345
cec2017,12,1,F12: Hybrid Function 3,cma_es,20265007,3319696.637229359,1200.0,3318496.637229359,300,0.050551709020510316
cec2017,12,1,F12: Hybrid Function 3,de,20265007,617181366.88126,1200.0,617180166.88126,300,0.017599178943783045
cec2017,12,1,F12: Hybrid Function 3,random,20265007,969078576.1489315,1200.0,969077376.1489315,300,0.009715141030028462
cec2017,12,1,F12: Hybrid Function 3,full,20265008,6178918.059814815,1200.0,6177718.059814815,300,0.8271631700918078
cec2017,12,1,F12: Hybrid Function 3,anchor_only,20265008,240228752.27571237,1200.0,240227552.27571237,300,0.14346627611666918
cec2017,12,1,F12: Hybrid Function 3,cma_es,20265008,1428827.868643102,1200.0,1427627.868643102,300,0.04489135695621371
cec2017,12,1,F12: Hybrid Function 3,de,20265008,240228752.27571237,1200.0,240227552.27571237,300,0.029013399966061115
cec2017,12,1,F12: Hybrid Function 3,random,20265008,310720772.56739926,1200.0,310719572.56739926,300,0.006747304927557707
cec2017,12,1,F12: Hybrid Function 3,full,20265009,86363807.43181847,1200.0,86362607.43181847,300,0.8476487770676613
cec2017,12,1,F12: Hybrid Function 3,anchor_only,20265009,1441589301.5712795,1200.0,1441588101.5712795,300,0.160245297010988
cec2017,12,1,F12: Hybrid Function 3,cma_es,20265009,1085540.892091477,1200.0,1084340.892091477,300,0.03266146988607943
cec2017,12,1,F12: Hybrid Function 3,de,20265009,251783021.2282714,1200.0,251781821.2282714,300,0.017460559029132128
cec2017,12,1,F12: Hybrid Function 3,random,20265009,106798105.25090416,1200.0,106796905.25090416,300,0.012077844003215432
cec2017,13,1,F13: Hybrid Function 4,full,20265000,31710.42170343904,1300.0,30410.42170343904,300,0.913174576824531
cec2017,13,1,F13: Hybrid Function 4,anchor_only,20265000,53846.51887773341,1300.0,52546.51887773341,300,0.12034523603506386
cec2017,13,1,F13: Hybrid Function 4,cma_es,20265000,29900.902891454247,1300.0,28600.902891454247,300,0.04093759600073099
cec2017,13,1,F13: Hybrid Function 4,de,20265000,53846.51887773113,1300.0,52546.51887773113,300,0.015462540788576007
cec2017,13,1,F13: Hybrid Function 4,random,20265000,316703.47780601005,1300.0,315403.47780601005,300,0.007779772859066725
cec2017,13,1,F13: Hybrid Function 4,full,20265001,22418.67315989988,1300.0,21118.67315989988,300,0.9082937978673726
cec2017,13,1,F13: Hybrid Function 4,anchor_only,20265001,2331233.7955303076,1300.0,2329933.7955303076,300,0.11235191999003291
cec2017,13,1,F13: Hybrid Function 4,cma_es,20265001,50788.527700996274,1300.0,49488.527700996274,300,0.05320595297962427
cec2017,13,1,F13: Hybrid Function 4,de,20265001,98017.2574722309,1300.0,96717.2574722309,300,0.01976065314374864
cec2017,13,1,F13: Hybrid Function 4,random,20265001,374873.9512361575,1300.0,373573.9512361575,300,0.011688574217259884
cec2017,13,1,F13: Hybrid Function 4,full,20265003,22780.118916195337,1300.0,21480.118916195337,300,0.865323289996013
cec2017,13,1,F13: Hybrid Function 4,anchor_only,20265003,57318.79673738759,1300.0,56018.79673738759,300,0.13688071607612073
cec2017,13,1,F13: Hybrid Function 4,cma_es,20265003,50097.04051827034,1300.0,48797.04051827034,300,0.046162629034370184
cec2017,13,1,F13: Hybrid Function 4,de,20265003,57318.79673738766,1300.0,56018.79673738766,300,0.019377203192561865
cec2017,13,1,F13: Hybrid Function 4,random,20265003,793559.1086471457,1300.0,792259.1086471457,300,0.01640682900324464
cec2017,13,1,F13: Hybrid Function 4,full,20265004,35061.353370537254,1300.0,33761.353370537254,300,0.8677868670783937
cec2017,13,1,F13: Hybrid Function 4,anchor_only,20265004,47120.54181330793,1300.0,45820.54181330793,300,0.13356469618156552
cec2017,13,1,F13: Hybrid Function 4,cma_es,20265004,46157.86363918106,1300.0,44857.86363918106,300,0.036117348121479154
cec2017,13,1,F13: Hybrid Function 4,de,20265004,47120.54181330833,1300.0,45820.54181330833,300,0.03128099092282355
cec2017,13,1,F13: Hybrid Function 4,random,20265004,126549.5449184768,1300.0,125249.5449184768,300,0.0076626939699053764
cec2017,13,1,F13: Hybrid Function 4,full,20265006,76233.73815250433,1300.0,74933.73815250433,300,0.7981494381092489
cec2017,13,1,F13: Hybrid Function 4,anchor_only,20265006,76233.73815250433,1300.0,74933.73815250433,300,0.14207941899076104
cec2017,13,1,F13: Hybrid Function 4,cma_es,20265006,61508.272411468985,1300.0,60208.272411468985,300,0.04086693096905947
cec2017,13,1,F13: Hybrid Function 4,de,20265006,76233.7381525029,1300.0,74933.7381525029,300,0.017717524897307158
cec2017,13,1,F13: Hybrid Function 4,random,20265006,418646.76346470247,1300.0,417346.76346470247,300,0.00906778103671968
cec2017,13,1,F13: Hybrid Function 4,full,20265005,68514.89784565705,1300.0,67214.89784565705,300,0.8627924791071564
cec2017,13,1,F13: Hybrid Function 4,anchor_only,20265005,578995.0388207609,1300.0,577695.0388207609,300,0.14495622087270021
cec2017,13,1,F13: Hybrid Function 4,cma_es,20265005,157136.20095897882,1300.0,155836.20095897882,300,0.02898257807828486
cec2017,13,1,F13: Hybrid Function 4,de,20265005,91689.17352467804,1300.0,90389.17352467804,300,0.02893763897009194
cec2017,13,1,F13: Hybrid Function 4,random,20265005,28671.890702520188,1300.0,27371.890702520188,300,0.010389047907665372
cec2017,13,1,F13: Hybrid Function 4,full,20265002,43995.98485325221,1300.0,42695.98485325221,300,0.9623270651791245
cec2017,13,1,F13: Hybrid Function 4,anchor_only,20265002,438479.890641081,1300.0,437179.890641081,300,0.13860021415166557
cec2017,13,1,F13: Hybrid Function 4,cma_es,20265002,41922.40914704679,1300.0,40622.40914704679,300,0.042755240108817816
cec2017,13,1,F13: Hybrid Function 4,de,20265002,78772.48524153545,1300.0,77472.48524153545,300,0.01569635304622352
cec2017,13,1,F13: Hybrid Function 4,random,20265002,65071.92259608994,1300.0,63771.92259608994,300,0.006331105018034577
cec2017,13,1,F13: Hybrid Function 4,full,20265007,26673.1949860124,1300.0,25373.1949860124,300,0.9294912840705365
cec2017,13,1,F13: Hybrid Function 4,anchor_only,20265007,426940.65397354536,1300.0,425640.65397354536,300,0.17201274097897112
cec2017,13,1,F13: Hybrid Function 4,cma_es,20265007,26984.788275121336,1300.0,25684.788275121336,300,0.05911211599595845
cec2017,13,1,F13: Hybrid Function 4,de,20265007,114462.82079167357,1300.0,113162.82079167357,300,0.016975438920781016
cec2017,13,1,F13: Hybrid Function 4,random,20265007,57864.672257988284,1300.0,56564.672257988284,300,0.009549810085445642
cec2017,13,1,F13: Hybrid Function 4,full,20265008,14325.274824714945,1300.0,13025.274824714945,300,0.8425556409638375
cec2017,13,1,F13: Hybrid Function 4,anchor_only,20265008,147715.53904107324,1300.0,146415.53904107324,300,0.13379083294421434
cec2017,13,1,F13: Hybrid Function 4,cma_es,20265008,65473.60606197872,1300.0,64173.60606197872,300,0.04296919307671487
cec2017,13,1,F13: Hybrid Function 4,de,20265008,65907.55704737446,1300.0,64607.55704737446,300,0.020444758934900165
cec2017,13,1,F13: Hybrid Function 4,random,20265008,274819.6705016911,1300.0,273519.6705016911,300,0.01719015184789896
cec2017,14,1,F14: Hybrid Function 5,full,20265000,777465.8161810592,1400.0,776065.8161810592,300,0.8100805159192532
cec2017,14,1,F14: Hybrid Function 5,anchor_only,20265000,42205273.880489275,1400.0,42203873.880489275,300,0.13415858591906726
cec2017,14,1,F14: Hybrid Function 5,cma_es,20265000,3594371.4774198774,1400.0,3592971.4774198774,300,0.03574977698735893
cec2017,14,1,F14: Hybrid Function 5,de,20265000,9453618.762514118,1400.0,9452218.762514118,300,0.02353530190885067
cec2017,14,1,F14: Hybrid Function 5,random,20265000,9869895.540337468,1400.0,9868495.540337468,300,0.0062454030849039555
cec2017,13,1,F13: Hybrid Function 4,full,20265009,48571.67309534424,1300.0,47271.67309534424,300,0.9351519960910082
cec2017,13,1,F13: Hybrid Function 4,anchor_only,20265009,617413.8041892934,1300.0,616113.8041892934,300,0.15835777786560357
cec2017,13,1,F13: Hybrid Function 4,cma_es,20265009,38519.53650761278,1300.0,37219.53650761278,300,0.04251332185231149
cec2017,13,1,F13: Hybrid Function 4,de,20265009,26022.208582139712,1300.0,24722.208582139712,300,0.018699255073443055
cec2017,13,1,F13: Hybrid Function 4,random,20265009,35163.872401342305,1300.0,33863.872401342305,300,0.0161445289850235
cec2017,14,1,F14: Hybrid Function 5,full,20265001,9842580.921430338,1400.0,9841180.921430338,300,0.8943043630570173
cec2017,14,1,F14: Hybrid Function 5,anchor_only,20265001,41895585.545706704,1400.0,41894185.545706704,300,0.182829346973449
cec2017,14,1,F14: Hybrid Function 5,cma_es,20265001,34228.62967155721,1400.0,32828.62967155721,300,0.053924557054415345
cec2017,14,1,F14: Hybrid Function 5,de,20265001,41895585.54570666,1400.0,41894185.54570666,300,0.019791807048022747
cec2017,14,1,F14: Hybrid Function 5,random,20265001,20563492.113188203,1400.0,20562092.113188203,300,0.019383186008781195
cec2017,14,1,F14: Hybrid Function 5,full,20265003,6683550.777285639,1400.0,6682150.777285639,300,0.7782710050232708
cec2017,14,1,F14: Hybrid Function 5,anchor_only,20265003,27410183.403731983,1400.0,27408783.403731983,300,0.1934292030055076
cec2017,14,1,F14: Hybrid Function 5,cma_es,20265003,1088380.8055827364,1400.0,1086980.8055827364,300,0.04423222388140857
cec2017,14,1,F14: Hybrid Function 5,de,20265003,77796634.80230507,1400.0,77795234.80230507,300,0.02306264778599143
cec2017,14,1,F14: Hybrid Function 5,random,20265003,49321980.05964651,1400.0,49320580.05964651,300,0.015994048910215497
cec2017,14,1,F14: Hybrid Function 5,full,20265002,14711571.748226268,1400.0,14710171.748226268,300,0.8621109030209482
cec2017,14,1,F14: Hybrid Function 5,anchor_only,20265002,64116264.02847943,1400.0,64114864.02847943,300,0.1673144120723009
cec2017,14,1,F14: Hybrid Function 5,cma_es,20265002,2990242.842615869,1400.0,2988842.842615869,300,0.046407880960032344
cec2017,14,1,F14: Hybrid Function 5,de,20265002,240912.70021999258,1400.0,239512.70021999258,300,0.024730361066758633
cec2017,14,1,F14: Hybrid Function 5,random,20265002,26302606.969128612,1400.0,26301206.969128612,300,0.01706628198735416
cec2017,14,1,F14: Hybrid Function 5,full,20265004,1334986.7931604795,1400.0,1333586.7931604795,300,0.889968846226111
cec2017,14,1,F14: Hybrid Function 5,anchor_only,20265004,93060715.4635513,1400.0,93059315.4635513,300,0.16841555014252663
cec2017,14,1,F14: Hybrid Function 5,cma_es,20265004,2798616.6582689956,1400.0,2797216.6582689956,300,0.05043071415275335
cec2017,14,1,F14: Hybrid Function 5,de,20265004,24607748.9993813,1400.0,24606348.9993813,300,0.023251777980476618
cec2017,14,1,F14: Hybrid Function 5,random,20265004,37364421.29626491,1400.0,37363021.29626491,300,0.010939618106931448
cec2017,14,1,F14: Hybrid Function 5,full,20265006,6743767.707142282,1400.0,6742367.707142282,300,0.8413851140066981
cec2017,14,1,F14: Hybrid Function 5,anchor_only,20265006,207003831.47591236,1400.0,207002431.47591236,300,0.1840106549207121
cec2017,14,1,F14: Hybrid Function 5,cma_es,20265006,887524.3289904944,1400.0,886124.3289904944,300,0.04855791409499943
cec2017,14,1,F14: Hybrid Function 5,de,20265006,48823824.77064653,1400.0,48822424.77064653,300,0.021416785893961787
cec2017,14,1,F14: Hybrid Function 5,random,20265006,62661665.24822233,1400.0,62660265.24822233,300,0.00834099785424769
cec2017,14,1,F14: Hybrid Function 5,full,20265005,1393060.3035088272,1400.0,1391660.3035088272,300,0.9311406519263983
cec2017,14,1,F14: Hybrid Function 5,anchor_only,20265005,10321116.839563336,1400.0,10319716.839563336,300,0.16986623802222311
cec2017,14,1,F14: Hybrid Function 5,cma_es,20265005,2963665.944346687,1400.0,2962265.944346687,300,0.045365817844867706
cec2017,14,1,F14: Hybrid Function 5,de,20265005,12453173.599729924,1400.0,12451773.599729924,300,0.019065564032644033
cec2017,14,1,F14: Hybrid Function 5,random,20265005,102408382.20883225,1400.0,102406982.20883225,300,0.007547810906544328
cec2017,14,1,F14: Hybrid Function 5,full,20265008,2059740.0020063247,1400.0,2058340.0020063247,300,0.9327721861191094
cec2017,14,1,F14: Hybrid Function 5,anchor_only,20265008,7060054.167120727,1400.0,7058654.167120727,300,0.15958930202759802
cec2017,14,1,F14: Hybrid Function 5,cma_es,20265008,254983.74355244602,1400.0,253583.74355244602,300,0.05155661702156067
cec2017,14,1,F14: Hybrid Function 5,de,20265008,41003224.053980455,1400.0,41001824.053980455,300,0.012478281045332551
cec2017,14,1,F14: Hybrid Function 5,random,20265008,11750223.945608247,1400.0,11748823.945608247,300,0.011076463153585792
cec2017,14,1,F14: Hybrid Function 5,full,20265007,5489877.053436002,1400.0,5488477.053436002,300,0.9670205458533019
cec2017,14,1,F14: Hybrid Function 5,anchor_only,20265007,12341869.30791733,1400.0,12340469.30791733,300,0.17013459582813084
cec2017,14,1,F14: Hybrid Function 5,cma_es,20265007,906700.4987543907,1400.0,905300.4987543907,300,0.03334908885881305
cec2017,14,1,F14: Hybrid Function 5,de,20265007,12036363.493584786,1400.0,12034963.493584786,300,0.01811193604953587
cec2017,14,1,F14: Hybrid Function 5,random,20265007,117606578.3179453,1400.0,117605178.3179453,300,0.006058037979528308
cec2017,15,1,F15: Hybrid Function 6,full,20265000,3135770.3435638226,1500.0,3134270.3435638226,300,0.9332383901346475
cec2017,15,1,F15: Hybrid Function 6,anchor_only,20265000,38818751.84581722,1500.0,38817251.84581722,300,0.15219782711938024
cec2017,15,1,F15: Hybrid Function 6,cma_es,20265000,12658.604173116822,1500.0,11158.604173116822,300,0.041609611827880144
cec2017,15,1,F15: Hybrid Function 6,de,20265000,171652.5231654746,1500.0,170152.5231654746,300,0.03679292509332299
cec2017,15,1,F15: Hybrid Function 6,random,20265000,1603297.4591004332,1500.0,1601797.4591004332,300,0.02463921788148582
cec2017,14,1,F14: Hybrid Function 5,full,20265009,2508534.6230276525,1400.0,2507134.6230276525,300,1.0287404910195619
cec2017,14,1,F14: Hybrid Function 5,anchor_only,20265009,175470888.73042753,1400.0,175469488.73042753,300,0.1496070958673954
cec2017,14,1,F14: Hybrid Function 5,cma_es,20265009,1305142.1249403579,1400.0,1303742.1249403579,300,0.0510337941814214
cec2017,14,1,F14: Hybrid Function 5,de,20265009,1053807.268349869,1400.0,1052407.268349869,300,0.021258960012346506
cec2017,14,1,F14: Hybrid Function 5,random,20265009,6998944.520351927,1400.0,6997544.520351927,300,0.01673434698022902
cec2017,15,1,F15: Hybrid Function 6,full,20265001,41483.891982493435,1500.0,39983.891982493435,300,0.9831875348463655
cec2017,15,1,F15: Hybrid Function 6,anchor_only,20265001,495600.11297139997,1500.0,494100.11297139997,300,0.16991192591376603
cec2017,15,1,F15: Hybrid Function 6,cma_es,20265001,134209.423988149,1500.0,132709.423988149,300,0.050763719948008657
cec2017,15,1,F15: Hybrid Function 6,de,20265001,65577.78358141784,1500.0,64077.78358141784,300,0.03365114703774452
cec2017,15,1,F15: Hybrid Function 6,random,20265001,1074426.4720171606,1500.0,1072926.4720171606,300,0.02739131497219205
cec2017,15,1,F15: Hybrid Function 6,full,20265002,268750.41573959566,1500.0,267250.41573959566,300,1.012515545124188
cec2017,15,1,F15: Hybrid Function 6,anchor_only,20265002,470857.3476887871,1500.0,469357.3476887871,300,0.18034432991407812
cec2017,15,1,F15: Hybrid Function 6,cma_es,20265002,13804.415699690528,1500.0,12304.415699690528,300,0.054249833105131984
cec2017,15,1,F15: Hybrid Function 6,de,20265002,834019.6184613849,1500.0,832519.6184613849,300,0.04206307209096849
cec2017,15,1,F15: Hybrid Function 6,random,20265002,726238.727003863,1500.0,724738.727003863,300,0.02571730292402208
cec2017,15,1,F15: Hybrid Function 6,full,20265003,659353.966534481,1500.0,657853.966534481,300,0.9134924090467393
cec2017,15,1,F15: Hybrid Function 6,anchor_only,20265003,8707256.194821954,1500.0,8705756.194821954,300,0.1866305039729923
cec2017,15,1,F15: Hybrid Function 6,cma_es,20265003,9505.459461898568,1500.0,8005.459461898568,300,0.055780189111828804
cec2017,15,1,F15: Hybrid Function 6,de,20265003,30362.00091901245,1500.0,28862.00091901245,300,0.031769853085279465
cec2017,15,1,F15: Hybrid Function 6,random,20265003,302828.84511817235,1500.0,301328.84511817235,300,0.021823242073878646
cec2017,15,1,F15: Hybrid Function 6,full,20265005,69324.83480779172,1500.0,67824.83480779172,300,0.879953573923558
cec2017,15,1,F15: Hybrid Function 6,anchor_only,20265005,162719.00356093454,1500.0,161219.00356093454,300,0.16918834601528943
cec2017,15,1,F15: Hybrid Function 6,cma_es,20265005,65820.66704291376,1500.0,64320.66704291376,300,0.056915235007181764
cec2017,15,1,F15: Hybrid Function 6,de,20265005,1568904.7723120486,1500.0,1567404.7723120486,300,0.0378548379521817
cec2017,15,1,F15: Hybrid Function 6,random,20265005,341023.3634730654,1500.0,339523.3634730654,300,0.025678426027297974
cec2017,15,1,F15: Hybrid Function 6,full,20265004,661453.042684457,1500.0,659953.042684457,300,0.8868076889775693
cec2017,15,1,F15: Hybrid Function 6,anchor_only,20265004,3851104.578815774,1500.0,3849604.578815774,300,0.17943283915519714
cec2017,15,1,F15: Hybrid Function 6,cma_es,20265004,24804.539484040746,1500.0,23304.539484040746,300,0.050838235998526216
cec2017,15,1,F15: Hybrid Function 6,de,20265004,585626.7503054655,1500.0,584126.7503054655,300,0.0441511448007077
cec2017,15,1,F15: Hybrid Function 6,random,20265004,345904.5512982833,1500.0,344404.5512982833,300,0.031830979976803064
cec2017,15,1,F15: Hybrid Function 6,full,20265006,36152.76085841512,1500.0,34652.76085841512,300,0.8397035598754883
cec2017,15,1,F15: Hybrid Function 6,anchor_only,20265006,367831.00860640965,1500.0,366331.00860640965,300,0.1680448530241847
cec2017,15,1,F15: Hybrid Function 6,cma_es,20265006,88178.42992558375,1500.0,86678.42992558375,300,0.044153109192848206
cec2017,15,1,F15: Hybrid Function 6,de,20265006,241572.85189341474,1500.0,240072.85189341474,300,0.03403055598028004
cec2017,15,1,F15: Hybrid Function 6,random,20265006,27075702.397779487,1500.0,27074202.397779487,300,0.024359011789783835
cec2017,15,1,F15: Hybrid Function 6,full,20265007,105957.28119161648,1500.0,104457.28119161648,300,0.8906773240305483
cec2017,15,1,F15: Hybrid Function 6,anchor_only,20265007,830808.7326000666,1500.0,829308.7326000666,300,0.1661092301364988
cec2017,15,1,F15: Hybrid Function 6,cma_es,20265007,28981.356389879275,1500.0,27481.356389879275,300,0.05140809598378837
cec2017,15,1,F15: Hybrid Function 6,de,20265007,52740.26997031441,1500.0,51240.26997031441,300,0.03581012808717787
cec2017,15,1,F15: Hybrid Function 6,random,20265007,88871.7406753935,1500.0,87371.7406753935,300,0.02383545902557671
cec2017,15,1,F15: Hybrid Function 6,full,20265009,335879.3330112764,1500.0,334379.3330112764,300,0.8692426478955895
cec2017,15,1,F15: Hybrid Function 6,anchor_only,20265009,675381.0905636962,1500.0,673881.0905636962,300,0.1354107349179685
cec2017,15,1,F15: Hybrid Function 6,cma_es,20265009,36230.947405726074,1500.0,34730.947405726074,300,0.0671687291469425
cec2017,15,1,F15: Hybrid Function 6,de,20265009,675381.090563696,1500.0,673881.090563696,300,0.031357923056930304
cec2017,15,1,F15: Hybrid Function 6,random,20265009,872521.8395843387,1500.0,871021.8395843387,300,0.02170402300544083
cec2017,15,1,F15: Hybrid Function 6,full,20265008,420967.30666839035,1500.0,419467.30666839035,300,0.9483997288625687
cec2017,15,1,F15: Hybrid Function 6,anchor_only,20265008,888945.9194517036,1500.0,887445.9194517036,300,0.14394332584924996
cec2017,15,1,F15: Hybrid Function 6,cma_es,20265008,42507.925354495026,1500.0,41007.925354495026,300,0.06241256603971124
cec2017,15,1,F15: Hybrid Function 6,de,20265008,414035.45945701195,1500.0,412535.45945701195,300,0.039546770974993706
cec2017,15,1,F15: Hybrid Function 6,random,20265008,5052128.584194424,1500.0,5050628.584194424,300,0.028919866075739264
cec2017,16,1,F16: Hybrid Function 7,full,20265000,3569086.2940022247,1600.0,3567486.2940022247,300,0.9443708409089595
cec2017,16,1,F16: Hybrid Function 7,anchor_only,20265000,3569086.2940022247,1600.0,3567486.2940022247,300,0.20676580909639597
cec2017,16,1,F16: Hybrid Function 7,cma_es,20265000,16680.155745652497,1600.0,15080.155745652497,300,0.09535533003509045
cec2017,16,1,F16: Hybrid Function 7,de,20265000,1093812.6323832367,1600.0,1092212.6323832367,300,0.07492096582427621
cec2017,16,1,F16: Hybrid Function 7,random,20265000,127968.21236198397,1600.0,126368.21236198397,300,0.06694157980382442
cec2017,16,1,F16: Hybrid Function 7,full,20265001,41579.005715363906,1600.0,39979.005715363906,300,0.8636780939996243
cec2017,16,1,F16: Hybrid Function 7,anchor_only,20265001,8138731383.482768,1600.0,8138729783.482768,300,0.197568021947518
cec2017,16,1,F16: Hybrid Function 7,cma_es,20265001,125948.70665372333,1600.0,124348.70665372333,300,0.1070019279140979
cec2017,16,1,F16: Hybrid Function 7,de,20265001,14552504.478337178,1600.0,14550904.478337178,300,0.06802946794778109
cec2017,16,1,F16: Hybrid Function 7,random,20265001,449965473.5041395,1600.0,449963873.5041395,300,0.06433134595863521
cec2017,16,1,F16: Hybrid Function 7,full,20265002,108064.68371985649,1600.0,106464.68371985649,300,0.9155762728769332
cec2017,16,1,F16: Hybrid Function 7,anchor_only,20265002,17265615.77128189,1600.0,17264015.77128189,300,0.21652324707247317
cec2017,16,1,F16: Hybrid Function 7,cma_es,20265002,86737.64468916801,1600.0,85137.64468916801,300,0.1023915009573102
cec2017,16,1,F16: Hybrid Function 7,de,20265002,184684.13548351944,1600.0,183084.13548351944,300,0.07905272208154202
cec2017,16,1,F16: Hybrid Function 7,random,20265002,301152.47659521986,1600.0,299552.47659521986,300,0.06442975299432874
cec2017,16,1,F16: Hybrid Function 7,full,20265003,34248251.00648171,1600.0,34246651.00648171,300,0.9863468511030078
cec2017,16,1,F16: Hybrid Function 7,anchor_only,20265003,436568001.28184,1600.0,436566401.28184,300,0.22409411799162626
cec2017,16,1,F16: Hybrid Function 7,cma_es,20265003,67345.09690436756,1600.0,65745.09690436756,300,0.10999334300868213
cec2017,16,1,F16: Hybrid Function 7,de,20265003,13373.909352960098,1600.0,11773.909352960098,300,0.07973218010738492
cec2017,16,1,F16: Hybrid Function 7,random,20265003,150157440.96750692,1600.0,150155840.96750692,300,0.06794705404900014
cec2017,16,1,F16: Hybrid Function 7,full,20265004,38176.730688250886,1600.0,36576.730688250886,300,1.0022971201688051
cec2017,16,1,F16: Hybrid Function 7,anchor_only,20265004,19843976701.236042,1600.0,19843975101.236042,300,0.20654233382083476
cec2017,16,1,F16: Hybrid Function 7,cma_es,20265004,24891.619718582177,1600.0,23291.619718582177,300,0.0933730008546263
cec2017,16,1,F16: Hybrid Function 7,de,20265004,152779.6191540705,1600.0,151179.6191540705,300,0.07505529001355171
cec2017,16,1,F16: Hybrid Function 7,random,20265004,98029.27845345633,1600.0,96429.27845345633,300,0.053795722080394626
cec2017,17,1,F17: Hybrid Function 8,full,20265000,466267.1324762034,1700.0,464567.1324762034,300,0.9367051760200411
cec2017,17,1,F17: Hybrid Function 8,anchor_only,20265000,74222230.54010497,1700.0,74220530.54010497,300,0.14800185593776405
cec2017,17,1,F17: Hybrid Function 8,cma_es,20265000,2170835.25650589,1700.0,2169135.25650589,300,0.04073802288621664
cec2017,17,1,F17: Hybrid Function 8,de,20265000,647525.61089601,1700.0,645825.61089601,300,0.020103017101064324
cec2017,17,1,F17: Hybrid Function 8,random,20265000,69340001.88573349,1700.0,69338301.88573349,300,0.01820661500096321
cec2017,17,1,F17: Hybrid Function 8,full,20265001,5438971.842264149,1700.0,5437271.842264149,300,0.9450901339296252
cec2017,17,1,F17: Hybrid Function 8,anchor_only,20265001,309373659.01263934,1700.0,309371959.01263934,300,0.13954060594551265
cec2017,17,1,F17: Hybrid Function 8,cma_es,20265001,7925773.274364376,1700.0,7924073.274364376,300,0.04078349401243031
cec2017,17,1,F17: Hybrid Function 8,de,20265001,7888012.953524845,1700.0,7886312.953524845,300,0.016179105965420604
cec2017,17,1,F17: Hybrid Function 8,random,20265001,4881653.463929941,1700.0,4879953.463929941,300,0.007610609056428075
cec2017,16,1,F16: Hybrid Function 7,full,20265005,104846.44225661733,1600.0,103246.44225661733,300,0.9857566088903695
cec2017,16,1,F16: Hybrid Function 7,anchor_only,20265005,106366531.9995725,1600.0,106364931.9995725,300,0.2133748410269618
cec2017,16,1,F16: Hybrid Function 7,cma_es,20265005,136959.8459912242,1600.0,135359.8459912242,300,0.09615740505978465
cec2017,16,1,F16: Hybrid Function 7,de,20265005,55395.954897086245,1600.0,53795.954897086245,300,0.06344791688024998
cec2017,16,1,F16: Hybrid Function 7,random,20265005,673254498.3400593,1600.0,673252898.3400593,300,0.061800168827176094
cec2017,16,1,F16: Hybrid Function 7,full,20265007,9853733.589687895,1600.0,9852133.589687895,300,0.9487707160878927
cec2017,16,1,F16: Hybrid Function 7,anchor_only,20265007,205559402.1575079,1600.0,205557802.1575079,300,0.1873598899692297
cec2017,16,1,F16: Hybrid Function 7,cma_es,20265007,5226.733161250338,1600.0,3626.7331612503376,300,0.09457539394497871
cec2017,16,1,F16: Hybrid Function 7,de,20265007,20168283.965220444,1600.0,20166683.965220444,300,0.06313241017051041
cec2017,16,1,F16: Hybrid Function 7,random,20265007,1883659.1301104731,1600.0,1882059.1301104731,300,0.05285504390485585
cec2017,16,1,F16: Hybrid Function 7,full,20265008,1777279.073977784,1600.0,1775679.073977784,300,0.9771026049274951
cec2017,16,1,F16: Hybrid Function 7,anchor_only,20265008,1777279.073977784,1600.0,1775679.073977784,300,0.2010105538647622
cec2017,16,1,F16: Hybrid Function 7,cma_es,20265008,54600.45730616925,1600.0,53000.45730616925,300,0.08040932007133961
cec2017,16,1,F16: Hybrid Function 7,de,20265008,60593.789153188205,1600.0,58993.789153188205,300,0.04890976706519723
cec2017,16,1,F16: Hybrid Function 7,random,20265008,249035715.31538644,1600.0,249034115.31538644,300,0.06194866495206952
cec2017,16,1,F16: Hybrid Function 7,full,20265009,399925.80589122395,1600.0,398325.80589122395,300,0.9405275278259069
cec2017,16,1,F16: Hybrid Function 7,anchor_only,20265009,19506492074.293495,1600.0,19506490474.293495,300,0.19088298198767006
cec2017,16,1,F16: Hybrid Function 7,cma_es,20265009,72627.7422497597,1600.0,71027.7422497597,300,0.09306378616020083
cec2017,16,1,F16: Hybrid Function 7,de,20265009,89481133.85696638,1600.0,89479533.85696638,300,0.06870006606914103
cec2017,16,1,F16: Hybrid Function 7,random,20265009,938486.2812571973,1600.0,936886.2812571973,300,0.04781766002997756
cec2017,16,1,F16: Hybrid Function 7,full,20265006,6493158.269326082,1600.0,6491558.269326082,300,1.0418064401019365
cec2017,16,1,F16: Hybrid Function 7,anchor_only,20265006,80815739.86554979,1600.0,80814139.86554979,300,0.23655513813719153
cec2017,16,1,F16: Hybrid Function 7,cma_es,20265006,84176.88009509006,1600.0,82576.88009509006,300,0.09534636395983398
cec2017,16,1,F16: Hybrid Function 7,de,20265006,2292078.80850965,1600.0,2290478.80850965,300,0.08167312992736697
cec2017,16,1,F16: Hybrid Function 7,random,20265006,43304.17207205744,1600.0,41704.17207205744,300,0.059190850937739015
cec2017,17,1,F17: Hybrid Function 8,full,20265002,1491725.7153220691,1700.0,1490025.7153220691,300,0.9160500029101968
cec2017,17,1,F17: Hybrid Function 8,anchor_only,20265002,79376751.23373644,1700.0,79375051.23373644,300,0.15936942910775542
cec2017,17,1,F17: Hybrid Function 8,cma_es,20265002,4281982.943506224,1700.0,4280282.943506224,300,0.03954460099339485
cec2017,17,1,F17: Hybrid Function 8,de,20265002,79376751.23373647,1700.0,79375051.23373647,300,0.02056284388527274
cec2017,17,1,F17: Hybrid Function 8,random,20265002,2226534.5390715543,1700.0,2224834.5390715543,300,0.007959641981869936
cec2017,17,1,F17: Hybrid Function 8,full,20265003,8529431.116508823,1700.0,8527731.116508823,300,0.8479932579211891
cec2017,17,1,F17: Hybrid Function 8,anchor_only,20265003,8529431.116508823,1700.0,8527731.116508823,300,0.11962427385151386
cec2017,17,1,F17: Hybrid Function 8,cma_es,20265003,1335190.120774596,1700.0,1333490.120774596,300,0.039856659015640616
cec2017,17,1,F17: Hybrid Function 8,de,20265003,8529431.116508842,1700.0,8527731.116508842,300,0.03264078008942306
cec2017,17,1,F17: Hybrid Function 8,random,20265003,134206486.45680864,1700.0,134204786.45680864,300,0.011715783970430493
cec2017,17,1,F17: Hybrid Function 8,full,20265004,1871251.3853103304,1700.0,1869551.3853103304,300,0.9418599139899015
cec2017,17,1,F17: Hybrid Function 8,anchor_only,20265004,85622200.99783131,1700.0,85620500.99783131,300,0.15730999293737113
cec2017,17,1,F17: Hybrid Function 8,cma_es,20265004,660351.0729597487,1700.0,658651.0729597487,300,0.05511356797069311
cec2017,17,1,F17: Hybrid Function 8,de,20265004,12579777.109703865,1700.0,12578077.109703865,300,0.017552347853779793
cec2017,17,1,F17: Hybrid Function 8,random,20265004,48965268.04725597,1700.0,48963568.04725597,300,0.011411625891923904
cec2017,17,1,F17: Hybrid Function 8,full,20265005,3642924.795651232,1700.0,3641224.795651232,300,0.8981511320453137
cec2017,17,1,F17: Hybrid Function 8,anchor_only,20265005,8306309.678539781,1700.0,8304609.678539781,300,0.1448195541743189
cec2017,17,1,F17: Hybrid Function 8,cma_es,20265005,683906.3790293642,1700.0,682206.3790293642,300,0.03134661912918091
cec2017,17,1,F17: Hybrid Function 8,de,20265005,8306309.678539774,1700.0,8304609.678539774,300,0.02045813389122486
cec2017,17,1,F17: Hybrid Function 8,random,20265005,149544193.59504783,1700.0,149542493.59504783,300,0.018052108120173216
cec2017,17,1,F17: Hybrid Function 8,full,20265007,26842552.610781237,1700.0,26840852.610781237,300,0.8029354850295931
cec2017,17,1,F17: Hybrid Function 8,anchor_only,20265007,95180770.03290862,1700.0,95179070.03290862,300,0.1320072130765766
cec2017,17,1,F17: Hybrid Function 8,cma_es,20265007,462098.94547062606,1700.0,460398.94547062606,300,0.041975608095526695
cec2017,17,1,F17: Hybrid Function 8,de,20265007,57734646.629357114,1700.0,57732946.629357114,300,0.02330299001187086
cec2017,17,1,F17: Hybrid Function 8,random,20265007,161829880.19819388,1700.0,161828180.19819388,300,0.022266707848757505
cec2017,17,1,F17: Hybrid Function 8,full,20265006,4461849.187069618,1700.0,4460149.187069618,300,0.905586333014071
cec2017,17,1,F17: Hybrid Function 8,anchor_only,20265006,56852318.384292305,1700.0,56850618.384292305,300,0.1511698691174388
cec2017,17,1,F17: Hybrid Function 8,cma_es,20265006,3791187.9302392993,1700.0,3789487.9302392993,300,0.04633200401440263
cec2017,17,1,F17: Hybrid Function 8,de,20265006,56781808.93881489,1700.0,56780108.93881489,300,0.02003892813809216
cec2017,17,1,F17: Hybrid Function 8,random,20265006,63439559.28937709,1700.0,63437859.28937709,300,0.015732691157609224
cec2017,17,1,F17: Hybrid Function 8,full,20265009,49733278.24775184,1700.0,49731578.24775184,300,0.876302293036133
cec2017,17,1,F17: Hybrid Function 8,anchor_only,20265009,141342722.30895922,1700.0,141341022.30895922,300,0.12079794495366514
cec2017,17,1,F17: Hybrid Function 8,cma_es,20265009,1773022.123481021,1700.0,1771322.123481021,300,0.030694625107571483
cec2017,17,1,F17: Hybrid Function 8,de,20265009,26557997.15527801,1700.0,26556297.15527801,300,0.020196818048134446
cec2017,17,1,F17: Hybrid Function 8,random,20265009,4607607.667341912,1700.0,4605907.667341912,300,0.01903259614482522
cec2017,17,1,F17: Hybrid Function 8,full,20265008,4468223.859254027,1700.0,4466523.859254027,300,0.8487884569913149
cec2017,17,1,F17: Hybrid Function 8,anchor_only,20265008,6435172.30163887,1700.0,6433472.30163887,300,0.15364204696379602
cec2017,17,1,F17: Hybrid Function 8,cma_es,20265008,1239555.8302861562,1700.0,1237855.8302861562,300,0.04179925890639424
cec2017,17,1,F17: Hybrid Function 8,de,20265008,6435172.301638878,1700.0,6433472.301638878,300,0.026140361092984676
cec2017,17,1,F17: Hybrid Function 8,random,20265008,39279978.62646654,1700.0,39278278.62646654,300,0.01514673582278192
cec2017,18,1,F18: Hybrid Function 9,full,20265001,1821276321.9504867,1800.0,1821274521.9504867,300,0.8033328719902784
cec2017,18,1,F18: Hybrid Function 9,anchor_only,20265001,4784136968.854602,1800.0,4784135168.854602,300,0.15815836493857205
cec2017,18,1,F18: Hybrid Function 9,cma_es,20265001,14156849.834718846,1800.0,14155049.834718846,300,0.056308618979528546
cec2017,18,1,F18: Hybrid Function 9,de,20265001,4122978967.957086,1800.0,4122977167.957086,300,0.04883564310148358
cec2017,18,1,F18: Hybrid Function 9,random,20265001,527290623.57927424,1800.0,527288823.57927424,300,0.032848404021933675
cec2017,18,1,F18: Hybrid Function 9,full,20265000,7516959026.696634,1800.0,7516957226.696634,300,0.8474497529678047
cec2017,18,1,F18: Hybrid Function 9,anchor_only,20265000,11282099300.853449,1800.0,11282097500.853449,300,0.15959630301222205
cec2017,18,1,F18: Hybrid Function 9,cma_es,20265000,586478261.9312308,1800.0,586476461.9312308,300,0.06171196489594877
cec2017,18,1,F18: Hybrid Function 9,de,20265000,658805278.3527298,1800.0,658803478.3527298,300,0.04238162492401898
cec2017,18,1,F18: Hybrid Function 9,random,20265000,833467426.9564956,1800.0,833465626.9564956,300,0.03075554594397545
cec2017,18,1,F18: Hybrid Function 9,full,20265002,298204632.1635455,1800.0,298202832.1635455,300,0.8348509930074215
cec2017,18,1,F18: Hybrid Function 9,anchor_only,20265002,298204632.1635455,1800.0,298202832.1635455,300,0.14766252390109003
cec2017,18,1,F18: Hybrid Function 9,cma_es,20265002,480992279.38485557,1800.0,480990479.38485557,300,0.06933624600060284
cec2017,18,1,F18: Hybrid Function 9,de,20265002,298204632.1635449,1800.0,298202832.1635449,300,0.041533449897542596
cec2017,18,1,F18: Hybrid Function 9,random,20265002,9307906795.498148,1800.0,9307904995.498148,300,0.02982104802504182
cec2017,18,1,F18: Hybrid Function 9,full,20265003,21409590161.21891,1800.0,21409588361.21891,300,0.8352216240018606
cec2017,18,1,F18: Hybrid Function 9,anchor_only,20265003,57198472554.52368,1800.0,57198470754.52368,300,0.15867359400726855
cec2017,18,1,F18: Hybrid Function 9,cma_es,20265003,13821272.686441049,1800.0,13819472.686441049,300,0.07344433199614286
cec2017,18,1,F18: Hybrid Function 9,de,20265003,1647237725.8739269,1800.0,1647235925.8739269,300,0.05669543403200805
cec2017,18,1,F18: Hybrid Function 9,random,20265003,2206735280.4033217,1800.0,2206733480.4033217,300,0.031086473958566785
cec2017,18,1,F18: Hybrid Function 9,full,20265005,368803438.09268695,1800.0,368801638.09268695,300,0.8530216868966818
cec2017,18,1,F18: Hybrid Function 9,anchor_only,20265005,3627290680.007693,1800.0,3627288880.007693,300,0.14794033719226718
cec2017,18,1,F18: Hybrid Function 9,cma_es,20265005,1157427588.9161623,1800.0,1157425788.9161623,300,0.061526413075625896
cec2017,18,1,F18: Hybrid Function 9,de,20265005,395384575.762815,1800.0,395382775.762815,300,0.04538747086189687
cec2017,18,1,F18: Hybrid Function 9,random,20265005,104074264.94852373,1800.0,104072464.94852373,300,0.021209195954725146
cec2017,18,1,F18: Hybrid Function 9,full,20265004,2856975428.446918,1800.0,2856973628.446918,300,0.9418001819867641
cec2017,18,1,F18: Hybrid Function 9,anchor_only,20265004,2856975428.446918,1800.0,2856973628.446918,300,0.1573617421090603
cec2017,18,1,F18: Hybrid Function 9,cma_es,20265004,23906896898.454525,1800.0,23906895098.454525,300,0.06977480999194086
cec2017,18,1,F18: Hybrid Function 9,de,20265004,481648917.9386167,1800.0,481647117.9386167,300,0.03633105894550681
cec2017,18,1,F18: Hybrid Function 9,random,20265004,9719452315.23781,1800.0,9719450515.23781,300,0.022866431158035994
cec2017,18,1,F18: Hybrid Function 9,full,20265006,14717709623.996218,1800.0,14717707823.996218,300,0.9281051449943334
cec2017,18,1,F18: Hybrid Function 9,anchor_only,20265006,14717709623.996218,1800.0,14717707823.996218,300,0.16154818492941558
cec2017,18,1,F18: Hybrid Function 9,cma_es,20265006,2387711564.871512,1800.0,2387709764.871512,300,0.07060797698795795
cec2017,18,1,F18: Hybrid Function 9,de,20265006,18875425983.20217,1800.0,18875424183.20217,300,0.050233613001182675
cec2017,18,1,F18: Hybrid Function 9,random,20265006,64805044.26329057,1800.0,64803244.26329057,300,0.03088485193438828
cec2017,18,1,F18: Hybrid Function 9,full,20265007,1403270530.207495,1800.0,1403268730.207495,300,0.8591576269827783
cec2017,18,1,F18: Hybrid Function 9,anchor_only,20265007,6084467515.948996,1800.0,6084465715.948996,300,0.17746992502361536
cec2017,18,1,F18: Hybrid Function 9,cma_es,20265007,6434443.69843681,1800.0,6432643.69843681,300,0.058068457059562206
cec2017,18,1,F18: Hybrid Function 9,de,20265007,3971891621.0353856,1800.0,3971889821.0353856,300,0.04036983707919717
cec2017,18,1,F18: Hybrid Function 9,random,20265007,3758341383.8262005,1800.0,3758339583.8262005,300,0.035136801889166236
cec2017,18,1,F18: Hybrid Function 9,full,20265008,10632606628.585531,1800.0,10632604828.585531,300,0.8801543640438467
cec2017,18,1,F18: Hybrid Function 9,anchor_only,20265008,10632606628.585531,1800.0,10632604828.585531,300,0.18063782108947635
cec2017,18,1,F18: Hybrid Function 9,cma_es,20265008,1073293.4471828656,1800.0,1071493.4471828656,300,0.05485358205623925
cec2017,18,1,F18: Hybrid Function 9,de,20265008,1879426779.6496952,1800.0,1879424979.6496952,300,0.033910365076735616
cec2017,18,1,F18: Hybrid Function 9,random,20265008,299628796.48885053,1800.0,299626996.48885053,300,0.032334076007828116
cec2017,18,1,F18: Hybrid Function 9,full,20265009,3134629944.293113,1800.0,3134628144.293113,300,0.8842217361088842
cec2017,18,1,F18: Hybrid Function 9,anchor_only,20265009,3362029996.7352033,1800.0,3362028196.7352033,300,0.16999773192219436
cec2017,18,1,F18: Hybrid Function 9,cma_es,20265009,245231641.44397086,1800.0,245229841.44397086,300,0.06309837801381946
cec2017,18,1,F18: Hybrid Function 9,de,20265009,4405980247.600816,1800.0,4405978447.600816,300,0.05516471993178129
cec2017,18,1,F18: Hybrid Function 9,random,20265009,906597431.1459903,1800.0,906595631.1459903,300,0.028289400972425938
cec2017,19,1,F19: Hybrid Function 10,full,20265001,2689.0362913704953,1900.0,789.0362913704953,300,0.9446968720294535
cec2017,19,1,F19: Hybrid Function 10,anchor_only,20265001,2689.0362913704953,1900.0,789.0362913704953,300,0.18896696995943785
cec2017,19,1,F19: Hybrid Function 10,cma_es,20265001,2198.4803449956185,1900.0,298.48034499561845,300,0.09557861601933837
cec2017,19,1,F19: Hybrid Function 10,de,20265001,4239.9052854715665,1900.0,2339.9052854715665,300,0.07248678291216493
cec2017,19,1,F19: Hybrid Function 10,random,20265001,4595.4056227031,1900.0,2695.4056227030997,300,0.05733132385648787
cec2017,19,1,F19: Hybrid Function 10,full,20265003,3058.259816819672,1900.0,1158.2598168196719,300,0.9184914708603173
cec2017,19,1,F19: Hybrid Function 10,anchor_only,20265003,4047.874502007097,1900.0,2147.874502007097,300,0.17984388396143913
cec2017,19,1,F19: Hybrid Function 10,cma_es,20265003,2343.045753191006,1900.0,443.04575319100604,300,0.07429370004683733
cec2017,19,1,F19: Hybrid Function 10,de,20265003,2698.6732565353846,1900.0,798.6732565353846,300,0.05940874991938472
cec2017,19,1,F19: Hybrid Function 10,random,20265003,4120.7053350738515,1900.0,2220.7053350738515,300,0.05172169581055641
cec2017,19,1,F19: Hybrid Function 10,full,20265000,2893.6887771989773,1900.0,993.6887771989773,300,0.935218394966796
cec2017,19,1,F19: Hybrid Function 10,anchor_only,20265000,4709.366255671623,1900.0,2809.3662556716226,300,0.1997270390857011
cec2017,19,1,F19: Hybrid Function 10,cma_es,20265000,2952.8988226631677,1900.0,1052.8988226631677,300,0.10515706287696958
cec2017,19,1,F19: Hybrid Function 10,de,20265000,3641.2047147705525,1900.0,1741.2047147705525,300,0.07961639994755387
cec2017,19,1,F19: Hybrid Function 10,random,20265000,3971.3613190746732,1900.0,2071.3613190746732,300,0.08046094398014247
cec2017,19,1,F19: Hybrid Function 10,full,20265004,3007.5062789043554,1900.0,1107.5062789043554,300,0.854893151903525
cec2017,19,1,F19: Hybrid Function 10,anchor_only,20265004,3724.6283220624814,1900.0,1824.6283220624814,300,0.19827136187814176
cec2017,19,1,F19: Hybrid Function 10,cma_es,20265004,2806.754893210247,1900.0,906.7548932102468,300,0.08549906103871763
cec2017,19,1,F19: Hybrid Function 10,de,20265004,4451.347586921413,1900.0,2551.3475869214126,300,0.06695929286070168
cec2017,19,1,F19: Hybrid Function 10,random,20265004,3615.948351893674,1900.0,1715.948351893674,300,0.06644976185634732
cec2017,19,1,F19: Hybrid Function 10,full,20265002,2419.1507627297524,1900.0,519.1507627297524,300,0.9882044740952551
cec2017,19,1,F19: Hybrid Function 10,anchor_only,20265002,4129.8384062121995,1900.0,2229.8384062121995,300,0.19495935109443963
cec2017,19,1,F19: Hybrid Function 10,cma_es,20265002,2073.6199172507245,1900.0,173.61991725072448,300,0.09268136811442673
cec2017,19,1,F19: Hybrid Function 10,de,20265002,2959.2439681459864,1900.0,1059.2439681459864,300,0.08734288206323981
cec2017,19,1,F19: Hybrid Function 10,random,20265002,2986.66612680426,1900.0,1086.6661268042599,300,0.0557052087970078
cec2017,19,1,F19: Hybrid Function 10,full,20265005,3162.189154141066,1900.0,1262.189154141066,300,0.934314328012988
cec2017,19,1,F19: Hybrid Function 10,anchor_only,20265005,4487.506760213685,1900.0,2587.506760213685,300,0.17077073617838323
cec2017,19,1,F19: Hybrid Function 10,cma_es,20265005,2610.9923460035548,1900.0,710.9923460035548,300,0.09487355616874993
cec2017,19,1,F19: Hybrid Function 10,de,20265005,4212.297064839007,1900.0,2312.2970648390074,300,0.06495832302607596
cec2017,19,1,F19: Hybrid Function 10,random,20265005,6294.8523325932865,1900.0,4394.8523325932865,300,0.04980604397132993
cec2017,19,1,F19: Hybrid Function 10,full,20265006,3430.3725442379737,1900.0,1530.3725442379737,300,0.8679011571221054
cec2017,19,1,F19: Hybrid Function 10,anchor_only,20265006,3613.6412693714938,1900.0,1713.6412693714938,300,0.16311541805043817
cec2017,19,1,F19: Hybrid Function 10,cma_es,20265006,2103.2202868258387,1900.0,203.22028682583868,300,0.0962687770370394
cec2017,19,1,F19: Hybrid Function 10,de,20265006,3682.746221507987,1900.0,1782.7462215079868,300,0.08989379392005503
cec2017,19,1,F19: Hybrid Function 10,random,20265006,3160.615406088771,1900.0,1260.6154060887711,300,0.06778336805291474
cec2017,19,1,F19: Hybrid Function 10,full,20265007,2541.2383537642895,1900.0,641.2383537642895,300,0.9218985801562667
cec2017,19,1,F19: Hybrid Function 10,anchor_only,20265007,4166.446271082703,1900.0,2266.446271082703,300,0.21578333899378777
cec2017,19,1,F19: Hybrid Function 10,cma_es,20265007,2791.254174803357,1900.0,891.2541748033568,300,0.09458225406706333
cec2017,19,1,F19: Hybrid Function 10,de,20265007,4166.446271082703,1900.0,2266.446271082703,300,0.0781995311845094
cec2017,19,1,F19: Hybrid Function 10,random,20265007,3861.963939194319,1900.0,1961.9639391943192,300,0.05859844898805022
cec2017,19,1,F19: Hybrid Function 10,full,20265008,2846.6657428410517,1900.0,946.6657428410517,300,0.9510877991560847
cec2017,19,1,F19: Hybrid Function 10,anchor_only,20265008,5303.982642475397,1900.0,3403.9826424753974,300,0.21677949000149965
cec2017,19,1,F19: Hybrid Function 10,cma_es,20265008,2399.3006193147835,1900.0,499.3006193147835,300,0.09664094913750887
cec2017,19,1,F19: Hybrid Function 10,de,20265008,2578.047776676349,1900.0,678.0477766763488,300,0.07910428498871624
cec2017,19,1,F19: Hybrid Function 10,random,20265008,4117.288722002313,1900.0,2217.288722002313,300,0.06017881794832647
cec2017,20,1,F20: Composition Function 1,full,20265000,5156.751217745654,2000.0,3156.751217745654,300,0.8900417680852115
cec2017,20,1,F20: Composition Function 1,anchor_only,20265000,7663.491366079445,2000.0,5663.491366079445,300,0.1476305089890957
cec2017,20,1,F20: Composition Function 1,cma_es,20265000,2593.1499954053206,2000.0,593.1499954053206,300,0.056137230014428496
cec2017,20,1,F20: Composition Function 1,de,20265000,7663.491366079446,2000.0,5663.491366079446,300,0.021876099053770304
cec2017,20,1,F20: Composition Function 1,random,20265000,7974.024024728099,2000.0,5974.024024728099,300,0.025337322847917676
cec2017,19,1,F19: Hybrid Function 10,full,20265009,3112.67410853706,1900.0,1212.67410853706,300,0.9049784578382969
cec2017,19,1,F19: Hybrid Function 10,anchor_only,20265009,3661.004995248947,1900.0,1761.0049952489471,300,0.20385232684202492
cec2017,19,1,F19: Hybrid Function 10,cma_es,20265009,2957.487661012551,1900.0,1057.4876610125511,300,0.09092463296838105
cec2017,19,1,F19: Hybrid Function 10,de,20265009,3903.4556734744215,1900.0,2003.4556734744215,300,0.07708899886347353
cec2017,19,1,F19: Hybrid Function 10,random,20265009,3809.3662128443193,1900.0,1909.3662128443193,300,0.055750972824171185
cec2017,20,1,F20: Composition Function 1,full,20265001,5589.464869900497,2000.0,3589.4648699004974,300,0.9080344859976321
cec2017,20,1,F20: Composition Function 1,anchor_only,20265001,12043.241982244614,2000.0,10043.241982244614,300,0.16261779703199863
cec2017,20,1,F20: Composition Function 1,cma_es,20265001,2802.1588613063855,2000.0,802.1588613063855,300,0.055020120926201344
cec2017,20,1,F20: Composition Function 1,de,20265001,6616.923039853886,2000.0,4616.923039853886,300,0.030088564148172736
cec2017,20,1,F20: Composition Function 1,random,20265001,8171.304448866463,2000.0,6171.304448866463,300,0.017997571965679526
cec2017,20,1,F20: Composition Function 1,full,20265003,11756.18655826026,2000.0,9756.18655826026,300,0.8550590698141605
cec2017,20,1,F20: Composition Function 1,anchor_only,20265003,14463.240513630299,2000.0,12463.240513630299,300,0.14780833502300084
cec2017,20,1,F20: Composition Function 1,cma_es,20265003,5313.293122417978,2000.0,3313.2931224179783,300,0.052919788053259254
cec2017,20,1,F20: Composition Function 1,de,20265003,4545.348371783068,2000.0,2545.3483717830677,300,0.030245457077398896
cec2017,20,1,F20: Composition Function 1,random,20265003,4470.4506651705415,2000.0,2470.4506651705415,300,0.013269048882648349
cec2017,20,1,F20: Composition Function 1,full,20265002,2847.3320037644094,2000.0,847.3320037644094,300,0.945498620858416
cec2017,20,1,F20: Composition Function 1,anchor_only,20265002,7807.503860481217,2000.0,5807.503860481217,300,0.1426626550965011
cec2017,20,1,F20: Composition Function 1,cma_es,20265002,2435.602725173692,2000.0,435.60272517369185,300,0.04704463807865977
cec2017,20,1,F20: Composition Function 1,de,20265002,4165.764467950762,2000.0,2165.764467950762,300,0.030128084821626544
cec2017,20,1,F20: Composition Function 1,random,20265002,7012.469144157742,2000.0,5012.469144157742,300,0.018186653964221478
cec2017,20,1,F20: Composition Function 1,full,20265004,4322.705681375766,2000.0,2322.7056813757663,300,0.9060893300920725
cec2017,20,1,F20: Composition Function 1,anchor_only,20265004,6599.41191063319,2000.0,4599.41191063319,300,0.15474721998907626
cec2017,20,1,F20: Composition Function 1,cma_es,20265004,2626.1469593335187,2000.0,626.1469593335187,300,0.04777369904331863
cec2017,20,1,F20: Composition Function 1,de,20265004,4919.645420361281,2000.0,2919.645420361281,300,0.021794203901663423
cec2017,20,1,F20: Composition Function 1,random,20265004,4253.151222734745,2000.0,2253.151222734745,300,0.01823968207463622
cec2017,20,1,F20: Composition Function 1,full,20265005,3528.3320646223638,2000.0,1528.3320646223638,300,0.8883188010659069
cec2017,20,1,F20: Composition Function 1,anchor_only,20265005,8713.785421268654,2000.0,6713.785421268654,300,0.15162255917675793
cec2017,20,1,F20: Composition Function 1,cma_es,20265005,4578.652827903312,2000.0,2578.652827903312,300,0.07120022107847035
cec2017,20,1,F20: Composition Function 1,de,20265005,4808.22879776252,2000.0,2808.22879776252,300,0.03399419202469289
cec2017,20,1,F20: Composition Function 1,random,20265005,7177.174678138934,2000.0,5177.174678138934,300,0.015314467018470168
cec2017,20,1,F20: Composition Function 1,full,20265006,3278.48110520077,2000.0,1278.48110520077,300,0.9270187232177705
cec2017,20,1,F20: Composition Function 1,anchor_only,20265006,7727.73208499011,2000.0,5727.73208499011,300,0.15776441805064678
cec2017,20,1,F20: Composition Function 1,cma_es,20265006,2488.644922167954,2000.0,488.64492216795406,300,0.04732465394772589
cec2017,20,1,F20: Composition Function 1,de,20265006,4732.146864365534,2000.0,2732.1468643655344,300,0.044349825009703636
cec2017,20,1,F20: Composition Function 1,random,20265006,8389.10342731099,2000.0,6389.103427310991,300,0.024795518023893237
cec2017,20,1,F20: Composition Function 1,full,20265008,14757.427296246025,2000.0,12757.427296246025,300,0.8493593989405781
cec2017,20,1,F20: Composition Function 1,anchor_only,20265008,17566.938873677216,2000.0,15566.938873677216,300,0.14879618701525033
cec2017,20,1,F20: Composition Function 1,cma_es,20265008,2358.3415448016985,2000.0,358.34154480169855,300,0.06145782908424735
cec2017,20,1,F20: Composition Function 1,de,20265008,7474.670237213919,2000.0,5474.670237213919,300,0.026481770211830735
cec2017,20,1,F20: Composition Function 1,random,20265008,6916.085271217922,2000.0,4916.085271217922,300,0.01903418404981494
cec2017,20,1,F20: Composition Function 1,full,20265007,5062.691492022287,2000.0,3062.691492022287,300,0.9024952161125839
cec2017,20,1,F20: Composition Function 1,anchor_only,20265007,13610.04392921037,2000.0,11610.04392921037,300,0.16898394003510475
cec2017,20,1,F20: Composition Function 1,cma_es,20265007,2699.9281894920655,2000.0,699.9281894920655,300,0.05180289410054684
cec2017,20,1,F20: Composition Function 1,de,20265007,4699.999100908732,2000.0,2699.9991009087316,300,0.032274852972477674
cec2017,20,1,F20: Composition Function 1,random,20265007,6707.511733333928,2000.0,4707.511733333928,300,0.028313160873949528
cec2017,20,1,F20: Composition Function 1,full,20265009,4442.240703729281,2000.0,2442.2407037292814,300,0.9287125989794731
cec2017,20,1,F20: Composition Function 1,anchor_only,20265009,10959.616698977414,2000.0,8959.616698977414,300,0.14734612801112235
cec2017,20,1,F20: Composition Function 1,cma_es,20265009,2712.8484601345517,2000.0,712.8484601345517,300,0.05714935204014182
cec2017,20,1,F20: Composition Function 1,de,20265009,6234.130975067736,2000.0,4234.130975067736,300,0.025166082894429564
cec2017,20,1,F20: Composition Function 1,random,20265009,5431.905474067175,2000.0,3431.9054740671754,300,0.021320392843335867
cec2017,21,1,F21: Composition Function 2,full,20265000,2228.1434075986526,2100.0,128.14340759865263,300,1.0105367521755397
cec2017,21,1,F21: Composition Function 2,anchor_only,20265000,2309.593040412197,2100.0,209.59304041219684,300,0.16747660306282341
cec2017,21,1,F21: Composition Function 2,cma_es,20265000,2218.7310871562186,2100.0,118.73108715621856,300,0.06005352293141186
cec2017,21,1,F21: Composition Function 2,de,20265000,2244.7202114758284,2100.0,144.72021147582836,300,0.036322430009022355
cec2017,21,1,F21: Composition Function 2,random,20265000,2305.6559338085976,2100.0,205.65593380859764,300,0.023724203929305077
cec2017,21,1,F21: Composition Function 2,full,20265001,2246.8114953505515,2100.0,146.81149535055147,300,0.896469545783475
cec2017,21,1,F21: Composition Function 2,anchor_only,20265001,2414.263254560824,2100.0,314.26325456082395,300,0.14450964517891407
cec2017,21,1,F21: Composition Function 2,cma_es,20265001,2217.036366474175,2100.0,117.03636647417488,300,0.05565078114159405
cec2017,21,1,F21: Composition Function 2,de,20265001,2251.8770411074397,2100.0,151.8770411074397,300,0.04143822402693331
cec2017,21,1,F21: Composition Function 2,random,20265001,2318.4003923945374,2100.0,218.40039239453745,300,0.023518092930316925
cec2017,21,1,F21: Composition Function 2,full,20265002,2235.786001789033,2100.0,135.78600178903298,300,0.8794011471327394
cec2017,21,1,F21: Composition Function 2,anchor_only,20265002,2276.542872164355,2100.0,176.54287216435478,300,0.17831128812395036
cec2017,21,1,F21: Composition Function 2,cma_es,20265002,2218.3529347167982,2100.0,118.35293471679825,300,0.05599808809347451
cec2017,21,1,F21: Composition Function 2,de,20265002,2236.728237495675,2100.0,136.72823749567488,300,0.0460819189902395
cec2017,21,1,F21: Composition Function 2,random,20265002,2274.2632837045408,2100.0,174.26328370454075,300,0.02289142203517258
cec2017,21,1,F21: Composition Function 2,full,20265003,2264.517264061886,2100.0,164.51726406188618,300,0.9196039889939129
cec2017,21,1,F21: Composition Function 2,anchor_only,20265003,2393.0949222811455,2100.0,293.0949222811455,300,0.1843946329317987
cec2017,21,1,F21: Composition Function 2,cma_es,20265003,2219.0574518736107,2100.0,119.05745187361072,300,0.057019170140847564
cec2017,21,1,F21: Composition Function 2,de,20265003,2242.5511543827593,2100.0,142.55115438275925,300,0.04602932510897517
cec2017,21,1,F21: Composition Function 2,random,20265003,2274.823992423885,2100.0,174.8239924238851,300,0.02536366111598909
cec2017,21,1,F21: Composition Function 2,full,20265004,2233.7466892738667,2100.0,133.74668927386665,300,0.8646480289753526
cec2017,21,1,F21: Composition Function 2,anchor_only,20265004,2291.080565279807,2100.0,191.08056527980716,300,0.14733454887755215
cec2017,21,1,F21: Composition Function 2,cma_es,20265004,2219.9321928844106,2100.0,119.9321928844106,300,0.058873596135526896
cec2017,21,1,F21: Composition Function 2,de,20265004,2291.080565279807,2100.0,191.08056527980716,300,0.032493907026946545
cec2017,21,1,F21: Composition Function 2,random,20265004,2254.5519050107314,2100.0,154.5519050107314,300,0.027734050061553717
cec2017,21,1,F21: Composition Function 2,full,20265007,2242.7594792572604,2100.0,142.7594792572604,300,0.8384530330076814
cec2017,21,1,F21: Composition Function 2,anchor_only,20265007,2469.853575138271,2100.0,369.853575138271,300,0.14479150087572634
cec2017,21,1,F21: Composition Function 2,cma_es,20265007,2216.7350687155763,2100.0,116.73506871557629,300,0.05351461912505329
cec2017,21,1,F21: Composition Function 2,de,20265007,2267.7846634834127,2100.0,167.78466348341271,300,0.029236241010949016
cec2017,21,1,F21: Composition Function 2,random,20265007,2292.228621025592,2100.0,192.22862102559202,300,0.0357796479947865
cec2017,21,1,F21: Composition Function 2,full,20265005,2243.111730473108,2100.0,143.11173047310785,300,0.8972508339211345
cec2017,21,1,F21: Composition Function 2,anchor_only,20265005,2298.8141473109636,2100.0,198.81414731096356,300,0.16463040886446834
cec2017,21,1,F21: Composition Function 2,cma_es,20265005,2224.569033458958,2100.0,124.56903345895807,300,0.05534598510712385
cec2017,21,1,F21: Composition Function 2,de,20265005,2244.5153034591567,2100.0,144.5153034591567,300,0.044022818095982075
cec2017,21,1,F21: Composition Function 2,random,20265005,2282.283652619331,2100.0,182.28365261933095,300,0.016292351996526122
cec2017,21,1,F21: Composition Function 2,full,20265006,2222.6945177844377,2100.0,122.69451778443772,300,0.9004777390509844
cec2017,21,1,F21: Composition Function 2,anchor_only,20265006,2292.555339342699,2100.0,192.55533934269897,300,0.15247054398059845
cec2017,21,1,F21: Composition Function 2,cma_es,20265006,2221.1740893917313,2100.0,121.17408939173129,300,0.06303005409426987
cec2017,21,1,F21: Composition Function 2,de,20265006,2255.3636463641483,2100.0,155.36364636414828,300,0.036562723107635975
cec2017,21,1,F21: Composition Function 2,random,20265006,2321.9505590155673,2100.0,221.95055901556725,300,0.02080214791931212
cec2017,21,1,F21: Composition Function 2,full,20265009,2223.5104532093173,2100.0,123.51045320931735,300,0.8557080540340394
cec2017,21,1,F21: Composition Function 2,anchor_only,20265009,2290.166297489028,2100.0,190.16629748902778,300,0.1623820720706135
cec2017,21,1,F21: Composition Function 2,cma_es,20265009,2217.2733371759286,2100.0,117.27333717592865,300,0.058162922970950603
cec2017,21,1,F21: Composition Function 2,de,20265009,2235.0923701449924,2100.0,135.0923701449924,300,0.03651932813227177
cec2017,21,1,F21: Composition Function 2,random,20265009,2304.372387448703,2100.0,204.3723874487032,300,0.025630070827901363
cec2017,21,1,F21: Composition Function 2,full,20265008,2233.3009739236777,2100.0,133.3009739236777,300,0.8683789698407054
cec2017,21,1,F21: Composition Function 2,anchor_only,20265008,2345.2542616346013,2100.0,245.25426163460133,300,0.15181719092652202
cec2017,21,1,F21: Composition Function 2,cma_es,20265008,2215.2915456057,2100.0,115.29154560569987,300,0.07257013395428658
cec2017,21,1,F21: Composition Function 2,de,20265008,2230.605087835612,2100.0,130.6050878356118,300,0.040312856901437044
cec2017,21,1,F21: Composition Function 2,random,20265008,2305.781078524231,2100.0,205.7810785242309,300,0.025234316010028124
cec2017,22,1,F22: Composition Function 3,full,20265000,3483.764749164565,2200.0,1283.7647491645648,300,0.8280620230361819
cec2017,22,1,F22: Composition Function 3,anchor_only,20265000,6369.875263541455,2200.0,4169.875263541455,300,0.13674449315294623
cec2017,22,1,F22: Composition Function 3,cma_es,20265000,3148.8268205001873,2200.0,948.8268205001873,300,0.07460320508107543
cec2017,22,1,F22: Composition Function 3,de,20265000,4134.145323692435,2200.0,1934.1453236924353,300,0.04917404195293784
cec2017,22,1,F22: Composition Function 3,random,20265000,5495.551613167634,2200.0,3295.551613167634,300,0.029417217010632157
cec2017,22,1,F22: Composition Function 3,full,20265001,3733.62880562347,2200.0,1533.6288056234698,300,0.8932195899542421
cec2017,22,1,F22: Composition Function 3,anchor_only,20265001,6245.328370014741,2200.0,4045.3283700147413,300,0.1744333989918232
cec2017,22,1,F22: Composition Function 3,cma_es,20265001,3264.0067039132455,2200.0,1064.0067039132455,300,0.06418769410811365
cec2017,22,1,F22: Composition Function 3,de,20265001,5773.01899532505,2200.0,3573.01899532505,300,0.052614816930145025
cec2017,22,1,F22: Composition Function 3,random,20265001,4711.164322392033,2200.0,2511.164322392033,300,0.039906967896968126
cec2017,22,1,F22: Composition Function 3,full,20265003,4453.770934904275,2200.0,2253.7709349042752,300,0.8774066320620477
cec2017,22,1,F22: Composition Function 3,anchor_only,20265003,8297.551138543637,2200.0,6097.551138543637,300,0.16842127311974764
cec2017,22,1,F22: Composition Function 3,cma_es,20265003,2990.05928585938,2200.0,790.05928585938,300,0.06592918187379837
cec2017,22,1,F22: Composition Function 3,de,20265003,4177.728859839457,2200.0,1977.728859839457,300,0.038199638947844505
cec2017,22,1,F22: Composition Function 3,random,20265003,5836.107022699491,2200.0,3636.1070226994907,300,0.023326107067987323
cec2017,22,1,F22: Composition Function 3,full,20265004,3728.1182452393186,2200.0,1528.1182452393186,300,0.8180487570352852
cec2017,22,1,F22: Composition Function 3,anchor_only,20265004,4645.255357332655,2200.0,2445.255357332655,300,0.16096087405458093
cec2017,22,1,F22: Composition Function 3,cma_es,20265004,3257.501838729326,2200.0,1057.5018387293262,300,0.07939733588136733
cec2017,22,1,F22: Composition Function 3,de,20265004,4397.31450993175,2200.0,2197.31450993175,300,0.04095552605576813
cec2017,22,1,F22: Composition Function 3,random,20265004,4811.95165944476,2200.0,2611.9516594447596,300,0.0475152381695807
cec2017,22,1,F22: Composition Function 3,full,20265002,3757.4392089397284,2200.0,1557.4392089397284,300,0.8816780389752239
cec2017,22,1,F22: Composition Function 3,anchor_only,20265002,6988.100114437154,2200.0,4788.100114437154,300,0.1915018109139055
cec2017,22,1,F22: Composition Function 3,cma_es,20265002,3070.8731733456107,2200.0,870.8731733456107,300,0.06546060787513852
cec2017,22,1,F22: Composition Function 3,de,20265002,4879.06518566814,2200.0,2679.0651856681397,300,0.04940590891055763
cec2017,22,1,F22: Composition Function 3,random,20265002,6846.004516308604,2200.0,4646.004516308604,300,0.03334061289206147
cec2017,22,1,F22: Composition Function 3,full,20265006,5063.686169064607,2200.0,2863.6861690646074,300,0.9044435250107199
cec2017,22,1,F22: Composition Function 3,anchor_only,20265006,8350.314191191484,2200.0,6150.3141911914845,300,0.14291628100909293
cec2017,22,1,F22: Composition Function 3,cma_es,20265006,3063.197729149597,2200.0,863.1977291495969,300,0.05364813096821308
cec2017,22,1,F22: Composition Function 3,de,20265006,5151.540755302921,2200.0,2951.540755302921,300,0.05126836593262851
cec2017,22,1,F22: Composition Function 3,random,20265006,6052.6180349537735,2200.0,3852.6180349537735,300,0.03759847208857536
cec2017,22,1,F22: Composition Function 3,full,20265005,3379.931205047587,2200.0,1179.931205047587,300,0.9457395300269127
cec2017,22,1,F22: Composition Function 3,anchor_only,20265005,5811.7660813302,2200.0,3611.7660813302,300,0.20089789992198348
cec2017,22,1,F22: Composition Function 3,cma_es,20265005,3215.0319601429724,2200.0,1015.0319601429724,300,0.07309541385620832
cec2017,22,1,F22: Composition Function 3,de,20265005,4134.6821195163,2200.0,1934.6821195163002,300,0.05743772303685546
cec2017,22,1,F22: Composition Function 3,random,20265005,6992.175578754127,2200.0,4792.175578754127,300,0.03589925612322986
cec2017,22,1,F22: Composition Function 3,full,20265007,3674.380120912506,2200.0,1474.3801209125058,300,0.8972843759693205
cec2017,22,1,F22: Composition Function 3,anchor_only,20265007,7524.463904327358,2200.0,5324.463904327358,300,0.15452502691186965
cec2017,22,1,F22: Composition Function 3,cma_es,20265007,3073.086703139732,2200.0,873.086703139732,300,0.07911938708275557
cec2017,22,1,F22: Composition Function 3,de,20265007,4514.080447561985,2200.0,2314.0804475619852,300,0.041230366099625826
cec2017,22,1,F22: Composition Function 3,random,20265007,4897.657922394995,2200.0,2697.657922394995,300,0.04017529310658574
cec2017,23,1,F23: Composition Function 4,full,20265000,8041.729864685028,2300.0,5741.729864685028,300,0.8580841841176152
cec2017,23,1,F23: Composition Function 4,anchor_only,20265000,11300.17027758713,2300.0,9000.17027758713,300,0.16027713287621737
cec2017,23,1,F23: Composition Function 4,cma_es,20265000,4403.253084871469,2300.0,2103.2530848714687,300,0.051300385035574436
cec2017,23,1,F23: Composition Function 4,de,20265000,8271.510288002266,2300.0,5971.510288002266,300,0.0377214748878032
cec2017,23,1,F23: Composition Function 4,random,20265000,9839.959699617975,2300.0,7539.959699617975,300,0.020070350030437112
cec2017,22,1,F22: Composition Function 3,full,20265008,3911.1352900517372,2200.0,1711.1352900517372,300,0.9373201250564307
cec2017,22,1,F22: Composition Function 3,anchor_only,20265008,5183.350169695702,2200.0,2983.350169695702,300,0.17849304503761232
cec2017,22,1,F22: Composition Function 3,cma_es,20265008,2882.517698415906,2200.0,682.5176984159061,300,0.07388943806290627
cec2017,22,1,F22: Composition Function 3,de,20265008,3882.7696138422584,2200.0,1682.7696138422584,300,0.03966068499721587
cec2017,22,1,F22: Composition Function 3,random,20265008,4823.371561389624,2200.0,2623.371561389624,300,0.033504171995446086
cec2017,22,1,F22: Composition Function 3,full,20265009,3766.5656582625093,2200.0,1566.5656582625093,300,0.939161237096414
cec2017,22,1,F22: Composition Function 3,anchor_only,20265009,5924.327283890871,2200.0,3724.3272838908706,300,0.18528658198192716
cec2017,22,1,F22: Composition Function 3,cma_es,20265009,3072.7659948120154,2200.0,872.7659948120154,300,0.08371416898444295
cec2017,22,1,F22: Composition Function 3,de,20265009,4056.428463936975,2200.0,1856.4284639369748,300,0.04573639505542815
cec2017,22,1,F22: Composition Function 3,random,20265009,6842.527171316704,2200.0,4642.527171316704,300,0.04082876117900014
cec2017,23,1,F23: Composition Function 4,full,20265002,7802.466736516924,2300.0,5502.466736516924,300,0.9032282398547977
cec2017,23,1,F23: Composition Function 4,anchor_only,20265002,11824.972199780172,2300.0,9524.972199780172,300,0.17163951485417783
cec2017,23,1,F23: Composition Function 4,cma_es,20265002,4434.273475821515,2300.0,2134.2734758215147,300,0.06742057111114264
cec2017,23,1,F23: Composition Function 4,de,20265002,6680.178425645015,2300.0,4380.178425645015,300,0.03702664002776146
cec2017,23,1,F23: Composition Function 4,random,20265002,8446.169228676894,2300.0,6146.169228676894,300,0.019249819917604327
cec2017,23,1,F23: Composition Function 4,full,20265001,7165.179524363269,2300.0,4865.179524363269,300,0.940852144965902
cec2017,23,1,F23: Composition Function 4,anchor_only,20265001,9375.002781406849,2300.0,7075.002781406849,300,0.18568678596056998
cec2017,23,1,F23: Composition Function 4,cma_es,20265001,2895.7420749771336,2300.0,595.7420749771336,300,0.04726612102240324
cec2017,23,1,F23: Composition Function 4,de,20265001,8643.440584135615,2300.0,6343.440584135615,300,0.03974284906871617
cec2017,23,1,F23: Composition Function 4,random,20265001,6711.112690911517,2300.0,4411.112690911517,300,0.01641397993080318
cec2017,23,1,F23: Composition Function 4,full,20265003,6666.897076509307,2300.0,4366.897076509307,300,0.9256642088294029
cec2017,23,1,F23: Composition Function 4,anchor_only,20265003,8320.486845080304,2300.0,6020.486845080304,300,0.14347548899240792
cec2017,23,1,F23: Composition Function 4,cma_es,20265003,4136.115413795105,2300.0,1836.1154137951053,300,0.053128561936318874
cec2017,23,1,F23: Composition Function 4,de,20265003,5653.579828449705,2300.0,3353.579828449705,300,0.03087297803722322
cec2017,23,1,F23: Composition Function 4,random,20265003,10929.016091484167,2300.0,8629.016091484167,300,0.02376175601966679
cec2017,23,1,F23: Composition Function 4,full,20265004,8971.11746456867,2300.0,6671.11746456867,300,0.8895643120631576
cec2017,23,1,F23: Composition Function 4,anchor_only,20265004,11093.2091038335,2300.0,8793.2091038335,300,0.14823759207502007
cec2017,23,1,F23: Composition Function 4,cma_es,20265004,4136.536040126636,2300.0,1836.5360401266362,300,0.05187715496867895
cec2017,23,1,F23: Composition Function 4,de,20265004,7100.676772089502,2300.0,4800.676772089502,300,0.04191500600427389
cec2017,23,1,F23: Composition Function 4,random,20265004,12434.881446103094,2300.0,10134.881446103094,300,0.019465237855911255
cec2017,23,1,F23: Composition Function 4,full,20265005,7932.892794581436,2300.0,5632.892794581436,300,0.9214954948984087
cec2017,23,1,F23: Composition Function 4,anchor_only,20265005,10300.796523529561,2300.0,8000.7965235295615,300,0.1537588620558381
cec2017,23,1,F23: Composition Function 4,cma_es,20265005,4341.1664131107045,2300.0,2041.1664131107045,300,0.05329530593007803
cec2017,23,1,F23: Composition Function 4,de,20265005,8413.589579163423,2300.0,6113.589579163423,300,0.030151580926030874
cec2017,23,1,F23: Composition Function 4,random,20265005,8031.21801337901,2300.0,5731.21801337901,300,0.03341626119799912
cec2017,23,1,F23: Composition Function 4,full,20265006,7443.878615308413,2300.0,5143.878615308413,300,0.9520576009526849
cec2017,23,1,F23: Composition Function 4,anchor_only,20265006,9931.907004694242,2300.0,7631.907004694242,300,0.14661721303127706
cec2017,23,1,F23: Composition Function 4,cma_es,20265006,3029.0485741749535,2300.0,729.0485741749535,300,0.05800439394079149
cec2017,23,1,F23: Composition Function 4,de,20265006,6654.94485485521,2300.0,4354.94485485521,300,0.040173663990572095
cec2017,23,1,F23: Composition Function 4,random,20265006,7008.591596663434,2300.0,4708.591596663434,300,0.019211038947105408
cec2017,23,1,F23: Composition Function 4,full,20265007,5771.055397133643,2300.0,3471.055397133643,300,0.8469926209654659
cec2017,23,1,F23: Composition Function 4,anchor_only,20265007,8842.288959979378,2300.0,6542.288959979378,300,0.14021210395731032
cec2017,23,1,F23: Composition Function 4,cma_es,20265007,3447.616548416149,2300.0,1147.6165484161488,300,0.05472217011265457
cec2017,23,1,F23: Composition Function 4,de,20265007,6110.521276736012,2300.0,3810.5212767360117,300,0.03284337907098234
cec2017,23,1,F23: Composition Function 4,random,20265007,8954.550392121806,2300.0,6654.550392121806,300,0.032138416077941656
cec2017,24,1,F24: Composition Function 5,full,20265000,3182.9468558584967,2400.0,782.9468558584967,300,0.7977171069942415
cec2017,24,1,F24: Composition Function 5,anchor_only,20265000,3350.807841357041,2400.0,950.8078413570411,300,0.14225810579955578
cec2017,24,1,F24: Composition Function 5,cma_es,20265000,2966.1842898077375,2400.0,566.1842898077375,300,0.050041246926411986
cec2017,24,1,F24: Composition Function 5,de,20265000,3388.4364087917893,2400.0,988.4364087917893,300,0.03459815098904073
cec2017,24,1,F24: Composition Function 5,random,20265000,3676.9493954251743,2400.0,1276.9493954251743,300,0.01639159512706101
cec2017,23,1,F23: Composition Function 4,full,20265008,7251.09796532457,2300.0,4951.09796532457,300,0.8979558399878442
cec2017,23,1,F23: Composition Function 4,anchor_only,20265008,10006.048489527326,2300.0,7706.048489527326,300,0.17595325293950737
cec2017,23,1,F23: Composition Function 4,cma_es,20265008,3175.081635949707,2300.0,875.0816359497071,300,0.06013734103180468
cec2017,23,1,F23: Composition Function 4,de,20265008,7438.047259463448,2300.0,5138.047259463448,300,0.028062184108421206
cec2017,23,1,F23: Composition Function 4,random,20265008,7680.345844469145,2300.0,5380.345844469145,300,0.01988091296516359
cec2017,23,1,F23: Composition Function 4,full,20265009,8856.820548362697,2300.0,6556.820548362697,300,0.858846585964784
cec2017,23,1,F23: Composition Function 4,anchor_only,20265009,10182.189026917991,2300.0,7882.189026917991,300,0.154097069054842
cec2017,23,1,F23: Composition Function 4,cma_es,20265009,4132.402589211166,2300.0,1832.4025892111658,300,0.05632320488803089
cec2017,23,1,F23: Composition Function 4,de,20265009,7505.19159881882,2300.0,5205.19159881882,300,0.03295135986991227
cec2017,23,1,F23: Composition Function 4,random,20265009,7394.344635768113,2300.0,5094.344635768113,300,0.021552205085754395
cec2017,24,1,F24: Composition Function 5,full,20265001,3362.881912554346,2400.0,962.881912554346,300,0.8806318568531424
cec2017,24,1,F24: Composition Function 5,anchor_only,20265001,3462.287832941691,2400.0,1062.2878329416908,300,0.15484773716889322
cec2017,24,1,F24: Composition Function 5,cma_es,20265001,2926.1496726008604,2400.0,526.1496726008604,300,0.05466104717925191
cec2017,24,1,F24: Composition Function 5,de,20265001,3256.0930953420925,2400.0,856.0930953420925,300,0.039645192911848426
cec2017,24,1,F24: Composition Function 5,random,20265001,3802.030023863837,2400.0,1402.030023863837,300,0.021805334836244583
cec2017,24,1,F24: Composition Function 5,full,20265002,3173.995428267641,2400.0,773.9954282676408,300,0.8907543821260333
cec2017,24,1,F24: Composition Function 5,anchor_only,20265002,3307.1044200240276,2400.0,907.1044200240276,300,0.14578961511142552
cec2017,24,1,F24: Composition Function 5,cma_es,20265002,3001.2357857405505,2400.0,601.2357857405505,300,0.046810911037027836
cec2017,24,1,F24: Composition Function 5,de,20265002,3307.1044200240276,2400.0,907.1044200240276,300,0.044778137002140284
cec2017,24,1,F24: Composition Function 5,random,20265002,3650.2925308971235,2400.0,1250.2925308971235,300,0.024824885884299874
cec2017,24,1,F24: Composition Function 5,full,20265003,3136.153713637228,2400.0,736.1537136372281,300,0.8909257790073752
cec2017,24,1,F24: Composition Function 5,anchor_only,20265003,3278.0068515273924,2400.0,878.0068515273924,300,0.16396303893998265
cec2017,24,1,F24: Composition Function 5,cma_es,20265003,2921.3493551892902,2400.0,521.3493551892902,300,0.06653056712821126
cec2017,24,1,F24: Composition Function 5,de,20265003,3147.584608704589,2400.0,747.5846087045888,300,0.045438067987561226
cec2017,24,1,F24: Composition Function 5,random,20265003,3908.970590559421,2400.0,1508.970590559421,300,0.035589676117524505
cec2017,24,1,F24: Composition Function 5,full,20265004,3216.3054783328207,2400.0,816.3054783328207,300,0.9099277949426323
cec2017,24,1,F24: Composition Function 5,anchor_only,20265004,3907.7094087724845,2400.0,1507.7094087724845,300,0.17488386598415673
cec2017,24,1,F24: Composition Function 5,cma_es,20265004,2900.6938114160034,2400.0,500.6938114160034,300,0.06877400795929134
cec2017,24,1,F24: Composition Function 5,de,20265004,3280.4552728925996,2400.0,880.4552728925996,300,0.03328570118173957
cec2017,24,1,F24: Composition Function 5,random,20265004,3932.930511574498,2400.0,1532.9305115744978,300,0.020920339971780777
cec2017,24,1,F24: Composition Function 5,full,20265005,3196.107141641909,2400.0,796.107141641909,300,0.8302392051555216
cec2017,24,1,F24: Composition Function 5,anchor_only,20265005,3626.3337363482665,2400.0,1226.3337363482665,300,0.18453723308630288
cec2017,24,1,F24: Composition Function 5,cma_es,20265005,3018.583422373089,2400.0,618.583422373089,300,0.07344030099920928
cec2017,24,1,F24: Composition Function 5,de,20265005,3398.2891869859473,2400.0,998.2891869859473,300,0.03674512403085828
cec2017,24,1,F24: Composition Function 5,random,20265005,3351.794376618529,2400.0,951.794376618529,300,0.026207867078483105
cec2017,24,1,F24: Composition Function 5,full,20265006,3235.0237274572205,2400.0,835.0237274572205,300,0.9272617599926889
cec2017,24,1,F24: Composition Function 5,anchor_only,20265006,3425.2848475212445,2400.0,1025.2848475212445,300,0.15454293601214886
cec2017,24,1,F24: Composition Function 5,cma_es,20265006,2912.0424394740326,2400.0,512.0424394740326,300,0.07622766215354204
cec2017,24,1,F24: Composition Function 5,de,20265006,3127.003327296364,2400.0,727.0033272963642,300,0.04611273598857224
cec2017,24,1,F24: Composition Function 5,random,20265006,3389.4395738368785,2400.0,989.4395738368785,300,0.03190203616395593
cec2017,24,1,F24: Composition Function 5,full,20265009,3144.0534806657815,2400.0,744.0534806657815,300,0.8110119691118598
cec2017,24,1,F24: Composition Function 5,anchor_only,20265009,3401.23972442618,2400.0,1001.2397244261801,300,0.1694707099813968
cec2017,24,1,F24: Composition Function 5,cma_es,20265009,3009.87363321013,2400.0,609.8736332101298,300,0.06509628100320697
cec2017,24,1,F24: Composition Function 5,de,20265009,3704.5024751767623,2400.0,1304.5024751767623,300,0.0410639219917357
cec2017,24,1,F24: Composition Function 5,random,20265009,3431.390903870494,2400.0,1031.3909038704942,300,0.024961986113339663
cec2017,24,1,F24: Composition Function 5,full,20265008,3064.295383130635,2400.0,664.295383130635,300,0.8843804178759456
cec2017,24,1,F24: Composition Function 5,anchor_only,20265008,3548.576418402037,2400.0,1148.5764184020368,300,0.1706323199905455
cec2017,24,1,F24: Composition Function 5,cma_es,20265008,3008.9082412211033,2400.0,608.9082412211033,300,0.07071336708031595
cec2017,24,1,F24: Composition Function 5,de,20265008,3454.5267351741195,2400.0,1054.5267351741195,300,0.03839546185918152
cec2017,24,1,F24: Composition Function 5,random,20265008,3693.2905898852073,2400.0,1293.2905898852073,300,0.024068566970527172
cec2017,24,1,F24: Composition Function 5,full,20265007,3141.777034807619,2400.0,741.7770348076192,300,0.8908066840376705
cec2017,24,1,F24: Composition Function 5,anchor_only,20265007,3415.7815879940836,2400.0,1015.7815879940836,300,0.19216642784886062
cec2017,24,1,F24: Composition Function 5,cma_es,20265007,2942.321397584604,2400.0,542.3213975846038,300,0.07800993788987398
cec2017,24,1,F24: Composition Function 5,de,20265007,3481.010417460747,2400.0,1081.0104174607468,300,0.045804861932992935
cec2017,24,1,F24: Composition Function 5,random,20265007,4076.4513807481344,2400.0,1676.4513807481344,300,0.03931473381817341
cec2017,25,1,F25: Composition Function 6,full,20265000,3050.3776903752923,2500.0,550.3776903752923,300,0.8586912050377578
cec2017,25,1,F25: Composition Function 6,anchor_only,20265000,3508.2441225529224,2500.0,1008.2441225529224,300,0.24925408815033734
cec2017,25,1,F25: Composition Function 6,cma_es,20265000,2993.7998006091807,2500.0,493.7998006091807,300,0.10396824683994055
cec2017,25,1,F25: Composition Function 6,de,20265000,3201.9373701585873,2500.0,701.9373701585873,300,0.060342265060171485
cec2017,25,1,F25: Composition Function 6,random,20265000,3615.447342339132,2500.0,1115.4473423391319,300,0.07671640091575682
cec2017,25,1,F25: Composition Function 6,full,20265002,3346.6274141501262,2500.0,846.6274141501262,300,0.9284429298713803
cec2017,25,1,F25: Composition Function 6,anchor_only,20265002,4250.025546527754,2500.0,1750.0255465277542,300,0.20944482693448663
cec2017,25,1,F25: Composition Function 6,cma_es,20265002,3002.670415776805,2500.0,502.67041577680493,300,0.09537491202354431
cec2017,25,1,F25: Composition Function 6,de,20265002,3201.796409873985,2500.0,701.7964098739849,300,0.07720582000911236
cec2017,25,1,F25: Composition Function 6,random,20265002,3536.820456568678,2500.0,1036.8204565686779,300,0.07027640589512885
cec2017,25,1,F25: Composition Function 6,full,20265001,3097.0182331052456,2500.0,597.0182331052456,300,0.929887194884941
cec2017,25,1,F25: Composition Function 6,anchor_only,20265001,3610.0923948645905,2500.0,1110.0923948645905,300,0.23136812099255621
cec2017,25,1,F25: Composition Function 6,cma_es,20265001,3001.371408704532,2500.0,501.37140870453186,300,0.09900472895242274
cec2017,25,1,F25: Composition Function 6,de,20265001,3111.1437975589347,2500.0,611.1437975589347,300,0.08581117796711624
cec2017,25,1,F25: Composition Function 6,random,20265001,3316.9868548992417,2500.0,816.9868548992417,300,0.08530977903865278
cec2017,25,1,F25: Composition Function 6,full,20265003,3014.5632750259438,2500.0,514.5632750259438,300,0.9147509101312608
cec2017,25,1,F25: Composition Function 6,anchor_only,20265003,3765.1368438537256,2500.0,1265.1368438537256,300,0.20950279594399035
cec2017,25,1,F25: Composition Function 6,cma_es,20265003,3062.627659072704,2500.0,562.6276590727039,300,0.09248632797971368
cec2017,25,1,F25: Composition Function 6,de,20265003,3354.086908145513,2500.0,854.086908145513,300,0.06770283007062972
cec2017,25,1,F25: Composition Function 6,random,20265003,3610.0959925014777,2500.0,1110.0959925014777,300,0.0692593539133668
cec2017,25,1,F25: Composition Function 6,full,20265004,3173.842316959417,2500.0,673.8423169594171,300,0.9601702708750963
cec2017,25,1,F25: Composition Function 6,anchor_only,20265004,3214.45648757279,2500.0,714.4564875727901,300,0.22011839598417282
cec2017,25,1,F25: Composition Function 6,cma_es,20265004,2986.0040191082703,2500.0,486.0040191082703,300,0.10938811115920544
cec2017,25,1,F25: Composition Function 6,de,20265004,3163.2445549717563,2500.0,663.2445549717563,300,0.08204229804687202
cec2017,25,1,F25: Composition Function 6,random,20265004,3453.2469493053113,2500.0,953.2469493053113,300,0.056548235937952995
cec2017,25,1,F25: Composition Function 6,full,20265006,3305.2426905716397,2500.0,805.2426905716397,300,0.9964156900532544
cec2017,25,1,F25: Composition Function 6,anchor_only,20265006,3681.0573566160315,2500.0,1181.0573566160315,300,0.19646444101817906
cec2017,25,1,F25: Composition Function 6,cma_es,20265006,3005.7023279602527,2500.0,505.70232796025266,300,0.10509371920488775
cec2017,25,1,F25: Composition Function 6,de,20265006,3295.5108766421763,2500.0,795.5108766421763,300,0.07405507005751133
cec2017,25,1,F25: Composition Function 6,random,20265006,3820.8901102914206,2500.0,1320.8901102914206,300,0.06606448511593044
cec2017,25,1,F25: Composition Function 6,full,20265005,3098.086869537228,2500.0,598.0868695372278,300,0.9710663219448179
cec2017,25,1,F25: Composition Function 6,anchor_only,20265005,3915.3182780001484,2500.0,1415.3182780001484,300,0.24524686392396688
cec2017,25,1,F25: Composition Function 6,cma_es,20265005,2985.668548447554,2500.0,485.6685484475538,300,0.11676422297023237
cec2017,25,1,F25: Composition Function 6,de,20265005,3267.3016107615786,2500.0,767.3016107615786,300,0.07744179619476199
cec2017,25,1,F25: Composition Function 6,random,20265005,3766.033350630669,2500.0,1266.0333506306688,300,0.05742734903469682
cec2017,25,1,F25: Composition Function 6,full,20265007,3066.860144452942,2500.0,566.8601444529422,300,0.9586936079431325
cec2017,25,1,F25: Composition Function 6,anchor_only,20265007,3299.420407864315,2500.0,799.4204078643152,300,0.22037348407320678
cec2017,25,1,F25: Composition Function 6,cma_es,20265007,3002.4304625167374,2500.0,502.4304625167374,300,0.09721662988886237
cec2017,25,1,F25: Composition Function 6,de,20265007,3299.420407864315,2500.0,799.4204078643152,300,0.07085030199959874
cec2017,25,1,F25: Composition Function 6,random,20265007,3896.104826450882,2500.0,1396.1048264508818,300,0.08822883013635874
cec2017,25,1,F25: Composition Function 6,full,20265008,3048.5452277380696,2500.0,548.5452277380696,300,0.9349572148639709
cec2017,25,1,F25: Composition Function 6,anchor_only,20265008,3430.5888376723815,2500.0,930.5888376723815,300,0.22250335104763508
cec2017,25,1,F25: Composition Function 6,cma_es,20265008,2983.0449366339917,2500.0,483.0449366339917,300,0.10498792817816138
cec2017,25,1,F25: Composition Function 6,de,20265008,3313.197195318293,2500.0,813.1971953182929,300,0.08133532200008631
cec2017,25,1,F25: Composition Function 6,random,20265008,3569.7847921020702,2500.0,1069.7847921020702,300,0.05596841801889241
cec2017,25,1,F25: Composition Function 6,full,20265009,3153.969905264935,2500.0,653.9699052649348,300,0.8967054109089077
cec2017,25,1,F25: Composition Function 6,anchor_only,20265009,4421.523087507492,2500.0,1921.5230875074922,300,0.19777275994420052
cec2017,25,1,F25: Composition Function 6,cma_es,20265009,3004.7470067108975,2500.0,504.7470067108975,300,0.11693463614210486
cec2017,25,1,F25: Composition Function 6,de,20265009,3132.8473550642675,2500.0,632.8473550642675,300,0.0889642231632024
cec2017,25,1,F25: Composition Function 6,random,20265009,3461.5983043434244,2500.0,961.5983043434244,300,0.06642054300755262
cec2017,26,1,F26: Composition Function 7,full,20265001,3199.601170478299,2600.0,599.6011704782991,300,0.9556938621681184
cec2017,26,1,F26: Composition Function 7,anchor_only,20265001,3560.654609366881,2600.0,960.6546093668808,300,0.22360500297509134
cec2017,26,1,F26: Composition Function 7,cma_es,20265001,3091.049659519359,2600.0,491.049659519359,300,0.09859504620544612
cec2017,26,1,F26: Composition Function 7,de,20265001,3237.168335477347,2600.0,637.1683354773468,300,0.07817631121724844
cec2017,26,1,F26: Composition Function 7,random,20265001,3282.2437703944033,2600.0,682.2437703944033,300,0.08179426193237305
cec2017,26,1,F26: Composition Function 7,full,20265000,3085.0331895679124,2600.0,485.03318956791236,300,0.981378573924303
cec2017,26,1,F26: Composition Function 7,anchor_only,20265000,3484.6811793200895,2600.0,884.6811793200895,300,0.2385211728978902
cec2017,26,1,F26: Composition Function 7,cma_es,20265000,3020.036182549571,2600.0,420.0361825495711,300,0.10649243579246104
cec2017,26,1,F26: Composition Function 7,de,20265000,3134.040211918992,2600.0,534.0402119189921,300,0.08047933294437826
cec2017,26,1,F26: Composition Function 7,random,20265000,3146.8078454670076,2600.0,546.8078454670076,300,0.076119942124933
cec2017,26,1,F26: Composition Function 7,full,20265002,3196.358948140577,2600.0,596.358948140577,300,0.8831080489326268
cec2017,26,1,F26: Composition Function 7,anchor_only,20265002,3381.7095045572064,2600.0,781.7095045572064,300,0.19617605907842517
cec2017,26,1,F26: Composition Function 7,cma_es,20265002,3009.11772768208,2600.0,409.11772768207993,300,0.10491826105862856
cec2017,26,1,F26: Composition Function 7,de,20265002,3186.1669766084597,2600.0,586.1669766084597,300,0.06315289903432131
cec2017,26,1,F26: Composition Function 7,random,20265002,3352.109333309564,2600.0,752.1093333095641,300,0.0603564060293138
cec2017,26,1,F26: Composition Function 7,full,20265003,3090.5358407450744,2600.0,490.53584074507444,300,0.8948625989723951
cec2017,26,1,F26: Composition Function 7,anchor_only,20265003,3411.605542501191,2600.0,811.6055425011909,300,0.216377915116027
cec2017,26,1,F26: Composition Function 7,cma_es,20265003,3013.685457679985,2600.0,413.6854576799851,300,0.0838253500405699
cec2017,26,1,F26: Composition Function 7,de,20265003,3127.6986107315824,2600.0,527.6986107315824,300,0.07613358297385275
cec2017,26,1,F26: Composition Function 7,random,20265003,3186.8488729384044,2600.0,586.8488729384044,300,0.06413559406064451
cec2017,26,1,F26: Composition Function 7,full,20265004,3054.304218612137,2600.0,454.304218612137,300,0.980584085918963
cec2017,26,1,F26: Composition Function 7,anchor_only,20265004,3306.602327763391,2600.0,706.6023277633908,300,0.2309654951095581
cec2017,26,1,F26: Composition Function 7,cma_es,20265004,3020.187827307038,2600.0,420.1878273070379,300,0.10655578086152673
cec2017,26,1,F26: Composition Function 7,de,20265004,3219.0441628906437,2600.0,619.0441628906437,300,0.08899300894699991
cec2017,26,1,F26: Composition Function 7,random,20265004,3213.6410020087865,2600.0,613.6410020087865,300,0.06834346987307072
cec2017,26,1,F26: Composition Function 7,full,20265005,3052.4470593100996,2600.0,452.4470593100996,300,0.9691283649299294
cec2017,26,1,F26: Composition Function 7,anchor_only,20265005,3075.991519653285,2600.0,475.9915196532852,300,0.2051572420168668
cec2017,26,1,F26: Composition Function 7,cma_es,20265005,3020.187125853896,2600.0,420.18712585389585,300,0.11627974198199809
cec2017,26,1,F26: Composition Function 7,de,20265005,3075.991519653285,2600.0,475.9915196532852,300,0.07730279490351677
cec2017,26,1,F26: Composition Function 7,random,20265005,3226.1599282365314,2600.0,626.1599282365314,300,0.07981013506650925
cec2017,26,1,F26: Composition Function 7,full,20265008,3026.8752052316495,2600.0,426.8752052316495,300,0.8609535458963364
cec2017,26,1,F26: Composition Function 7,anchor_only,20265008,3435.561078771452,2600.0,835.5610787714518,300,0.22227500285953283
cec2017,26,1,F26: Composition Function 7,cma_es,20265008,3008.26291244163,2600.0,408.26291244162985,300,0.09345564804971218
cec2017,26,1,F26: Composition Function 7,de,20265008,3129.7775570625763,2600.0,529.7775570625763,300,0.07578093791380525
cec2017,26,1,F26: Composition Function 7,random,20265008,3299.232500013345,2600.0,699.2325000133451,300,0.06353597296401858
cec2017,26,1,F26: Composition Function 7,full,20265006,3104.9996423013354,2600.0,504.99964230133537,300,0.9979755759704858
cec2017,26,1,F26: Composition Function 7,anchor_only,20265006,3252.9935933665874,2600.0,652.9935933665874,300,0.2231013469863683
cec2017,26,1,F26: Composition Function 7,cma_es,20265006,3015.90038792433,2600.0,415.90038792433006,300,0.12060862593352795
cec2017,26,1,F26: Composition Function 7,de,20265006,3187.6191480083608,2600.0,587.6191480083608,300,0.06917622406035662
cec2017,26,1,F26: Composition Function 7,random,20265006,3181.0618459001757,2600.0,581.0618459001757,300,0.05456992099061608
cec2017,26,1,F26: Composition Function 7,full,20265007,3176.671629591389,2600.0,576.6716295913889,300,0.9529875200241804
cec2017,26,1,F26: Composition Function 7,anchor_only,20265007,3355.0407218446544,2600.0,755.0407218446544,300,0.22089293389581144
cec2017,26,1,F26: Composition Function 7,cma_es,20265007,3018.1136619195886,2600.0,418.1136619195886,300,0.11354091507382691
cec2017,26,1,F26: Composition Function 7,de,20265007,3275.9745709385693,2600.0,675.9745709385693,300,0.09322306304238737
cec2017,26,1,F26: Composition Function 7,random,20265007,3260.982858260961,2600.0,660.9828582609612,300,0.07171328994445503
cec2017,26,1,F26: Composition Function 7,full,20265009,3144.754801019714,2600.0,544.7548010197138,300,0.9523083891253918
cec2017,26,1,F26: Composition Function 7,anchor_only,20265009,3506.831929628203,2600.0,906.8319296282029,300,0.2184148628730327
cec2017,26,1,F26: Composition Function 7,cma_es,20265009,3018.1510506774493,2600.0,418.15105067744935,300,0.12042353698052466
cec2017,26,1,F26: Composition Function 7,de,20265009,3101.059638533734,2600.0,501.05963853373396,300,0.08217981713823974
cec2017,26,1,F26: Composition Function 7,random,20265009,3168.9758809704217,2600.0,568.9758809704217,300,0.06854833289980888
cec2017,27,1,F27: Composition Function 8,full,20265001,3332.5892044781904,2700.0,632.5892044781904,300,0.8577603651210666
cec2017,27,1,F27: Composition Function 8,anchor_only,20265001,3689.6796132182203,2700.0,989.6796132182203,300,0.21129838097840548
cec2017,27,1,F27: Composition Function 8,cma_es,20265001,3120.093899394763,2700.0,420.09389939476296,300,0.104131945874542
cec2017,27,1,F27: Composition Function 8,de,20265001,3304.415068811316,2700.0,604.4150688113159,300,0.07215448492206633
cec2017,27,1,F27: Composition Function 8,random,20265001,3707.5834886498606,2700.0,1007.5834886498606,300,0.05489905411377549
cec2017,27,1,F27: Composition Function 8,full,20265000,3268.403298002274,2700.0,568.4032980022739,300,0.9538680580444634
cec2017,27,1,F27: Composition Function 8,anchor_only,20265000,3362.77828150789,2700.0,662.7782815078899,300,0.19568035984411836
cec2017,27,1,F27: Composition Function 8,cma_es,20265000,2974.717435155095,2700.0,274.7174351550948,300,0.09134992491453886
cec2017,27,1,F27: Composition Function 8,de,20265000,3339.4037527783557,2700.0,639.4037527783557,300,0.06643104809336364
cec2017,27,1,F27: Composition Function 8,random,20265000,3788.7918221818754,2700.0,1088.7918221818754,300,0.04899326711893082
cec2017,27,1,F27: Composition Function 8,full,20265002,3351.2427090808187,2700.0,651.2427090808187,300,0.9285286720842123
cec2017,27,1,F27: Composition Function 8,anchor_only,20265002,3903.9392075736255,2700.0,1203.9392075736255,300,0.22457098006270826
cec2017,27,1,F27: Composition Function 8,cma_es,20265002,3170.9163775943,2700.0,470.9163775942998,300,0.11118488805368543
cec2017,27,1,F27: Composition Function 8,de,20265002,3601.9285461297977,2700.0,901.9285461297977,300,0.06599213113076985
cec2017,27,1,F27: Composition Function 8,random,20265002,3394.2385323757926,2700.0,694.2385323757926,300,0.05720548192039132
cec2017,27,1,F27: Composition Function 8,full,20265003,3245.5563035882888,2700.0,545.5563035882888,300,0.970205063931644
cec2017,27,1,F27: Composition Function 8,anchor_only,20265003,3486.8453832710593,2700.0,786.8453832710593,300,0.2069523900281638
cec2017,27,1,F27: Composition Function 8,cma_es,20265003,2891.638471656745,2700.0,191.63847165674497,300,0.09223258215934038
cec2017,27,1,F27: Composition Function 8,de,20265003,3467.335505801557,2700.0,767.3355058015568,300,0.0744405840523541
cec2017,27,1,F27: Composition Function 8,random,20265003,3466.8571105369865,2700.0,766.8571105369865,300,0.07028759620152414
cec2017,27,1,F27: Composition Function 8,full,20265004,3586.098918607905,2700.0,886.098918607905,300,0.8702048279810697
cec2017,27,1,F27: Composition Function 8,anchor_only,20265004,3900.8566957483085,2700.0,1200.8566957483085,300,0.17983499285764992
cec2017,27,1,F27: Composition Function 8,cma_es,20265004,2983.1832394531198,2700.0,283.18323945311977,300,0.09367713495157659
cec2017,27,1,F27: Composition Function 8,de,20265004,3445.6176918818837,2700.0,745.6176918818837,300,0.0758301739115268
cec2017,27,1,F27: Composition Function 8,random,20265004,3382.8511745292194,2700.0,682.8511745292194,300,0.06679803295992315
cec2017,27,1,F27: Composition Function 8,full,20265005,3028.3110099959385,2700.0,328.31100999593855,300,0.8995875888504088
cec2017,27,1,F27: Composition Function 8,anchor_only,20265005,3427.0381878220383,2700.0,727.0381878220383,300,0.21651014080271125
cec2017,27,1,F27: Composition Function 8,cma_es,20265005,2969.695194211155,2700.0,269.695194211155,300,0.10528566292487085
cec2017,27,1,F27: Composition Function 8,de,20265005,3147.911813166804,2700.0,447.9118131668042,300,0.06855724100023508
cec2017,27,1,F27: Composition Function 8,random,20265005,3351.386960407089,2700.0,651.3869604070892,300,0.06755093508400023
cec2017,27,1,F27: Composition Function 8,full,20265006,3466.4249452790677,2700.0,766.4249452790677,300,0.9805247369222343
cec2017,27,1,F27: Composition Function 8,anchor_only,20265006,3958.0804929046717,2700.0,1258.0804929046717,300,0.20051674195565283
cec2017,27,1,F27: Composition Function 8,cma_es,20265006,3011.5642248895433,2700.0,311.5642248895433,300,0.10420868080109358
cec2017,27,1,F27: Composition Function 8,de,20265006,3529.6708447400815,2700.0,829.6708447400815,300,0.06708699697628617
cec2017,27,1,F27: Composition Function 8,random,20265006,3759.29987768109,2700.0,1059.29987768109,300,0.06048429314978421
cec2017,27,1,F27: Composition Function 8,full,20265007,3235.2688297681148,2700.0,535.2688297681148,300,0.934493059059605
cec2017,27,1,F27: Composition Function 8,anchor_only,20265007,3522.435798845081,2700.0,822.4357988450811,300,0.22859150380827487
cec2017,27,1,F27: Composition Function 8,cma_es,20265007,3208.953488331935,2700.0,508.9534883319352,300,0.11664067208766937
cec2017,27,1,F27: Composition Function 8,de,20265007,3317.425096277583,2700.0,617.4250962775832,300,0.06869064690545201
cec2017,27,1,F27: Composition Function 8,random,20265007,3558.8467346685793,2700.0,858.8467346685793,300,0.0644168839789927
cec2017,27,1,F27: Composition Function 8,full,20265008,3474.3214853185937,2700.0,774.3214853185937,300,0.9422457448672503
cec2017,27,1,F27: Composition Function 8,anchor_only,20265008,3692.2547672337564,2700.0,992.2547672337564,300,0.20761628379113972
cec2017,27,1,F27: Composition Function 8,cma_es,20265008,2952.9699936872335,2700.0,252.96999368723345,300,0.10430692997761071
cec2017,27,1,F27: Composition Function 8,de,20265008,3215.9046410317023,2700.0,515.9046410317023,300,0.08754117088392377
cec2017,27,1,F27: Composition Function 8,random,20265008,3484.569315230303,2700.0,784.5693152303029,300,0.07374146697111428
cec2017,27,1,F27: Composition Function 8,full,20265009,3362.888615967483,2700.0,662.888615967483,300,0.9515117479022592
cec2017,27,1,F27: Composition Function 8,anchor_only,20265009,3951.712123075902,2700.0,1251.7121230759021,300,0.2213275150861591
cec2017,27,1,F27: Composition Function 8,cma_es,20265009,3219.1718036496914,2700.0,519.1718036496914,300,0.0935401211027056
cec2017,27,1,F27: Composition Function 8,de,20265009,3620.2818205395774,2700.0,920.2818205395774,300,0.09014847804792225
cec2017,27,1,F27: Composition Function 8,random,20265009,3529.616262167745,2700.0,829.6162621677449,300,0.07407780084758997
cec2017,28,1,F28: Composition Function 9,full,20265000,6792864219.873683,2800.0,6792861419.873683,300,0.9990239620674402
cec2017,28,1,F28: Composition Function 9,anchor_only,20265000,236077451499.66608,2800.0,236077448699.66608,300,0.2707441688980907
cec2017,28,1,F28: Composition Function 9,cma_es,20265000,190680.686037255,2800.0,187880.686037255,300,0.14198462618514895
cec2017,28,1,F28: Composition Function 9,de,20265000,55311517.86818875,2800.0,55308717.86818875,300,0.12087824894115329
cec2017,28,1,F28: Composition Function 9,random,20265000,4899419424.64259,2800.0,4899416624.64259,300,0.11770245712250471
cec2017,28,1,F28: Composition Function 9,full,20265001,27742416.20575306,2800.0,27739616.20575306,300,1.0771208440419286
cec2017,28,1,F28: Composition Function 9,anchor_only,20265001,73294212693.46532,2800.0,73294209893.46532,300,0.2682096450589597
cec2017,28,1,F28: Composition Function 9,cma_es,20265001,1062310.8055318622,2800.0,1059510.8055318622,300,0.12200290290638804
cec2017,28,1,F28: Composition Function 9,de,20265001,508748000.3071354,2800.0,508745200.3071354,300,0.12513496400788426
cec2017,28,1,F28: Composition Function 9,random,20265001,58414553.49147515,2800.0,58411753.49147515,300,0.10721785086207092
cec2017,28,1,F28: Composition Function 9,full,20265002,5709930.736074368,2800.0,5707130.736074368,300,0.9170787730254233
cec2017,28,1,F28: Composition Function 9,anchor_only,20265002,9588473847535.002,2800.0,9588473844735.002,300,0.27189876209013164
cec2017,28,1,F28: Composition Function 9,cma_es,20265002,148817.84368594934,2800.0,146017.84368594934,300,0.13543326989747584
cec2017,28,1,F28: Composition Function 9,de,20265002,16579760.459781626,2800.0,16576960.459781626,300,0.1249478510580957
cec2017,28,1,F28: Composition Function 9,random,20265002,886830293.4193457,2800.0,886827493.4193457,300,0.10686770384199917
cec2017,28,1,F28: Composition Function 9,full,20265003,44266740729.020386,2800.0,44266737929.020386,300,0.9956691588740796
cec2017,28,1,F28: Composition Function 9,anchor_only,20265003,987101394804.6252,2800.0,987101392004.6252,300,0.262621128000319
cec2017,28,1,F28: Composition Function 9,cma_es,20265003,217598.9461386621,2800.0,214798.9461386621,300,0.1568650749977678
cec2017,28,1,F28: Composition Function 9,de,20265003,101843814.28933243,2800.0,101841014.28933243,300,0.1280750131700188
cec2017,28,1,F28: Composition Function 9,random,20265003,30939606.60377272,2800.0,30936806.60377272,300,0.11425167298875749
cec2017,28,1,F28: Composition Function 9,full,20265006,1063439212.9604496,2800.0,1063436412.9604496,300,0.9879810188431293
cec2017,28,1,F28: Composition Function 9,anchor_only,20265006,3184129980498.5317,2800.0,3184129977698.5317,300,0.23459888994693756
cec2017,28,1,F28: Composition Function 9,cma_es,20265006,88329.98064274275,2800.0,85529.98064274275,300,0.13024953310377896
cec2017,28,1,F28: Composition Function 9,de,20265006,70332625.96018957,2800.0,70329825.96018957,300,0.10647908900864422
cec2017,28,1,F28: Composition Function 9,random,20265006,1489677772.535733,2800.0,1489674972.535733,300,0.10285617504268885
cec2017,28,1,F28: Composition Function 9,full,20265004,318322694.245158,2800.0,318319894.245158,300,1.0350978639908135
cec2017,28,1,F28: Composition Function 9,anchor_only,20265004,318322694.245158,2800.0,318319894.245158,300,0.28718226007185876
cec2017,28,1,F28: Composition Function 9,cma_es,20265004,1060602.2814555787,2800.0,1057802.2814555787,300,0.1247131540440023
cec2017,28,1,F28: Composition Function 9,de,20265004,114224612.29836205,2800.0,114221812.29836205,300,0.13350110384635627
cec2017,28,1,F28: Composition Function 9,random,20265004,1521667581.0449595,2800.0,1521664781.0449595,300,0.11709972005337477
cec2017,28,1,F28: Composition Function 9,full,20265005,22583323034.514248,2800.0,22583320234.514248,300,1.0599624740425497
cec2017,28,1,F28: Composition Function 9,anchor_only,20265005,237807419177.97595,2800.0,237807416377.97595,300,0.26245845714583993
cec2017,28,1,F28: Composition Function 9,cma_es,20265005,3230988.05371932,2800.0,3228188.05371932,300,0.12845555902458727
cec2017,28,1,F28: Composition Function 9,de,20265005,92041531.04859221,2800.0,92038731.04859221,300,0.11684009898453951
cec2017,28,1,F28: Composition Function 9,random,20265005,200228422.9944748,2800.0,200225622.9944748,300,0.1120465958956629
cec2017,28,1,F28: Composition Function 9,full,20265007,514127966.639189,2800.0,514125166.639189,300,1.0141941490583122
cec2017,28,1,F28: Composition Function 9,anchor_only,20265007,18501898707.380856,2800.0,18501895907.380856,300,0.23843899904750288
cec2017,28,1,F28: Composition Function 9,cma_es,20265007,24284571.10332241,2800.0,24281771.10332241,300,0.1382103469222784
cec2017,28,1,F28: Composition Function 9,de,20265007,161401574.2727459,2800.0,161398774.2727459,300,0.11835085810162127
cec2017,28,1,F28: Composition Function 9,random,20265007,549998319.103039,2800.0,549995519.103039,300,0.1119937370531261
cec2017,29,1,F29: Composition Function 10,full,20265000,2015634186.4361196,2900.0,2015631286.4361196,300,0.9623636428732425
cec2017,29,1,F29: Composition Function 10,anchor_only,20265000,5393101175.213861,2900.0,5393098275.213861,300,0.2195432318840176
cec2017,29,1,F29: Composition Function 10,cma_es,20265000,142966401.64509088,2900.0,142963501.64509088,300,0.11345918104052544
cec2017,29,1,F29: Composition Function 10,de,20265000,1631331988.1609495,2900.0,1631329088.1609495,300,0.08314786199480295
cec2017,29,1,F29: Composition Function 10,random,20265000,2117801729.0686285,2900.0,2117798829.0686285,300,0.08047038316726685
cec2017,28,1,F28: Composition Function 9,full,20265009,26182290.975899655,2800.0,26179490.975899655,300,1.0294237860944122
cec2017,28,1,F28: Composition Function 9,anchor_only,20265009,33053863.919488467,2800.0,33051063.919488467,300,0.21118313097395003
cec2017,28,1,F28: Composition Function 9,cma_es,20265009,2168099.875794784,2800.0,2165299.875794784,300,0.12942464603111148
cec2017,28,1,F28: Composition Function 9,de,20265009,33053863.91948846,2800.0,33051063.91948846,300,0.12849981104955077
cec2017,28,1,F28: Composition Function 9,random,20265009,6735209.994663741,2800.0,6732409.994663741,300,0.0940815769135952
cec2017,29,1,F29: Composition Function 10,full,20265001,4509890595.899052,2900.0,4509887695.899052,300,1.0113275609910488
cec2017,29,1,F29: Composition Function 10,anchor_only,20265001,7369286463.775522,2900.0,7369283563.775522,300,0.20323335309512913
cec2017,29,1,F29: Composition Function 10,cma_es,20265001,248669562.92184225,2900.0,248666662.92184225,300,0.1016244578640908
cec2017,29,1,F29: Composition Function 10,de,20265001,695992953.0574119,2900.0,695990053.0574119,300,0.0941094639711082
cec2017,29,1,F29: Composition Function 10,random,20265001,3420461447.917152,2900.0,3420458547.917152,300,0.0702769011259079
cec2017,28,1,F28: Composition Function 9,full,20265008,17803272059.320553,2800.0,17803269259.320553,300,1.0669901790097356
cec2017,28,1,F28: Composition Function 9,anchor_only,20265008,701479638684.1334,2800.0,701479635884.1334,300,0.2616972990799695
cec2017,28,1,F28: Composition Function 9,cma_es,20265008,5752228.991349799,2800.0,5749428.991349799,300,0.16495041199959815
cec2017,28,1,F28: Composition Function 9,de,20265008,293946725.9897016,2800.0,293943925.9897016,300,0.1264798268675804
cec2017,28,1,F28: Composition Function 9,random,20265008,74212686.83693668,2800.0,74209886.83693668,300,0.09857004485093057
cec2017,29,1,F29: Composition Function 10,full,20265002,2348232927.3666687,2900.0,2348230027.3666687,300,0.9872445929795504
cec2017,29,1,F29: Composition Function 10,anchor_only,20265002,4623349397.569101,2900.0,4623346497.569101,300,0.2148702631238848
cec2017,29,1,F29: Composition Function 10,cma_es,20265002,158936383.4777372,2900.0,158933483.4777372,300,0.07225142605602741
cec2017,29,1,F29: Composition Function 10,de,20265002,255543151.84021825,2900.0,255540251.84021825,300,0.06915683508850634
cec2017,29,1,F29: Composition Function 10,random,20265002,1876232023.0417082,2900.0,1876229123.0417082,300,0.06329631805419922
cec2017,29,1,F29: Composition Function 10,full,20265003,1055531544.9561577,2900.0,1055528644.9561577,300,0.9944338519126177
cec2017,29,1,F29: Composition Function 10,anchor_only,20265003,1573255382.3751168,2900.0,1573252482.3751168,300,0.17618654994294047
cec2017,29,1,F29: Composition Function 10,cma_es,20265003,10179479.019472122,2900.0,10176579.019472122,300,0.10029944684356451
cec2017,29,1,F29: Composition Function 10,de,20265003,1498856068.4589467,2900.0,1498853168.4589467,300,0.07355845696292818
cec2017,29,1,F29: Composition Function 10,random,20265003,514268286.64468044,2900.0,514265386.64468044,300,0.05532443895936012
cec2017,29,1,F29: Composition Function 10,full,20265004,4108282572.164524,2900.0,4108279672.164524,300,0.8997367960400879
cec2017,29,1,F29: Composition Function 10,anchor_only,20265004,23645530643.30467,2900.0,23645527743.30467,300,0.18967402982525527
cec2017,29,1,F29: Composition Function 10,cma_es,20265004,124679092.13124472,2900.0,124676192.13124472,300,0.08866869192570448
cec2017,29,1,F29: Composition Function 10,de,20265004,720414064.8295684,2900.0,720411164.8295684,300,0.054204973857849836
cec2017,29,1,F29: Composition Function 10,random,20265004,1313561879.3169515,2900.0,1313558979.3169515,300,0.04974916880019009
cec2017,29,1,F29: Composition Function 10,full,20265005,965424761.145217,2900.0,965421861.145217,300,0.9421043929178268
cec2017,29,1,F29: Composition Function 10,anchor_only,20265005,965424761.145217,2900.0,965421861.145217,300,0.15887918998487294
cec2017,29,1,F29: Composition Function 10,cma_es,20265005,274937474.1374228,2900.0,274934574.1374228,300,0.07402561814524233
cec2017,29,1,F29: Composition Function 10,de,20265005,737872941.4888763,2900.0,737870041.4888763,300,0.05074444692581892
cec2017,29,1,F29: Composition Function 10,random,20265005,1155971140.5129058,2900.0,1155968240.5129058,300,0.03833563206717372
cec2017,29,1,F29: Composition Function 10,full,20265006,404035149.41528827,2900.0,404032249.41528827,300,0.8622871791012585
cec2017,29,1,F29: Composition Function 10,anchor_only,20265006,11891359197.74233,2900.0,11891356297.74233,300,0.14831038005650043
cec2017,29,1,F29: Composition Function 10,cma_es,20265006,61051637.293725014,2900.0,61048737.293725014,300,0.07309372397139668
cec2017,29,1,F29: Composition Function 10,de,20265006,1795196277.6208937,2900.0,1795193377.6208937,300,0.04800296598114073
cec2017,29,1,F29: Composition Function 10,random,20265006,1506377007.1228938,2900.0,1506374107.1228938,300,0.04808795917779207
cec2017,29,1,F29: Composition Function 10,full,20265007,2978643943.171923,2900.0,2978641043.171923,300,0.9331706380471587
cec2017,29,1,F29: Composition Function 10,anchor_only,20265007,5100927383.247007,2900.0,5100924483.247007,300,0.1377786269877106
cec2017,29,1,F29: Composition Function 10,cma_es,20265007,136945993.13386914,2900.0,136943093.13386914,300,0.06688159890472889
cec2017,29,1,F29: Composition Function 10,de,20265007,2398877344.470741,2900.0,2398874444.470741,300,0.056189488153904676
cec2017,29,1,F29: Composition Function 10,random,20265007,1656572888.7771888,2900.0,1656569988.7771888,300,0.04446961102075875
cec2017,29,1,F29: Composition Function 10,full,20265008,201125707.02717414,2900.0,201122807.02717414,300,0.8961450518108904
cec2017,29,1,F29: Composition Function 10,anchor_only,20265008,533944826.6954402,2900.0,533941926.6954402,300,0.15073489397764206
cec2017,29,1,F29: Composition Function 10,cma_es,20265008,178227050.55851123,2900.0,178224150.55851123,300,0.06908053602091968
cec2017,29,1,F29: Composition Function 10,de,20265008,51802962.65018833,2900.0,51800062.65018833,300,0.05641978094354272
cec2017,29,1,F29: Composition Function 10,random,20265008,1712436295.2051823,2900.0,1712433395.2051823,300,0.037565452978014946
cec2017,29,1,F29: Composition Function 10,full,20265009,960841147.1052428,2900.0,960838247.1052428,300,0.8443658449687064
cec2017,29,1,F29: Composition Function 10,anchor_only,20265009,960841147.1052428,2900.0,960838247.1052428,300,0.15468262694776058
cec2017,29,1,F29: Composition Function 10,cma_es,20265009,209808004.44808716,2900.0,209805104.44808716,300,0.06533887004479766
cec2017,29,1,F29: Composition Function 10,de,20265009,960841147.105243,2900.0,960838247.105243,300,0.043998417910188437
cec2017,29,1,F29: Composition Function 10,random,20265009,2736278119.7247057,2900.0,2736275219.7247057,300,0.03765808395110071
