dimension,seed,epoch,loss,validation
10,0,0,,0.07701200029502313
10,0,1,-0.10743424307373871,
10,0,2,-0.14246850418728882,
10,0,3,-0.09378062791398002,
10,0,4,-0.13929237549503645,
10,0,5,-0.1421318804948694,0.1082729377085343
10,0,6,-0.15267962316930705,
10,0,7,-0.19613051329118508,
10,0,8,-0.16841089017947933,
10,0,9,-0.16880380046657395,
10,0,10,-0.22774207416094017,0.13435211155511853
10,0,11,-0.22224048638923308,
10,0,12,-0.23755689668986535,
10,0,13,-0.2933144719443388,
10,0,14,-0.3391564065176579,
10,0,15,-0.32577730508314234,0.1840462542887609
10,0,16,-0.32707122816807693,
10,0,17,-0.3402896722157796,
10,0,18,-0.35221283634503686,
10,0,19,-0.3859412148594856,
10,0,20,-0.34624250667790585,0.22594507535298666
10,0,21,-0.4259152116460933,
10,0,22,-0.4257051197605,
10,0,23,-0.3819631880356206,
10,0,24,-0.374866829564174,
10,0,25,-0.41835649104581935,0.23815373983234167
10,0,26,-0.4655691641900274,
10,0,27,-0.3963039556725158,
10,0,28,-0.4397731853855981,
10,0,29,-0.4124302390134998,
10,0,30,-0.45804046425554495,0.24378352539820802
10,0,31,-0.3673709401239952,
10,0,32,-0.5126462200035651,
10,0,33,-0.4118530386024051,
10,0,34,-0.4270823875235187,
10,0,35,-0.4238748945709731,0.2500224817647702
10,0,36,-0.4443290032860305,
10,0,37,-0.4356512143794033,
10,0,38,-0.4387476640856927,
10,0,39,-0.41627463988131935,
10,0,40,-0.44918760305477506,0.2513699005875323
10,0,41,-0.45598328713741565,
10,0,42,-0.4640146015832822,
10,0,43,-0.47052762160698586,
10,0,44,-0.4142575816561778,
10,0,45,-0.46936475754612017,0.2527588817497922
10,0,46,-0.47573146451678516,
10,0,47,-0.47017329744994646,
10,0,48,-0.4539960190239879,
10,0,49,-0.44657270962165463,
10,0,50,-0.47633858645955723,0.2525220450738238
10,0,51,-0.4339496362954378,
10,0,52,-0.458245393095745,
10,0,53,-0.442463437302245,
10,0,54,-0.43037638502816367,
10,0,55,-0.43699408881366236,0.2565978264125685
10,0,56,-0.4747839607298375,
10,0,57,-0.47374780952102624,
10,0,58,-0.4596409716953834,
10,0,59,-0.4883841321700149,
10,0,60,-0.45268839990927107,0.2577956148630215
10,0,61,-0.4399227473056979,
10,0,62,-0.4066636980407769,
10,0,63,-0.4014661794321406,
10,0,64,-0.4777435405800739,
10,0,65,-0.49472505806220896,0.2557653517255353
10,0,66,-0.4610694580607944,
10,0,67,-0.4782857919732729,
10,0,68,-0.4436178439193302,
10,0,69,-0.4536382651163473,
10,0,70,-0.4456115665121211,0.2559454301889572
10,0,71,-0.4319101884547208,
10,0,72,-0.5057789116270012,
10,0,73,-0.464275024831295,
10,0,74,-0.4868845558828779,
10,0,75,-0.5139469930695164,0.2606396168573863
10,0,76,-0.4830319434404374,
10,0,77,-0.4804904400888416,
10,0,78,-0.45627502662440145,
10,0,79,-0.5044740852382448,
10,0,80,-0.48494504702587937,0.2592677665977842
10,0,81,-0.46407935230268377,
10,0,82,-0.4850165152715312,
10,0,83,-0.5098488918609089,
10,0,84,-0.5268860935337013,
10,0,85,-0.4743289179686043,0.25724386009905076
10,0,86,-0.45146677974197597,
10,0,87,-0.4911402937852673,
10,0,88,-0.4852787881261773,
10,0,89,-0.45686463473571676,
10,0,90,-0.4776209979835484,0.26031992455116576
10,0,91,-0.44105512897173565,
10,0,92,-0.5111964059372743,
10,0,93,-0.46970764526890396,
10,0,94,-0.4714099415060547,
10,0,95,-0.491946744836039,0.25918545734344256
10,0,96,-0.5421864255848858,
10,0,97,-0.514081221073866,
10,0,98,-0.48265609724654096,
10,0,99,-0.4747459536625278,
10,0,100,-0.4897310880737172,0.2605451546195481
10,0,101,-0.542992645667659,
10,0,102,-0.4909100987844996,
10,0,103,-0.470152604704102,
10,0,104,-0.49404403877755015,
10,0,105,-0.47745028614170026,0.2650598852067358
10,0,106,-0.4970784435669582,
10,0,107,-0.4801086590935785,
10,0,108,-0.48206274542543626,
10,0,109,-0.5435754145599074,
10,0,110,-0.4562230803486374,0.26216348979829085
10,0,111,-0.5528005899654496,
10,0,112,-0.46827294511927503,
10,0,113,-0.48905145004391687,
10,0,114,-0.512599708305465,
10,0,115,-0.5069617113719385,0.2620764937665727
10,0,116,-0.5044428408145903,
10,0,117,-0.482972898417049,
10,0,118,-0.5303420803199211,
10,0,119,-0.48775097893344027,
10,0,120,-0.47700164570576625,0.26411299661008847
10,0,121,-0.5057885143905878,
10,0,122,-0.47172498661610823,
10,0,123,-0.46430909468068016,
10,0,124,-0.5218033931321568,
10,0,125,-0.5056826205303273,0.26706152750800055
10,0,126,-0.5306100456251037,
10,0,127,-0.4756643637600872,
10,0,128,-0.4453889367481072,
10,0,129,-0.4875394358403153,
10,0,130,-0.5056689197404518,0.2594273308188551
10,0,131,-0.5285814944654702,
10,0,132,-0.49904113304283876,
10,0,133,-0.48274516459140515,
10,0,134,-0.5258242504464256,
10,0,135,-0.5695884269144802,0.2658757797131936
10,0,136,-0.5563767854538227,
10,0,137,-0.44700939663582406,
10,0,138,-0.46272549240125554,
10,0,139,-0.5261718448665408,
10,0,140,-0.5110548968530362,0.26867911426557434
10,0,141,-0.4832076047443681,
10,0,142,-0.46409175213840265,
10,0,143,-0.48802967514428836,
10,0,144,-0.45408393318454426,
10,0,145,-0.46529196865028793,0.2688269318184919
10,0,146,-0.5132966275430388,
10,0,147,-0.44691865891218185,
10,0,148,-0.4923611154986753,
10,0,149,-0.5194829462303054,
10,0,150,-0.497283238503668,0.26803430759658414
10,0,151,-0.530308238748047,
10,0,152,-0.4898227428396542,
10,0,153,-0.5014111155437099,
10,0,154,-0.5485975353254212,
10,0,155,-0.4594550209326878,0.2624901379458606
10,0,156,-0.4570738457971149,
10,0,157,-0.5610704330934417,
10,0,158,-0.44387287294699085,
10,0,159,-0.49942712361613906,
10,0,160,-0.5218718494806024,0.2590633413443963
10,0,161,-0.4707857767740886,
10,0,162,-0.4881930115322272,
10,0,163,-0.5381822167999214,
10,0,164,-0.5232717773566644,
10,0,165,-0.5136612775839038,0.2680089054111805
10,0,166,-0.5319826559474071,
10,0,167,-0.5356548672748936,
10,0,168,-0.5576706874287789,
10,0,169,-0.5230682481908135,
10,0,170,-0.5868964079353545,0.26846278329483336
10,0,171,-0.48030677665438914,
10,0,172,-0.496391613036394,
10,0,173,-0.507022548880842,
10,0,174,-0.5412265538341469,
10,0,175,-0.566477845526404,0.27013764318285716
10,0,176,-0.5082563244634204,
10,0,177,-0.522594729024503,
10,0,178,-0.5266141042941147,
10,0,179,-0.5090630654659536,
10,0,180,-0.5452842141191163,0.26950263873570496
10,0,181,-0.473665061303311,
10,0,182,-0.525608330965042,
10,0,183,-0.4876068983640935,
10,0,184,-0.5202513314369653,
10,0,185,-0.45629711200793566,0.27046627659971517
10,0,186,-0.48785128216776574,
10,0,187,-0.5441182545489734,
10,0,188,-0.5479725094305146,
10,0,189,-0.5190141879849962,
10,0,190,-0.5262758884992865,0.2698379332303173
10,0,191,-0.5576073411438199,
10,0,192,-0.5362950906985336,
10,0,193,-0.49331948782006907,
10,0,194,-0.5514974486496714,
10,0,195,-0.45044001564383507,0.26951120343680185
10,0,196,-0.4465740074714023,
10,0,197,-0.5111192700763544,
10,0,198,-0.5265787560492754,
10,0,199,-0.48921317545076226,
10,0,200,-0.543915738662084,0.272278502324803
10,0,201,-0.504490137928062,
10,0,202,-0.5347016327497034,
10,0,203,-0.5083151058190398,
10,0,204,-0.528335564666324,
10,0,205,-0.5494151200271314,0.26981983535612625
10,0,206,-0.5073418890436492,
10,0,207,-0.460892498286234,
10,0,208,-0.5409239162173537,
10,0,209,-0.5468584940665298,
10,0,210,-0.4740509699202247,0.2669859858643677
10,0,211,-0.5211310597757498,
10,0,212,-0.5168967557450136,
10,0,213,-0.42722675845854813,
10,0,214,-0.5126382944484552,
10,0,215,-0.5697829853743314,0.27051874834837186
10,0,216,-0.499417441793614,
10,0,217,-0.5540731576167873,
10,0,218,-0.4611847719384563,
10,0,219,-0.5091840517189767,
10,0,220,-0.5260050843159357,0.2677079025759465
10,0,221,-0.4751057720018758,
10,0,222,-0.5269677432046997,
10,0,223,-0.4711524970415565,
10,0,224,-0.5211761142644618,
10,0,225,-0.5323118675086234,0.27049218273411196
10,0,226,-0.5232920594927337,
10,0,227,-0.5197740702165498,
10,0,228,-0.4771285452362565,
10,0,229,-0.4811509855919414,
10,0,230,-0.5567624372326666,0.26926084809626144
10,0,231,-0.5616513832161824,
10,0,232,-0.4926866090132131,
10,0,233,-0.5378722184234195,
10,0,234,-0.5521427043196228,
10,0,235,-0.5433973603778418,0.2729416341624326
10,0,236,-0.548163644141621,
10,0,237,-0.49347344372007584,
10,0,238,-0.5195319288306767,
10,0,239,-0.5481752525601122,
10,0,240,-0.5288487122290664,0.271590708858437
10,0,241,-0.529299350662364,
10,0,242,-0.5522883139136765,
10,0,243,-0.5172640401870013,
10,0,244,-0.4957985882129933,
10,0,245,-0.4800007459190156,0.2674948811634547
10,0,246,-0.5179931883596711,
10,0,247,-0.4837245628651645,
10,0,248,-0.5463018289042845,
10,0,249,-0.5149359289142821,
10,0,250,-0.495504009226958,0.2723716213885281
10,0,251,-0.5816392362531689,
10,0,252,-0.5273675434291363,
10,0,253,-0.4995309772590795,
10,0,254,-0.5065622687753705,
10,0,255,-0.49673609269989855,0.2738946147987412
10,0,256,-0.5179859517763058,
10,0,257,-0.4718986190855503,
10,0,258,-0.4946021385904816,
10,0,259,-0.5080785502990087,
10,0,260,-0.4971409804291195,0.27209918004357153
10,0,261,-0.5592419592042764,
10,0,262,-0.48076709649629057,
10,0,263,-0.5136377205037407,
10,0,264,-0.5669726236826845,
10,0,265,-0.5522958226501943,0.2675163102750149
10,0,266,-0.5127595718950032,
10,0,267,-0.6077808241049448,
10,0,268,-0.47684856504201883,
10,0,269,-0.5611052382737401,
10,0,270,-0.5018606982711289,0.2710056985831923
10,0,271,-0.5739246683402194,
10,0,272,-0.5521947246872716,
10,0,273,-0.47790219055281735,
10,0,274,-0.5530178356501791,
10,0,275,-0.4819824407911962,0.2727582915168669
10,0,276,-0.4983732398185465,
10,0,277,-0.5265224453889662,
10,0,278,-0.4895187303837803,
10,0,279,-0.5582443873087566,
10,0,280,-0.5824124784105353,0.2716180257395738
10,0,281,-0.5591132442156475,
10,0,282,-0.465044554736879,
10,0,283,-0.5251404659615623,
10,0,284,-0.4788721129298212,
10,0,285,-0.5048707448359993,0.27016957031769884
10,0,286,-0.5426199494136703,
10,0,287,-0.5531663294467661,
10,0,288,-0.4713647291064263,
10,0,289,-0.43143787793815136,
10,0,290,-0.517886343308621,0.2717813099734485
10,0,291,-0.5314476295477812,
10,0,292,-0.5148724234766431,
10,0,293,-0.5296816476103333,
10,0,294,-0.46566049216522104,
10,0,295,-0.5444189663976432,0.26688766210443443
10,0,296,-0.5311340714494387,
10,0,297,-0.5404580587314234,
10,0,298,-0.5445290187166797,
10,0,299,-0.47143889301353037,
10,0,300,-0.4814272671937942,0.2712342481956714
10,0,301,-0.5927983514136739,
10,0,302,-0.5192744409044583,
10,0,303,-0.4637426104810503,
10,0,304,-0.5748983696103095,
10,0,305,-0.4746092582742374,0.27268658123082584
10,0,306,-0.4860549730559191,
10,0,307,-0.5118287466466426,
10,0,308,-0.5084834994955195,
10,0,309,-0.5330471973866224,
10,0,310,-0.5012553230755858,0.26993622744662893
10,0,311,-0.5151490068270099,
10,0,312,-0.45612879780431587,
10,0,313,-0.5526681794888444,
10,0,314,-0.4883489828142855,
10,0,315,-0.5775034965740312,0.27185504366126323
10,0,316,-0.5483096672428978,
10,0,317,-0.49763587489724154,
10,0,318,-0.48360615658263373,
10,0,319,-0.49054657978316146,
10,0,320,-0.5707415576196377,0.26979620459799963
10,0,321,-0.5027246692528328,
10,0,322,-0.5397478629731468,
10,0,323,-0.5735119707468482,
10,0,324,-0.5292927895983062,
10,0,325,-0.49597221468057895,0.2712621280613045
10,0,326,-0.5363788664754895,
10,0,327,-0.47864403699835145,
10,0,328,-0.5334508878489335,
10,0,329,-0.5305136965794695,
10,0,330,-0.4916026807493632,0.2722918916390174
10,0,331,-0.5617871036132178,
10,0,332,-0.5147105902433396,
10,0,333,-0.47819898608658046,
10,0,334,-0.5535857528448107,
10,0,335,-0.5187445672021971,0.26754324784916306
10,0,336,-0.512971844110224,
10,0,337,-0.5872858243270053,
10,0,338,-0.49410659964713777,
10,0,339,-0.5424527327219644,
10,0,340,-0.5879483825216689,0.26391130928984946
10,0,341,-0.531222765437431,
10,0,342,-0.5410237722098826,
10,0,343,-0.5211149776975315,
10,0,344,-0.4955165800121096,
10,0,345,-0.5172353374461331,0.27140644746315146
10,0,346,-0.5355879983140364,
10,0,347,-0.560515101171202,
10,0,348,-0.49485212316115684,
10,0,349,-0.5748635075158544,
10,0,350,-0.5054104909714726,0.2679210500791669
10,0,351,-0.4679703971164094,
10,0,352,-0.5053477841946815,
10,0,353,-0.5031421643992265,
10,0,354,-0.5332501828670503,
10,0,355,-0.49284537902308834,0.26931941136717796
10,0,356,-0.42666738956338823,
10,0,357,-0.5640562615460818,
10,0,358,-0.5011570110089247,
10,0,359,-0.5341622879107794,
10,0,360,-0.5315134844018352,0.2715680431574583
10,0,361,-0.5159394815564156,
10,0,362,-0.5971741072005694,
10,0,363,-0.5556175100306671,
10,0,364,-0.5208101229121288,
10,0,365,-0.5420350715931919,0.2713215533747441
10,0,366,-0.5438276963929335,
10,0,367,-0.5180019187844462,
10,0,368,-0.5813085621015893,
10,0,369,-0.5247329287230967,
10,0,370,-0.5599156899584665,0.2706743921670649
10,0,371,-0.5742888322307004,
10,0,372,-0.4639219051847855,
10,0,373,-0.5125994885133373,
10,0,374,-0.6001131927801501,
10,0,375,-0.49844832925332927,0.2696429799931745
10,0,376,-0.5116199784808688,
10,0,377,-0.5769875929173496,
10,0,378,-0.47842018223471106,
10,0,379,-0.5434010380672084,
10,0,380,-0.5054887661503421,0.2712126394423346
10,0,381,-0.5370010849502351,
10,0,382,-0.45350812851554817,
10,0,383,-0.5015643572227823,
10,0,384,-0.5044193329910438,
10,0,385,-0.5334529243409634,0.2716517683842944
10,0,386,-0.46619700640439987,
10,0,387,-0.5261710776636996,
10,0,388,-0.4959525374902619,
10,0,389,-0.5332294582492776,
10,0,390,-0.4849242928127448,0.272717936637087
10,0,391,-0.510669076608287,
10,0,392,-0.5696187789241475,
10,0,393,-0.47867064343558413,
10,0,394,-0.5328041791088052,
10,0,395,-0.5523553565144539,0.26278231458531487
10,0,396,-0.4812164567410946,
10,0,397,-0.502366591244936,
10,0,398,-0.5286159457431898,
10,0,399,-0.5801914259791374,
10,0,400,-0.5098961335089472,0.26972873855589163
10,0,401,-0.5626717567857767,
10,0,402,-0.4838038488394684,
10,0,403,-0.48427397654288346,
10,0,404,-0.5506565007898543,
10,0,405,-0.4968696422874927,0.26788748940452933
10,0,406,-0.49808686081733977,
10,0,407,-0.49147834194203227,
10,0,408,-0.5371071812179353,
10,0,409,-0.4650727767083381,
10,0,410,-0.5589430363227923,0.2700596817044748
10,0,411,-0.47154864503277666,
10,0,412,-0.5302133980310627,
10,0,413,-0.5226932345992987,
10,0,414,-0.5214583552959894,
10,0,415,-0.5468353579441706,0.2657942174312969
10,0,416,-0.4493020532859696,
10,0,417,-0.5198870663427644,
10,0,418,-0.5488719857401316,
10,0,419,-0.5081534290479289,
10,0,420,-0.47363793063494897,0.26878953750969636
10,0,421,-0.49536072214444477,
10,0,422,-0.4886507731344964,
10,0,423,-0.5028927649060884,
10,0,424,-0.5226389049655861,
10,0,425,-0.5326166972517968,0.2647956097498536
10,0,426,-0.5442720368090603,
10,0,427,-0.5495915998601253,
10,0,428,-0.5214811075064872,
10,0,429,-0.4945773910731077,
10,0,430,-0.4921243116259575,0.2695010567808317
10,0,431,-0.5624268539249897,
10,0,432,-0.5265329778194429,
10,0,433,-0.5440706890076398,
10,0,434,-0.5192043623990484,
10,0,435,-0.5155523622201548,0.26963158919372493
10,0,436,-0.48759105449749374,
10,0,437,-0.49853671756055623,
10,0,438,-0.5155414831307199,
10,0,439,-0.5193396556294627,
10,0,440,-0.5105584005100858,0.27029351362337667
10,0,441,-0.5445690482027001,
10,0,442,-0.5158819829424222,
10,0,443,-0.5701551391846604,
10,0,444,-0.5435582813289429,
10,0,445,-0.47586737655931055,0.26599485897976494
10,0,446,-0.4815079553259744,
10,0,447,-0.5380356533245908,
10,0,448,-0.5468886916836104,
10,0,449,-0.4820574464069472,
10,0,450,-0.5216318886313174,0.2686680275429454
10,0,451,-0.5847916367153327,
10,0,452,-0.45957744742433226,
10,0,453,-0.5483266247643365,
10,0,454,-0.5230398976968396,
10,0,455,-0.5215335124068791,0.26789458603080774
10,0,456,-0.518661233286063,
10,0,457,-0.5531428392148681,
10,0,458,-0.512058950132794,
10,0,459,-0.5424947217106819,
10,0,460,-0.5199996729691823,0.2691342567300631
10,0,461,-0.5172726371222073,
10,0,462,-0.564969935764869,
10,0,463,-0.5059500951319933,
10,0,464,-0.5411459060592785,
10,0,465,-0.5392171475622389,0.2702888722221057
10,0,466,-0.5379294359849559,
10,0,467,-0.5102448304080301,
10,0,468,-0.5577668086108234,
10,0,469,-0.5521529732892909,
10,0,470,-0.4871215973463323,0.2668301805646883
10,0,471,-0.5433776072329942,
10,0,472,-0.4745464807169305,
10,0,473,-0.5352937697122496,
10,0,474,-0.5379055686708953,
10,0,475,-0.528747263054053,0.2684773458685312
10,0,476,-0.5299925067358547,
10,0,477,-0.4916474752955966,
10,0,478,-0.5028553692003092,
10,0,479,-0.5841256578763326,
10,0,480,-0.4885220012317102,0.2687751006645461
10,0,481,-0.5288158270219961,
10,0,482,-0.5088098740412128,
10,0,483,-0.5286683282918401,
10,0,484,-0.508186267895831,
10,0,485,-0.5018994853728347,0.27123398716664976
10,0,486,-0.49998501688241953,
10,0,487,-0.5485629774630069,
10,0,488,-0.5112600475549698,
10,0,489,-0.5155626988659303,
10,0,490,-0.5168068290998539,0.26919567005501854
10,0,491,-0.5279005391316282,
10,0,492,-0.4960385200877984,
10,0,493,-0.5043051718837684,
10,0,494,-0.586371750260393,
10,0,495,-0.5369495041668416,0.2698957063257694
10,0,496,-0.4889656758556763,
10,0,497,-0.5931363989495568,
10,0,498,-0.5471913835240736,
10,0,499,-0.49221301327149086,
10,0,500,-0.45650945334798754,0.2695001768362191
10,0,501,-0.48138398904767304,
10,0,502,-0.5436123201830518,
10,0,503,-0.5169700566265317,
10,0,504,-0.46553300279710036,
10,0,505,-0.5046613624112474,0.2705806633974943
10,0,506,-0.5325495675206183,
10,0,507,-0.5463672462436889,
10,0,508,-0.505177318221993,
10,0,509,-0.4993427201277679,
10,0,510,-0.4704174179997709,0.26929959856594604
10,0,511,-0.5282475764138831,
10,0,512,-0.5413762517273425,
10,0,513,-0.49697563817931545,
10,0,514,-0.528222882706258,
10,0,515,-0.5609253477305176,0.26506700542651945
10,0,516,-0.49349634390738284,
10,0,517,-0.540564067868723,
10,0,518,-0.5222736315594779,
10,0,519,-0.49727011016673517,
10,0,520,-0.4857939260287416,0.271498709399667
10,0,521,-0.567074466910627,
10,0,522,-0.5274753746473126,
10,0,523,-0.5823556546949676,
10,0,524,-0.49625531542632334,
10,0,525,-0.5891894155906304,0.2671922405457331
10,0,526,-0.5305179616229403,
10,0,527,-0.504468212938971,
10,0,528,-0.5254878240327041,
10,0,529,-0.5329436796406904,
10,0,530,-0.5805505379620525,0.26905871612123317
10,0,531,-0.5463001196169192,
10,0,532,-0.5578657247953945,
10,0,533,-0.554101927826802,
10,0,534,-0.6124420807593398,
10,0,535,-0.552311007761293,0.2663979119517737
10,0,536,-0.5672284766203828,
10,0,537,-0.5207313804162873,
10,0,538,-0.47948541781968523,
10,0,539,-0.49652935854262786,
10,0,540,-0.537697518037425,0.26737777593856055
10,0,541,-0.5360749924762381,
10,0,542,-0.5471897754404281,
10,0,543,-0.5256688919746216,
10,0,544,-0.47706973552703846,
10,0,545,-0.45497174933552736,0.27061450408978593
10,0,546,-0.5679080782251227,
10,0,547,-0.507200421144565,
10,0,548,-0.4709865492251185,
10,0,549,-0.48148411408894576,
10,0,550,-0.5262788051946296,0.26837903287054765
10,0,551,-0.5175185737510523,
10,0,552,-0.5131908245384692,
10,0,553,-0.5143879941768117,
10,0,554,-0.5439885200725664,
10,0,555,-0.5057360803087552,0.2703199723942412
10,0,556,-0.5589196497781408,
10,0,557,-0.48557835610376465,
10,0,558,-0.6113291382789614,
10,0,559,-0.4936123132291767,
10,0,560,-0.5286405425932673,0.27227450710617834
10,0,561,-0.5135337190909518,
10,0,562,-0.4629425317462947,
10,0,563,-0.5202625832623906,
10,0,564,-0.49174808462460834,
10,0,565,-0.53821881632838,0.2670041549329956
10,0,566,-0.5319471516542963,
10,0,567,-0.5513007752597332,
10,0,568,-0.479012978159719,
10,0,569,-0.5593022962825164,
10,0,570,-0.4882143603430854,0.2674519691823257
10,0,571,-0.5080189377897316,
10,0,572,-0.5382350432789987,
10,0,573,-0.5637390706688167,
10,0,574,-0.4705714384714763,
10,0,575,-0.5269262091153196,0.2715012144504322
10,0,576,-0.5021264735195372,
10,0,577,-0.544948734343052,
10,0,578,-0.4785561278048489,
10,0,579,-0.5326986213525137,
10,0,580,-0.5152509187658628,0.26650497710539234
10,0,581,-0.5077613838430908,
10,0,582,-0.5268748719245194,
10,0,583,-0.5510507250825563,
10,0,584,-0.6286578526099523,
10,0,585,-0.5009830372614993,0.27256075277303654
10,0,586,-0.5492522261208959,
10,0,587,-0.4992771512932249,
10,0,588,-0.47673473051852644,
10,0,589,-0.5342481202549405,
10,0,590,-0.6048063673079016,0.2666592779051926
10,0,591,-0.49931523286634033,
10,0,592,-0.6036416687485245,
10,0,593,-0.5324858149720563,
10,0,594,-0.48525406171878177,
10,0,595,-0.508332380404075,0.27263717839701307
10,0,596,-0.5254724679721726,
10,0,597,-0.49130384830964935,
10,0,598,-0.5374102778732777,
10,0,599,-0.5203510286907356,
10,0,600,-0.5696205943822862,0.2655607421054608
10,0,601,-0.5005685113784341,
10,0,602,-0.5405272789713411,
10,0,603,-0.4925609193742275,
10,0,604,-0.5424500281612079,
10,0,605,-0.5308303804033333,0.2617415697831247
10,0,606,-0.4980270479702286,
10,0,607,-0.47701914442910087,
10,0,608,-0.5162541789727079,
10,0,609,-0.5566748037106463,
10,0,610,-0.54093677447074,0.26359950756240225
10,0,611,-0.5027676193664472,
10,0,612,-0.5207426320347521,
10,0,613,-0.5620429776608943,
10,0,614,-0.5108816586434841,
10,0,615,-0.4973889591379298,0.2684930458975335
10,0,616,-0.5181604888704088,
10,0,617,-0.542089019384649,
10,0,618,-0.5241453941497537,
10,0,619,-0.5208119638264178,
10,0,620,-0.6174154364400439,0.2683987876710792
10,0,621,-0.5438607136408486,
10,0,622,-0.5088537124296029,
10,0,623,-0.5048754415992233,
10,0,624,-0.48010235486759073,
10,0,625,-0.5096352810247077,0.2684434103882975
10,0,626,-0.5202089899943934,
10,0,627,-0.49093353417184615,
10,0,628,-0.5660504094428489,
10,0,629,-0.5118801024638945,
10,0,630,-0.500961983576417,0.2711936143330402
10,0,631,-0.5181458037760522,
10,0,632,-0.5289186711112658,
10,0,633,-0.5838753694875374,
10,0,634,-0.49078016293545573,
10,0,635,-0.5120352999203736,0.2669409884967738
10,0,636,-0.526082502884997,
10,0,637,-0.5326226312253209,
10,0,638,-0.4630580854912598,
10,0,639,-0.5070881508290768,
10,0,640,-0.5139156776583857,0.26778469053614473
10,0,641,-0.5471396543499498,
10,0,642,-0.46476688732703525,
10,0,643,-0.5470681979010499,
10,0,644,-0.5008435973690616,
10,0,645,-0.5150865945551132,0.27102640147010487
10,0,646,-0.5884349673158592,
10,0,647,-0.45954170078039175,
10,0,648,-0.5208156241310968,
10,0,649,-0.47606458452840655,
10,0,650,-0.5259443215197986,0.2682500922431548
10,0,651,-0.5602926992707781,
10,0,652,-0.48534882523947304,
10,0,653,-0.5275746571520965,
10,0,654,-0.5303445375627942,
10,0,655,-0.5115026061733565,0.27088160559328067
10,0,656,-0.5118149336841371,
10,0,657,-0.5141386911273002,
10,0,658,-0.495411370570461,
10,0,659,-0.5372737968961396,
10,0,660,-0.5042581643081373,0.2666259061338173
10,0,661,-0.5003429224921597,
10,0,662,-0.5617912790427606,
10,0,663,-0.5039333763221902,
10,0,664,-0.4796366145213443,
10,0,665,-0.5524607826438215,0.26975867700659567
10,0,666,-0.5352846599287457,
10,0,667,-0.49210327139331234,
10,0,668,-0.49612639389104307,
10,0,669,-0.5191177061448494,
10,0,670,-0.5239064149144624,0.2661751511299776
10,0,671,-0.5240169726312162,
10,0,672,-0.5364806358185079,
10,0,673,-0.44389803335070616,
10,0,674,-0.5091644744906161,
10,0,675,-0.49330416321754444,0.26651626147536767
10,0,676,-0.46787423723273797,
10,0,677,-0.5045580174773932,
10,0,678,-0.5445752373586099,
10,0,679,-0.517512593211399,
10,0,680,-0.48687646372450727,0.2668005775453316
10,0,681,-0.46448997780680656,
10,0,682,-0.5182001888751985,
10,0,683,-0.5624190691030688,
10,0,684,-0.5272768499950568,
10,0,685,-0.4828255499402681,0.27023495273250675
10,0,686,-0.4970922956450118,
10,0,687,-0.516595227436887,
10,0,688,-0.4807553113334709,
10,0,689,-0.5328005962073803,
10,0,690,-0.539108534447021,0.2704386717846824
10,0,691,-0.4916215781122448,
10,0,692,-0.5277200548185242,
10,0,693,-0.5077809082965056,
10,0,694,-0.5073999559713734,
10,0,695,-0.5634606132904688,0.2682977504510846
10,0,696,-0.5482416655868293,
10,0,697,-0.6146688858668009,
10,0,698,-0.5679851145380074,
10,0,699,-0.560954514063067,
10,0,700,-0.47719331934220255,0.26503714443080956
10,0,701,-0.4869728477464782,
10,0,702,-0.5393906450933882,
10,0,703,-0.568044485938218,
10,0,704,-0.5180603470653296,
10,0,705,-0.5296628651105695,0.26697900358380544
10,0,706,-0.5596931272496779,
10,0,707,-0.5096219711833531,
10,0,708,-0.5634120657212205,
10,0,709,-0.5056161859797107,
10,0,710,-0.5432385077906979,0.26820233050319886
10,0,711,-0.47723972155816025,
10,0,712,-0.5846654582354758,
10,0,713,-0.5190848923391765,
10,0,714,-0.4692209847271442,
10,0,715,-0.5074812881648539,0.2683103544016679
10,0,716,-0.5607044630580478,
10,0,717,-0.5204136653078927,
10,0,718,-0.4811934029890431,
10,0,719,-0.5174518794649177,
10,0,720,-0.5261269836790032,0.27086943455247414
10,0,721,-0.5470548296968143,
10,0,722,-0.5527752509547607,
10,0,723,-0.5226868093013765,
10,0,724,-0.5220101810991765,
10,0,725,-0.4988502081897523,0.2706951088168555
10,0,726,-0.5666651928590405,
10,0,727,-0.5155890054172941,
10,0,728,-0.599496484423677,
10,0,729,-0.4919303810844818,
10,0,730,-0.5108476057648659,0.2690013277137445
10,0,731,-0.5451349665721256,
10,0,732,-0.5825825869623158,
10,0,733,-0.46343282817138565,
10,0,734,-0.5597635532418886,
10,0,735,-0.5387365749726695,0.27037100297295386
10,0,736,-0.5080476059681841,
10,0,737,-0.4677368855724732,
10,0,738,-0.5027660313579772,
10,0,739,-0.5168049171980884,
10,0,740,-0.5106188636273147,0.27085463562980294
10,0,741,-0.5520553365349773,
10,0,742,-0.5387861198849146,
10,0,743,-0.5158609501603577,
10,0,744,-0.584632320743468,
10,0,745,-0.5927533470094203,0.26875631681953865
10,0,746,-0.5089752603736188,
10,0,747,-0.5470002941373322,
10,0,748,-0.5324481878843573,
10,0,749,-0.49348856798476654,
10,0,750,-0.5163607113063337,0.2698672752206524
10,0,751,-0.5036965041524836,
10,0,752,-0.44300168380141264,
10,0,753,-0.5168794824017418,
10,0,754,-0.5211122193270262,
10,0,755,-0.4878181301885181,0.26949725134505165
10,0,756,-0.5386382424169117,
10,0,757,-0.5041726926962535,
10,0,758,-0.4924461344877878,
10,0,759,-0.5491552543309,
10,0,760,-0.5210069376561376,0.26946022966876626
10,0,761,-0.5520564926167328,
10,0,762,-0.5152136906981469,
10,0,763,-0.5201786924153567,
10,0,764,-0.5389948334130977,
10,0,765,-0.5317234045101537,0.2688289412504269
10,0,766,-0.4967508096661833,
10,0,767,-0.4903660253104237,
10,0,768,-0.5160360516359409,
10,0,769,-0.5583698844744099,
10,0,770,-0.5183464197648896,0.2681015041242871
10,0,771,-0.49579025970564955,
10,0,772,-0.47091586018602055,
10,0,773,-0.5082156016594834,
10,0,774,-0.538487987799777,
10,0,775,-0.5660871956497431,0.2686802804366582
10,0,776,-0.4342686304201682,
10,0,777,-0.5454547479748725,
10,0,778,-0.5754992999136448,
10,0,779,-0.5312596193204324,
10,0,780,-0.5330745422591765,0.2670492497790191
10,0,781,-0.4981190943055682,
10,0,782,-0.5597569480952287,
10,0,783,-0.5594529137015342,
10,0,784,-0.47904771649175215,
10,0,785,-0.557286233951648,0.26751799876284266
10,0,786,-0.5474155754264857,
10,0,787,-0.5458455300993389,
10,0,788,-0.5495429755085045,
10,0,789,-0.5174742966062492,
10,0,790,-0.5054894095907609,0.2718963088053796
10,0,791,-0.5534750935104159,
10,0,792,-0.5360341034829615,
10,0,793,-0.5085253874874777,
10,0,794,-0.5601455770019031,
10,0,795,-0.573717750608921,0.26703500157843035
10,0,796,-0.5139200641877122,
10,0,797,-0.5234617582625813,
10,0,798,-0.5373734722120895,
10,0,799,-0.4834003599567546,
10,0,800,-0.5198132501294217,0.2683773893449042
10,0,801,-0.48426458591388316,
10,0,802,-0.4928866477890146,
10,0,803,-0.4907570713096195,
10,0,804,-0.5225294037825532,
10,0,805,-0.5167449652734729,0.2671388676390052
10,0,806,-0.582930034854346,
10,0,807,-0.5200668927282095,
10,0,808,-0.5108132316834396,
10,0,809,-0.5401453777319853,
10,0,810,-0.5239878963265154,0.2703038186041845
10,0,811,-0.49750638877352094,
10,0,812,-0.4793851226568222,
10,0,813,-0.5453508879161543,
10,0,814,-0.5269910204741689,
10,0,815,-0.5070712936835157,0.2686079376791086
10,0,816,-0.4947773011194335,
10,0,817,-0.4933089005450408,
10,0,818,-0.5448298001041015,
10,0,819,-0.5176487718191412,
10,0,820,-0.5387117897884712,0.268034590046025
10,0,821,-0.5350694739156299,
10,0,822,-0.523887550044391,
10,0,823,-0.47619674251311356,
10,0,824,-0.5094807305269772,
10,0,825,-0.471281642301215,0.26997811657687026
10,0,826,-0.5508637001944914,
10,0,827,-0.5495442944682306,
10,0,828,-0.5097032928218445,
10,0,829,-0.5226874417728847,
10,0,830,-0.5135186637441317,0.26530288879035246
10,0,831,-0.5706878263089394,
10,0,832,-0.5787191388921605,
10,0,833,-0.5230502407583923,
10,0,834,-0.564659786100189,
10,0,835,-0.4922360409465101,0.272467948962003
10,0,836,-0.5221683252602816,
10,0,837,-0.534001836139295,
10,0,838,-0.5463083026309807,
10,0,839,-0.5299207177013158,
10,0,840,-0.49950255225929946,0.26935172432826626
10,0,841,-0.540968532777495,
10,0,842,-0.5008631034029856,
10,0,843,-0.5322420381837423,
10,0,844,-0.5434781420562,
10,0,845,-0.4687418836272426,0.2689710153370268
10,0,846,-0.5277274184756809,
10,0,847,-0.5236345711681578,
10,0,848,-0.5295213270518516,
10,0,849,-0.47024163148469406,
10,0,850,-0.5547408954136901,0.2737701883436077
10,0,851,-0.5267597279614873,
10,0,852,-0.5431665769881674,
10,0,853,-0.5316980259699954,
10,0,854,-0.5066668740991089,
10,0,855,-0.5492531897293197,0.2674243503974544
10,0,856,-0.5347682320409353,
10,0,857,-0.5161909963935615,
10,0,858,-0.5700736674997541,
10,0,859,-0.4877544633216328,
10,0,860,-0.5356428426586921,0.2714058634204169
10,0,861,-0.5331024604125155,
10,0,862,-0.5006722178724078,
10,0,863,-0.5118107220364942,
10,0,864,-0.48499030950996613,
10,0,865,-0.5180201571848658,0.27215658511138624
10,0,866,-0.4783309756053819,
10,0,867,-0.5463741229226191,
10,0,868,-0.5566837671730254,
10,0,869,-0.5245240773591731,
10,0,870,-0.540836438536644,0.2616879342434307
10,0,871,-0.5233735475275253,
10,0,872,-0.5085175981124244,
10,0,873,-0.5320923340817294,
10,0,874,-0.5561696787675222,
10,0,875,-0.5495118958254656,0.26806767388350433
10,0,876,-0.5533789121028451,
10,0,877,-0.5471403660873572,
10,0,878,-0.5464290024505721,
10,0,879,-0.5045625194907188,
10,0,880,-0.5695307788749535,0.26794057184209424
10,0,881,-0.5056818758861888,
10,0,882,-0.5472604429556263,
10,0,883,-0.5289771610663997,
10,0,884,-0.5694384771502681,
10,0,885,-0.5796929575088952,0.26941813704454237
10,0,886,-0.4964193196760285,
10,0,887,-0.4618010239468681,
10,0,888,-0.55555857759383,
10,0,889,-0.4885977235519224,
10,0,890,-0.4984823995166356,0.26997046581365997
10,0,891,-0.5429309209187826,
10,0,892,-0.5424120964275465,
10,0,893,-0.5156320805350939,
10,0,894,-0.5308438046938844,
10,0,895,-0.5610570369495286,0.26250371305892867
10,0,896,-0.5108091057174735,
10,0,897,-0.510360114276409,
10,0,898,-0.5251408608423338,
10,0,899,-0.5145274998827114,
10,0,900,-0.5418483089241717,0.26878495509218836
10,0,901,-0.5128146242350339,
10,0,902,-0.5587256074779562,
10,0,903,-0.5486187674105167,
10,0,904,-0.4847664170795017,
10,0,905,-0.5494272907574973,0.2682447134931054
10,0,906,-0.531367405421204,
10,0,907,-0.5114308012028536,
10,0,908,-0.5482040161473883,
10,0,909,-0.4514517928991052,
10,0,910,-0.5335052650835779,0.2714841879076428
10,0,911,-0.5221300994356474,
10,0,912,-0.48700294436679953,
10,0,913,-0.48969351396792465,
10,0,914,-0.538111326802108,
10,0,915,-0.501086875796318,0.27017155770833295
10,0,916,-0.541235471351279,
10,0,917,-0.5333956633177068,
10,0,918,-0.5641424465510579,
10,0,919,-0.532538916501734,
10,0,920,-0.5056119552916952,0.2716261858327521
10,0,921,-0.4925205602000157,
10,0,922,-0.5282843591024479,
10,0,923,-0.5228401966806916,
10,0,924,-0.558533231417338,
10,0,925,-0.49362521121899283,0.2654675083855788
10,0,926,-0.5266835772328905,
10,0,927,-0.4390046441306671,
10,0,928,-0.4807258780217834,
10,0,929,-0.5731086023151875,
10,0,930,-0.5536049318810305,0.2663959273033672
10,0,931,-0.5197008121758697,
10,0,932,-0.5351292971107694,
10,0,933,-0.5769952481819525,
10,0,934,-0.5745722467286719,
10,0,935,-0.5927656470901438,0.2703007558981578
10,0,936,-0.5249733608216047,
10,0,937,-0.5144125980635484,
10,0,938,-0.530767890314261,
10,0,939,-0.5130046127984921,
10,0,940,-0.49858582889040304,0.26516985220627654
10,0,941,-0.5729326789991724,
10,0,942,-0.49870463978085255,
10,0,943,-0.5109348988367449,
10,0,944,-0.5269386399951247,
10,0,945,-0.602320013774766,0.269875627838903
10,0,946,-0.46693700924515724,
10,0,947,-0.5467194024887351,
10,0,948,-0.5748217975099883,
10,0,949,-0.5315963394112058,
10,0,950,-0.5303696253233487,0.26856734091416
10,0,951,-0.5791066038525765,
10,0,952,-0.5059323704077138,
10,0,953,-0.5203073836035199,
10,0,954,-0.5431863827009995,
10,0,955,-0.5724046673211788,0.2691023741952247
10,0,956,-0.5112559822284513,
10,0,957,-0.5781128195424875,
10,0,958,-0.6180281241734823,
10,0,959,-0.4683643016550276,
10,0,960,-0.49842596737047046,0.2643543832624952
10,0,961,-0.49757287133899,
10,0,962,-0.5377807021141052,
10,0,963,-0.5160017363313171,
10,0,964,-0.5416289303037857,
10,0,965,-0.5746544525027275,0.26783902575779295
10,0,966,-0.4937026771820253,
10,0,967,-0.5043958359294468,
10,0,968,-0.5452301140046781,
10,0,969,-0.46620215786000113,
10,0,970,-0.5193328745663166,0.26710653082571095
10,0,971,-0.4843880256844891,
10,0,972,-0.5370134239395459,
10,0,973,-0.5217714235186577,
10,0,974,-0.5184108023014333,
10,0,975,-0.6501509298880893,0.26712564249626464
10,0,976,-0.4935973501867718,
10,0,977,-0.5535435949762664,
10,0,978,-0.5296034850180148,
10,0,979,-0.5178140966842573,
10,0,980,-0.51533557764358,0.27023406399206984
10,0,981,-0.4918614625930787,
10,0,982,-0.5364066598316035,
10,0,983,-0.5090752359893587,
10,0,984,-0.48021277164419485,
10,0,985,-0.5464751267184814,0.2622374261522459
10,0,986,-0.510956081872185,
10,0,987,-0.5841347860793271,
10,0,988,-0.5440569838715924,
10,0,989,-0.5070008602407243,
10,0,990,-0.5039505399763583,0.2670991299156513
10,0,991,-0.5255890182322924,
10,0,992,-0.4939784268952078,
10,0,993,-0.5229467418458726,
10,0,994,-0.49513254335357076,
10,0,995,-0.5100204481018915,0.26930728730642134
10,0,996,-0.5264803075955974,
10,0,997,-0.5248581351091464,
10,0,998,-0.4800745869676273,
10,0,999,-0.5900811571627854,
10,0,1000,-0.5382840358134772,0.2678604604055484
10,1,0,,0.07482580961853576
10,1,1,-0.09553792210580367,
10,1,2,-0.1662778068437344,
10,1,3,-0.15431870248479146,
10,1,4,-0.21149475599587383,
10,1,5,-0.3076861382772526,0.1836452345467276
10,1,6,-0.32278455048799504,
10,1,7,-0.3581520337611438,
10,1,8,-0.3104526496802767,
10,1,9,-0.3601701967418194,
10,1,10,-0.4307255782186985,0.2200432864095395
10,1,11,-0.42359679047432214,
10,1,12,-0.3691844925698305,
10,1,13,-0.3889907757855123,
10,1,14,-0.39846440301173275,
10,1,15,-0.4016896877437831,0.2408423125743866
10,1,16,-0.42464066648648835,
10,1,17,-0.3761392736600504,
10,1,18,-0.39387814245290226,
10,1,19,-0.4182515194018681,
10,1,20,-0.39046580489310956,0.237119621804191
10,1,21,-0.422341601509187,
10,1,22,-0.433676571274797,
10,1,23,-0.38499379095931846,
10,1,24,-0.390623841020796,
10,1,25,-0.4165375102311374,0.23938808031380177
10,1,26,-0.45050765532586323,
10,1,27,-0.38928969349298204,
10,1,28,-0.4277160519527064,
10,1,29,-0.4186211017270883,
10,1,30,-0.42559798993170267,0.2361165762671994
10,1,31,-0.37038891638318694,
10,1,32,-0.47493135473794407,
10,1,33,-0.4117886968370941,
10,1,34,-0.4018557373848226,
10,1,35,-0.39650011021229953,0.24359342869785097
10,1,36,-0.41267407271597123,
10,1,37,-0.4100319960465033,
10,1,38,-0.40865744753844196,
10,1,39,-0.3905213210317824,
10,1,40,-0.4092463958594535,0.23815158940851688
10,1,41,-0.40774620510637766,
10,1,42,-0.4326505377474759,
10,1,43,-0.4241562947216961,
10,1,44,-0.4090049585534466,
10,1,45,-0.44427013003991705,0.24312607876749504
10,1,46,-0.4303429269542297,
10,1,47,-0.4366152656988966,
10,1,48,-0.4277134701195691,
10,1,49,-0.4362496772987975,
10,1,50,-0.43879900624354684,0.2415464860904548
10,1,51,-0.40999884758558536,
10,1,52,-0.41432035714387894,
10,1,53,-0.397257350385189,
10,1,54,-0.38931396148271025,
10,1,55,-0.40316560429831344,0.24357392530267438
10,1,56,-0.44009065276218784,
10,1,57,-0.42013882824944127,
10,1,58,-0.4144425369385215,
10,1,59,-0.44145561382174486,
10,1,60,-0.425065795580546,0.2412831057380471
10,1,61,-0.41235923228992355,
10,1,62,-0.4475046108580298,
10,1,63,-0.43741203078793156,
10,1,64,-0.4167928432838784,
10,1,65,-0.4449067647672362,0.23753427983158165
10,1,66,-0.42322049455510236,
10,1,67,-0.4178246837109327,
10,1,68,-0.4154700125671096,
10,1,69,-0.42658091398576903,
10,1,70,-0.4107381550388203,0.24166699550631973
10,1,71,-0.4045121214456028,
10,1,72,-0.45728484934402824,
10,1,73,-0.4222540122767291,
10,1,74,-0.4538493115040991,
10,1,75,-0.4742287242164214,0.24438532509116662
10,1,76,-0.4275564499613312,
10,1,77,-0.43031403732796514,
10,1,78,-0.4648303762078285,
10,1,79,-0.4837531929628717,
10,1,80,-0.44811756474276376,0.2448837587920328
10,1,81,-0.4277599884404077,
10,1,82,-0.43131814379658967,
10,1,83,-0.4771909171508418,
10,1,84,-0.48573566786944855,
10,1,85,-0.42622694476611084,0.24985138735630447
10,1,86,-0.4144061619622839,
10,1,87,-0.4433452350397904,
10,1,88,-0.4496658965945244,
10,1,89,-0.4391880513479312,
10,1,90,-0.450146345835593,0.2438575267377827
10,1,91,-0.38961139983601023,
10,1,92,-0.45959465184973347,
10,1,93,-0.4225092087354925,
10,1,94,-0.4178451885365778,
10,1,95,-0.4481933851622874,0.2461430845885641
10,1,96,-0.4947878443118599,
10,1,97,-0.4788338595794308,
10,1,98,-0.4273896668520239,
10,1,99,-0.42477991742392385,
10,1,100,-0.44691339010993647,0.24828733110593426
10,1,101,-0.495390440026919,
10,1,102,-0.4515367142028279,
10,1,103,-0.45060226238436163,
10,1,104,-0.4656977102988296,
10,1,105,-0.4372142679575416,0.24897169839176866
10,1,106,-0.435010507909788,
10,1,107,-0.42725099850859916,
10,1,108,-0.44370271803604233,
10,1,109,-0.47390981225503803,
10,1,110,-0.3958726132081614,0.24971075278396407
10,1,111,-0.5077365827229288,
10,1,112,-0.41915405024256974,
10,1,113,-0.44645040937595903,
10,1,114,-0.4553897132476173,
10,1,115,-0.4359429633865753,0.25153703754767776
10,1,116,-0.4503583932916323,
10,1,117,-0.42444217598272693,
10,1,118,-0.46195060656302506,
10,1,119,-0.4541144867738089,
10,1,120,-0.40880515736838186,0.25100890210726196
10,1,121,-0.4527012411918904,
10,1,122,-0.42803806604610545,
10,1,123,-0.3947605037440856,
10,1,124,-0.4631404686305257,
10,1,125,-0.44114083920915925,0.2509600339560873
10,1,126,-0.4629470298273697,
10,1,127,-0.42328640487458974,
10,1,128,-0.3917033891710971,
10,1,129,-0.44515439143611324,
10,1,130,-0.453765316762858,0.2479893538273043
10,1,131,-0.481143936721815,
10,1,132,-0.4445310696545574,
10,1,133,-0.4330076107548341,
10,1,134,-0.49080185757742983,
10,1,135,-0.5109874651663833,0.25231383290762704
10,1,136,-0.5016079184909662,
10,1,137,-0.41285033689604866,
10,1,138,-0.4092120826244354,
10,1,139,-0.4848807801802953,
10,1,140,-0.4698323071416882,0.25041950225002235
10,1,141,-0.4148717268059651,
10,1,142,-0.4198028817772865,
10,1,143,-0.43304873009522754,
10,1,144,-0.4029383154378997,
10,1,145,-0.4116714971346988,0.25223999273859793
10,1,146,-0.44340408469239867,
10,1,147,-0.42006227518949235,
10,1,148,-0.44308087622953785,
10,1,149,-0.4709804997675947,
10,1,150,-0.4531708757082622,0.2517392989765439
10,1,151,-0.45913841389119625,
10,1,152,-0.4379297776354684,
10,1,153,-0.4447249910897678,
10,1,154,-0.4625039415227042,
10,1,155,-0.43866614314417046,0.25327668054443264
10,1,156,-0.42963925997416186,
10,1,157,-0.49666252483924234,
10,1,158,-0.41664280970063466,
10,1,159,-0.451402186933491,
10,1,160,-0.4681689933770234,0.2511223187773592
10,1,161,-0.46310677400065803,
10,1,162,-0.44779823616974884,
10,1,163,-0.48036208541856873,
10,1,164,-0.48333072414000827,
10,1,165,-0.4714576645443836,0.2524424149240885
10,1,166,-0.4585378683275647,
10,1,167,-0.4890934804247485,
10,1,168,-0.5046982057392598,
10,1,169,-0.474179116388162,
10,1,170,-0.5226341198301977,0.25462128941176665
10,1,171,-0.4491878799680206,
10,1,172,-0.4301492377287811,
10,1,173,-0.469825018197298,
10,1,174,-0.4857694086515241,
10,1,175,-0.503834837426742,0.2528562232748502
10,1,176,-0.4479208153982956,
10,1,177,-0.4445327671451702,
10,1,178,-0.48198473991619223,
10,1,179,-0.4341210449735323,
10,1,180,-0.4617879341046016,0.2535380787837009
10,1,181,-0.4353307189626826,
10,1,182,-0.4667405239823792,
10,1,183,-0.4372655198805862,
10,1,184,-0.4870374910533428,
10,1,185,-0.4124919002254803,0.251922560390085
10,1,186,-0.43275182756284886,
10,1,187,-0.511845512729552,
10,1,188,-0.4989348974906737,
10,1,189,-0.4733971038626299,
10,1,190,-0.4845702683346138,0.25173942868908245
10,1,191,-0.497033266350627,
10,1,192,-0.4835645991067091,
10,1,193,-0.43810502563913656,
10,1,194,-0.4812724702060223,
10,1,195,-0.411000515644749,0.25591782118297285
10,1,196,-0.4107189944220914,
10,1,197,-0.45579846824208897,
10,1,198,-0.47886364782849955,
10,1,199,-0.45736973774102,
10,1,200,-0.49606352113187324,0.24553944698224464
10,1,201,-0.4226346905860636,
10,1,202,-0.48895294074383056,
10,1,203,-0.4598895209944911,
10,1,204,-0.4882443799740738,
10,1,205,-0.5066763868348466,0.2567632611737483
10,1,206,-0.4677083256344,
10,1,207,-0.4366080690589216,
10,1,208,-0.49637893649439013,
10,1,209,-0.48034698122905345,
10,1,210,-0.46078323904010987,0.25614621992119485
10,1,211,-0.46611799548069643,
10,1,212,-0.46240428007311285,
10,1,213,-0.4060837992777427,
10,1,214,-0.46983635177214944,
10,1,215,-0.5211532322896851,0.25400453128127587
10,1,216,-0.45976075737012756,
10,1,217,-0.49011202177239793,
10,1,218,-0.44299670909014016,
10,1,219,-0.46345165268414557,
10,1,220,-0.4848123025149107,0.25869282769660157
10,1,221,-0.466723706987169,
10,1,222,-0.4808741770684717,
10,1,223,-0.4328251009186108,
10,1,224,-0.46682204885615247,
10,1,225,-0.4816828320423762,0.2560631855804887
10,1,226,-0.48350232818888295,
10,1,227,-0.4818613696843385,
10,1,228,-0.4361184464974535,
10,1,229,-0.4347565083040132,
10,1,230,-0.48974023883541434,0.25484450352895593
10,1,231,-0.4924085618307192,
10,1,232,-0.4426522501226928,
10,1,233,-0.5061861715383,
10,1,234,-0.5053289083556997,
10,1,235,-0.48411283931798405,0.25441650787575376
10,1,236,-0.5128721294717656,
10,1,237,-0.4618697892874479,
10,1,238,-0.46724102232191295,
10,1,239,-0.5220042164954874,
10,1,240,-0.48956597761975396,0.24966133665293455
10,1,241,-0.4795364338076777,
10,1,242,-0.5029677372011874,
10,1,243,-0.47492745125459296,
10,1,244,-0.46035090440677273,
10,1,245,-0.46527560469177026,0.2563195250824922
10,1,246,-0.49601806244916385,
10,1,247,-0.4263387961934011,
10,1,248,-0.521156790976723,
10,1,249,-0.4791139055871302,
10,1,250,-0.45142679268287295,0.2522070014124943
10,1,251,-0.5173749629822042,
10,1,252,-0.500960834738281,
10,1,253,-0.48611099086701864,
10,1,254,-0.46038087043497294,
10,1,255,-0.4609536551353004,0.24923295713961124
10,1,256,-0.46257869092126697,
10,1,257,-0.43677957997553873,
10,1,258,-0.48925349737207097,
10,1,259,-0.4891063235700131,
10,1,260,-0.4629055574122403,0.25943893752992153
10,1,261,-0.5238507518337833,
10,1,262,-0.4598249459846152,
10,1,263,-0.47214040098090954,
10,1,264,-0.5178475539303486,
10,1,265,-0.5205526318815019,0.25722250689028037
10,1,266,-0.4753059577196836,
10,1,267,-0.5452085042165387,
10,1,268,-0.45184302267928916,
10,1,269,-0.4925772512538566,
10,1,270,-0.481785585068994,0.2492579124453995
10,1,271,-0.5201148477693399,
10,1,272,-0.5011709328326914,
10,1,273,-0.42709075162808097,
10,1,274,-0.4879564862284396,
10,1,275,-0.44030969238115675,0.2460324977679799
10,1,276,-0.47353569149143165,
10,1,277,-0.49726974384652245,
10,1,278,-0.4647200964391232,
10,1,279,-0.5061203856021166,
10,1,280,-0.5549270051221052,0.2564515032702022
10,1,281,-0.517101970811685,
10,1,282,-0.44424702061547167,
10,1,283,-0.48399812065892744,
10,1,284,-0.45384598668250786,
10,1,285,-0.4781970534887578,0.24962068323252928
10,1,286,-0.4986756365332337,
10,1,287,-0.5045481142070558,
10,1,288,-0.44840224480463414,
10,1,289,-0.40532497213118596,
10,1,290,-0.48190543365975214,0.2529030593836473
10,1,291,-0.48062943149771953,
10,1,292,-0.48513714865677876,
10,1,293,-0.480886056398352,
10,1,294,-0.43545020764900594,
10,1,295,-0.4785147385878696,0.2527774239165915
10,1,296,-0.49133586076398683,
10,1,297,-0.5029617928796343,
10,1,298,-0.49960884865787275,
10,1,299,-0.43134438908762396,
10,1,300,-0.4702328126877545,0.2502542238992949
10,1,301,-0.5545143965217804,
10,1,302,-0.49679124707149125,
10,1,303,-0.4373442116710875,
10,1,304,-0.5270363197972378,
10,1,305,-0.42934600325922184,0.2579203990495039
10,1,306,-0.46278039904104357,
10,1,307,-0.5048662204709318,
10,1,308,-0.4731459903220335,
10,1,309,-0.4987372656663259,
10,1,310,-0.4398229196667671,0.250218634131468
10,1,311,-0.5033795626627073,
10,1,312,-0.4291205832527742,
10,1,313,-0.5130201743708717,
10,1,314,-0.47335567946235346,
10,1,315,-0.5461742472317483,0.2531232708651159
10,1,316,-0.5226631630212067,
10,1,317,-0.4768066070973873,
10,1,318,-0.4621301628649234,
10,1,319,-0.4745814140058226,
10,1,320,-0.5525293602711625,0.2590331190990077
10,1,321,-0.4819363444629644,
10,1,322,-0.5108212414715024,
10,1,323,-0.5567882437672881,
10,1,324,-0.5041942625410027,
10,1,325,-0.46946496164633156,0.261784420762625
10,1,326,-0.5094690898226367,
10,1,327,-0.4659084338280891,
10,1,328,-0.5117218016336363,
10,1,329,-0.5034265944527255,
10,1,330,-0.474772101889054,0.2460947194033199
10,1,331,-0.49922643891639185,
10,1,332,-0.48615361667341656,
10,1,333,-0.47308811917901045,
10,1,334,-0.5072058437185153,
10,1,335,-0.4977685904337301,0.24652103226011
10,1,336,-0.492099405783746,
10,1,337,-0.548875483373801,
10,1,338,-0.4832143307560021,
10,1,339,-0.5164273389511639,
10,1,340,-0.559586052265432,0.2488918888589574
10,1,341,-0.5130675472319127,
10,1,342,-0.5078801744514041,
10,1,343,-0.49510230744878453,
10,1,344,-0.4933407029343975,
10,1,345,-0.4911718592047692,0.2515162715377907
10,1,346,-0.49656394641432494,
10,1,347,-0.5291199481321704,
10,1,348,-0.45310059065620106,
10,1,349,-0.5284993863768047,
10,1,350,-0.4850654337141248,0.24893363125415313
10,1,351,-0.4382370199180311,
10,1,352,-0.4759951130383544,
10,1,353,-0.47246087301108575,
10,1,354,-0.4981344482964939,
10,1,355,-0.46930082701146614,0.2564390470635974
10,1,356,-0.4057123278164201,
10,1,357,-0.5393720300247273,
10,1,358,-0.46529162550965947,
10,1,359,-0.5146444212231371,
10,1,360,-0.5089597911056546,0.25198153287379277
10,1,361,-0.48815467167231774,
10,1,362,-0.5737853753897881,
10,1,363,-0.5158286698990397,
10,1,364,-0.5308089632954861,
10,1,365,-0.5158072678993146,0.25250438574908507
10,1,366,-0.5152905513015057,
10,1,367,-0.4984977593024572,
10,1,368,-0.5640004233767589,
10,1,369,-0.48380355971554906,
10,1,370,-0.5333940560619036,0.2527254289533529
10,1,371,-0.5366856039812167,
10,1,372,-0.45078649578822966,
10,1,373,-0.49219535353283084,
10,1,374,-0.5841603546092908,
10,1,375,-0.47492235464354365,0.2544415897379319
10,1,376,-0.4829090138276418,
10,1,377,-0.5632304778943461,
10,1,378,-0.4907986979103751,
10,1,379,-0.5212610430187651,
10,1,380,-0.48734483371178317,0.2530652508657012
10,1,381,-0.5050570056256319,
10,1,382,-0.4296262065569559,
10,1,383,-0.47217286191880714,
10,1,384,-0.48254537582397455,
10,1,385,-0.5205421344273621,0.26036665050519836
10,1,386,-0.4474346823990345,
10,1,387,-0.508012923101584,
10,1,388,-0.47436912564767747,
10,1,389,-0.5228672491179572,
10,1,390,-0.454393032938242,0.2549222242087126
10,1,391,-0.4813843112852838,
10,1,392,-0.544267630411519,
10,1,393,-0.4926395830180911,
10,1,394,-0.5072537677155601,
10,1,395,-0.5435839696890777,0.254112742944724
10,1,396,-0.4955356437712907,
10,1,397,-0.481784133447541,
10,1,398,-0.507507271029883,
10,1,399,-0.5779945550279485,
10,1,400,-0.49043208609024685,0.2510219346731901
10,1,401,-0.5418433294528061,
10,1,402,-0.4538405653503207,
10,1,403,-0.4606492496612999,
10,1,404,-0.5266380092749994,
10,1,405,-0.47752190132935846,0.2578616142790351
10,1,406,-0.47479131321112317,
10,1,407,-0.4937409547468027,
10,1,408,-0.5262657793031797,
10,1,409,-0.46442024306290663,
10,1,410,-0.5267661580195029,0.2572908409767681
10,1,411,-0.45844833842582167,
10,1,412,-0.5201979827963643,
10,1,413,-0.4969417067865531,
10,1,414,-0.5094429736749994,
10,1,415,-0.5252751797023747,0.25372724022923243
10,1,416,-0.44498172754214865,
10,1,417,-0.49491996193925536,
10,1,418,-0.5405309345159265,
10,1,419,-0.4896269597940975,
10,1,420,-0.4580433230019278,0.26253339167063433
10,1,421,-0.4761903757850329,
10,1,422,-0.4738892465829848,
10,1,423,-0.4707290679216386,
10,1,424,-0.5177062042057514,
10,1,425,-0.51582623914712,0.26026552067034775
10,1,426,-0.5224209732065597,
10,1,427,-0.518523031224807,
10,1,428,-0.44884445828696085,
10,1,429,-0.4224328386286895,
10,1,430,-0.39373174392514765,0.2172309778009852
10,1,431,-0.41976600957827437,
10,1,432,-0.31235946497569483,
10,1,433,-0.3506880620908406,
10,1,434,-0.33126939108802206,
10,1,435,-0.36485451935893964,0.2125876478579206
10,1,436,-0.41905363669825935,
10,1,437,-0.4097068597459131,
10,1,438,-0.38904203536609816,
10,1,439,-0.43304635087649024,
10,1,440,-0.4661675281822681,0.2330922489054501
10,1,441,-0.4737460284183423,
10,1,442,-0.4667537746330103,
10,1,443,-0.5228709272212453,
10,1,444,-0.48062031095226604,
10,1,445,-0.406764290605982,0.23267217461640635
10,1,446,-0.4268797058612109,
10,1,447,-0.5046460324277481,
10,1,448,-0.5107481227152879,
10,1,449,-0.4437299312816726,
10,1,450,-0.450137364367644,0.24716258825113377
10,1,451,-0.5533913845817248,
10,1,452,-0.41414125470651514,
10,1,453,-0.5090567531685035,
10,1,454,-0.48509860742423266,
10,1,455,-0.47662886045873165,0.2536471339667009
10,1,456,-0.4749065327147642,
10,1,457,-0.5081199933257369,
10,1,458,-0.46758026195069147,
10,1,459,-0.505168636639913,
10,1,460,-0.49209342586497457,0.2563210795116093
10,1,461,-0.4600086224575837,
10,1,462,-0.5312522757384512,
10,1,463,-0.4670151308592823,
10,1,464,-0.5094800477640496,
10,1,465,-0.5095641584032111,0.25818766130962306
10,1,466,-0.475560084813171,
10,1,467,-0.4717672034684156,
10,1,468,-0.512988705188036,
10,1,469,-0.5056583701322477,
10,1,470,-0.4630083406551015,0.24940666059652963
10,1,471,-0.5089466923640834,
10,1,472,-0.4466936176435815,
10,1,473,-0.48849131332503415,
10,1,474,-0.5094015581740273,
10,1,475,-0.5012010128961669,0.25485671647927827
10,1,476,-0.48612252353794044,
10,1,477,-0.45211755877567666,
10,1,478,-0.4868547833628124,
10,1,479,-0.5514173851244979,
10,1,480,-0.45779736340045935,0.25383573915395474
10,1,481,-0.4936565425660876,
10,1,482,-0.46452649206750923,
10,1,483,-0.48032396203941763,
10,1,484,-0.48462829490502674,
10,1,485,-0.4754101503640414,0.25333282242839533
10,1,486,-0.47051491753922575,
10,1,487,-0.5126126942535241,
10,1,488,-0.5080910636526016,
10,1,489,-0.4793502026134066,
10,1,490,-0.487996682524681,0.2578033832833171
10,1,491,-0.49293350076509856,
10,1,492,-0.4688512235879898,
10,1,493,-0.461769776004884,
10,1,494,-0.5431714130358563,
10,1,495,-0.51389654353261,0.2610722512731122
10,1,496,-0.4525511637330055,
10,1,497,-0.5847427466263373,
10,1,498,-0.5067962221801281,
10,1,499,-0.45583823571602494,
10,1,500,-0.4401836819532845,0.2582497269225617
10,1,501,-0.4546629068338208,
10,1,502,-0.5193890059987702,
10,1,503,-0.47741471686297,
10,1,504,-0.43982076355152666,
10,1,505,-0.4603924186279376,0.26066182558942175
10,1,506,-0.5160127559469806,
10,1,507,-0.5190684758126732,
10,1,508,-0.4826452719668548,
10,1,509,-0.4632188729527924,
10,1,510,-0.4302852727058861,0.2577626339884268
10,1,511,-0.498663504090574,
10,1,512,-0.5047953000499144,
10,1,513,-0.4597789628638161,
10,1,514,-0.49890782145990253,
10,1,515,-0.540322743770149,0.2583074564140083
10,1,516,-0.4808623532040252,
10,1,517,-0.4970664642751217,
10,1,518,-0.4898921946684521,
10,1,519,-0.47574831814401675,
10,1,520,-0.4592249687347147,0.2567260352273782
10,1,521,-0.5263647010756863,
10,1,522,-0.525312542087502,
10,1,523,-0.5520918191307121,
10,1,524,-0.4761631588141122,
10,1,525,-0.5458284314307903,0.25806938484311104
10,1,526,-0.5102508370247152,
10,1,527,-0.4836377085496982,
10,1,528,-0.4956015582299894,
10,1,529,-0.5057505793455574,
10,1,530,-0.538269906408257,0.25971782150574857
10,1,531,-0.5261694430891011,
10,1,532,-0.5215754320638046,
10,1,533,-0.5321041511164771,
10,1,534,-0.5807214573853546,
10,1,535,-0.5287923034694461,0.2503260715554158
10,1,536,-0.5487559975849258,
10,1,537,-0.486569879990485,
10,1,538,-0.4436988590492141,
10,1,539,-0.48691399271289504,
10,1,540,-0.5051219092888964,0.25946685387235546
10,1,541,-0.5223817214783696,
10,1,542,-0.5250253002676699,
10,1,543,-0.491363981945647,
10,1,544,-0.45190856295327353,
10,1,545,-0.4380922961152262,0.25152024000676143
10,1,546,-0.5328931516657274,
10,1,547,-0.4936184270514382,
10,1,548,-0.45317318869961615,
10,1,549,-0.43966260304053645,
10,1,550,-0.49297379619545406,0.2619749390416675
10,1,551,-0.5076363777948751,
10,1,552,-0.49184228231509525,
10,1,553,-0.49486246063477474,
10,1,554,-0.46760480685366523,
10,1,555,-0.47126417607069004,0.2568056167413791
10,1,556,-0.5384046000738939,
10,1,557,-0.46259245338539284,
10,1,558,-0.5929512977600099,
10,1,559,-0.4740794559733734,
10,1,560,-0.4941229350450966,0.2491232492029667
10,1,561,-0.4821923414452209,
10,1,562,-0.43452353672020966,
10,1,563,-0.49878857036431623,
10,1,564,-0.4623435207953055,
10,1,565,-0.5127623072928853,0.25068495145791936
10,1,566,-0.5134870883905225,
10,1,567,-0.5338822487327787,
10,1,568,-0.4554897389478155,
10,1,569,-0.5410330883330768,
10,1,570,-0.47751875987483405,0.25333188174085486
10,1,571,-0.47655832643310236,
10,1,572,-0.514225463072459,
10,1,573,-0.5303465554283725,
10,1,574,-0.4613269629577796,
10,1,575,-0.48871445510950356,0.24915427999157044
10,1,576,-0.45517824921343053,
10,1,577,-0.5239113291932478,
10,1,578,-0.46039638254377574,
10,1,579,-0.513475270734893,
10,1,580,-0.4961470502118271,0.2578666807255811
10,1,581,-0.4827363729063008,
10,1,582,-0.5241928208205432,
10,1,583,-0.5295789146588908,
10,1,584,-0.607657188963559,
10,1,585,-0.4610055815428496,0.25863364995974636
10,1,586,-0.5109739533315103,
10,1,587,-0.46096308074063724,
10,1,588,-0.4545527911848493,
10,1,589,-0.496266590224372,
10,1,590,-0.5507384882205061,0.2567388192853994
10,1,591,-0.49362123674816566,
10,1,592,-0.5700906647576226,
10,1,593,-0.5157712325453757,
10,1,594,-0.4640632503562504,
10,1,595,-0.47624223969048923,0.2596158498587708
10,1,596,-0.49211877501673174,
10,1,597,-0.4706101845949888,
10,1,598,-0.5029448868913783,
10,1,599,-0.5014916641844643,
10,1,600,-0.5497905852066146,0.2557171909655962
10,1,601,-0.48033234083818066,
10,1,602,-0.5093710128631856,
10,1,603,-0.44517240838872046,
10,1,604,-0.5126826603793436,
10,1,605,-0.4991741722656621,0.24927156201253334
10,1,606,-0.4928199077645938,
10,1,607,-0.41467931949430037,
10,1,608,-0.4741736139274305,
10,1,609,-0.5294505767524242,
10,1,610,-0.5197305217799214,0.25061370530683136
10,1,611,-0.47543016759057843,
10,1,612,-0.506207756491171,
10,1,613,-0.5342874469028578,
10,1,614,-0.4872894293318192,
10,1,615,-0.49589034852882236,0.25211274173731607
10,1,616,-0.49519823429485155,
10,1,617,-0.5215220627271466,
10,1,618,-0.4983740119884412,
10,1,619,-0.5078908666554425,
10,1,620,-0.6024474116663139,0.25313972474800217
10,1,621,-0.4969953279942273,
10,1,622,-0.4760354430311256,
10,1,623,-0.4811722762468788,
10,1,624,-0.46135172972248656,
10,1,625,-0.4950829692598845,0.2514259329376121
10,1,626,-0.4675331984957058,
10,1,627,-0.46726039176185935,
10,1,628,-0.5453918228546779,
10,1,629,-0.4711094215098354,
10,1,630,-0.48832725526558024,0.25777907617804074
10,1,631,-0.49416125027669794,
10,1,632,-0.505997706618574,
10,1,633,-0.535768148385816,
10,1,634,-0.4593361640969912,
10,1,635,-0.49676612826685107,0.2621824696867002
10,1,636,-0.5067011821601125,
10,1,637,-0.5014648319532473,
10,1,638,-0.42994282104902803,
10,1,639,-0.49068444718917215,
10,1,640,-0.453786157588992,0.2537766819716328
10,1,641,-0.5138856290529172,
10,1,642,-0.4505570953090986,
10,1,643,-0.519805066080557,
10,1,644,-0.48542207500172985,
10,1,645,-0.4913014697117938,0.2608479796908796
10,1,646,-0.556753978961044,
10,1,647,-0.43343239650130266,
10,1,648,-0.5059727958093087,
10,1,649,-0.4405495791385571,
10,1,650,-0.4887980454497868,0.25271641628609764
10,1,651,-0.528943301902877,
10,1,652,-0.461771002660195,
10,1,653,-0.5007372252229187,
10,1,654,-0.5045595667842361,
10,1,655,-0.5141172065503069,0.2545169940114849
10,1,656,-0.4666584492143658,
10,1,657,-0.4892945827709304,
10,1,658,-0.48374136371745013,
10,1,659,-0.5112651321623061,
10,1,660,-0.4795515922208628,0.2518124653336902
10,1,661,-0.48973678735395254,
10,1,662,-0.5209476163403856,
10,1,663,-0.4664367996156216,
10,1,664,-0.4543691409958733,
10,1,665,-0.5411753911111089,0.25257543195039034
10,1,666,-0.5132532782024808,
10,1,667,-0.4559026058349346,
10,1,668,-0.4609329931231008,
10,1,669,-0.4885210920539169,
10,1,670,-0.5043194449196259,0.2530755197577592
10,1,671,-0.507911725797587,
10,1,672,-0.510404299116797,
10,1,673,-0.43678298840920127,
10,1,674,-0.4844102373139726,
10,1,675,-0.45360310561954975,0.25265297376447254
10,1,676,-0.45601175249450726,
10,1,677,-0.4859509476357036,
10,1,678,-0.5058303419500588,
10,1,679,-0.47079168384273845,
10,1,680,-0.4766214280906651,0.2590761196592616
10,1,681,-0.46138271565238637,
10,1,682,-0.5046351138088438,
10,1,683,-0.5388293895456526,
10,1,684,-0.4854018518494235,
10,1,685,-0.4327749906935625,0.25171850223301184
10,1,686,-0.4652288386391268,
10,1,687,-0.5127248726785182,
10,1,688,-0.4750014669779274,
10,1,689,-0.516641910498341,
10,1,690,-0.5137754655960534,0.2491809964283473
10,1,691,-0.4576168563216924,
10,1,692,-0.5068058555738794,
10,1,693,-0.4872957507355346,
10,1,694,-0.4802570059481594,
10,1,695,-0.5286145547611848,0.2571674399595294
10,1,696,-0.5216654456324048,
10,1,697,-0.5793498773127792,
10,1,698,-0.519767438992858,
10,1,699,-0.5319454144272541,
10,1,700,-0.4473332241177559,0.24788558762520552
10,1,701,-0.46246214128202867,
10,1,702,-0.5063410649696986,
10,1,703,-0.5444705747067927,
10,1,704,-0.5020500636763041,
10,1,705,-0.4827219113293621,0.2486372913958298
10,1,706,-0.5279479384836223,
10,1,707,-0.47234431488646406,
10,1,708,-0.5275261652552421,
10,1,709,-0.48838092800643707,
10,1,710,-0.49720353426204794,0.2421925317289101
10,1,711,-0.4502489910357528,
10,1,712,-0.5600737610624895,
10,1,713,-0.4769890134533246,
10,1,714,-0.438653993109862,
10,1,715,-0.4860904974242051,0.2481558029539883
10,1,716,-0.552574133293496,
10,1,717,-0.4922532828317749,
10,1,718,-0.4857675093743536,
10,1,719,-0.49875019904639983,
10,1,720,-0.5160275919155942,0.25402181693870163
10,1,721,-0.5234455863634747,
10,1,722,-0.5316342539671396,
10,1,723,-0.4920264559073582,
10,1,724,-0.497158356424835,
10,1,725,-0.4625113231854306,0.25583131171555984
10,1,726,-0.5528811582674584,
10,1,727,-0.5132487279673417,
10,1,728,-0.5689119299252829,
10,1,729,-0.4750039231859974,
10,1,730,-0.5035884401036633,0.253401892984079
10,1,731,-0.5070224199444057,
10,1,732,-0.5210410774581962,
10,1,733,-0.4743209982083904,
10,1,734,-0.5099052290121713,
10,1,735,-0.46832488829063046,0.2317802699463856
10,1,736,-0.4623450897634029,
10,1,737,-0.42715096991095286,
10,1,738,-0.4755069878366258,
10,1,739,-0.5025824002093741,
10,1,740,-0.4696883257064555,0.25137392881636816
10,1,741,-0.5257162751836911,
10,1,742,-0.5092315690384971,
10,1,743,-0.4980862285527918,
10,1,744,-0.5617499512930713,
10,1,745,-0.5472845192998645,0.23687587543908092
10,1,746,-0.4969036465303766,
10,1,747,-0.5079189907345507,
10,1,748,-0.4981010467227963,
10,1,749,-0.46596433346470195,
10,1,750,-0.4982364270836115,0.2506887090858072
10,1,751,-0.4943860394673214,
10,1,752,-0.42705578181064796,
10,1,753,-0.47169149149623185,
10,1,754,-0.4449547227058146,
10,1,755,-0.47759970298243887,0.2541196822292275
10,1,756,-0.5077056895113654,
10,1,757,-0.48780627383126146,
10,1,758,-0.4584000785317687,
10,1,759,-0.5264855023059579,
10,1,760,-0.5046271938416692,0.23847623438470894
10,1,761,-0.5169550908936394,
10,1,762,-0.4802472934954697,
10,1,763,-0.5151645081738632,
10,1,764,-0.5078326844506793,
10,1,765,-0.48116526814798516,0.24409313406795263
10,1,766,-0.4862450332277351,
10,1,767,-0.4656978429605564,
10,1,768,-0.5065537879450452,
10,1,769,-0.5285995503266651,
10,1,770,-0.48435543684495813,0.23664535199188524
10,1,771,-0.475614037985603,
10,1,772,-0.4117070312301318,
10,1,773,-0.4762558957768811,
10,1,774,-0.5319980387058524,
10,1,775,-0.5303551531914209,0.22567936224449012
10,1,776,-0.40180561443169904,
10,1,777,-0.522173658841186,
10,1,778,-0.5530002168897123,
10,1,779,-0.4960836337672339,
10,1,780,-0.5028679526100556,0.2524820772620539
10,1,781,-0.4882871918380261,
10,1,782,-0.5508592915203837,
10,1,783,-0.5196553969548809,
10,1,784,-0.43666850195990675,
10,1,785,-0.5291292365226482,0.2506347441424926
10,1,786,-0.5177643797877761,
10,1,787,-0.524870342678494,
10,1,788,-0.5154160087307293,
10,1,789,-0.4876778543823296,
10,1,790,-0.5064388478381767,0.25839241811384756
10,1,791,-0.5393215835922295,
10,1,792,-0.511420606738991,
10,1,793,-0.4877305765532785,
10,1,794,-0.5331563072072136,
10,1,795,-0.5581224306176105,0.2376325679425564
10,1,796,-0.46982822732792945,
10,1,797,-0.48796763167613094,
10,1,798,-0.5001198494186003,
10,1,799,-0.4642177542878522,
10,1,800,-0.5068180163701375,0.23904655772882202
10,1,801,-0.45715703939398133,
10,1,802,-0.47772794796360857,
10,1,803,-0.4707443461649948,
10,1,804,-0.5081374324444267,
10,1,805,-0.5059492000275189,0.2516873351091312
10,1,806,-0.5552174864957731,
10,1,807,-0.5087521117594508,
10,1,808,-0.49552653357386583,
10,1,809,-0.5172820310625766,
10,1,810,-0.526347286792265,0.26013908188583124
10,1,811,-0.46020018309354777,
10,1,812,-0.4664637833419773,
10,1,813,-0.5313818951447804,
10,1,814,-0.5006322730332614,
10,1,815,-0.5042907009936041,0.25110630313348437
10,1,816,-0.4651915803551674,
10,1,817,-0.46566425408754086,
10,1,818,-0.5139425001624558,
10,1,819,-0.4973414176040225,
10,1,820,-0.5193832696725924,0.25646116574191385
10,1,821,-0.5182965360581876,
10,1,822,-0.5049969375961357,
10,1,823,-0.46847966830763543,
10,1,824,-0.49215571209788317,
10,1,825,-0.45687396389742696,0.2539633678582807
10,1,826,-0.5228979550302028,
10,1,827,-0.5347190803537766,
10,1,828,-0.4888333723776869,
10,1,829,-0.49151694857411915,
10,1,830,-0.4968729671090842,0.2550137353957527
10,1,831,-0.5467184107336733,
10,1,832,-0.5237040865338511,
10,1,833,-0.5085252279208766,
10,1,834,-0.5351373977545235,
10,1,835,-0.4464568619926771,0.25284204228470725
10,1,836,-0.49097243282530045,
10,1,837,-0.5042435978021886,
10,1,838,-0.5011279694736002,
10,1,839,-0.4969501124901905,
10,1,840,-0.48795314898921394,0.25339324834446114
10,1,841,-0.5206588858531581,
10,1,842,-0.462038135362996,
10,1,843,-0.46784122391707356,
10,1,844,-0.5011065349810654,
10,1,845,-0.4547705596519842,0.2509087908288671
10,1,846,-0.5112934580279722,
10,1,847,-0.5040437132120132,
10,1,848,-0.4977988791134624,
10,1,849,-0.45154629647731775,
10,1,850,-0.4971799289600717,0.25145468757384354
10,1,851,-0.5038275321324667,
10,1,852,-0.5124184959050682,
10,1,853,-0.50943044345412,
10,1,854,-0.4982749881843725,
10,1,855,-0.5146925225853919,0.24837802324651015
10,1,856,-0.5033568019668261,
10,1,857,-0.45630969376199787,
10,1,858,-0.5505352674259079,
10,1,859,-0.4877011881520351,
10,1,860,-0.5043405900812811,0.25356387936820585
10,1,861,-0.49766841779152565,
10,1,862,-0.4744460615846846,
10,1,863,-0.4936935707098907,
10,1,864,-0.4664721580015288,
10,1,865,-0.4956682100892067,0.2514725719164643
10,1,866,-0.431178075571855,
10,1,867,-0.5313336178660393,
10,1,868,-0.5382820264332823,
10,1,869,-0.5051609654393461,
10,1,870,-0.501391051751044,0.23869332308984464
10,1,871,-0.46832146474884606,
10,1,872,-0.48609202686283326,
10,1,873,-0.5168267995533017,
10,1,874,-0.5155719485547807,
10,1,875,-0.5053709639857212,0.23510864477268317
10,1,876,-0.5283406289915243,
10,1,877,-0.5040817364222474,
10,1,878,-0.5018719064278735,
10,1,879,-0.47798643054233675,
10,1,880,-0.5568103690942129,0.24564236495643854
10,1,881,-0.46509884628984677,
10,1,882,-0.5228871899760431,
10,1,883,-0.4994862270024087,
10,1,884,-0.5122298141941428,
10,1,885,-0.5545307097749577,0.24852183228358626
10,1,886,-0.46241691191163337,
10,1,887,-0.44719675949050325,
10,1,888,-0.5236377850588825,
10,1,889,-0.4576545978585879,
10,1,890,-0.4739761720928881,0.2502696593680109
10,1,891,-0.5110454488959577,
10,1,892,-0.5187023060603274,
10,1,893,-0.46213990180856657,
10,1,894,-0.5069063181678454,
10,1,895,-0.5360321247329316,0.2491228595479495
10,1,896,-0.489140197634697,
10,1,897,-0.4592997154427899,
10,1,898,-0.5002920159863101,
10,1,899,-0.4864062110169066,
10,1,900,-0.5072788105656704,0.24651356639030078
10,1,901,-0.47284476045105195,
10,1,902,-0.5258106937011083,
10,1,903,-0.5179065865361028,
10,1,904,-0.4769493113789294,
10,1,905,-0.5266399534626139,0.25431737339951926
10,1,906,-0.5246956706460979,
10,1,907,-0.5019744460781417,
10,1,908,-0.5203311358475023,
10,1,909,-0.4328430965542793,
10,1,910,-0.498691472535332,0.2537206316159831
10,1,911,-0.503376562976175,
10,1,912,-0.4349181873516904,
10,1,913,-0.4500123754971558,
10,1,914,-0.5150841466254658,
10,1,915,-0.5011291613595354,0.24245638767671254
10,1,916,-0.5095405071559879,
10,1,917,-0.496948425968488,
10,1,918,-0.5483040842745039,
10,1,919,-0.5101024804429876,
10,1,920,-0.4868227926393349,0.2453752411270721
10,1,921,-0.4764623975174295,
10,1,922,-0.50680424604151,
10,1,923,-0.4914124198257923,
10,1,924,-0.5208231798476642,
10,1,925,-0.4747555044790109,0.2477341694239941
10,1,926,-0.45743386074900627,
10,1,927,-0.39132989404929996,
10,1,928,-0.4385338878879945,
10,1,929,-0.5316865336563852,
10,1,930,-0.49382131712304217,0.23962962958547804
10,1,931,-0.444346322160628,
10,1,932,-0.5022733302579986,
10,1,933,-0.5476642186856933,
10,1,934,-0.5589761442194383,
10,1,935,-0.5499342435763941,0.25797880885915625
10,1,936,-0.4986533191468982,
10,1,937,-0.46931837623318035,
10,1,938,-0.47256924522419763,
10,1,939,-0.4834224741078085,
10,1,940,-0.47488610756893973,0.2530981236422021
10,1,941,-0.5187399875786568,
10,1,942,-0.45256672261489767,
10,1,943,-0.45800390798184604,
10,1,944,-0.49843928507632673,
10,1,945,-0.5966394394636154,0.2509124452739747
10,1,946,-0.43032071015073187,
10,1,947,-0.5242103009174266,
10,1,948,-0.5524344496015047,
10,1,949,-0.5123393059604698,
10,1,950,-0.48188740760087984,0.24300351081829932
10,1,951,-0.5622622366580697,
10,1,952,-0.4765237886458636,
10,1,953,-0.5091674296806257,
10,1,954,-0.5116650940229495,
10,1,955,-0.5413014447937409,0.2548865383853101
10,1,956,-0.4812050693564945,
10,1,957,-0.5590414831207857,
10,1,958,-0.5854562148451806,
10,1,959,-0.41884889184600776,
10,1,960,-0.4571089992920557,0.2526754842450221
10,1,961,-0.47082667756411767,
10,1,962,-0.5055650296724503,
10,1,963,-0.47132885083556175,
10,1,964,-0.5118928473028873,
10,1,965,-0.563591873894135,0.25251549585825867
10,1,966,-0.4728981657988494,
10,1,967,-0.4535726292265787,
10,1,968,-0.5179193820804358,
10,1,969,-0.4374724063608382,
10,1,970,-0.497867769251267,0.2513929737680074
10,1,971,-0.48367356860803234,
10,1,972,-0.5143726091418002,
10,1,973,-0.48660979647603314,
10,1,974,-0.476204712357786,
10,1,975,-0.632268637004826,0.2501733019534085
10,1,976,-0.47305136339532006,
10,1,977,-0.5204149219724867,
10,1,978,-0.4946134272548887,
10,1,979,-0.49394248984754086,
10,1,980,-0.49272039781014115,0.25097160544505137
10,1,981,-0.4804077994906241,
10,1,982,-0.509932031441066,
10,1,983,-0.4930364030102888,
10,1,984,-0.44043828257256085,
10,1,985,-0.5196794654346174,0.24974516178998682
10,1,986,-0.4996917340904475,
10,1,987,-0.5423203648792372,
10,1,988,-0.5046242359611722,
10,1,989,-0.4806635768877135,
10,1,990,-0.5007983895225657,0.24848961778399017
10,1,991,-0.49576171197825003,
10,1,992,-0.4405499473214149,
10,1,993,-0.49006177898910314,
10,1,994,-0.4660700584451359,
10,1,995,-0.4833266244580348,0.26053128363047207
10,1,996,-0.5007002082549864,
10,1,997,-0.5001802725924386,
10,1,998,-0.4303757726318305,
10,1,999,-0.5697065072341096,
10,1,1000,-0.5272686433874898,0.24849995960377985
10,2,0,,0.06993000203510746
10,2,1,-0.08302596364066835,
10,2,2,-0.1339755177808305,
10,2,3,-0.08167379297729994,
10,2,4,-0.12023730951154395,
10,2,5,-0.14884273816520965,0.11411202155674498
10,2,6,-0.17166643299990228,
10,2,7,-0.2302864629827026,
10,2,8,-0.20683872968786293,
10,2,9,-0.24245628996545243,
10,2,10,-0.3260376734866037,0.16729150363244116
10,2,11,-0.3329357880478103,
10,2,12,-0.32897265421019667,
10,2,13,-0.3185799160144395,
10,2,14,-0.3535544079624945,
10,2,15,-0.33598580521841837,0.2164949534409162
10,2,16,-0.37595558083719677,
10,2,17,-0.345000405692392,
10,2,18,-0.35208019593523604,
10,2,19,-0.3685635036478439,
10,2,20,-0.3619450129982497,0.22499942632081607
10,2,21,-0.3758276804453797,
10,2,22,-0.4254319361514516,
10,2,23,-0.3840741250250075,
10,2,24,-0.3738597254786227,
10,2,25,-0.38976245994369174,0.23507233077867162
10,2,26,-0.45774763698379195,
10,2,27,-0.3721037155224219,
10,2,28,-0.40865415231221264,
10,2,29,-0.39338998579316675,
10,2,30,-0.42143804331620527,0.23324427880450255
10,2,31,-0.34665404425727003,
10,2,32,-0.46108047022587734,
10,2,33,-0.39545760986705614,
10,2,34,-0.38014512819548446,
10,2,35,-0.39807236836188375,0.23918001369262734
10,2,36,-0.40571192175977766,
10,2,37,-0.4063721003217829,
10,2,38,-0.3755964330501026,
10,2,39,-0.39569621657331794,
10,2,40,-0.41487540656493754,0.2384394340010153
10,2,41,-0.4052072924872239,
10,2,42,-0.42704016777376347,
10,2,43,-0.4096924892316261,
10,2,44,-0.3892651668025389,
10,2,45,-0.4484446595112483,0.24000820481321877
10,2,46,-0.4214379019621346,
10,2,47,-0.42966727643377245,
10,2,48,-0.4107352354460292,
10,2,49,-0.42017176250616717,
10,2,50,-0.4359571921328704,0.23836474865674973
10,2,51,-0.3979873551676671,
10,2,52,-0.4162266949812571,
10,2,53,-0.3924949667933915,
10,2,54,-0.38247517951660676,
10,2,55,-0.39603094301289976,0.24054415394655532
10,2,56,-0.4383022605131069,
10,2,57,-0.4095287455452812,
10,2,58,-0.41289176543553674,
10,2,59,-0.42372675053775305,
10,2,60,-0.40823642350733275,0.22361555943886438
10,2,61,-0.4089063290092681,
10,2,62,-0.4277133736759425,
10,2,63,-0.40575080613295256,
10,2,64,-0.4043269366439846,
10,2,65,-0.43693384486767983,0.23840579411221874
10,2,66,-0.4116775180316633,
10,2,67,-0.4035472631868389,
10,2,68,-0.4062924906611444,
10,2,69,-0.4094646759331226,
10,2,70,-0.3967911656945944,0.24382574959761566
10,2,71,-0.3985158472011488,
10,2,72,-0.4563105861759848,
10,2,73,-0.4124506314595541,
10,2,74,-0.45284149526721895,
10,2,75,-0.4738408368494776,0.24169695894751284
10,2,76,-0.4077157922503022,
10,2,77,-0.4246693201777008,
10,2,78,-0.45590709625846815,
10,2,79,-0.4681388059010108,
10,2,80,-0.4412896484136581,0.23749421728360984
10,2,81,-0.4031607266515494,
10,2,82,-0.4333217727641264,
10,2,83,-0.4727851440095237,
10,2,84,-0.47536331746313315,
10,2,85,-0.41999071919255787,0.24452085834410456
10,2,86,-0.39102749650677043,
10,2,87,-0.4494258510983653,
10,2,88,-0.4373056257350579,
10,2,89,-0.42325715575781137,
10,2,90,-0.437028891303473,0.23927784892213014
10,2,91,-0.3835258090661633,
10,2,92,-0.4446424148562882,
10,2,93,-0.4087611211256848,
10,2,94,-0.39957030386560494,
10,2,95,-0.4365531822873486,0.2402047919523385
10,2,96,-0.48295135051012045,
10,2,97,-0.4656270518898965,
10,2,98,-0.4212696055571238,
10,2,99,-0.40981980951295954,
10,2,100,-0.42900958077775103,0.24434784023712078
10,2,101,-0.483302802261379,
10,2,102,-0.4440499643484752,
10,2,103,-0.4369540943039787,
10,2,104,-0.4500805259578757,
10,2,105,-0.42134466415478133,0.24380256727130878
10,2,106,-0.43593465950753957,
10,2,107,-0.41239316906366086,
10,2,108,-0.4351405505504872,
10,2,109,-0.4620782846791877,
10,2,110,-0.37482724069721157,0.24481795226327246
10,2,111,-0.49950051742295415,
10,2,112,-0.4019923135638238,
10,2,113,-0.43076956582566095,
10,2,114,-0.4444268072644869,
10,2,115,-0.41994540538224917,0.24421553898395765
10,2,116,-0.44571138545870786,
10,2,117,-0.4143113144156005,
10,2,118,-0.4585858860777484,
10,2,119,-0.44131669050289524,
10,2,120,-0.3855716755820645,0.24248598153806394
10,2,121,-0.44968533722890747,
10,2,122,-0.41169775918953944,
10,2,123,-0.3847883256773153,
10,2,124,-0.4508830600728591,
10,2,125,-0.435638687055972,0.24220721542628276
10,2,126,-0.44609614647924895,
10,2,127,-0.4183490820642974,
10,2,128,-0.3785837580346399,
10,2,129,-0.42736276280548835,
10,2,130,-0.44875518315368235,0.24244620883837342
10,2,131,-0.46329216721157235,
10,2,132,-0.4346272529413303,
10,2,133,-0.4226816704289781,
10,2,134,-0.4764088127348159,
10,2,135,-0.49505115155544555,0.24615118161050809
10,2,136,-0.5029474248488744,
10,2,137,-0.40424321177932954,
10,2,138,-0.39748338816894424,
10,2,139,-0.46685227958692443,
10,2,140,-0.4587536955045329,0.23863907251507044
10,2,141,-0.3974066978941361,
10,2,142,-0.40622754539880485,
10,2,143,-0.41674383398559345,
10,2,144,-0.4019044306543139,
10,2,145,-0.39107021937767666,0.24722255523213083
10,2,146,-0.4383345244245397,
10,2,147,-0.4118015848928027,
10,2,148,-0.4396080484406815,
10,2,149,-0.4555538296699524,
10,2,150,-0.43831091374158865,0.24256000745420656
10,2,151,-0.45655682062109326,
10,2,152,-0.4197575276096662,
10,2,153,-0.4212347418069838,
10,2,154,-0.4549245517700911,
10,2,155,-0.42109194977415937,0.24844139328019488
10,2,156,-0.4200417858858903,
10,2,157,-0.5003028687917525,
10,2,158,-0.40660470806890076,
10,2,159,-0.43362473054892503,
10,2,160,-0.4562507751915189,0.2477580576410724
10,2,161,-0.44207923321260345,
10,2,162,-0.43306363415386945,
10,2,163,-0.46426272019743925,
10,2,164,-0.4715440277424122,
10,2,165,-0.45132232374615133,0.249158327985141
10,2,166,-0.4428675863891839,
10,2,167,-0.4715548211501704,
10,2,168,-0.4811276677581999,
10,2,169,-0.4648376332802904,
10,2,170,-0.5053667599956195,0.24922974402498868
10,2,171,-0.4359918317447105,
10,2,172,-0.43547513874040705,
10,2,173,-0.4662635353290372,
10,2,174,-0.48021966260340476,
10,2,175,-0.5008425215880075,0.25179268119649756
10,2,176,-0.43870058096945286,
10,2,177,-0.43783568321830685,
10,2,178,-0.47219029565652215,
10,2,179,-0.4096646739376917,
10,2,180,-0.4556701704859734,0.25121184557469356
10,2,181,-0.426201552980476,
10,2,182,-0.4549804559598366,
10,2,183,-0.41684856079518795,
10,2,184,-0.45089259391857517,
10,2,185,-0.3990866368015606,0.24826073522369066
10,2,186,-0.42654501191443867,
10,2,187,-0.4837771610667308,
10,2,188,-0.474890064034197,
10,2,189,-0.4464042662746376,
10,2,190,-0.47816551807853913,0.25032800037620795
10,2,191,-0.4908321849587889,
10,2,192,-0.4563697992513578,
10,2,193,-0.42664157350858056,
10,2,194,-0.4669238070233001,
10,2,195,-0.3907332360330555,0.25233223340991473
10,2,196,-0.3992542889383104,
10,2,197,-0.43644058911336814,
10,2,198,-0.47353344120913093,
10,2,199,-0.4556710057788425,
10,2,200,-0.48463389070497626,0.24991813379650316
10,2,201,-0.42163349708749187,
10,2,202,-0.471623073435492,
10,2,203,-0.42941716934243845,
10,2,204,-0.45434698152045416,
10,2,205,-0.4856356489989492,0.2501146712650855
10,2,206,-0.4633513287537627,
10,2,207,-0.42094582339955716,
10,2,208,-0.48627845156523924,
10,2,209,-0.47132097557187075,
10,2,210,-0.4352476106335719,0.24947515652618474
10,2,211,-0.45854374683565546,
10,2,212,-0.4321211965547667,
10,2,213,-0.39689138966302073,
10,2,214,-0.4640498544192976,
10,2,215,-0.5215188674628736,0.25160159579374725
10,2,216,-0.45128463601900476,
10,2,217,-0.4967065656350719,
10,2,218,-0.43458402218918013,
10,2,219,-0.45261364347404903,
10,2,220,-0.47221483786900836,0.252591494212134
10,2,221,-0.4384454507380723,
10,2,222,-0.47437195873094923,
10,2,223,-0.4450918140096796,
10,2,224,-0.4765685697396596,
10,2,225,-0.47958468604418963,0.25551362087329227
10,2,226,-0.4823163234525256,
10,2,227,-0.4767250948482089,
10,2,228,-0.4453865190347035,
10,2,229,-0.45131844240758145,
10,2,230,-0.503685237839818,0.2555655643550886
10,2,231,-0.512189046997163,
10,2,232,-0.44941738641096485,
10,2,233,-0.4811545653889577,
10,2,234,-0.5034887575440937,
10,2,235,-0.4829706673820814,0.25996451783511376
10,2,236,-0.5149449470142524,
10,2,237,-0.46248987420565546,
10,2,238,-0.4788134147723516,
10,2,239,-0.5131741828388638,
10,2,240,-0.48356455957723976,0.2495621462456054
10,2,241,-0.4833647145165337,
10,2,242,-0.5255115346776115,
10,2,243,-0.4769373147024048,
10,2,244,-0.46919988033672166,
10,2,245,-0.4773609081490173,0.2595159535606702
10,2,246,-0.503159480376376,
10,2,247,-0.44780593075686037,
10,2,248,-0.5224482336392007,
10,2,249,-0.5003070531205998,
10,2,250,-0.4781265089081394,0.2575012875927819
10,2,251,-0.5537910320692593,
10,2,252,-0.5305822975933552,
10,2,253,-0.4771415402905808,
10,2,254,-0.46992029104795724,
10,2,255,-0.45858938805758953,0.24729302654870683
10,2,256,-0.487530119717121,
10,2,257,-0.43979406874212956,
10,2,258,-0.48327081340054673,
10,2,259,-0.49284795216388166,
10,2,260,-0.4864479454441201,0.26086669094446635
10,2,261,-0.5381258999307951,
10,2,262,-0.485151136914889,
10,2,263,-0.49418555655413204,
10,2,264,-0.5611239127400848,
10,2,265,-0.5402918393827149,0.259381543741458
10,2,266,-0.4984798957076338,
10,2,267,-0.5865330025553703,
10,2,268,-0.44071960904532004,
10,2,269,-0.5365078561007975,
10,2,270,-0.5026967531690996,0.2585912184375856
10,2,271,-0.5600600973185565,
10,2,272,-0.5417546942416164,
10,2,273,-0.4683073440359698,
10,2,274,-0.530876183675395,
10,2,275,-0.464875399445494,0.25871120139749515
10,2,276,-0.4790853406820032,
10,2,277,-0.5103085792313019,
10,2,278,-0.4942253925320175,
10,2,279,-0.5438430783235364,
10,2,280,-0.5977238044142723,0.2688429418226911
10,2,281,-0.5577017387582196,
10,2,282,-0.42252857279446393,
10,2,283,-0.5135463484459454,
10,2,284,-0.4781847159481711,
10,2,285,-0.5042595505300496,0.265885619705336
10,2,286,-0.5225553477389945,
10,2,287,-0.549885702215963,
10,2,288,-0.4777156696137455,
10,2,289,-0.45526440752049296,
10,2,290,-0.5092278990066714,0.2632364231782655
10,2,291,-0.5322263565742308,
10,2,292,-0.5368408794618316,
10,2,293,-0.5198265231317946,
10,2,294,-0.4867871217429638,
10,2,295,-0.5423672815991772,0.269108257515149
10,2,296,-0.5550557699882324,
10,2,297,-0.5405977442860603,
10,2,298,-0.5206517684790823,
10,2,299,-0.47093056183722287,
10,2,300,-0.4956918917596342,0.27093085061965716
10,2,301,-0.6019020457234646,
10,2,302,-0.5478942828873793,
10,2,303,-0.49842930047048467,
10,2,304,-0.5772777359104819,
10,2,305,-0.47347702872422,0.26422800547960734
10,2,306,-0.49718627292248935,
10,2,307,-0.5547492713150052,
10,2,308,-0.519931399780843,
10,2,309,-0.5404236867196031,
10,2,310,-0.5157250571582053,0.2677585577281813
10,2,311,-0.5451567824929952,
10,2,312,-0.4567801832324929,
10,2,313,-0.5723961817307602,
10,2,314,-0.4756504450407291,
10,2,315,-0.5610266870094672,0.2560022148407168
10,2,316,-0.5536995650165613,
10,2,317,-0.5109998089157873,
10,2,318,-0.4906477832959759,
10,2,319,-0.4899226153890292,
10,2,320,-0.5587685991906457,0.25966274696919656
10,2,321,-0.4992394693609741,
10,2,322,-0.5503999679866766,
10,2,323,-0.5933649072216614,
10,2,324,-0.5208900403231381,
10,2,325,-0.47239476400944924,0.2611034440083636
10,2,326,-0.5306428095532787,
10,2,327,-0.49231425320936567,
10,2,328,-0.5488670546975402,
10,2,329,-0.5375934437745149,
10,2,330,-0.5149233291546502,0.2672314916530417
10,2,331,-0.576078936457634,
10,2,332,-0.5423226745592223,
10,2,333,-0.5332663369675477,
10,2,334,-0.5596229835516875,
10,2,335,-0.5336452830168935,0.26075541755805415
10,2,336,-0.5294001777138976,
10,2,337,-0.5934448364294238,
10,2,338,-0.5165295025540724,
10,2,339,-0.5468380902376442,
10,2,340,-0.6000897230373485,0.26937434454965925
10,2,341,-0.5491579584777355,
10,2,342,-0.5590345673263072,
10,2,343,-0.5322327994638019,
10,2,344,-0.5005665529105398,
10,2,345,-0.5240069296624924,0.2671745065082278
10,2,346,-0.5250204284158018,
10,2,347,-0.5848294887691737,
10,2,348,-0.5091516481091578,
10,2,349,-0.5563357530368699,
10,2,350,-0.5116106195168363,0.258495787365569
10,2,351,-0.4691491623719533,
10,2,352,-0.5122573777205415,
10,2,353,-0.5212590321898463,
10,2,354,-0.5196084748539659,
10,2,355,-0.49222921186851126,0.26087460628089804
10,2,356,-0.417709004961782,
10,2,357,-0.563991370300452,
10,2,358,-0.5089202438377672,
10,2,359,-0.5477863893740706,
10,2,360,-0.5353679036100707,0.2656761944914858
10,2,361,-0.5234121792018414,
10,2,362,-0.6128567126062181,
10,2,363,-0.5591366978155242,
10,2,364,-0.5658329894973173,
10,2,365,-0.5528420760399767,0.26181414495739674
10,2,366,-0.5410530666510265,
10,2,367,-0.520664201842414,
10,2,368,-0.6164163802233007,
10,2,369,-0.5555793789939746,
10,2,370,-0.5817751143541601,0.2721265588576595
10,2,371,-0.5857098402662408,
10,2,372,-0.5103240387721194,
10,2,373,-0.5225399562882052,
10,2,374,-0.6200649734172555,
10,2,375,-0.5242588366899223,0.26762395988528925
10,2,376,-0.4988410183125071,
10,2,377,-0.5816913636194333,
10,2,378,-0.5124593952463734,
10,2,379,-0.5570130555166138,
10,2,380,-0.5225877832207415,0.26920889913000995
10,2,381,-0.5300878789275882,
10,2,382,-0.4655433555858003,
10,2,383,-0.4870112494875987,
10,2,384,-0.5117053273651335,
10,2,385,-0.555343559425738,0.2634293459769752
10,2,386,-0.4471987750795153,
10,2,387,-0.5366628840565683,
10,2,388,-0.5170788793928094,
10,2,389,-0.5585496943030094,
10,2,390,-0.46855664377411205,0.26872245946692097
10,2,391,-0.5186413288530377,
10,2,392,-0.6002318530033033,
10,2,393,-0.5226251172522703,
10,2,394,-0.5545332866410414,
10,2,395,-0.5775250734554399,0.2629057479918831
10,2,396,-0.53562351461086,
10,2,397,-0.5287041585478518,
10,2,398,-0.5435576906634703,
10,2,399,-0.6197339908944235,
10,2,400,-0.5335070805417167,0.271220514136884
10,2,401,-0.5755925002611345,
10,2,402,-0.5084864608943461,
10,2,403,-0.5061042163934971,
10,2,404,-0.5693829038904774,
10,2,405,-0.5241999593045975,0.26506085021214354
10,2,406,-0.5150936051375337,
10,2,407,-0.5271212675919136,
10,2,408,-0.5457555196351475,
10,2,409,-0.49473948673241674,
10,2,410,-0.5812321460495391,0.27597189373854136
10,2,411,-0.49965464282366945,
10,2,412,-0.5577401363601288,
10,2,413,-0.5329530760645866,
10,2,414,-0.5423405522273645,
10,2,415,-0.5784618473715252,0.26520568080660367
10,2,416,-0.45806561700171894,
10,2,417,-0.5097613276706802,
10,2,418,-0.578872022529443,
10,2,419,-0.523650331215726,
10,2,420,-0.4915883681840367,0.2640376763107876
10,2,421,-0.49493067711591726,
10,2,422,-0.49907698854804045,
10,2,423,-0.5158746708184481,
10,2,424,-0.5513942703190778,
10,2,425,-0.5498512830171318,0.2694517395252155
10,2,426,-0.5480658233993583,
10,2,427,-0.5595771831770737,
10,2,428,-0.5363211453788812,
10,2,429,-0.5143156310336456,
10,2,430,-0.5102468048118883,0.27315581895204055
10,2,431,-0.5811555327640638,
10,2,432,-0.5593945458531379,
10,2,433,-0.5612566270348098,
10,2,434,-0.5159840018798908,
10,2,435,-0.5446497295051813,0.27024233817226356
10,2,436,-0.5145161752071644,
10,2,437,-0.4822645423312983,
10,2,438,-0.5372109657360449,
10,2,439,-0.5697591027451887,
10,2,440,-0.528341722778148,0.2727678907621238
10,2,441,-0.5664487079613736,
10,2,442,-0.5206502589086691,
10,2,443,-0.5599301097293695,
10,2,444,-0.5605914629995823,
10,2,445,-0.4826970195604695,0.26796879934974843
10,2,446,-0.49177140846020645,
10,2,447,-0.5594142853385871,
10,2,448,-0.5627272298766507,
10,2,449,-0.4910171565910181,
10,2,450,-0.5220045087238153,0.26324215148472124
10,2,451,-0.5930820757316221,
10,2,452,-0.47414674692683756,
10,2,453,-0.5470891379647784,
10,2,454,-0.5195354653729333,
10,2,455,-0.5158176662193404,0.26892591671397287
10,2,456,-0.5154265955918365,
10,2,457,-0.5669768963836962,
10,2,458,-0.5050527283714878,
10,2,459,-0.5517787995437783,
10,2,460,-0.5249832957569096,0.26588508755796486
10,2,461,-0.5070120309376055,
10,2,462,-0.5696136500272487,
10,2,463,-0.5091544923683008,
10,2,464,-0.5484199672937393,
10,2,465,-0.5482193455100058,0.27330709326391417
10,2,466,-0.5352559164166452,
10,2,467,-0.5220640330678887,
10,2,468,-0.5680480504201519,
10,2,469,-0.5630801831268601,
10,2,470,-0.49121459697683645,0.2697174198304613
10,2,471,-0.5455620833155181,
10,2,472,-0.49599711100260413,
10,2,473,-0.5363910612132814,
10,2,474,-0.5569514644642669,
10,2,475,-0.5411620075917907,0.27102001409770715
10,2,476,-0.5244864446835386,
10,2,477,-0.5045137353655363,
10,2,478,-0.5216969096412262,
10,2,479,-0.58468938122193,
10,2,480,-0.4941703137010335,0.26754350892992484
10,2,481,-0.5291527246849405,
10,2,482,-0.5065436613642507,
10,2,483,-0.5301834113068049,
10,2,484,-0.5142194177541468,
10,2,485,-0.5216392733984522,0.27124857974963057
10,2,486,-0.5138873358567556,
10,2,487,-0.5526686637765832,
10,2,488,-0.5295727786918482,
10,2,489,-0.5100056870530048,
10,2,490,-0.5324232861813573,0.269597542575664
10,2,491,-0.5388824803133807,
10,2,492,-0.5153549272153114,
10,2,493,-0.5015806092156303,
10,2,494,-0.5972875820265875,
10,2,495,-0.5372496551523606,0.2712142159644928
10,2,496,-0.5047951905677717,
10,2,497,-0.6165266877247227,
10,2,498,-0.5604440574016837,
10,2,499,-0.5025706667866972,
10,2,500,-0.4727546264313991,0.27412194660347367
10,2,501,-0.4857866594360935,
10,2,502,-0.566533568004767,
10,2,503,-0.5226547293778921,
10,2,504,-0.45666410649816186,
10,2,505,-0.513252829098039,0.2677683479980462
10,2,506,-0.5246473194824325,
10,2,507,-0.5585659605761369,
10,2,508,-0.5176837570551368,
10,2,509,-0.5003927962647544,
10,2,510,-0.4846409623407655,0.27283311335162985
10,2,511,-0.5395737598753637,
10,2,512,-0.5730153272549312,
10,2,513,-0.4951837890677983,
10,2,514,-0.5347465289135774,
10,2,515,-0.5764221913284725,0.26679378147754407
10,2,516,-0.5028188797748752,
10,2,517,-0.5358393662091758,
10,2,518,-0.5444367263052199,
10,2,519,-0.5095365713867877,
10,2,520,-0.48331727604899144,0.27371301082894206
10,2,521,-0.5740305197735629,
10,2,522,-0.5516873074488508,
10,2,523,-0.5938564572069379,
10,2,524,-0.5003947323809069,
10,2,525,-0.5784605199264153,0.27144904858950114
10,2,526,-0.5387684166845349,
10,2,527,-0.5119175871627196,
10,2,528,-0.5519245929188198,
10,2,529,-0.5452021153436766,
10,2,530,-0.5807632996390264,0.26410747583334643
10,2,531,-0.5582643118169572,
10,2,532,-0.5498092166251607,
10,2,533,-0.5498318792217308,
10,2,534,-0.617914237288965,
10,2,535,-0.559779489205943,0.2686394953893291
10,2,536,-0.5932242948975827,
10,2,537,-0.5274097387575443,
10,2,538,-0.47313302134474117,
10,2,539,-0.5149349764817293,
10,2,540,-0.5407218937244682,0.27616965036011404
10,2,541,-0.5500936239129965,
10,2,542,-0.5587028993500601,
10,2,543,-0.523101534280512,
10,2,544,-0.47251293104555875,
10,2,545,-0.4771225667662091,0.27240055297604865
10,2,546,-0.5648973015033535,
10,2,547,-0.5213488762577375,
10,2,548,-0.4994662768310971,
10,2,549,-0.47928995473517305,
10,2,550,-0.5414477067275182,0.26987961555520695
10,2,551,-0.5374922924157646,
10,2,552,-0.5211259050087795,
10,2,553,-0.5312538469831151,
10,2,554,-0.5688229646119809,
10,2,555,-0.513300522747967,0.2723653988602261
10,2,556,-0.5653663418359228,
10,2,557,-0.49315478963156545,
10,2,558,-0.6262202264948025,
10,2,559,-0.5018669277843502,
10,2,560,-0.5283774462425046,0.2725382930495673
10,2,561,-0.5284019044289987,
10,2,562,-0.4772899734477202,
10,2,563,-0.5391095829092795,
10,2,564,-0.4927186746564177,
10,2,565,-0.5445597343560723,0.27231788128200507
10,2,566,-0.5450585993627709,
10,2,567,-0.5691073988046909,
10,2,568,-0.47989412438538337,
10,2,569,-0.5701942087875472,
10,2,570,-0.5195456817746164,0.2682684011136492
10,2,571,-0.5073069561686779,
10,2,572,-0.5357368745737606,
10,2,573,-0.5690146550122234,
10,2,574,-0.4886284574038452,
10,2,575,-0.5305598051183754,0.27046749233785605
10,2,576,-0.5005926522943708,
10,2,577,-0.5761402344538106,
10,2,578,-0.4960605017840862,
10,2,579,-0.5474200006574391,
10,2,580,-0.5288539431575271,0.26808358351182604
10,2,581,-0.507508309971955,
10,2,582,-0.5443101245909929,
10,2,583,-0.568356017685599,
10,2,584,-0.6424748787863386,
10,2,585,-0.509442681653632,0.27196448508443105
10,2,586,-0.5518873594701289,
10,2,587,-0.5095430389046669,
10,2,588,-0.4947381205856799,
10,2,589,-0.542536770304044,
10,2,590,-0.6060692394773166,0.27328032932968604
10,2,591,-0.5186354991876416,
10,2,592,-0.6027728277775978,
10,2,593,-0.5422705676820544,
10,2,594,-0.4948772982590729,
10,2,595,-0.5203409646120337,0.26290359135924113
10,2,596,-0.5141231508718597,
10,2,597,-0.5005154402719603,
10,2,598,-0.5466602763368025,
10,2,599,-0.5292091386185753,
10,2,600,-0.5710667191694182,0.2687950269836519
10,2,601,-0.5027928544829291,
10,2,602,-0.5338996917837197,
10,2,603,-0.48029315264688593,
10,2,604,-0.5488334649966824,
10,2,605,-0.5397276601029766,0.26735531181717914
10,2,606,-0.5151976048946382,
10,2,607,-0.4821918027268517,
10,2,608,-0.5135114598605368,
10,2,609,-0.5679318793117999,
10,2,610,-0.574304211884737,0.27385275479820037
10,2,611,-0.5235238044212263,
10,2,612,-0.5457948411090507,
10,2,613,-0.5767900873389511,
10,2,614,-0.5264130915618604,
10,2,615,-0.5087079169849555,0.26807997489555013
10,2,616,-0.5294270066337452,
10,2,617,-0.5568667486723928,
10,2,618,-0.5160908380316364,
10,2,619,-0.5315863221055931,
10,2,620,-0.6271189182168905,0.27120769520600635
10,2,621,-0.5594019943641292,
10,2,622,-0.5136625220378239,
10,2,623,-0.5151365678757428,
10,2,624,-0.5054714994298086,
10,2,625,-0.5258335593259996,0.27214868382240337
10,2,626,-0.4907861000133884,
10,2,627,-0.5017103929486539,
10,2,628,-0.5824568449623055,
10,2,629,-0.5261734519153834,
10,2,630,-0.5195839245700175,0.2674334365357127
10,2,631,-0.5245112520125177,
10,2,632,-0.5327011446158091,
10,2,633,-0.5822517180608379,
10,2,634,-0.4962565530505445,
10,2,635,-0.5241279740714363,0.27382616688393885
10,2,636,-0.5422328969256747,
10,2,637,-0.5478805736121205,
10,2,638,-0.4841584790911939,
10,2,639,-0.5293264571163389,
10,2,640,-0.5043398657192787,0.27482717773980564
10,2,641,-0.5552842879874839,
10,2,642,-0.46661006038387615,
10,2,643,-0.5525489528146056,
10,2,644,-0.5051318005555205,
10,2,645,-0.5257600500351851,0.2739835850273569
10,2,646,-0.5943721152014202,
10,2,647,-0.4644618779420852,
10,2,648,-0.5249103595399195,
10,2,649,-0.4745085115234058,
10,2,650,-0.529304937356048,0.2692020813313623
10,2,651,-0.5665144266353711,
10,2,652,-0.47876024122039473,
10,2,653,-0.5336033391455809,
10,2,654,-0.5364213567227127,
10,2,655,-0.5150935026920505,0.27102182417487103
10,2,656,-0.5032067820429801,
10,2,657,-0.5315965457508962,
10,2,658,-0.5128030882527431,
10,2,659,-0.5441659664114316,
10,2,660,-0.5164463818073273,0.27275084300587576
10,2,661,-0.49400293764968717,
10,2,662,-0.5680106638206376,
10,2,663,-0.5266547178228695,
10,2,664,-0.5082932412624359,
10,2,665,-0.5672914994259677,0.27477219162715805
10,2,666,-0.5392414443194865,
10,2,667,-0.5034477880431547,
10,2,668,-0.5107564305265744,
10,2,669,-0.5304130175047451,
10,2,670,-0.5453908474495013,0.2693782654694385
10,2,671,-0.5351923077056804,
10,2,672,-0.5361959224359857,
10,2,673,-0.45780120624436266,
10,2,674,-0.5267882367802991,
10,2,675,-0.47748949233856475,0.27171195831356776
10,2,676,-0.491550733231836,
10,2,677,-0.5205499720242288,
10,2,678,-0.571858614890112,
10,2,679,-0.5239220752070346,
10,2,680,-0.515806914617618,0.2733227179075281
10,2,681,-0.48394241225388324,
10,2,682,-0.5429712360103927,
10,2,683,-0.5719455733067458,
10,2,684,-0.5335089912017187,
10,2,685,-0.48333500698208814,0.27431453086642754
10,2,686,-0.5011716983798478,
10,2,687,-0.5365540935761399,
10,2,688,-0.5079041574564245,
10,2,689,-0.5324086652447779,
10,2,690,-0.5422384743061333,0.26882524602115154
10,2,691,-0.48848451653288477,
10,2,692,-0.5379445159600841,
10,2,693,-0.5144430369966562,
10,2,694,-0.5251302387979296,
10,2,695,-0.5721235064168773,0.27262713977446157
10,2,696,-0.5445208729555208,
10,2,697,-0.6215329443415006,
10,2,698,-0.5671069243301948,
10,2,699,-0.5565516839010849,
10,2,700,-0.4815267889449994,0.2681185114197433
10,2,701,-0.5083352670901353,
10,2,702,-0.5319319980012047,
10,2,703,-0.5754858578244845,
10,2,704,-0.5259367579387294,
10,2,705,-0.529258040504323,0.2708074283372197
10,2,706,-0.5724877913792927,
10,2,707,-0.5185578637239007,
10,2,708,-0.5759446923103597,
10,2,709,-0.5361202344712283,
10,2,710,-0.5510651386446423,0.2653000019490719
10,2,711,-0.49160298622316784,
10,2,712,-0.5980285675161414,
10,2,713,-0.5102616424361865,
10,2,714,-0.4797593796004852,
10,2,715,-0.5097764115780592,0.2655092993647688
10,2,716,-0.5668901503086089,
10,2,717,-0.5256269826657242,
10,2,718,-0.4967529620561335,
10,2,719,-0.5199490375816823,
10,2,720,-0.5338733984778326,0.2671903611885177
10,2,721,-0.5382201919953028,
10,2,722,-0.5575330921759207,
10,2,723,-0.5279560687227381,
10,2,724,-0.5160438186592525,
10,2,725,-0.49292770235074884,0.2666260367259383
10,2,726,-0.5819544349279667,
10,2,727,-0.5342426188290118,
10,2,728,-0.6042292405747706,
10,2,729,-0.5036595722453462,
10,2,730,-0.5339830803374449,0.2713010315783322
10,2,731,-0.5417042440838284,
10,2,732,-0.5844421825475162,
10,2,733,-0.49263944021529626,
10,2,734,-0.5620018955734041,
10,2,735,-0.5487967214236656,0.27188919893362457
10,2,736,-0.5180765613913536,
10,2,737,-0.4670270747608609,
10,2,738,-0.513109857423438,
10,2,739,-0.537005448506938,
10,2,740,-0.5291667899323834,0.2721791616640985
10,2,741,-0.5566745257625977,
10,2,742,-0.5493221717576187,
10,2,743,-0.5416845213621855,
10,2,744,-0.5863434376402036,
10,2,745,-0.5952377056496012,0.27121595526114106
10,2,746,-0.5338963390224509,
10,2,747,-0.5576883465465572,
10,2,748,-0.5399924516677855,
10,2,749,-0.497808868272437,
10,2,750,-0.5197762975262272,0.2708307602442801
10,2,751,-0.5172456502914428,
10,2,752,-0.48985192055503524,
10,2,753,-0.5257249329653051,
10,2,754,-0.5199124517126216,
10,2,755,-0.5112358290288181,0.27305712012781036
10,2,756,-0.555150447620286,
10,2,757,-0.5041117589506839,
10,2,758,-0.4967941269278528,
10,2,759,-0.5638638623058797,
10,2,760,-0.5439775482647948,0.27044052434050375
10,2,761,-0.5633215088811185,
10,2,762,-0.5216039837234551,
10,2,763,-0.5427601378824976,
10,2,764,-0.5375603420866861,
10,2,765,-0.5347709036949608,0.2710982215487295
10,2,766,-0.5067403068145117,
10,2,767,-0.5021794618417819,
10,2,768,-0.5205166379196777,
10,2,769,-0.5726808481332328,
10,2,770,-0.5258836439914175,0.2708075525653031
10,2,771,-0.5090749385870165,
10,2,772,-0.46384575590491295,
10,2,773,-0.5136343282130029,
10,2,774,-0.5645242567277617,
10,2,775,-0.5745960916909905,0.27080163680430913
10,2,776,-0.4470923903087775,
10,2,777,-0.5595274675223562,
10,2,778,-0.5846866820421482,
10,2,779,-0.5324684302839969,
10,2,780,-0.5385275950862298,0.26746260726617443
10,2,781,-0.5082037684818108,
10,2,782,-0.571007750928402,
10,2,783,-0.5496243594421278,
10,2,784,-0.4903511400851939,
10,2,785,-0.5663755718204709,0.27514341613277793
10,2,786,-0.5449224739438959,
10,2,787,-0.5591335131062403,
10,2,788,-0.5360708104239571,
10,2,789,-0.5201109616706769,
10,2,790,-0.523372677879201,0.2761446857928402
10,2,791,-0.5722530653907193,
10,2,792,-0.5405419843478335,
10,2,793,-0.5048221144825219,
10,2,794,-0.556579370258583,
10,2,795,-0.570153247565031,0.27186819900655085
10,2,796,-0.5430117609600226,
10,2,797,-0.5327100859334071,
10,2,798,-0.5480260610994365,
10,2,799,-0.48251621590720284,
10,2,800,-0.5378220441440741,0.2688784074659149
10,2,801,-0.49580421919624,
10,2,802,-0.5150672244942851,
10,2,803,-0.5091594917078812,
10,2,804,-0.5262697885433832,
10,2,805,-0.5207035762982237,0.2649874742556777
10,2,806,-0.585503876209259,
10,2,807,-0.5452042700101934,
10,2,808,-0.5092876677711804,
10,2,809,-0.5489278079734908,
10,2,810,-0.551280493951506,0.25977286965482765
10,2,811,-0.4673899190707338,
10,2,812,-0.5042833120872577,
10,2,813,-0.5618248991668224,
10,2,814,-0.540877010880245,
10,2,815,-0.5267365355458524,0.2735287092315654
10,2,816,-0.49279150449567366,
10,2,817,-0.4811772482676639,
10,2,818,-0.5438352353456948,
10,2,819,-0.5283590079181724,
10,2,820,-0.5657875662048657,0.2731565680458314
10,2,821,-0.5448549874126912,
10,2,822,-0.527576469298866,
10,2,823,-0.4962401301082638,
10,2,824,-0.5126286544319656,
10,2,825,-0.46473958653708314,0.2631050559381644
10,2,826,-0.554978040771352,
10,2,827,-0.5692116073850129,
10,2,828,-0.5089484304189682,
10,2,829,-0.5248471014201641,
10,2,830,-0.5425187272744048,0.27051831093720263
10,2,831,-0.5893530663516786,
10,2,832,-0.5781573785675899,
10,2,833,-0.5230045115782156,
10,2,834,-0.5677226959831183,
10,2,835,-0.5005524686227242,0.26935357434882057
10,2,836,-0.5215303210748566,
10,2,837,-0.5390896548827488,
10,2,838,-0.5484775931884845,
10,2,839,-0.5223794581575526,
10,2,840,-0.5000846181064844,0.27133405519028503
10,2,841,-0.5597658157348633,
10,2,842,-0.5018293896896973,
10,2,843,-0.5405125139902035,
10,2,844,-0.5516351980881559,
10,2,845,-0.4913248680531978,0.27263158342490595
10,2,846,-0.5392892985708182,
10,2,847,-0.5386265054759054,
10,2,848,-0.5376003111402193,
10,2,849,-0.48680823586053323,
10,2,850,-0.5314329916404353,0.2716929592295653
10,2,851,-0.5221175932221943,
10,2,852,-0.553038396148218,
10,2,853,-0.5361210428592232,
10,2,854,-0.47748525854614055,
10,2,855,-0.55015180984305,0.2656439694369005
10,2,856,-0.5219754349026415,
10,2,857,-0.5195662464118667,
10,2,858,-0.572041591422425,
10,2,859,-0.515838904099332,
10,2,860,-0.5378047600388527,0.2704006343976491
10,2,861,-0.5284190093063647,
10,2,862,-0.5233996340798007,
10,2,863,-0.5279255629413657,
10,2,864,-0.5024695201880403,
10,2,865,-0.5289287542303404,0.2660392806865275
10,2,866,-0.4744851237369909,
10,2,867,-0.5492946687671874,
10,2,868,-0.5670976373884413,
10,2,869,-0.5339931084050075,
10,2,870,-0.5563419817222489,0.27383453290288645
10,2,871,-0.5281421509053973,
10,2,872,-0.5047491567416325,
10,2,873,-0.5221350213719739,
10,2,874,-0.5557235694593853,
10,2,875,-0.5500226113945245,0.26605415732289356
10,2,876,-0.5561092690461212,
10,2,877,-0.5415436439216135,
10,2,878,-0.5582306341578565,
10,2,879,-0.5126165418575207,
10,2,880,-0.5862489268183708,0.2717169013598727
10,2,881,-0.4915962504843871,
10,2,882,-0.5492731711516777,
10,2,883,-0.5349588338285686,
10,2,884,-0.5808627636482318,
10,2,885,-0.5857112740890845,0.27147191390395164
10,2,886,-0.5036273188889026,
10,2,887,-0.46734076634877253,
10,2,888,-0.5403615310788153,
10,2,889,-0.5078149348911312,
10,2,890,-0.509551075597604,0.2719329467767643
10,2,891,-0.5661950769523778,
10,2,892,-0.5536769446399478,
10,2,893,-0.5013045689298048,
10,2,894,-0.5366129846208627,
10,2,895,-0.5707944832328293,0.2753942920308974
10,2,896,-0.5171674597594472,
10,2,897,-0.5056678677598634,
10,2,898,-0.5397650113122331,
10,2,899,-0.5256910675929652,
10,2,900,-0.5525117764870326,0.27284851944487953
10,2,901,-0.5332156059642632,
10,2,902,-0.5575448498129845,
10,2,903,-0.5483464880122078,
10,2,904,-0.5047604673438602,
10,2,905,-0.5605706003391081,0.2701780685327119
10,2,906,-0.5593134117209249,
10,2,907,-0.5172730601496167,
10,2,908,-0.5529326662007307,
10,2,909,-0.45737585715121676,
10,2,910,-0.5429592142916388,0.2698771323905223
10,2,911,-0.5317734364006256,
10,2,912,-0.4944771135018933,
10,2,913,-0.4967340940816533,
10,2,914,-0.5510674725390142,
10,2,915,-0.5115390649686258,0.27134896173245376
10,2,916,-0.5409847348928452,
10,2,917,-0.5590804844266838,
10,2,918,-0.5651986044314173,
10,2,919,-0.5362937599420547,
10,2,920,-0.5395910715063414,0.2724067125883367
10,2,921,-0.5045444149937895,
10,2,922,-0.5407375026908184,
10,2,923,-0.5357564431097773,
10,2,924,-0.5769780431356695,
10,2,925,-0.5014857900225455,0.2646646186088522
10,2,926,-0.5391967710521487,
10,2,927,-0.4440221407761177,
10,2,928,-0.5048750572734408,
10,2,929,-0.6001977653553089,
10,2,930,-0.5490537885990406,0.27404099656268954
10,2,931,-0.5186729691922665,
10,2,932,-0.5422121189120744,
10,2,933,-0.583013537029425,
10,2,934,-0.5792988097916048,
10,2,935,-0.597350460787614,0.2733015564477278
10,2,936,-0.518869527719087,
10,2,937,-0.5195285615821681,
10,2,938,-0.5409209409521687,
10,2,939,-0.513436127661003,
10,2,940,-0.5154394209384919,0.26608192625766
10,2,941,-0.5850071737335788,
10,2,942,-0.49645200164781683,
10,2,943,-0.5083118399812114,
10,2,944,-0.5310297678742144,
10,2,945,-0.6288264522122012,0.26105945500441724
10,2,946,-0.44464106050630414,
10,2,947,-0.527815213219987,
10,2,948,-0.5799369348420038,
10,2,949,-0.5410495118962394,
10,2,950,-0.5265367358095115,0.273191975015733
10,2,951,-0.5981543507013056,
10,2,952,-0.4970107484194967,
10,2,953,-0.519075853129228,
10,2,954,-0.5403307610087924,
10,2,955,-0.5818186466478641,0.2721590814698074
10,2,956,-0.5084052145895032,
10,2,957,-0.582483790607916,
10,2,958,-0.6343474833087788,
10,2,959,-0.48039545574122,
10,2,960,-0.5152032362918059,0.26486741265075076
10,2,961,-0.496259750177463,
10,2,962,-0.5322468686434958,
10,2,963,-0.5269794149531257,
10,2,964,-0.5385641853014627,
10,2,965,-0.5789838501562674,0.26651965578397113
10,2,966,-0.5031222734186385,
10,2,967,-0.4803706320623556,
10,2,968,-0.5608689921597639,
10,2,969,-0.4757506735622881,
10,2,970,-0.5334575494958296,0.2683924548327923
10,2,971,-0.5005390333632629,
10,2,972,-0.5247595235705375,
10,2,973,-0.5068355715937084,
10,2,974,-0.5091863208346896,
10,2,975,-0.6559504936966633,0.2653187689785328
10,2,976,-0.4841210991144181,
10,2,977,-0.5451407894078228,
10,2,978,-0.5338496205707391,
10,2,979,-0.5234188427113825,
10,2,980,-0.5191271017409033,0.2710067159496248
10,2,981,-0.5048676164199908,
10,2,982,-0.5440199037806854,
10,2,983,-0.5275875770797331,
10,2,984,-0.47945195353693437,
10,2,985,-0.5634917979025177,0.26867374995102483
10,2,986,-0.5335725396871567,
10,2,987,-0.5741715348429149,
10,2,988,-0.5390138783388667,
10,2,989,-0.5106014280269544,
10,2,990,-0.5205272854202322,0.2672467258137961
10,2,991,-0.5312794260680674,
10,2,992,-0.4976569132672416,
10,2,993,-0.5221029213733144,
10,2,994,-0.4896697120534049,
10,2,995,-0.5006262869056727,0.2675304705691006
10,2,996,-0.5382718276232483,
10,2,997,-0.5261070328868097,
10,2,998,-0.48270700582199627,
10,2,999,-0.5789755220628447,
10,2,1000,-0.533814264047477,0.2648172763486703
20,0,0,,0.29045598964310354
20,0,1,-0.5097844604816701,
20,0,2,-0.5465348297730088,
20,0,3,-0.5654475212925009,
20,0,4,-0.6122408815556102,
20,0,5,-0.6478509087529448,0.3448076825330241
20,0,6,-0.6436224199003643,
20,0,7,-0.672748918334643,
20,0,8,-0.6670163952642016,
20,0,9,-0.773499071598053,
20,0,10,-0.7046937023599943,0.3676238434596194
20,0,11,-0.7580456725425192,
20,0,12,-0.7960120091835658,
20,0,13,-0.7242885364426506,
20,0,14,-0.7319100490874714,
20,0,15,-0.8216588472326596,0.37418530229479074
20,0,16,-0.7610765480332903,
20,0,17,-0.7334400216738383,
20,0,18,-0.7493312300907242,
20,0,19,-0.8005202172531023,
20,0,20,-0.8038463294506074,0.37906237453636193
20,0,21,-0.7582137535015742,
20,0,22,-0.7556155828966034,
20,0,23,-0.7789238575432035,
20,0,24,-0.7629724873436821,
20,0,25,-0.8050023176603845,0.3834483404126432
20,0,26,-0.7511487387948563,
20,0,27,-0.7440503454870651,
20,0,28,-0.8243788199292288,
20,0,29,-0.8050192536579236,
20,0,30,-0.7213318720459937,0.3830077602631516
20,0,31,-0.7683329209685327,
20,0,32,-0.8358065370056365,
20,0,33,-0.8353375113672682,
20,0,34,-0.7909724182552763,
20,0,35,-0.8744173496961595,0.3888043628798591
20,0,36,-0.8183956096569699,
20,0,37,-0.8760668734709423,
20,0,38,-0.8635579049587252,
20,0,39,-0.7861999654107623,
20,0,40,-0.7970754537317489,0.39090289341078865
20,0,41,-0.8015192457371287,
20,0,42,-0.8123012781143188,
20,0,43,-0.8411408993932935,
20,0,44,-0.852135017514229,
20,0,45,-0.8815567079517576,0.39443749830954605
20,0,46,-0.8792352618442643,
20,0,47,-0.8545805431074567,
20,0,48,-0.8327497169375419,
20,0,49,-0.8691130437784724,
20,0,50,-0.8038804994689093,0.39906119907067883
20,0,51,-0.847280582620038,
20,0,52,-0.844495877623558,
20,0,53,-0.8341492133008109,
20,0,54,-0.8477238275938564,
20,0,55,-0.8376684213678041,0.3998032156378031
20,0,56,-0.9123858254816796,
20,0,57,-0.8458612321151627,
20,0,58,-0.8931961473491455,
20,0,59,-0.8233877296249072,
20,0,60,-0.8523897851506868,0.4029362741857767
20,0,61,-0.8983737180630368,
20,0,62,-0.8670820660061307,
20,0,63,-0.9333997203244105,
20,0,64,-0.9077192387647097,
20,0,65,-0.9338422566652299,0.40551318373117184
20,0,66,-0.8319882510436903,
20,0,67,-0.9483159167899026,
20,0,68,-0.9051922882596651,
20,0,69,-0.9064463244544136,
20,0,70,-0.9640304396549861,0.4087510447328289
20,0,71,-0.9950052888856995,
20,0,72,-0.8824408559335601,
20,0,73,-0.8966547937856783,
20,0,74,-0.9277549137671787,
20,0,75,-0.9865193400118087,0.4096719179716375
20,0,76,-0.9321366093224951,
20,0,77,-0.9124425459239219,
20,0,78,-0.9240487780835892,
20,0,79,-0.9197627984815172,
20,0,80,-0.9471317902207375,0.4136950733760993
20,0,81,-0.9394658621814512,
20,0,82,-0.9248479604721069,
20,0,83,-0.9701763523949514,
20,0,84,-1.0031952791743808,
20,0,85,-0.9046175455053648,0.413541915309098
20,0,86,-0.9455667104985981,
20,0,87,-0.9280980585349929,
20,0,88,-0.9373085473974545,
20,0,89,-1.0149501487612722,
20,0,90,-0.9420434145463839,0.4146965452366405
20,0,91,-0.9397162530157296,
20,0,92,-0.9226420927378867,
20,0,93,-0.9809873360726569,
20,0,94,-0.9706681759821044,
20,0,95,-0.9399466539422672,0.41633706394996906
20,0,96,-0.9985345982842971,
20,0,97,-0.9318864213095772,
20,0,98,-0.9595929856101673,
20,0,99,-0.9121753027041752,
20,0,100,-0.9802743569016454,0.41618162559138405
20,0,101,-0.9745553367667728,
20,0,102,-0.980004786617226,
20,0,103,-0.9627701300713755,
20,0,104,-1.0386149245831702,
20,0,105,-0.9633181500766012,0.41656026658084655
20,0,106,-0.9540301834543544,
20,0,107,-0.9354523022969564,
20,0,108,-1.0605832512180011,
20,0,109,-1.0062568485736845,
20,0,110,-0.9898053002026348,0.4176159511423773
20,0,111,-0.951468692885505,
20,0,112,-1.039888262748718,
20,0,113,-0.9719199703799352,
20,0,114,-0.9898730350865259,
20,0,115,-0.9943800403012168,0.41791122034192085
20,0,116,-0.9667847189638348,
20,0,117,-0.9731125533580778,
20,0,118,-1.027905446787675,
20,0,119,-0.9656661997238798,
20,0,120,-0.9990210947063234,0.4217938598659303
20,0,121,-0.9694770251711209,
20,0,122,-1.1053602753414045,
20,0,123,-1.0148747861385348,
20,0,124,-1.0002911339203517,
20,0,125,-0.9585687898927264,0.4178440653615528
20,0,126,-0.9710272335343891,
20,0,127,-0.9249992445111277,
20,0,128,-0.9872475183672375,
20,0,129,-0.9509674120280478,
20,0,130,-0.9829334947797986,0.42180773615837097
20,0,131,-0.9582087794939675,
20,0,132,-0.9404962791336907,
20,0,133,-0.9907224219706326,
20,0,134,-0.9106302567654184,
20,0,135,-0.9906583279371259,0.4214662201702595
20,0,136,-0.9739020648929808,
20,0,137,-1.0264507374829714,
20,0,138,-1.053984929290083,
20,0,139,-1.0061338510778215,
20,0,140,-0.9986309417419963,0.4228598936978314
20,0,141,-1.029137911895911,
20,0,142,-1.035883395208253,
20,0,143,-1.0338023205598195,
20,0,144,-1.118331871926785,
20,0,145,-1.1010800128181775,0.4247245358096229
20,0,146,-1.1214670778976545,
20,0,147,-1.0118607100513244,
20,0,148,-1.0207950688070722,
20,0,149,-1.0647123754024508,
20,0,150,-1.0469699742065535,0.4234705881939994
20,0,151,-0.9436284651358922,
20,0,152,-1.0199633290370307,
20,0,153,-0.9554665154880948,
20,0,154,-0.9612046860986285,
20,0,155,-0.9839027234249647,0.4214797582891252
20,0,156,-0.9654063383738201,
20,0,157,-1.0573408189747069,
20,0,158,-1.0313070366779962,
20,0,159,-1.0132870616184344,
20,0,160,-0.9875734680228762,0.42206578681038487
20,0,161,-0.9817636203434731,
20,0,162,-0.9934370873702897,
20,0,163,-1.0124097242951398,
20,0,164,-1.0369940722982087,
20,0,165,-1.076852519479063,0.42139515260027516
20,0,166,-1.012765955593851,
20,0,167,-1.0502612557676105,
20,0,168,-1.0415484946635032,
20,0,169,-1.0356334580315485,
20,0,170,-1.0637373924255369,0.42620558395153946
20,0,171,-1.0084874423013792,
20,0,172,-1.0238879521687825,
20,0,173,-0.9774587593144842,
20,0,174,-1.0296208428012004,
20,0,175,-1.0524617772963314,0.42487181743813884
20,0,176,-1.0230910960170956,
20,0,177,-1.0100302108460004,
20,0,178,-0.9991994508438637,
20,0,179,-1.048548095756107,
20,0,180,-0.9916631761524414,0.4271526175240676
20,0,181,-1.012937587996324,
20,0,182,-0.9828460945023432,
20,0,183,-1.066252617372407,
20,0,184,-1.0047115178571806,
20,0,185,-1.0774344437652164,0.42836430441174245
20,0,186,-1.051376670598984,
20,0,187,-1.0652732749780016,
20,0,188,-1.0381963799397151,
20,0,189,-1.0330564462476306,
20,0,190,-1.0822568999396427,0.4280734666519695
20,0,191,-1.049703067375554,
20,0,192,-1.0363954462938842,
20,0,193,-1.0366038175092804,
20,0,194,-1.045408351553811,
20,0,195,-1.007113284534878,0.4252334460616112
20,0,196,-1.0137070839603743,
20,0,197,-1.032626329196824,
20,0,198,-1.0287689897749162,
20,0,199,-1.1069441777136593,
20,0,200,-1.0647103173865213,0.4275550978879134
20,0,201,-1.114579869641198,
20,0,202,-0.9985793746180005,
20,0,203,-1.0170599040057924,
20,0,204,-0.9676729001932675,
20,0,205,-1.0300017313824763,0.4259594711992476
20,0,206,-1.0146433694495096,
20,0,207,-1.0027132795916662,
20,0,208,-1.0488605093624859,
20,0,209,-0.9743396648102335,
20,0,210,-0.974359768960211,0.4273695978853438
20,0,211,-1.0510039081176124,
20,0,212,-1.0249876653154686,
20,0,213,-1.0482261934214168,
20,0,214,-1.0057628932926388,
20,0,215,-1.0008324748939939,0.42368345045381123
20,0,216,-0.9008185416460037,
20,0,217,-1.0370747637417583,
20,0,218,-0.9809138418899642,
20,0,219,-0.9798407562904888,
20,0,220,-1.021217388411363,0.42515740129682755
20,0,221,-1.0094537105825212,
20,0,222,-0.9685823975337873,
20,0,223,-1.0227120618025463,
20,0,224,-0.9829337133301629,
20,0,225,-0.9502090331580901,0.4268806582937638
20,0,226,-0.9840422098835313,
20,0,227,-0.9753687158226968,
20,0,228,-1.0444948325554528,
20,0,229,-1.0504073128104208,
20,0,230,-0.9502640383111103,0.4259576869921552
20,0,231,-1.081505698462327,
20,0,232,-1.0689725246694353,
20,0,233,-1.076611870692836,
20,0,234,-1.0944994108544455,
20,0,235,-1.0484618809488082,0.42316919151279664
20,0,236,-1.0378425717353819,
20,0,237,-0.9835255071520803,
20,0,238,-0.9679210575090516,
20,0,239,-1.087126590311527,
20,0,240,-0.9527938755022153,0.4269345442040099
20,0,241,-1.052993649409877,
20,0,242,-1.1634712061948242,
20,0,243,-0.9454727859960662,
20,0,244,-1.007934828599294,
20,0,245,-1.0566803622576924,0.42553037943111527
20,0,246,-0.9436144870188499,
20,0,247,-1.0391038581728937,
20,0,248,-1.0086540621187952,
20,0,249,-1.0002618523107634,
20,0,250,-1.0354103826814227,0.42565232929256225
20,0,251,-1.0068657696247103,
20,0,252,-1.0263958788580365,
20,0,253,-1.0689889325035942,
20,0,254,-1.0911344066262245,
20,0,255,-0.995842355820868,0.4274212316506439
20,0,256,-1.1220828650726211,
20,0,257,-1.024827514257696,
20,0,258,-1.0110443118545744,
20,0,259,-0.9803345741497146,
20,0,260,-1.0170809949437778,0.42925187779797447
20,0,261,-0.977087407476372,
20,0,262,-1.0120379510853026,
20,0,263,-1.0291703699363604,
20,0,264,-0.9992371640271609,
20,0,265,-0.9576050539811455,0.42550671721498173
20,0,266,-1.0282051414251328,
20,0,267,-1.0171160648266473,
20,0,268,-1.0494891578952472,
20,0,269,-1.0102186484469309,
20,0,270,-1.07721604158481,0.4251455633590619
20,0,271,-1.0024855410059295,
20,0,272,-0.9947939556505947,
20,0,273,-1.0822613520754705,
20,0,274,-1.0224801202615101,
20,0,275,-1.067817291451825,0.42663039163582855
20,0,276,-1.0282656360003686,
20,0,277,-0.9929085307651095,
20,0,278,-1.033645427061452,
20,0,279,-1.0194736123085024,
20,0,280,-1.0033002148071923,0.4275078024301264
20,0,281,-1.0571784915195572,
20,0,282,-0.9600673052999711,
20,0,283,-1.1234033712082443,
20,0,284,-1.0066351013051138,
20,0,285,-0.9686903597580059,0.4257414380295409
20,0,286,-1.0289522351490128,
20,0,287,-1.0045277525981267,
20,0,288,-0.9849403012129994,
20,0,289,-1.0291889881094294,
20,0,290,-0.9877517728341952,0.4248933864550458
20,0,291,-1.0535200585921605,
20,0,292,-1.0327878826194337,
20,0,293,-0.943448555138376,
20,0,294,-0.989854680167304,
20,0,295,-0.9990823657976255,0.4222044623974297
20,0,296,-1.0417876425716608,
20,0,297,-0.994594902627998,
20,0,298,-1.0518886554572318,
20,0,299,-0.9866195147236189,
20,0,300,-0.9754023179411887,0.4214416504320171
20,0,301,-1.022056931422816,
20,0,302,-1.0332289776868293,
20,0,303,-0.9705788625611199,
20,0,304,-0.9528168381916153,
20,0,305,-0.9717657913764318,0.4205285263144308
20,0,306,-1.0123252554072275,
20,0,307,-1.0161014993985495,
20,0,308,-0.8848818879988459,
20,0,309,-1.0396701072653134,
20,0,310,-0.9604946797092754,0.4212473966181278
20,0,311,-1.0925186880760724,
20,0,312,-0.9776933524343704,
20,0,313,-1.0213283979230456,
20,0,314,-1.06573276884026,
20,0,315,-0.9808119444383517,0.42337808861500686
20,0,316,-1.0922289507256613,
20,0,317,-1.0006473850872781,
20,0,318,-1.0060993184645972,
20,0,319,-1.011803620391422,
20,0,320,-1.017863329913881,0.4208866349524922
20,0,321,-0.954483458565341,
20,0,322,-1.0407819656862147,
20,0,323,-1.014156673517492,
20,0,324,-1.0249256268143654,
20,0,325,-1.0778015048967466,0.423116870638397
20,0,326,-0.954435927172502,
20,0,327,-0.9471324822968905,
20,0,328,-0.9460075870156286,
20,0,329,-0.9971038872996965,
20,0,330,-1.0630528007944426,0.4226688736428817
20,0,331,-1.0105998872054947,
20,0,332,-0.9474027893609469,
20,0,333,-1.0030350221527946,
20,0,334,-0.9742083301146829,
20,0,335,-0.975384292503198,0.42272448477645713
20,0,336,-0.959601566195488,
20,0,337,-0.9754589862293666,
20,0,338,-0.9730605036020277,
20,0,339,-0.9761689156293867,
20,0,340,-0.9596388546956909,0.42232256817320984
20,0,341,-1.01402847468853,
20,0,342,-0.987373454703225,
20,0,343,-0.96789088845253,
20,0,344,-0.9871195894148613,
20,0,345,-1.0143335602349703,0.4187197879784637
20,0,346,-1.0825926851895118,
20,0,347,-1.0760790316594973,
20,0,348,-0.980129823916488,
20,0,349,-1.038813519808981,
20,0,350,-1.0145059418347149,0.41893148401545155
20,0,351,-1.0798378239075344,
20,0,352,-1.0222793958253333,
20,0,353,-0.9724896094865267,
20,0,354,-0.9372304570343761,
20,0,355,-0.985119297272629,0.4195521591852109
20,0,356,-0.9825497021277746,
20,0,357,-0.9661223060554929,
20,0,358,-0.9425222815738786,
20,0,359,-0.9451171201136377,
20,0,360,-0.9953155153327516,0.4211974555833472
20,0,361,-1.0508591880400977,
20,0,362,-0.9360590502619742,
20,0,363,-0.9620176023907132,
20,0,364,-0.9611475409732927,
20,0,365,-1.001473258766863,0.41979952653249103
20,0,366,-1.049108197291692,
20,0,367,-1.0006410131851837,
20,0,368,-0.9705888521340158,
20,0,369,-1.0401398920350604,
20,0,370,-1.0546687228812113,0.4200825333181355
20,0,371,-1.0808749058180385,
20,0,372,-1.0017744758062894,
20,0,373,-0.985346027546459,
20,0,374,-0.959350023004744,
20,0,375,-0.9728436759776539,0.4168355851951573
20,0,376,-0.9115155935287474,
20,0,377,-1.0492642795046168,
20,0,378,-0.9394881857766045,
20,0,379,-0.9902876367171608,
20,0,380,-1.000396599372228,0.41909544687304234
20,0,381,-0.9902768648333018,
20,0,382,-1.0135926951964698,
20,0,383,-0.9413762183652985,
20,0,384,-0.9275373783376483,
20,0,385,-0.9793171617719862,0.4134767935093906
20,0,386,-0.9706799073351753,
20,0,387,-0.9072734639048579,
20,0,388,-1.0181827901138198,
20,0,389,-0.923772936065992,
20,0,390,-0.9619813842905892,0.4221178651269939
20,0,391,-0.9870074888070424,
20,0,392,-1.0064138256841237,
20,0,393,-0.9835753242174783,
20,0,394,-0.9390983929236727,
20,0,395,-1.0056883667906125,0.4150298585494359
20,0,396,-0.9569625324673121,
20,0,397,-0.9696924255953895,
20,0,398,-0.9885007689396541,
20,0,399,-1.0166755947801802,
20,0,400,-0.9199387745724783,0.4157228774080674
20,0,401,-0.9774440626303356,
20,0,402,-0.9730230321486791,
20,0,403,-0.9262915104627607,
20,0,404,-0.949004698958662,
20,0,405,-0.9317993538247213,0.41619705015586483
20,0,406,-0.9287849714358651,
20,0,407,-0.8760494200719725,
20,0,408,-0.8785145150290595,
20,0,409,-0.8859626832935545,
20,0,410,-0.9536530002951624,0.41447555480731857
20,0,411,-0.9732797510094113,
20,0,412,-0.9756604035695394,
20,0,413,-0.942168104979727,
20,0,414,-0.9673691822422875,
20,0,415,-0.9607609419359101,0.41616541809505886
20,0,416,-0.9237725362181666,
20,0,417,-0.9755797295106783,
20,0,418,-0.9985232518778909,
20,0,419,-0.922508424354924,
20,0,420,-0.8760404239098231,0.41540837329294944
20,0,421,-0.9616700104541247,
20,0,422,-0.8993436975611583,
20,0,423,-1.0402794629335406,
20,0,424,-1.0133862371246019,
20,0,425,-0.902379821572039,0.415867091053062
20,0,426,-0.9471288199226062,
20,0,427,-0.9264603116446071,
20,0,428,-0.94611015667518,
20,0,429,-0.8587600141763688,
20,0,430,-0.9308886950214704,0.41498802250458133
20,0,431,-0.9425941697425312,
20,0,432,-0.9848276343610552,
20,0,433,-0.9662619531154629,
20,0,434,-0.9412223274509112,
20,0,435,-0.9379508644342425,0.41229768552713925
20,0,436,-0.9339340229829153,
20,0,437,-1.0169577598571777,
20,0,438,-0.8938992255263859,
20,0,439,-0.9215977936983111,
20,0,440,-0.8847398733099302,0.4153458991398414
20,0,441,-1.0125624843769603,
20,0,442,-0.9502238101429409,
20,0,443,-1.0446888440185123,
20,0,444,-0.9235135598315133,
20,0,445,-0.9199952284495037,0.4136206309000651
20,0,446,-1.0068387414018314,
20,0,447,-0.9450832174883949,
20,0,448,-0.9484409201476308,
20,0,449,-0.9648459802071253,
20,0,450,-0.913000670572122,0.41175492345872855
20,0,451,-0.9760158947772448,
20,0,452,-0.9711226978235774,
20,0,453,-0.9241685403717887,
20,0,454,-0.958871242072847,
20,0,455,-0.9399064870344269,0.41209194540149635
20,0,456,-0.867774141331514,
20,0,457,-0.9263185237844785,
20,0,458,-0.9583035500513182,
20,0,459,-0.9292113954822222,
20,0,460,-0.9654403858714632,0.4120564454545577
20,0,461,-0.9533205760849846,
20,0,462,-0.9156122298704253,
20,0,463,-0.9007231932547356,
20,0,464,-1.0345597010519771,
20,0,465,-1.026038615239991,0.41040852438244557
20,0,466,-0.9526829736100302,
20,0,467,-0.918886199593544,
20,0,468,-0.9023082115583949,
20,0,469,-0.948411501116223,
20,0,470,-0.9965368269218341,0.41192779338194263
20,0,471,-0.9515380553073354,
20,0,472,-1.0302631598379877,
20,0,473,-0.9843686090575324,
20,0,474,-0.9517298903730181,
20,0,475,-1.0295826825830674,0.4142645692659749
20,0,476,-0.9869270448883374,
20,0,477,-1.0050927499930065,
20,0,478,-0.9395302244358591,
20,0,479,-1.0088198590609765,
20,0,480,-0.9534708170427217,0.4147557307862573
20,0,481,-0.9953720461991098,
20,0,482,-0.9845771955119239,
20,0,483,-0.9318154379725456,
20,0,484,-1.0002595310409863,
20,0,485,-1.0288943540718818,0.4147281048612462
20,0,486,-0.9648541890912584,
20,0,487,-1.0181293206082451,
20,0,488,-1.0061977944440312,
20,0,489,-0.9447252758675151,
20,0,490,-0.9566712553302447,0.4136831905278895
20,0,491,-0.9482133959730468,
20,0,492,-0.9985989812347624,
20,0,493,-0.8673741453223761,
20,0,494,-0.9932552211814456,
20,0,495,-0.9970390506916578,0.41690979649623233
20,0,496,-0.983396116230223,
20,0,497,-0.9270670604374674,
20,0,498,-0.9809953098495802,
20,0,499,-0.9633382285634678,
20,0,500,-0.9030365298191705,0.4159342116779751
20,0,501,-1.0171200401253169,
20,0,502,-0.9825435272521443,
20,0,503,-1.0189910290969741,
20,0,504,-0.9665275481012133,
20,0,505,-0.8956915769312117,0.4163348575433095
20,0,506,-0.980256785121229,
20,0,507,-0.9686811798148682,
20,0,508,-0.9806375263465777,
20,0,509,-0.9553267748819457,
20,0,510,-0.97492593444056,0.4168212248219384
20,0,511,-0.9425653078489832,
20,0,512,-0.9896351653668615,
20,0,513,-1.0041670203208923,
20,0,514,-0.9684421660171618,
20,0,515,-0.9938885991772018,0.4183603910108407
20,0,516,-0.9570225675900776,
20,0,517,-0.9819718450307844,
20,0,518,-0.9273729713426695,
20,0,519,-0.9869511019852427,
20,0,520,-0.9736764869756168,0.41782146754364174
20,0,521,-0.9636936121516758,
20,0,522,-0.9217998443378346,
20,0,523,-1.0405318240324655,
20,0,524,-0.9950780669848123,
20,0,525,-0.9388383204738301,0.41864656284451485
20,0,526,-0.9823511814077694,
20,0,527,-0.9181224778294562,
20,0,528,-0.9973289312587841,
20,0,529,-0.9577849523888693,
20,0,530,-0.9993669332729447,0.4205110642231173
20,0,531,-1.007496112750636,
20,0,532,-0.9056498077180649,
20,0,533,-0.9481664995352428,
20,0,534,-0.9695006004638144,
20,0,535,-1.0337253113587697,0.41964988182816243
20,0,536,-0.9985084492299291,
20,0,537,-0.9598326848612888,
20,0,538,-0.9240700883997812,
20,0,539,-1.0442120946115918,
20,0,540,-1.0300517198112276,0.4193136961095863
20,0,541,-0.9433961030509737,
20,0,542,-0.9332570888929896,
20,0,543,-1.0333619771732223,
20,0,544,-1.0115941713253656,
20,0,545,-0.9459311018387477,0.4167155660688877
20,0,546,-0.9471636629766886,
20,0,547,-0.9787152699298329,
20,0,548,-0.9826968444718255,
20,0,549,-0.9964318407906428,
20,0,550,-0.9325035951203771,0.4176057889643643
20,0,551,-0.9353216273917092,
20,0,552,-1.027986369199223,
20,0,553,-0.9396082816852463,
20,0,554,-1.0151068510280714,
20,0,555,-1.0029652615388236,0.4174202997237444
20,0,556,-0.9716358921594088,
20,0,557,-0.8826324144999186,
20,0,558,-1.0017980676558282,
20,0,559,-0.9528433481852214,
20,0,560,-1.0089693069458008,0.41900945951541263
20,0,561,-0.9101701105634371,
20,0,562,-0.9855036238829293,
20,0,563,-0.9427580858270327,
20,0,564,-0.9979949303799205,
20,0,565,-0.9369488424725003,0.42004502978589797
20,0,566,-0.9230790535608928,
20,0,567,-0.9825838026073248,
20,0,568,-0.956976268854406,
20,0,569,-0.9731490396791035,
20,0,570,-0.9455619686179689,0.4181448088751899
20,0,571,-0.9937514637907349,
20,0,572,-0.9728964401615992,
20,0,573,-0.8759447154071599,
20,0,574,-1.006017870373196,
20,0,575,-0.9664911412530476,0.41891658306121826
20,0,576,-1.022035840484831,
20,0,577,-1.0079133502311177,
20,0,578,-1.0584124119745362,
20,0,579,-0.9798250024517378,
20,0,580,-1.0035318028595714,0.4193547568801377
20,0,581,-1.030200464857949,
20,0,582,-0.9842351120379235,
20,0,583,-0.9262141709526379,
20,0,584,-1.0421504403154056,
20,0,585,-0.9744685937960942,0.419565305320753
20,0,586,-0.9837662378946939,
20,0,587,-0.9999171354704431,
20,0,588,-0.96314111765888,
20,0,589,-1.0065188192658954,
20,0,590,-0.9627331693967184,0.41957361106243396
20,0,591,-0.9646504811114737,
20,0,592,-1.0551199350092144,
20,0,593,-0.9551228491796387,
20,0,594,-0.9018731166919072,
20,0,595,-0.9899844576915104,0.42006147156159085
20,0,596,-0.9635630937086211,
20,0,597,-1.0601962862743273,
20,0,598,-0.9982890114188192,
20,0,599,-0.9440186719099684,
20,0,600,-0.955789984100395,0.4201668664399121
20,0,601,-1.0164434139927228,
20,0,602,-0.9476473861270484,
20,0,603,-1.0010461409886677,
20,0,604,-1.0341662714878719,
20,0,605,-0.9746083501312467,0.41902358043524957
20,0,606,-0.9610599018633365,
20,0,607,-0.9065137157837551,
20,0,608,-0.9816603246662351,
20,0,609,-1.0188096579578187,
20,0,610,-0.9563666118515862,0.4189172964543104
20,0,611,-1.0645144407947857,
20,0,612,-0.9930681776669291,
20,0,613,-0.9802200628651512,
20,0,614,-0.9661759138107301,
20,0,615,-0.9153312891721725,0.41754667916231686
20,0,616,-0.9687846584452523,
20,0,617,-0.9644191323055162,
20,0,618,-1.0533769925435383,
20,0,619,-1.002281983693441,
20,0,620,-0.9754652869370246,0.41761850296623176
20,0,621,-0.9307458433840008,
20,0,622,-1.0018309139543107,
20,0,623,-0.9685428680645094,
20,0,624,-0.9104828304714628,
20,0,625,-0.952651824388239,0.41972232051193714
20,0,626,-1.0616932031181123,
20,0,627,-0.9559786932335959,
20,0,628,-1.0198397346668775,
20,0,629,-0.921371860636605,
20,0,630,-0.9290248677134513,0.41951430816617274
20,0,631,-0.9515675703684489,
20,0,632,-0.9989804791079627,
20,0,633,-0.9458513388203251,
20,0,634,-0.9826213692625366,
20,0,635,-0.9291071270902952,0.4200631601528989
20,0,636,-0.9592689557207954,
20,0,637,-1.0955098900530076,
20,0,638,-1.0249078116483157,
20,0,639,-0.9686104506254196,
20,0,640,-0.9401205231746039,0.4196069861451785
20,0,641,-0.960324500170019,
20,0,642,-1.0522937542862363,
20,0,643,-0.9409644752740858,
20,0,644,-0.9840531241562631,
20,0,645,-0.9910770215921932,0.4191833436489105
20,0,646,-0.9921212800674966,
20,0,647,-1.0064727034833696,
20,0,648,-1.0426862893833055,
20,0,649,-0.9824296037356058,
20,0,650,-0.9470072545939022,0.4210486596243249
20,0,651,-1.0645943540665839,
20,0,652,-0.9977583214640617,
20,0,653,-0.987935991750823,
20,0,654,-0.9459636542532178,
20,0,655,-1.0216554635100896,0.42095803407331306
20,0,656,-0.9739807910389371,
20,0,657,-0.9320383576883212,
20,0,658,-1.0378179368045597,
20,0,659,-0.951343711879518,
20,0,660,-1.000477315651046,0.41997989805208313
20,0,661,-1.0363953875170815,
20,0,662,-1.013897295627329,
20,0,663,-1.0444474071264267,
20,0,664,-0.9982620775699617,
20,0,665,-0.9356384219394789,0.42013557938237983
20,0,666,-1.00275763289796,
20,0,667,-0.9878256809380319,
20,0,668,-1.0573099296953945,
20,0,669,-0.9537350477443802,
20,0,670,-1.0814255343543162,0.4211625380234586
20,0,671,-1.0472851130697463,
20,0,672,-0.9864246795574825,
20,0,673,-1.0261918264958594,
20,0,674,-1.002488779524962,
20,0,675,-0.976148439778222,0.4206464238878753
20,0,676,-0.9903992878066168,
20,0,677,-0.9819597411486838,
20,0,678,-0.9798588123586441,
20,0,679,-0.9957163623637626,
20,0,680,-0.9745471618241734,0.42041304645438987
20,0,681,-0.9871520549058912,
20,0,682,-0.966515330804719,
20,0,683,-1.0764744960599475,
20,0,684,-1.0369547928373015,
20,0,685,-0.9790475674801401,0.42130675684246754
20,0,686,-1.0081327648626432,
20,0,687,-0.9552638447946971,
20,0,688,-1.0566345709893437,
20,0,689,-0.9971762489941383,
20,0,690,-0.9761444967654017,0.4180827840334839
20,0,691,-0.9704176833232242,
20,0,692,-0.9570080232289105,
20,0,693,-1.0093272253870964,
20,0,694,-0.9661091359125245,
20,0,695,-0.9969223853614598,0.4186629547427098
20,0,696,-1.0386363226506445,
20,0,697,-1.021184942788548,
20,0,698,-0.9900632053613663,
20,0,699,-1.007165183623632,
20,0,700,-0.9937842488288878,0.4202631562948227
20,0,701,-0.9807942170235844,
20,0,702,-1.0015415714846716,
20,0,703,-0.9939763769507408,
20,0,704,-1.0052337961064446,
20,0,705,-1.07762325141165,0.42073998372587895
20,0,706,-1.014529474079609,
20,0,707,-0.9776862329906887,
20,0,708,-0.9673728048801418,
20,0,709,-0.9983294424083495,
20,0,710,-0.9968828062216442,0.42009882546133465
20,0,711,-1.0169725600216122,
20,0,712,-0.9698186185624866,
20,0,713,-1.0366155753533044,
20,0,714,-1.0018063079979682,
20,0,715,-1.023387788898415,0.41915389108988976
20,0,716,-0.9323423910472127,
20,0,717,-1.0230285285247696,
20,0,718,-0.9441072485513154,
20,0,719,-0.9409031213985549,
20,0,720,-1.0226380303502085,0.4194635154886378
20,0,721,-0.9150274006856812,
20,0,722,-1.0064119688338706,
20,0,723,-0.9564508928192986,
20,0,724,-0.9337837306989564,
20,0,725,-0.9653818557659783,0.4178534824815061
20,0,726,-0.9733525224857861,
20,0,727,-0.9526344612240789,
20,0,728,-0.8832218878799016,
20,0,729,-0.9539340477850701,
20,0,730,-1.0473207235336306,0.4177688892102904
20,0,731,-0.9550033650464484,
20,0,732,-1.0007231152719922,
20,0,733,-1.0031604179077682,
20,0,734,-0.9916995912790297,
20,0,735,-0.9763232403331332,0.4181436538282368
20,0,736,-0.9982889087663754,
20,0,737,-0.9818968847393988,
20,0,738,-0.992120168275303,
20,0,739,-1.0342940083808367,
20,0,740,-0.9446116536855698,0.4204581181208293
20,0,741,-0.9424064771996603,
20,0,742,-1.0074460349149172,
20,0,743,-0.9847036509050262,
20,0,744,-0.9577789016895825,
20,0,745,-0.9752180543210774,0.4206808517790503
20,0,746,-1.0795873469776578,
20,0,747,-0.9763532297478782,
20,0,748,-0.9894491434097289,
20,0,749,-0.9878666003545125,
20,0,750,-0.9567120381527479,0.4203256049917804
20,0,751,-0.9901215955615045,
20,0,752,-0.9983947368131741,
20,0,753,-0.9831265037258466,
20,0,754,-0.9933102776606875,
20,0,755,-0.9413231611251831,0.41915816482570434
20,0,756,-1.0196511571606004,
20,0,757,-0.9571988061070442,
20,0,758,-1.030223451554775,
20,0,759,-0.9969381764531134,
20,0,760,-1.1317137587401602,0.4199661674598853
20,0,761,-0.9700243249535563,
20,0,762,-0.9921034831139778,
20,0,763,-1.073331769141886,
20,0,764,-1.0191068798303602,
20,0,765,-0.9283132909072769,0.42168400684992474
20,0,766,-1.0156542228327856,
20,0,767,-1.0077006510562365,
20,0,768,-0.9712551807363827,
20,0,769,-0.923523267938031,
20,0,770,-1.064687642786238,0.4179739084922605
20,0,771,-0.9406781155202123,
20,0,772,-1.037403699424532,
20,0,773,-1.0016527515318658,
20,0,774,-1.0011354469590714,
20,0,775,-0.9611741279562315,0.4192842518289884
20,0,776,-0.94307501696878,
20,0,777,-1.0029456830686994,
20,0,778,-1.007253291706244,
20,0,779,-0.9769439366128709,
20,0,780,-1.0068432978457873,0.4167699844886859
20,0,781,-0.9858789162503349,
20,0,782,-0.9176755241221851,
20,0,783,-0.9652823309103651,
20,0,784,-0.9203935108251041,
20,0,785,-0.9818707845277257,0.41443865063289803
20,0,786,-0.9766604668564267,
20,0,787,-0.9560990962717268,
20,0,788,-0.9404419337709745,
20,0,789,-0.9858275171783236,
20,0,790,-0.9668740323848195,0.41546622063550687
20,0,791,-0.948215138581064,
20,0,792,-0.9665702821479903,
20,0,793,-1.0428232062194083,
20,0,794,-1.033999473684364,
20,0,795,-1.0142848988374076,0.4178964781264464
20,0,796,-0.9729086144102946,
20,0,797,-1.001198757853773,
20,0,798,-0.9922992082105745,
20,0,799,-0.9522965790496933,
20,0,800,-0.9003326462374791,0.4185672787328561
20,0,801,-0.9196623166402179,
20,0,802,-0.9582424809535347,
20,0,803,-1.0256649512383673,
20,0,804,-1.0190833343399897,
20,0,805,-1.004262284272247,0.42110556695196366
20,0,806,-0.9917156539029546,
20,0,807,-0.9391314122411939,
20,0,808,-0.9346991115146213,
20,0,809,-1.0277214124798777,
20,0,810,-1.054569273359246,0.41909777952565086
20,0,811,-0.9659939251012271,
20,0,812,-1.0318660048974886,
20,0,813,-1.005151176618205,
20,0,814,-0.9582809093925688,
20,0,815,-1.02703395485878,0.4173103312237395
20,0,816,-1.0511203631758692,
20,0,817,-0.9887222366200557,
20,0,818,-1.0153787152634728,
20,0,819,-0.9372828875978788,
20,0,820,-1.0074204885297349,0.41852462022668785
20,0,821,-1.0092494901683595,
20,0,822,-0.9335083506173557,
20,0,823,-1.041853471762604,
20,0,824,-1.0008261733584933,
20,0,825,-0.9193888107935588,0.4187225593874852
20,0,826,-1.0057625903023613,
20,0,827,-0.9396732234292561,
20,0,828,-0.9698974539836246,
20,0,829,-0.9662532955408096,
20,0,830,-1.0309498574998646,0.41981673882239395
20,0,831,-0.9702742596467336,
20,0,832,-0.9519179529613918,
20,0,833,-1.029170352551672,
20,0,834,-0.9218633307351011,
20,0,835,-0.970762352976534,0.4206451481829087
20,0,836,-1.0570009905431004,
20,0,837,-0.939811850587527,
20,0,838,-1.018381622102526,
20,0,839,-1.0108166775769656,
20,0,840,-1.0020831210745704,0.4210845354116625
20,0,841,-1.0063592096169791,
20,0,842,-0.9949466445379788,
20,0,843,-0.9798775679535336,
20,0,844,-1.0245526027348306,
20,0,845,-0.9729032913843786,0.4189211951775683
20,0,846,-1.0131076590882409,
20,0,847,-1.0105730469028158,
20,0,848,-0.9693322744634417,
20,0,849,-1.0242741795049775,
20,0,850,-0.9863879821366734,0.41979305052922833
20,0,851,-0.986881627804703,
20,0,852,-1.0075790401962068,
20,0,853,-0.9490668674310047,
20,0,854,-0.9694482021861608,
20,0,855,-0.9568386309676703,0.4203019715431664
20,0,856,-1.031393545369307,
20,0,857,-0.9903140597873263,
20,0,858,-0.9788644934693973,
20,0,859,-0.9742354452610015,
20,0,860,-0.993792538013723,0.41871101409196854
20,0,861,-0.9649137987030878,
20,0,862,-1.0076968140072289,
20,0,863,-0.9276809990406035,
20,0,864,-0.982697500122918,
20,0,865,-1.0210692410667739,0.4160640156931347
20,0,866,-1.005936060514715,
20,0,867,-1.0586753437916434,
20,0,868,-0.9932050257921219,
20,0,869,-1.0197547467218502,
20,0,870,-0.9425031890471774,0.418530751640598
20,0,871,-0.9793835704525312,
20,0,872,-1.0030340684784782,
20,0,873,-0.9507391800483072,
20,0,874,-1.0272692036297586,
20,0,875,-0.9653028498093288,0.4200362211300267
20,0,876,-0.9766601398587228,
20,0,877,-0.9465660941269661,
20,0,878,-1.0828206191460292,
20,0,879,-1.0462935691078503,
20,0,880,-0.9394251613153348,0.420468313826455
20,0,881,-1.0229070459802947,
20,0,882,-0.9401739396982721,
20,0,883,-1.1039960450596282,
20,0,884,-1.0079420001970396,
20,0,885,-1.0112485157118902,0.42068093290759456
20,0,886,-1.0748291735847793,
20,0,887,-0.9971006305681334,
20,0,888,-1.011792841884825,
20,0,889,-0.9767835992905829,
20,0,890,-0.9617766829000576,0.41965964767667985
20,0,891,-1.045525978008906,
20,0,892,-0.9762042181359397,
20,0,893,-0.9549747688902749,
20,0,894,-0.9909089215927654,
20,0,895,-1.0573358751005595,0.4195280567639404
20,0,896,-1.0555102576812108,
20,0,897,-1.0501497238874435,
20,0,898,-0.9644088505042923,
20,0,899,-1.0097968131303787,
20,0,900,-0.9427595643533601,0.41971842675573295
20,0,901,-1.0335091749827066,
20,0,902,-1.0110664847824307,
20,0,903,-1.065794105331103,
20,0,904,-0.9550336259934636,
20,0,905,-0.9559930910666784,0.4192796347455846
20,0,906,-1.0060433215565152,
20,0,907,-1.0483951543768246,
20,0,908,-0.989286734826035,
20,0,909,-0.9257849115464424,
20,0,910,-0.9753547484676042,0.42126929035617244
20,0,911,-1.0170949068334367,
20,0,912,-1.0493258635203047,
20,0,913,-1.0274232659074993,
20,0,914,-0.9850543381439314,
20,0,915,-1.0116222219334707,0.4210494137886498
20,0,916,-0.9659028574824332,
20,0,917,-0.9927301141950817,
20,0,918,-0.9948577433824539,
20,0,919,-1.0590899338324864,
20,0,920,-0.9724701957570183,0.4203133734150065
20,0,921,-1.0219303634431627,
20,0,922,-0.9980566915538577,
20,0,923,-1.011630327337318,
20,0,924,-0.9913865178823468,
20,0,925,-0.9580123027165731,0.421941577974293
20,0,926,-0.9906647553046543,
20,0,927,-1.020222346815798,
20,0,928,-1.0510946056909034,
20,0,929,-0.9448894767297639,
20,0,930,-1.060812546975083,0.42060173861682415
20,0,931,-0.9477777555584908,
20,0,932,-0.9795069694519043,
20,0,933,-1.020364325079653,
20,0,934,-0.9279063766201338,
20,0,935,-0.9814471097456083,0.41925730742514133
20,0,936,-0.916531069411172,
20,0,937,-0.9133481308817862,
20,0,938,-1.002915517323547,
20,0,939,-1.0374565348029137,
20,0,940,-0.9992084892259705,0.41966916020545697
20,0,941,-1.0106231504016452,
20,0,942,-0.9771638959646225,
20,0,943,-1.0045987160669432,
20,0,944,-1.0032358914613724,
20,0,945,-1.074463188648224,0.4201250982781251
20,0,946,-1.0156563851568434,
20,0,947,-1.0453626463810601,
20,0,948,-1.0502343881461356,
20,0,949,-0.9222311824560168,
20,0,950,-1.02274908290969,0.41921009288893807
20,0,951,-1.0179350607924993,
20,0,952,-1.0432822505633037,
20,0,953,-0.9396021142601967,
20,0,954,-1.0148170789082847,
20,0,955,-1.0239271231823497,0.41952777778108913
20,0,956,-0.9545953265494771,
20,0,957,-0.9715044134192997,
20,0,958,-0.9592188729180231,
20,0,959,-0.9262787476181983,
20,0,960,-0.9967604933513535,0.4217189595931106
20,0,961,-1.010242550737328,
20,0,962,-1.0205170959234242,
20,0,963,-1.0085099803076851,
20,0,964,-0.9582524539695846,
20,0,965,-0.9626111247473292,0.41945883590314126
20,0,966,-1.0198012780812051,
20,0,967,-0.9947656103306346,
20,0,968,-0.9283231447140377,
20,0,969,-1.086640911797682,
20,0,970,-0.9748670119378301,0.4197347013072835
20,0,971,-1.006233621802595,
20,0,972,-0.9841773915621967,
20,0,973,-1.0262418174081378,
20,0,974,-0.9881993366612329,
20,0,975,-0.9974481835961341,0.4221125205771791
20,0,976,-0.9929460436105727,
20,0,977,-0.9949922694100272,
20,0,978,-0.9365929365158079,
20,0,979,-1.0059646012054553,
20,0,980,-0.9911844175722861,0.4197322320606973
20,0,981,-1.028591739634673,
20,0,982,-0.9652685018049347,
20,0,983,-1.018342677917745,
20,0,984,-0.9867490265104505,
20,0,985,-1.0109809529450209,0.42091607281731236
20,0,986,-1.010320636133353,
20,0,987,-0.9969793682297072,
20,0,988,-1.0418084868126447,
20,0,989,-1.0087925444046657,
20,0,990,-0.9725892825259104,0.42114647291600704
20,0,991,-0.9468330906497109,
20,0,992,-1.0275665968656538,
20,0,993,-0.997193007833428,
20,0,994,-0.9848209445675215,
20,0,995,-0.9823423243231242,0.42223935429420734
20,0,996,-0.9406379850374326,
20,0,997,-0.982980710764726,
20,0,998,-1.044254529807303,
20,0,999,-1.0245699220233493,
20,0,1000,-0.9897193155354924,0.4210504570768939
20,1,0,,0.26412884880685145
20,1,1,-0.44613473893453676,
20,1,2,-0.4919515277983414,
20,1,3,-0.5408684731357628,
20,1,4,-0.6277493561307588,
20,1,5,-0.6941996489961944,0.35752827182619107
20,1,6,-0.6906461326612366,
20,1,7,-0.6827591359615325,
20,1,8,-0.6839241443408861,
20,1,9,-0.7740791067481042,
20,1,10,-0.7071488516198264,0.3741679076726238
20,1,11,-0.7687387954857615,
20,1,12,-0.816785738699966,
20,1,13,-0.7262953536378011,
20,1,14,-0.7379224308662945,
20,1,15,-0.831545544995202,0.37646210928344065
20,1,16,-0.7520527160829968,
20,1,17,-0.7363483400808439,
20,1,18,-0.761726014316082,
20,1,19,-0.8184958025813104,
20,1,20,-0.824174162414339,0.3824108438566327
20,1,21,-0.7758336663246155,
20,1,22,-0.7697282135486602,
20,1,23,-0.7856788287560145,
20,1,24,-0.7801903734604517,
20,1,25,-0.8133104162083732,0.38741327315155005
20,1,26,-0.7580252091089883,
20,1,27,-0.7573478437132305,
20,1,28,-0.8477991844216982,
20,1,29,-0.8106433823704721,
20,1,30,-0.7366820234391425,0.3874853336148792
20,1,31,-0.7839479611979592,
20,1,32,-0.8457616095741591,
20,1,33,-0.8246935688787037,
20,1,34,-0.789460346930557,
20,1,35,-0.887199671732055,0.38777658260530895
20,1,36,-0.8096067185203234,
20,1,37,-0.8663653921749856,
20,1,38,-0.8454984111918343,
20,1,39,-0.7787867577539549,
20,1,40,-0.7987135284476811,0.3879238265670008
20,1,41,-0.8094017116559875,
20,1,42,-0.794398445222113,
20,1,43,-0.8329082950949671,
20,1,44,-0.835670337908798,
20,1,45,-0.8482888696922196,0.3876254251226783
20,1,46,-0.8661847031778759,
20,1,47,-0.8410075455904007,
20,1,48,-0.8261105393369994,
20,1,49,-0.8437968757417469,
20,1,50,-0.7969659517208735,0.3878733395702309
20,1,51,-0.8009556349780824,
20,1,52,-0.8046371398700608,
20,1,53,-0.7990812270177737,
20,1,54,-0.7963754393988186,
20,1,55,-0.7812081608507369,0.38971744788189727
20,1,56,-0.8662617198295061,
20,1,57,-0.7996417747603523,
20,1,58,-0.8259531491332585,
20,1,59,-0.7977071545190283,
20,1,60,-0.8020383177532091,0.3908778519059221
20,1,61,-0.8411196461982197,
20,1,62,-0.8136967809663879,
20,1,63,-0.8641931505666838,
20,1,64,-0.8403177907069526,
20,1,65,-0.8604050146208871,0.39189798043419916
20,1,66,-0.7698070357243219,
20,1,67,-0.8652112483978273,
20,1,68,-0.8383313086297777,
20,1,69,-0.8265882614586088,
20,1,70,-0.8935745946235129,0.3904435622195403
20,1,71,-0.8836204086740813,
20,1,72,-0.7956369444727898,
20,1,73,-0.8238713302546077,
20,1,74,-0.8326044761472277,
20,1,75,-0.8757418559657202,0.39184175845649505
20,1,76,-0.8219874468114641,
20,1,77,-0.8175227269530296,
20,1,78,-0.8297757953405381,
20,1,79,-0.8078898878561126,
20,1,80,-0.8441909824808439,0.39310110494908357
20,1,81,-0.8272318798634741,
20,1,82,-0.832936308450169,
20,1,83,-0.8515040361218983,
20,1,84,-0.8754744480053585,
20,1,85,-0.8153308373358513,0.3936848860854904
20,1,86,-0.8374779605203203,
20,1,87,-0.8129518942700491,
20,1,88,-0.8239540557066601,
20,1,89,-0.8952739553319086,
20,1,90,-0.8281339266233975,0.39425019588735366
20,1,91,-0.835694178111023,
20,1,92,-0.8053148239850998,
20,1,93,-0.8745738110608525,
20,1,94,-0.8532953378227023,
20,1,95,-0.8242034862438837,0.39344574366178775
20,1,96,-0.8501658514142035,
20,1,97,-0.81820623907778,
20,1,98,-0.8237081724736427,
20,1,99,-0.8006172006328899,
20,1,100,-0.8527621659967634,0.39415014286835987
20,1,101,-0.855671356121699,
20,1,102,-0.8488916464977795,
20,1,103,-0.841711960732937,
20,1,104,-0.9189415996273358,
20,1,105,-0.8477020892832013,0.3948975853208039
20,1,106,-0.8393530108862453,
20,1,107,-0.823982151846091,
20,1,108,-0.9155367397599747,
20,1,109,-0.8895765220125514,
20,1,110,-0.8307901869217554,0.39642830731140244
20,1,111,-0.8299934301111432,
20,1,112,-0.890643579264482,
20,1,113,-0.8317659431033665,
20,1,114,-0.853972348074118,
20,1,115,-0.8628920184241401,0.39851538598951364
20,1,116,-0.853869399262799,
20,1,117,-0.8361682204736602,
20,1,118,-0.8711782801482413,
20,1,119,-0.828712981608179,
20,1,120,-0.8508805044823221,0.40082772231350344
20,1,121,-0.8411759494079483,
20,1,122,-0.9394303684433299,
20,1,123,-0.8808140655358633,
20,1,124,-0.8710871189832687,
20,1,125,-0.8427971576650937,0.399811957962811
20,1,126,-0.8771968185901642,
20,1,127,-0.8148337437046898,
20,1,128,-0.9029222387406561,
20,1,129,-0.8464878218041526,
20,1,130,-0.8713780186242525,0.39639397607081467
20,1,131,-0.8389268120129904,
20,1,132,-0.8218792097436058,
20,1,133,-0.8981303705109489,
20,1,134,-0.7991972300741408,
20,1,135,-0.8696470393074884,0.3990733821151985
20,1,136,-0.8414092486103377,
20,1,137,-0.8980081404248871,
20,1,138,-0.9531635377142167,
20,1,139,-0.8793949832518896,
20,1,140,-0.868914906349447,0.3995056889123387
20,1,141,-0.9237762242555619,
20,1,142,-0.9120694051186244,
20,1,143,-0.8950243112113742,
20,1,144,-0.9886850027574431,
20,1,145,-0.9451596919033262,0.40031055950870115
20,1,146,-0.9576062030262418,
20,1,147,-0.8842342785663074,
20,1,148,-0.8627781826588842,
20,1,149,-0.9360118624236848,
20,1,150,-0.9026853226953082,0.39014189928356147
20,1,151,-0.7917436800069279,
20,1,152,-0.8825205167134604,
20,1,153,-0.8333913319640688,
20,1,154,-0.8483766482936012,
20,1,155,-0.8461617736352817,0.39386128913611174
20,1,156,-0.834576583570904,
20,1,157,-0.9568810570571159,
20,1,158,-0.9096450631817179,
20,1,159,-0.9045767188072205,
20,1,160,-0.8706416603591706,0.3989979500571887
20,1,161,-0.8760273464851909,
20,1,162,-0.8430470327536267,
20,1,163,-0.8884221795532438,
20,1,164,-0.8913032081392076,
20,1,165,-0.928126059472561,0.3969001201912761
20,1,166,-0.9000222086906432,
20,1,167,-0.9411151831348735,
20,1,168,-0.8986703596181341,
20,1,169,-0.9031017671028773,
20,1,170,-0.9030211998356713,0.39734590239822865
20,1,171,-0.8951544231838651,
20,1,172,-0.8899086780018277,
20,1,173,-0.8406675739420786,
20,1,174,-0.9084258865978982,
20,1,175,-0.9066125063432585,0.4013338811281655
20,1,176,-0.9081737299760183,
20,1,177,-0.9021514289908938,
20,1,178,-0.8651647766431175,
20,1,179,-0.888178110950523,
20,1,180,-0.841916974220011,0.39745225591792
20,1,181,-0.8633864000439643,
20,1,182,-0.8603804508845011,
20,1,183,-0.9183669173055223,
20,1,184,-0.8677268649140996,
20,1,185,-0.9295203528470464,0.3963570889706413
20,1,186,-0.886108806563748,
20,1,187,-0.9163520981868106,
20,1,188,-0.8992529941929711,
20,1,189,-0.9077368784281943,
20,1,190,-0.9303489385379685,0.39449393190443516
20,1,191,-0.8819633589850531,
20,1,192,-0.8389077509442964,
20,1,193,-0.8577298058403863,
20,1,194,-0.8968375002344449,
20,1,195,-0.8759906647933854,0.40136089072459274
20,1,196,-0.8774553951289921,
20,1,197,-0.889133488966359,
20,1,198,-0.9040981762939031,
20,1,199,-0.9660524850090346,
20,1,200,-0.9182052529520458,0.39942611733244526
20,1,201,-0.9659196196330915,
20,1,202,-0.8636089066664376,
20,1,203,-0.904899919198619,
20,1,204,-0.8559172368711893,
20,1,205,-0.8869813995228872,0.3979897662583325
20,1,206,-0.8713850478331248,
20,1,207,-0.8648561884959538,
20,1,208,-0.8956927226649392,
20,1,209,-0.8335222817129558,
20,1,210,-0.8572974875569347,0.4003406489888827
20,1,211,-0.9099657030569186,
20,1,212,-0.8719361291991339,
20,1,213,-0.937025925351514,
20,1,214,-0.8953379889329274,
20,1,215,-0.883997153904703,0.39918757871621185
20,1,216,-0.777890102730857,
20,1,217,-0.9149510479635662,
20,1,218,-0.8763112044996685,
20,1,219,-0.8695661632551088,
20,1,220,-0.8973124639855492,0.40042005603512126
20,1,221,-0.9010117045707174,
20,1,222,-0.870579131775432,
20,1,223,-0.8971238682667414,
20,1,224,-0.8403759383492998,
20,1,225,-0.8397467003928291,0.39987004175782204
20,1,226,-0.880868934922748,
20,1,227,-0.8755304813385005,
20,1,228,-0.9157113283872604,
20,1,229,-0.9330921851926381,
20,1,230,-0.8445441275835036,0.3956318025787671
20,1,231,-0.9616571168104806,
20,1,232,-0.9304888720313709,
20,1,233,-0.9457510982950529,
20,1,234,-0.9858199316594336,
20,1,235,-0.9393954922755559,0.39619174434079063
20,1,236,-0.8971622379289732,
20,1,237,-0.8617382678720685,
20,1,238,-0.8580189198255539,
20,1,239,-0.9425100667609109,
20,1,240,-0.8499401344193351,0.40503188874572515
20,1,241,-0.9554323222902086,
20,1,242,-1.0680114370253355,
20,1,243,-0.9017189078860812,
20,1,244,-0.8931637240780725,
20,1,245,-0.9395392719242307,0.4014354394748807
20,1,246,-0.8248269624180266,
20,1,247,-0.9123999857240254,
20,1,248,-0.8838678449392319,
20,1,249,-0.8802914636002647,
20,1,250,-0.9165938355856474,0.40348194260150194
20,1,251,-0.8802556685275501,
20,1,252,-0.8712594575352137,
20,1,253,-0.9115718776981038,
20,1,254,-0.939690944221285,
20,1,255,-0.8659453996353678,0.4067076083479656
20,1,256,-0.9892885800864964,
20,1,257,-0.9088232219219208,
20,1,258,-0.8871505351530179,
20,1,259,-0.8804241460230616,
20,1,260,-0.8985352127088445,0.40274456660780644
20,1,261,-0.8869633914695846,
20,1,262,-0.8849403692616357,
20,1,263,-0.89305842998955,
20,1,264,-0.8975384276774194,
20,1,265,-0.8468952998518945,0.3989995222331749
20,1,266,-0.8988770122329395,
20,1,267,-0.9117755086885558,
20,1,268,-0.9163135927584437,
20,1,269,-0.892523829307821,
20,1,270,-0.9535179527269467,0.4015024933550093
20,1,271,-0.8930190627773603,
20,1,272,-0.9058788882361517,
20,1,273,-0.9737272138396897,
20,1,274,-0.8903971579339771,
20,1,275,-0.9691029919518367,0.400684494835635
20,1,276,-0.9125049925512735,
20,1,277,-0.8693049665954379,
20,1,278,-0.9074828757180108,
20,1,279,-0.904821332130167,
20,1,280,-0.8897631574008199,0.40719146136608386
20,1,281,-0.9604127572642431,
20,1,282,-0.8428675805528957,
20,1,283,-0.9746666161550417,
20,1,284,-0.908372422059377,
20,1,285,-0.8682838579018911,0.4001717053146826
20,1,286,-0.9019564398460919,
20,1,287,-0.8678560844726032,
20,1,288,-0.8904476985335351,
20,1,289,-0.9184963620371289,
20,1,290,-0.8809464855326544,0.40323853958398104
20,1,291,-0.9464112040069369,
20,1,292,-0.9527246285643844,
20,1,293,-0.8615543461508222,
20,1,294,-0.8955270192689362,
20,1,295,-0.8904534752170247,0.4056688653719094
20,1,296,-0.9593904539942744,
20,1,297,-0.9040575350324311,
20,1,298,-0.9630058689249886,
20,1,299,-0.859838436047236,
20,1,300,-0.8864102595382268,0.40646955867608386
20,1,301,-0.9273014283842511,
20,1,302,-0.9450097315841252,
20,1,303,-0.8760113798909717,
20,1,304,-0.8759313457541992,
20,1,305,-0.8983055369721518,0.40614048877937925
20,1,306,-0.9000130419929822,
20,1,307,-0.9231202180186906,
20,1,308,-0.8302923656172222,
20,1,309,-0.97009324365192,
20,1,310,-0.9050901441110503,0.40149835331572425
20,1,311,-0.9816035860114626,
20,1,312,-0.8921918123960494,
20,1,313,-0.9143622004323534,
20,1,314,-0.9742562919855119,
20,1,315,-0.890892640584045,0.4080270528793335
20,1,316,-0.9981744173500275,
20,1,317,-0.9009509575035837,
20,1,318,-0.9018045001559787,
20,1,319,-0.9325006488296719,
20,1,320,-0.9254504102799628,0.40331137573553455
20,1,321,-0.8617851204342311,
20,1,322,-0.94888261705637,
20,1,323,-0.936967404352294,
20,1,324,-0.9253935606943238,
20,1,325,-0.9438394134243329,0.406625644200378
20,1,326,-0.8751677481664553,
20,1,327,-0.8627388858132892,
20,1,328,-0.8452312946319578,
20,1,329,-0.8796683086289301,
20,1,330,-0.9551876708865166,0.40399391431775356
20,1,331,-0.9276877161529327,
20,1,332,-0.8410977489418452,
20,1,333,-0.9046186970339879,
20,1,334,-0.8814491480588912,
20,1,335,-0.8942801447378262,0.4026008072412676
20,1,336,-0.8696034529970751,
20,1,337,-0.8717026172412766,
20,1,338,-0.8825266642702948,
20,1,339,-0.8774083066317768,
20,1,340,-0.8700596168637275,0.407562468200922
20,1,341,-0.915218498143885,
20,1,342,-0.9025480159454875,
20,1,343,-0.8752138920956187,
20,1,344,-0.9209790486428472,
20,1,345,-0.9369495469662878,0.4046285278681252
20,1,346,-0.9875755127933291,
20,1,347,-0.976128910150793,
20,1,348,-0.890341637035211,
20,1,349,-0.9728912777370877,
20,1,350,-0.9274835180905129,0.4035505594478713
20,1,351,-1.003958929744032,
20,1,352,-0.9138512702451809,
20,1,353,-0.8801786245571241,
20,1,354,-0.8565594694680639,
20,1,355,-0.9101369265053009,0.40432193006078404
20,1,356,-0.90398881253269,
20,1,357,-0.8890532304843269,
20,1,358,-0.8685163714819485,
20,1,359,-0.8577590841386055,
20,1,360,-0.8965548964010345,0.39790297475539976
20,1,361,-0.9423447077473006,
20,1,362,-0.8558425812257661,
20,1,363,-0.8650922659370635,
20,1,364,-0.8872835255331463,
20,1,365,-0.9352752342820166,0.4035969562828541
20,1,366,-0.9776147595710224,
20,1,367,-0.8764418347014319,
20,1,368,-0.8981074980563587,
20,1,369,-0.9655497901969489,
20,1,370,-0.9660253996650379,0.40573487824036014
20,1,371,-0.9753699286116491,
20,1,372,-0.9359527147478527,
20,1,373,-0.9051769665545888,
20,1,374,-0.9008849089344342,
20,1,375,-0.9047909801204999,0.403939394487275
20,1,376,-0.8558252056439719,
20,1,377,-0.9910747102565234,
20,1,378,-0.8881212878558372,
20,1,379,-0.924084576467673,
20,1,380,-0.9534736275672913,0.40575386666589314
20,1,381,-0.9249137358533014,
20,1,382,-0.9445859996808899,
20,1,383,-0.8878625548548172,
20,1,384,-0.8439453252487711,
20,1,385,-0.9187547084358003,0.40787156567805344
20,1,386,-0.9210452503628204,
20,1,387,-0.8607338021198908,
20,1,388,-0.9336594715714457,
20,1,389,-0.814504250884056,
20,1,390,-0.8795576973093879,0.40577156676186454
20,1,391,-0.8875264674425124,
20,1,392,-0.940524399280548,
20,1,393,-0.9217524967259833,
20,1,394,-0.8804320577118132,
20,1,395,-0.9486992839309903,0.4081009365618229
20,1,396,-0.9147656642728381,
20,1,397,-0.9256372633907531,
20,1,398,-0.9524476495054033,
20,1,399,-0.9869637505875696,
20,1,400,-0.8874865132901403,0.40231389097041553
20,1,401,-0.92967679268784,
20,1,402,-0.9108310068647064,
20,1,403,-0.8813524560795891,
20,1,404,-0.890186856190364,
20,1,405,-0.8777958038780423,0.40528179084261257
20,1,406,-0.8831899828381009,
20,1,407,-0.8528576302859519,
20,1,408,-0.8659513013230431,
20,1,409,-0.8717764930592642,
20,1,410,-0.9226334244012833,0.40663246396515107
20,1,411,-0.9502015966508122,
20,1,412,-0.9170700146092309,
20,1,413,-0.894022782643636,
20,1,414,-0.9136412383781538,
20,1,415,-0.90005860146549,0.40076844083766144
20,1,416,-0.867581432892217,
20,1,417,-0.9269646480679512,
20,1,418,-0.9399078289667765,
20,1,419,-0.8782656780547564,
20,1,420,-0.8423310096065204,0.4082421904636754
20,1,421,-0.9223895503415003,
20,1,422,-0.8697186236580213,
20,1,423,-0.9968730393383237,
20,1,424,-0.973233755264017,
20,1,425,-0.8709645958410367,0.40710430695778793
20,1,426,-0.8927473309967253,
20,1,427,-0.9265925180580881,
20,1,428,-0.9231390307346977,
20,1,429,-0.8575066584679817,
20,1,430,-0.9209201965067122,0.41065290777219665
20,1,431,-0.9175320590535797,
20,1,432,-0.9460381741325061,
20,1,433,-0.9307090739409127,
20,1,434,-0.8864650337232486,
20,1,435,-0.922912023961544,0.4096929606878095
20,1,436,-0.8921784112850825,
20,1,437,-0.9742917302582,
20,1,438,-0.8510326436824269,
20,1,439,-0.8844310426049761,
20,1,440,-0.8551375965277351,0.4080829980472724
20,1,441,-0.978985094361835,
20,1,442,-0.9346556613842646,
20,1,443,-1.010018263426092,
20,1,444,-0.9038873240351679,
20,1,445,-0.8951167886455855,0.4091120140833987
20,1,446,-0.9678534600469801,
20,1,447,-0.9307412223683463,
20,1,448,-0.9352027997374536,
20,1,449,-0.9341025153795879,
20,1,450,-0.8870762379633057,0.40940952652858364
20,1,451,-0.9323233870996369,
20,1,452,-0.9301337856385445,
20,1,453,-0.887785760892762,
20,1,454,-0.9349446429146661,
20,1,455,-0.9153374102380538,0.40557715317441356
20,1,456,-0.839072347515159,
20,1,457,-0.9109544580181438,
20,1,458,-0.941456962790754,
20,1,459,-0.9087137116326226,
20,1,460,-0.9598361709051664,0.41122846367458504
20,1,461,-0.9425560981035234,
20,1,462,-0.8943407494160863,
20,1,463,-0.8907965405119788,
20,1,464,-0.9813283276226786,
20,1,465,-1.0213610480229058,0.41201137461596066
20,1,466,-0.937333431508806,
20,1,467,-0.8868599691324763,
20,1,468,-0.876498023668925,
20,1,469,-0.9079573518700069,
20,1,470,-0.9905992671847342,0.4092807970527146
20,1,471,-0.8907102205687097,
20,1,472,-1.0234529599547386,
20,1,473,-0.9675448354747563,
20,1,474,-0.9200276103284625,
20,1,475,-1.0099479580918949,0.41061644152634674
20,1,476,-0.9639683109190732,
20,1,477,-0.9697094385822612,
20,1,478,-0.9114363979962137,
20,1,479,-0.9830694115824169,
20,1,480,-0.920326507753796,0.41031306485335034
20,1,481,-0.9529355052444669,
20,1,482,-0.9344116714265613,
20,1,483,-0.8934383946988317,
20,1,484,-0.9557357256611188,
20,1,485,-0.979930340415902,0.4084105791731013
20,1,486,-0.9283945320381058,
20,1,487,-0.9940996981329386,
20,1,488,-0.9615299080808958,
20,1,489,-0.9251389884286457,
20,1,490,-0.9503212678763602,0.41038782697998816
20,1,491,-0.9178409377733865,
20,1,492,-0.9710023726026217,
20,1,493,-0.8531235324011908,
20,1,494,-0.966978958911366,
20,1,495,-0.9802585956123139,0.41408884939220214
20,1,496,-0.9787459605269965,
20,1,497,-0.9022793711887466,
20,1,498,-0.9596545456184279,
20,1,499,-0.9400497087173993,
20,1,500,-0.8780608707004124,0.41497930015126866
20,1,501,-0.9819035712215636,
20,1,502,-0.9415065240528846,
20,1,503,-0.9784527346491815,
20,1,504,-0.9391338692771065,
20,1,505,-0.8592047890027362,0.4108851512687074
20,1,506,-0.9303289809160764,
20,1,507,-0.945778634813097,
20,1,508,-0.9463462175594435,
20,1,509,-0.9288243618276385,
20,1,510,-0.9277570529116523,0.4112169113424089
20,1,511,-0.8919364197386637,
20,1,512,-0.9381529978579944,
20,1,513,-0.9650825038552283,
20,1,514,-0.9127969998452399,
20,1,515,-0.9797859796219403,0.4090392931054036
20,1,516,-0.9113748156362108,
20,1,517,-0.9642414400974907,
20,1,518,-0.9104994411269822,
20,1,519,-0.9431326886018114,
20,1,520,-0.938441353539626,0.4086549578027593
20,1,521,-0.9392969012260437,
20,1,522,-0.9018349837925699,
20,1,523,-0.9935284430782001,
20,1,524,-0.9672245267364712,
20,1,525,-0.8755349922511313,0.4102562123702632
20,1,526,-0.9233645747105281,
20,1,527,-0.8879559073183271,
20,1,528,-0.9507993650105264,
20,1,529,-0.8988745013872781,
20,1,530,-0.9753196429875163,0.4105222361783187
20,1,531,-0.9470463279220794,
20,1,532,-0.8394180660446485,
20,1,533,-0.9054617087046306,
20,1,534,-0.911496094531483,
20,1,535,-0.9882968705561429,0.4137464509242111
20,1,536,-0.9632863882515165,
20,1,537,-0.9356913425856166,
20,1,538,-0.904981846610705,
20,1,539,-1.012124730481042,
20,1,540,-1.0021364572975369,0.41057282458576894
20,1,541,-0.9165448041425813,
20,1,542,-0.9103476736280656,
20,1,543,-0.9973014791806539,
20,1,544,-0.9818683928913541,
20,1,545,-0.9048243529266782,0.41198720162113506
20,1,546,-0.9217271837923262,
20,1,547,-0.9728932736648453,
20,1,548,-0.9647962260577412,
20,1,549,-0.9739243835210801,
20,1,550,-0.8763962586720783,0.4104649343838294
20,1,551,-0.9084072270327144,
20,1,552,-0.9872864277826418,
20,1,553,-0.903769084148937,
20,1,554,-0.964009856184324,
20,1,555,-0.9459070695771111,0.412811451488071
20,1,556,-0.9106944079200426,
20,1,557,-0.8509779274463656,
20,1,558,-0.965505051116149,
20,1,559,-0.9270004555583,
20,1,560,-0.985487062070105,0.4107165988534689
20,1,561,-0.8671322084135477,
20,1,562,-0.9249005814393362,
20,1,563,-0.9060033924049804,
20,1,564,-0.9849840485387376,
20,1,565,-0.8949732705950736,0.4112898568726248
20,1,566,-0.8735124592979747,
20,1,567,-0.9307648531264731,
20,1,568,-0.9327796796957651,
20,1,569,-0.9286174906624688,
20,1,570,-0.9033027713497481,0.4051384867893325
20,1,571,-0.9436981719401146,
20,1,572,-0.9339019780357679,
20,1,573,-0.8365067284968165,
20,1,574,-0.9417215635379157,
20,1,575,-0.9153087561329207,0.4149428541875548
20,1,576,-0.9813678918613327,
20,1,577,-0.9435816912187471,
20,1,578,-0.9920976244741017,
20,1,579,-0.93757030285067,
20,1,580,-0.933424096968439,0.40508821865336764
20,1,581,-0.9492047073112592,
20,1,582,-0.9519749639762771,
20,1,583,-0.9051164512832961,
20,1,584,-0.9757597802413833,
20,1,585,-0.9221305300792058,0.40843464103009963
20,1,586,-0.9158600833680898,
20,1,587,-0.9420288677016894,
20,1,588,-0.9114160339037575,
20,1,589,-0.9266284017099274,
20,1,590,-0.8844046344359717,0.41350038949814105
20,1,591,-0.9189264476299285,
20,1,592,-0.9854447295268375,
20,1,593,-0.8979549474186366,
20,1,594,-0.8444876712229518,
20,1,595,-0.9479602674643198,0.4098291494366195
20,1,596,-0.896703423725234,
20,1,597,-0.9745296504762435,
20,1,598,-0.9535174411204128,
20,1,599,-0.9036673307418823,
20,1,600,-0.9153327917059263,0.4142341377834479
20,1,601,-0.969673035873307,
20,1,602,-0.9064796956049073,
20,1,603,-0.942142381436295,
20,1,604,-0.9481212066279517,
20,1,605,-0.9183800783422257,0.40769058196908897
20,1,606,-0.8829473629593849,
20,1,607,-0.8874749615788458,
20,1,608,-0.9367774476607641,
20,1,609,-0.9632158387038443,
20,1,610,-0.8857790985041194,0.4070327687594626
20,1,611,-0.9950520487295258,
20,1,612,-0.9647331602043575,
20,1,613,-0.9362103988726934,
20,1,614,-0.8959689446621469,
20,1,615,-0.871910403172175,0.40834139680696857
20,1,616,-0.9078224052985508,
20,1,617,-0.9051387574937609,
20,1,618,-0.9819260338942211,
20,1,619,-0.9571159390939605,
20,1,620,-0.9132145022352538,0.4037821621944507
20,1,621,-0.8573451249135864,
20,1,622,-0.9123281894458665,
20,1,623,-0.9034380225671661,
20,1,624,-0.8534362730052738,
20,1,625,-0.8890302330255511,0.40609128235114944
20,1,626,-1.0125101357698445,
20,1,627,-0.8820463965336481,
20,1,628,-0.9203331727120612,
20,1,629,-0.8916581273078917,
20,1,630,-0.866137588189708,0.40443853433761334
20,1,631,-0.8771213599377208,
20,1,632,-0.9316108293003508,
20,1,633,-0.8803190477192401,
20,1,634,-0.9320042000876533,
20,1,635,-0.8519830976923306,0.4082362643546528
20,1,636,-0.8797904277841248,
20,1,637,-1.042576919827196,
20,1,638,-0.9537534183926052,
20,1,639,-0.9250467717647552,
20,1,640,-0.8650442486008011,0.4069286949104733
20,1,641,-0.8783787182635729,
20,1,642,-0.9947494069735209,
20,1,643,-0.8803260434004996,
20,1,644,-0.9213121475444901,
20,1,645,-0.9322572540905741,0.41096279873616165
20,1,646,-0.9242115716139473,
20,1,647,-0.9357578721311357,
20,1,648,-0.9693500523765882,
20,1,649,-0.9331240670548545,
20,1,650,-0.8940233977304565,0.4077412078364028
20,1,651,-0.9799948657552401,
20,1,652,-0.9460352203912206,
20,1,653,-0.9289750572707919,
20,1,654,-0.8793034479022025,
20,1,655,-0.9338528050316703,0.4040158198525508
20,1,656,-0.883698835141129,
20,1,657,-0.8741409505407014,
20,1,658,-0.9527407503790324,
20,1,659,-0.8893455275230937,
20,1,660,-0.9012701676951513,0.40325032360851765
20,1,661,-0.9311429229047564,
20,1,662,-0.9318739896019301,
20,1,663,-0.9516627324952017,
20,1,664,-0.9126127552655007,
20,1,665,-0.8534836173057557,0.4041428723269039
20,1,666,-0.9219360194272463,
20,1,667,-0.9200544431805611,
20,1,668,-0.9739364228314821,
20,1,669,-0.9050561934709548,
20,1,670,-1.0160473643077745,0.40454508177936077
20,1,671,-0.9298505344324642,
20,1,672,-0.8898030469814934,
20,1,673,-0.9399737574987942,
20,1,674,-0.9514702235658964,
20,1,675,-0.9294665406147639,0.4077148164312045
20,1,676,-0.9193110548787645,
20,1,677,-0.8951635352439352,
20,1,678,-0.9116580693258179,
20,1,679,-0.9053601945439974,
20,1,680,-0.9147652255164251,0.40658795688715244
20,1,681,-0.8935297338498963,
20,1,682,-0.8878648413552177,
20,1,683,-0.9764669951465396,
20,1,684,-0.969168811208672,
20,1,685,-0.9058704392777547,0.4069945774972439
20,1,686,-0.9148451214035355,
20,1,687,-0.9036367303795284,
20,1,688,-0.9881423115730286,
20,1,689,-0.8811165549688869,
20,1,690,-0.9234656774335438,0.4110657245748573
20,1,691,-0.9289525722463925,
20,1,692,-0.9049432567424245,
20,1,693,-0.9232161078188154,
20,1,694,-0.9012688514259125,
20,1,695,-0.9184715482923718,0.41154429047471947
20,1,696,-0.9650652698344654,
20,1,697,-0.9656405622760456,
20,1,698,-0.9298456990056566,
20,1,699,-0.9444103108512029,
20,1,700,-0.9097472346491287,0.4081100734571616
20,1,701,-0.9352529272437096,
20,1,702,-0.9325022912687726,
20,1,703,-0.9464354796542062,
20,1,704,-0.9434232314427694,
20,1,705,-1.0055298200911946,0.40628987923264503
20,1,706,-0.928411571515931,
20,1,707,-0.8883968558576373,
20,1,708,-0.8949064786235489,
20,1,709,-0.9297060171763102,
20,1,710,-0.9347102981474663,0.4038620587024424
20,1,711,-0.9251904578672516,
20,1,712,-0.8561994822488889,
20,1,713,-0.932000131242805,
20,1,714,-0.9090898310144743,
20,1,715,-0.9467520473731892,0.4035771507769823
20,1,716,-0.8721667172180279,
20,1,717,-0.9709999561309817,
20,1,718,-0.8968509419096843,
20,1,719,-0.8841329274906052,
20,1,720,-0.9527242266469531,0.4041533362534311
20,1,721,-0.8581772959894607,
20,1,722,-0.931726345585452,
20,1,723,-0.8856575108236736,
20,1,724,-0.8601675894525317,
20,1,725,-0.9013989675376151,0.40587124414741993
20,1,726,-0.8919203446971046,
20,1,727,-0.8809629496600894,
20,1,728,-0.8167988616559241,
20,1,729,-0.8950473624798988,
20,1,730,-0.9313065434495608,0.40922134804228943
20,1,731,-0.8849687303105992,
20,1,732,-0.9123595853646597,
20,1,733,-0.9276905316445563,
20,1,734,-0.9142591969834436,
20,1,735,-0.9036119431257249,0.40198720018896794
20,1,736,-0.895960150493516,
20,1,737,-0.907207853264279,
20,1,738,-0.9018867115179698,
20,1,739,-0.9549817691246668,
20,1,740,-0.8641926273703573,0.4060154766258266
20,1,741,-0.855357218119833,
20,1,742,-0.9261774255169761,
20,1,743,-0.9016492101881237,
20,1,744,-0.8888307404186989,
20,1,745,-0.8978031939930383,0.4038215645899375
20,1,746,-0.9826074896587267,
20,1,747,-0.9060315150353645,
20,1,748,-0.9040087751216357,
20,1,749,-0.9302980237536962,
20,1,750,-0.8571726721194054,0.4042044288168351
20,1,751,-0.9149878430697653,
20,1,752,-0.8911000556415981,
20,1,753,-0.8908969304627842,
20,1,754,-0.9150039371516967,
20,1,755,-0.837516335149606,0.3963634851906035
20,1,756,-0.9218970073593987,
20,1,757,-0.8768464227517444,
20,1,758,-0.9165211617946624,
20,1,759,-0.9031728133559227,
20,1,760,-1.0154894457923038,0.40144779678020215
20,1,761,-0.8785871631569335,
20,1,762,-0.9077901202771399,
20,1,763,-0.9711751755740907,
20,1,764,-0.9321010824706819,
20,1,765,-0.8774224610792266,0.40564324603312546
20,1,766,-0.9294504208697213,
20,1,767,-0.9243087834782069,
20,1,768,-0.8853841871023178,
20,1,769,-0.8654086126221551,
20,1,770,-0.9391633545358977,0.4039574551085631
20,1,771,-0.8608859479427337,
20,1,772,-0.9559596553444861,
20,1,773,-0.9159479290246967,
20,1,774,-0.9322836779885819,
20,1,775,-0.8927590226133664,0.40952383457786506
20,1,776,-0.8983388808038497,
20,1,777,-0.9328296954433124,
20,1,778,-0.9445959428946177,
20,1,779,-0.897327486011717,
20,1,780,-0.9278042076362505,0.4040576366500722
20,1,781,-0.9166515469551088,
20,1,782,-0.8458609580993652,
20,1,783,-0.9055559279190167,
20,1,784,-0.8644041220347086,
20,1,785,-0.9197737541463641,0.4055455807182524
20,1,786,-0.9215983127554255,
20,1,787,-0.9033639397886066,
20,1,788,-0.86406502707137,
20,1,789,-0.933469594352775,
20,1,790,-0.9256908877028357,0.4052658780581421
20,1,791,-0.894827113383346,
20,1,792,-0.910310102833642,
20,1,793,-0.9866605492101774,
20,1,794,-0.9641097461183868,
20,1,795,-0.9378554854128096,0.40955042818354237
20,1,796,-0.9058258831501006,
20,1,797,-0.921204153034422,
20,1,798,-0.9479073915216659,
20,1,799,-0.8845147722297247,
20,1,800,-0.8514644578099252,0.4041019771248102
20,1,801,-0.86809401296907,
20,1,802,-0.8935607348879177,
20,1,803,-0.93342096110185,
20,1,804,-0.9464728302425808,
20,1,805,-0.9025244944625431,0.40273381231559646
20,1,806,-0.9061557700236637,
20,1,807,-0.857831795182493,
20,1,808,-0.860439430508349,
20,1,809,-0.9346701684925292,
20,1,810,-0.9364571430616907,0.40465457923710346
20,1,811,-0.8933646331230799,
20,1,812,-0.9429098094503086,
20,1,813,-0.9253367210427921,
20,1,814,-0.8689521402120591,
20,1,815,-0.9337954777810309,0.4061845872137282
20,1,816,-0.9854229125711652,
20,1,817,-0.9049174098504916,
20,1,818,-0.9366152932246524,
20,1,819,-0.8846076942152445,
20,1,820,-0.9123008615440792,0.40614037815895343
20,1,821,-0.9255948728985256,
20,1,822,-0.8796410982807475,
20,1,823,-0.9425903401441043,
20,1,824,-0.9374956786632537,
20,1,825,-0.8525426545076901,0.4060213569965627
20,1,826,-0.9201859724190499,
20,1,827,-0.8769869282841682,
20,1,828,-0.8930977541539404,
20,1,829,-0.9050427973270416,
20,1,830,-0.9721325379278924,0.4033392295241356
20,1,831,-0.8923889448245369,
20,1,832,-0.8764747083187103,
20,1,833,-0.9551777657535342,
20,1,834,-0.8500427057345709,
20,1,835,-0.865113632546531,0.4037957212163342
20,1,836,-0.9646597959929044,
20,1,837,-0.8818506937887934,
20,1,838,-0.9569275048043993,
20,1,839,-0.9251606323652799,
20,1,840,-0.9217118430468768,0.4056987572047446
20,1,841,-0.9311644426650469,
20,1,842,-0.9195070887605352,
20,1,843,-0.9231934953067041,
20,1,844,-0.9420416752497356,
20,1,845,-0.9062956000367801,0.40191813475555843
20,1,846,-0.9408607863717611,
20,1,847,-0.9411794311470455,
20,1,848,-0.8942025726040205,
20,1,849,-0.943726523882813,
20,1,850,-0.9378251118792429,0.40899956557485795
20,1,851,-0.9198419211639297,
20,1,852,-0.9432860041658083,
20,1,853,-0.9040583156877092,
20,1,854,-0.9045760937862927,
20,1,855,-0.8811156377196312,0.4099162047108014
20,1,856,-0.9698798134922981,
20,1,857,-0.9369564486874478,
20,1,858,-0.9225729794965849,
20,1,859,-0.9196946463651124,
20,1,860,-0.9092199620273379,0.405123892136746
20,1,861,-0.901004717581802,
20,1,862,-0.9441566119591398,
20,1,863,-0.8784394835432369,
20,1,864,-0.9247037205431197,
20,1,865,-0.969949366317855,0.4094392843544483
20,1,866,-0.9573051954309149,
20,1,867,-0.9937499447001353,
20,1,868,-0.9278187197115685,
20,1,869,-0.9640531250172193,
20,1,870,-0.8902889316280683,0.4044359338780244
20,1,871,-0.9487307791908582,
20,1,872,-0.9402710903022021,
20,1,873,-0.8918821579880184,
20,1,874,-0.953725039958954,
20,1,875,-0.9203014837370977,0.4103078130218718
20,1,876,-0.9075598426991038,
20,1,877,-0.8854080537954965,
20,1,878,-1.0194933257169192,
20,1,879,-0.9578692714373273,
20,1,880,-0.8613195328248873,0.39962251981099445
20,1,881,-0.9144341722130778,
20,1,882,-0.8531838208436965,
20,1,883,-0.9995695195264288,
20,1,884,-0.8943062896529833,
20,1,885,-0.9195818106333414,0.4010116724918286
20,1,886,-0.9441938632064393,
20,1,887,-0.9156307073103057,
20,1,888,-0.9240684401657847,
20,1,889,-0.8907235579358207,
20,1,890,-0.8498477141062418,0.39901075926091933
20,1,891,-0.9301435525218648,
20,1,892,-0.8753954942027731,
20,1,893,-0.8652306745449699,
20,1,894,-0.9164035990834235,
20,1,895,-0.9533336742056739,0.40582501453657943
20,1,896,-0.966360405087471,
20,1,897,-0.9402857389714983,
20,1,898,-0.8944470948643155,
20,1,899,-0.9208619031641218,
20,1,900,-0.8875901450713474,0.40401095689998734
20,1,901,-0.9720696376429664,
20,1,902,-0.905854597687721,
20,1,903,-0.9614796919955146,
20,1,904,-0.8692858037021428,
20,1,905,-0.8806763076119952,0.40536006829804844
20,1,906,-0.9255777373909948,
20,1,907,-0.976075265970495,
20,1,908,-0.9133299870623484,
20,1,909,-0.871553934282727,
20,1,910,-0.8840945619675847,0.4044767026272085
20,1,911,-0.9225621480080818,
20,1,912,-0.9693435281515124,
20,1,913,-0.9224535475174588,
20,1,914,-0.90556671222051,
20,1,915,-0.9304313113292056,0.405878066809641
20,1,916,-0.8897457073132198,
20,1,917,-0.914134962691201,
20,1,918,-0.9204236161377694,
20,1,919,-0.95594902171029,
20,1,920,-0.8826624949773154,0.4045850725637542
20,1,921,-0.9211047755347359,
20,1,922,-0.9266250357031824,
20,1,923,-0.9380447036690182,
20,1,924,-0.9054834461874433,
20,1,925,-0.8764486114184061,0.40707799792289734
20,1,926,-0.9223466366529466,
20,1,927,-0.9389352434211307,
20,1,928,-0.9469424047403866,
20,1,929,-0.8902491049634087,
20,1,930,-0.9668213377396264,0.40146954730153084
20,1,931,-0.8555485010147095,
20,1,932,-0.9035209483570521,
20,1,933,-0.9265593911210693,
20,1,934,-0.855638262298372,
20,1,935,-0.9069462310936716,0.40526748986707795
20,1,936,-0.8362107434206537,
20,1,937,-0.8575903019971318,
20,1,938,-0.9156595716873804,
20,1,939,-0.9247168815798229,
20,1,940,-0.9233231676949392,0.40489676863782936
20,1,941,-0.9250638186931611,
20,1,942,-0.9025523223810725,
20,1,943,-0.9132441886597207,
20,1,944,-0.904176228576236,
20,1,945,-0.9537522966663043,0.40381411359541947
20,1,946,-0.9210910532209607,
20,1,947,-0.9519158461027672,
20,1,948,-0.9512366950511931,
20,1,949,-0.8556829318404195,
20,1,950,-0.9278646045260959,0.4069220721721649
20,1,951,-0.937565806011359,
20,1,952,-0.9229815039369794,
20,1,953,-0.8577100651131737,
20,1,954,-0.9077712272604308,
20,1,955,-0.9306653249594898,0.40354921937816673
20,1,956,-0.8966119264562923,
20,1,957,-0.9095788945754368,
20,1,958,-0.8769552624887891,
20,1,959,-0.852553949587875,
20,1,960,-0.8919177113307847,0.4046016505195035
20,1,961,-0.9230001982715397,
20,1,962,-0.9350249965985618,
20,1,963,-0.9206584451927081,
20,1,964,-0.8890852646695241,
20,1,965,-0.8774420080913438,0.4013885350690948
20,1,966,-0.9354783296585081,
20,1,967,-0.9300294112828039,
20,1,968,-0.8985564294788573,
20,1,969,-1.0007419884204867,
20,1,970,-0.901726271543238,0.4033838549835814
20,1,971,-0.9176257111959986,
20,1,972,-0.9209151930279201,
20,1,973,-0.939604731897513,
20,1,974,-0.9349695021907488,
20,1,975,-0.9180222559306356,0.4036986608472135
20,1,976,-0.9070743926697308,
20,1,977,-0.901887495484617,
20,1,978,-0.853418231010437,
20,1,979,-0.9048092924058437,
20,1,980,-0.8932001532779797,0.4004815516786443
20,1,981,-0.9483798849913809,
20,1,982,-0.8975402853555152,
20,1,983,-0.9216915360755387,
20,1,984,-0.8981509076224433,
20,1,985,-0.939778369334009,0.4076821443935235
20,1,986,-0.9390373403827351,
20,1,987,-0.9122808244493272,
20,1,988,-0.9401712533500459,
20,1,989,-0.9020168127285111,
20,1,990,-0.8902568270762761,0.4056724514812231
20,1,991,-0.8843166281779608,
20,1,992,-0.9090898202525244,
20,1,993,-0.9165188388692006,
20,1,994,-0.9235768707262145,
20,1,995,-0.8965013581845497,0.40535233749283683
20,1,996,-0.8732175197866225,
20,1,997,-0.9157847041885057,
20,1,998,-0.9345298442575667,
20,1,999,-0.9315797645184729,
20,1,1000,-0.9248541171352067,0.4029813800007105
20,2,0,,0.2761852224874828
20,2,1,-0.48490980143348383,
20,2,2,-0.5471967974056798,
20,2,3,-0.6208044749995074,
20,2,4,-0.6805123057630326,
20,2,5,-0.7055694642994137,0.3613554886024859
20,2,6,-0.6738810092210769,
20,2,7,-0.67976813018322,
20,2,8,-0.6726329045163261,
20,2,9,-0.7583745709723897,
20,2,10,-0.693700284593635,0.3680177195411589
20,2,11,-0.7642978752652804,
20,2,12,-0.8169467838274107,
20,2,13,-0.7033056393265723,
20,2,14,-0.7215926489896247,
20,2,15,-0.8207015163368648,0.37739632102764314
20,2,16,-0.765046677655644,
20,2,17,-0.7316909258564311,
20,2,18,-0.7448867153790262,
20,2,19,-0.8036718939741451,
20,2,20,-0.8149599424666828,0.3790268240910437
20,2,21,-0.7580986908740467,
20,2,22,-0.7531905563341247,
20,2,23,-0.7720290472110113,
20,2,24,-0.7704091833697423,
20,2,25,-0.8031337418489984,0.38229663390666246
20,2,26,-0.7496925551030372,
20,2,27,-0.7569652439819442,
20,2,28,-0.8252021198471386,
20,2,29,-0.7933422550559043,
20,2,30,-0.7264008679323725,0.38267158447868294
20,2,31,-0.7658820475141209,
20,2,32,-0.8284560880727238,
20,2,33,-0.8251093592908647,
20,2,34,-0.7997521228260462,
20,2,35,-0.8726273882720206,0.38772721216082573
20,2,36,-0.8087593093514444,
20,2,37,-0.8521920798553364,
20,2,38,-0.84212370051278,
20,2,39,-0.7799479944838418,
20,2,40,-0.7956713231073487,0.38761741833554375
20,2,41,-0.7960808177789054,
20,2,42,-0.7813105748759374,
20,2,43,-0.818750541243288,
20,2,44,-0.8324258377154669,
20,2,45,-0.8396734893321992,0.38787291499061716
20,2,46,-0.854178766409556,
20,2,47,-0.8301142164402537,
20,2,48,-0.8180894628167154,
20,2,49,-0.8342891641789012,
20,2,50,-0.7810718276434473,0.3899498629487223
20,2,51,-0.7936516536606681,
20,2,52,-0.8032261431217194,
20,2,53,-0.7989650583929486,
20,2,54,-0.7954942848947313,
20,2,55,-0.7754653369386993,0.3893622701159782
20,2,56,-0.859669368300173,
20,2,57,-0.7874949855936899,
20,2,58,-0.8199379369616508,
20,2,59,-0.7925688740279939,
20,2,60,-0.7953098780579037,0.38999608324633706
20,2,61,-0.8288080212142733,
20,2,62,-0.8085050847795275,
20,2,63,-0.8501738384366038,
20,2,64,-0.8322836086153984,
20,2,65,-0.8443141389224263,0.3911673648075925
20,2,66,-0.7697035628888342,
20,2,67,-0.8469132810003227,
20,2,68,-0.8238714287678399,
20,2,69,-0.8165674035747846,
20,2,70,-0.8775918500290979,0.38985155512475306
20,2,71,-0.8693852987554338,
20,2,72,-0.791488003399637,
20,2,73,-0.8090832200315263,
20,2,74,-0.8279542525609336,
20,2,75,-0.865313365227646,0.39138475867609185
20,2,76,-0.823697489168909,
20,2,77,-0.8096272258294951,
20,2,78,-0.8195079482263986,
20,2,79,-0.8039960198932224,
20,2,80,-0.8278318229648802,0.39058601080129546
20,2,81,-0.8129137812389268,
20,2,82,-0.8251639604568484,
20,2,83,-0.8384565206037626,
20,2,84,-0.8633773624897002,
20,2,85,-0.8114938032295967,0.39206021486057174
20,2,86,-0.8313257387942737,
20,2,87,-0.8101964874400034,
20,2,88,-0.8061434767312471,
20,2,89,-0.8861617628071046,
20,2,90,-0.8273486279779011,0.39155685311804217
20,2,91,-0.824424438178539,
20,2,92,-0.7947988212108612,
20,2,93,-0.8715723132093749,
20,2,94,-0.8457693300313417,
20,2,95,-0.8127539050247936,0.3933962790502442
20,2,96,-0.854142045809163,
20,2,97,-0.8073741089966562,
20,2,98,-0.8310202302204238,
20,2,99,-0.7941746322645081,
20,2,100,-0.8329494612084497,0.3934081395467122
20,2,101,-0.8485740762617853,
20,2,102,-0.8512143699659239,
20,2,103,-0.8381707030865883,
20,2,104,-0.9109080748425591,
20,2,105,-0.8423625512255561,0.39668103245397407
20,2,106,-0.8417719370788997,
20,2,107,-0.8192292849222819,
20,2,108,-0.9169721462660363,
20,2,109,-0.8682994188533891,
20,2,110,-0.835479577382406,0.39631440045519006
20,2,111,-0.8263146289520792,
20,2,112,-0.8878399829069774,
20,2,113,-0.833200015955501,
20,2,114,-0.8504360599650276,
20,2,115,-0.8607165142893793,0.3946612924337387
20,2,116,-0.8385539609524938,
20,2,117,-0.8286572785841093,
20,2,118,-0.8616205528378484,
20,2,119,-0.8187649150689442,
20,2,120,-0.837715002397696,0.3990204009330935
20,2,121,-0.8201376514302361,
20,2,122,-0.932170294225216,
20,2,123,-0.8777428542574247,
20,2,124,-0.8516703537768789,
20,2,125,-0.8317101639178065,0.3971556882477469
20,2,126,-0.856780263284842,
20,2,127,-0.8141068716843922,
20,2,128,-0.8837410426802105,
20,2,129,-0.8360297539167931,
20,2,130,-0.8587751371992958,0.40009352409591276
20,2,131,-0.8331140602628391,
20,2,132,-0.8173946680294143,
20,2,133,-0.8863520936833487,
20,2,134,-0.8002077688773472,
20,2,135,-0.8704843347271284,0.3996669761836529
20,2,136,-0.8273865779240925,
20,2,137,-0.8783101745777663,
20,2,138,-0.9261547327041626,
20,2,139,-0.8714300874206756,
20,2,140,-0.8701064984003702,0.40176893025636673
20,2,141,-0.9117240897483295,
20,2,142,-0.8895633237229454,
20,2,143,-0.8956745862960817,
20,2,144,-0.9607293821043439,
20,2,145,-0.9396777699391047,0.402374563117822
20,2,146,-0.9566334196262891,
20,2,147,-0.8492031602395906,
20,2,148,-0.8734713047742843,
20,2,149,-0.91880594773425,
20,2,150,-0.8921066373586656,0.40129977754420704
20,2,151,-0.7995471416248214,
20,2,152,-0.8860667381021712,
20,2,153,-0.8327631279826164,
20,2,154,-0.8462201638354195,
20,2,155,-0.8642984868751632,0.40265050768438315
20,2,156,-0.8622485821445781,
20,2,157,-0.9470074325799941,
20,2,158,-0.918480961687035,
20,2,159,-0.8775828207532564,
20,2,160,-0.8443278057707677,0.40034591334147585
20,2,161,-0.874500104950534,
20,2,162,-0.8465432218379443,
20,2,163,-0.8519666948252254,
20,2,164,-0.9117971327569749,
20,2,165,-0.9094774896899862,0.3993859373860889
20,2,166,-0.8909936530722511,
20,2,167,-0.9198720686965518,
20,2,168,-0.8931685926185714,
20,2,169,-0.8883839059207175,
20,2,170,-0.9071516883042126,0.3982296045869589
20,2,171,-0.8725740189353625,
20,2,172,-0.8796545250548256,
20,2,173,-0.8610569627748594,
20,2,174,-0.8896817151043152,
20,2,175,-0.9247033289737171,0.4031600182255109
20,2,176,-0.9027304351329803,
20,2,177,-0.8960323830445608,
20,2,178,-0.8667192591561212,
20,2,179,-0.8945827368232938,
20,2,180,-0.8622439288430741,0.4027734405050675
20,2,181,-0.8626031743155584,
20,2,182,-0.8525907198588055,
20,2,183,-0.9092671316530968,
20,2,184,-0.8699339015616311,
20,2,185,-0.931353454788526,0.4041955307539966
20,2,186,-0.9008210425575573,
20,2,187,-0.9043593712978895,
20,2,188,-0.8944825902581213,
20,2,189,-0.8897190640370053,
20,2,190,-0.9405436987678211,0.40270398143264985
20,2,191,-0.8993864133954048,
20,2,192,-0.9038219816154904,
20,2,193,-0.8963768101400799,
20,2,194,-0.9215551896227729,
20,2,195,-0.8722993474867607,0.40561658723486793
20,2,196,-0.87676250272327,
20,2,197,-0.8960136936770547,
20,2,198,-0.8888393946819836,
20,2,199,-0.9387051388621331,
20,2,200,-0.9210251884327996,0.40553553650776547
20,2,201,-0.9648451324966221,
20,2,202,-0.8751437018314999,
20,2,203,-0.8967933124966092,
20,2,204,-0.8610045653250481,
20,2,205,-0.9066902341114149,0.40576847456395626
20,2,206,-0.8872321645418799,
20,2,207,-0.8705527525809076,
20,2,208,-0.9083602072464094,
20,2,209,-0.8537793283661206,
20,2,210,-0.8570669997069571,0.40637143535746467
20,2,211,-0.8998085831602411,
20,2,212,-0.8951254213849706,
20,2,213,-0.9307585035761198,
20,2,214,-0.8880269055565198,
20,2,215,-0.8999820144640075,0.4066931251436472
20,2,216,-0.8303946985138786,
20,2,217,-0.9206776039467917,
20,2,218,-0.8846953221493298,
20,2,219,-0.8780476624766984,
20,2,220,-0.8904809140496787,0.4049805845651362
20,2,221,-0.9007493745949531,
20,2,222,-0.8926057873500719,
20,2,223,-0.9047404213084116,
20,2,224,-0.8758661829762988,
20,2,225,-0.8508716780278419,0.40922021576099926
20,2,226,-0.8854420342379146,
20,2,227,-0.8943780892425113,
20,2,228,-0.9167278268271022,
20,2,229,-0.9468536732925311,
20,2,230,-0.853374217947324,0.4101212886679504
20,2,231,-0.955723860197597,
20,2,232,-0.9512111743291217,
20,2,233,-0.970040511753824,
20,2,234,-0.9758755216995874,
20,2,235,-0.9106446181734402,0.4065395690914657
20,2,236,-0.9368600845336915,
20,2,237,-0.8783005351821582,
20,2,238,-0.8737042314476441,
20,2,239,-0.9681149969498317,
20,2,240,-0.8550279960036277,0.40893220115039086
20,2,241,-0.9458213233285482,
20,2,242,-1.0470556707845795,
20,2,243,-0.8964175590210491,
20,2,244,-0.9224458949433433,
20,2,245,-0.9407618964711826,0.4139294618119796
20,2,246,-0.866847715444035,
20,2,247,-0.9442878713210424,
20,2,248,-0.9058323088619444,
20,2,249,-0.8980032437377505,
20,2,250,-0.934606020649274,0.4088686247252756
20,2,251,-0.9163684886362817,
20,2,252,-0.9144313890073037,
20,2,253,-0.9333328248725995,
20,2,254,-0.9812200400564404,
20,2,255,-0.9038790124985908,0.41165017191734576
20,2,256,-1.019342248638471,
20,2,257,-0.9287793959180513,
20,2,258,-0.9265002757310866,
20,2,259,-0.8957344169418018,
20,2,260,-0.8947344132595593,0.40783992989195716
20,2,261,-0.8934994613130887,
20,2,262,-0.9199759604202378,
20,2,263,-0.9384985483354994,
20,2,264,-0.9249010235071182,
20,2,265,-0.8715228918525909,0.4104850733031829
20,2,266,-0.9355987086892127,
20,2,267,-0.9491338655352592,
20,2,268,-0.9637208763096067,
20,2,269,-0.8790599471992918,
20,2,270,-0.9676117135418786,0.409560471566187
20,2,271,-0.9082153340180715,
20,2,272,-0.9087761607435015,
20,2,273,-0.9940379750397469,
20,2,274,-0.940714315407806,
20,2,275,-0.9580460348063046,0.41345575482894975
20,2,276,-0.9463841617107391,
20,2,277,-0.900047813852628,
20,2,278,-0.9391544022493893,
20,2,279,-0.9191685501072143,
20,2,280,-0.9011155640085536,0.4097372786038452
20,2,281,-0.9713521227240562,
20,2,282,-0.8848339642087617,
20,2,283,-0.9776320929328602,
20,2,284,-0.9134910098380513,
20,2,285,-0.8798866917689642,0.4067647743763195
20,2,286,-0.9320517654220263,
20,2,287,-0.9208804443478584,
20,2,288,-0.8968995478418137,
20,2,289,-0.9487159591582086,
20,2,290,-0.9136284324857925,0.40890841703448033
20,2,291,-0.9690404733022054,
20,2,292,-0.953166666130225,
20,2,293,-0.9137943502929476,
20,2,294,-0.9269598176081977,
20,2,295,-0.9349117245939041,0.4132045555031962
20,2,296,-0.9658793442779118,
20,2,297,-0.9222631694542036,
20,2,298,-0.9794214483764437,
20,2,299,-0.931795341273149,
20,2,300,-0.9117255840036603,0.4131561370773448
20,2,301,-0.9558146314488518,
20,2,302,-0.9610252935025426,
20,2,303,-0.8968576730953324,
20,2,304,-0.9003935447997515,
20,2,305,-0.9070503951774702,0.4118576303331388
20,2,306,-0.9384405000342263,
20,2,307,-0.9416496141089334,
20,2,308,-0.8392914417717192,
20,2,309,-0.9363390215569073,
20,2,310,-0.9013133553995026,0.41157750309341484
20,2,311,-1.0140115204784605,
20,2,312,-0.9179739587836795,
20,2,313,-0.9537322512931293,
20,2,314,-1.0059292970432177,
20,2,315,-0.9366227181421386,0.412758353476723
20,2,316,-1.036537731687228,
20,2,317,-0.9127975685728922,
20,2,318,-0.9478645034962232,
20,2,319,-0.9665099920498,
20,2,320,-0.9478662121627067,0.41286805810199845
20,2,321,-0.8890685877866217,
20,2,322,-0.9640522723396621,
20,2,323,-0.9553112834692001,
20,2,324,-0.9753433316946031,
20,2,325,-1.0128978631562657,0.4097272304611074
20,2,326,-0.9069955713219112,
20,2,327,-0.9113943974177042,
20,2,328,-0.8961822887261707,
20,2,329,-0.907201688322756,
20,2,330,-0.9901431591974365,0.4120783781011899
20,2,331,-0.9387879537211525,
20,2,332,-0.8841420892212124,
20,2,333,-0.9303028434514996,
20,2,334,-0.9114809234937032,
20,2,335,-0.9075595678554641,0.40995730252729523
20,2,336,-0.8972563784983427,
20,2,337,-0.912822121547328,
20,2,338,-0.8910921083556281,
20,2,339,-0.908456592924065,
20,2,340,-0.9040910982423358,0.410291307605803
20,2,341,-0.9503257754776213,
20,2,342,-0.9323551323678759,
20,2,343,-0.9325099537769953,
20,2,344,-0.9357786460055245,
20,2,345,-0.9759091254737641,0.41200120591868955
20,2,346,-1.0342740375134678,
20,2,347,-1.019951514899731,
20,2,348,-0.9402493884166081,
20,2,349,-1.0039107725024226,
20,2,350,-0.9557976482643025,0.41278936382797027
20,2,351,-1.0448717127243676,
20,2,352,-0.9939478478497931,
20,2,353,-0.9258948920501604,
20,2,354,-0.8949661594298147,
20,2,355,-0.9423466457260978,0.4136289784477817
20,2,356,-0.958291645679209,
20,2,357,-0.9459593362278409,
20,2,358,-0.9085467714402411,
20,2,359,-0.8970768551031748,
20,2,360,-0.9271468619505562,0.41724036923713154
20,2,361,-0.9956723045971658,
20,2,362,-0.9169376053743892,
20,2,363,-0.9179385387235217,
20,2,364,-0.9382372026642162,
20,2,365,-0.9837883321775328,0.41252709832042456
20,2,366,-0.9999486472871568,
20,2,367,-0.9408758175041942,
20,2,368,-0.934051594800419,
20,2,369,-1.007251858711243,
20,2,370,-0.9993046480748389,0.411743539902899
20,2,371,-1.023692138493061,
20,2,372,-0.964530491994487,
20,2,373,-0.9439779652489553,
20,2,374,-0.9259737340940369,
20,2,375,-0.954857952064938,0.4150501943917738
20,2,376,-0.8894508108496664,
20,2,377,-1.0345320138666365,
20,2,378,-0.9176325566238829,
20,2,379,-0.9389575156900619,
20,2,380,-0.9723052150673337,0.4151932074584895
20,2,381,-0.9517565725578204,
20,2,382,-0.9844364590115018,
20,2,383,-0.9084181545509235,
20,2,384,-0.9054082259535791,
20,2,385,-0.9151300945215757,0.4111730998588933
20,2,386,-0.9417249154713419,
20,2,387,-0.8899508582221141,
20,2,388,-1.010725345876482,
20,2,389,-0.8957645032140944,
20,2,390,-0.9132353928354051,0.41336673208408886
20,2,391,-0.9377878374523585,
20,2,392,-0.974844934211837,
20,2,393,-0.9498330975572264,
20,2,394,-0.8936427988939817,
20,2,395,-0.9703661029537518,0.41822462280591327
20,2,396,-0.9445634980996449,
20,2,397,-0.9586557638314035,
20,2,398,-0.9821126220954788,
20,2,399,-1.0062277714411418,
20,2,400,-0.9149913200073773,0.41609915387299323
20,2,401,-0.9627241856522031,
20,2,402,-0.9534493775831326,
20,2,403,-0.8949874002072546,
20,2,404,-0.9235199102097087,
20,2,405,-0.9032520395186212,0.4164977657298247
20,2,406,-0.8770712415377298,
20,2,407,-0.8886608497964009,
20,2,408,-0.9016364092628162,
20,2,409,-0.9000840708613396,
20,2,410,-0.9638672437932758,0.4155830488436752
20,2,411,-0.9754701662394735,
20,2,412,-0.9536991748544905,
20,2,413,-0.9263374043835534,
20,2,414,-0.9544549518161349,
20,2,415,-0.9429057323270374,0.4144431615455283
20,2,416,-0.914217026697265,
20,2,417,-0.957989401287503,
20,2,418,-0.9735552999708389,
20,2,419,-0.8858641998635398,
20,2,420,-0.8752256184816362,0.41728066259788144
20,2,421,-0.9625146140654882,
20,2,422,-0.8900052557388941,
20,2,423,-1.0358908143308432,
20,2,424,-1.012470944888062,
20,2,425,-0.8941041471229658,0.41708608333849245
20,2,426,-0.9591895606782701,
20,2,427,-0.9296641424298288,
20,2,428,-0.9562700084514089,
20,2,429,-0.8624771601623956,
20,2,430,-0.9369893877042664,0.416538433275289
20,2,431,-0.9538809864057437,
20,2,432,-0.9996968309084572,
20,2,433,-0.9832881747020618,
20,2,434,-0.9345075256294674,
20,2,435,-0.9528276315993732,0.41437464621331954
20,2,436,-0.9133477815323406,
20,2,437,-1.0054997313353753,
20,2,438,-0.8830066124598185,
20,2,439,-0.9288242682814599,
20,2,440,-0.8996360161238244,0.4144001512063874
20,2,441,-1.0123275998565886,
20,2,442,-0.9582692434390386,
20,2,443,-1.0364698792497316,
20,2,444,-0.9342580727405015,
20,2,445,-0.9357298331128227,0.41744341763357323
20,2,446,-1.001345180802875,
20,2,447,-0.9420720876918899,
20,2,448,-0.9496368467807769,
20,2,449,-0.9410162882672417,
20,2,450,-0.9002571859293514,0.412617985987001
20,2,451,-0.9740062107642492,
20,2,452,-0.9679561075237063,
20,2,453,-0.9172982863254019,
20,2,454,-0.9695884933074315,
20,2,455,-0.9576041789518464,0.415848091762099
20,2,456,-0.8715344013439286,
20,2,457,-0.9519827059573598,
20,2,458,-0.9663038444187907,
20,2,459,-0.9166668107112249,
20,2,460,-0.9650634171234235,0.41444321090562475
20,2,461,-0.9628995549347664,
20,2,462,-0.8896581083536147,
20,2,463,-0.8842890734473864,
20,2,464,-1.0217762779858377,
20,2,465,-1.0166607896486919,0.4126568558729357
20,2,466,-0.9462387238939606,
20,2,467,-0.909835389090909,
20,2,468,-0.8837973955604767,
20,2,469,-0.9429778895444337,
20,2,470,-0.9706145400802296,0.4076546197757125
20,2,471,-0.889811394115289,
20,2,472,-1.017142805788252,
20,2,473,-0.9641470511754354,
20,2,474,-0.9181810228361025,
20,2,475,-0.9953639929493269,0.4101859543265568
20,2,476,-0.955760700835122,
20,2,477,-0.9717666076289283,
20,2,478,-0.9121568368540871,
20,2,479,-0.9830550543136067,
20,2,480,-0.9216640177700256,0.4122263358698951
20,2,481,-0.9634111598134039,
20,2,482,-0.9502999840511215,
20,2,483,-0.9080723433030975,
20,2,484,-0.9713230240676141,
20,2,485,-0.9756065847145188,0.4113318668678403
20,2,486,-0.9167606209715207,
20,2,487,-0.9747309957941374,
20,2,488,-0.9667449568708737,
20,2,489,-0.9129046574234962,
20,2,490,-0.9435079627566869,0.41116992560111815
20,2,491,-0.9131480687194401,
20,2,492,-0.9689297709200118,
20,2,493,-0.8286328779326545,
20,2,494,-0.9553940445184708,
20,2,495,-0.9687943326102362,0.4105901461508539
20,2,496,-0.9582216814160347,
20,2,497,-0.8759215250611304,
20,2,498,-0.9418032161063619,
20,2,499,-0.9071420853336654,
20,2,500,-0.8677811953756546,0.40444610899107325
20,2,501,-0.9628602771295438,
20,2,502,-0.9217079786790743,
20,2,503,-0.9802395047412982,
20,2,504,-0.9158709223071735,
20,2,505,-0.8556390611661805,0.4068150222301483
20,2,506,-0.9393228996131154,
20,2,507,-0.9039715743727155,
20,2,508,-0.964502005941338,
20,2,509,-0.9125211884578068,
20,2,510,-0.9107400294807223,0.4118179293970267
20,2,511,-0.8950826004147532,
20,2,512,-0.932598360710674,
20,2,513,-0.9344251188966963,
20,2,514,-0.8945376707447898,
20,2,515,-0.946287369976441,0.4080771603104141
20,2,516,-0.8919000219967631,
20,2,517,-0.9344158412681683,
20,2,518,-0.8589673191308973,
20,2,519,-0.927675026158492,
20,2,520,-0.9214702215459611,0.40612027256025207
20,2,521,-0.9261025488376617,
20,2,522,-0.8790009808209207,
20,2,523,-0.9614774601327047,
20,2,524,-0.9398423805832864,
20,2,525,-0.8708235902918711,0.4064176194369793
20,2,526,-0.9038604083988401,
20,2,527,-0.853851456609037,
20,2,528,-0.9134383938378758,
20,2,529,-0.8966154646542338,
20,2,530,-0.9343844726681712,0.40779541577729916
20,2,531,-0.9293297239475782,
20,2,532,-0.8341762166884211,
20,2,533,-0.8863809117012552,
20,2,534,-0.9018785340918435,
20,2,535,-0.9815730518764919,0.4098528865724802
20,2,536,-0.9407711558871801,
20,2,537,-0.9275042166312536,
20,2,538,-0.8733116462826725,
20,2,539,-1.0065196653207142,
20,2,540,-0.9683564851681391,0.41077206573552555
20,2,541,-0.9071678328845239,
20,2,542,-0.8717650539345212,
20,2,543,-0.9818473814262283,
20,2,544,-0.9529266075955495,
20,2,545,-0.9029901292588977,0.41157317927314174
20,2,546,-0.9211697702606522,
20,2,547,-0.9332856237888334,
20,2,548,-0.9232179563906456,
20,2,549,-0.9476111978292466,
20,2,550,-0.8912858739495279,0.4067263078565399
20,2,551,-0.8856403248177636,
20,2,552,-0.9948142112957108,
20,2,553,-0.9104070754514801,
20,2,554,-0.923016185561816,
20,2,555,-0.961658669842614,0.41136530973017216
20,2,556,-0.922247077855799,
20,2,557,-0.8405329411228499,
20,2,558,-0.9397775563928817,
20,2,559,-0.8730250025788943,
20,2,560,-0.9630319823821384,0.4097686035351621
20,2,561,-0.8626402931080922,
20,2,562,-0.9333587628271847,
20,2,563,-0.9010838841398557,
20,2,564,-0.9725289915998777,
20,2,565,-0.8927567849556604,0.41203353305657703
20,2,566,-0.8821109881003696,
20,2,567,-0.9231021528442701,
20,2,568,-0.9370304354363019,
20,2,569,-0.926467873983913,
20,2,570,-0.9061302940050762,0.4137388336368733
20,2,571,-0.9453055105275578,
20,2,572,-0.9367185880740484,
20,2,573,-0.8278386584586569,
20,2,574,-0.9533454014195334,
20,2,575,-0.9287988253765636,0.41236842506461674
20,2,576,-0.9680365191565622,
20,2,577,-0.951093135608567,
20,2,578,-1.0135635311404865,
20,2,579,-0.9439049619767402,
20,2,580,-0.960469187133842,0.41399758795483244
20,2,581,-0.998958035475678,
20,2,582,-0.9431299219528835,
20,2,583,-0.8930811418427363,
20,2,584,-0.9736639294359419,
20,2,585,-0.9068344061573347,0.41512920583287877
20,2,586,-0.9274047215779624,
20,2,587,-0.9441035133269097,
20,2,588,-0.9084448127282991,
20,2,589,-0.9661554255419308,
20,2,590,-0.9029923015170627,0.4163807700905535
20,2,591,-0.9264953028824593,
20,2,592,-1.0012144703004096,
20,2,593,-0.9119386623303095,
20,2,594,-0.8704073056578637,
20,2,595,-0.9551732382840581,0.4151913227720393
20,2,596,-0.9190212595793937,
20,2,597,-0.9738433079587089,
20,2,598,-0.9358034133911132,
20,2,599,-0.8897038822372753,
20,2,600,-0.9000930206643212,0.41328000784334207
20,2,601,-0.9533864623970454,
20,2,602,-0.8982827920052744,
20,2,603,-0.9530291706323621,
20,2,604,-0.9831378145350349,
20,2,605,-0.9331921512881916,0.4121711639066537
20,2,606,-0.9085730107294189,
20,2,607,-0.8788115522927707,
20,2,608,-0.9507319902380308,
20,2,609,-0.9792347947756448,
20,2,610,-0.889892872836855,0.40963679055372876
20,2,611,-1.0173691867126358,
20,2,612,-0.9710383580790627,
20,2,613,-0.956525531080034,
20,2,614,-0.9115168642666601,
20,2,615,-0.8907188814547327,0.4077346686066853
20,2,616,-0.8982301470306185,
20,2,617,-0.9153245563308399,
20,2,618,-0.9932122743792006,
20,2,619,-0.9642025488946171,
20,2,620,-0.9206136506464746,0.41367374753786457
20,2,621,-0.8957220986485482,
20,2,622,-0.9501760395036805,
20,2,623,-0.9011435715688598,
20,2,624,-0.8848454977075261,
20,2,625,-0.9059252598219448,0.4118159915217095
20,2,626,-1.0314073860645292,
20,2,627,-0.9139701359801826,
20,2,628,-0.9640264213085177,
20,2,629,-0.8711506384942268,
20,2,630,-0.886454353729884,0.41387941957347923
20,2,631,-0.8976688153213926,
20,2,632,-0.9484903539220492,
20,2,633,-0.8890123727420965,
20,2,634,-0.9226006807552444,
20,2,635,-0.9017834928300645,0.4109299864826931
20,2,636,-0.9026057720184326,
20,2,637,-1.0358026433322167,
20,2,638,-0.9422569829556677,
20,2,639,-0.9281790322727625,
20,2,640,-0.8880488350987434,0.4117242693901062
20,2,641,-0.8939757024248445,
20,2,642,-0.9983658062087165,
20,2,643,-0.9052688744333054,
20,2,644,-0.9292983611424764,
20,2,645,-0.9417141907744937,0.41280740840981406
20,2,646,-0.9244509389003119,
20,2,647,-0.9232500708765454,
20,2,648,-0.9495095138748483,
20,2,649,-0.9143873900175095,
20,2,650,-0.846631987227334,0.4059385773208406
20,2,651,-0.95324593451288,
20,2,652,-0.9265706746114626,
20,2,653,-0.8966600646575293,
20,2,654,-0.8414384846886,
20,2,655,-0.9155061145623524,0.41146387501309317
20,2,656,-0.8988090074724621,
20,2,657,-0.8690735755695238,
20,2,658,-0.9640393447544838,
20,2,659,-0.8866351925664477,
20,2,660,-0.9198047361440127,0.41114215552806854
20,2,661,-0.97830062194003,
20,2,662,-0.9704260412189694,
20,2,663,-0.9707382114397154,
20,2,664,-0.9183953081568083,
20,2,665,-0.863311919901106,0.4133150958352619
20,2,666,-0.9365469060010377,
20,2,667,-0.9243203178048134,
20,2,668,-0.9926007497641776,
20,2,669,-0.914932341211372,
20,2,670,-1.0278478504882917,0.411631853837106
20,2,671,-0.968903241886033,
20,2,672,-0.921003009710047,
20,2,673,-0.9599034016331034,
20,2,674,-0.9357677789198028,
20,2,675,-0.9071014763580432,0.4103236659947369
20,2,676,-0.9057924581898583,
20,2,677,-0.8894572564297252,
20,2,678,-0.9243289430936176,
20,2,679,-0.9218895923760201,
20,2,680,-0.8890260491106244,0.40639324124074644
20,2,681,-0.8950610616140896,
20,2,682,-0.8978873449895115,
20,2,683,-1.019474377234777,
20,2,684,-0.9876535948779848,
20,2,685,-0.8957378971907829,0.414585299582945
20,2,686,-0.9078919506735271,
20,2,687,-0.912410364382797,
20,2,688,-1.026369906961918,
20,2,689,-0.9375822527541052,
20,2,690,-0.9271412649088434,0.41471334567500484
20,2,691,-0.9379539224836562,
20,2,692,-0.9050258224209149,
20,2,693,-0.95263212836451,
20,2,694,-0.9394118115305901,
20,2,695,-0.9427537934647667,0.4115102311803235
20,2,696,-0.9733513361877864,
20,2,697,-0.9787606754236751,
20,2,698,-0.9286217639843625,
20,2,699,-0.9184975806209777,
20,2,700,-0.9590454863177406,0.4160543850933512
20,2,701,-0.9193363785743714,
20,2,702,-0.9337044068508676,
20,2,703,-0.9192739352583886,
20,2,704,-0.9730738144781851,
20,2,705,-1.0288375723693104,0.41413487307727337
20,2,706,-0.9680339809921055,
20,2,707,-0.934833198785782,
20,2,708,-0.9122856913341417,
20,2,709,-0.943367473781109,
20,2,710,-0.9550279039475654,0.4112432706687186
20,2,711,-0.9775043560398949,
20,2,712,-0.910807034207715,
20,2,713,-0.9667347131503954,
20,2,714,-0.9365651292933355,
20,2,715,-0.9468338009383942,0.4081130007074939
20,2,716,-0.8495477106836109,
20,2,717,-0.9406397706932491,
20,2,718,-0.8732008478707736,
20,2,719,-0.8810960741506682,
20,2,720,-0.9389454267091221,0.4069785980714692
20,2,721,-0.8533468056056235,
20,2,722,-0.9575649375716844,
20,2,723,-0.8933132920000291,
20,2,724,-0.8603601008653639,
20,2,725,-0.8890989191002314,0.41404742292231983
20,2,726,-0.9320837640100057,
20,2,727,-0.905860582159625,
20,2,728,-0.8234899954663384,
20,2,729,-0.8547335581647025,
20,2,730,-0.9895367042885888,0.41185833969049984
20,2,731,-0.8843644153740668,
20,2,732,-0.9421423822641373,
20,2,733,-0.9456358535422219,
20,2,734,-0.9303042557504441,
20,2,735,-0.9301611814233991,0.41215186690290767
20,2,736,-0.9556992583804661,
20,2,737,-0.9224761318829325,
20,2,738,-0.8963909687267408,
20,2,739,-0.9705093569225736,
20,2,740,-0.8837370450297989,0.40614674674967927
20,2,741,-0.8544647354218695,
20,2,742,-0.9541239225202135,
20,2,743,-0.9109799125128321,
20,2,744,-0.9040767732593747,
20,2,745,-0.9013946395781304,0.41189106305440265
20,2,746,-0.9981859086288348,
20,2,747,-0.9120711791846489,
20,2,748,-0.9196288784344991,
20,2,749,-0.950004234082169,
20,2,750,-0.8944483920931816,0.4121247134688828
20,2,751,-0.9277387700147098,
20,2,752,-0.9469469487667082,
20,2,753,-0.931646062268151,
20,2,754,-0.9612203182445631,
20,2,755,-0.8865358043048116,0.41243054158985615
20,2,756,-0.9463386875059868,
20,2,757,-0.8825037048922645,
20,2,758,-0.9531754404306412,
20,2,759,-0.9407930639055041,
20,2,760,-1.0702174711558554,0.4121313893960582
20,2,761,-0.907433345913887,
20,2,762,-0.9231216145886316,
20,2,763,-0.9763967966039976,
20,2,764,-0.9495585378673337,
20,2,765,-0.8850011900067328,0.41106630282269585
20,2,766,-0.9358108250631226,
20,2,767,-0.9416667107078762,
20,2,768,-0.9115473197566138,
20,2,769,-0.8470846025480169,
20,2,770,-0.9960388110743627,0.40849576745596194
20,2,771,-0.886725988652971,
20,2,772,-0.9698977693915366,
20,2,773,-0.9347599214977689,
20,2,774,-0.9388542282912464,
20,2,775,-0.8730234735541873,0.41154562071379686
20,2,776,-0.8989600870344375,
20,2,777,-0.9602402697006858,
20,2,778,-0.9602929411662949,
20,2,779,-0.9045289787981247,
20,2,780,-0.9338896108998196,0.41359784950812656
20,2,781,-0.9495485375324886,
20,2,782,-0.8672366415460907,
20,2,783,-0.9197061285376549,
20,2,784,-0.862250867817137,
20,2,785,-0.9412463299102249,0.4068572081418501
20,2,786,-0.9155769977304673,
20,2,787,-0.9167609123720065,
20,2,788,-0.9175371833973462,
20,2,789,-0.9493929511970945,
20,2,790,-0.9243161537581019,0.4114131065499451
20,2,791,-0.9161982246571119,
20,2,792,-0.9398784910639127,
20,2,793,-1.0102929141786365,
20,2,794,-0.9961529564526345,
20,2,795,-0.9714263735546008,0.41335265276332694
20,2,796,-0.9233226329088212,
20,2,797,-0.963251106441021,
20,2,798,-0.9847146686580446,
20,2,799,-0.9106369796726439,
20,2,800,-0.8713830005791453,0.414191955803997
20,2,801,-0.8909919526841904,
20,2,802,-0.8783344154556592,
20,2,803,-0.997449459301101,
20,2,804,-0.9743399727675649,
20,2,805,-0.9660470725761521,0.4145397327633368
20,2,806,-0.9354333703716597,
20,2,807,-0.8949548511041536,
20,2,808,-0.8821305731932323,
20,2,809,-0.9689127753178278,
20,2,810,-0.9908301374978488,0.4136328713761436
20,2,811,-0.9018716381655797,
20,2,812,-0.980985385676225,
20,2,813,-0.9631763299306236,
20,2,814,-0.9237982191973263,
20,2,815,-0.9800861693090862,0.4126610378217366
20,2,816,-1.0000031226211126,
20,2,817,-0.946407377719879,
20,2,818,-0.938163267241584,
20,2,819,-0.8875454829798805,
20,2,820,-0.9696659238802061,0.4103928611924251
20,2,821,-0.9419751912355425,
20,2,822,-0.9032974110709296,
20,2,823,-0.9804320169819729,
20,2,824,-0.9561654710107379,
20,2,825,-0.8850575975245901,0.41271235866265166
20,2,826,-0.9347657039761544,
20,2,827,-0.8798529249098566,
20,2,828,-0.9219240662124419,
20,2,829,-0.9064265828993584,
20,2,830,-0.9669030118319724,0.4116171621200111
20,2,831,-0.910971135728889,
20,2,832,-0.9013824727800157,
20,2,833,-0.9968762844800951,
20,2,834,-0.8841361254453659,
20,2,835,-0.8971158787608146,0.4109959097372161
20,2,836,-1.005984922250112,
20,2,837,-0.9032291140821246,
20,2,838,-0.9655593211452168,
20,2,839,-0.975335778461562,
20,2,840,-0.9474497106340195,0.41245369737346965
20,2,841,-0.9616548866033555,
20,2,842,-0.8993554098738564,
20,2,843,-0.9272600495153002,
20,2,844,-0.9792197247346243,
20,2,845,-0.9439627743429608,0.41406003365086186
20,2,846,-0.975209242767758,
20,2,847,-0.9892103026310601,
20,2,848,-0.9238026531206239,
20,2,849,-0.9761438220739365,
20,2,850,-0.9607082804044088,0.41411524990366566
20,2,851,-0.9373520629273524,
20,2,852,-0.944891709420416,
20,2,853,-0.9051110347112019,
20,2,854,-0.9266730133030151,
20,2,855,-0.9037660650081104,0.4117988719501429
20,2,856,-0.9624389559030532,
20,2,857,-0.9677382186055187,
20,2,858,-0.931193552083439,
20,2,859,-0.9368228208687571,
20,2,860,-0.9492348863018883,0.413283611751265
20,2,861,-0.9057029775447314,
20,2,862,-0.9821131618486509,
20,2,863,-0.912165581352181,
20,2,864,-0.9353720587160853,
20,2,865,-0.9936419046587412,0.4153394181695249
20,2,866,-0.9863693979051378,
20,2,867,-1.0284054643578,
20,2,868,-0.9690248403284285,
20,2,869,-0.9834543897045982,
20,2,870,-0.9012596201565533,0.41518186943398583
20,2,871,-0.9600112272633446,
20,2,872,-0.988548859126038,
20,2,873,-0.9253162733382653,
20,2,874,-0.98605542547173,
20,2,875,-0.9526258475250668,0.41382065177377725
20,2,876,-0.9557792188392746,
20,2,877,-0.9330795233448347,
20,2,878,-1.0351796216434903,
20,2,879,-1.0193225757943258,
20,2,880,-0.9069393591748345,0.41500526418288547
20,2,881,-0.9464641610781351,
20,2,882,-0.894741928411855,
20,2,883,-1.0511358678340914,
20,2,884,-0.9697109791967603,
20,2,885,-0.9527538940310479,0.41342602773673004
20,2,886,-1.0311262648966577,
20,2,887,-0.9638190724783474,
20,2,888,-0.9767805627650685,
20,2,889,-0.9423148689998518,
20,2,890,-0.9351528527008162,0.4135474163211054
20,2,891,-0.9883229070239599,
20,2,892,-0.9258303766449291,
20,2,893,-0.899475786421034,
20,2,894,-0.955298696955045,
20,2,895,-1.0226756326026385,0.4162410110649135
20,2,896,-1.0055421623918745,
20,2,897,-0.9978735546271006,
20,2,898,-0.9274790568484201,
20,2,899,-0.9761862878998121,
20,2,900,-0.9124850655595463,0.4166833609342575
20,2,901,-1.0131086152460842,
20,2,902,-0.967809953623348,
20,2,903,-0.9987874974807105,
20,2,904,-0.9289176969064605,
20,2,905,-0.9197577411929767,0.41688190918001866
20,2,906,-0.9673175397846434,
20,2,907,-0.9989450772603353,
20,2,908,-0.9588124594754643,
20,2,909,-0.897651329636574,
20,2,910,-0.9433981370594768,0.41641117601344985
20,2,911,-0.9701823542515439,
20,2,912,-0.9993324826161066,
20,2,913,-0.9879870282279121,
20,2,914,-0.9274436392717892,
20,2,915,-0.9550122494498889,0.41443064539796776
20,2,916,-0.9229763117101457,
20,2,917,-0.9230077688892683,
20,2,918,-0.9495783795913061,
20,2,919,-1.0030677848392062,
20,2,920,-0.9157905487550632,0.4095083740022447
20,2,921,-0.9663600077231725,
20,2,922,-0.948065751956569,
20,2,923,-0.9453732752137713,
20,2,924,-0.9461582452058791,
20,2,925,-0.8988328079382578,0.4121550830701987
20,2,926,-0.9710298652450243,
20,2,927,-0.9842851228184168,
20,2,928,-0.9842149640123046,
20,2,929,-0.9076675259404712,
20,2,930,-1.0125225550598569,0.408607746164004
20,2,931,-0.9108293280005455,
20,2,932,-0.9261740512318082,
20,2,933,-0.9621824589040544,
20,2,934,-0.8607176931367981,
20,2,935,-0.9377956498000359,0.41417236771020627
20,2,936,-0.870247434410784,
20,2,937,-0.8803748629159398,
20,2,938,-0.930633059806294,
20,2,939,-0.9627996575501232,
20,2,940,-0.966918684542179,0.4126718981812398
20,2,941,-0.9637247340546714,
20,2,942,-0.925789182384809,
20,2,943,-0.9571114463938607,
20,2,944,-0.938628559311231,
20,2,945,-1.012315014170276,0.4122005243682199
20,2,946,-0.949364871614509,
20,2,947,-0.9875700705581242,
20,2,948,-0.9991182643506262,
20,2,949,-0.8853285453385775,
20,2,950,-0.971522346138954,0.4147427200029294
20,2,951,-0.97505914254321,
20,2,952,-0.975338718129529,
20,2,953,-0.8985561869210669,
20,2,954,-0.977540993028217,
20,2,955,-0.9943523307641347,0.41441310652428204
20,2,956,-0.9163588600026237,
20,2,957,-0.9289177979032198,
20,2,958,-0.9140719564424621,
20,2,959,-0.9036680691772037,
20,2,960,-0.94347909755177,0.4168414194136858
20,2,961,-0.9563569153348603,
20,2,962,-0.9805061494310696,
20,2,963,-0.9551536242167153,
20,2,964,-0.8892887872126365,
20,2,965,-0.9257434184352559,0.413895465226637
20,2,966,-0.9759973461429278,
20,2,967,-0.9209202130635582,
20,2,968,-0.882941289908356,
20,2,969,-1.0222209749950304,
20,2,970,-0.93229374786218,0.4153445961160792
20,2,971,-0.954752773874336,
20,2,972,-0.9531837089194192,
20,2,973,-0.9750359414352313,
20,2,974,-0.9559757403201526,
20,2,975,-0.9658682536747719,0.4154156245705154
20,2,976,-0.9359387705723443,
20,2,977,-0.9609922294815382,
20,2,978,-0.9003661630882157,
20,2,979,-0.9439762880404788,
20,2,980,-0.9531338347329033,0.41358781192037797
20,2,981,-0.9690910279750823,
20,2,982,-0.9313785425490803,
20,2,983,-0.964454369412528,
20,2,984,-0.9310286458995606,
20,2,985,-0.955654291643037,0.4164299401972029
20,2,986,-0.9653168527616397,
20,2,987,-0.9433831961618528,
20,2,988,-0.9896936623586549,
20,2,989,-0.9727445385522312,
20,2,990,-0.9297895870274969,0.41120399803751045
20,2,991,-0.9005047728617985,
20,2,992,-0.9516361935271156,
20,2,993,-0.9577726183666121,
20,2,994,-0.9361580204632546,
20,2,995,-0.9190523508522249,0.40723322124944794
20,2,996,-0.8847351397077243,
20,2,997,-0.918597173359659,
20,2,998,-0.9830193809337088,
20,2,999,-0.9710075292322372,
20,2,1000,-0.9371913431419269,0.4090647645708587
