dim,budget,seed,method,fid,instance,population,initial,final,utility,nfe,seconds_batch,accepted,residual_changed
10,300,0,A,0,0,0,2.2679688930511475,-0.9523799419403076,0.21408919990062714,300,0.17717077024281025,0,0
10,300,0,A,0,0,1,5.034171104431152,-0.8278509974479675,0.2830897271633148,300,0.17717077024281025,0,0
10,300,0,A,0,0,2,3.8116581439971924,-0.9887388944625854,0.25967803597450256,300,0.17717077024281025,0,0
10,300,0,A,0,0,3,7.163430213928223,-0.6963947415351868,0.40337440371513367,300,0.17717077024281025,0,0
10,300,0,A,0,1,0,3.93599009513855,0.480956494808197,0.1971631497144699,300,0.1960880970582366,0,0
10,300,0,A,0,1,1,6.069940567016602,0.3430277705192566,0.2811477780342102,300,0.1960880970582366,0,0
10,300,0,A,0,1,2,6.943790912628174,0.7153068780899048,0.32902222871780396,300,0.1960880970582366,0,0
10,300,0,A,0,1,3,9.548397064208984,0.5518296957015991,0.429755300283432,300,0.1960880970582366,0,0
10,300,0,A,1,0,0,7.635520935058594,0.5682274103164673,0.2710449993610382,300,0.17065953090786934,0,0
10,300,0,A,1,0,1,6.1766204833984375,0.3637825846672058,0.23973147571086884,300,0.17065953090786934,0,0
10,300,0,A,1,0,2,5.763267517089844,0.3339245915412903,0.19999518990516663,300,0.17065953090786934,0,0
10,300,0,A,1,0,3,6.456876754760742,0.0775420069694519,0.28261733055114746,300,0.17065953090786934,0,0
10,300,0,A,1,1,0,2.335392713546753,-0.6906191110610962,0.22268372774124146,300,0.16778847202658653,0,0
10,300,0,A,1,1,1,1.5264136791229248,-0.8071280717849731,0.16098882257938385,300,0.16778847202658653,0,0
10,300,0,A,1,1,2,4.612424373626709,-0.5350031852722168,0.3481981158256531,300,0.16778847202658653,0,0
10,300,0,A,1,1,3,1.8842339515686035,-0.7639350891113281,0.1725713610649109,300,0.16778847202658653,0,0
10,300,0,A,2,0,0,4.034210681915283,0.6471219658851624,0.2719581425189972,300,0.16869994811713696,0,0
10,300,0,A,2,0,1,3.544769525527954,0.5782492160797119,0.24621900916099548,300,0.16869994811713696,0,0
10,300,0,A,2,0,2,3.10897159576416,0.6365106701850891,0.2686520516872406,300,0.16869994811713696,0,0
10,300,0,A,2,0,3,3.8043501377105713,0.4945560693740845,0.30278298258781433,300,0.16869994811713696,0,0
10,300,0,A,2,1,0,-0.6089819669723511,-1.5130743980407715,0.2155332863330841,300,0.1988603756763041,0,0
10,300,0,A,2,1,1,-0.3818037509918213,-1.5295231342315674,0.2460675984621048,300,0.1988603756763041,0,0
10,300,0,A,2,1,2,-0.8507099151611328,-1.5750020742416382,0.17171745002269745,300,0.1988603756763041,0,0
10,300,0,A,2,1,3,-0.35127031803131104,-1.5226014852523804,0.25663718581199646,300,0.1988603756763041,0,0
10,300,0,A,3,0,0,8.747306823730469,-0.03698921203613281,0.1334400773048401,300,0.19837572798132896,0,0
10,300,0,A,3,0,1,10.961677551269531,-0.09017419815063477,0.16926078498363495,300,0.19837572798132896,0,0
10,300,0,A,3,0,2,5.622751235961914,-0.4913519620895386,0.0883684903383255,300,0.19837572798132896,0,0
10,300,0,A,3,0,3,3.7419629096984863,-0.6448473930358887,0.06299257278442383,300,0.19837572798132896,0,0
10,300,0,A,3,1,0,3.6537399291992188,-0.6743616461753845,0.10037628561258316,300,0.18472290318459272,0,0
10,300,0,A,3,1,1,6.251707077026367,-0.5811195969581604,0.14280490577220917,300,0.18472290318459272,0,0
10,300,0,A,3,1,2,6.298340320587158,0.3946443796157837,0.11787741631269455,300,0.18472290318459272,0,0
10,300,0,A,3,1,3,7.783202648162842,-0.2382720708847046,0.16907691955566406,300,0.18472290318459272,0,0
10,300,0,A,4,0,0,13.95925521850586,-0.24443358182907104,0.17804397642612457,300,0.18548301700502634,0,0
10,300,0,A,4,0,1,13.610875129699707,-0.46675458550453186,0.16992883384227753,300,0.18548301700502634,0,0
10,300,0,A,4,0,2,3.9369471073150635,-0.42951640486717224,0.06797496974468231,300,0.18548301700502634,0,0
10,300,0,A,4,0,3,9.09109115600586,0.10957789421081543,0.12242119759321213,300,0.18548301700502634,0,0
10,300,0,A,4,1,0,20.808820724487305,2.6859347820281982,0.19662392139434814,300,0.2139799389988184,0,0
10,300,0,A,4,1,1,22.008285522460938,2.5684642791748047,0.1819073110818863,300,0.2139799389988184,0,0
10,300,0,A,4,1,2,14.116765975952148,2.2472846508026123,0.1273302435874939,300,0.2139799389988184,0,0
10,300,0,A,4,1,3,22.09471893310547,2.3486204147338867,0.18759021162986755,300,0.2139799389988184,0,0
10,300,0,A,5,0,0,8.508004188537598,1.3174636363983154,0.2670521140098572,300,0.1852547312155366,0,0
10,300,0,A,5,0,1,2.9503579139709473,1.1221266984939575,0.07919716835021973,300,0.1852547312155366,0,0
10,300,0,A,5,0,2,3.5759880542755127,1.2123730182647705,0.09262894839048386,300,0.1852547312155366,0,0
10,300,0,A,5,0,3,7.369424819946289,1.5317399501800537,0.21780002117156982,300,0.1852547312155366,0,0
10,300,0,A,5,1,0,10.367414474487305,1.3000805377960205,0.2517419755458832,300,0.18137056566774845,0,0
10,300,0,A,5,1,1,7.098459720611572,1.5449873208999634,0.1580738127231598,300,0.18137056566774845,0,0
10,300,0,A,5,1,2,11.009040832519531,1.3872747421264648,0.2204490453004837,300,0.18137056566774845,0,0
10,300,0,A,5,1,3,7.985172271728516,1.3979030847549438,0.1389138102531433,300,0.18137056566774845,0,0
10,300,0,A,6,0,0,5.728719711303711,2.3827953338623047,0.07138203084468842,300,0.15520534571260214,0,0
10,300,0,A,6,0,1,12.327788352966309,2.171257495880127,0.21166737377643585,300,0.15520534571260214,0,0
10,300,0,A,6,0,2,7.614391326904297,2.12058162689209,0.09865911304950714,300,0.15520534571260214,0,0
10,300,0,A,6,0,3,10.803177833557129,2.1865293979644775,0.14372162520885468,300,0.15520534571260214,0,0
10,300,0,A,6,1,0,7.399230003356934,2.3052804470062256,0.15788879990577698,300,0.1724491100758314,0,0
10,300,0,A,6,1,1,5.511938095092773,2.1975502967834473,0.13240525126457214,300,0.1724491100758314,0,0
10,300,0,A,6,1,2,8.344766616821289,2.0698447227478027,0.19433721899986267,300,0.1724491100758314,0,0
10,300,0,A,6,1,3,7.0901031494140625,2.4875404834747314,0.15069442987442017,300,0.1724491100758314,0,0
10,300,0,A,7,0,0,15.840670585632324,2.635946273803711,0.12619873881340027,300,0.1430869698524475,0,0
10,300,0,A,7,0,1,9.295223236083984,1.5275508165359497,0.05406450480222702,300,0.1430869698524475,0,0
10,300,0,A,7,0,2,16.280364990234375,1.3237226009368896,0.10138069838285446,300,0.1430869698524475,0,0
10,300,0,A,7,0,3,13.14706802368164,1.970885992050171,0.07776698470115662,300,0.1430869698524475,0,0
10,300,0,A,7,1,0,12.34350872039795,0.6572496891021729,0.11798033863306046,300,0.16813161736354232,0,0
10,300,0,A,7,1,1,8.047371864318848,0.7828354835510254,0.0760648250579834,300,0.16813161736354232,0,0
10,300,0,A,7,1,2,9.658843040466309,0.9008568525314331,0.10903886705636978,300,0.16813161736354232,0,0
10,300,0,A,7,1,3,4.453040599822998,0.97081458568573,0.037902433425188065,300,0.16813161736354232,0,0
10,300,0,A,8,0,0,14.436029434204102,1.4994388818740845,0.1485118716955185,300,0.16762949619442225,0,0
10,300,0,A,8,0,1,9.519998550415039,2.697181224822998,0.09613578766584396,300,0.16762949619442225,0,0
10,300,0,A,8,0,2,10.38569450378418,1.4607023000717163,0.11369431763887405,300,0.16762949619442225,0,0
10,300,0,A,8,0,3,12.538433074951172,1.942029595375061,0.12054295837879181,300,0.16762949619442225,0,0
10,300,0,A,8,1,0,5.076621055603027,2.2248425483703613,0.050526127219200134,300,0.16575235407799482,0,0
10,300,0,A,8,1,1,13.001628875732422,2.5038397312164307,0.15427443385124207,300,0.16575235407799482,0,0
10,300,0,A,8,1,2,5.462606430053711,2.377931594848633,0.05035564675927162,300,0.16575235407799482,0,0
10,300,0,A,8,1,3,8.56061840057373,2.4302895069122314,0.11398483067750931,300,0.16575235407799482,0,0
10,300,0,A,9,0,0,6.361025810241699,2.3886356353759766,0.09538840502500534,300,0.1657541524618864,0,0
10,300,0,A,9,0,1,5.245368957519531,2.047356128692627,0.10044391453266144,300,0.1657541524618864,0,0
10,300,0,A,9,0,2,8.205345153808594,2.872066020965576,0.16737738251686096,300,0.1657541524618864,0,0
10,300,0,A,9,0,3,7.341561317443848,2.5685715675354004,0.1302112191915512,300,0.1657541524618864,0,0
10,300,0,A,9,1,0,1.6910037994384766,-0.24896788597106934,0.0930086076259613,300,0.15300234965980053,0,0
10,300,0,A,9,1,1,2.5803661346435547,-0.055787622928619385,0.11706548184156418,300,0.15300234965980053,0,0
10,300,0,A,9,1,2,1.8790462017059326,-0.18421080708503723,0.12132509797811508,300,0.15300234965980053,0,0
10,300,0,A,9,1,3,2.0222349166870117,-0.16826438903808594,0.11495088785886765,300,0.15300234965980053,0,0
10,300,0,A,10,0,0,4.635131359100342,1.2073203325271606,0.09136799722909927,300,0.15915039693936706,0,0
10,300,0,A,10,0,1,5.566490650177002,1.2889642715454102,0.10909014195203781,300,0.15915039693936706,0,0
10,300,0,A,10,0,2,6.719289302825928,1.0074059963226318,0.17732714116573334,300,0.15915039693936706,0,0
10,300,0,A,10,0,3,5.558331489562988,0.9893113374710083,0.13362324237823486,300,0.15915039693936706,0,0
10,300,0,A,10,1,0,2.7333998680114746,1.4124281406402588,0.14574028551578522,300,0.13412945810705423,0,0
10,300,0,A,10,1,1,2.403266191482544,1.3511279821395874,0.11109695583581924,300,0.13412945810705423,0,0
10,300,0,A,10,1,2,3.131481885910034,1.4710129499435425,0.15722008049488068,300,0.13412945810705423,0,0
10,300,0,A,10,1,3,2.661114454269409,1.383400797843933,0.1493961662054062,300,0.13412945810705423,0,0
10,300,0,A,11,0,0,4.306395053863525,1.6660865545272827,0.23337098956108093,300,0.1538077020086348,0,0
10,300,0,A,11,0,1,2.9742050170898438,1.5968142747879028,0.12932200729846954,300,0.1538077020086348,0,0
10,300,0,A,11,0,2,2.991093635559082,1.5772987604141235,0.1574784368276596,300,0.1538077020086348,0,0
10,300,0,A,11,0,3,3.312641143798828,1.5286871194839478,0.17374910414218903,300,0.1538077020086348,0,0
10,300,0,A,11,1,0,9.693161010742188,2.6735806465148926,0.09580208361148834,300,0.15253514191135764,0,0
10,300,0,A,11,1,1,10.573522567749023,3.0635268688201904,0.11778025329113007,300,0.15253514191135764,0,0
10,300,0,A,11,1,2,9.13522720336914,3.248117446899414,0.08599038422107697,300,0.15253514191135764,0,0
10,300,0,A,11,1,3,12.479467391967773,3.4406135082244873,0.14232870936393738,300,0.15253514191135764,0,0
10,300,0,A,12,0,0,-0.8903303146362305,-1.0985782146453857,0.41979581117630005,300,0.18263743072748184,0,0
10,300,0,A,12,0,1,-0.6017447710037231,-1.0768228769302368,0.6280633807182312,300,0.18263743072748184,0,0
10,300,0,A,12,0,2,-0.6532570123672485,-1.11328125,0.630175769329071,300,0.18263743072748184,0,0
10,300,0,A,12,0,3,-0.7881351113319397,-1.0839163064956665,0.5277162790298462,300,0.18263743072748184,0,0
10,300,0,A,12,1,0,1.0020089149475098,0.29322555661201477,0.48072370886802673,300,0.15121502941474319,0,0
10,300,0,A,12,1,1,1.0417331457138062,0.4816090166568756,0.4310208559036255,300,0.15121502941474319,0,0
10,300,0,A,12,1,2,1.0915268659591675,0.36914926767349243,0.4949090778827667,300,0.15121502941474319,0,0
10,300,0,A,12,1,3,0.9171763062477112,0.5309624075889587,0.3429052233695984,300,0.15121502941474319,0,0
10,300,0,A,13,0,0,-0.1749534010887146,-0.9276124238967896,0.45670443773269653,300,0.1531151277013123,0,0
10,300,0,A,13,0,1,-0.049948811531066895,-0.9653795957565308,0.4857805669307709,300,0.1531151277013123,0,0
10,300,0,A,13,0,2,-0.12355327606201172,-0.79045569896698,0.4603944420814514,300,0.1531151277013123,0,0
10,300,0,A,13,0,3,0.31238508224487305,-0.47954273223876953,0.4575170874595642,300,0.1531151277013123,0,0
10,300,0,A,13,1,0,2.5626068115234375,1.6269701719284058,0.52687668800354,300,0.13934925477951765,0,0
10,300,0,A,13,1,1,2.669163703918457,1.589472770690918,0.5065792202949524,300,0.13934925477951765,0,0
10,300,0,A,13,1,2,2.670304298400879,1.5421411991119385,0.5369797945022583,300,0.13934925477951765,0,0
10,300,0,A,13,1,3,2.646775960922241,1.376394510269165,0.6191727519035339,300,0.13934925477951765,0,0
10,300,0,A,14,0,0,1.966110348701477,0.5063458681106567,0.4677545726299286,300,0.15105634089559317,0,0
10,300,0,A,14,0,1,1.9601752758026123,0.7853948473930359,0.4172767698764801,300,0.15105634089559317,0,0
10,300,0,A,14,0,2,1.7663111686706543,1.1238622665405273,0.2874646782875061,300,0.15105634089559317,0,0
10,300,0,A,14,0,3,1.822403073310852,0.9646504521369934,0.34623512625694275,300,0.15105634089559317,0,0
10,300,0,A,14,1,0,2.1795055866241455,1.2730995416641235,0.4955866038799286,300,0.14279672177508473,0,0
10,300,0,A,14,1,1,2.1454224586486816,1.5217543840408325,0.4072680175304413,300,0.14279672177508473,0,0
10,300,0,A,14,1,2,2.1921427249908447,1.4519600868225098,0.4332773983478546,300,0.14279672177508473,0,0
10,300,0,A,14,1,3,2.4827680587768555,1.3085858821868896,0.5174909234046936,300,0.14279672177508473,0,0
10,300,0,A,15,0,0,0.16370919346809387,-1.4513003826141357,0.691193699836731,300,0.14189317310228944,0,0
10,300,0,A,15,0,1,0.7767410278320312,-1.2886253595352173,0.7753756642341614,300,0.14189317310228944,0,0
10,300,0,A,15,0,2,0.20063257217407227,-1.5315983295440674,0.7223297357559204,300,0.14189317310228944,0,0
10,300,0,A,15,0,3,0.37399783730506897,-1.5350770950317383,0.752284824848175,300,0.14189317310228944,0,0
10,300,0,A,15,1,0,-0.7878379821777344,-1.7937594652175903,0.7817863821983337,300,0.1594245843589306,0,0
10,300,0,A,15,1,1,-0.5688977837562561,-1.6445958614349365,0.7848581671714783,300,0.1594245843589306,0,0
10,300,0,A,15,1,2,-0.7006974816322327,-1.8275642395019531,0.8006380796432495,300,0.1594245843589306,0,0
10,300,0,A,15,1,3,-1.2434916496276855,-1.9533336162567139,0.6631541848182678,300,0.1594245843589306,0,0
10,300,0,A,16,0,0,1.3741223812103271,-0.6677006483078003,0.7701269388198853,300,0.14978008391335607,0,0
10,300,0,A,16,0,1,1.6267203092575073,-0.43336737155914307,0.7816551327705383,300,0.14978008391335607,0,0
10,300,0,A,16,0,2,0.808657705783844,-0.3708609342575073,0.6850336194038391,300,0.14978008391335607,0,0
10,300,0,A,16,0,3,1.205312728881836,-0.5082577466964722,0.7156627774238586,300,0.14978008391335607,0,0
10,300,0,A,16,1,0,-1.644722580909729,-2.710458278656006,0.7141233086585999,300,0.15388833126053214,0,0
10,300,0,A,16,1,1,-1.5522434711456299,-2.7761712074279785,0.7704477906227112,300,0.15388833126053214,0,0
10,300,0,A,16,1,2,-1.519033432006836,-2.6973118782043457,0.75095134973526,300,0.15388833126053214,0,0
10,300,0,A,16,1,3,-1.5743838548660278,-2.7832353115081787,0.7371308207511902,300,0.15388833126053214,0,0
10,300,0,A,17,0,0,0.8798058032989502,-1.6314635276794434,0.6034320592880249,300,0.13495279802009463,0,0
10,300,0,A,17,0,1,0.6461324691772461,-1.6655442714691162,0.5724358558654785,300,0.13495279802009463,0,0
10,300,0,A,17,0,2,0.258064866065979,-1.5962724685668945,0.5557059645652771,300,0.13495279802009463,0,0
10,300,0,A,17,0,3,0.672527551651001,-1.9390344619750977,0.6069401502609253,300,0.13495279802009463,0,0
10,300,0,A,17,1,0,1.2479865550994873,0.07946372032165527,0.7008090615272522,300,0.13464588904753327,0,0
10,300,0,A,17,1,1,1.0138627290725708,-0.12382006645202637,0.7092359662055969,300,0.13464588904753327,0,0
10,300,0,A,17,1,2,1.0734723806381226,-0.2651054859161377,0.7075145840644836,300,0.13464588904753327,0,0
10,300,0,A,17,1,3,0.9087534546852112,-0.20318388938903809,0.6486354470252991,300,0.13464588904753327,0,0
10,300,0,A,18,0,0,2.0574395656585693,-0.8966584205627441,0.3536093235015869,300,0.15027901623398066,0,0
10,300,0,A,18,0,1,2.2886037826538086,-0.6811707019805908,0.3872467875480652,300,0.15027901623398066,0,0
10,300,0,A,18,0,2,0.8605220317840576,-1.0692622661590576,0.3339464068412781,300,0.15027901623398066,0,0
10,300,0,A,18,0,3,1.8682355880737305,-0.8986852169036865,0.327306866645813,300,0.15027901623398066,0,0
10,300,0,A,18,1,0,0.5973039865493774,-0.4481080174446106,0.32872822880744934,300,0.14153346233069897,0,0
10,300,0,A,18,1,1,0.8682911992073059,-0.5372063517570496,0.41417965292930603,300,0.14153346233069897,0,0
10,300,0,A,18,1,2,0.6621173024177551,-0.45600825548171997,0.31566041707992554,300,0.14153346233069897,0,0
10,300,0,A,18,1,3,0.9024512767791748,-0.43374234437942505,0.41338273882865906,300,0.14153346233069897,0,0
10,300,0,A,19,0,0,-0.7998606562614441,-2.891921043395996,0.34828981757164,300,0.12855724291875958,0,0
10,300,0,A,19,0,1,-0.23441147804260254,-3.3823599815368652,0.45705270767211914,300,0.12855724291875958,0,0
10,300,0,A,19,0,2,-0.06803834438323975,-2.9806272983551025,0.381911963224411,300,0.12855724291875958,0,0
10,300,0,A,19,0,3,-0.33455634117126465,-3.302177906036377,0.4381255507469177,300,0.12855724291875958,0,0
10,300,0,A,19,1,0,1.6661111116409302,0.1786106824874878,0.33164888620376587,300,0.1440897397696972,0,0
10,300,0,A,19,1,1,2.016334056854248,0.05319631099700928,0.36418643593788147,300,0.1440897397696972,0,0
10,300,0,A,19,1,2,2.0365049839019775,0.28641629219055176,0.376823753118515,300,0.1440897397696972,0,0
10,300,0,A,19,1,3,1.9346702098846436,0.06718432903289795,0.3135797381401062,300,0.1440897397696972,0,0
10,300,0,A,20,0,0,1.5388593673706055,0.6382782459259033,0.33200234174728394,300,0.1563490368425846,0,0
10,300,0,A,20,0,1,1.2430931329727173,0.6414947509765625,0.21147772669792175,300,0.1563490368425846,0,0
10,300,0,A,20,0,2,1.1971702575683594,0.6431610584259033,0.20134729146957397,300,0.1563490368425846,0,0
10,300,0,A,20,0,3,1.2077268362045288,0.6956499814987183,0.19467811286449432,300,0.1563490368425846,0,0
10,300,0,A,20,1,0,0.8784558773040771,0.2678101062774658,0.16029752790927887,300,0.17082043271511793,0,0
10,300,0,A,20,1,1,1.2539275884628296,0.247267484664917,0.22380897402763367,300,0.17082043271511793,0,0
10,300,0,A,20,1,2,0.9377898573875427,0.11088335514068604,0.21249428391456604,300,0.17082043271511793,0,0
10,300,0,A,20,1,3,1.259364366531372,0.21127986907958984,0.32130056619644165,300,0.17082043271511793,0,0
10,300,0,A,21,0,0,-0.9545227289199829,-1.8738105297088623,0.47085312008857727,300,0.14510001800954342,0,0
10,300,0,A,21,0,1,-0.7674684524536133,-1.7938965559005737,0.479002982378006,300,0.14510001800954342,0,0
10,300,0,A,21,0,2,-0.6687464714050293,-1.8298239707946777,0.5672363042831421,300,0.14510001800954342,0,0
10,300,0,A,21,0,3,-1.2033295631408691,-1.8201998472213745,0.3811923563480377,300,0.14510001800954342,0,0
10,300,0,A,21,1,0,2.3502233028411865,1.4793342351913452,0.4498037099838257,300,0.1335825459100306,0,0
10,300,0,A,21,1,1,2.678206443786621,1.537121295928955,0.5015187859535217,300,0.1335825459100306,0,0
10,300,0,A,21,1,2,2.6719472408294678,1.479830265045166,0.5211304426193237,300,0.1335825459100306,0,0
10,300,0,A,21,1,3,1.9937427043914795,1.3420016765594482,0.3486172556877136,300,0.1335825459100306,0,0
10,300,0,A,22,0,0,1.084089994430542,-1.0318716764450073,0.4077145457267761,300,0.14224624074995518,0,0
10,300,0,A,22,0,1,1.470184087753296,-1.1725268363952637,0.43201011419296265,300,0.14224624074995518,0,0
10,300,0,A,22,0,2,2.1151812076568604,-0.6325963139533997,0.4350801408290863,300,0.14224624074995518,0,0
10,300,0,A,22,0,3,0.8042654991149902,-1.364683985710144,0.3846740126609802,300,0.14224624074995518,0,0
10,300,0,A,22,1,0,4.224003791809082,2.0545310974121094,0.511442244052887,300,0.15976468566805124,0,0
10,300,0,A,22,1,1,3.732542037963867,1.9135544300079346,0.4867209792137146,300,0.15976468566805124,0,0
10,300,0,A,22,1,2,4.045731544494629,2.040597915649414,0.5340157747268677,300,0.15976468566805124,0,0
10,300,0,A,22,1,3,3.6509201526641846,2.169264316558838,0.4001545310020447,300,0.15976468566805124,0,0
10,300,0,A,23,0,0,1.1278386116027832,-0.30256223678588867,0.3073362410068512,300,0.14824680937454104,0,0
10,300,0,A,23,0,1,1.8352231979370117,-0.27700570225715637,0.3816087245941162,300,0.14824680937454104,0,0
10,300,0,A,23,0,2,2.146632432937622,-0.395374059677124,0.4415168762207031,300,0.14824680937454104,0,0
10,300,0,A,23,0,3,2.005988359451294,-0.5752186179161072,0.43763241171836853,300,0.14824680937454104,0,0
10,300,0,A,23,1,0,3.89512300491333,1.235100507736206,0.395389199256897,300,0.17275299923494458,0,0
10,300,0,A,23,1,1,2.9098620414733887,1.1039478778839111,0.2956831455230713,300,0.17275299923494458,0,0
10,300,0,A,23,1,2,3.5598556995391846,1.166683554649353,0.390300989151001,300,0.17275299923494458,0,0
10,300,0,A,23,1,3,3.027961492538452,1.318520426750183,0.29845666885375977,300,0.17275299923494458,0,0
10,300,0,A,24,0,0,1.2180602550506592,-1.0378925800323486,0.10136790573596954,300,0.13612598227337003,0,0
10,300,0,A,24,0,1,1.988248348236084,-0.3386002779006958,0.10471487790346146,300,0.13612598227337003,0,0
10,300,0,A,24,0,2,1.1994569301605225,-1.0402302742004395,0.09374801814556122,300,0.13612598227337003,0,0
10,300,0,A,24,0,3,1.112743616104126,-1.1026241779327393,0.10770959407091141,300,0.13612598227337003,0,0
10,300,0,A,24,1,0,2.2016756534576416,-0.11161208152770996,0.14829780161380768,300,0.15734571125358343,0,0
10,300,0,A,24,1,1,1.6673555374145508,-0.7186791896820068,0.12188007682561874,300,0.15734571125358343,0,0
10,300,0,A,24,1,2,0.889106273651123,-0.7664985656738281,0.10392116010189056,300,0.15734571125358343,0,0
10,300,0,A,24,1,3,1.5734436511993408,-0.32453209161758423,0.09516850858926773,300,0.15734571125358343,0,0
10,300,0,A,25,0,0,2.7554595470428467,-1.229867696762085,0.17634691298007965,300,0.1424733130261302,0,0
10,300,0,A,25,0,1,2.9436023235321045,-0.9621925354003906,0.1745903491973877,300,0.1424733130261302,0,0
10,300,0,A,25,0,2,1.0462009906768799,-1.4551594257354736,0.11209242790937424,300,0.1424733130261302,0,0
10,300,0,A,25,0,3,1.6983835697174072,-1.260627031326294,0.14256401360034943,300,0.1424733130261302,0,0
10,300,0,A,25,1,0,1.131813645362854,-0.04367460310459137,0.1966356337070465,300,0.15693694772198796,0,0
10,300,0,A,25,1,1,0.645761251449585,-0.051224708557128906,0.14337310194969177,300,0.15693694772198796,0,0
10,300,0,A,25,1,2,1.5584734678268433,-0.04818110167980194,0.23981238901615143,300,0.15693694772198796,0,0
10,300,0,A,25,1,3,0.7793365716934204,0.00791710615158081,0.1373586803674698,300,0.15693694772198796,0,0
10,300,0,A,26,0,0,1.7458980083465576,-0.18365752696990967,0.08854777365922928,300,0.16656763292849064,0,0
10,300,0,A,26,0,1,3.0751731395721436,0.0054759979248046875,0.13128681480884552,300,0.16656763292849064,0,0
10,300,0,A,26,0,2,4.076772689819336,-0.44731658697128296,0.1497787982225418,300,0.16656763292849064,0,0
10,300,0,A,26,0,3,6.7130889892578125,0.578740119934082,0.2111668586730957,300,0.16656763292849064,0,0
10,300,0,A,26,1,0,5.27493953704834,2.7069756984710693,0.12430821359157562,300,0.14105610363185406,0,0
10,300,0,A,26,1,1,5.842391014099121,2.7389702796936035,0.15104582905769348,300,0.14105610363185406,0,0
10,300,0,A,26,1,2,6.490065574645996,2.9337964057922363,0.18349118530750275,300,0.14105610363185406,0,0
10,300,0,A,26,1,3,5.711503505706787,2.7133939266204834,0.15926983952522278,300,0.14105610363185406,0,0
10,300,0,A,27,0,0,7.587168216705322,1.6796445846557617,0.22148776054382324,300,0.13133974792435765,0,0
10,300,0,A,27,0,1,7.272269248962402,1.745347023010254,0.19742371141910553,300,0.13133974792435765,0,0
10,300,0,A,27,0,2,6.503210067749023,1.7784841060638428,0.1924344152212143,300,0.13133974792435765,0,0
10,300,0,A,27,0,3,5.173687934875488,1.8325731754302979,0.13502445816993713,300,0.13133974792435765,0,0
10,300,0,A,27,1,0,1.1392803192138672,-0.8346763253211975,0.08262889832258224,300,0.15255448315292597,0,0
10,300,0,A,27,1,1,1.9025976657867432,-0.9453427195549011,0.09458056092262268,300,0.15255448315292597,0,0
10,300,0,A,27,1,2,4.048653602600098,-0.4006284475326538,0.15858447551727295,300,0.15255448315292597,0,0
10,300,0,A,27,1,3,1.312709093093872,-0.7674112915992737,0.07179013639688492,300,0.15255448315292597,0,0
10,300,0,A,28,0,0,1.9580254554748535,0.21998775005340576,0.11023534089326859,300,0.14978787302970886,0,0
10,300,0,A,28,0,1,2.3522112369537354,0.21222332119941711,0.13974711298942566,300,0.14978787302970886,0,0
10,300,0,A,28,0,2,1.9371023178100586,0.19842597842216492,0.15499505400657654,300,0.14978787302970886,0,0
10,300,0,A,28,0,3,4.131128311157227,0.1903209090232849,0.23777838051319122,300,0.14978787302970886,0,0
10,300,0,A,28,1,0,6.538698196411133,1.8872008323669434,0.12620693445205688,300,0.14610432693734765,0,0
10,300,0,A,28,1,1,7.775276184082031,2.0050203800201416,0.13479378819465637,300,0.14610432693734765,0,0
10,300,0,A,28,1,2,7.937792778015137,2.0992789268493652,0.14362426102161407,300,0.14610432693734765,0,0
10,300,0,A,28,1,3,8.4398775100708,2.187403678894043,0.1431124359369278,300,0.14610432693734765,0,0
10,300,0,A,29,0,0,10.487503051757812,0.44534051418304443,0.21552903950214386,300,0.146942222956568,0,0
10,300,0,A,29,0,1,11.846153259277344,0.2852274179458618,0.2061631977558136,300,0.146942222956568,0,0
10,300,0,A,29,0,2,13.434906959533691,0.43313825130462646,0.21874496340751648,300,0.146942222956568,0,0
10,300,0,A,29,0,3,9.178278923034668,0.5565758943557739,0.17085282504558563,300,0.146942222956568,0,0
10,300,0,A,29,1,0,16.84819221496582,3.463219165802002,0.1513466089963913,300,0.17446771077811718,0,0
10,300,0,A,29,1,1,25.036561965942383,3.6717467308044434,0.23892676830291748,300,0.17446771077811718,0,0
10,300,0,A,29,1,2,10.943923950195312,3.7239465713500977,0.11437419801950455,300,0.17446771077811718,0,0
10,300,0,A,29,1,3,13.07924747467041,2.7737302780151367,0.12611223757266998,300,0.17446771077811718,0,0
10,300,0,A,30,0,0,1.150890588760376,-0.3625999689102173,0.1351293921470642,300,0.1504843938164413,0,0
10,300,0,A,30,0,1,1.174349308013916,-0.10144653171300888,0.1206880584359169,300,0.1504843938164413,0,0
10,300,0,A,30,0,2,1.5830059051513672,-0.4630003273487091,0.2057279646396637,300,0.1504843938164413,0,0
10,300,0,A,30,0,3,1.6219593286514282,-0.23852470517158508,0.15557466447353363,300,0.1504843938164413,0,0
10,300,0,A,30,1,0,1.4697495698928833,0.18275585770606995,0.1642957180738449,300,0.16704415204003453,0,0
10,300,0,A,30,1,1,3.1597254276275635,0.13293343782424927,0.29268550872802734,300,0.16704415204003453,0,0
10,300,0,A,30,1,2,1.2628861665725708,0.11265605688095093,0.16781605780124664,300,0.16704415204003453,0,0
10,300,0,A,30,1,3,1.486115574836731,0.10608027130365372,0.13870598375797272,300,0.16704415204003453,0,0
10,300,0,A,31,0,0,5.127323627471924,1.3051214218139648,0.09310408681631088,300,0.18587100505828857,0,0
10,300,0,A,31,0,1,10.879652976989746,1.0697518587112427,0.2625511586666107,300,0.18587100505828857,0,0
10,300,0,A,31,0,2,7.691391468048096,0.7403764724731445,0.14505918323993683,300,0.18587100505828857,0,0
10,300,0,A,31,0,3,8.042566299438477,0.6129971742630005,0.1468808650970459,300,0.18587100505828857,0,0
10,300,0,A,31,1,0,1.9473530054092407,0.8784158229827881,0.2626873850822449,300,0.11919291084632277,0,0
10,300,0,A,31,1,1,1.941079020500183,0.905336856842041,0.24708211421966553,300,0.11919291084632277,0,0
10,300,0,A,31,1,2,2.2850093841552734,0.9551088809967041,0.21014077961444855,300,0.11919291084632277,0,0
10,300,0,A,31,1,3,2.4144582748413086,0.8677982687950134,0.3487851321697235,300,0.11919291084632277,0,0
10,300,0,A,32,0,0,0.7867201566696167,-0.3413906693458557,0.1980336606502533,300,0.1469706199131906,0,0
10,300,0,A,32,0,1,0.9264378547668457,-0.40575799345970154,0.2623034715652466,300,0.1469706199131906,0,0
10,300,0,A,32,0,2,0.34475409984588623,-0.46341848373413086,0.1756536215543747,300,0.1469706199131906,0,0
10,300,0,A,32,0,3,0.4049075245857239,-0.37626171112060547,0.1497209668159485,300,0.1469706199131906,0,0
10,300,0,A,32,1,0,6.655295372009277,1.4484970569610596,0.31330710649490356,300,0.13109558122232556,0,0
10,300,0,A,32,1,1,4.891436576843262,1.472298264503479,0.25261297821998596,300,0.13109558122232556,0,0
10,300,0,A,32,1,2,5.0110673904418945,1.491865873336792,0.23693156242370605,300,0.13109558122232556,0,0
10,300,0,A,32,1,3,4.86944580078125,1.5531891584396362,0.24041339755058289,300,0.13109558122232556,0,0
10,300,0,A,33,0,0,15.372878074645996,2.6164464950561523,0.2116721272468567,300,0.15047050826251507,0,0
10,300,0,A,33,0,1,5.1495561599731445,1.498324990272522,0.08175533264875412,300,0.15047050826251507,0,0
10,300,0,A,33,0,2,7.830560684204102,1.5048731565475464,0.12538816034793854,300,0.15047050826251507,0,0
10,300,0,A,33,0,3,6.775330543518066,1.7990247011184692,0.1212272122502327,300,0.15047050826251507,0,0
10,300,0,A,33,1,0,2.465264320373535,-1.4354583024978638,0.23414310812950134,300,0.13733572559431195,0,0
10,300,0,A,33,1,1,2.334282398223877,-1.6167545318603516,0.2252865880727768,300,0.13733572559431195,0,0
10,300,0,A,33,1,2,1.0363285541534424,-1.7887946367263794,0.16584204137325287,300,0.13733572559431195,0,0
10,300,0,A,33,1,3,1.1109821796417236,-1.5534229278564453,0.1694442480802536,300,0.13733572559431195,0,0
10,300,0,A,34,0,0,4.233306884765625,-0.8954766392707825,0.2651161849498749,300,0.15085310209542513,0,0
10,300,0,A,34,0,1,2.38185453414917,-0.368304044008255,0.19120098650455475,300,0.15085310209542513,0,0
10,300,0,A,34,0,2,2.42242431640625,-0.694887101650238,0.1641286015510559,300,0.15085310209542513,0,0
10,300,0,A,34,0,3,2.2497718334198,-0.6185433864593506,0.15027588605880737,300,0.15085310209542513,0,0
10,300,0,A,34,1,0,4.268415451049805,-0.6230742931365967,0.15919435024261475,300,0.13956276699900627,0,0
10,300,0,A,34,1,1,4.905839920043945,-0.6751479506492615,0.1807023584842682,300,0.13956276699900627,0,0
10,300,0,A,34,1,2,5.435975074768066,-0.6627460718154907,0.20829904079437256,300,0.13956276699900627,0,0
10,300,0,A,34,1,3,6.690471649169922,-0.505064845085144,0.18853600323200226,300,0.13956276699900627,0,0
10,300,0,A,35,0,0,5.209332466125488,0.20745866000652313,0.23951250314712524,300,0.13794038817286491,0,0
10,300,0,A,35,0,1,6.200300216674805,0.8907327055931091,0.24216794967651367,300,0.13794038817286491,0,0
10,300,0,A,35,0,2,3.185370922088623,0.2953489124774933,0.12730957567691803,300,0.13794038817286491,0,0
10,300,0,A,35,0,3,2.423672676086426,0.13716921210289001,0.11803032457828522,300,0.13794038817286491,0,0
10,300,0,A,35,1,0,4.51176118850708,-1.8317182064056396,0.16997218132019043,300,0.16124362219125032,0,0
10,300,0,A,35,1,1,7.8090081214904785,-1.4438931941986084,0.20101818442344666,300,0.16124362219125032,0,0
10,300,0,A,35,1,2,1.3419907093048096,-1.7764705419540405,0.09067016839981079,300,0.16124362219125032,0,0
10,300,0,A,35,1,3,3.1452488899230957,-2.225419759750366,0.16339640319347382,300,0.16124362219125032,0,0
10,300,1,A,0,0,0,2.2679688930511475,-0.9020627737045288,0.2114514410495758,300,0.14175141090527177,0,0
10,300,1,A,0,0,1,5.034171104431152,-0.8537111282348633,0.28398391604423523,300,0.14175141090527177,0,0
10,300,1,A,0,0,2,3.8116581439971924,-0.8563543558120728,0.2543380856513977,300,0.14175141090527177,0,0
10,300,1,A,0,0,3,7.163430213928223,0.5067583322525024,0.3641100525856018,300,0.14175141090527177,0,0
10,300,1,A,0,1,0,3.93599009513855,1.0346200466156006,0.1709698736667633,300,0.14721108926460147,0,0
10,300,1,A,0,1,1,6.069940567016602,0.5699977874755859,0.27304771542549133,300,0.14721108926460147,0,0
10,300,1,A,0,1,2,6.943790912628174,0.6092162132263184,0.33276164531707764,300,0.14721108926460147,0,0
10,300,1,A,0,1,3,9.548397064208984,0.9103153944015503,0.41982004046440125,300,0.14721108926460147,0,0
10,300,1,A,1,0,0,7.635520935058594,0.5568517446517944,0.27136287093162537,300,0.13344013411551714,0,0
10,300,1,A,1,0,1,6.1766204833984375,2.1339781284332275,0.17985613644123077,300,0.13344013411551714,0,0
10,300,1,A,1,0,2,5.763267517089844,0.7024456262588501,0.18898580968379974,300,0.13344013411551714,0,0
10,300,1,A,1,0,3,6.456876754760742,0.4600237011909485,0.27025195956230164,300,0.13344013411551714,0,0
10,300,1,A,1,1,0,2.335392713546753,-0.13425010442733765,0.18949930369853973,300,0.15567171573638916,0,0
10,300,1,A,1,1,1,1.5264136791229248,-0.7006727457046509,0.15478134155273438,300,0.15567171573638916,0,0
10,300,1,A,1,1,2,4.612424373626709,0.32746362686157227,0.30781492590904236,300,0.15567171573638916,0,0
10,300,1,A,1,1,3,1.8842339515686035,-0.5765693783760071,0.16234363615512848,300,0.15567171573638916,0,0
10,300,1,A,2,0,0,4.034210681915283,1.0587983131408691,0.24707038700580597,300,0.1625020639039576,0,0
10,300,1,A,2,0,1,3.544769525527954,0.6467493176460266,0.24190892279148102,300,0.1625020639039576,0,0
10,300,1,A,2,0,2,3.10897159576416,0.5226184129714966,0.2775920331478119,300,0.1625020639039576,0,0
10,300,1,A,2,0,3,3.8043501377105713,0.577579140663147,0.2974470555782318,300,0.1625020639039576,0,0
10,300,1,A,2,1,0,-0.6089819669723511,-1.5125435590744019,0.2154339849948883,300,0.13513378193601966,0,0
10,300,1,A,2,1,1,-0.3818037509918213,-1.5218039751052856,0.2448177933692932,300,0.13513378193601966,0,0
10,300,1,A,2,1,2,-0.8507099151611328,-1.3897385597229004,0.13366557657718658,300,0.13513378193601966,0,0
10,300,1,A,2,1,3,-0.35127031803131104,-1.3803021907806396,0.23271508514881134,300,0.13513378193601966,0,0
10,300,1,A,3,0,0,8.747306823730469,-0.031215190887451172,0.13336408138275146,300,0.16456282883882523,0,0
10,300,1,A,3,0,1,10.961677551269531,1.2813117504119873,0.15143711864948273,300,0.16456282883882523,0,0
10,300,1,A,3,0,2,5.622751235961914,-0.18279016017913818,0.08428465574979782,300,0.16456282883882523,0,0
10,300,1,A,3,0,3,3.7419629096984863,0.9978475570678711,0.040356166660785675,300,0.16456282883882523,0,0
10,300,1,A,3,1,0,3.6537399291992188,-0.806673526763916,0.10312838107347488,300,0.1592206172645092,0,0
10,300,1,A,3,1,1,6.251707077026367,-0.8185145854949951,0.14703691005706787,300,0.1592206172645092,0,0
10,300,1,A,3,1,2,6.298340320587158,-0.028869152069091797,0.12527425587177277,300,0.1592206172645092,0,0
10,300,1,A,3,1,3,7.783202648162842,0.09797322750091553,0.16314579546451569,300,0.1592206172645092,0,0
10,300,1,A,4,0,0,13.95925521850586,3.1682302951812744,0.14131104946136475,300,0.1493975892663002,0,0
10,300,1,A,4,0,1,13.610875129699707,0.46767210960388184,0.16045938432216644,300,0.1493975892663002,0,0
10,300,1,A,4,0,2,3.9369471073150635,-0.2987123727798462,0.0660732239484787,300,0.1493975892663002,0,0
10,300,1,A,4,0,3,9.09109115600586,4.022727966308594,0.07297594100236893,300,0.1493975892663002,0,0
10,300,1,A,4,1,0,20.808820724487305,3.27840518951416,0.19142639636993408,300,0.16202836902812123,0,0
10,300,1,A,4,1,1,22.008285522460938,2.663219690322876,0.18118128180503845,300,0.16202836902812123,0,0
10,300,1,A,4,1,2,14.116765975952148,2.6854190826416016,0.12320924550294876,300,0.16202836902812123,0,0
10,300,1,A,4,1,3,22.09471893310547,2.577338218688965,0.18582113087177277,300,0.16202836902812123,0,0
10,300,1,A,5,0,0,8.508004188537598,1.4226797819137573,0.26417675614356995,300,0.12382294191047549,0,0
10,300,1,A,5,0,1,2.9503579139709473,1.1654393672943115,0.07746624946594238,300,0.12382294191047549,0,0
10,300,1,A,5,0,2,3.5759880542755127,1.2937798500061035,0.08972489833831787,300,0.12382294191047549,0,0
10,300,1,A,5,0,3,7.369424819946289,1.595916509628296,0.21592263877391815,300,0.12382294191047549,0,0
10,300,1,A,5,1,0,10.367414474487305,1.5522642135620117,0.24646608531475067,300,0.17273093480616808,0,0
10,300,1,A,5,1,1,7.098459720611572,1.5904064178466797,0.15698395669460297,300,0.17273093480616808,0,0
10,300,1,A,5,1,2,11.009040832519531,1.4229979515075684,0.21981048583984375,300,0.17273093480616808,0,0
10,300,1,A,5,1,3,7.985172271728516,1.3782925605773926,0.13926976919174194,300,0.17273093480616808,0,0
10,300,1,A,6,0,0,5.728719711303711,2.96785831451416,0.059644751250743866,300,0.14822629513219,0,0
10,300,1,A,6,0,1,12.327788352966309,2.3421311378479004,0.20885002613067627,300,0.14822629513219,0,0
10,300,1,A,6,0,2,7.614391326904297,2.100689172744751,0.09898099303245544,300,0.14822629513219,0,0
10,300,1,A,6,0,3,10.803177833557129,2.0952656269073486,0.14502310752868652,300,0.14822629513219,0,0
10,300,1,A,6,1,0,7.399230003356934,2.488957405090332,0.15306712687015533,300,0.14012454077601433,0,0
10,300,1,A,6,1,1,5.511938095092773,3.187460422515869,0.0966830775141716,300,0.14012454077601433,0,0
10,300,1,A,6,1,2,8.344766616821289,2.2138381004333496,0.19072823226451874,300,0.14012454077601433,0,0
10,300,1,A,6,1,3,7.0901031494140625,2.529543161392212,0.14952483773231506,300,0.14012454077601433,0,0
10,300,1,A,7,0,0,15.840670585632324,1.5653879642486572,0.13504843413829803,300,0.16331230103969574,0,0
10,300,1,A,7,0,1,9.295223236083984,1.8432719707489014,0.05198124796152115,300,0.16331230103969574,0,0
10,300,1,A,7,0,2,16.280364990234375,1.3913503885269165,0.10096857696771622,300,0.16331230103969574,0,0
10,300,1,A,7,0,3,13.14706802368164,1.0978025197982788,0.08333586156368256,300,0.16331230103969574,0,0
10,300,1,A,7,1,0,12.34350872039795,0.8600646257400513,0.11617065966129303,300,0.16630531009286642,0,0
10,300,1,A,7,1,1,8.047371864318848,0.9664835333824158,0.07428475469350815,300,0.16630531009286642,0,0
10,300,1,A,7,1,2,9.658843040466309,1.0205695629119873,0.10770893841981888,300,0.16630531009286642,0,0
10,300,1,A,7,1,3,4.453040599822998,1.0694618225097656,0.03686829283833504,300,0.16630531009286642,0,0
10,300,1,A,8,0,0,14.436029434204102,1.2143359184265137,0.1512896865606308,300,0.14011746877804399,0,0
10,300,1,A,8,0,1,9.519998550415039,2.304927110671997,0.10110397636890411,300,0.14011746877804399,0,0
10,300,1,A,8,0,2,10.38569450378418,1.3632031679153442,0.11479376256465912,300,0.14011746877804399,0,0
10,300,1,A,8,0,3,12.538433074951172,2.6755809783935547,0.11314234882593155,300,0.14011746877804399,0,0
10,300,1,A,8,1,0,5.076621055603027,2.2777979373931885,0.04963446781039238,300,0.14365551434457302,0,0
10,300,1,A,8,1,1,13.001628875732422,2.440824270248413,0.1550569087266922,300,0.14365551434457302,0,0
10,300,1,A,8,1,2,5.462606430053711,2.670316696166992,0.04580123350024223,300,0.14365551434457302,0,0
10,300,1,A,8,1,3,8.56061840057373,2.339603900909424,0.11547628045082092,300,0.14365551434457302,0,0
10,300,1,A,9,0,0,6.361025810241699,2.8315012454986572,0.08566493541002274,300,0.1553063658066094,0,0
10,300,1,A,9,0,1,5.245368957519531,2.3934409618377686,0.09055836498737335,300,0.1553063658066094,0,0
10,300,1,A,9,0,2,8.205345153808594,2.5010836124420166,0.1769598424434662,300,0.1553063658066094,0,0
10,300,1,A,9,0,3,7.341561317443848,2.4037222862243652,0.13410533964633942,300,0.1553063658066094,0,0
10,300,1,A,9,1,0,1.6910037994384766,-0.002833127975463867,0.08217784017324448,300,0.1636360278353095,0,0
10,300,1,A,9,1,1,2.5803661346435547,-0.10425204038619995,0.11896165460348129,300,0.1636360278353095,0,0
10,300,1,A,9,1,2,1.8790462017059326,-0.1050615906715393,0.11721645295619965,300,0.1636360278353095,0,0
10,300,1,A,9,1,3,2.0222349166870117,-0.35990938544273376,0.12376315146684647,300,0.1636360278353095,0,0
10,300,1,A,10,0,0,4.635131359100342,2.0710387229919434,0.0699562132358551,300,0.1824472569860518,0,0
10,300,1,A,10,0,1,5.566490650177002,0.9616619348526001,0.11646519601345062,300,0.1824472569860518,0,0
10,300,1,A,10,0,2,6.719289302825928,1.3756004571914673,0.16781465709209442,300,0.1824472569860518,0,0
10,300,1,A,10,0,3,5.558331489562988,1.0326606035232544,0.13252349197864532,300,0.1824472569860518,0,0
10,300,1,A,10,1,0,2.7333998680114746,1.432186245918274,0.14387404918670654,300,0.16218096017837524,0,0
10,300,1,A,10,1,1,2.403266191482544,1.3912569284439087,0.10731440037488937,300,0.16218096017837524,0,0
10,300,1,A,10,1,2,3.131481885910034,1.3510470390319824,0.16668559610843658,300,0.16218096017837524,0,0
10,300,1,A,10,1,3,2.661114454269409,1.6239149570465088,0.12478329986333847,300,0.16218096017837524,0,0
10,300,1,A,11,0,0,4.306395053863525,1.640586018562317,0.2350950539112091,300,0.1782971890643239,0,0
10,300,1,A,11,0,1,2.9742050170898438,1.5846768617630005,0.13031306862831116,300,0.1782971890643239,0,0
10,300,1,A,11,0,2,2.991093635559082,1.660841703414917,0.14956462383270264,300,0.1782971890643239,0,0
10,300,1,A,11,0,3,3.312641143798828,1.6421425342559814,0.16451697051525116,300,0.1782971890643239,0,0
10,300,1,A,11,1,0,9.693161010742188,3.6135594844818115,0.08405166119337082,300,0.18524175183847547,0,0
10,300,1,A,11,1,1,10.573522567749023,1.957687497138977,0.1328197866678238,300,0.18524175183847547,0,0
10,300,1,A,11,1,2,9.13522720336914,4.584558486938477,0.06779295951128006,300,0.18524175183847547,0,0
10,300,1,A,11,1,3,12.479467391967773,3.3184099197387695,0.14397591352462769,300,0.18524175183847547,0,0
10,300,1,A,12,0,0,-0.8903303146362305,-1.1068050861358643,0.4292609989643097,300,0.15459544211626053,0,0
10,300,1,A,12,0,1,-0.6017447710037231,-1.094616174697876,0.6366113424301147,300,0.15459544211626053,0,0
10,300,1,A,12,0,2,-0.6532570123672485,-1.1001373529434204,0.6233948469161987,300,0.15459544211626053,0,0
10,300,1,A,12,0,3,-0.7881351113319397,-1.098016381263733,0.5393057465553284,300,0.15459544211626053,0,0
10,300,1,A,12,1,0,1.0020089149475098,0.42133256793022156,0.43131208419799805,300,0.13811281323432922,0,0
10,300,1,A,12,1,1,1.0417331457138062,0.3580358624458313,0.48042741417884827,300,0.13811281323432922,0,0
10,300,1,A,12,1,2,1.0915268659591675,0.44999438524246216,0.4652927815914154,300,0.13811281323432922,0,0
10,300,1,A,12,1,3,0.9171763062477112,0.39573532342910767,0.41334134340286255,300,0.13811281323432922,0,0
10,300,1,A,13,0,0,-0.1749534010887146,-0.6319243907928467,0.33791276812553406,300,0.15065194992348552,0,0
10,300,1,A,13,0,1,-0.049948811531066895,-0.8017169237136841,0.4368737041950226,300,0.15065194992348552,0,0
10,300,1,A,13,0,2,-0.12355327606201172,-0.8496794104576111,0.4815896451473236,300,0.15065194992348552,0,0
10,300,1,A,13,0,3,0.31238508224487305,-0.9171596169471741,0.56699138879776,300,0.15065194992348552,0,0
10,300,1,A,13,1,0,2.5626068115234375,1.7198548316955566,0.5007639527320862,300,0.1614302909001708,0,0
10,300,1,A,13,1,1,2.669163703918457,1.3382700681686401,0.5586029887199402,300,0.1614302909001708,0,0
10,300,1,A,13,1,2,2.670304298400879,1.6533024311065674,0.5111127495765686,300,0.1614302909001708,0,0
10,300,1,A,13,1,3,2.646775960922241,1.5258708000183105,0.5892481207847595,300,0.1614302909001708,0,0
10,300,1,A,14,0,0,1.966110348701477,1.0596879720687866,0.35304391384124756,300,0.13234962010756135,0,0
10,300,1,A,14,0,1,1.9601752758026123,1.100346326828003,0.3438766896724701,300,0.13234962010756135,0,0
10,300,1,A,14,0,2,1.7663111686706543,1.176023244857788,0.2704370319843292,300,0.13234962010756135,0,0
10,300,1,A,14,0,3,1.822403073310852,1.0279130935668945,0.32910293340682983,300,0.13234962010756135,0,0
10,300,1,A,14,1,0,2.1795055866241455,1.3465518951416016,0.47448137402534485,300,0.17671702289953828,0,0
10,300,1,A,14,1,1,2.1454224586486816,1.2977001667022705,0.48292261362075806,300,0.17671702289953828,0,0
10,300,1,A,14,1,2,2.1921427249908447,1.4810545444488525,0.42345839738845825,300,0.17671702289953828,0,0
10,300,1,A,14,1,3,2.4827680587768555,1.2734743356704712,0.524843692779541,300,0.17671702289953828,0,0
10,300,1,A,15,0,0,0.16370919346809387,-0.897925853729248,0.5953616499900818,300,0.15727563994005322,0,0
10,300,1,A,15,0,1,0.7767410278320312,-1.2730045318603516,0.7740507125854492,300,0.15727563994005322,0,0
10,300,1,A,15,0,2,0.20063257217407227,-1.6025571823120117,0.7303097248077393,300,0.15727563994005322,0,0
10,300,1,A,15,0,3,0.37399783730506897,-1.4917898178100586,0.7479860782623291,300,0.15727563994005322,0,0
10,300,1,A,15,1,0,-0.7878379821777344,-1.6060307025909424,0.7445105314254761,300,0.16394734475761652,0,0
10,300,1,A,15,1,1,-0.5688977837562561,-1.75321626663208,0.8006566166877747,300,0.16394734475761652,0,0
10,300,1,A,15,1,2,-0.7006974816322327,-1.8185335397720337,0.7993506193161011,300,0.16394734475761652,0,0
10,300,1,A,15,1,3,-1.2434916496276855,-1.8020622730255127,0.6077158451080322,300,0.16394734475761652,0,0
10,300,1,A,16,0,0,1.3741223812103271,-0.6612662076950073,0.769567608833313,300,0.14661044627428055,0,0
10,300,1,A,16,0,1,1.6267203092575073,-0.41937553882598877,0.7804898023605347,300,0.14661044627428055,0,0
10,300,1,A,16,0,2,0.808657705783844,-0.637258768081665,0.727234959602356,300,0.14661044627428055,0,0
10,300,1,A,16,0,3,1.205312728881836,-0.01920497417449951,0.6426801681518555,300,0.14661044627428055,0,0
10,300,1,A,16,1,0,-1.644722580909729,-2.6843223571777344,0.7090275287628174,300,0.14495291374623775,0,0
10,300,1,A,16,1,1,-1.5522434711456299,-2.6464102268218994,0.750029444694519,300,0.14495291374623775,0,0
10,300,1,A,16,1,2,-1.519033432006836,-2.626927375793457,0.7392548322677612,300,0.14495291374623775,0,0
10,300,1,A,16,1,3,-1.5743838548660278,-2.689774990081787,0.7212445735931396,300,0.14495291374623775,0,0
10,300,1,A,17,0,0,0.8798058032989502,-1.130643606185913,0.5491794943809509,300,0.1390153979882598,0,0
10,300,1,A,17,0,1,0.6461324691772461,-1.4617314338684082,0.5497097969055176,300,0.1390153979882598,0,0
10,300,1,A,17,0,2,0.258064866065979,-1.8464701175689697,0.58669513463974,300,0.1390153979882598,0,0
10,300,1,A,17,0,3,0.672527551651001,-1.4536924362182617,0.5569679737091064,300,0.1390153979882598,0,0
10,300,1,A,17,1,0,1.2479865550994873,0.4614872932434082,0.6118866205215454,300,0.17990925163030624,0,0
10,300,1,A,17,1,1,1.0138627290725708,0.04689168930053711,0.6746068596839905,300,0.17990925163030624,0,0
10,300,1,A,17,1,2,1.0734723806381226,0.19494843482971191,0.6135416030883789,300,0.17990925163030624,0,0
10,300,1,A,17,1,3,0.9087534546852112,-0.12649548053741455,0.6321809887886047,300,0.17990925163030624,0,0
10,300,1,A,18,0,0,2.0574395656585693,-0.7254698276519775,0.3400867283344269,300,0.14425179921090603,0,0
10,300,1,A,18,0,1,2.2886037826538086,-0.6565999984741211,0.38527724146842957,300,0.14425179921090603,0,0
10,300,1,A,18,0,2,0.8605220317840576,-0.7942907810211182,0.3006698787212372,300,0.14425179921090603,0,0
10,300,1,A,18,0,3,1.8682355880737305,-0.9587459564208984,0.33205246925354004,300,0.14425179921090603,0,0
10,300,1,A,18,1,0,0.5973039865493774,-0.23824262619018555,0.2812998592853546,300,0.16061099898070097,0,0
10,300,1,A,18,1,1,0.8682911992073059,-0.3695579767227173,0.38373395800590515,300,0.16061099898070097,0,0
10,300,1,A,18,1,2,0.6621173024177551,-0.40565818548202515,0.3057926595211029,300,0.16061099898070097,0,0
10,300,1,A,18,1,3,0.9024512767791748,-0.44080841541290283,0.41466233134269714,300,0.16061099898070097,0,0
10,300,1,A,19,0,0,-0.7998606562614441,-3.2375693321228027,0.3837513327598572,300,0.15591613575816154,0,0
10,300,1,A,19,0,1,-0.23441147804260254,-3.3567416667938232,0.4550256133079529,300,0.15591613575816154,0,0
10,300,1,A,19,0,2,-0.06803834438323975,-3.4515180587768555,0.4178566038608551,300,0.15591613575816154,0,0
10,300,1,A,19,0,3,-0.33455634117126465,-3.3348989486694336,0.44082680344581604,300,0.15591613575816154,0,0
10,300,1,A,19,1,0,1.6661111116409302,0.3386225700378418,0.3069227933883667,300,0.17385013727471232,0,0
10,300,1,A,19,1,1,2.016334056854248,-0.047719478607177734,0.37587079405784607,300,0.17385013727471232,0,0
10,300,1,A,19,1,2,2.0365049839019775,0.057851195335388184,0.40605413913726807,300,0.17385013727471232,0,0
10,300,1,A,19,1,3,1.9346702098846436,0.08326196670532227,0.3117216229438782,300,0.17385013727471232,0,0
10,300,1,A,20,0,0,1.5388593673706055,0.712912380695343,0.31310296058654785,300,0.16862234380096197,0,0
10,300,1,A,20,0,1,1.2430931329727173,1.2405251264572144,0.0011435184860602021,300,0.16862234380096197,0,0
10,300,1,A,20,0,2,1.1971702575683594,0.6473935842514038,0.2001168578863144,300,0.16862234380096197,0,0
10,300,1,A,20,0,3,1.2077268362045288,0.8160014152526855,0.15606431663036346,300,0.16862234380096197,0,0
10,300,1,A,20,1,0,0.8784558773040771,0.314700186252594,0.14983293414115906,300,0.18742476776242256,0,0
10,300,1,A,20,1,1,1.2539275884628296,0.11901003122329712,0.2453286349773407,300,0.18742476776242256,0,0
10,300,1,A,20,1,2,0.9377898573875427,0.2671241760253906,0.17955335974693298,300,0.18742476776242256,0,0
10,300,1,A,20,1,3,1.259364366531372,0.1935577392578125,0.3249679207801819,300,0.18742476776242256,0,0
10,300,1,A,21,0,0,-0.9545227289199829,-1.8766614198684692,0.4716246426105499,300,0.15183597709983587,0,0
10,300,1,A,21,0,1,-0.7674684524536133,-1.807239055633545,0.4822269082069397,300,0.15183597709983587,0,0
10,300,1,A,21,0,2,-0.6687464714050293,-1.8697024583816528,0.5755063891410828,300,0.15183597709983587,0,0
10,300,1,A,21,0,3,-1.2033295631408691,-1.8640687465667725,0.3975246250629425,300,0.15183597709983587,0,0
10,300,1,A,21,1,0,2.3502233028411865,1.5301756858825684,0.43496647477149963,300,0.1615176647901535,0,0
10,300,1,A,21,1,1,2.678206443786621,1.5087332725524902,0.5076616406440735,300,0.1615176647901535,0,0
10,300,1,A,21,1,2,2.6719472408294678,1.3347256183624268,0.5496942400932312,300,0.1615176647901535,0,0
10,300,1,A,21,1,3,1.9937427043914795,1.4513921737670898,0.3081340193748474,300,0.1615176647901535,0,0
10,300,1,A,22,0,0,1.084089994430542,-1.4077575206756592,0.44771528244018555,300,0.15681981202214956,0,0
10,300,1,A,22,0,1,1.470184087753296,-1.1438263654708862,0.4293327033519745,300,0.15681981202214956,0,0
10,300,1,A,22,0,2,2.1151812076568604,-0.09639537334442139,0.3826677203178406,300,0.15681981202214956,0,0
10,300,1,A,22,0,3,0.8042654991149902,-1.3579304218292236,0.3839360773563385,300,0.15681981202214956,0,0
10,300,1,A,22,1,0,4.224003791809082,2.306553363800049,0.4805820882320404,300,0.18599370680749416,0,0
10,300,1,A,22,1,1,3.732542037963867,1.9658437967300415,0.4794375002384186,300,0.18599370680749416,0,0
10,300,1,A,22,1,2,4.045731544494629,1.9636003971099854,0.5433793663978577,300,0.18599370680749416,0,0
10,300,1,A,22,1,3,3.6509201526641846,1.897418737411499,0.44118189811706543,300,0.18599370680749416,0,0
10,300,1,A,23,0,0,1.1278386116027832,-0.4652816653251648,0.3307350277900696,300,0.15820153104141355,0,0
10,300,1,A,23,0,1,1.8352231979370117,-0.3389160633087158,0.3884489834308624,300,0.15820153104141355,0,0
10,300,1,A,23,0,2,2.146632432937622,-0.3808358609676361,0.44010308384895325,300,0.15820153104141355,0,0
10,300,1,A,23,0,3,2.005988359451294,-0.49254322052001953,0.42963746190071106,300,0.15820153104141355,0,0
10,300,1,A,23,1,0,3.89512300491333,1.2851569652557373,0.39085689187049866,300,0.15870719216763973,0,0
10,300,1,A,23,1,1,2.9098620414733887,0.9824807643890381,0.30941736698150635,300,0.15870719216763973,0,0
10,300,1,A,23,1,2,3.5598556995391846,1.1422592401504517,0.39271992444992065,300,0.15870719216763973,0,0
10,300,1,A,23,1,3,3.027961492538452,1.1999832391738892,0.31268125772476196,300,0.15870719216763973,0,0
10,300,1,A,24,0,0,1.2180602550506592,-1.1529560089111328,0.10599012672901154,300,0.15428675431758165,0,0
10,300,1,A,24,0,1,1.988248348236084,-0.7439972162246704,0.12075584381818771,300,0.15428675431758165,0,0
10,300,1,A,24,0,2,1.1994569301605225,-0.8279517292976379,0.08562333881855011,300,0.15428675431758165,0,0
10,300,1,A,24,0,3,1.112743616104126,-0.7296550273895264,0.09123042225837708,300,0.15428675431758165,0,0
10,300,1,A,24,1,0,2.2016756534576416,-0.6891239881515503,0.17870421707630157,300,0.17112007085233927,0,0
10,300,1,A,24,1,1,1.6673555374145508,-0.41709238290786743,0.10814076662063599,300,0.17112007085233927,0,0
10,300,1,A,24,1,2,0.889106273651123,-0.8089172840118408,0.1063007190823555,300,0.17112007085233927,0,0
10,300,1,A,24,1,3,1.5734436511993408,-0.7755870223045349,0.11518033593893051,300,0.17112007085233927,0,0
10,300,1,A,25,0,0,2.7554595470428467,-1.2715775966644287,0.17786426842212677,300,0.21151035837829113,0,0
10,300,1,A,25,0,1,2.9436023235321045,-0.9492596387863159,0.17411291599273682,300,0.21151035837829113,0,0
10,300,1,A,25,0,2,1.0462009906768799,0.9128262996673584,0.00668639549985528,300,0.21151035837829113,0,0
10,300,1,A,25,0,3,1.6983835697174072,-1.0707273483276367,0.13464663922786713,300,0.21151035837829113,0,0
10,300,1,A,25,1,0,1.131813645362854,-0.04027192294597626,0.19617807865142822,300,0.1647905120626092,0,0
10,300,1,A,25,1,1,0.645761251449585,-0.01593424379825592,0.13710901141166687,300,0.1647905120626092,0,0
10,300,1,A,25,1,2,1.5584734678268433,0.0877191424369812,0.2240729182958603,300,0.1647905120626092,0,0
10,300,1,A,25,1,3,0.7793365716934204,-0.015078291296958923,0.1408763974905014,300,0.1647905120626092,0,0
10,300,1,A,26,0,0,1.7458980083465576,-0.43727123737335205,0.09903357923030853,300,0.16483042109757662,0,0
10,300,1,A,26,0,1,3.0751731395721436,-0.20418179035186768,0.13900715112686157,300,0.16483042109757662,0,0
10,300,1,A,26,0,2,4.076772689819336,-0.6068546175956726,0.15424591302871704,300,0.16483042109757662,0,0
10,300,1,A,26,0,3,6.7130889892578125,0.46723413467407227,0.21418316662311554,300,0.16483042109757662,0,0
10,300,1,A,26,1,0,5.27493953704834,2.473172664642334,0.13410818576812744,300,0.15907322894781828,0,0
10,300,1,A,26,1,1,5.842391014099121,2.5559775829315186,0.15854020416736603,300,0.15907322894781828,0,0
10,300,1,A,26,1,2,6.490065574645996,2.510908603668213,0.20092660188674927,300,0.15907322894781828,0,0
10,300,1,A,26,1,3,5.711503505706787,2.7816689014434814,0.15620939433574677,300,0.15907322894781828,0,0
10,300,1,A,27,0,0,7.587168216705322,1.672661542892456,0.2216915488243103,300,0.1531545459292829,0,0
10,300,1,A,27,0,1,7.272269248962402,1.6674845218658447,0.19964969158172607,300,0.1531545459292829,0,0
10,300,1,A,27,0,2,6.503210067749023,1.6909781694412231,0.19530242681503296,300,0.1531545459292829,0,0
10,300,1,A,27,0,3,5.173687934875488,1.9917722940444946,0.12942342460155487,300,0.1531545459292829,0,0
10,300,1,A,27,1,0,1.1392803192138672,-0.6879859566688538,0.07696107774972916,300,0.17638015002012253,0,0
10,300,1,A,27,1,1,1.9025976657867432,-0.46443700790405273,0.07988544553518295,300,0.17638015002012253,0,0
10,300,1,A,27,1,2,4.048653602600098,-0.9294735789299011,0.17415127158164978,300,0.17638015002012253,0,0
10,300,1,A,27,1,3,1.312709093093872,-0.2575232982635498,0.05516337603330612,300,0.17638015002012253,0,0
10,300,1,A,28,0,0,1.9580254554748535,0.17038822174072266,0.11302564293146133,300,0.15857811970636249,0,0
10,300,1,A,28,0,1,2.3522112369537354,0.055291444063186646,0.14847363531589508,300,0.15857811970636249,0,0
10,300,1,A,28,0,2,1.9371023178100586,0.18491443991661072,0.15601162612438202,300,0.15857811970636249,0,0
10,300,1,A,28,0,3,4.131128311157227,0.36017394065856934,0.22988584637641907,300,0.15857811970636249,0,0
10,300,1,A,28,1,0,6.538698196411133,2.3241348266601562,0.11572372913360596,300,0.18048886908218265,0,0
10,300,1,A,28,1,1,7.775276184082031,1.9819951057434082,0.13525891304016113,300,0.18048886908218265,0,0
10,300,1,A,28,1,2,7.937792778015137,2.1620001792907715,0.14230090379714966,300,0.18048886908218265,0,0
10,300,1,A,28,1,3,8.4398775100708,2.4790754318237305,0.13735336065292358,300,0.18048886908218265,0,0
10,300,1,A,29,0,0,10.487503051757812,0.6385719776153564,0.2122621238231659,300,0.14443545183166862,0,0
10,300,1,A,29,0,1,11.846153259277344,1.0422781705856323,0.19529950618743896,300,0.14443545183166862,0,0
10,300,1,A,29,0,2,13.434906959533691,1.125483751296997,0.20953752100467682,300,0.14443545183166862,0,0
10,300,1,A,29,0,3,9.178278923034668,0.8766182661056519,0.16556067764759064,300,0.14443545183166862,0,0
10,300,1,A,29,1,0,16.84819221496582,2.7794601917266846,0.15785755217075348,300,0.16151631716638803,0,0
10,300,1,A,29,1,1,25.036561965942383,2.9895315170288086,0.24468933045864105,300,0.16151631716638803,0,0
10,300,1,A,29,1,2,10.943923950195312,3.118053436279297,0.1227937564253807,300,0.16151631716638803,0,0
10,300,1,A,29,1,3,13.07924747467041,2.7306203842163086,0.12657302618026733,300,0.16151631716638803,0,0
10,300,1,A,30,0,0,1.150890588760376,-0.4853547513484955,0.144505575299263,300,0.1631238809786737,0,0
10,300,1,A,30,0,1,1.174349308013916,-0.24094219505786896,0.1321403831243515,300,0.1631238809786737,0,0
10,300,1,A,30,0,2,1.5830059051513672,-0.33850932121276855,0.19565947353839874,300,0.1631238809786737,0,0
10,300,1,A,30,0,3,1.6219593286514282,0.6979684233665466,0.08382929116487503,300,0.1631238809786737,0,0
10,300,1,A,30,1,0,1.4697495698928833,0.19417999684810638,0.16307514905929565,300,0.16540792724117637,0,0
10,300,1,A,30,1,1,3.1597254276275635,0.32660841941833496,0.27918606996536255,300,0.16540792724117637,0,0
10,300,1,A,30,1,2,1.2628861665725708,-0.026535600423812866,0.1843794733285904,300,0.16540792724117637,0,0
10,300,1,A,30,1,3,1.486115574836731,0.18603339791297913,0.13172854483127594,300,0.16540792724117637,0,0
10,300,1,A,31,0,0,5.127323627471924,0.0671074390411377,0.11965225636959076,300,0.16112206131219864,0,0
10,300,1,A,31,0,1,10.879652976989746,1.6868902444839478,0.250166118144989,300,0.16112206131219864,0,0
10,300,1,A,31,0,2,7.691391468048096,0.5235538482666016,0.14891020953655243,300,0.16112206131219864,0,0
10,300,1,A,31,0,3,8.042566299438477,0.4380422830581665,0.149821475148201,300,0.16112206131219864,0,0
10,300,1,A,31,1,0,1.9473530054092407,0.9116697907447815,0.2566123902797699,300,0.16845131991431117,0,0
10,300,1,A,31,1,1,1.941079020500183,1.0156846046447754,0.22672638297080994,300,0.16845131991431117,0,0
10,300,1,A,31,1,2,2.2850093841552734,1.2947367429733276,0.16534890234470367,300,0.16845131991431117,0,0
10,300,1,A,31,1,3,2.4144582748413086,0.9277707934379578,0.3398571312427521,300,0.16845131991431117,0,0
10,300,1,A,32,0,0,0.7867201566696167,-0.3121558129787445,0.19389671087265015,300,0.14614990120753646,0,0
10,300,1,A,32,0,1,0.9264378547668457,-0.3898905813694,0.25999149680137634,300,0.14614990120753646,0,0
10,300,1,A,32,0,2,0.34475409984588623,-0.3817557096481323,0.16075779497623444,300,0.14614990120753646,0,0
10,300,1,A,32,0,3,0.4049075245857239,-0.34413814544677734,0.14445346593856812,300,0.14614990120753646,0,0
10,300,1,A,32,1,0,6.655295372009277,1.6263617277145386,0.3058781623840332,300,0.15528770396485925,0,0
10,300,1,A,32,1,1,4.891436576843262,1.426274299621582,0.25514572858810425,300,0.15528770396485925,0,0
10,300,1,A,32,1,2,5.0110673904418945,1.4134658575057983,0.24093811213970184,300,0.15528770396485925,0,0
10,300,1,A,32,1,3,4.86944580078125,1.6601479053497314,0.23447753489017487,300,0.15528770396485925,0,0
10,300,1,A,33,0,0,15.372878074645996,2.05814266204834,0.21890825033187866,300,0.15483232494443655,0,0
10,300,1,A,33,0,1,5.1495561599731445,2.0971522331237793,0.06927576661109924,300,0.15483232494443655,0,0
10,300,1,A,33,0,2,7.830560684204102,1.7988520860671997,0.12026169151067734,300,0.15483232494443655,0,0
10,300,1,A,33,0,3,6.775330543518066,2.3585870265960693,0.10908272117376328,300,0.15483232494443655,0,0
10,300,1,A,33,1,0,2.465264320373535,-1.679850459098816,0.24521563947200775,300,0.13804459339007735,0,0
10,300,1,A,33,1,1,2.334282398223877,-1.7319746017456055,0.2303430587053299,300,0.13804459339007735,0,0
10,300,1,A,33,1,2,1.0363285541534424,-1.7067209482192993,0.16180366277694702,300,0.13804459339007735,0,0
10,300,1,A,33,1,3,1.1109821796417236,-1.6082862615585327,0.1723320335149765,300,0.13804459339007735,0,0
10,300,1,A,34,0,0,4.233306884765625,-0.7106785178184509,0.25802844762802124,300,0.1797181349247694,0,0
10,300,1,A,34,0,1,2.38185453414917,-0.6968036890029907,0.2092602699995041,300,0.1797181349247694,0,0
10,300,1,A,34,0,2,2.42242431640625,-0.8288834691047668,0.1699843555688858,300,0.1797181349247694,0,0
10,300,1,A,34,0,3,2.2497718334198,-0.5660947561264038,0.14793452620506287,300,0.1797181349247694,0,0
10,300,1,A,34,1,0,4.268415451049805,-0.6027499437332153,0.15863780677318573,300,0.1790282973088324,0,0
10,300,1,A,34,1,1,4.905839920043945,-0.5074208378791809,0.17622871696949005,300,0.1790282973088324,0,0
10,300,1,A,34,1,2,5.435975074768066,-0.12167561054229736,0.19339294731616974,300,0.1790282973088324,0,0
10,300,1,A,34,1,3,6.690471649169922,-0.2070831060409546,0.18215052783489227,300,0.1790282973088324,0,0
10,300,1,A,35,0,0,5.209332466125488,0.2642306685447693,0.23743945360183716,300,0.1588196251541376,0,0
10,300,1,A,35,0,1,6.200300216674805,0.557823896408081,0.25350266695022583,300,0.1588196251541376,0,0
10,300,1,A,35,0,2,3.185370922088623,0.24164621531963348,0.12936921417713165,300,0.1588196251541376,0,0
10,300,1,A,35,0,3,2.423672676086426,0.10175487399101257,0.11963969469070435,300,0.1588196251541376,0,0
10,300,1,A,35,1,0,4.51176118850708,-1.6077089309692383,0.16496004164218903,300,0.15572871221229434,0,0
10,300,1,A,35,1,1,7.8090081214904785,-1.2953416109085083,0.1984313279390335,300,0.15572871221229434,0,0
10,300,1,A,35,1,2,1.3419907093048096,-1.3526860475540161,0.07932594418525696,300,0.15572871221229434,0,0
10,300,1,A,35,1,3,3.1452488899230957,-1.9821619987487793,0.15715867280960083,300,0.15572871221229434,0,0
10,300,2,A,0,0,0,2.2679688930511475,-1.055468201637268,0.21943865716457367,300,0.14546988904476166,0,0
10,300,2,A,0,0,1,5.034171104431152,-0.7507426738739014,0.28041017055511475,300,0.14546988904476166,0,0
10,300,2,A,0,0,2,3.8116581439971924,-1.0051316022872925,0.26033395528793335,300,0.14546988904476166,0,0
10,300,2,A,0,0,3,7.163430213928223,-0.5717254877090454,0.3995325267314911,300,0.14546988904476166,0,0
10,300,2,A,0,1,0,3.93599009513855,0.5451041460037231,0.19421346485614777,300,0.15835359739139676,0,0
10,300,2,A,0,1,1,6.069940567016602,1.7262063026428223,0.2287791669368744,300,0.15835359739139676,0,0
10,300,2,A,0,1,2,6.943790912628174,1.867554783821106,0.285534143447876,300,0.15835359739139676,0,0
10,300,2,A,0,1,3,9.548397064208984,0.5740551948547363,0.42914924025535583,300,0.15835359739139676,0,0
10,300,2,A,1,0,0,7.635520935058594,0.006631314754486084,0.2864144742488861,300,0.13709101686254144,0,0
10,300,2,A,1,0,1,6.1766204833984375,0.3722842335700989,0.23946481943130493,300,0.13709101686254144,0,0
10,300,2,A,1,0,2,5.763267517089844,0.09357491135597229,0.20701588690280914,300,0.13709101686254144,0,0
10,300,2,A,1,0,3,6.456876754760742,0.28290003538131714,0.27603083848953247,300,0.13709101686254144,0,0
10,300,2,A,1,1,0,2.335392713546753,-0.7804050445556641,0.22778600454330444,300,0.17059083795174956,0,0
10,300,2,A,1,1,1,1.5264136791229248,-0.9579890966415405,0.16963109374046326,300,0.17059083795174956,0,0
10,300,2,A,1,1,2,4.612424373626709,-0.6895275115966797,0.35494083166122437,300,0.17059083795174956,0,0
10,300,2,A,1,1,3,1.8842339515686035,-0.987679123878479,0.18446238338947296,300,0.17059083795174956,0,0
10,300,2,A,2,0,0,4.034210681915283,0.5642575025558472,0.27677005529403687,300,0.14089224999770522,0,0
10,300,2,A,2,0,1,3.544769525527954,0.7246870994567871,0.23694467544555664,300,0.14089224999770522,0,0
10,300,2,A,2,0,2,3.10897159576416,0.7236378192901611,0.26166218519210815,300,0.14089224999770522,0,0
10,300,2,A,2,0,3,3.8043501377105713,0.5773990154266357,0.2974587380886078,300,0.14089224999770522,0,0
10,300,2,A,2,1,0,-0.6089819669723511,-1.5818073749542236,0.2281801402568817,300,0.16396142728626728,0,0
10,300,2,A,2,1,1,-0.3818037509918213,-1.5683963298797607,0.25229912996292114,300,0.16396142728626728,0,0
10,300,2,A,2,1,2,-0.8507099151611328,-1.590268850326538,0.17470461130142212,300,0.16396142728626728,0,0
10,300,2,A,2,1,3,-0.35127031803131104,-1.5589234828948975,0.2625062167644501,300,0.16396142728626728,0,0
10,300,2,A,3,0,0,8.747306823730469,-0.2339264154434204,0.13602477312088013,300,0.16024960298091173,0,0
10,300,2,A,3,0,1,10.961677551269531,0.08603906631469727,0.1670127809047699,300,0.16024960298091173,0,0
10,300,2,A,3,0,2,5.622751235961914,0.29261457920074463,0.07792055606842041,300,0.16024960298091173,0,0
10,300,2,A,3,0,3,3.7419629096984863,-0.4630911946296692,0.06054064631462097,300,0.16024960298091173,0,0
10,300,2,A,3,1,0,3.6537399291992188,-0.43714791536331177,0.09539971500635147,300,0.12825699523091316,0,0
10,300,2,A,3,1,1,6.251707077026367,-0.5008790493011475,0.14136497676372528,300,0.12825699523091316,0,0
10,300,2,A,3,1,2,6.298340320587158,-0.7807111740112305,0.1381043940782547,300,0.12825699523091316,0,0
10,300,2,A,3,1,3,7.783202648162842,-0.36997294425964355,0.17137716710567474,300,0.12825699523091316,0,0
10,300,2,A,4,0,0,13.95925521850586,0.09901249408721924,0.1744900494813919,300,0.1708653219975531,0,0
10,300,2,A,4,0,1,13.610875129699707,0.07000535726547241,0.16451561450958252,300,0.1708653219975531,0,0
10,300,2,A,4,0,2,3.9369471073150635,0.0850762128829956,0.0604482963681221,300,0.1708653219975531,0,0
10,300,2,A,4,0,3,9.09109115600586,-0.16454756259918213,0.12568801641464233,300,0.1708653219975531,0,0
10,300,2,A,4,1,0,20.808820724487305,2.4456260204315186,0.1987130492925644,300,0.14924399321898818,0,0
10,300,2,A,4,1,1,22.008285522460938,3.8224759101867676,0.1721935272216797,300,0.14924399321898818,0,0
10,300,2,A,4,1,2,14.116765975952148,2.2126874923706055,0.12765400111675262,300,0.14924399321898818,0,0
10,300,2,A,4,1,3,22.09471893310547,3.998952627182007,0.17465010285377502,300,0.14924399321898818,0,0
10,300,2,A,5,0,0,8.508004188537598,1.5139901638031006,0.2616630792617798,300,0.16332607297226787,0,0
10,300,2,A,5,0,1,2.9503579139709473,1.0719096660614014,0.0811958834528923,300,0.16332607297226787,0,0
10,300,2,A,5,0,2,3.5759880542755127,1.0839065313339233,0.0971742644906044,300,0.16332607297226787,0,0
10,300,2,A,5,0,3,7.369424819946289,1.1581331491470337,0.22855325043201447,300,0.16332607297226787,0,0
10,300,2,A,5,1,0,10.367414474487305,1.5214159488677979,0.24711544811725616,300,0.16363731492310762,0,0
10,300,2,A,5,1,1,7.098459720611572,1.3102208375930786,0.16366255283355713,300,0.16363731492310762,0,0
10,300,2,A,5,1,2,11.009040832519531,1.1701979637145996,0.22430701553821564,300,0.16363731492310762,0,0
10,300,2,A,5,1,3,7.985172271728516,1.4110527038574219,0.13867495954036713,300,0.16363731492310762,0,0
10,300,2,A,6,0,0,5.728719711303711,2.2730095386505127,0.07355193048715591,300,0.15542171569541097,0,0
10,300,2,A,6,0,1,12.327788352966309,2.0480830669403076,0.21368585526943207,300,0.15542171569541097,0,0
10,300,2,A,6,0,2,7.614391326904297,2.4275460243225098,0.09366290271282196,300,0.15542171569541097,0,0
10,300,2,A,6,0,3,10.803177833557129,1.998018503189087,0.14640556275844574,300,0.15542171569541097,0,0
10,300,2,A,6,1,0,7.399230003356934,2.156978130340576,0.16174203157424927,300,0.1782148708589375,0,0
10,300,2,A,6,1,1,5.511938095092773,2.0516207218170166,0.1374337524175644,300,0.1782148708589375,0,0
10,300,2,A,6,1,2,8.344766616821289,2.0750269889831543,0.19420789182186127,300,0.1782148708589375,0,0
10,300,2,A,6,1,3,7.0901031494140625,2.0140514373779297,0.1636599600315094,300,0.1782148708589375,0,0
10,300,2,A,7,0,0,15.840670585632324,1.0536770820617676,0.13921542465686798,300,0.16203720681369305,0,0
10,300,2,A,7,0,1,9.295223236083984,1.8084750175476074,0.05221130698919296,300,0.16203720681369305,0,0
10,300,2,A,7,0,2,16.280364990234375,0.9977530241012573,0.1033618375658989,300,0.16203720681369305,0,0
10,300,2,A,7,0,3,13.14706802368164,1.1588234901428223,0.08294883370399475,300,0.16203720681369305,0,0
10,300,2,A,7,1,0,12.34350872039795,0.6937568187713623,0.11765514314174652,300,0.16990004293620586,0,0
10,300,2,A,7,1,1,8.047371864318848,1.055119276046753,0.07342315465211868,300,0.16990004293620586,0,0
10,300,2,A,7,1,2,9.658843040466309,0.7603020668029785,0.11059527099132538,300,0.16990004293620586,0,0
10,300,2,A,7,1,3,4.453040599822998,1.0150184631347656,0.03743930906057358,300,0.16990004293620586,0,0
10,300,2,A,8,0,0,14.436029434204102,1.3954309225082397,0.14952734112739563,300,0.16758599365130067,0,0
10,300,2,A,8,0,1,9.519998550415039,1.4112149477005005,0.11222205311059952,300,0.16758599365130067,0,0
10,300,2,A,8,0,2,10.38569450378418,1.1835232973098755,0.11681278795003891,300,0.16758599365130067,0,0
10,300,2,A,8,0,3,12.538433074951172,1.7262550592422485,0.1226964071393013,300,0.16758599365130067,0,0
10,300,2,A,8,1,0,5.076621055603027,2.314626455307007,0.04901335760951042,300,0.16044477093964815,0,0
10,300,2,A,8,1,1,13.001628875732422,2.22941255569458,0.1576715111732483,300,0.16044477093964815,0,0
10,300,2,A,8,1,2,5.462606430053711,2.319786787033081,0.05125617980957031,300,0.16044477093964815,0,0
10,300,2,A,8,1,3,8.56061840057373,2.438961982727051,0.11384192854166031,300,0.16044477093964815,0,0
10,300,2,A,9,0,0,6.361025810241699,2.3251805305480957,0.0967646986246109,300,0.1699108760803938,0,0
10,300,2,A,9,0,1,5.245368957519531,2.221233367919922,0.09550429880619049,300,0.1699108760803938,0,0
10,300,2,A,9,0,2,8.205345153808594,2.6274685859680176,0.17372018098831177,300,0.1699108760803938,0,0
10,300,2,A,9,0,3,7.341561317443848,2.2889509201049805,0.1367959827184677,300,0.1699108760803938,0,0
10,300,2,A,9,1,0,1.6910037994384766,-0.40224918723106384,0.09962528944015503,300,0.1532126897946,0,0
10,300,2,A,9,1,1,2.5803661346435547,-0.3095151484012604,0.12690307199954987,300,0.1532126897946,0,0
10,300,2,A,9,1,2,1.8790462017059326,-0.292587548494339,0.12688930332660675,300,0.1532126897946,0,0
10,300,2,A,9,1,3,2.0222349166870117,-0.24407121539115906,0.11845777183771133,300,0.1532126897946,0,0
10,300,2,A,10,0,0,4.635131359100342,1.0238577127456665,0.09578974545001984,300,0.1438732398673892,0,0
10,300,2,A,10,0,1,5.566490650177002,0.8019149303436279,0.12002059072256088,300,0.1438732398673892,0,0
10,300,2,A,10,0,2,6.719289302825928,1.1770578622817993,0.17297124862670898,300,0.1438732398673892,0,0
10,300,2,A,10,0,3,5.558331489562988,1.3423796892166138,0.12458400428295135,300,0.1438732398673892,0,0
10,300,2,A,10,1,0,2.7333998680114746,1.4028711318969727,0.14664007723331451,300,0.1505917739123106,0,0
10,300,2,A,10,1,1,2.403266191482544,1.3688151836395264,0.10943371802568436,300,0.1505917739123106,0,0
10,300,2,A,10,1,2,3.131481885910034,1.4225943088531494,0.16106615960597992,300,0.1505917739123106,0,0
10,300,2,A,10,1,3,2.661114454269409,1.526352882385254,0.13493697345256805,300,0.1505917739123106,0,0
10,300,2,A,11,0,0,4.306395053863525,1.6134893894195557,0.23691850900650024,300,0.16934429109096527,0,0
10,300,2,A,11,0,1,2.9742050170898438,1.7031069993972778,0.12054527550935745,300,0.16934429109096527,0,0
10,300,2,A,11,0,2,2.991093635559082,1.559632420539856,0.15913309156894684,300,0.16934429109096527,0,0
10,300,2,A,11,0,3,3.312641143798828,1.6622010469436646,0.16286325454711914,300,0.16934429109096527,0,0
10,300,2,A,11,1,0,9.693161010742188,2.252838134765625,0.10096453875303268,300,0.1997911399230361,0,0
10,300,2,A,11,1,1,10.573522567749023,3.7111263275146484,0.10872814804315567,300,0.1997911399230361,0,0
10,300,2,A,11,1,2,9.13522720336914,2.3749794960021973,0.09750044345855713,300,0.1997911399230361,0,0
10,300,2,A,11,1,3,12.479467391967773,3.705613374710083,0.138734832406044,300,0.1997911399230361,0,0
10,300,2,A,12,0,0,-0.8903303146362305,-1.1009612083435059,0.42256960272789,300,0.1439769552089274,0,0
10,300,2,A,12,0,1,-0.6017447710037231,-1.1302707195281982,0.652609646320343,300,0.1439769552089274,0,0
10,300,2,A,12,0,2,-0.6532570123672485,-1.0743166208267212,0.609322726726532,300,0.1439769552089274,0,0
10,300,2,A,12,0,3,-0.7881351113319397,-1.108619213104248,0.5476527810096741,300,0.1439769552089274,0,0
10,300,2,A,12,1,0,1.0020089149475098,0.2290843278169632,0.5023719668388367,300,0.15676674991846085,0,0
10,300,2,A,12,1,1,1.0417331457138062,0.3636493682861328,0.478369802236557,300,0.15676674991846085,0,0
10,300,2,A,12,1,2,1.0915268659591675,0.298761248588562,0.5181457996368408,300,0.15676674991846085,0,0
10,300,2,A,12,1,3,0.9171763062477112,0.20066171884536743,0.4919089674949646,300,0.15676674991846085,0,0
10,300,2,A,13,0,0,-0.1749534010887146,-0.8284504413604736,0.4219212234020233,300,0.12464254116639495,0,0
10,300,2,A,13,0,1,-0.049948811531066895,-0.8078234791755676,0.43886497616767883,300,0.12464254116639495,0,0
10,300,2,A,13,0,2,-0.12355327606201172,-0.6854864358901978,0.4182368218898773,300,0.12464254116639495,0,0
10,300,2,A,13,0,3,0.31238508224487305,-0.8886451125144958,0.5612218379974365,300,0.12464254116639495,0,0
10,300,2,A,13,1,0,2.5626068115234375,1.7650586366653442,0.48698434233665466,300,0.15058767097070813,0,0
10,300,2,A,13,1,1,2.669163703918457,1.5640578269958496,0.5123937129974365,300,0.15058767097070813,0,0
10,300,2,A,13,1,2,2.670304298400879,1.572704792022705,0.5301445722579956,300,0.15058767097070813,0,0
10,300,2,A,13,1,3,2.646775960922241,1.6858686208724976,0.5515274405479431,300,0.15058767097070813,0,0
10,300,2,A,14,0,0,1.966110348701477,1.27247154712677,0.2945805788040161,300,0.1515595973469317,0,0
10,300,2,A,14,0,1,1.9601752758026123,0.6914533376693726,0.43609297275543213,300,0.1515595973469317,0,0
10,300,2,A,14,0,2,1.7663111686706543,1.25083589553833,0.24454377591609955,300,0.1515595973469317,0,0
10,300,2,A,14,0,3,1.822403073310852,1.1345245838165283,0.29810601472854614,300,0.1515595973469317,0,0
10,300,2,A,14,1,0,2.1795055866241455,1.3337651491165161,0.4782814681529999,300,0.14515195274725556,0,0
10,300,2,A,14,1,1,2.1454224586486816,1.4672985076904297,0.4276221990585327,300,0.14515195274725556,0,0
10,300,2,A,14,1,2,2.1921427249908447,1.4686808586120605,0.42767563462257385,300,0.14515195274725556,0,0
10,300,2,A,14,1,3,2.4827680587768555,1.7008774280548096,0.41663074493408203,300,0.14515195274725556,0,0
10,300,2,A,15,0,0,0.16370919346809387,-1.3247636556625366,0.6735126972198486,300,0.14187509706243873,0,0
10,300,2,A,15,0,1,0.7767410278320312,-1.3362618684768677,0.7793222069740295,300,0.14187509706243873,0,0
10,300,2,A,15,0,2,0.20063257217407227,-1.5231420993804932,0.7213471531867981,300,0.14187509706243873,0,0
10,300,2,A,15,0,3,0.37399783730506897,-1.4955589771270752,0.7483662962913513,300,0.14187509706243873,0,0
10,300,2,A,15,1,0,-0.7878379821777344,-1.6906394958496094,0.7627744078636169,300,0.1396383992396295,0,0
10,300,2,A,15,1,1,-0.5688977837562561,-1.8485851287841797,0.812730610370636,300,0.1396383992396295,0,0
10,300,2,A,15,1,2,-0.7006974816322327,-1.7868778705596924,0.794703483581543,300,0.1396383992396295,0,0
10,300,2,A,15,1,3,-1.2434916496276855,-1.9156239032745361,0.6508539915084839,300,0.1396383992396295,0,0
10,300,2,A,16,0,0,1.3741223812103271,-0.505126953125,0.7551105618476868,300,0.15907566575333476,0,0
10,300,2,A,16,0,1,1.6267203092575073,-0.7101093530654907,0.8024035096168518,300,0.15907566575333476,0,0
10,300,2,A,16,0,2,0.808657705783844,-0.47034454345703125,0.702237606048584,300,0.15907566575333476,0,0
10,300,2,A,16,0,3,1.205312728881836,-0.6785857677459717,0.7345462441444397,300,0.15907566575333476,0,0
10,300,2,A,16,1,0,-1.644722580909729,-2.742457151412964,0.7201243042945862,300,0.1574868126772344,0,0
10,300,2,A,16,1,1,-1.5522434711456299,-2.6060547828674316,0.7429178357124329,300,0.1574868126772344,0,0
10,300,2,A,16,1,2,-1.519033432006836,-2.797978401184082,0.7659664154052734,300,0.1574868126772344,0,0
10,300,2,A,16,1,3,-1.5743838548660278,-2.729785680770874,0.7282746434211731,300,0.1574868126772344,0,0
10,300,2,A,17,0,0,0.8798058032989502,-1.8262643814086914,0.6211647987365723,300,0.14229327626526356,0,0
10,300,2,A,17,0,1,0.6461324691772461,-1.7391555309295654,0.5800901055335999,300,0.14229327626526356,0,0
10,300,2,A,17,0,2,0.258064866065979,-1.6038358211517334,0.5567106604576111,300,0.14229327626526356,0,0
10,300,2,A,17,0,3,0.672527551651001,-1.655076503753662,0.5791680812835693,300,0.14229327626526356,0,0
10,300,2,A,17,1,0,1.2479865550994873,0.011606812477111816,0.7125089168548584,300,0.14393305033445358,0,0
10,300,2,A,17,1,1,1.0138627290725708,-0.06352245807647705,0.6978793144226074,300,0.14393305033445358,0,0
10,300,2,A,17,1,2,1.0734723806381226,-0.18847620487213135,0.6951680183410645,300,0.14393305033445358,0,0
10,300,2,A,17,1,3,0.9087534546852112,-0.4473280906677246,0.692438006401062,300,0.14393305033445358,0,0
10,300,2,A,18,0,0,2.0574395656585693,-0.7885677814483643,0.3451363146305084,300,0.16678534215316176,0,0
10,300,2,A,18,0,1,2.2886037826538086,-1.0079500675201416,0.412289559841156,300,0.16678534215316176,0,0
10,300,2,A,18,0,2,0.8605220317840576,-1.0162100791931152,0.3277749717235565,300,0.16678534215316176,0,0
10,300,2,A,18,0,3,1.8682355880737305,-0.6986191272735596,0.3110007345676422,300,0.16678534215316176,0,0
10,300,2,A,18,1,0,0.5973039865493774,-0.3863997459411621,0.31544506549835205,300,0.15400833589956164,0,0
10,300,2,A,18,1,1,0.8682911992073059,-0.4968472123146057,0.4071285128593445,300,0.15400833589956164,0,0
10,300,2,A,18,1,2,0.6621173024177551,-0.48874855041503906,0.3219278156757355,300,0.15400833589956164,0,0
10,300,2,A,18,1,3,0.9024512767791748,-0.4953625202178955,0.4243565797805786,300,0.15400833589956164,0,0
10,300,2,A,19,0,0,-0.7998606562614441,-3.4532673358917236,0.40398934483528137,300,0.16397124296054244,0,0
10,300,2,A,19,0,1,-0.23441147804260254,-3.339042901992798,0.45361635088920593,300,0.16397124296054244,0,0
10,300,2,A,19,0,2,-0.06803834438323975,-3.440438747406006,0.4170589745044708,300,0.16397124296054244,0,0
10,300,2,A,19,0,3,-0.33455634117126465,-3.3150486946105957,0.43919119238853455,300,0.16397124296054244,0,0
10,300,2,A,19,1,0,1.6661111116409302,0.10116064548492432,0.3429940640926361,300,0.13988457014784217,0,0
10,300,2,A,19,1,1,2.016334056854248,-0.05347609519958496,0.376524418592453,300,0.13988457014784217,0,0
10,300,2,A,19,1,2,2.0365049839019775,0.07920527458190918,0.4034399092197418,300,0.13988457014784217,0,0
10,300,2,A,19,1,3,1.9346702098846436,-0.008717656135559082,0.3222181797027588,300,0.13988457014784217,0,0
10,300,2,A,20,0,0,1.5388593673706055,0.7593948245048523,0.3007822334766388,300,0.14242618903517723,0,0
10,300,2,A,20,0,1,1.2430931329727173,0.598767101764679,0.2231460064649582,300,0.14242618903517723,0,0
10,300,2,A,20,0,2,1.1971702575683594,0.6399723291397095,0.20227177441120148,300,0.14242618903517723,0,0
10,300,2,A,20,0,3,1.2077268362045288,0.8475104570388794,0.14533548057079315,300,0.14242618903517723,0,0
10,300,2,A,20,1,0,0.8784558773040771,0.20442909002304077,0.17403972148895264,300,0.15068598790094256,0,0
10,300,2,A,20,1,1,1.2539275884628296,0.1095394492149353,0.24687044322490692,300,0.15068598790094256,0,0
10,300,2,A,20,1,2,0.9377898573875427,0.14176172018051147,0.20619545876979828,300,0.15068598790094256,0,0
10,300,2,A,20,1,3,1.259364366531372,0.16411304473876953,0.330974280834198,300,0.15068598790094256,0,0
10,300,2,A,21,0,0,-0.9545227289199829,-1.9315730333328247,0.4860583543777466,300,0.13904991326853633,0,0
10,300,2,A,21,0,1,-0.7674684524536133,-1.8280930519104004,0.4871866703033447,300,0.13904991326853633,0,0
10,300,2,A,21,0,2,-0.6687464714050293,-1.8421616554260254,0.5698291659355164,300,0.13904991326853633,0,0
10,300,2,A,21,0,3,-1.2033295631408691,-1.8892878293991089,0.4065292179584503,300,0.13904991326853633,0,0
10,300,2,A,21,1,0,2.3502233028411865,1.2958141565322876,0.49743935465812683,300,0.16172577487304807,0,0
10,300,2,A,21,1,1,2.678206443786621,1.3517897129058838,0.539064347743988,300,0.16172577487304807,0,0
10,300,2,A,21,1,2,2.6719472408294678,1.2926993370056152,0.5573415756225586,300,0.16172577487304807,0,0
10,300,2,A,21,1,3,1.9937427043914795,1.3639283180236816,0.34088680148124695,300,0.16172577487304807,0,0
10,300,2,A,22,0,0,1.084089994430542,-1.4752122163772583,0.4543286859989166,300,0.13608778407797217,0,0
10,300,2,A,22,0,1,1.470184087753296,-1.2382081747055054,0.43804389238357544,300,0.13608778407797217,0,0
10,300,2,A,22,0,2,2.1151812076568604,-1.448004126548767,0.49967721104621887,300,0.13608778407797217,0,0
10,300,2,A,22,0,3,0.8042654991149902,-1.3930164575576782,0.387750506401062,300,0.13608778407797217,0,0
10,300,2,A,22,1,0,4.224003791809082,2.009289503097534,0.5165979862213135,300,0.13706987584009767,0,0
10,300,2,A,22,1,1,3.732542037963867,2.019740104675293,0.4717107117176056,300,0.13706987584009767,0,0
10,300,2,A,22,1,2,4.045731544494629,2.038814067840576,0.5342370271682739,300,0.13706987584009767,0,0
10,300,2,A,22,1,3,3.6509201526641846,2.001823663711548,0.42610663175582886,300,0.13706987584009767,0,0
10,300,2,A,23,0,0,1.1278386116027832,-0.4944082200527191,0.33475756645202637,300,0.15221570618450642,0,0
10,300,2,A,23,0,1,1.8352231979370117,-0.5538934469223022,0.4110695719718933,300,0.15221570618450642,0,0
10,300,2,A,23,0,2,2.146632432937622,-0.23913994431495667,0.4259391725063324,300,0.15221570618450642,0,0
10,300,2,A,23,0,3,2.005988359451294,-0.370508074760437,0.41741201281547546,300,0.15221570618450642,0,0
10,300,2,A,23,1,0,3.89512300491333,1.387414813041687,0.3813835680484772,300,0.1361793247051537,0,0
10,300,2,A,23,1,1,2.9098620414733887,1.2780101299285889,0.2750217616558075,300,0.1361793247051537,0,0
10,300,2,A,23,1,2,3.5598556995391846,0.9285603761672974,0.4130936861038208,300,0.1361793247051537,0,0
10,300,2,A,23,1,3,3.027961492538452,1.312603235244751,0.29918068647384644,300,0.1361793247051537,0,0
10,300,2,A,24,0,0,1.2180602550506592,-1.1069021224975586,0.10414581000804901,300,0.1492668022401631,0,0
10,300,2,A,24,0,1,1.988248348236084,-0.7763406038284302,0.12201090157032013,300,0.1492668022401631,0,0
10,300,2,A,24,0,2,1.1994569301605225,-1.058684229850769,0.09444749355316162,300,0.1492668022401631,0,0
10,300,2,A,24,0,3,1.112743616104126,-0.8684751987457275,0.0974346399307251,300,0.1492668022401631,0,0
10,300,2,A,24,1,0,2.2016756534576416,-0.38580530881881714,0.1630101352930069,300,0.13751241890713573,0,0
10,300,2,A,24,1,1,1.6673555374145508,-0.782772421836853,0.12474558502435684,300,0.13751241890713573,0,0
10,300,2,A,24,1,2,0.889106273651123,-0.9983177185058594,0.11677311360836029,300,0.13751241890713573,0,0
10,300,2,A,24,1,3,1.5734436511993408,-0.9219974279403687,0.12148713320493698,300,0.13751241890713573,0,0
10,300,2,A,25,0,0,2.7554595470428467,-1.3427612781524658,0.1804409623146057,300,0.1563356821425259,0,0
10,300,2,A,25,0,1,2.9436023235321045,-1.3089613914489746,0.1871894747018814,300,0.1563356821425259,0,0
10,300,2,A,25,0,2,1.0462009906768799,-1.5300545692443848,0.11506250500679016,300,0.1563356821425259,0,0
10,300,2,A,25,0,3,1.6983835697174072,-0.9651392698287964,0.13018083572387695,300,0.1563356821425259,0,0
10,300,2,A,25,1,0,1.131813645362854,0.008104965090751648,0.1896163523197174,300,0.1524441190995276,0,0
10,300,2,A,25,1,1,0.645761251449585,-0.0667053759098053,0.14609231054782867,300,0.1524441190995276,0,0
10,300,2,A,25,1,2,1.5584734678268433,0.034183651208877563,0.23035037517547607,300,0.1524441190995276,0,0
10,300,2,A,25,1,3,0.7793365716934204,-0.003925949335098267,0.1391739696264267,300,0.1524441190995276,0,0
10,300,2,A,26,0,0,1.7458980083465576,-0.6527694463729858,0.10775569826364517,300,0.13525068201124668,0,0
10,300,2,A,26,0,1,3.0751731395721436,-0.34395647048950195,0.1440783590078354,300,0.13525068201124668,0,0
10,300,2,A,26,0,2,4.076772689819336,-0.18166327476501465,0.14223478734493256,300,0.13525068201124668,0,0
10,300,2,A,26,0,3,6.7130889892578125,-0.08102166652679443,0.22868452966213226,300,0.13525068201124668,0,0
10,300,2,A,26,1,0,5.27493953704834,2.6889116764068604,0.12507326900959015,300,0.16173794912174344,0,0
10,300,2,A,26,1,1,5.842391014099121,2.6766357421875,0.15361365675926208,300,0.16173794912174344,0,0
10,300,2,A,26,1,2,6.490065574645996,2.50125789642334,0.20131580531597137,300,0.16173794912174344,0,0
10,300,2,A,26,1,3,5.711503505706787,2.635240316390991,0.16274593770503998,300,0.16173794912174344,0,0
10,300,2,A,27,0,0,7.587168216705322,1.8456257581710815,0.21661268174648285,300,0.136372200679034,0,0
10,300,2,A,27,0,1,7.272269248962402,1.6345312595367432,0.20058807730674744,300,0.136372200679034,0,0
10,300,2,A,27,0,2,6.503210067749023,1.6255172491073608,0.19743460416793823,300,0.136372200679034,0,0
10,300,2,A,27,0,3,5.173687934875488,1.8926196098327637,0.13292035460472107,300,0.136372200679034,0,0
10,300,2,A,27,1,0,1.1392803192138672,-0.9777410626411438,0.08808998763561249,300,0.14327570796012878,0,0
10,300,2,A,27,1,1,1.9025976657867432,-0.9000077247619629,0.09321531653404236,300,0.14327570796012878,0,0
10,300,2,A,27,1,2,4.048653602600098,-1.1048305034637451,0.1791866272687912,300,0.14327570796012878,0,0
10,300,2,A,27,1,3,1.312709093093872,-0.6812466382980347,0.06902164220809937,300,0.14327570796012878,0,0
10,300,2,A,28,0,0,1.9580254554748535,0.22139689326286316,0.11015580594539642,300,0.14121866086497903,0,0
10,300,2,A,28,0,1,2.3522112369537354,0.16530272364616394,0.1423749178647995,300,0.14121866086497903,0,0
10,300,2,A,28,0,2,1.9371023178100586,0.17174825072288513,0.1569998562335968,300,0.14121866086497903,0,0
10,300,2,A,28,0,3,4.131128311157227,0.17367270588874817,0.2385432869195938,300,0.14121866086497903,0,0
10,300,2,A,28,1,0,6.538698196411133,1.9977353811264038,0.12357848137617111,300,0.15358150284737349,0,0
10,300,2,A,28,1,1,7.775276184082031,1.9528229236602783,0.13584747910499573,300,0.15358150284737349,0,0
10,300,2,A,28,1,2,7.937792778015137,1.877480149269104,0.14827141165733337,300,0.15358150284737349,0,0
10,300,2,A,28,1,3,8.4398775100708,2.279892921447754,0.14129456877708435,300,0.15358150284737349,0,0
10,300,2,A,29,0,0,10.487503051757812,0.07058537006378174,0.22178830206394196,300,0.14434254774823785,0,0
10,300,2,A,29,0,1,11.846153259277344,0.7563222646713257,0.19943775236606598,300,0.14434254774823785,0,0
10,300,2,A,29,0,2,13.434906959533691,0.9582548141479492,0.211781308054924,300,0.14434254774823785,0,0
10,300,2,A,29,0,3,9.178278923034668,0.5360003709793091,0.1711907684803009,300,0.14434254774823785,0,0
10,300,2,A,29,1,0,16.84819221496582,3.6351265907287598,0.1496937870979309,300,0.16606662701815367,0,0
10,300,2,A,29,1,1,25.036561965942383,4.493072509765625,0.23187150061130524,300,0.16606662701815367,0,0
10,300,2,A,29,1,2,10.943923950195312,3.1535494327545166,0.12230493128299713,300,0.16606662701815367,0,0
10,300,2,A,29,1,3,13.07924747467041,3.093961715698242,0.12267418950796127,300,0.16606662701815367,0,0
10,300,2,A,30,0,0,1.150890588760376,-0.24143539369106293,0.125670924782753,300,0.14182445220649242,0,0
10,300,2,A,30,0,1,1.174349308013916,-0.5718904733657837,0.15815293788909912,300,0.14182445220649242,0,0
10,300,2,A,30,0,2,1.5830059051513672,-0.4601094722747803,0.20549701154232025,300,0.14182445220649242,0,0
10,300,2,A,30,0,3,1.6219593286514282,-0.3878667950630188,0.16598984599113464,300,0.14182445220649242,0,0
10,300,2,A,30,1,0,1.4697495698928833,0.07453064620494843,0.1756843626499176,300,0.16045785788446665,0,0
10,300,2,A,30,1,1,3.1597254276275635,0.06830868124961853,0.29707813262939453,300,0.16045785788446665,0,0
10,300,2,A,30,1,2,1.2628861665725708,-0.0531390905380249,0.1874704658985138,300,0.16045785788446665,0,0
10,300,2,A,30,1,3,1.486115574836731,-0.04899129271507263,0.15192416310310364,300,0.16045785788446665,0,0
10,300,2,A,31,0,0,5.127323627471924,0.1668616533279419,0.11757083237171173,300,0.15910441614687443,0,0
10,300,2,A,31,0,1,10.879652976989746,-0.2748434543609619,0.2881675958633423,300,0.15910441614687443,0,0
10,300,2,A,31,0,2,7.691391468048096,0.24521005153656006,0.15380337834358215,300,0.15910441614687443,0,0
10,300,2,A,31,0,3,8.042566299438477,0.14678800106048584,0.15467211604118347,300,0.15910441614687443,0,0
10,300,2,A,31,1,0,1.9473530054092407,1.005180835723877,0.23898006975650787,300,0.13786802580580115,0,0
10,300,2,A,31,1,1,1.941079020500183,0.9651942849159241,0.23617520928382874,300,0.13786802580580115,0,0
10,300,2,A,31,1,2,2.2850093841552734,0.9982581734657288,0.2047184556722641,300,0.13786802580580115,0,0
10,300,2,A,31,1,3,2.4144582748413086,0.8723515272140503,0.3481157720088959,300,0.13786802580580115,0,0
10,300,2,A,32,0,0,0.7867201566696167,-0.412434846162796,0.20791210234165192,300,0.1489215511828661,0,0
10,300,2,A,32,0,1,0.9264378547668457,-0.4022083282470703,0.2617875337600708,300,0.1489215511828661,0,0
10,300,2,A,32,0,2,0.34475409984588623,-0.4691762328147888,0.1766839474439621,300,0.1489215511828661,0,0
10,300,2,A,32,0,3,0.4049075245857239,-0.36985713243484497,0.14867594838142395,300,0.1489215511828661,0,0
10,300,2,A,32,1,0,6.655295372009277,1.5023324489593506,0.311075359582901,300,0.15073135402053595,0,0
10,300,2,A,32,1,1,4.891436576843262,1.272787094116211,0.2634696662425995,300,0.15073135402053595,0,0
10,300,2,A,32,1,2,5.0110673904418945,1.425675392150879,0.2403169423341751,300,0.15073135402053595,0,0
10,300,2,A,32,1,3,4.86944580078125,1.6082862615585327,0.23736721277236938,300,0.15073135402053595,0,0
10,300,2,A,33,0,0,15.372878074645996,1.8704609870910645,0.2213110476732254,300,0.14464037213474512,0,0
10,300,2,A,33,0,1,5.1495561599731445,1.6462732553482056,0.07870332151651382,300,0.14464037213474512,0,0
10,300,2,A,33,0,2,7.830560684204102,1.2214486598968506,0.13027432560920715,300,0.14464037213474512,0,0
10,300,2,A,33,0,3,6.775330543518066,2.1243677139282227,0.11420673131942749,300,0.14464037213474512,0,0
10,300,2,A,33,1,0,2.465264320373535,-1.7572364807128906,0.2486552745103836,300,0.14255190314725041,0,0
10,300,2,A,33,1,1,2.334282398223877,-1.6295700073242188,0.22585226595401764,300,0.14255190314725041,0,0
10,300,2,A,33,1,2,1.0363285541534424,-1.6449999809265137,0.15874086320400238,300,0.14255190314725041,0,0
10,300,2,A,33,1,3,1.1109821796417236,-1.6069060564041138,0.1722596436738968,300,0.14255190314725041,0,0
10,300,2,A,34,0,0,4.233306884765625,-0.9131919741630554,0.2657884955406189,300,0.13392142625525594,0,0
10,300,2,A,34,0,1,2.38185453414917,-0.5936782956123352,0.2036784291267395,300,0.13392142625525594,0,0
10,300,2,A,34,0,2,2.42242431640625,-0.7151686549186707,0.16502022743225098,300,0.13392142625525594,0,0
10,300,2,A,34,0,3,2.2497718334198,-0.7632597088813782,0.1566699594259262,300,0.13392142625525594,0,0
10,300,2,A,34,1,0,4.268415451049805,-0.6524742841720581,0.1599980890750885,300,0.14785112906247377,0,0
10,300,2,A,34,1,1,4.905839920043945,-0.6135493516921997,0.1790650486946106,300,0.14785112906247377,0,0
10,300,2,A,34,1,2,5.435975074768066,-0.6845970153808594,0.20888946950435638,300,0.14785112906247377,0,0
10,300,2,A,34,1,3,6.690471649169922,-0.784845232963562,0.19444136321544647,300,0.14785112906247377,0,0
10,300,2,A,35,0,0,5.209332466125488,0.07725363969802856,0.24422459304332733,300,0.1554455179721117,0,0
10,300,2,A,35,0,1,6.200300216674805,-0.03331688791513443,0.27281561493873596,300,0.1554455179721117,0,0
10,300,2,A,35,0,2,3.185370922088623,0.003504447638988495,0.13838662207126617,300,0.1554455179721117,0,0
10,300,2,A,35,0,3,2.423672676086426,0.03736284747719765,0.12255097180604935,300,0.1554455179721117,0,0
10,300,2,A,35,1,0,4.51176118850708,-1.8215603828430176,0.16974622011184692,300,0.14946992276236415,0,0
10,300,2,A,35,1,1,7.8090081214904785,-2.0460267066955566,0.2113349437713623,300,0.14946992276236415,0,0
10,300,2,A,35,1,2,1.3419907093048096,-1.9741356372833252,0.0958663821220398,300,0.14946992276236415,0,0
10,300,2,A,35,1,3,3.1452488899230957,-2.145286798477173,0.16135182976722717,300,0.14946992276236415,0,0
10,300,-1,O,0,0,0,2.2679688930511475,-1.163169264793396,0.22495019435882568,300,0.7930123116821051,0,0
10,300,-1,O,0,0,1,5.034171104431152,-1.3226238489151,0.29981958866119385,300,0.7930123116821051,0,0
10,300,-1,O,0,0,2,3.8116581439971924,-1.2907503843307495,0.27157852053642273,300,0.7930123116821051,0,0
10,300,-1,O,0,0,3,7.163430213928223,-1.3145763874053955,0.4217207133769989,300,0.7930123116821051,0,0
10,300,-1,O,0,1,0,3.93599009513855,0.2260202169418335,0.20867538452148438,300,0.6348722977563739,0,0
10,300,-1,O,0,1,1,6.069940567016602,0.263052374124527,0.2839590609073639,300,0.6348722977563739,0,0
10,300,-1,O,0,1,2,6.943790912628174,0.3146308362483978,0.3429296910762787,300,0.6348722977563739,0,0
10,300,-1,O,0,1,3,9.548397064208984,0.29253852367401123,0.43673190474510193,300,0.6348722977563739,0,0
10,300,-1,O,1,0,0,7.635520935058594,0.10984146595001221,0.2836386561393738,300,0.7057209359481931,0,0
10,300,-1,O,1,0,1,6.1766204833984375,-0.1270981878042221,0.25481751561164856,300,0.7057209359481931,0,0
10,300,-1,O,1,0,2,5.763267517089844,-0.19121907651424408,0.21517695486545563,300,0.7057209359481931,0,0
10,300,-1,O,1,0,3,6.456876754760742,0.15068408846855164,0.28028520941734314,300,0.7057209359481931,0,0
10,300,-1,O,1,1,0,2.335392713546753,-1.02065908908844,0.24111522734165192,300,0.7354249018244445,0,0
10,300,-1,O,1,1,1,1.5264136791229248,-0.998944878578186,0.1719466596841812,300,0.7354249018244445,0,0
10,300,-1,O,1,1,2,4.612424373626709,-1.0151619911193848,0.3687029182910919,300,0.7354249018244445,0,0
10,300,-1,O,1,1,3,1.8842339515686035,-1.0154467821121216,0.1859143078327179,300,0.7354249018244445,0,0
10,300,-1,O,2,0,0,4.034210681915283,0.4627588391304016,0.28257814049720764,300,0.7550865672528744,0,0
10,300,-1,O,2,0,1,3.544769525527954,0.5625063180923462,0.24720264971256256,300,0.7550865672528744,0,0
10,300,-1,O,2,0,2,3.10897159576416,0.4843006730079651,0.28055086731910706,300,0.7550865672528744,0,0
10,300,-1,O,2,0,3,3.8043501377105713,0.4871695041656494,0.30325376987457275,300,0.7550865672528744,0,0
10,300,-1,O,2,1,0,-0.6089819669723511,-1.589123010635376,0.22950226068496704,300,0.7384733692742884,0,0
10,300,-1,O,2,1,1,-0.3818037509918213,-1.6017547845840454,0.25756511092185974,300,0.7384733692742884,0,0
10,300,-1,O,2,1,2,-0.8507099151611328,-1.586140751838684,0.17389900982379913,300,0.7384733692742884,0,0
10,300,-1,O,2,1,3,-0.35127031803131104,-1.5966978073120117,0.26851245760917664,300,0.7384733692742884,0,0
10,300,-1,O,3,0,0,8.747306823730469,-0.9640034437179565,0.14547355473041534,300,0.8705296302214265,0,0
10,300,-1,O,3,0,1,10.961677551269531,-0.9730398654937744,0.18034353852272034,300,0.8705296302214265,0,0
10,300,-1,O,3,0,2,5.622751235961914,-0.8550326228141785,0.0931352823972702,300,0.8705296302214265,0,0
10,300,-1,O,3,0,3,3.7419629096984863,-0.6748207807540894,0.06339568644762039,300,0.8705296302214265,0,0
10,300,-1,O,3,1,0,3.6537399291992188,-0.836963951587677,0.10375606268644333,300,0.8430070979520679,0,0
10,300,-1,O,3,1,1,6.251707077026367,-0.6835023164749146,0.14463520050048828,300,0.8430070979520679,0,0
10,300,-1,O,3,1,2,6.298340320587158,-0.4407855272293091,0.13235050439834595,300,0.8430070979520679,0,0
10,300,-1,O,3,1,3,7.783202648162842,-0.6538368463516235,0.17629201710224152,300,0.8430070979520679,0,0
10,300,-1,O,4,0,0,13.95925521850586,-0.5043959617614746,0.1807137280702591,300,0.7986313453875482,0,0
10,300,-1,O,4,0,1,13.610875129699707,-0.635265052318573,0.17161382734775543,300,0.7986313453875482,0,0
10,300,-1,O,4,0,2,3.9369471073150635,-0.6824585795402527,0.07163060456514359,300,0.7986313453875482,0,0
10,300,-1,O,4,0,3,9.09109115600586,-0.49029091000556946,0.12953846156597137,300,0.7986313453875482,0,0
10,300,-1,O,4,1,0,20.808820724487305,2.084460973739624,0.20183248817920685,300,0.89709845604375,0,0
10,300,-1,O,4,1,1,22.008285522460938,2.0075623989105225,0.18617872893810272,300,0.89709845604375,0,0
10,300,-1,O,4,1,2,14.116765975952148,1.7878309488296509,0.13161034882068634,300,0.89709845604375,0,0
10,300,-1,O,4,1,3,22.09471893310547,2.3747801780700684,0.18738827109336853,300,0.89709845604375,0,0
10,300,-1,O,5,0,0,8.508004188537598,1.113350510597229,0.2725664973258972,300,0.7980672521516681,0,0
10,300,-1,O,5,0,1,2.9503579139709473,1.107358694076538,0.07978586107492447,300,0.7980672521516681,0,0
10,300,-1,O,5,0,2,3.5759880542755127,1.0234379768371582,0.09929800033569336,300,0.7980672521516681,0,0
10,300,-1,O,5,0,3,7.369424819946289,1.0549226999282837,0.2314719408750534,300,0.7980672521516681,0,0
10,300,-1,O,5,1,0,10.367414474487305,1.2181423902511597,0.25344032049179077,300,0.8008856922388077,0,0
10,300,-1,O,5,1,1,7.098459720611572,1.1731715202331543,0.1668909192085266,300,0.8008856922388077,0,0
10,300,-1,O,5,1,2,11.009040832519531,1.1297619342803955,0.22502143681049347,300,0.8008856922388077,0,0
10,300,-1,O,5,1,3,7.985172271728516,1.186259150505066,0.1427399218082428,300,0.8008856922388077,0,0
10,300,-1,O,6,0,0,5.728719711303711,1.9044551849365234,0.08076277375221252,300,0.8896719249896705,0,0
10,300,-1,O,6,0,1,12.327788352966309,2.089834451675415,0.21300284564495087,300,0.8896719249896705,0,0
10,300,-1,O,6,0,2,7.614391326904297,1.9109151363372803,0.10204014182090759,300,0.8896719249896705,0,0
10,300,-1,O,6,0,3,10.803177833557129,2.151942729949951,0.14421533048152924,300,0.8896719249896705,0,0
10,300,-1,O,6,1,0,7.399230003356934,1.9432594776153564,0.16723327338695526,300,0.7339756349101663,0,0
10,300,-1,O,6,1,1,5.511938095092773,1.970401406288147,0.14020724594593048,300,0.7339756349101663,0,0
10,300,-1,O,6,1,2,8.344766616821289,2.0154318809509277,0.19569261372089386,300,0.7339756349101663,0,0
10,300,-1,O,6,1,3,7.0901031494140625,2.0449459552764893,0.1628260612487793,300,0.7339756349101663,0,0
10,300,-1,O,7,0,0,15.840670585632324,0.3310518264770508,0.14503204822540283,300,0.7318586711771786,0,0
10,300,-1,O,7,0,1,9.295223236083984,1.236612319946289,0.05597613751888275,300,0.7318586711771786,0,0
10,300,-1,O,7,0,2,16.280364990234375,0.7110695838928223,0.10509701073169708,300,0.7318586711771786,0,0
10,300,-1,O,7,0,3,13.14706802368164,0.8149293661117554,0.08512574434280396,300,0.7318586711771786,0,0
10,300,-1,O,7,1,0,12.34350872039795,0.7629697918891907,0.11703794449567795,300,0.7364274798892438,0,0
10,300,-1,O,7,1,1,8.047371864318848,0.5691690444946289,0.07812727987766266,300,0.7364274798892438,0,0
10,300,-1,O,7,1,2,9.658843040466309,0.46036261320114136,0.11389847099781036,300,0.7364274798892438,0,0
10,300,-1,O,7,1,3,4.453040599822998,0.7423713803291321,0.04028875753283501,300,0.7364274798892438,0,0
10,300,-1,O,8,0,0,14.436029434204102,1.0442595481872559,0.15293815732002258,300,0.8698869552463293,0,0
10,300,-1,O,8,0,1,9.519998550415039,1.086172342300415,0.11619779467582703,300,0.8698869552463293,0,0
10,300,-1,O,8,0,2,10.38569450378418,1.037791132926941,0.11844360828399658,300,0.8698869552463293,0,0
10,300,-1,O,8,0,3,12.538433074951172,1.2307149171829224,0.1276022344827652,300,0.8698869552463293,0,0
10,300,-1,O,8,1,0,5.076621055603027,2.1424038410186768,0.05191091075539589,300,0.7234203862026334,0,0
10,300,-1,O,8,1,1,13.001628875732422,2.1554057598114014,0.15858294069766998,300,0.7234203862026334,0,0
10,300,-1,O,8,1,2,5.462606430053711,2.0493650436401367,0.05542205646634102,300,0.7234203862026334,0,0
10,300,-1,O,8,1,3,8.56061840057373,2.197755813598633,0.11779914051294327,300,0.7234203862026334,0,0
10,300,-1,O,9,0,0,6.361025810241699,2.034663677215576,0.10301268100738525,300,0.8088114322163165,0,0
10,300,-1,O,9,0,1,5.245368957519531,2.1769537925720215,0.0967673659324646,300,0.8088114322163165,0,0
10,300,-1,O,9,0,2,8.205345153808594,2.5523488521575928,0.17564880847930908,300,0.8088114322163165,0,0
10,300,-1,O,9,0,3,7.341561317443848,1.814170479774475,0.1477511078119278,300,0.8088114322163165,0,0
10,300,-1,O,9,1,0,1.6910037994384766,-0.17450767755508423,0.08975916355848312,300,0.8185827531851828,0,0
10,300,-1,O,9,1,1,2.5803661346435547,-0.333056777715683,0.1278047114610672,300,0.8185827531851828,0,0
10,300,-1,O,9,1,2,1.8790462017059326,-0.23058101534843445,0.12371446937322617,300,0.8185827531851828,0,0
10,300,-1,O,9,1,3,2.0222349166870117,-0.2647915780544281,0.11941146850585938,300,0.8185827531851828,0,0
10,300,-1,O,10,0,0,4.635131359100342,1.0100055932998657,0.09612185508012772,300,0.7447939896956086,0,0
10,300,-1,O,10,0,1,5.566490650177002,1.4138195514678955,0.10624422878026962,300,0.7447939896956086,0,0
10,300,-1,O,10,0,2,6.719289302825928,0.7066478729248047,0.1849374622106552,300,0.7447939896956086,0,0
10,300,-1,O,10,0,3,5.558331489562988,0.8836320638656616,0.13629265129566193,300,0.7447939896956086,0,0
10,300,-1,O,10,1,0,2.7333998680114746,1.3854563236236572,0.14827480912208557,300,0.8090907437726855,0,0
10,300,-1,O,10,1,1,2.403266191482544,1.4896507263183594,0.09790211170911789,300,0.8090907437726855,0,0
10,300,-1,O,10,1,2,3.131481885910034,1.4473600387573242,0.15910333395004272,300,0.8090907437726855,0,0
10,300,-1,O,10,1,3,2.661114454269409,1.4367060661315918,0.1440613716840744,300,0.8090907437726855,0,0
10,300,-1,O,11,0,0,4.306395053863525,1.5186583995819092,0.24323232471942902,300,0.7470522066578269,0,0
10,300,-1,O,11,0,1,2.9742050170898438,1.5650856494903564,0.13190802931785583,300,0.7470522066578269,0,0
10,300,-1,O,11,0,2,2.991093635559082,1.536940574645996,0.16124893724918365,300,0.7470522066578269,0,0
10,300,-1,O,11,0,3,3.312641143798828,1.5373860597610474,0.1730484813451767,300,0.7470522066578269,0,0
10,300,-1,O,11,1,0,9.693161010742188,3.5579047203063965,0.08475589752197266,300,0.754206458106637,0,0
10,300,-1,O,11,1,1,10.573522567749023,1.929395318031311,0.1331978142261505,300,0.754206458106637,0,0
10,300,-1,O,11,1,2,9.13522720336914,2.9615867137908936,0.08979977667331696,300,0.754206458106637,0,0
10,300,-1,O,11,1,3,12.479467391967773,3.0391368865966797,0.14771665632724762,300,0.754206458106637,0,0
10,300,-1,O,12,0,0,-0.8903303146362305,-1.1197247505187988,0.44351762533187866,300,0.6993238888680935,0,0
10,300,-1,O,12,0,1,-0.6017447710037231,-0.9911385774612427,0.5805494785308838,300,0.6993238888680935,0,0
10,300,-1,O,12,0,2,-0.6532570123672485,-1.1403040885925293,0.6433772444725037,300,0.6993238888680935,0,0
10,300,-1,O,12,0,3,-0.7881351113319397,-1.119826078414917,0.5561527609825134,300,0.6993238888680935,0,0
10,300,-1,O,12,1,0,1.0020089149475098,0.13564178347587585,0.5308645367622375,300,0.742938085924834,0,0
10,300,-1,O,12,1,1,1.0417331457138062,0.3285195231437683,0.4909847676753998,300,0.742938085924834,0,0
10,300,-1,O,12,1,2,1.0915268659591675,0.31059980392456055,0.514388382434845,300,0.742938085924834,0,0
10,300,-1,O,12,1,3,0.9171763062477112,0.19988565146923065,0.4921795427799225,300,0.742938085924834,0,0
10,300,-1,O,13,0,0,-0.1749534010887146,-1.0006603002548218,0.4797636866569519,300,0.6880453918129206,0,0
10,300,-1,O,13,0,1,-0.049948811531066895,-0.9429427981376648,0.47958436608314514,300,0.6880453918129206,0,0
10,300,-1,O,13,0,2,-0.12355327606201172,-0.5028547048568726,0.32671788334846497,300,0.6880453918129206,0,0
10,300,-1,O,13,0,3,0.31238508224487305,-0.9400145411491394,0.571507453918457,300,0.6880453918129206,0,0
10,300,-1,O,13,1,0,2.5626068115234375,1.1414387226104736,0.6284604072570801,300,0.7681355508975685,0,0
10,300,-1,O,13,1,1,2.669163703918457,1.300872564315796,0.5654243230819702,300,0.7681355508975685,0,0
10,300,-1,O,13,1,2,2.670304298400879,1.3420605659484863,0.5772408246994019,300,0.7681355508975685,0,0
10,300,-1,O,13,1,3,2.646775960922241,1.7765414714813232,0.5269061326980591,300,0.7681355508975685,0,0
10,300,-1,O,14,0,0,1.966110348701477,0.7095053791999817,0.43069344758987427,300,0.7242828258313239,0,0
10,300,-1,O,14,0,1,1.9601752758026123,0.7900758385658264,0.4163062870502472,300,0.7242828258313239,0,0
10,300,-1,O,14,0,2,1.7663111686706543,0.5600039958953857,0.43101829290390015,300,0.7242828258313239,0,0
10,300,-1,O,14,0,3,1.822403073310852,0.9228214621543884,0.3570902943611145,300,0.7242828258313239,0,0
10,300,-1,O,14,1,0,2.1795055866241455,1.0774283409118652,0.5443359613418579,300,0.6989223812706769,0,0
10,300,-1,O,14,1,1,2.1454224586486816,1.0953912734985352,0.5363572239875793,300,0.6989223812706769,0,0
10,300,-1,O,14,1,2,2.1921427249908447,1.264924168586731,0.4892018437385559,300,0.6989223812706769,0,0
10,300,-1,O,14,1,3,2.4827680587768555,1.2108638286590576,0.5374138355255127,300,0.6989223812706769,0,0
10,300,-1,O,15,0,0,0.16370919346809387,-1.54746675491333,0.7034009695053101,300,0.6567152799107134,0,0
10,300,-1,O,15,0,1,0.7767410278320312,-1.6014957427978516,0.7989861965179443,300,0.6567152799107134,0,0
10,300,-1,O,15,0,2,0.20063257217407227,-1.4023884534835815,0.7065169215202332,300,0.6567152799107134,0,0
10,300,-1,O,15,0,3,0.37399783730506897,-1.4640834331512451,0.745155394077301,300,0.6567152799107134,0,0
10,300,-1,O,15,1,0,-0.7878379821777344,-1.6719169616699219,0.7589614987373352,300,0.7579857730306685,0,0
10,300,-1,O,15,1,1,-0.5688977837562561,-1.7747220993041992,0.8035133481025696,300,0.7579857730306685,0,0
10,300,-1,O,15,1,2,-0.7006974816322327,-1.8745248317718506,0.8070751428604126,300,0.7579857730306685,0,0
10,300,-1,O,15,1,3,-1.2434916496276855,-1.951359510421753,0.6625317931175232,300,0.7579857730306685,0,0
10,300,-1,O,16,0,0,1.3741223812103271,-0.6117366552352905,0.7651700377464294,300,0.7038992680609226,0,0
10,300,-1,O,16,0,1,1.6267203092575073,-0.4645043611526489,0.7842046618461609,300,0.7038992680609226,0,0
10,300,-1,O,16,0,2,0.808657705783844,-0.1663503646850586,0.6425814628601074,300,0.7038992680609226,0,0
10,300,-1,O,16,0,3,1.205312728881836,-0.6185983419418335,0.728188693523407,300,0.7038992680609226,0,0
10,300,-1,O,16,1,0,-1.644722580909729,-2.758729934692383,0.7230804562568665,300,0.7748176879249513,0,0
10,300,-1,O,16,1,1,-1.5522434711456299,-2.6605329513549805,0.7524262070655823,300,0.7748176879249513,0,0
10,300,-1,O,16,1,2,-1.519033432006836,-2.7840662002563477,0.7640000581741333,300,0.7748176879249513,0,0
10,300,-1,O,16,1,3,-1.5743838548660278,-2.774517774581909,0.735725998878479,300,0.7748176879249513,0,0
10,300,-1,O,17,0,0,0.8798058032989502,-1.3694896697998047,0.5767911672592163,300,0.6941140699200332,0,0
10,300,-1,O,17,0,1,0.6461324691772461,-1.7756478786468506,0.5837839245796204,300,0.6941140699200332,0,0
10,300,-1,O,17,0,2,0.258064866065979,-1.4746568202972412,0.5389008522033691,300,0.6941140699200332,0,0
10,300,-1,O,17,0,3,0.672527551651001,-1.5610671043395996,0.5690882802009583,300,0.6941140699200332,0,0
10,300,-1,O,17,1,0,1.2479865550994873,-0.1881728172302246,0.7421905994415283,300,0.7059583482332528,0,0
10,300,-1,O,17,1,1,1.0138627290725708,-0.20848536491394043,0.7238132953643799,300,0.7059583482332528,0,0
10,300,-1,O,17,1,2,1.0734723806381226,-0.2089099884033203,0.6985611319541931,300,0.7059583482332528,0,0
10,300,-1,O,17,1,3,0.9087534546852112,-0.20324695110321045,0.6486483812332153,300,0.7059583482332528,0,0
10,300,-1,O,18,0,0,2.0574395656585693,-0.8358874320983887,0.3488727807998657,300,0.6760720820166171,0,0
10,300,-1,O,18,0,1,2.2886037826538086,-0.9432220458984375,0.407492995262146,300,0.6760720820166171,0,0
10,300,-1,O,18,0,2,0.8605220317840576,-1.169950246810913,0.3453528881072998,300,0.6760720820166171,0,0
10,300,-1,O,18,0,3,1.8682355880737305,-1.1350376605987549,0.34560301899909973,300,0.6760720820166171,0,0
10,300,-1,O,18,1,0,0.5973039865493774,-0.3269076347351074,0.3021315634250641,300,0.7335345740430057,0,0
10,300,-1,O,18,1,1,0.8682911992073059,-0.5030698180198669,0.40822669863700867,300,0.7335345740430057,0,0
10,300,-1,O,18,1,2,0.6621173024177551,-0.5202410221099854,0.32784897089004517,300,0.7335345740430057,0,0
10,300,-1,O,18,1,3,0.9024512767791748,-0.4608359932899475,0.418258935213089,300,0.7335345740430057,0,0
10,300,-1,O,19,0,0,-0.7998606562614441,-3.5727572441101074,0.4146386384963989,300,0.6615122123621404,0,0
10,300,-1,O,19,0,1,-0.23441147804260254,-3.4333443641662598,0.46104228496551514,300,0.6615122123621404,0,0
10,300,-1,O,19,0,2,-0.06803834438323975,-3.470568895339966,0.4192230701446533,300,0.6615122123621404,0,0
10,300,-1,O,19,0,3,-0.33455634117126465,-3.525550127029419,0.45606327056884766,300,0.6615122123621404,0,0
10,300,-1,O,19,1,0,1.6661111116409302,-0.15480482578277588,0.3778945505619049,300,0.6561528369784355,0,0
10,300,-1,O,19,1,1,2.016334056854248,0.23795711994171143,0.34162014722824097,300,0.6561528369784355,0,0
10,300,-1,O,19,1,2,2.0365049839019775,-0.10418415069580078,0.4251686930656433,300,0.6561528369784355,0,0
10,300,-1,O,19,1,3,1.9346702098846436,-0.07660233974456787,0.32976195216178894,300,0.6561528369784355,0,0
10,300,-1,O,20,0,0,1.5388593673706055,0.5338176488876343,0.35677284002304077,300,0.6613096259534359,0,0
10,300,-1,O,20,0,1,1.2430931329727173,0.7166758179664612,0.19007286429405212,300,0.6613096259534359,0,0
10,300,-1,O,20,0,2,1.1971702575683594,0.5900503396987915,0.21647126972675323,300,0.6613096259534359,0,0
10,300,-1,O,20,0,3,1.2077268362045288,0.6317354440689087,0.21378211677074432,300,0.6613096259534359,0,0
10,300,-1,O,20,1,0,0.8784558773040771,0.15963327884674072,0.18348409235477448,300,0.6973560079932213,0,0
10,300,-1,O,20,1,1,1.2539275884628296,0.051229894161224365,0.25622615218162537,300,0.6973560079932213,0,0
10,300,-1,O,20,1,2,0.9377898573875427,0.08784502744674683,0.21712908148765564,300,0.6973560079932213,0,0
10,300,-1,O,20,1,3,1.259364366531372,0.07065141201019287,0.3493506908416748,300,0.6973560079932213,0,0
10,300,-1,O,21,0,0,-0.9545227289199829,-1.9084224700927734,0.48007041215896606,300,0.6842226372100413,0,0
10,300,-1,O,21,0,1,-0.7674684524536133,-1.9478702545166016,0.5139294862747192,300,0.6842226372100413,0,0
10,300,-1,O,21,0,2,-0.6687464714050293,-1.8721942901611328,0.5760126709938049,300,0.6842226372100413,0,0
10,300,-1,O,21,0,3,-1.2033295631408691,-1.9498536586761475,0.42709311842918396,300,0.6842226372100413,0,0
10,300,-1,O,21,1,0,2.3502233028411865,1.3869246244430542,0.47486746311187744,300,0.7258154726587236,0,0
10,300,-1,O,21,1,1,2.678206443786621,1.3424957990646362,0.5407988429069519,300,0.7258154726587236,0,0
10,300,-1,O,21,1,2,2.6719472408294678,1.2674765586853027,0.5618077516555786,300,0.7258154726587236,0,0
10,300,-1,O,21,1,3,1.9937427043914795,1.2549773454666138,0.3775900900363922,300,0.7258154726587236,0,0
10,300,-1,O,22,0,0,1.084089994430542,-1.046172022819519,0.40934211015701294,300,0.6966301389038563,0,0
10,300,-1,O,22,0,1,1.470184087753296,-1.656008243560791,0.47361353039741516,300,0.6966301389038563,0,0
10,300,-1,O,22,0,2,2.1151812076568604,-1.3998888731002808,0.49627840518951416,300,0.6966301389038563,0,0
10,300,-1,O,22,0,3,0.8042654991149902,-1.3589059114456177,0.38404276967048645,300,0.6966301389038563,0,0
10,300,-1,O,22,1,0,4.224003791809082,1.8702926635742188,0.5317786335945129,300,0.6795840570703149,0,0
10,300,-1,O,22,1,1,3.732542037963867,1.863957166671753,0.4934435486793518,300,0.6795840570703149,0,0
10,300,-1,O,22,1,2,4.045731544494629,2.3178045749664307,0.49687135219573975,300,0.6795840570703149,0,0
10,300,-1,O,22,1,3,3.6509201526641846,1.9428627490997314,0.43471860885620117,300,0.6795840570703149,0,0
10,300,-1,O,23,0,0,1.1278386116027832,-0.8353472948074341,0.3784838318824768,300,0.7346538538113236,0,0
10,300,-1,O,23,0,1,1.8352231979370117,-0.7414594888687134,0.429481565952301,300,0.7346538538113236,0,0
10,300,-1,O,23,0,2,2.146632432937622,-0.46812114119529724,0.44848546385765076,300,0.7346538538113236,0,0
10,300,-1,O,23,0,3,2.005988359451294,-0.7849199771881104,0.45694029331207275,300,0.7346538538113236,0,0
10,300,-1,O,23,1,0,3.89512300491333,1.1717674732208252,0.4010278582572937,300,0.7229508217424154,0,0
10,300,-1,O,23,1,1,2.9098620414733887,0.873769998550415,0.32126283645629883,300,0.7229508217424154,0,0
10,300,-1,O,23,1,2,3.5598556995391846,0.9604282379150391,0.41014260053634644,300,0.7229508217424154,0,0
10,300,-1,O,23,1,3,3.027961492538452,0.9594178199768066,0.33984625339508057,300,0.7229508217424154,0,0
10,300,-1,O,24,0,0,1.2180602550506592,-0.99945467710495,0.09981315582990646,300,0.6739131649956107,0,0
10,300,-1,O,24,0,1,1.988248348236084,-1.0252352952957153,0.13155046105384827,300,0.6739131649956107,0,0
10,300,-1,O,24,0,2,1.1994569301605225,-1.0919275283813477,0.09570484608411789,300,0.6739131649956107,0,0
10,300,-1,O,24,0,3,1.112743616104126,-1.0504915714263916,0.10544218868017197,300,0.6739131649956107,0,0
10,300,-1,O,24,1,0,2.2016756534576416,-0.7359429597854614,0.18107442557811737,300,0.720691004768014,0,0
10,300,-1,O,24,1,1,1.6673555374145508,-0.8853696584701538,0.12929382920265198,300,0.720691004768014,0,0
10,300,-1,O,24,1,2,0.889106273651123,-1.0125329494476318,0.11754920333623886,300,0.720691004768014,0,0
10,300,-1,O,24,1,3,1.5734436511993408,-0.8848525285720825,0.11989562213420868,300,0.720691004768014,0,0
10,300,-1,O,25,0,0,2.7554595470428467,-1.4123948812484741,0.18294596672058105,300,0.6137101808562875,0,0
10,300,-1,O,25,0,1,2.9436023235321045,-1.3104689121246338,0.18724341690540314,300,0.6137101808562875,0,0
10,300,-1,O,25,0,2,1.0462009906768799,-1.4343702793121338,0.11126448214054108,300,0.6137101808562875,0,0
10,300,-1,O,25,0,3,1.6983835697174072,-1.420233964920044,0.1491072177886963,300,0.6137101808562875,0,0
10,300,-1,O,25,1,0,1.131813645362854,-0.07596670091152191,0.20095194876194,300,0.7092347661964595,0,0
10,300,-1,O,25,1,1,0.645761251449585,0.07013103365898132,0.12144127488136292,300,0.7092347661964595,0,0
10,300,-1,O,25,1,2,1.5584734678268433,-0.057195767760276794,0.24083390831947327,300,0.7092347661964595,0,0
10,300,-1,O,25,1,3,0.7793365716934204,-0.07248608767986298,0.1495344340801239,300,0.7092347661964595,0,0
10,300,-1,O,26,0,0,1.7458980083465576,-0.5372134447097778,0.1030997782945633,300,0.6270850533619523,0,0
10,300,-1,O,26,0,1,3.0751731395721436,-0.6330159306526184,0.15437857806682587,300,0.6270850533619523,0,0
10,300,-1,O,26,0,2,4.076772689819336,-0.47829949855804443,0.1506500244140625,300,0.6270850533619523,0,0
10,300,-1,O,26,0,3,6.7130889892578125,-0.3759857416152954,0.2362670749425888,300,0.6270850533619523,0,0
10,300,-1,O,26,1,0,5.27493953704834,2.4987339973449707,0.1330474615097046,300,0.6950876070186496,0,0
10,300,-1,O,26,1,1,5.842391014099121,2.501413345336914,0.16074931621551514,300,0.6950876070186496,0,0
10,300,-1,O,26,1,2,6.490065574645996,2.5269436836242676,0.2002790868282318,300,0.6950876070186496,0,0
10,300,-1,O,26,1,3,5.711503505706787,2.470698118209839,0.16997124254703522,300,0.6950876070186496,0,0
10,300,-1,O,27,0,0,7.587168216705322,1.6628468036651611,0.22197774052619934,300,0.7109610456973314,0,0
10,300,-1,O,27,0,1,7.272269248962402,1.6192153692245483,0.20102347433567047,300,0.7109610456973314,0,0
10,300,-1,O,27,0,2,6.503210067749023,1.5611552000045776,0.19952000677585602,300,0.7109610456973314,0,0
10,300,-1,O,27,0,3,5.173687934875488,1.7426373958587646,0.13815690577030182,300,0.7109610456973314,0,0
10,300,-1,O,27,1,0,1.1392803192138672,-1.1112042665481567,0.09312625229358673,300,0.6928129862062633,0,0
10,300,-1,O,27,1,1,1.9025976657867432,-1.0002552270889282,0.09622872620820999,300,0.6928129862062633,0,0
10,300,-1,O,27,1,2,4.048653602600098,-0.9897819757461548,0.1758899688720703,300,0.6928129862062633,0,0
10,300,-1,O,27,1,3,1.312709093093872,-1.0493497848510742,0.0807349681854248,300,0.6928129862062633,0,0
10,300,-1,O,28,0,0,1.9580254554748535,0.12331044673919678,0.11565793305635452,300,0.7801340562291443,0,0
10,300,-1,O,28,0,1,2.3522112369537354,0.14957529306411743,0.14325213432312012,300,0.7801340562291443,0,0
10,300,-1,O,28,0,2,1.9371023178100586,0.1868792474269867,0.155863955616951,300,0.7801340562291443,0,0
10,300,-1,O,28,0,3,4.131128311157227,0.15084359049797058,0.2395896464586258,300,0.7801340562291443,0,0
10,300,-1,O,28,1,0,6.538698196411133,1.9636729955673218,0.12439015507698059,300,0.6934449290856719,0,0
10,300,-1,O,28,1,1,7.775276184082031,1.9767112731933594,0.1353655755519867,300,0.6934449290856719,0,0
10,300,-1,O,28,1,2,7.937792778015137,1.756723403930664,0.15078036487102509,300,0.6934449290856719,0,0
10,300,-1,O,28,1,3,8.4398775100708,2.1760847568511963,0.14333438873291016,300,0.6934449290856719,0,0
10,300,-1,O,29,0,0,10.487503051757812,0.3386719226837158,0.21732087433338165,300,0.7241075076162815,0,0
10,300,-1,O,29,0,1,11.846153259277344,0.46462321281433105,0.2036154866218567,300,0.7241075076162815,0,0
10,300,-1,O,29,0,2,13.434906959533691,0.645594596862793,0.2159424126148224,300,0.7241075076162815,0,0
10,300,-1,O,29,0,3,9.178278923034668,0.12054586410522461,0.17795580625534058,300,0.7241075076162815,0,0
10,300,-1,O,29,1,0,16.84819221496582,2.6356923580169678,0.1592138409614563,300,0.7326283692382276,0,0
10,300,-1,O,29,1,1,25.036561965942383,3.156815528869629,0.24328438937664032,300,0.7326283692382276,0,0
10,300,-1,O,29,1,2,10.943923950195312,3.275424003601074,0.12062235176563263,300,0.7326283692382276,0,0
10,300,-1,O,29,1,3,13.07924747467041,2.5719923973083496,0.12826433777809143,300,0.7326283692382276,0,0
10,300,-1,O,30,0,0,1.150890588760376,-0.5156773328781128,0.14679041504859924,300,0.7313441731967032,0,0
10,300,-1,O,30,0,1,1.174349308013916,-0.44529423117637634,0.14838875830173492,300,0.7313441731967032,0,0
10,300,-1,O,30,0,2,1.5830059051513672,-0.3289480209350586,0.19487561285495758,300,0.7313441731967032,0,0
10,300,-1,O,30,0,3,1.6219593286514282,-0.46865200996398926,0.1715174913406372,300,0.7313441731967032,0,0
10,300,-1,O,30,1,0,1.4697495698928833,-0.05114874243736267,0.18852625787258148,300,0.6961761140264571,0,0
10,300,-1,O,30,1,1,3.1597254276275635,-0.1382577121257782,0.31075993180274963,300,0.6961761140264571,0,0
10,300,-1,O,30,1,2,1.2628861665725708,-0.08426481485366821,0.1910572499036789,300,0.6961761140264571,0,0
10,300,-1,O,30,1,3,1.486115574836731,-0.11422282457351685,0.15736401081085205,300,0.6961761140264571,0,0
10,300,-1,O,31,0,0,5.127323627471924,-0.3106355667114258,0.12744592130184174,300,0.7464850731194019,0,0
10,300,-1,O,31,0,1,10.879652976989746,-0.42658185958862305,0.2909471094608307,300,0.7464850731194019,0,0
10,300,-1,O,31,0,2,7.691391468048096,0.3993939161300659,0.15109986066818237,300,0.7464850731194019,0,0
10,300,-1,O,31,0,3,8.042566299438477,0.31513750553131104,0.15187513828277588,300,0.7464850731194019,0,0
10,300,-1,O,31,1,0,1.9473530054092407,0.8780257701873779,0.2627580761909485,300,0.764497515745461,0,0
10,300,-1,O,31,1,1,1.941079020500183,0.8449864387512207,0.2577679753303528,300,0.764497515745461,0,0
10,300,-1,O,31,1,2,2.2850093841552734,0.8492299318313599,0.22313782572746277,300,0.764497515745461,0,0
10,300,-1,O,31,1,3,2.4144582748413086,0.827925443649292,0.35458844900131226,300,0.764497515745461,0,0
10,300,-1,O,32,0,0,0.7867201566696167,-0.5033736228942871,0.22020722925662994,300,0.6894615399651229,0,0
10,300,-1,O,32,0,1,0.9264378547668457,-0.41276344656944275,0.26331961154937744,300,0.6894615399651229,0,0
10,300,-1,O,32,0,2,0.34475409984588623,-0.44870951771736145,0.17300976812839508,300,0.6894615399651229,0,0
10,300,-1,O,32,0,3,0.4049075245857239,-0.4379297196865082,0.1596534103155136,300,0.6894615399651229,0,0
10,300,-1,O,32,1,0,6.655295372009277,1.2417066097259521,0.32174667716026306,300,0.7107691317796707,0,0
10,300,-1,O,32,1,1,4.891436576843262,1.187698245048523,0.26800453662872314,300,0.7107691317796707,0,0
10,300,-1,O,32,1,2,5.0110673904418945,1.2600302696228027,0.24865882098674774,300,0.7107691317796707,0,0
10,300,-1,O,32,1,3,4.86944580078125,1.4997810125350952,0.2433430701494217,300,0.7107691317796707,0,0
10,300,-1,O,33,0,0,15.372878074645996,1.063753604888916,0.23147276043891907,300,0.7509143459610641,0,0
10,300,-1,O,33,0,1,5.1495561599731445,1.2722841501235962,0.08637946099042892,300,0.7509143459610641,0,0
10,300,-1,O,33,0,2,7.830560684204102,0.9278762340545654,0.13527821004390717,300,0.7509143459610641,0,0
10,300,-1,O,33,0,3,6.775330543518066,1.5090357065200806,0.12739165127277374,300,0.7509143459610641,0,0
10,300,-1,O,33,1,0,2.465264320373535,-1.7724510431289673,0.24932783842086792,300,0.6995534403249621,0,0
10,300,-1,O,33,1,1,2.334282398223877,-1.7640451192855835,0.23173877596855164,300,0.6995534403249621,0,0
10,300,-1,O,33,1,2,1.0363285541534424,-1.822742223739624,0.1675010323524475,300,0.6995534403249621,0,0
10,300,-1,O,33,1,3,1.1109821796417236,-1.8060375452041626,0.18257629871368408,300,0.6995534403249621,0,0
10,300,-1,O,34,0,0,4.233306884765625,-0.9666918516159058,0.26781153678894043,300,0.7574614617042243,0,0
10,300,-1,O,34,0,1,2.38185453414917,-0.7593253254890442,0.21260644495487213,300,0.7574614617042243,0,0
10,300,-1,O,34,0,2,2.42242431640625,-0.8541820049285889,0.17108072340488434,300,0.7574614617042243,0,0
10,300,-1,O,34,0,3,2.2497718334198,-0.9319132566452026,0.16400130093097687,300,0.7574614617042243,0,0
10,300,-1,O,34,1,0,4.268415451049805,-0.7858438491821289,0.16362491250038147,300,0.7602696809917688,0,0
10,300,-1,O,34,1,1,4.905839920043945,-0.7119737267494202,0.18167810142040253,300,0.7602696809917688,0,0
10,300,-1,O,34,1,2,5.435975074768066,-0.8724095225334167,0.21392807364463806,300,0.7602696809917688,0,0
10,300,-1,O,34,1,3,6.690471649169922,-0.587550163269043,0.19028602540493011,300,0.7602696809917688,0,0
10,300,-1,O,35,0,0,5.209332466125488,0.13396041095256805,0.24217958748340607,300,0.7327179722487926,0,0
10,300,-1,O,35,0,1,6.200300216674805,0.16247844696044922,0.26653051376342773,300,0.7327179722487926,0,0
10,300,-1,O,35,0,2,3.185370922088623,0.07047678530216217,0.1358696073293686,300,0.7327179722487926,0,0
10,300,-1,O,35,0,3,2.423672676086426,-0.09882225096225739,0.1286451518535614,300,0.7327179722487926,0,0
10,300,-1,O,35,1,0,4.51176118850708,-2.3780300617218018,0.18194709718227386,300,0.729358590207994,0,0
10,300,-1,O,35,1,1,7.8090081214904785,-2.081956386566162,0.2119421362876892,300,0.729358590207994,0,0
10,300,-1,O,35,1,2,1.3419907093048096,-2.166799306869507,0.10087427496910095,300,0.729358590207994,0,0
10,300,-1,O,35,1,3,3.1452488899230957,-2.06632661819458,0.15932735800743103,300,0.729358590207994,0,0
10,300,0,F,0,0,0,2.2679688930511475,-1.3425378799438477,0.23395858705043793,300,1.0373531491495669,95,0
10,300,0,F,0,0,1,5.034171104431152,-1.2562015056610107,0.29761916399002075,300,1.0373531491495669,96,0
10,300,0,F,0,0,2,3.8116581439971924,-1.2951207160949707,0.2717479169368744,300,1.0373531491495669,96,0
10,300,0,F,0,0,3,7.163430213928223,-1.1074879169464111,0.4157017469406128,300,1.0373531491495669,94,0
10,300,0,F,0,1,0,3.93599009513855,0.2351493388414383,0.20826883614063263,300,0.9569324278272688,93,0
10,300,0,F,0,1,1,6.069940567016602,0.23787054419517517,0.2848397195339203,300,0.9569324278272688,95,0
10,300,0,F,0,1,2,6.943790912628174,0.2679416835308075,0.34451285004615784,300,0.9569324278272688,95,0
10,300,0,F,0,1,3,9.548397064208984,0.262423574924469,0.43753117322921753,300,0.9569324278272688,95,0
10,300,0,F,1,0,0,7.635520935058594,0.05064970254898071,0.2852332293987274,300,0.9851703504100442,96,0
10,300,0,F,1,0,1,6.1766204833984375,-0.16372603178024292,0.2559192180633545,300,0.9851703504100442,96,0
10,300,0,F,1,0,2,5.763267517089844,-0.15248480439186096,0.21407689154148102,300,0.9851703504100442,96,0
10,300,0,F,1,0,3,6.456876754760742,-0.20147106051445007,0.2913765013217926,300,0.9851703504100442,96,0
10,300,0,F,1,1,0,2.335392713546753,-1.01849365234375,0.24099713563919067,300,0.9998068348504603,96,0
10,300,0,F,1,1,1,1.5264136791229248,-0.9795393943786621,0.17085114121437073,300,0.9998068348504603,96,0
10,300,0,F,1,1,2,4.612424373626709,-0.9765124320983887,0.3671002686023712,300,0.9998068348504603,93,0
10,300,0,F,1,1,3,1.8842339515686035,-1.0922431945800781,0.18990309536457062,300,0.9998068348504603,96,0
10,300,0,F,2,0,0,4.034210681915283,0.4626913070678711,0.28258195519447327,300,0.9784306422807276,96,0
10,300,0,F,2,0,1,3.544769525527954,0.534404456615448,0.24895213544368744,300,0.9784306422807276,95,0
10,300,0,F,2,0,2,3.10897159576416,0.45231035351753235,0.2830026149749756,300,0.9784306422807276,96,0
10,300,0,F,2,0,3,3.8043501377105713,0.4538172781467438,0.3053717315196991,300,0.9784306422807276,96,0
10,300,0,F,2,1,0,-0.6089819669723511,-1.5972825288772583,0.2309715300798416,300,1.032399614341557,95,0
10,300,0,F,2,1,1,-0.3818037509918213,-1.5792244672775269,0.254016637802124,300,1.032399614341557,96,0
10,300,0,F,2,1,2,-0.8507099151611328,-1.6025314331054688,0.17708837985992432,300,1.032399614341557,95,0
10,300,0,F,2,1,3,-0.35127031803131104,-1.5846785306930542,0.2666119933128357,300,1.032399614341557,95,0
10,300,0,F,3,0,0,8.747306823730469,-1.0573915243148804,0.14666731655597687,300,1.0247519952245057,95,0
10,300,0,F,3,0,1,10.961677551269531,-1.020580768585205,0.1809319257736206,300,1.0247519952245057,96,0
10,300,0,F,3,0,2,5.622751235961914,-0.6643517017364502,0.09064224362373352,300,1.0247519952245057,96,0
10,300,0,F,3,0,3,3.7419629096984863,-0.7853971123695374,0.06487984955310822,300,1.0247519952245057,96,0
10,300,0,F,3,1,0,3.6537399291992188,-0.7295790314674377,0.10152686387300491,300,1.0630047111772,96,0
10,300,0,F,3,1,1,6.251707077026367,-0.7962241172790527,0.1466412991285324,300,1.0630047111772,95,0
10,300,0,F,3,1,2,6.298340320587158,-0.7956768274307251,0.13835594058036804,300,1.0630047111772,94,0
10,300,0,F,3,1,3,7.783202648162842,-0.7227628231048584,0.17747659981250763,300,1.0630047111772,96,0
10,300,0,F,4,0,0,13.95925521850586,-0.7764102220535278,0.18348875641822815,300,1.0730022760108113,96,0
10,300,0,F,4,0,1,13.610875129699707,-0.653177797794342,0.17179253697395325,300,1.0730022760108113,96,0
10,300,0,F,4,0,2,3.9369471073150635,-0.5440143346786499,0.06963330507278442,300,1.0730022760108113,96,0
10,300,0,F,4,0,3,9.09109115600586,-0.7916064262390137,0.13307009637355804,300,1.0730022760108113,96,0
10,300,0,F,4,1,0,20.808820724487305,1.9537739753723145,0.20295530557632446,300,1.0794791770167649,93,0
10,300,0,F,4,1,1,22.008285522460938,1.858972191810608,0.187302827835083,300,1.0794791770167649,96,0
10,300,0,F,4,1,2,14.116765975952148,1.8476063013076782,0.13105587661266327,300,1.0794791770167649,92,0
10,300,0,F,4,1,3,22.09471893310547,1.9234557151794434,0.19085843861103058,300,1.0794791770167649,96,0
10,300,0,F,5,0,0,8.508004188537598,1.1582272052764893,0.27136120200157166,300,1.1460621408186853,95,0
10,300,0,F,5,0,1,2.9503579139709473,1.1046077013015747,0.07989543676376343,300,1.1460621408186853,96,0
10,300,0,F,5,0,2,3.5759880542755127,1.0146899223327637,0.09960441291332245,300,1.1460621408186853,93,0
10,300,0,F,5,0,3,7.369424819946289,1.0576716661453247,0.23139448463916779,300,1.1460621408186853,95,0
10,300,0,F,5,1,0,10.367414474487305,1.159075379371643,0.25465983152389526,300,1.046345619019121,96,0
10,300,0,F,5,1,1,7.098459720611572,1.1427719593048096,0.16760362684726715,300,1.046345619019121,94,0
10,300,0,F,5,1,2,11.009040832519531,1.1849391460418701,0.2240462303161621,300,1.046345619019121,94,0
10,300,0,F,5,1,3,7.985172271728516,1.2949968576431274,0.14077840745449066,300,1.046345619019121,96,0
10,300,0,F,6,0,0,5.728719711303711,1.8485172986984253,0.0818474069237709,300,0.9151885900646448,94,0
10,300,0,F,6,0,1,12.327788352966309,1.9447126388549805,0.21537186205387115,300,0.9151885900646448,96,0
10,300,0,F,6,0,2,7.614391326904297,1.9703911542892456,0.10108362883329391,300,0.9151885900646448,95,0
10,300,0,F,6,0,3,10.803177833557129,1.8384838104248047,0.14866384863853455,300,0.9151885900646448,95,0
10,300,0,F,6,1,0,7.399230003356934,1.9553264379501343,0.16692513227462769,300,0.9520099842920899,95,0
10,300,0,F,6,1,1,5.511938095092773,1.9370065927505493,0.14134247601032257,300,0.9520099842920899,96,0
10,300,0,F,6,1,2,8.344766616821289,2.025743246078491,0.19543610513210297,300,0.9520099842920899,96,0
10,300,0,F,6,1,3,7.0901031494140625,1.9784928560256958,0.16461768746376038,300,0.9520099842920899,96,0
10,300,0,F,7,0,0,15.840670585632324,0.7158992290496826,0.14194411039352417,300,0.9160732002928853,94,0
10,300,0,F,7,0,1,9.295223236083984,0.7120320796966553,0.05940348282456398,300,0.9160732002928853,95,0
10,300,0,F,7,0,2,16.280364990234375,1.1981838941574097,0.10214471071958542,300,0.9160732002928853,96,0
10,300,0,F,7,0,3,13.14706802368164,0.7889137268066406,0.08529000729322433,300,0.9160732002928853,94,0
10,300,0,F,7,1,0,12.34350872039795,0.4938800632953644,0.11943267285823822,300,0.8890674710273743,93,0
10,300,0,F,7,1,1,8.047371864318848,0.4666503965854645,0.07911358773708344,300,0.8890674710273743,94,0
10,300,0,F,7,1,2,9.658843040466309,0.6136271357536316,0.11221364885568619,300,0.8890674710273743,96,0
10,300,0,F,7,1,3,4.453040599822998,0.43305259943008423,0.043501101434230804,300,0.8890674710273743,94,0
10,300,0,F,8,0,0,14.436029434204102,1.1316194534301758,0.15209221839904785,300,0.9377622902393341,96,0
10,300,0,F,8,0,1,9.519998550415039,1.3919185400009155,0.11245907843112946,300,0.9377622902393341,95,0
10,300,0,F,8,0,2,10.38569450378418,1.3044720888137817,0.11545472592115402,300,0.9377622902393341,95,0
10,300,0,F,8,0,3,12.538433074951172,1.1397004127502441,0.12849731743335724,300,0.9377622902393341,95,0
10,300,0,F,8,1,0,5.076621055603027,2.211597204208374,0.05074889212846756,300,0.9892031950876117,95,0
10,300,0,F,8,1,1,13.001628875732422,2.264491558074951,0.15723878145217896,300,0.9892031950876117,95,0
10,300,0,F,8,1,2,5.462606430053711,2.2506468296051025,0.05232477933168411,300,0.9892031950876117,94,0
10,300,0,F,8,1,3,8.56061840057373,2.095508575439453,0.11946595460176468,300,0.9892031950876117,95,0
10,300,0,F,9,0,0,6.361025810241699,1.8500275611877441,0.10693883150815964,300,0.9688431820832193,96,0
10,300,0,F,9,0,1,5.245368957519531,2.017292022705078,0.10129252076148987,300,0.9688431820832193,96,0
10,300,0,F,9,0,2,8.205345153808594,2.22540020942688,0.18393906950950623,300,0.9688431820832193,95,0
10,300,0,F,9,0,3,7.341561317443848,2.1702919006347656,0.13956023752689362,300,0.9688431820832193,95,0
10,300,0,F,9,1,0,1.6910037994384766,-0.25304290652275085,0.09318576753139496,300,1.0863941931165755,96,0
10,300,0,F,9,1,1,2.5803661346435547,-0.29064851999282837,0.12617911398410797,300,1.0863941931165755,95,0
10,300,0,F,9,1,2,1.8790462017059326,-0.31738394498825073,0.1281525045633316,300,1.0863941931165755,95,0
10,300,0,F,9,1,3,2.0222349166870117,-0.37648048996925354,0.12451691925525665,300,1.0863941931165755,96,0
10,300,0,F,10,0,0,4.635131359100342,0.6849765777587891,0.10384517908096313,300,0.9230825020931661,93,0
10,300,0,F,10,0,1,5.566490650177002,0.5936800241470337,0.12461241334676743,300,0.9230825020931661,94,0
10,300,0,F,10,0,2,6.719289302825928,0.6996974945068359,0.18511167168617249,300,0.9230825020931661,91,0
10,300,0,F,10,0,3,5.558331489562988,0.47515869140625,0.14645765721797943,300,0.9230825020931661,93,0
10,300,0,F,10,1,0,2.7333998680114746,1.4069610834121704,0.1462552398443222,300,0.9745838069356978,95,0
10,300,0,F,10,1,1,2.403266191482544,1.3885056972503662,0.10757475346326828,300,0.9745838069356978,91,0
10,300,0,F,10,1,2,3.131481885910034,1.3304301500320435,0.16829094290733337,300,0.9745838069356978,94,0
10,300,0,F,10,1,3,2.661114454269409,1.412339687347412,0.14650824666023254,300,0.9745838069356978,93,0
10,300,0,F,11,0,0,4.306395053863525,1.524790644645691,0.24282719194889069,300,1.0014512687921524,92,0
10,300,0,F,11,0,1,2.9742050170898438,1.5735417604446411,0.13122031092643738,300,1.0014512687921524,94,0
10,300,0,F,11,0,2,2.991093635559082,1.5523583889007568,0.15981249511241913,300,1.0014512687921524,87,0
10,300,0,F,11,0,3,3.312641143798828,1.4975156784057617,0.17624996602535248,300,1.0014512687921524,91,0
10,300,0,F,11,1,0,9.693161010742188,2.6113924980163574,0.09656885266304016,300,0.957200326025486,95,0
10,300,0,F,11,1,1,10.573522567749023,1.9133296012878418,0.13341234624385834,300,0.957200326025486,94,0
10,300,0,F,11,1,2,9.13522720336914,2.8033900260925293,0.0918894112110138,300,0.957200326025486,93,0
10,300,0,F,11,1,3,12.479467391967773,3.001202344894409,0.14822225272655487,300,0.957200326025486,96,0
10,300,0,F,12,0,0,-0.8903303146362305,-1.1423434019088745,0.46683380007743835,300,0.9900464881211519,96,0
10,300,0,F,12,0,1,-0.6017447710037231,-1.1193536520004272,0.6478627920150757,300,0.9900464881211519,96,0
10,300,0,F,12,0,2,-0.6532570123672485,-1.1530357599258423,0.6492757797241211,300,0.9900464881211519,96,0
10,300,0,F,12,0,3,-0.7881351113319397,-1.1449931859970093,0.5741239786148071,300,0.9900464881211519,96,0
10,300,0,F,12,1,0,1.0020089149475098,0.11927001178264618,0.5355240106582642,300,0.9156173407100141,96,0
10,300,0,F,12,1,1,1.0417331457138062,0.3475566506385803,0.4842253625392914,300,0.9156173407100141,96,0
10,300,0,F,12,1,2,1.0915268659591675,0.3036128878593445,0.5166130065917969,300,0.9156173407100141,96,0
10,300,0,F,12,1,3,0.9171763062477112,0.20682072639465332,0.4897514581680298,300,0.9156173407100141,96,0
10,300,0,F,13,0,0,-0.1749534010887146,-1.0729820728302002,0.5007431507110596,300,1.0073724812828004,95,0
10,300,0,F,13,0,1,-0.049948811531066895,-0.9515858292579651,0.4819888472557068,300,1.0073724812828004,96,0
10,300,0,F,13,0,2,-0.12355327606201172,-0.7389243841171265,0.44049015641212463,300,1.0073724812828004,96,0
10,300,0,F,13,0,3,0.31238508224487305,-0.983223557472229,0.5797929167747498,300,1.0073724812828004,96,0
10,300,0,F,13,1,0,2.5626068115234375,1.2162423133850098,0.6157497763633728,300,0.9232021602801979,94,0
10,300,0,F,13,1,1,2.669163703918457,1.3366456031799316,0.5589038133621216,300,0.9232021602801979,95,0
10,300,0,F,13,1,2,2.670304298400879,1.2890350818634033,0.5867635607719421,300,0.9232021602801979,96,0
10,300,0,F,13,1,3,2.646775960922241,1.3248857259750366,0.6284992694854736,300,0.9232021602801979,95,0
10,300,0,F,14,0,0,1.966110348701477,0.8990978002548218,0.39112797379493713,300,0.9835151652805507,93,0
10,300,0,F,14,0,1,1.9601752758026123,0.5890575647354126,0.45526552200317383,300,0.9835151652805507,94,0
10,300,0,F,14,0,2,1.7663111686706543,0.542221188545227,0.4346106946468353,300,0.9835151652805507,92,0
10,300,0,F,14,0,3,1.822403073310852,0.6519792675971985,0.4195004999637604,300,0.9835151652805507,94,0
10,300,0,F,14,1,0,2.1795055866241455,1.0848323106765747,0.5426635146141052,300,1.0139033030718565,96,0
10,300,0,F,14,1,1,2.1454224586486816,1.247087001800537,0.49741360545158386,300,1.0139033030718565,95,0
10,300,0,F,14,1,2,2.1921427249908447,1.2157642841339111,0.5021153688430786,300,1.0139033030718565,95,0
10,300,0,F,14,1,3,2.4827680587768555,1.220016598701477,0.5356179475784302,300,1.0139033030718565,94,0
10,300,0,F,15,0,0,0.16370919346809387,-1.5831849575042725,0.7076927423477173,300,0.941418802831322,96,0
10,300,0,F,15,0,1,0.7767410278320312,-1.3790743350982666,0.7827525734901428,300,0.941418802831322,96,0
10,300,0,F,15,0,2,0.20063257217407227,-1.5021886825561523,0.7188822031021118,300,0.941418802831322,96,0
10,300,0,F,15,0,3,0.37399783730506897,-1.6623115539550781,0.7641116976737976,300,0.941418802831322,96,0
10,300,0,F,15,1,0,-0.7878379821777344,-1.8212264776229858,0.7863472700119019,300,0.9813462700694799,95,0
10,300,0,F,15,1,1,-0.5688977837562561,-1.7235947847366333,0.7965830564498901,300,0.9813462700694799,96,0
10,300,0,F,15,1,2,-0.7006974816322327,-1.9007049798965454,0.8104864358901978,300,0.9813462700694799,96,0
10,300,0,F,15,1,3,-1.2434916496276855,-2.0015366077423096,0.6776695251464844,300,0.9813462700694799,96,0
10,300,0,F,16,0,0,1.3741223812103271,-0.39329850673675537,0.743588924407959,300,0.9948839247226715,96,0
10,300,0,F,16,0,1,1.6267203092575073,-0.6583282947540283,0.7988266348838806,300,0.9948839247226715,96,0
10,300,0,F,16,0,2,0.808657705783844,-0.5484182834625244,0.7144769430160522,300,0.9948839247226715,96,0
10,300,0,F,16,0,3,1.205312728881836,-0.7853987216949463,0.7451596260070801,300,0.9948839247226715,96,0
10,300,0,F,16,1,0,-1.644722580909729,-2.7993361949920654,0.730191707611084,300,0.9801603378728032,96,0
10,300,0,F,16,1,1,-1.5522434711456299,-2.7388696670532227,0.7649281024932861,300,0.9801603378728032,96,0
10,300,0,F,16,1,2,-1.519033432006836,-2.787050485610962,0.7644246220588684,300,0.9801603378728032,96,0
10,300,0,F,16,1,3,-1.5743838548660278,-2.823248863220215,0.7433919310569763,300,0.9801603378728032,96,0
10,300,0,F,17,0,0,0.8798058032989502,-1.700887680053711,0.6099389791488647,300,0.9810739788226783,93,0
10,300,0,F,17,0,1,0.6461324691772461,-1.981121301651001,0.6034263968467712,300,0.9810739788226783,95,0
10,300,0,F,17,0,2,0.258064866065979,-2.023128032684326,0.606094241142273,300,0.9810739788226783,96,0
10,300,0,F,17,0,3,0.672527551651001,-1.858546495437622,0.59944748878479,300,0.9810739788226783,95,0
10,300,0,F,17,1,0,1.2479865550994873,-0.5467681884765625,0.7824976444244385,300,0.9712966233491898,96,0
10,300,0,F,17,1,1,1.0138627290725708,-0.2844719886779785,0.7357053756713867,300,0.9712966233491898,96,0
10,300,0,F,17,1,2,1.0734723806381226,-0.1931600570678711,0.6959524750709534,300,0.9712966233491898,96,0
10,300,0,F,17,1,3,0.9087534546852112,-0.2379518747329712,0.6556199789047241,300,0.9712966233491898,96,0
10,300,0,F,18,0,0,2.0574395656585693,-1.1699512004852295,0.3740851879119873,300,0.8940990399569273,93,0
10,300,0,F,18,0,1,2.2886037826538086,-1.0334582328796387,0.41415849328041077,300,0.8940990399569273,95,0
10,300,0,F,18,0,2,0.8605220317840576,-1.1885061264038086,0.3474125266075134,300,0.8940990399569273,95,0
10,300,0,F,18,0,3,1.8682355880737305,-1.151463270187378,0.3468376100063324,300,0.8940990399569273,93,0
10,300,0,F,18,1,0,0.5973039865493774,-0.5534390807151794,0.3502487242221832,300,1.0077480962499976,93,0
10,300,0,F,18,1,1,0.8682911992073059,-0.5666541457176208,0.41921958327293396,300,1.0077480962499976,94,0
10,300,0,F,18,1,2,0.6621173024177551,-0.5343365669250488,0.33046582341194153,300,1.0077480962499976,93,0
10,300,0,F,18,1,3,0.9024512767791748,-0.5262578725814819,0.4297056198120117,300,1.0077480962499976,96,0
10,300,0,F,19,0,0,-0.7998606562614441,-3.5598058700561523,0.4135027825832367,300,0.9540601568296552,96,0
10,300,0,F,19,0,1,-0.23441147804260254,-3.540090322494507,0.469208300113678,300,0.9540601568296552,96,0
10,300,0,F,19,0,2,-0.06803834438323975,-3.627032995223999,0.43020740151405334,300,0.9540601568296552,95,0
10,300,0,F,19,0,3,-0.33455634117126465,-3.5963094234466553,0.4615090787410736,300,0.9540601568296552,95,0
10,300,0,F,19,1,0,1.6661111116409302,-0.1720142364501953,0.38010847568511963,300,0.9352235710248351,96,0
10,300,0,F,19,1,1,2.016334056854248,-0.177512526512146,0.3902819752693176,300,0.9352235710248351,92,0
10,300,0,F,19,1,2,2.0365049839019775,-0.03699147701263428,0.41739365458488464,300,0.9352235710248351,94,0
10,300,0,F,19,1,3,1.9346702098846436,-0.16091573238372803,0.3389008343219757,300,0.9352235710248351,94,0
10,300,0,F,20,0,0,1.5388593673706055,0.5472589135169983,0.3536890149116516,300,0.8927091802470386,96,0
10,300,0,F,20,0,1,1.2430931329727173,0.5655388236045837,0.23198413848876953,300,0.8927091802470386,95,0
10,300,0,F,20,0,2,1.1971702575683594,0.5467165112495422,0.22839327156543732,300,0.8927091802470386,95,0
10,300,0,F,20,0,3,1.2077268362045288,0.5748173594474792,0.23004770278930664,300,0.8927091802470386,96,0
10,300,0,F,20,1,0,0.8784558773040771,0.1201326847076416,0.1916346698999405,300,0.8678564839065075,96,0
10,300,0,F,20,1,1,1.2539275884628296,0.04358816146850586,0.25743505358695984,300,0.8678564839065075,95,0
10,300,0,F,20,1,2,0.9377898573875427,0.10565030574798584,0.2135518491268158,300,0.8678564839065075,96,0
10,300,0,F,20,1,3,1.259364366531372,0.03401839733123779,0.35628101229667664,300,0.8678564839065075,96,0
10,300,0,F,21,0,0,-0.9545227289199829,-1.927430272102356,0.4849969446659088,300,0.9472208372317255,96,0
10,300,0,F,21,0,1,-0.7674684524536133,-1.950669288635254,0.5145211219787598,300,0.9472208372317255,95,0
10,300,0,F,21,0,2,-0.6687464714050293,-1.929317831993103,0.5872965455055237,300,0.9472208372317255,96,0
10,300,0,F,21,0,3,-1.2033295631408691,-1.9587196111679077,0.4299843907356262,300,0.9472208372317255,96,0
10,300,0,F,21,1,0,2.3502233028411865,1.2510154247283936,0.5078409910202026,300,0.9220577431842685,96,0
10,300,0,F,21,1,1,2.678206443786621,1.3973751068115234,0.5303637981414795,300,0.9220577431842685,96,0
10,300,0,F,21,1,2,2.6719472408294678,1.3187026977539062,0.5526408553123474,300,0.9220577431842685,94,0
10,300,0,F,21,1,3,1.9937427043914795,1.3227213621139526,0.3552664518356323,300,0.9220577431842685,96,0
10,300,0,F,22,0,0,1.084089994430542,-1.367679476737976,0.44370946288108826,300,0.9732737331651151,96,0
10,300,0,F,22,0,1,1.470184087753296,-1.6624318361282349,0.4741252660751343,300,0.9732737331651151,96,0
10,300,0,F,22,0,2,2.1151812076568604,-1.1953622102737427,0.4813002943992615,300,0.9732737331651151,95,0
10,300,0,F,22,0,3,0.8042654991149902,-1.5019444227218628,0.39929741621017456,300,0.9732737331651151,93,0
10,300,0,F,22,1,0,4.224003791809082,1.8977854251861572,0.528852105140686,300,0.9484813017770648,96,0
10,300,0,F,22,1,1,3.732542037963867,1.8263062238693237,0.49843043088912964,300,0.9484813017770648,96,0
10,300,0,F,22,1,2,4.045731544494629,1.9294852018356323,0.5474088191986084,300,0.9484813017770648,96,0
10,300,0,F,22,1,3,3.6509201526641846,1.8474485874176025,0.4481203854084015,300,0.9484813017770648,96,0
10,300,0,F,23,0,0,1.1278386116027832,-0.7438978552818298,0.36732950806617737,300,0.9867008212022483,94,0
10,300,0,F,23,0,1,1.8352231979370117,-0.6711260080337524,0.4227139353752136,300,0.9867008212022483,94,0
10,300,0,F,23,0,2,2.146632432937622,-0.70952308177948,0.4704132676124573,300,0.9867008212022483,96,0
10,300,0,F,23,0,3,2.005988359451294,-0.8211091160774231,0.4601390063762665,300,0.9867008212022483,93,0
10,300,0,F,23,1,0,3.89512300491333,0.968040406703949,0.4184735417366028,300,0.9083668761886656,95,0
10,300,0,F,23,1,1,2.9098620414733887,0.9437452554702759,0.31368523836135864,300,0.9083668761886656,96,0
10,300,0,F,23,1,2,3.5598556995391846,1.0073603391647339,0.4057421088218689,300,0.9083668761886656,94,0
10,300,0,F,23,1,3,3.027961492538452,0.8075495958328247,0.3559166491031647,300,0.9083668761886656,95,0
10,300,0,F,24,0,0,1.2180602550506592,-1.1474590301513672,0.10577038675546646,300,0.9790710019879043,95,0
10,300,0,F,24,0,1,1.988248348236084,-1.0738167762756348,0.13338834047317505,300,0.9790710019879043,95,0
10,300,0,F,24,0,2,1.1994569301605225,-1.170057773590088,0.09864623099565506,300,0.9790710019879043,96,0
10,300,0,F,24,0,3,1.112743616104126,-1.1285836696624756,0.10883435606956482,300,0.9790710019879043,95,0
10,300,0,F,24,1,0,2.2016756534576416,-0.830571174621582,0.18582341074943542,300,0.9015638181008399,96,0
10,300,0,F,24,1,1,1.6673555374145508,-0.8569270968437195,0.12803767621517181,300,0.9015638181008399,95,0
10,300,0,F,24,1,2,0.889106273651123,-0.9479449987411499,0.11401192098855972,300,0.9015638181008399,96,0
10,300,0,F,24,1,3,1.5734436511993408,-0.9474433660507202,0.1225740984082222,300,0.9015638181008399,96,0
10,300,0,F,25,0,0,2.7554595470428467,-1.562687873840332,0.18830078840255737,300,0.9754264447838068,96,0
10,300,0,F,25,0,1,2.9436023235321045,-1.4688849449157715,0.19287127256393433,300,0.9754264447838068,96,0
10,300,0,F,25,0,2,1.0462009906768799,-1.5413225889205933,0.11550761759281158,300,0.9754264447838068,94,0
10,300,0,F,25,0,3,1.6983835697174072,-1.5424740314483643,0.15405137836933136,300,0.9754264447838068,94,0
10,300,0,F,25,1,0,1.131813645362854,-0.06951504945755005,0.20009329915046692,300,0.9179732259362936,95,0
10,300,0,F,25,1,1,0.645761251449585,-0.09378841519355774,0.1508082151412964,300,0.9179732259362936,96,0
10,300,0,F,25,1,2,1.5584734678268433,-0.09071138501167297,0.24460773169994354,300,0.9179732259362936,96,0
10,300,0,F,25,1,3,0.7793365716934204,-0.09315825998783112,0.15260954201221466,300,0.9179732259362936,94,0
10,300,0,F,26,0,0,1.7458980083465576,-0.7565444707870483,0.11189594864845276,300,0.9538229699246585,95,0
10,300,0,F,26,0,1,3.0751731395721436,-0.6810810565948486,0.15606731176376343,300,0.9538229699246585,95,0
10,300,0,F,26,0,2,4.076772689819336,-0.6409896612167358,0.15519560873508453,300,0.9538229699246585,96,0
10,300,0,F,26,0,3,6.7130889892578125,-0.5309000611305237,0.24019001424312592,300,0.9538229699246585,96,0
10,300,0,F,26,1,0,5.27493953704834,2.3849937915802,0.13774752616882324,300,0.9704254176467657,95,0
10,300,0,F,26,1,1,5.842391014099121,2.484663724899292,0.16142509877681732,300,0.9704254176467657,94,0
10,300,0,F,26,1,2,6.490065574645996,2.555940866470337,0.19910545647144318,300,0.9704254176467657,94,0
10,300,0,F,26,1,3,5.711503505706787,2.54158616065979,0.16687379777431488,300,0.9704254176467657,95,0
10,300,0,F,27,0,0,7.587168216705322,1.5132745504379272,0.22631371021270752,300,0.9892802690155804,96,0
10,300,0,F,27,0,1,7.272269248962402,1.5789048671722412,0.20216712355613708,300,0.9892802690155804,95,0
10,300,0,F,27,0,2,6.503210067749023,1.64512300491333,0.196797177195549,300,0.9892802690155804,95,0
10,300,0,F,27,0,3,5.173687934875488,1.6702110767364502,0.1406630277633667,300,0.9892802690155804,93,0
10,300,0,F,27,1,0,1.1392803192138672,-1.1122127771377563,0.0931641012430191,300,0.9698807019740343,95,0
10,300,0,F,27,1,1,1.9025976657867432,-1.055661916732788,0.09788564592599869,300,0.9698807019740343,92,0
10,300,0,F,27,1,2,4.048653602600098,-1.0145447254180908,0.17660175263881683,300,0.9698807019740343,96,0
10,300,0,F,27,1,3,1.312709093093872,-0.9490756392478943,0.07757348567247391,300,0.9698807019740343,96,0
10,300,0,F,28,0,0,1.9580254554748535,0.13593095541000366,0.11495379358530045,300,1.0029879221692681,94,0
10,300,0,F,28,0,1,2.3522112369537354,0.11219704151153564,0.1453298032283783,300,1.0029879221692681,96,0
10,300,0,F,28,0,2,1.9371023178100586,0.10878574848175049,0.16169396042823792,300,1.0029879221692681,96,0
10,300,0,F,28,0,3,4.131128311157227,0.11225596070289612,0.24135178327560425,300,1.0029879221692681,94,0
10,300,0,F,28,1,0,6.538698196411133,1.7369122505187988,0.12975554168224335,300,1.0309717380441725,96,0
10,300,0,F,28,1,1,7.775276184082031,1.72908616065979,0.1403350681066513,300,1.0309717380441725,95,0
10,300,0,F,28,1,2,7.937792778015137,1.8019334077835083,0.149842768907547,300,1.0309717380441725,95,0
10,300,0,F,28,1,3,8.4398775100708,1.9242898225784302,0.1482420712709427,300,1.0309717380441725,95,0
10,300,0,F,29,0,0,10.487503051757812,-0.1043776273727417,0.22467651963233948,300,1.0326036950573325,96,0
10,300,0,F,29,0,1,11.846153259277344,0.20356833934783936,0.2073175013065338,300,1.0326036950573325,95,0
10,300,0,F,29,0,2,13.434906959533691,0.4059375524520874,0.21910232305526733,300,1.0326036950573325,95,0
10,300,0,F,29,0,3,9.178278923034668,0.37012410163879395,0.1739051192998886,300,1.0326036950573325,95,0
10,300,0,F,29,1,0,16.84819221496582,2.6502418518066406,0.15907679498195648,300,0.945402295794338,96,0
10,300,0,F,29,1,1,25.036561965942383,2.9220097064971924,0.24525490403175354,300,0.945402295794338,96,0
10,300,0,F,29,1,2,10.943923950195312,2.7217764854431152,0.12821441888809204,300,0.945402295794338,96,0
10,300,0,F,29,1,3,13.07924747467041,2.5418190956115723,0.12858529388904572,300,0.945402295794338,96,0
10,300,0,F,30,0,0,1.150890588760376,-0.5363056659698486,0.14833782613277435,300,0.9540899717248976,95,0
10,300,0,F,30,0,1,1.174349308013916,-0.5279431343078613,0.1547888219356537,300,0.9540899717248976,94,0
10,300,0,F,30,0,2,1.5830059051513672,-0.5788552761077881,0.21487414836883545,300,0.9540899717248976,96,0
10,300,0,F,30,0,3,1.6219593286514282,-0.4657440185546875,0.17131975293159485,300,0.9540899717248976,91,0
10,300,0,F,30,1,0,1.4697495698928833,0.012147054076194763,0.18210910260677338,300,0.9835056378506124,95,0
10,300,0,F,30,1,1,3.1597254276275635,-0.11110720038414001,0.3089921176433563,300,0.9835056378506124,94,0
10,300,0,F,30,1,2,1.2628861665725708,0.007333338260650635,0.18041016161441803,300,0.9835056378506124,94,0
10,300,0,F,30,1,3,1.486115574836731,-0.11519819498062134,0.1574448049068451,300,0.9835056378506124,93,0
10,300,0,F,31,0,0,5.127323627471924,-0.5983576774597168,0.13329027593135834,300,0.9694192130118608,95,0
10,300,0,F,31,0,1,10.879652976989746,-0.40812253952026367,0.290610134601593,300,0.9694192130118608,95,0
10,300,0,F,31,0,2,7.691391468048096,-0.2816951274871826,0.1629137098789215,300,0.9694192130118608,96,0
10,300,0,F,31,0,3,8.042566299438477,-0.1647583246231079,0.15979981422424316,300,0.9694192130118608,95,0
10,300,0,F,31,1,0,1.9473530054092407,0.8791307210922241,0.26255783438682556,300,0.9161009318195283,96,0
10,300,0,F,31,1,1,1.941079020500183,0.8357454538345337,0.25937747955322266,300,0.9161009318195283,94,0
10,300,0,F,31,1,2,2.2850093841552734,0.8270543813705444,0.22580598294734955,300,0.9161009318195283,93,0
10,300,0,F,31,1,3,2.4144582748413086,0.8367184400558472,0.3533175587654114,300,0.9161009318195283,94,0
10,300,0,F,32,0,0,0.7867201566696167,-0.4517293870449066,0.2132720649242401,300,0.8920323844067752,94,0
10,300,0,F,32,0,1,0.9264378547668457,-0.4703848958015442,0.2715725302696228,300,0.8920323844067752,95,0
10,300,0,F,32,0,2,0.34475409984588623,-0.4735684096813202,0.1774681657552719,300,0.8920323844067752,91,0
10,300,0,F,32,0,3,0.4049075245857239,-0.45970094203948975,0.16310475766658783,300,0.8920323844067752,91,0
10,300,0,F,32,1,0,6.655295372009277,1.137631893157959,0.32591623067855835,300,0.9876234279945493,94,0
10,300,0,F,32,1,1,4.891436576843262,1.2824243307113647,0.2629524767398834,300,0.9876234279945493,96,0
10,300,0,F,32,1,2,5.0110673904418945,1.1664412021636963,0.25329145789146423,300,0.9876234279945493,96,0
10,300,0,F,32,1,3,4.86944580078125,1.2719495296478271,0.2555908262729645,300,0.9876234279945493,96,0
10,300,0,F,33,0,0,15.372878074645996,0.9085592031478882,0.23339733481407166,300,0.9514169888570905,94,0
10,300,0,F,33,0,1,5.1495561599731445,1.2289588451385498,0.08726044744253159,300,0.9514169888570905,96,0
10,300,0,F,33,0,2,7.830560684204102,0.9817399978637695,0.13436445593833923,300,0.9514169888570905,92,0
10,300,0,F,33,0,3,6.775330543518066,1.4512746334075928,0.12860918045043945,300,0.9514169888570905,95,0
10,300,0,F,33,1,0,2.465264320373535,-1.8299826383590698,0.25186023116111755,300,0.8903561597689986,95,0
10,300,0,F,33,1,1,2.334282398223877,-1.843833565711975,0.235189288854599,300,0.8903561597689986,96,0
10,300,0,F,33,1,2,1.0363285541534424,-1.809913158416748,0.16687487065792084,300,0.8903561597689986,94,0
10,300,0,F,33,1,3,1.1109821796417236,-1.841091513633728,0.18436580896377563,300,0.8903561597689986,93,0
10,300,0,F,34,0,0,4.233306884765625,-1.0332673788070679,0.2703135013580322,300,1.0150586483068764,95,0
10,300,0,F,34,0,1,2.38185453414917,-0.9026796221733093,0.2201729118824005,300,1.0150586483068764,94,0
10,300,0,F,34,0,2,2.42242431640625,-0.8695531487464905,0.1717454493045807,300,1.0150586483068764,95,0
10,300,0,F,34,0,3,2.2497718334198,-0.9428164958953857,0.1644708812236786,300,1.0150586483068764,94,0
10,300,0,F,34,1,0,4.268415451049805,-0.915215015411377,0.16711322963237762,300,0.9501835778355598,96,0
10,300,0,F,34,1,1,4.905839920043945,-0.6901109218597412,0.18109911680221558,300,0.9501835778355598,93,0
10,300,0,F,34,1,2,5.435975074768066,-0.9493349194526672,0.21597334742546082,300,0.9501835778355598,96,0
10,300,0,F,34,1,3,6.690471649169922,-0.6500968933105469,0.1916079819202423,300,0.9501835778355598,94,0
10,300,0,F,35,0,0,5.209332466125488,-0.03571941703557968,0.24826602637767792,300,0.9990601800382137,95,0
10,300,0,F,35,0,1,6.200300216674805,0.09026843309402466,0.2688610553741455,300,0.9990601800382137,92,0
10,300,0,F,35,0,2,3.185370922088623,-0.06842197477817535,0.1410735547542572,300,0.9990601800382137,91,0
10,300,0,F,35,0,3,2.423672676086426,-0.00637633353471756,0.1245175302028656,300,0.9990601800382137,94,0
10,300,0,F,35,1,0,4.51176118850708,-2.341996669769287,0.18116791546344757,300,0.970219885930419,96,0
10,300,0,F,35,1,1,7.8090081214904785,-2.1860647201538086,0.21369624137878418,300,0.970219885930419,94,0
10,300,0,F,35,1,2,1.3419907093048096,-2.290344715118408,0.10405649989843369,300,0.970219885930419,96,0
10,300,0,F,35,1,3,3.1452488899230957,-2.3532910346984863,0.16663846373558044,300,0.970219885930419,92,0
10,300,1,F,0,0,0,2.2679688930511475,-1.1301665306091309,0.22326959669589996,300,0.9159161136485636,96,0
10,300,1,F,0,0,1,5.034171104431152,-1.3225555419921875,0.2998173236846924,300,0.9159161136485636,96,0
10,300,1,F,0,0,2,3.8116581439971924,-1.281396508216858,0.2712157070636749,300,0.9159161136485636,96,0
10,300,1,F,0,0,3,7.163430213928223,-1.2945733070373535,0.4211447536945343,300,0.9159161136485636,96,0
10,300,1,F,0,1,0,3.93599009513855,0.5627292394638062,0.19339923560619354,300,0.9692280679009855,84,0
10,300,1,F,0,1,1,6.069940567016602,0.3707278370857239,0.28016889095306396,300,0.9692280679009855,83,0
10,300,1,F,0,1,2,6.943790912628174,0.4872530400753021,0.3370092809200287,300,0.9692280679009855,88,0
10,300,1,F,0,1,3,9.548397064208984,0.26444709300994873,0.4374775290489197,300,0.9692280679009855,83,0
10,300,1,F,1,0,0,7.635520935058594,-0.06270311772823334,0.2882671356201172,300,0.9567533694207668,96,0
10,300,1,F,1,0,1,6.1766204833984375,0.06087258458137512,0.24911199510097504,300,0.9567533694207668,93,0
10,300,1,F,1,0,2,5.763267517089844,-0.18569672107696533,0.2150203138589859,300,0.9567533694207668,95,0
10,300,1,F,1,0,3,6.456876754760742,-0.1395271122455597,0.28945040702819824,300,0.9567533694207668,96,0
10,300,1,F,1,1,0,2.335392713546753,-0.9951596856117249,0.2397223562002182,300,0.9433417022228241,96,0
10,300,1,F,1,1,1,1.5264136791229248,-0.9279596209526062,0.16792505979537964,300,0.9433417022228241,95,0
10,300,1,F,1,1,2,4.612424373626709,-1.0013675689697266,0.3681318461894989,300,0.9433417022228241,95,0
10,300,1,F,1,1,3,1.8842339515686035,-0.9915569424629211,0.18466544151306152,300,0.9433417022228241,96,0
10,300,1,F,2,0,0,4.034210681915283,0.4741428792476654,0.2819313704967499,300,0.9371374831534922,95,0
10,300,1,F,2,0,1,3.544769525527954,0.6393605470657349,0.2423761934041977,300,0.9371374831534922,90,0
10,300,1,F,2,0,2,3.10897159576416,0.4602127969264984,0.282398521900177,300,0.9371374831534922,96,0
10,300,1,F,2,0,3,3.8043501377105713,0.5423120260238647,0.29972365498542786,300,0.9371374831534922,92,0
10,300,1,F,2,1,0,-0.6089819669723511,-1.556876540184021,0.22364027798175812,300,0.8354241140186787,94,0
10,300,1,F,2,1,1,-0.3818037509918213,-1.554274082183838,0.2500472366809845,300,0.8354241140186787,94,0
10,300,1,F,2,1,2,-0.8507099151611328,-1.5764321088790894,0.17199815809726715,300,0.8354241140186787,92,0
10,300,1,F,2,1,3,-0.35127031803131104,-1.5612386465072632,0.2628771960735321,300,0.8354241140186787,92,0
10,300,1,F,3,0,0,8.747306823730469,-0.9012038707733154,0.14466892182826996,300,0.9336888510733843,95,0
10,300,1,F,3,0,1,10.961677551269531,-1.027010202407837,0.18101143836975098,300,0.9336888510733843,96,0
10,300,1,F,3,0,2,5.622751235961914,-0.903620719909668,0.09376835823059082,300,0.9336888510733843,94,0
10,300,1,F,3,0,3,3.7419629096984863,-0.5845411419868469,0.062180448323488235,300,0.9336888510733843,96,0
10,300,1,F,3,1,0,3.6537399291992188,-0.723720908164978,0.10140493512153625,300,0.9169353009201586,91,0
10,300,1,F,3,1,1,6.251707077026367,-0.8037053346633911,0.14677411317825317,300,0.9169353009201586,90,0
10,300,1,F,3,1,2,6.298340320587158,-0.6143679022789001,0.13529826700687408,300,0.9169353009201586,86,0
10,300,1,F,3,1,3,7.783202648162842,-0.7048826217651367,0.17716963589191437,300,0.9169353009201586,95,0
10,300,1,F,4,0,0,13.95925521850586,-0.5164701342582703,0.18083731830120087,300,0.9817805681377649,93,0
10,300,1,F,4,0,1,13.610875129699707,-0.5225174427032471,0.170487180352211,300,0.9817805681377649,94,0
10,300,1,F,4,0,2,3.9369471073150635,-0.3934765160083771,0.06745176762342453,300,0.9817805681377649,92,0
10,300,1,F,4,0,3,9.09109115600586,-0.7949153184890747,0.1331087350845337,300,0.9817805681377649,94,0
10,300,1,F,4,1,0,20.808820724487305,2.357720375061035,0.1994745433330536,300,0.9737237319350243,80,0
10,300,1,F,4,1,1,22.008285522460938,1.9790350198745728,0.1863947957754135,300,0.9737237319350243,80,0
10,300,1,F,4,1,2,14.116765975952148,1.7605763673782349,0.13186295330524445,300,0.9737237319350243,82,0
10,300,1,F,4,1,3,22.09471893310547,2.1218321323394775,0.18933680653572083,300,0.9737237319350243,84,0
10,300,1,F,5,0,0,8.508004188537598,1.1292588710784912,0.27213969826698303,300,0.963181093800813,96,0
10,300,1,F,5,0,1,2.9503579139709473,1.1468628644943237,0.07820942997932434,300,0.963181093800813,94,0
10,300,1,F,5,0,2,3.5759880542755127,1.0350013971328735,0.09889263659715652,300,0.963181093800813,96,0
10,300,1,F,5,0,3,7.369424819946289,1.0267341136932373,0.23226526379585266,300,0.963181093800813,96,0
10,300,1,F,5,1,0,10.367414474487305,1.135799765586853,0.2551393210887909,300,1.0055781537666917,91,0
10,300,1,F,5,1,1,7.098459720611572,1.0955305099487305,0.16870880126953125,300,1.0055781537666917,94,0
10,300,1,F,5,1,2,11.009040832519531,1.0967388153076172,0.22560390830039978,300,1.0055781537666917,95,0
10,300,1,F,5,1,3,7.985172271728516,1.2901784181594849,0.1408655345439911,300,1.0055781537666917,86,0
10,300,1,F,6,0,0,5.728719711303711,1.9647959470748901,0.07958988845348358,300,0.9346451568417251,90,0
10,300,1,F,6,0,1,12.327788352966309,2.2041497230529785,0.21112661063671112,300,0.9346451568417251,85,0
10,300,1,F,6,0,2,7.614391326904297,1.9329029321670532,0.10168676823377609,300,0.9346451568417251,91,0
10,300,1,F,6,0,3,10.803177833557129,1.9944759607315063,0.14645583927631378,300,0.9346451568417251,88,0
10,300,1,F,6,1,0,7.399230003356934,1.9815137386322021,0.1662556529045105,300,1.0252183103002608,93,0
10,300,1,F,6,1,1,5.511938095092773,2.090606927871704,0.1360960602760315,300,1.0252183103002608,94,0
10,300,1,F,6,1,2,8.344766616821289,2.091862201690674,0.19378747045993805,300,1.0252183103002608,94,0
10,300,1,F,6,1,3,7.0901031494140625,2.140784740447998,0.16022859513759613,300,1.0252183103002608,96,0
10,300,1,F,7,0,0,15.840670585632324,1.0855740308761597,0.13895685970783234,300,0.9188345419242978,76,0
10,300,1,F,7,0,1,9.295223236083984,1.0080827474594116,0.057472310960292816,300,0.9188345419242978,78,0
10,300,1,F,7,0,2,16.280364990234375,2.091360092163086,0.09668046981096268,300,0.9188345419242978,82,0
10,300,1,F,7,0,3,13.14706802368164,1.8371210098266602,0.07862456887960434,300,0.9188345419242978,90,0
10,300,1,F,7,1,0,12.34350872039795,0.5318783521652222,0.1190953180193901,300,0.9516270789317787,87,0
10,300,1,F,7,1,1,8.047371864318848,0.6062161922454834,0.07777032256126404,300,0.9516270789317787,79,0
10,300,1,F,7,1,2,9.658843040466309,0.5398733019828796,0.11302521824836731,300,0.9516270789317787,74,0
10,300,1,F,7,1,3,4.453040599822998,0.4719012975692749,0.04309882968664169,300,0.9516270789317787,77,0
10,300,1,F,8,0,0,14.436029434204102,1.3130615949630737,0.1503298282623291,300,0.979257388971746,95,0
10,300,1,F,8,0,1,9.519998550415039,1.0906445980072021,0.11614333093166351,300,0.979257388971746,94,0
10,300,1,F,8,0,2,10.38569450378418,1.1555569171905518,0.1171262264251709,300,0.979257388971746,96,0
10,300,1,F,8,0,3,12.538433074951172,1.330269694328308,0.1266210526227951,300,0.979257388971746,96,0
10,300,1,F,8,1,0,5.076621055603027,2.0835959911346436,0.05289627984166145,300,0.9278551768511534,87,0
10,300,1,F,8,1,1,13.001628875732422,2.108534812927246,0.15915916860103607,300,0.9278551768511534,83,0
10,300,1,F,8,1,2,5.462606430053711,2.1573877334594727,0.05376235395669937,300,0.9278551768511534,81,0
10,300,1,F,8,1,3,8.56061840057373,2.17289400100708,0.1182050034403801,300,0.9278551768511534,86,0
10,300,1,F,9,0,0,6.361025810241699,2.146785259246826,0.100611612200737,300,1.008007022086531,94,0
10,300,1,F,9,0,1,5.245368957519531,2.325697422027588,0.09251044690608978,300,1.008007022086531,95,0
10,300,1,F,9,0,2,8.205345153808594,2.2319774627685547,0.183773934841156,300,1.008007022086531,95,0
10,300,1,F,9,0,3,7.341561317443848,2.1535592079162598,0.13994862139225006,300,1.008007022086531,95,0
10,300,1,F,9,1,0,1.6910037994384766,-0.2469542920589447,0.09292104095220566,300,0.9852244700305164,96,0
10,300,1,F,9,1,1,2.5803661346435547,-0.34211137890815735,0.12815101444721222,300,0.9852244700305164,92,0
10,300,1,F,9,1,2,1.8790462017059326,-0.3089579641819,0.12772366404533386,300,0.9852244700305164,95,0
10,300,1,F,9,1,3,2.0222349166870117,-0.18898698687553406,0.1159123033285141,300,0.9852244700305164,95,0
10,300,1,F,10,0,0,4.635131359100342,0.9658404588699341,0.097179114818573,300,0.9677425911650062,89,0
10,300,1,F,10,0,1,5.566490650177002,0.4156026840209961,0.12850138545036316,300,0.9677425911650062,84,0
10,300,1,F,10,0,2,6.719289302825928,0.7916883230209351,0.18279993534088135,300,0.9677425911650062,91,0
10,300,1,F,10,0,3,5.558331489562988,0.9215562343597412,0.13533659279346466,300,0.9677425911650062,89,0
10,300,1,F,10,1,0,2.7333998680114746,1.3408832550048828,0.15243050456047058,300,1.0276239081285894,94,0
10,300,1,F,10,1,1,2.403266191482544,1.4644150733947754,0.1003350168466568,300,1.0276239081285894,90,0
10,300,1,F,10,1,2,3.131481885910034,1.3503706455230713,0.166738361120224,300,1.0276239081285894,91,0
10,300,1,F,10,1,3,2.661114454269409,1.4346885681152344,0.14426448941230774,300,1.0276239081285894,92,0
10,300,1,F,11,0,0,4.306395053863525,1.5643819570541382,0.2402011603116989,300,0.9190845331177115,79,0
10,300,1,F,11,0,1,2.9742050170898438,1.620332956314087,0.1273951530456543,300,0.9190845331177115,73,0
10,300,1,F,11,0,2,2.991093635559082,1.5242794752120972,0.16242486238479614,300,0.9190845331177115,57,0
10,300,1,F,11,0,3,3.312641143798828,1.4826240539550781,0.1774393767118454,300,0.9190845331177115,81,0
10,300,1,F,11,1,0,9.693161010742188,3.2828330993652344,0.08822064846754074,300,0.9877849230542779,95,0
10,300,1,F,11,1,1,10.573522567749023,2.6779887676239014,0.1230824813246727,300,0.9877849230542779,95,0
10,300,1,F,11,1,2,9.13522720336914,2.523024082183838,0.09556931257247925,300,0.9877849230542779,95,0
10,300,1,F,11,1,3,12.479467391967773,2.986043930053711,0.14842410385608673,300,0.9877849230542779,92,0
10,300,1,F,12,0,0,-0.8903303146362305,-1.07481050491333,0.3905980885028839,300,0.881418501958251,96,0
10,300,1,F,12,0,1,-0.6017447710037231,-1.1039865016937256,0.6409568786621094,300,0.881418501958251,95,0
10,300,1,F,12,0,2,-0.6532570123672485,-1.1367626190185547,0.6417010426521301,300,0.881418501958251,95,0
10,300,1,F,12,0,3,-0.7881351113319397,-1.1002830266952515,0.5411159992218018,300,0.881418501958251,94,0
10,300,1,F,12,1,0,1.0020089149475098,0.18881244957447052,0.5150652527809143,300,0.9481813418678939,96,0
10,300,1,F,12,1,1,1.0417331457138062,0.4814862310886383,0.4310746490955353,300,0.9481813418678939,96,0
10,300,1,F,12,1,2,1.0915268659591675,0.18575403094291687,0.5512880682945251,300,0.9481813418678939,95,0
10,300,1,F,12,1,3,0.9171763062477112,0.1847662627696991,0.49739378690719604,300,0.9481813418678939,94,0
10,300,1,F,13,0,0,-0.1749534010887146,-1.034777045249939,0.4898758828639984,300,0.895522856619209,79,0
10,300,1,F,13,0,1,-0.049948811531066895,-1.1194822788238525,0.5246525406837463,300,0.895522856619209,93,0
10,300,1,F,13,0,2,-0.12355327606201172,-0.817735493183136,0.47036874294281006,300,0.895522856619209,95,0
10,300,1,F,13,0,3,0.31238508224487305,-1.1339962482452393,0.6063529253005981,300,0.895522856619209,93,0
10,300,1,F,13,1,0,2.5626068115234375,1.3489309549331665,0.590925395488739,300,0.8386702742427588,94,0
10,300,1,F,13,1,1,2.669163703918457,1.2820653915405273,0.5687757134437561,300,0.8386702742427588,87,0
10,300,1,F,13,1,2,2.670304298400879,1.2851933240890503,0.587436854839325,300,0.8386702742427588,78,0
10,300,1,F,13,1,3,2.646775960922241,1.2473257780075073,0.6417116522789001,300,0.8386702742427588,91,0
10,300,1,F,14,0,0,1.966110348701477,0.8550904393196106,0.40079405903816223,300,0.9772415761835873,86,0
10,300,1,F,14,0,1,1.9601752758026123,0.5768483877182007,0.45746490359306335,300,0.9772415761835873,66,0
10,300,1,F,14,0,2,1.7663111686706543,0.7465118169784546,0.3903941810131073,300,0.9772415761835873,70,0
10,300,1,F,14,0,3,1.822403073310852,0.6278953552246094,0.4244685471057892,300,0.9772415761835873,80,0
10,300,1,F,14,1,0,2.1795055866241455,1.2439324855804443,0.5035043954849243,300,0.975425171200186,92,0
10,300,1,F,14,1,1,2.1454224586486816,1.1828148365020752,0.5146849155426025,300,0.975425171200186,80,0
10,300,1,F,14,1,2,2.1921427249908447,1.2816905975341797,0.48464298248291016,300,0.975425171200186,73,0
10,300,1,F,14,1,3,2.4827680587768555,1.1523547172546387,0.5485737919807434,300,0.975425171200186,77,0
10,300,1,F,15,0,0,0.16370919346809387,-1.5239944458007812,0.7005113363265991,300,0.9527644268237054,90,0
10,300,1,F,15,0,1,0.7767410278320312,-1.4341535568237305,0.7870121002197266,300,0.9527644268237054,95,0
10,300,1,F,15,0,2,0.20063257217407227,-1.4764773845672607,0.7157973051071167,300,0.9527644268237054,84,0
10,300,1,F,15,0,3,0.37399783730506897,-1.549532175064087,0.7536879181861877,300,0.9527644268237054,90,0
10,300,1,F,15,1,0,-0.7878379821777344,-1.7891933917999268,0.781009316444397,300,1.0029128310270607,96,0
10,300,1,F,15,1,1,-0.5688977837562561,-1.935260534286499,0.8225014805793762,300,1.0029128310270607,96,0
10,300,1,F,15,1,2,-0.7006974816322327,-1.771740198135376,0.792404294013977,300,1.0029128310270607,96,0
10,300,1,F,15,1,3,-1.2434916496276855,-1.869776964187622,0.6346333026885986,300,1.0029128310270607,96,0
10,300,1,F,16,0,0,1.3741223812103271,-0.5291242599487305,0.7574493885040283,300,1.0263973330147564,93,0
10,300,1,F,16,0,1,1.6267203092575073,-0.5960546731948853,0.7943494915962219,300,1.0263973330147564,94,0
10,300,1,F,16,0,2,0.808657705783844,-0.70273756980896,0.7359315752983093,300,1.0263973330147564,96,0
10,300,1,F,16,0,3,1.205312728881836,-0.7001549005508423,0.7367600798606873,300,1.0263973330147564,96,0
10,300,1,F,16,1,0,-1.644722580909729,-2.8152616024017334,0.732882022857666,300,0.9600578150711954,93,0
10,300,1,F,16,1,1,-1.5522434711456299,-2.6946983337402344,0.7580385208129883,300,0.9600578150711954,95,0
10,300,1,F,16,1,2,-1.519033432006836,-2.8082656860351562,0.7673994898796082,300,0.9600578150711954,93,0
10,300,1,F,16,1,3,-1.5743838548660278,-2.782132863998413,0.7369539737701416,300,0.9600578150711954,95,0
10,300,1,F,17,0,0,0.8798058032989502,-1.6673338413238525,0.6068209409713745,300,0.992462660651654,88,0
10,300,1,F,17,0,1,0.6461324691772461,-1.9357190132141113,0.5992473363876343,300,0.992462660651654,74,0
10,300,1,F,17,0,2,0.258064866065979,-1.9540956020355225,0.5987344980239868,300,0.992462660651654,85,0
10,300,1,F,17,0,3,0.672527551651001,-2.0033223628997803,0.6127263903617859,300,0.992462660651654,89,0
10,300,1,F,17,1,0,1.2479865550994873,0.07658052444458008,0.7013254761695862,300,0.9839078467339277,93,0
10,300,1,F,17,1,1,1.0138627290725708,-0.21597325801849365,0.7250325083732605,300,0.9839078467339277,96,0
10,300,1,F,17,1,2,1.0734723806381226,-0.4397757053375244,0.7322354912757874,300,0.9839078467339277,92,0
10,300,1,F,17,1,3,0.9087534546852112,-0.44222307205200195,0.6916341781616211,300,0.9839078467339277,96,0
10,300,1,F,18,0,0,2.0574395656585693,-1.1080377101898193,0.36956092715263367,300,0.9373214496299624,77,0
10,300,1,F,18,0,1,2.2886037826538086,-1.0550026893615723,0.41572779417037964,300,0.9373214496299624,80,0
10,300,1,F,18,0,2,0.8605220317840576,-1.0355234146118164,0.3300348222255707,300,0.9373214496299624,81,0
10,300,1,F,18,0,3,1.8682355880737305,-1.1489644050598145,0.34665006399154663,300,0.9373214496299624,76,0
10,300,1,F,18,1,0,0.5973039865493774,-0.4153960943222046,0.32175159454345703,300,0.9366381326690316,85,0
10,300,1,F,18,1,1,0.8682911992073059,-0.524165153503418,0.41191965341567993,300,0.9366381326690316,82,0
10,300,1,F,18,1,2,0.6621173024177551,-0.5493560433387756,0.3332318961620331,300,0.9366381326690316,87,0
10,300,1,F,18,1,3,0.9024512767791748,-0.5485479235649109,0.43350347876548767,300,0.9366381326690316,89,0
10,300,1,F,19,0,0,-0.7998606562614441,-3.5422096252441406,0.41195255517959595,300,0.9844036852009594,82,0
10,300,1,F,19,0,1,-0.23441147804260254,-3.5366554260253906,0.46894943714141846,300,0.9844036852009594,94,0
10,300,1,F,19,0,2,-0.06803834438323975,-3.5926358699798584,0.4278284013271332,300,0.9844036852009594,89,0
10,300,1,F,19,0,3,-0.33455634117126465,-3.582223653793335,0.4604337215423584,300,0.9844036852009594,94,0
10,300,1,F,19,1,0,1.6661111116409302,-0.09440493583679199,0.36999762058258057,300,0.9644348323345184,87,0
10,300,1,F,19,1,1,2.016334056854248,-0.15710234642028809,0.3880600333213806,300,0.9644348323345184,91,0
10,300,1,F,19,1,2,2.0365049839019775,-0.1980816125869751,0.4356926381587982,300,0.9644348323345184,88,0
10,300,1,F,19,1,3,1.9346702098846436,-0.06808006763458252,0.32882416248321533,300,0.9644348323345184,89,0
10,300,1,F,20,0,0,1.5388593673706055,0.5618927478790283,0.3502977788448334,300,0.9125126344151795,94,0
10,300,1,F,20,0,1,1.2430931329727173,0.6534101366996765,0.20816105604171753,300,0.9125126344151795,92,0
10,300,1,F,20,0,2,1.1971702575683594,0.5373381972312927,0.2309258133172989,300,0.9125126344151795,96,0
10,300,1,F,20,0,3,1.2077268362045288,0.6380432844161987,0.21193712949752808,300,0.9125126344151795,95,0
10,300,1,F,20,1,0,0.8784558773040771,0.052885353565216064,0.20514245331287384,300,0.9577098172158003,96,0
10,300,1,F,20,1,1,1.2539275884628296,0.047249674797058105,0.2568562924861908,300,0.9577098172158003,96,0
10,300,1,F,20,1,2,0.9377898573875427,0.12163668870925903,0.2103120982646942,300,0.9577098172158003,96,0
10,300,1,F,20,1,3,1.259364366531372,0.07825958728790283,0.3478926420211792,300,0.9577098172158003,95,0
10,300,1,F,21,0,0,-0.9545227289199829,-1.886570692062378,0.4742890000343323,300,0.9820298668928444,96,0
10,300,1,F,21,0,1,-0.7674684524536133,-1.9483646154403687,0.5140340924263,300,0.9820298668928444,96,0
10,300,1,F,21,0,2,-0.6687464714050293,-1.8861130475997925,0.5788185596466064,300,0.9820298668928444,95,0
10,300,1,F,21,0,3,-1.2033295631408691,-1.9548982381820679,0.42874178290367126,300,0.9820298668928444,96,0
10,300,1,F,21,1,0,2.3502233028411865,1.2833329439163208,0.5003812313079834,300,0.930487731937319,90,0
10,300,1,F,21,1,1,2.678206443786621,1.3412376642227173,0.541032612323761,300,0.930487731937319,87,0
10,300,1,F,21,1,2,2.6719472408294678,1.3655937910079956,0.5439068675041199,300,0.930487731937319,86,0
10,300,1,F,21,1,3,1.9937427043914795,1.2830930948257446,0.3685154914855957,300,0.930487731937319,90,0
10,300,1,F,22,0,0,1.084089994430542,-1.6119390726089478,0.4672592282295227,300,1.045395183376968,94,0
10,300,1,F,22,0,1,1.470184087753296,-1.3774306774139404,0.45041894912719727,300,1.045395183376968,95,0
10,300,1,F,22,0,2,2.1151812076568604,-1.1955357789993286,0.48131340742111206,300,1.045395183376968,94,0
10,300,1,F,22,0,3,0.8042654991149902,-1.4288917779922485,0.39160215854644775,300,1.045395183376968,95,0
10,300,1,F,22,1,0,4.224003791809082,1.9290486574172974,0.5254794955253601,300,0.9856515992432833,94,0
10,300,1,F,22,1,1,3.732542037963867,1.9805060625076294,0.4773579239845276,300,0.9856515992432833,93,0
10,300,1,F,22,1,2,4.045731544494629,2.1324024200439453,0.522337019443512,300,0.9856515992432833,92,0
10,300,1,F,22,1,3,3.6509201526641846,1.9023019075393677,0.44049444794654846,300,0.9856515992432833,93,0
10,300,1,F,23,0,0,1.1278386116027832,-0.5155280828475952,0.33764421939849854,300,1.0690385471098125,85,0
10,300,1,F,23,0,1,1.8352231979370117,-0.46842098236083984,0.4022792875766754,300,1.0690385471098125,76,0
10,300,1,F,23,0,2,2.146632432937622,-0.531013548374176,0.4543713331222534,300,1.0690385471098125,83,0
10,300,1,F,23,0,3,2.005988359451294,-0.7432876825332642,0.45321330428123474,300,1.0690385471098125,84,0
10,300,1,F,23,1,0,3.89512300491333,1.0275880098342896,0.41348037123680115,300,0.9805457200855017,79,0
10,300,1,F,23,1,1,2.9098620414733887,1.0206133127212524,0.30516377091407776,300,0.9805457200855017,96,0
10,300,1,F,23,1,2,3.5598556995391846,1.0608617067337036,0.40064486861228943,300,0.9805457200855017,86,0
10,300,1,F,23,1,3,3.027961492538452,0.9882274866104126,0.3367067277431488,300,0.9805457200855017,84,0
10,300,1,F,24,0,0,1.2180602550506592,-0.8373229503631592,0.09319552034139633,300,0.9580970113165677,96,0
10,300,1,F,24,0,1,1.988248348236084,-1.0771458148956299,0.13351400196552277,300,0.9580970113165677,93,0
10,300,1,F,24,0,2,1.1994569301605225,-1.1185866594314575,0.09671064466238022,300,0.9580970113165677,94,0
10,300,1,F,24,0,3,1.112743616104126,-1.103888750076294,0.10776445269584656,300,0.9580970113165677,94,0
10,300,1,F,24,1,0,2.2016756534576416,-0.6623529195785522,0.17734277248382568,300,1.0461096120998263,95,0
10,300,1,F,24,1,1,1.6673555374145508,-0.7756183743476868,0.12442666292190552,300,1.0461096120998263,96,0
10,300,1,F,24,1,2,0.889106273651123,-0.8792099952697754,0.11021622270345688,300,1.0461096120998263,94,0
10,300,1,F,24,1,3,1.5734436511993408,-0.9112640619277954,0.1210278570652008,300,1.0461096120998263,96,0
10,300,1,F,25,0,0,2.7554595470428467,-1.3663926124572754,0.18129277229309082,300,0.986066544894129,95,0
10,300,1,F,25,0,1,2.9436023235321045,-1.4287289381027222,0.19145210087299347,300,0.986066544894129,94,0
10,300,1,F,25,0,2,1.0462009906768799,-1.4691526889801025,0.1126488670706749,300,0.986066544894129,89,0
10,300,1,F,25,0,3,1.6983835697174072,-1.410404920578003,0.14870715141296387,300,0.986066544894129,90,0
10,300,1,F,25,1,0,1.131813645362854,-0.08749336004257202,0.20248141884803772,300,1.088667657226324,92,0
10,300,1,F,25,1,1,0.645761251449585,-0.07525429129600525,0.14758656919002533,300,1.088667657226324,94,0
10,300,1,F,25,1,2,1.5584734678268433,-0.10893913358449936,0.24664446711540222,300,1.088667657226324,88,0
10,300,1,F,25,1,3,0.7793365716934204,-0.0906880795955658,0.15224327147006989,300,1.088667657226324,94,0
10,300,1,F,26,0,0,1.7458980083465576,-0.5906992554664612,0.10526081919670105,300,1.0603653360158205,74,0
10,300,1,F,26,0,1,3.0751731395721436,-0.6546737551689148,0.15514034032821655,300,1.0603653360158205,85,0
10,300,1,F,26,0,2,4.076772689819336,-0.6715450882911682,0.15604393184185028,300,1.0603653360158205,81,0
10,300,1,F,26,0,3,6.7130889892578125,-0.2667531967163086,0.23347653448581696,300,1.0603653360158205,86,0
10,300,1,F,26,1,0,5.27493953704834,2.4666285514831543,0.1343793272972107,300,1.0658076289109886,85,0
10,300,1,F,26,1,1,5.842391014099121,2.514528751373291,0.16021937131881714,300,1.0658076289109886,83,0
10,300,1,F,26,1,2,6.490065574645996,2.6008145809173584,0.19728244841098785,300,1.0658076289109886,89,0
10,300,1,F,26,1,3,5.711503505706787,2.5086755752563477,0.16831469535827637,300,1.0658076289109886,85,0
10,300,1,F,27,0,0,7.587168216705322,1.5342265367507935,0.22570925951004028,300,1.1265126899816096,91,0
10,300,1,F,27,0,1,7.272269248962402,1.6861374378204346,0.19911757111549377,300,1.1265126899816096,82,0
10,300,1,F,27,0,2,6.503210067749023,1.5886739492416382,0.19862967729568481,300,1.1265126899816096,86,0
10,300,1,F,27,0,3,5.173687934875488,1.584826111793518,0.14359891414642334,300,1.1265126899816096,79,0
10,300,1,F,27,1,0,1.1392803192138672,-1.0880215167999268,0.09225545078516006,300,1.1742221903987229,96,0
10,300,1,F,27,1,1,1.9025976657867432,-1.0878138542175293,0.09884436428546906,300,1.1742221903987229,93,0
10,300,1,F,27,1,2,4.048653602600098,-0.7889329195022583,0.1700708568096161,300,1.1742221903987229,96,0
10,300,1,F,27,1,3,1.312709093093872,-0.8317594528198242,0.0738469585776329,300,1.1742221903987229,96,0
10,300,1,F,28,0,0,1.9580254554748535,0.20626941323280334,0.11100884526968002,300,1.1760373506695032,74,0
10,300,1,F,28,0,1,2.3522112369537354,0.13699084520339966,0.14395278692245483,300,1.1760373506695032,80,0
10,300,1,F,28,0,2,1.9371023178100586,0.08595386147499084,0.16338329017162323,300,1.1760373506695032,81,0
10,300,1,F,28,0,3,4.131128311157227,0.19299328327178955,0.23765546083450317,300,1.1760373506695032,76,0
10,300,1,F,28,1,0,6.538698196411133,1.8441319465637207,0.1272268444299698,300,1.1241927882656455,91,0
10,300,1,F,28,1,1,7.775276184082031,1.80338716506958,0.13884995877742767,300,1.1241927882656455,87,0
10,300,1,F,28,1,2,7.937792778015137,1.7665607929229736,0.15057651698589325,300,1.1241927882656455,90,0
10,300,1,F,28,1,3,8.4398775100708,2.0402472019195557,0.14598897099494934,300,1.1241927882656455,84,0
10,300,1,F,29,0,0,10.487503051757812,0.4332033395767212,0.21573331952095032,300,1.0206750300712883,96,0
10,300,1,F,29,0,1,11.846153259277344,0.30594658851623535,0.20586979389190674,300,1.0206750300712883,94,0
10,300,1,F,29,0,2,13.434906959533691,0.4264591932296753,0.21883273124694824,300,1.0206750300712883,95,0
10,300,1,F,29,0,3,9.178278923034668,0.07922875881195068,0.17862257361412048,300,1.0206750300712883,96,0
10,300,1,F,29,1,0,16.84819221496582,2.814114570617676,0.15752996504306793,300,1.1658033421263099,94,0
10,300,1,F,29,1,1,25.036561965942383,3.08747935295105,0.24386735260486603,300,1.1658033421263099,94,0
10,300,1,F,29,1,2,10.943923950195312,3.176008939743042,0.12199534475803375,300,1.1658033421263099,95,0
10,300,1,F,29,1,3,13.07924747467041,3.0399603843688965,0.12325586378574371,300,1.1658033421263099,95,0
10,300,1,F,30,0,0,1.150890588760376,-0.4161885380744934,0.13924773037433624,300,1.0879277186468244,93,0
10,300,1,F,30,0,1,1.174349308013916,-0.46372056007385254,0.14982400834560394,300,1.0879277186468244,94,0
10,300,1,F,30,0,2,1.5830059051513672,-0.3202681541442871,0.19416268169879913,300,1.0879277186468244,89,0
10,300,1,F,30,0,3,1.6219593286514282,-0.46857526898384094,0.17151226103305817,300,1.0879277186468244,93,0
10,300,1,F,30,1,0,1.4697495698928833,0.11279037594795227,0.17169389128684998,300,1.0131736821494997,95,0
10,300,1,F,30,1,1,3.1597254276275635,-0.024236738681793213,0.30327439308166504,300,1.0131736821494997,96,0
10,300,1,F,30,1,2,1.2628861665725708,-0.10685738921165466,0.19364094734191895,300,1.0131736821494997,93,0
10,300,1,F,30,1,3,1.486115574836731,-0.03719717264175415,0.1509331315755844,300,1.0131736821494997,95,0
10,300,1,F,31,0,0,5.127323627471924,-0.01022350788116455,0.12125907838344574,300,1.0017972039058805,96,0
10,300,1,F,31,0,1,10.879652976989746,-0.08961081504821777,0.28474485874176025,300,1.0017972039058805,96,0
10,300,1,F,31,0,2,7.691391468048096,0.45130956172943115,0.15018565952777863,300,1.0017972039058805,92,0
10,300,1,F,31,0,3,8.042566299438477,-0.14560651779174805,0.15948639810085297,300,1.0017972039058805,95,0
10,300,1,F,31,1,0,1.9473530054092407,0.8698548078536987,0.26423531770706177,300,0.9634167868643999,92,0
10,300,1,F,31,1,1,1.941079020500183,0.8686745166778564,0.2536100149154663,300,0.9634167868643999,91,0
10,300,1,F,31,1,2,2.2850093841552734,0.856507420539856,0.22225819528102875,300,0.9634167868643999,94,0
10,300,1,F,31,1,3,2.4144582748413086,0.845016360282898,0.35211363434791565,300,0.9634167868643999,95,0
10,300,1,F,32,0,0,0.7867201566696167,-0.38973215222358704,0.2047819346189499,300,1.0665531558915973,84,0
10,300,1,F,32,0,1,0.9264378547668457,-0.4389325678348541,0.267090767621994,300,1.0665531558915973,77,0
10,300,1,F,32,0,2,0.34475409984588623,-0.4516626000404358,0.17354193329811096,300,1.0665531558915973,83,0
10,300,1,F,32,0,3,0.4049075245857239,-0.4733939468860626,0.16526100039482117,300,1.0665531558915973,76,0
10,300,1,F,32,1,0,6.655295372009277,1.1956413984298706,0.3235985338687897,300,0.9924298417754471,86,0
10,300,1,F,32,1,1,4.891436576843262,1.2644577026367188,0.2639160454273224,300,0.9924298417754471,90,0
10,300,1,F,32,1,2,5.0110673904418945,1.2886513471603394,0.24723057448863983,300,0.9924298417754471,91,0
10,300,1,F,32,1,3,4.86944580078125,1.3771605491638184,0.24998454749584198,300,0.9924298417754471,80,0
10,300,1,F,33,0,0,15.372878074645996,0.9143056869506836,0.2333262413740158,300,0.964580437168479,92,0
10,300,1,F,33,0,1,5.1495561599731445,1.2561924457550049,0.08670686185359955,300,0.964580437168479,95,0
10,300,1,F,33,0,2,7.830560684204102,1.269322156906128,0.12945283949375153,300,0.964580437168479,90,0
10,300,1,F,33,0,3,6.775330543518066,1.314253568649292,0.13148389756679535,300,0.964580437168479,92,0
10,300,1,F,33,1,0,2.465264320373535,-1.639196753501892,0.24339602887630463,300,0.874869171064347,79,0
10,300,1,F,33,1,1,2.334282398223877,-1.8330578804016113,0.23472510278224945,300,0.874869171064347,84,0
10,300,1,F,33,1,2,1.0363285541534424,-1.8251426219940186,0.16761809587478638,300,0.874869171064347,77,0
10,300,1,F,33,1,3,1.1109821796417236,-1.8047436475753784,0.18251007795333862,300,0.874869171064347,74,0
10,300,1,F,34,0,0,4.233306884765625,-1.0423945188522339,0.27065515518188477,300,0.8416276792995632,90,0
10,300,1,F,34,0,1,2.38185453414917,-0.8857381939888,0.21928629279136658,300,0.8416276792995632,79,0
10,300,1,F,34,0,2,2.42242431640625,-0.9907606840133667,0.17695003747940063,300,0.8416276792995632,82,0
10,300,1,F,34,0,3,2.2497718334198,-0.9080712795257568,0.16297264397144318,300,0.8416276792995632,88,0
10,300,1,F,34,1,0,4.268415451049805,-0.8807094693183899,0.16618569195270538,300,0.9798530358821154,95,0
10,300,1,F,34,1,1,4.905839920043945,-0.6173720359802246,0.17916685342788696,300,0.9798530358821154,88,0
10,300,1,F,34,1,2,5.435975074768066,-0.7095335721969604,0.20956216752529144,300,0.9798530358821154,94,0
10,300,1,F,34,1,3,6.690471649169922,-0.5369457602500916,0.18921329081058502,300,0.9798530358821154,92,0
10,300,1,F,35,0,0,5.209332466125488,0.1550855189561844,0.2414149045944214,300,0.9694571220315993,96,0
10,300,1,F,35,0,1,6.200300216674805,0.10405479371547699,0.26841726899147034,300,0.9694571220315993,87,0
10,300,1,F,35,0,2,3.185370922088623,0.009903788566589355,0.13814674317836761,300,0.9694571220315993,95,0
10,300,1,F,35,0,3,2.423672676086426,0.21017606556415558,0.11469390243291855,300,0.9694571220315993,93,0
10,300,1,F,35,1,0,4.51176118850708,-2.07240891456604,0.17529094219207764,300,1.0265677557326853,93,0
10,300,1,F,35,1,1,7.8090081214904785,-2.0891268253326416,0.21206319332122803,300,1.0265677557326853,92,0
10,300,1,F,35,1,2,1.3419907093048096,-2.2458066940307617,0.10291191190481186,300,1.0265677557326853,85,0
10,300,1,F,35,1,3,3.1452488899230957,-2.2766151428222656,0.16469745337963104,300,1.0265677557326853,85,0
10,300,2,F,0,0,0,2.2679688930511475,-1.0069339275360107,0.21692921221256256,300,0.9690683740191162,48,0
10,300,2,F,0,0,1,5.034171104431152,-1.247305989265442,0.29732343554496765,300,0.9690683740191162,34,0
10,300,2,F,0,0,2,3.8116581439971924,-1.191768765449524,0.26772060990333557,300,0.9690683740191162,32,0
10,300,2,F,0,0,3,7.163430213928223,-1.1755751371383667,0.41769447922706604,300,0.9690683740191162,40,0
10,300,2,F,0,1,0,3.93599009513855,0.4420246481895447,0.19894281029701233,300,0.9673631023615599,32,0
10,300,2,F,0,1,1,6.069940567016602,0.2307996153831482,0.28508663177490234,300,0.9673631023615599,35,0
10,300,2,F,0,1,2,6.943790912628174,0.3254701495170593,0.3425610661506653,300,0.9673631023615599,47,0
10,300,2,F,0,1,3,9.548397064208984,0.3803725838661194,0.43438780307769775,300,0.9673631023615599,40,0
10,300,2,F,1,0,0,7.635520935058594,-0.05494755506515503,0.28806036710739136,300,0.9195479052141309,32,0
10,300,2,F,1,0,1,6.1766204833984375,0.02065470814704895,0.250340074300766,300,0.9195479052141309,40,0
10,300,2,F,1,0,2,5.763267517089844,-0.11947999894618988,0.21313707530498505,300,0.9195479052141309,37,0
10,300,2,F,1,0,3,6.456876754760742,-0.03369815647602081,0.28613537549972534,300,0.9195479052141309,33,0
10,300,2,F,1,1,0,2.335392713546753,-0.9697508811950684,0.23832941055297852,300,0.9342049080878496,21,0
10,300,2,F,1,1,1,1.5264136791229248,-0.9094260931015015,0.16686859726905823,300,0.9342049080878496,34,0
10,300,2,F,1,1,2,4.612424373626709,-0.817455530166626,0.36041831970214844,300,0.9342049080878496,44,0
10,300,2,F,1,1,3,1.8842339515686035,-1.0380725860595703,0.1870935708284378,300,0.9342049080878496,27,0
10,300,2,F,2,0,0,4.034210681915283,0.540193498134613,0.2781555652618408,300,0.9665755657479167,57,0
10,300,2,F,2,0,1,3.544769525527954,0.5447351932525635,0.2483099400997162,300,0.9665755657479167,39,0
10,300,2,F,2,0,2,3.10897159576416,0.482302725315094,0.28070446848869324,300,0.9665755657479167,41,0
10,300,2,F,2,0,3,3.8043501377105713,0.4768598675727844,0.30390986800193787,300,0.9665755657479167,40,0
10,300,2,F,2,1,0,-0.6089819669723511,-1.5605602264404297,0.22431442141532898,300,0.9627386620268226,41,0
10,300,2,F,2,1,1,-0.3818037509918213,-1.5707224607467651,0.2526687979698181,300,0.9627386620268226,30,0
10,300,2,F,2,1,2,-0.8507099151611328,-1.61339271068573,0.17918828129768372,300,0.9627386620268226,51,0
10,300,2,F,2,1,3,-0.35127031803131104,-1.5767333507537842,0.2653502821922302,300,0.9627386620268226,40,0
10,300,2,F,3,0,0,8.747306823730469,-0.9246998429298401,0.1449701488018036,300,0.8721780851483345,47,0
10,300,2,F,3,0,1,10.961677551269531,-0.8441507816314697,0.17874403297901154,300,0.8721780851483345,42,0
10,300,2,F,3,0,2,5.622751235961914,-0.49872708320617676,0.08846564590930939,300,0.8721780851483345,53,0
10,300,2,F,3,0,3,3.7419629096984863,-0.2590080499649048,0.05777217820286751,300,0.8721780851483345,51,0
10,300,2,F,3,1,0,3.6537399291992188,-0.6491003036499023,0.0998489260673523,300,1.0293993409723043,46,0
10,300,2,F,3,1,1,6.251707077026367,-0.7461839318275452,0.14575190842151642,300,1.0293993409723043,40,0
10,300,2,F,3,1,2,6.298340320587158,-0.6232420206069946,0.1354484260082245,300,1.0293993409723043,46,0
10,300,2,F,3,1,3,7.783202648162842,-0.43567973375320435,0.17252004146575928,300,1.0293993409723043,47,0
10,300,2,F,4,0,0,13.95925521850586,-0.0529787540435791,0.17606660723686218,300,0.92728725168854,47,0
10,300,2,F,4,0,1,13.610875129699707,-0.5722908973693848,0.1709849238395691,300,0.92728725168854,30,0
10,300,2,F,4,0,2,3.9369471073150635,-0.5793600678443909,0.07014404237270355,300,0.92728725168854,36,0
10,300,2,F,4,0,3,9.09109115600586,-0.3009417653083801,0.12730439007282257,300,0.92728725168854,39,0
10,300,2,F,4,1,0,20.808820724487305,2.1685309410095215,0.20110854506492615,300,0.9825373832136393,39,0
10,300,2,F,4,1,1,22.008285522460938,2.422922134399414,0.1830199509859085,300,0.9825373832136393,44,0
10,300,2,F,4,1,2,14.116765975952148,2.0250051021575928,0.1294061839580536,300,0.9825373832136393,36,0
10,300,2,F,4,1,3,22.09471893310547,2.7020580768585205,0.184853196144104,300,0.9825373832136393,44,0
10,300,2,F,5,0,0,8.508004188537598,1.232196569442749,0.2693658173084259,300,0.9794375831261277,49,0
10,300,2,F,5,0,1,2.9503579139709473,1.1333261728286743,0.07875022292137146,300,0.9794375831261277,37,0
10,300,2,F,5,0,2,3.5759880542755127,1.0596528053283691,0.0980272889137268,300,0.9794375831261277,45,0
10,300,2,F,5,0,3,7.369424819946289,1.149318814277649,0.2288033813238144,300,0.9794375831261277,39,0
10,300,2,F,5,1,0,10.367414474487305,1.201480746269226,0.25378474593162537,300,0.9397627389989793,35,0
10,300,2,F,5,1,1,7.098459720611572,1.1975009441375732,0.16631963849067688,300,0.9397627389989793,36,0
10,300,2,F,5,1,2,11.009040832519531,1.1517800092697144,0.22463259100914001,300,0.9397627389989793,30,0
10,300,2,F,5,1,3,7.985172271728516,1.2818299531936646,0.1410164088010788,300,0.9397627389989793,49,0
10,300,2,F,6,0,0,5.728719711303711,2.1722958087921143,0.07553362846374512,300,0.9435116592794657,48,0
10,300,2,F,6,0,1,12.327788352966309,1.9279906749725342,0.21564392745494843,300,0.9435116592794657,40,0
10,300,2,F,6,0,2,7.614391326904297,1.8771045207977295,0.10258299112319946,300,0.9435116592794657,40,0
10,300,2,F,6,0,3,10.803177833557129,2.167090892791748,0.14399917423725128,300,0.9435116592794657,29,0
10,300,2,F,6,1,0,7.399230003356934,2.0850582122802734,0.1635979861021042,300,0.9094971693120897,42,0
10,300,2,F,6,1,1,5.511938095092773,2.0070033073425293,0.13895957171916962,300,0.9094971693120897,32,0
10,300,2,F,6,1,2,8.344766616821289,2.0502421855926514,0.19482602179050446,300,0.9094971693120897,32,0
10,300,2,F,6,1,3,7.0901031494140625,2.094130754470825,0.16149502992630005,300,0.9094971693120897,34,0
10,300,2,F,7,0,0,15.840670585632324,0.4756258726119995,0.1438746303319931,300,1.0064624291844666,45,0
10,300,2,F,7,0,1,9.295223236083984,1.8075289726257324,0.05221755430102348,300,1.0064624291844666,68,0
10,300,2,F,7,0,2,16.280364990234375,0.4479883313179016,0.10668341815471649,300,1.0064624291844666,53,0
10,300,2,F,7,0,3,13.14706802368164,1.7337009906768799,0.07928653061389923,300,1.0064624291844666,63,0
10,300,2,F,7,1,0,12.34350872039795,0.6511334776878357,0.11803480237722397,300,0.922186384908855,54,0
10,300,2,F,7,1,1,8.047371864318848,0.8517338037490845,0.0753978043794632,300,0.922186384908855,55,0
10,300,2,F,7,1,2,9.658843040466309,0.8238143920898438,0.10989264398813248,300,0.922186384908855,43,0
10,300,2,F,7,1,3,4.453040599822998,1.1730587482452393,0.035779859870672226,300,0.922186384908855,32,0
10,300,2,F,8,0,0,14.436029434204102,1.2391828298568726,0.15104833245277405,300,1.0100713493302464,55,0
10,300,2,F,8,0,1,9.519998550415039,1.8953673839569092,0.10623340308666229,300,1.0100713493302464,62,0
10,300,2,F,8,0,2,10.38569450378418,1.3286188840866089,0.11518310010433197,300,1.0100713493302464,57,0
10,300,2,F,8,0,3,12.538433074951172,1.1859157085418701,0.1280430406332016,300,1.0100713493302464,57,0
10,300,2,F,8,1,0,5.076621055603027,2.074302911758423,0.05305180698633194,300,0.9683297988958657,41,0
10,300,2,F,8,1,1,13.001628875732422,2.1573052406311035,0.15855959057807922,300,0.9683297988958657,52,0
10,300,2,F,8,1,2,5.462606430053711,2.2232251167297363,0.0527479387819767,300,0.9683297988958657,40,0
10,300,2,F,8,1,3,8.56061840057373,2.176121711730957,0.11815235018730164,300,0.9683297988958657,38,0
10,300,2,F,9,0,0,6.361025810241699,2.35007381439209,0.09622527658939362,300,0.973944007884711,56,0
10,300,2,F,9,0,1,5.245368957519531,2.4160008430480957,0.08990640938282013,300,0.973944007884711,53,0
10,300,2,F,9,0,2,8.205345153808594,2.245687246322632,0.1834295243024826,300,0.973944007884711,52,0
10,300,2,F,9,0,3,7.341561317443848,1.9954746961593628,0.14360064268112183,300,0.973944007884711,49,0
10,300,2,F,9,1,0,1.6910037994384766,-0.3396889865398407,0.09693644940853119,300,0.9279320440255105,42,0
10,300,2,F,9,1,1,2.5803661346435547,-0.2413477599620819,0.12428166717290878,300,0.9279320440255105,40,0
10,300,2,F,9,1,2,1.8790462017059326,-0.1673392951488495,0.12045251578092575,300,0.9279320440255105,53,0
10,300,2,F,9,1,3,2.0222349166870117,-0.27569323778152466,0.11991243064403534,300,0.9279320440255105,45,0
10,300,2,F,10,0,0,4.635131359100342,1.0179249048233032,0.0959320217370987,300,0.9300827961415052,47,0
10,300,2,F,10,0,1,5.566490650177002,0.9471765756607056,0.11678877472877502,300,0.9300827961415052,46,0
10,300,2,F,10,0,2,6.719289302825928,1.1754416227340698,0.17301295697689056,300,0.9300827961415052,42,0
10,300,2,F,10,0,3,5.558331489562988,1.242695689201355,0.1271551549434662,300,0.9300827961415052,49,0
10,300,2,F,10,1,0,2.7333998680114746,1.4247815608978271,0.14457440376281738,300,0.8854801789857447,32,0
10,300,2,F,10,1,1,2.403266191482544,1.3327140808105469,0.11282193660736084,300,0.8854801789857447,38,0
10,300,2,F,10,1,2,3.131481885910034,1.3530189990997314,0.1665317267179489,300,0.8854801789857447,31,0
10,300,2,F,10,1,3,2.661114454269409,1.334212064743042,0.15426033735275269,300,0.8854801789857447,38,0
10,300,2,F,11,0,0,4.306395053863525,1.560293197631836,0.2404731959104538,300,0.9747105157002807,50,0
10,300,2,F,11,0,1,2.9742050170898438,1.535393238067627,0.13431420922279358,300,0.9747105157002807,55,0
10,300,2,F,11,0,2,2.991093635559082,1.5069167613983154,0.16403211653232574,300,0.9747105157002807,32,0
10,300,2,F,11,0,3,3.312641143798828,1.6270601749420166,0.16575613617897034,300,0.9747105157002807,46,0
10,300,2,F,11,1,0,9.693161010742188,2.730865001678467,0.09509461373090744,300,0.9569096332415938,54,0
10,300,2,F,11,1,1,10.573522567749023,3.003748655319214,0.1186065524816513,300,0.9569096332415938,60,0
10,300,2,F,11,1,2,9.13522720336914,2.9214746952056885,0.09033053368330002,300,0.9569096332415938,53,0
10,300,2,F,11,1,3,12.479467391967773,3.205637216567993,0.14549040794372559,300,0.9569096332415938,46,0
10,300,2,F,12,0,0,-0.8903303146362305,-1.1338047981262207,0.45826512575149536,300,0.9514239551499486,48,0
10,300,2,F,12,0,1,-0.6017447710037231,-1.109515905380249,0.6434727311134338,300,0.9514239551499486,44,0
10,300,2,F,12,0,2,-0.6532570123672485,-1.1348061561584473,0.6407682299613953,300,0.9514239551499486,54,0
10,300,2,F,12,0,3,-0.7881351113319397,-1.0992406606674194,0.5402852296829224,300,0.9514239551499486,44,0
10,300,2,F,12,1,0,1.0020089149475098,0.13910087943077087,0.5298680663108826,300,1.022011512890458,61,0
10,300,2,F,12,1,1,1.0417331457138062,0.2637898325920105,0.5126993060112,300,1.022011512890458,65,0
10,300,2,F,12,1,2,1.0915268659591675,0.17012476921081543,0.555516242980957,300,1.022011512890458,52,0
10,300,2,F,12,1,3,0.9171763062477112,0.17706163227558136,0.5000098943710327,300,1.022011512890458,52,0
10,300,2,F,13,0,0,-0.1749534010887146,-1.0867823362350464,0.5045555830001831,300,0.9018324506469071,46,0
10,300,2,F,13,0,1,-0.049948811531066895,-1.0395976305007935,0.5052654147148132,300,0.9018324506469071,53,0
10,300,2,F,13,0,2,-0.12355327606201172,-0.7711220383644104,0.4530948996543884,300,0.9018324506469071,42,0
10,300,2,F,13,0,3,0.31238508224487305,-0.8724424839019775,0.5578743815422058,300,0.9018324506469071,36,0
10,300,2,F,13,1,0,2.5626068115234375,1.319296956062317,0.5967437624931335,300,1.001597688999027,38,0
10,300,2,F,13,1,1,2.669163703918457,1.4436982870101929,0.5381667017936707,300,1.001597688999027,45,0
10,300,2,F,13,1,2,2.670304298400879,1.2936750650405884,0.5859474539756775,300,1.001597688999027,57,0
10,300,2,F,13,1,3,2.646775960922241,1.5374995470046997,0.586721658706665,300,1.001597688999027,28,0
10,300,2,F,14,0,0,1.966110348701477,0.7545806169509888,0.42176008224487305,300,0.9767064182087779,46,0
10,300,2,F,14,0,1,1.9601752758026123,0.874289333820343,0.3982774317264557,300,0.9767064182087779,32,0
10,300,2,F,14,0,2,1.7663111686706543,1.2590798139572144,0.2415776252746582,300,0.9767064182087779,35,0
10,300,2,F,14,0,3,1.822403073310852,0.9021115899085999,0.36233243346214294,300,0.9767064182087779,45,0
10,300,2,F,14,1,0,2.1795055866241455,1.2222238779067993,0.509238064289093,300,0.9148534601554275,49,0
10,300,2,F,14,1,1,2.1454224586486816,1.2725430727005005,0.4902282953262329,300,0.9148534601554275,51,0
10,300,2,F,14,1,2,2.1921427249908447,1.3926078081130981,0.4523058533668518,300,0.9148534601554275,50,0
10,300,2,F,14,1,3,2.4827680587768555,1.3875179290771484,0.5001007914543152,300,0.9148534601554275,58,0
10,300,2,F,15,0,0,0.16370919346809387,-1.5256919860839844,0.7007222175598145,300,0.8599664699286222,69,0
10,300,2,F,15,0,1,0.7767410278320312,-1.6092243194580078,0.7995067834854126,300,0.8599664699286222,62,0
10,300,2,F,15,0,2,0.20063257217407227,-1.412644624710083,0.7078375816345215,300,0.8599664699286222,66,0
10,300,2,F,15,0,3,0.37399783730506897,-1.5637664794921875,0.7550539374351501,300,0.8599664699286222,69,0
10,300,2,F,15,1,0,-0.7878379821777344,-1.683164358139038,0.7612665891647339,300,0.9433578881435096,59,0
10,300,2,F,15,1,1,-0.5688977837562561,-1.9382613897323608,0.8228215575218201,300,0.9433578881435096,48,0
10,300,2,F,15,1,2,-0.7006974816322327,-1.8721767663955688,0.8067631721496582,300,0.9433578881435096,48,0
10,300,2,F,15,1,3,-1.2434916496276855,-1.946959376335144,0.6611362099647522,300,0.9433578881435096,56,0
10,300,2,F,16,0,0,1.3741223812103271,-0.7355719804763794,0.7758646607398987,300,0.9259978579357266,54,0
10,300,2,F,16,0,1,1.6267203092575073,-0.6405060291290283,0.7975653409957886,300,0.9259978579357266,72,0
10,300,2,F,16,0,2,0.808657705783844,-0.6203501224517822,0.7248954176902771,300,0.9259978579357266,61,0
10,300,2,F,16,0,3,1.205312728881836,-0.6958662271499634,0.736322820186615,300,0.9259978579357266,56,0
10,300,2,F,16,1,0,-1.644722580909729,-2.796149492263794,0.7296468615531921,300,0.9880186780355871,42,0
10,300,2,F,16,1,1,-1.5522434711456299,-2.759586811065674,0.7680260539054871,300,0.9880186780355871,59,0
10,300,2,F,16,1,2,-1.519033432006836,-2.7740185260772705,0.7625592350959778,300,0.9880186780355871,58,0
10,300,2,F,16,1,3,-1.5743838548660278,-2.7938787937164307,0.7388258576393127,300,0.9880186780355871,59,0
10,300,2,F,17,0,0,0.8798058032989502,-1.2585978507995605,0.5644045472145081,300,1.0292592057958245,53,0
10,300,2,F,17,0,1,0.6461324691772461,-1.8006374835968018,0.586276113986969,300,1.0292592057958245,51,0
10,300,2,F,17,0,2,0.258064866065979,-1.9668340682983398,0.6001131534576416,300,1.0292592057958245,48,0
10,300,2,F,17,0,3,0.672527551651001,-1.7788152694702148,0.5917382836341858,300,1.0292592057958245,49,0
10,300,2,F,17,1,0,1.2479865550994873,-0.2715705633163452,0.7528427839279175,300,0.9716898710466921,64,0
10,300,2,F,17,1,1,1.0138627290725708,-0.37035226821899414,0.7479702234268188,300,0.9716898710466921,59,0
10,300,2,F,17,1,2,1.0734723806381226,-0.3729342222213745,0.7232855558395386,300,0.9716898710466921,73,0
10,300,2,F,17,1,3,0.9087534546852112,-0.43332958221435547,0.690223753452301,300,0.9716898710466921,61,0
10,300,2,F,18,0,0,2.0574395656585693,-1.0238161087036133,0.36330050230026245,300,0.9463996677659452,36,0
10,300,2,F,18,0,1,2.2886037826538086,-0.9638900756835938,0.40903303027153015,300,0.9463996677659452,35,0
10,300,2,F,18,0,2,0.8605220317840576,-1.0362555980682373,0.3301202058792114,300,0.9463996677659452,31,0
10,300,2,F,18,0,3,1.8682355880737305,-1.0424609184265137,0.3385564386844635,300,0.9463996677659452,41,0
10,300,2,F,18,1,0,0.5973039865493774,-0.4357147812843323,0.32610204815864563,300,0.9620646219700575,38,0
10,300,2,F,18,1,1,0.8682911992073059,-0.5550147891044617,0.41723790764808655,300,0.9620646219700575,43,0
10,300,2,F,18,1,2,0.6621173024177551,-0.4730644226074219,0.31893983483314514,300,0.9620646219700575,33,0
10,300,2,F,18,1,3,0.9024512767791748,-0.4620121121406555,0.41846874356269836,300,0.9620646219700575,40,0
10,300,2,F,19,0,0,-0.7998606562614441,-3.433035373687744,0.40214774012565613,300,0.971890305634588,34,0
10,300,2,F,19,0,1,-0.23441147804260254,-3.4722061157226562,0.46404412388801575,300,0.971890305634588,34,0
10,300,2,F,19,0,2,-0.06803834438323975,-3.5289828777313232,0.42337313294410706,300,0.971890305634588,35,0
10,300,2,F,19,0,3,-0.33455634117126465,-3.5173330307006836,0.4554237127304077,300,0.971890305634588,44,0
10,300,2,F,19,1,0,1.6661111116409302,-0.12141478061676025,0.37355363368988037,300,0.881281279027462,51,0
10,300,2,F,19,1,1,2.016334056854248,0.1531510353088379,0.3521738648414612,300,0.881281279027462,41,0
10,300,2,F,19,1,2,2.0365049839019775,-0.13271522521972656,0.4284076988697052,300,0.881281279027462,40,0
10,300,2,F,19,1,3,1.9346702098846436,-0.08402526378631592,0.33057665824890137,300,0.881281279027462,45,0
10,300,2,F,20,0,0,1.5388593673706055,0.5622903108596802,0.3502051532268524,300,0.9365237881429493,48,0
10,300,2,F,20,0,1,1.2430931329727173,0.7407987117767334,0.18295638263225555,300,0.9365237881429493,53,0
10,300,2,F,20,0,2,1.1971702575683594,0.6232210397720337,0.20709341764450073,300,0.9365237881429493,51,0
10,300,2,F,20,0,3,1.2077268362045288,0.5894258618354797,0.22593756020069122,300,0.9365237881429493,47,0
10,300,2,F,20,1,0,0.8784558773040771,0.32173311710357666,0.1482408344745636,300,0.9250235841609538,74,0
10,300,2,F,20,1,1,1.2539275884628296,0.08090394735336304,0.25149422883987427,300,0.9250235841609538,61,0
10,300,2,F,20,1,2,0.9377898573875427,0.03948187828063965,0.22668339312076569,300,0.9250235841609538,58,0
10,300,2,F,20,1,3,1.259364366531372,0.12711423635482788,0.33837175369262695,300,0.9250235841609538,50,0
10,300,2,F,21,0,0,-0.9545227289199829,-1.8801140785217285,0.4725559949874878,300,0.8990105097182095,44,0
10,300,2,F,21,0,1,-0.7674684524536133,-1.9151999950408936,0.506915807723999,300,0.8990105097182095,41,0
10,300,2,F,21,0,2,-0.6687464714050293,-1.8679932355880737,0.575158417224884,300,0.8990105097182095,44,0
10,300,2,F,21,0,3,-1.2033295631408691,-1.941506028175354,0.42434394359588623,300,0.8990105097182095,44,0
10,300,2,F,21,1,0,2.3502233028411865,1.3568646907806396,0.4825354218482971,300,0.9853361211717129,35,0
10,300,2,F,21,1,1,2.678206443786621,1.2940489053726196,0.5496327877044678,300,0.9853361211717129,46,0
10,300,2,F,21,1,2,2.6719472408294678,1.4080718755722046,0.5356952548027039,300,0.9853361211717129,43,0
10,300,2,F,21,1,3,1.9937427043914795,1.2946066856384277,0.3647226095199585,300,0.9853361211717129,41,0
10,300,2,F,22,0,0,1.084089994430542,-1.3013808727264404,0.4369538426399231,300,0.9255136069841683,48,0
10,300,2,F,22,0,1,1.470184087753296,-1.3752985000610352,0.450233519077301,300,0.9255136069841683,41,0
10,300,2,F,22,0,2,2.1151812076568604,-1.565486192703247,0.5077863931655884,300,0.9255136069841683,36,0
10,300,2,F,22,0,3,0.8042654991149902,-1.397992491722107,0.38828763365745544,300,0.9255136069841683,47,0
10,300,2,F,22,1,0,4.224003791809082,1.9872280359268188,0.5190728306770325,300,1.0049377377144992,37,0
10,300,2,F,22,1,1,3.732542037963867,1.8894145488739014,0.49001508951187134,300,1.0049377377144992,47,0
10,300,2,F,22,1,2,4.045731544494629,2.063527822494507,0.531152606010437,300,1.0049377377144992,47,0
10,300,2,F,22,1,3,3.6509201526641846,1.857724666595459,0.4467076361179352,300,1.0049377377144992,48,0
10,300,2,F,23,0,0,1.1278386116027832,-0.6215560436248779,0.35176560282707214,300,0.9545882390812039,50,0
10,300,2,F,23,0,1,1.8352231979370117,-0.6991437673568726,0.4254290461540222,300,0.9545882390812039,44,0
10,300,2,F,23,0,2,2.146632432937622,-0.31784743070602417,0.43389400839805603,300,0.9545882390812039,50,0
10,300,2,F,23,0,3,2.005988359451294,-0.704451322555542,0.44969016313552856,300,0.9545882390812039,43,0
10,300,2,F,23,1,0,3.89512300491333,1.3868004083633423,0.3814413845539093,300,0.9653428290039301,47,0
10,300,2,F,23,1,1,2.9098620414733887,1.045959234237671,0.3023074269294739,300,0.9653428290039301,43,0
10,300,2,F,23,1,2,3.5598556995391846,1.043468713760376,0.4023115336894989,300,0.9653428290039301,55,0
10,300,2,F,23,1,3,3.027961492538452,0.9609481692314148,0.3396802246570587,300,0.9653428290039301,53,0
10,300,2,F,24,0,0,1.2180602550506592,-0.7438157796859741,0.08933445811271667,300,0.9882404990494251,42,0
10,300,2,F,24,0,1,1.988248348236084,-0.9809989929199219,0.12987016141414642,300,0.9882404990494251,56,0
10,300,2,F,24,0,2,1.1994569301605225,-0.93168705701828,0.08961179107427597,300,0.9882404990494251,52,0
10,300,2,F,24,0,3,1.112743616104126,-1.076195478439331,0.1065615713596344,300,0.9882404990494251,38,0
10,300,2,F,24,1,0,2.2016756534576416,-0.8807411789894104,0.18831893801689148,300,0.9153228821232915,35,0
10,300,2,F,24,1,1,1.6673555374145508,-0.7869156002998352,0.12493015825748444,300,0.9153228821232915,43,0
10,300,2,F,24,1,2,0.889106273651123,-0.865146815776825,0.10943561792373657,300,0.9153228821232915,46,0
10,300,2,F,24,1,3,1.5734436511993408,-0.6636638641357422,0.11029770225286484,300,0.9153228821232915,64,0
10,300,2,F,25,0,0,2.7554595470428467,-1.1847697496414185,0.17469999194145203,300,0.9947747569531202,51,0
10,300,2,F,25,0,1,2.9436023235321045,-1.4053096771240234,0.19062212109565735,300,0.9947747569531202,50,0
10,300,2,F,25,0,2,1.0462009906768799,-1.4378327131271362,0.1114024668931961,300,0.9947747569531202,21,0
10,300,2,F,25,0,3,1.6983835697174072,-1.4329935312271118,0.1496260017156601,300,0.9947747569531202,33,0
10,300,2,F,25,1,0,1.131813645362854,-0.0584120899438858,0.1986112743616104,300,0.983863677829504,39,0
10,300,2,F,25,1,1,0.645761251449585,-0.03323182463645935,0.1401907503604889,300,0.983863677829504,30,0
10,300,2,F,25,1,2,1.5584734678268433,-0.029800862073898315,0.23772111535072327,300,0.983863677829504,24,0
10,300,2,F,25,1,3,0.7793365716934204,-0.09051238000392914,0.15221719443798065,300,0.983863677829504,42,0
10,300,2,F,26,0,0,1.7458980083465576,-0.5919063687324524,0.10530947893857956,300,0.9193111201748252,34,0
10,300,2,F,26,0,1,3.0751731395721436,-0.6015123724937439,0.15326803922653198,300,0.9193111201748252,30,0
10,300,2,F,26,0,2,4.076772689819336,-0.5037153363227844,0.15136337280273438,300,0.9193111201748252,48,0
10,300,2,F,26,0,3,6.7130889892578125,-0.5317758321762085,0.24021205306053162,300,0.9193111201748252,30,0
10,300,2,F,26,1,0,5.27493953704834,2.5884523391723633,0.12930375337600708,300,0.8954003229737282,42,0
10,300,2,F,26,1,1,5.842391014099121,2.6140899658203125,0.15617461502552032,300,0.8954003229737282,36,0
10,300,2,F,26,1,2,6.490065574645996,2.6189558506011963,0.19654308259487152,300,0.8954003229737282,33,0
10,300,2,F,26,1,3,5.711503505706787,2.5409884452819824,0.16690000891685486,300,0.8954003229737282,34,0
10,300,2,F,27,0,0,7.587168216705322,1.5870485305786133,0.22418113052845,300,0.9476801576092839,46,0
10,300,2,F,27,0,1,7.272269248962402,1.6251503229141235,0.2008548229932785,300,0.9476801576092839,22,0
10,300,2,F,27,0,2,6.503210067749023,1.7136139869689941,0.19456247985363007,300,0.9476801576092839,30,0
10,300,2,F,27,0,3,5.173687934875488,1.7241342067718506,0.1387985348701477,300,0.9476801576092839,35,0
10,300,2,F,27,1,0,1.1392803192138672,-1.0883047580718994,0.09226610511541367,300,0.9394194539636374,48,0
10,300,2,F,27,1,1,1.9025976657867432,-1.0930421352386475,0.09900007396936417,300,0.9394194539636374,54,0
10,300,2,F,27,1,2,4.048653602600098,-0.8520400524139404,0.17190809547901154,300,0.9394194539636374,44,0
10,300,2,F,27,1,3,1.312709093093872,-0.9127902984619141,0.07642409205436707,300,0.9394194539636374,51,0
10,300,2,F,28,0,0,1.9580254554748535,0.16718682646751404,0.11320513486862183,300,0.9594345279037952,39,0
10,300,2,F,28,0,1,2.3522112369537354,0.17591357231140137,0.14178206026554108,300,0.9594345279037952,43,0
10,300,2,F,28,0,2,1.9371023178100586,0.10989350080490112,0.16161184012889862,300,0.9594345279037952,44,0
10,300,2,F,28,0,3,4.131128311157227,0.14142128825187683,0.24002069234848022,300,0.9594345279037952,36,0
10,300,2,F,28,1,0,6.538698196411133,1.7772445678710938,0.12880605459213257,300,0.9836884662508965,57,0
10,300,2,F,28,1,1,7.775276184082031,1.7808542251586914,0.1393008828163147,300,0.9836884662508965,44,0
10,300,2,F,28,1,2,7.937792778015137,1.849094033241272,0.14886251091957092,300,0.9836884662508965,46,0
10,300,2,F,28,1,3,8.4398775100708,1.9196491241455078,0.14833198487758636,300,0.9836884662508965,43,0
10,300,2,F,29,0,0,10.487503051757812,0.26937854290008545,0.21848048269748688,300,0.9387958580628037,39,0
10,300,2,F,29,0,1,11.846153259277344,0.9861491918563843,0.1961151659488678,300,0.9387958580628037,55,0
10,300,2,F,29,0,2,13.434906959533691,0.6240320205688477,0.21622778475284576,300,0.9387958580628037,42,0
10,300,2,F,29,0,3,9.178278923034668,0.22432148456573486,0.1762763410806656,300,0.9387958580628037,49,0
10,300,2,F,29,1,0,16.84819221496582,3.5808985233306885,0.15021584928035736,300,0.946107598952949,58,0
10,300,2,F,29,1,1,25.036561965942383,4.011096954345703,0.23602750897407532,300,0.946107598952949,45,0
10,300,2,F,29,1,2,10.943923950195312,3.4843835830688477,0.11772244423627853,300,0.946107598952949,35,0
10,300,2,F,29,1,3,13.07924747467041,3.402592182159424,0.11933498829603195,300,0.946107598952949,66,0
10,300,2,F,30,0,0,1.150890588760376,-0.4567301869392395,0.1423373967409134,300,0.9983107787556946,53,0
10,300,2,F,30,0,1,1.174349308013916,-0.5384995341300964,0.15559935569763184,300,0.9983107787556946,34,0
10,300,2,F,30,0,2,1.5830059051513672,-0.48066002130508423,0.20713584125041962,300,0.9983107787556946,41,0
10,300,2,F,30,0,3,1.6219593286514282,-0.4147931933403015,0.16784042119979858,300,0.9983107787556946,34,0
10,300,2,F,30,1,0,1.4697495698928833,0.0014432519674301147,0.183201402425766,300,0.9628634341061115,43,0
10,300,2,F,30,1,1,3.1597254276275635,-0.07269933819770813,0.30647578835487366,300,0.9628634341061115,45,0
10,300,2,F,30,1,2,1.2628861665725708,-0.13434052467346191,0.19676175713539124,300,0.9628634341061115,39,0
10,300,2,F,30,1,3,1.486115574836731,0.040005162358284,0.14438821375370026,300,0.9628634341061115,42,0
10,300,2,F,31,0,0,5.127323627471924,-0.06933867931365967,0.12248345464468002,300,1.0092500387690961,44,0
10,300,2,F,31,0,1,10.879652976989746,-0.25367164611816406,0.28777801990509033,300,1.0092500387690961,45,0
10,300,2,F,31,0,2,7.691391468048096,0.1224355697631836,0.1559438556432724,300,1.0092500387690961,40,0
10,300,2,F,31,0,3,8.042566299438477,0.5026895999908447,0.14873726665973663,300,1.0092500387690961,79,0
10,300,2,F,31,1,0,1.9473530054092407,0.9155822992324829,0.2558910548686981,300,0.9648090819828212,37,0
10,300,2,F,31,1,1,1.941079020500183,0.8333452343940735,0.2597943842411041,300,0.9648090819828212,49,0
10,300,2,F,31,1,2,2.2850093841552734,0.879968523979187,0.2194088250398636,300,0.9648090819828212,53,0
10,300,2,F,31,1,3,2.4144582748413086,0.8247137069702148,0.3550514280796051,300,0.9648090819828212,36,0
10,300,2,F,32,0,0,0.7867201566696167,-0.43163445591926575,0.21054010093212128,300,1.0001837383024395,57,0
10,300,2,F,32,0,1,0.9264378547668457,-0.4119609594345093,0.26320335268974304,300,1.0001837383024395,44,0
10,300,2,F,32,0,2,0.34475409984588623,-0.5327799320220947,0.1878964751958847,300,1.0001837383024395,39,0
10,300,2,F,32,0,3,0.4049075245857239,-0.4933829605579376,0.16838879883289337,300,1.0001837383024395,36,0
10,300,2,F,32,1,0,6.655295372009277,1.4324383735656738,0.31396999955177307,300,0.9559441697783768,32,0
10,300,2,F,32,1,1,4.891436576843262,1.1813101768493652,0.2683427333831787,300,0.9559441697783768,24,0
10,300,2,F,32,1,2,5.0110673904418945,1.5448672771453857,0.2341989427804947,300,0.9559441697783768,30,0
10,300,2,F,32,1,3,4.86944580078125,1.4393994808197021,0.24662812054157257,300,0.9559441697783768,33,0
10,300,2,F,33,0,0,15.372878074645996,0.9187857508659363,0.2332708090543747,300,0.9932976178824902,43,0
10,300,2,F,33,0,1,5.1495561599731445,1.138229250907898,0.08909989148378372,300,0.9932976178824902,42,0
10,300,2,F,33,0,2,7.830560684204102,1.204115390777588,0.1305713802576065,300,0.9932976178824902,30,0
10,300,2,F,33,0,3,6.775330543518066,1.5140889883041382,0.1272849589586258,300,0.9932976178824902,27,0
10,300,2,F,33,1,0,2.465264320373535,-1.7690658569335938,0.24917832016944885,300,0.9103339933790267,54,0
10,300,2,F,33,1,1,2.334282398223877,-1.758370280265808,0.23149219155311584,300,0.9103339933790267,52,0
10,300,2,F,33,1,2,1.0363285541534424,-1.7454955577850342,0.1637164056301117,300,0.9103339933790267,44,0
10,300,2,F,33,1,3,1.1109821796417236,-1.5379953384399414,0.16862857341766357,300,0.9103339933790267,48,0
10,300,2,F,34,0,0,4.233306884765625,-0.9908069968223572,0.26871979236602783,300,0.991969283670187,39,0
10,300,2,F,34,0,1,2.38185453414917,-0.8048670291900635,0.21502606570720673,300,0.991969283670187,40,0
10,300,2,F,34,0,2,2.42242431640625,-0.8655034303665161,0.17157042026519775,300,0.991969283670187,40,0
10,300,2,F,34,0,3,2.2497718334198,-0.8944810032844543,0.16238515079021454,300,0.991969283670187,31,0
10,300,2,F,34,1,0,4.268415451049805,-0.8391830325126648,0.1650666743516922,300,0.932838830165565,26,0
10,300,2,F,34,1,1,4.905839920043945,-0.7013039588928223,0.18139563500881195,300,0.932838830165565,43,0
10,300,2,F,34,1,2,5.435975074768066,-0.8145784735679626,0.2123834490776062,300,0.932838830165565,31,0
10,300,2,F,34,1,3,6.690471649169922,-0.44566357135772705,0.18727105855941772,300,0.932838830165565,32,0
10,300,2,F,35,0,0,5.209332466125488,0.1217583492398262,0.2426205575466156,300,0.9552203048951924,33,0
10,300,2,F,35,0,1,6.200300216674805,0.027168884873390198,0.27088552713394165,300,0.9552203048951924,27,0
10,300,2,F,35,0,2,3.185370922088623,0.06813887506723404,0.1359577178955078,300,0.9552203048951924,42,0
10,300,2,F,35,0,3,2.423672676086426,-0.03707549721002579,0.1258925348520279,300,0.9552203048951924,27,0
10,300,2,F,35,1,0,4.51176118850708,-2.1505038738250732,0.17700205743312836,300,0.9420747389085591,37,0
10,300,2,F,35,1,1,7.8090081214904785,-1.839159607887268,0.20782071352005005,300,0.9420747389085591,53,0
10,300,2,F,35,1,2,1.3419907093048096,-1.9467333555221558,0.09514957666397095,300,0.9420747389085591,31,0
10,300,2,F,35,1,3,3.1452488899230957,-1.9367643594741821,0.15598423779010773,300,0.9420747389085591,31,0
10,300,0,FR,0,0,0,2.2679688930511475,-1.280116081237793,0.23084744811058044,300,0.9804150047712028,95,10
10,300,0,FR,0,0,1,5.034171104431152,-1.3113884925842285,0.2994483709335327,300,0.9804150047712028,96,7
10,300,0,FR,0,0,2,3.8116581439971924,-1.2146556377410889,0.26861628890037537,300,0.9804150047712028,96,12
10,300,0,FR,0,0,3,7.163430213928223,-1.2412116527557373,0.419602632522583,300,0.9804150047712028,95,9
10,300,0,FR,0,1,0,3.93599009513855,0.24446086585521698,0.2078537493944168,300,1.0327287488617003,93,7
10,300,0,FR,0,1,1,6.069940567016602,0.2852126359939575,0.2831823229789734,300,1.0327287488617003,95,11
10,300,0,FR,0,1,2,6.943790912628174,0.25223928689956665,0.3450435698032379,300,1.0327287488617003,96,11
10,300,0,FR,0,1,3,9.548397064208984,0.401265412569046,0.43382737040519714,300,1.0327287488617003,95,14
10,300,0,FR,1,0,0,7.635520935058594,-0.005174756050109863,0.2867306172847748,300,1.05036119511351,96,10
10,300,0,FR,1,0,1,6.1766204833984375,-0.11618217825889587,0.25448858737945557,300,1.05036119511351,96,5
10,300,0,FR,1,0,2,5.763267517089844,-0.07517163455486298,0.21187184751033783,300,1.05036119511351,96,10
10,300,0,FR,1,0,3,6.456876754760742,-0.19862914085388184,0.2912883758544922,300,1.05036119511351,96,12
10,300,0,FR,1,1,0,2.335392713546753,-0.965026319026947,0.2380698174238205,300,1.0218345071189106,96,21
10,300,0,FR,1,1,1,1.5264136791229248,-0.9272299408912659,0.16788350045681,300,1.0218345071189106,96,12
10,300,0,FR,1,1,2,4.612424373626709,-0.936947762966156,0.36545124650001526,300,1.0218345071189106,94,13
10,300,0,FR,1,1,3,1.8842339515686035,-1.08195161819458,0.18937082588672638,300,1.0218345071189106,96,10
10,300,0,FR,2,0,0,4.034210681915283,0.46741417050361633,0.2823137938976288,300,0.9873920469544828,96,17
10,300,0,FR,2,0,1,3.544769525527954,0.49836698174476624,0.25118380784988403,300,0.9873920469544828,95,8
10,300,0,FR,2,0,2,3.10897159576416,0.47341418266296387,0.2813870906829834,300,0.9873920469544828,96,13
10,300,0,FR,2,0,3,3.8043501377105713,0.4467715620994568,0.30581748485565186,300,0.9873920469544828,96,12
10,300,0,FR,2,1,0,-0.6089819669723511,-1.594504952430725,0.23047199845314026,300,0.9633202021941543,95,17
10,300,0,FR,2,1,1,-0.3818037509918213,-1.6102780103683472,0.25889870524406433,300,0.9633202021941543,96,7
10,300,0,FR,2,1,2,-0.8507099151611328,-1.607160210609436,0.17798462510108948,300,0.9633202021941543,95,8
10,300,0,FR,2,1,3,-0.35127031803131104,-1.612347960472107,0.2709723114967346,300,0.9633202021941543,95,12
10,300,0,FR,3,0,0,8.747306823730469,-0.9693266153335571,0.1455416977405548,300,0.9882482388056815,95,7
10,300,0,FR,3,0,1,10.961677551269531,-0.9208614826202393,0.17969675362110138,300,0.9882482388056815,96,6
10,300,0,FR,3,0,2,5.622751235961914,-0.7452431917190552,0.09170152246952057,300,0.9882482388056815,96,4
10,300,0,FR,3,0,3,3.7419629096984863,-0.7241115570068359,0.064057856798172,300,0.9882482388056815,96,2
10,300,0,FR,3,1,0,3.6537399291992188,-0.7751734852790833,0.10247471183538437,300,0.9841442359611392,96,12
10,300,0,FR,3,1,1,6.251707077026367,-0.7647281289100647,0.14608173072338104,300,0.9841442359611392,95,9
10,300,0,FR,3,1,2,6.298340320587158,-0.6352580785751343,0.13565169274806976,300,0.9841442359611392,94,10
10,300,0,FR,3,1,3,7.783202648162842,-0.7436660528182983,0.17783521115779877,300,0.9841442359611392,96,9
10,300,0,FR,4,0,0,13.95925521850586,-0.7988559007644653,0.18371689319610596,300,0.9883085060864687,96,6
10,300,0,FR,4,0,1,13.610875129699707,-0.7736927270889282,0.17299291491508484,300,0.9883085060864687,96,11
10,300,0,FR,4,0,2,3.9369471073150635,-0.5017164945602417,0.06902136653661728,300,0.9883085060864687,96,14
10,300,0,FR,4,0,3,9.09109115600586,-0.8059970736503601,0.1332380473613739,300,0.9883085060864687,96,4
10,300,0,FR,4,1,0,20.808820724487305,1.929417610168457,0.203164204955101,300,1.085852021817118,94,13
10,300,0,FR,4,1,1,22.008285522460938,1.9780259132385254,0.18640244007110596,300,1.085852021817118,94,8
10,300,0,FR,4,1,2,14.116765975952148,1.8246386051177979,0.13126902282238007,300,1.085852021817118,93,13
10,300,0,FR,4,1,3,22.09471893310547,1.8133738040924072,0.19170035421848297,300,1.085852021817118,96,9
10,300,0,FR,5,0,0,8.508004188537598,1.1039338111877441,0.2728188931941986,300,1.0599416960030794,95,13
10,300,0,FR,5,0,1,2.9503579139709473,1.1112942695617676,0.07962904870510101,300,1.0599416960030794,96,9
10,300,0,FR,5,0,2,3.5759880542755127,1.040944218635559,0.09868417680263519,300,1.0599416960030794,93,9
10,300,0,FR,5,0,3,7.369424819946289,1.0163542032241821,0.23255696892738342,300,1.0599416960030794,95,7
10,300,0,FR,5,1,0,10.367414474487305,1.1162875890731812,0.25554078817367554,300,1.0522471242584288,96,9
10,300,0,FR,5,1,1,7.098459720611572,1.1437584161758423,0.1675805151462555,300,1.0522471242584288,94,7
10,300,0,FR,5,1,2,11.009040832519531,1.15152907371521,0.2246370166540146,300,1.0522471242584288,94,4
10,300,0,FR,5,1,3,7.985172271728516,1.1911565065383911,0.14265176653862,300,1.0522471242584288,96,11
10,300,0,FR,6,0,0,5.728719711303711,1.8596044778823853,0.08163263648748398,300,1.0761677124537528,94,9
10,300,0,FR,6,0,1,12.327788352966309,2.04077410697937,0.21380533277988434,300,1.0761677124537528,96,9
10,300,0,FR,6,0,2,7.614391326904297,1.8448162078857422,0.10310079157352448,300,1.0761677124537528,95,12
10,300,0,FR,6,0,3,10.803177833557129,1.8585389852523804,0.14838062226772308,300,1.0761677124537528,95,8
10,300,0,FR,6,1,0,7.399230003356934,1.9513523578643799,0.16702663898468018,300,0.9992568981833756,95,9
10,300,0,FR,6,1,1,5.511938095092773,1.9520552158355713,0.14083129167556763,300,0.9992568981833756,96,9
10,300,0,FR,6,1,2,8.344766616821289,2.001589775085449,0.196036696434021,300,0.9992568981833756,96,7
10,300,0,FR,6,1,3,7.0901031494140625,1.976119041442871,0.1646815538406372,300,0.9992568981833756,96,10
10,300,0,FR,7,0,0,15.840670585632324,0.7309435606002808,0.1418229639530182,300,1.0467685079202056,94,10
10,300,0,FR,7,0,1,9.295223236083984,0.6386967897415161,0.05988064408302307,300,1.0467685079202056,94,3
10,300,0,FR,7,0,2,16.280364990234375,0.9369252920150757,0.10373056679964066,300,1.0467685079202056,95,4
10,300,0,FR,7,0,3,13.14706802368164,1.5179705619812012,0.08066427707672119,300,1.0467685079202056,94,7
10,300,0,FR,7,1,0,12.34350872039795,0.5578229427337646,0.11886481195688248,300,0.998431118670851,93,6
10,300,0,FR,7,1,1,8.047371864318848,0.5031973123550415,0.0787622258067131,300,0.998431118670851,94,10
10,300,0,FR,7,1,2,9.658843040466309,0.5652104616165161,0.11274657398462296,300,0.998431118670851,96,8
10,300,0,FR,7,1,3,4.453040599822998,0.490800142288208,0.04290301352739334,300,0.998431118670851,94,9
10,300,0,FR,8,0,0,14.436029434204102,1.3572901487350464,0.14989911019802094,300,0.9689402938820422,96,4
10,300,0,FR,8,0,1,9.519998550415039,1.3375053405761719,0.11312676966190338,300,0.9689402938820422,95,6
10,300,0,FR,8,0,2,10.38569450378418,1.2429189682006836,0.11614639312028885,300,0.9689402938820422,95,9
10,300,0,FR,8,0,3,12.538433074951172,1.0980985164642334,0.12890583276748657,300,0.9689402938820422,95,3
10,300,0,FR,8,1,0,5.076621055603027,2.1863086223602295,0.05117391422390938,300,1.0100774983875453,95,8
10,300,0,FR,8,1,1,13.001628875732422,2.1292710304260254,0.15890435874462128,300,1.0100774983875453,95,4
10,300,0,FR,8,1,2,5.462606430053711,2.1711783409118652,0.05355004593729973,300,1.0100774983875453,94,5
10,300,0,FR,8,1,3,8.56061840057373,2.143798589706421,0.11867952346801758,300,1.0100774983875453,94,6
10,300,0,FR,9,0,0,6.361025810241699,1.9717472791671753,0.10435442626476288,300,1.0656954562291503,96,4
10,300,0,FR,9,0,1,5.245368957519531,2.0228018760681152,0.10113711655139923,300,1.0656954562291503,96,2
10,300,0,FR,9,0,2,8.205345153808594,2.0872626304626465,0.18739186227321625,300,1.0656954562291503,95,4
10,300,0,FR,9,0,3,7.341561317443848,2.1341469287872314,0.140398770570755,300,1.0656954562291503,95,4
10,300,0,FR,9,1,0,1.6910037994384766,-0.25706303119659424,0.09336048364639282,300,0.9851865558885038,96,7
10,300,0,FR,9,1,1,2.5803661346435547,-0.326214462518692,0.12754283845424652,300,0.9851865558885038,95,3
10,300,0,FR,9,1,2,1.8790462017059326,-0.3206264078617096,0.12831741571426392,300,0.9851865558885038,95,6
10,300,0,FR,9,1,3,2.0222349166870117,-0.3906705975532532,0.1251613199710846,300,0.9851865558885038,96,5
10,300,0,FR,10,0,0,4.635131359100342,0.7158889770507812,0.10311632603406906,300,1.0927678630687296,93,1
10,300,0,FR,10,0,1,5.566490650177002,0.7804982662200928,0.12049508094787598,300,1.0927678630687296,94,8
10,300,0,FR,10,0,2,6.719289302825928,0.6905391216278076,0.18534111976623535,300,1.0927678630687296,91,3
10,300,0,FR,10,0,3,5.558331489562988,0.7209020853042603,0.14037112891674042,300,1.0927678630687296,92,15
10,300,0,FR,10,1,0,2.7333998680114746,1.3178796768188477,0.15455937385559082,300,0.9868010552600026,95,10
10,300,0,FR,10,1,1,2.403266191482544,1.381717324256897,0.10821651667356491,300,0.9868010552600026,91,12
10,300,0,FR,10,1,2,3.131481885910034,1.3931305408477783,0.1633894443511963,300,0.9868010552600026,94,12
10,300,0,FR,10,1,3,2.661114454269409,1.38505220413208,0.1492318958044052,300,0.9868010552600026,93,10
10,300,0,FR,11,0,0,4.306395053863525,1.5157201290130615,0.24342627823352814,300,0.9904503440484405,91,4
10,300,0,FR,11,0,1,2.9742050170898438,1.5735435485839844,0.13122017681598663,300,0.9904503440484405,94,1
10,300,0,FR,11,0,2,2.991093635559082,1.5465174913406372,0.160357266664505,300,0.9904503440484405,87,3
10,300,0,FR,11,0,3,3.312641143798828,1.4957890510559082,0.17638805508613586,300,0.9904503440484405,93,8
10,300,0,FR,11,1,0,9.693161010742188,2.368321418762207,0.09955345094203949,300,0.9644110128283501,95,3
10,300,0,FR,11,1,1,10.573522567749023,1.5484061241149902,0.13825684785842896,300,0.9644110128283501,94,6
10,300,0,FR,11,1,2,9.13522720336914,2.8870434761047363,0.09078562259674072,300,0.9644110128283501,93,3
10,300,0,FR,11,1,3,12.479467391967773,3.07462739944458,0.14724308252334595,300,0.9644110128283501,96,5
10,300,0,FR,12,0,0,-0.8903303146362305,-1.133100986480713,0.45754656195640564,300,1.0973525079898536,96,6
10,300,0,FR,12,0,1,-0.6017447710037231,-1.1078307628631592,0.6427097916603088,300,1.0973525079898536,96,3
10,300,0,FR,12,0,2,-0.6532570123672485,-1.1424180269241333,0.6443703174591064,300,1.0973525079898536,96,6
10,300,0,FR,12,0,3,-0.7881351113319397,-1.1396667957305908,0.5704430341720581,300,1.0973525079898536,96,8
10,300,0,FR,12,1,0,1.0020089149475098,0.1657443642616272,0.5220485925674438,300,0.9237125338986516,96,9
10,300,0,FR,12,1,1,1.0417331457138062,0.4272887110710144,0.4538499116897583,300,0.9237125338986516,96,16
10,300,0,FR,12,1,2,1.0915268659591675,0.18585851788520813,0.5512595176696777,300,0.9237125338986516,96,14
10,300,0,FR,12,1,3,0.9171763062477112,0.21572551131248474,0.48659953474998474,300,0.9237125338986516,96,9
10,300,0,FR,13,0,0,-0.1749534010887146,-1.1261569261550903,0.5151200890541077,300,1.0052494942210615,95,4
10,300,0,FR,13,0,1,-0.049948811531066895,-1.0482103824615479,0.5074313282966614,300,1.0052494942210615,96,10
10,300,0,FR,13,0,2,-0.12355327606201172,-0.7599838376045227,0.4487993121147156,300,1.0052494942210615,96,18
10,300,0,FR,13,0,3,0.31238508224487305,-1.055990219116211,0.5930447578430176,300,1.0052494942210615,96,10
10,300,0,FR,13,1,0,2.5626068115234375,1.2619671821594238,0.6075426936149597,300,1.094442413188517,94,8
10,300,0,FR,13,1,1,2.669163703918457,1.351006269454956,0.5562307834625244,300,1.094442413188517,95,8
10,300,0,FR,13,1,2,2.670304298400879,1.2758708000183105,0.5890616178512573,300,1.094442413188517,96,8
10,300,0,FR,13,1,3,2.646775960922241,1.3084720373153687,0.6313759684562683,300,1.094442413188517,96,6
10,300,0,FR,14,0,0,1.966110348701477,0.6609092950820923,0.44002047181129456,300,1.091469292063266,93,6
10,300,0,FR,14,0,1,1.9601752758026123,0.5607265830039978,0.4603421092033386,300,1.091469292063266,94,6
10,300,0,FR,14,0,2,1.7663111686706543,0.5792697072029114,0.42707446217536926,300,1.091469292063266,93,5
10,300,0,FR,14,0,3,1.822403073310852,0.39852648973464966,0.467842698097229,300,1.091469292063266,93,7
10,300,0,FR,14,1,0,2.1795055866241455,1.4273346662521362,0.44913217425346375,300,1.0330140050500631,96,14
10,300,0,FR,14,1,1,2.1454224586486816,1.0958786010742188,0.5362417697906494,300,1.0330140050500631,96,18
10,300,0,FR,14,1,2,2.1921427249908447,1.1905136108398438,0.5084977746009827,300,1.0330140050500631,94,17
10,300,0,FR,14,1,3,2.4827680587768555,1.2660242319107056,0.5263751149177551,300,1.0330140050500631,95,10
10,300,0,FR,15,0,0,0.16370919346809387,-1.6240556240081787,0.7124537229537964,300,0.9697152473963797,96,13
10,300,0,FR,15,0,1,0.7767410278320312,-1.3491216897964478,0.7803639769554138,300,0.9697152473963797,96,9
10,300,0,FR,15,0,2,0.20063257217407227,-1.4974653720855713,0.7183205485343933,300,0.9697152473963797,96,7
10,300,0,FR,15,0,3,0.37399783730506897,-1.6776013374328613,0.7654573917388916,300,0.9697152473963797,96,10
10,300,0,FR,15,1,0,-0.7878379821777344,-1.824721097946167,0.7869138717651367,300,0.9780172859318554,95,9
10,300,0,FR,15,1,1,-0.5688977837562561,-1.8314193487167358,0.8106665015220642,300,0.9780172859318554,96,4
10,300,0,FR,15,1,2,-0.7006974816322327,-1.858061671257019,0.8048663139343262,300,0.9780172859318554,96,3
10,300,0,FR,15,1,3,-1.2434916496276855,-1.9388140439987183,0.6585221886634827,300,0.9780172859318554,96,9
10,300,0,FR,16,0,0,1.3741223812103271,-0.6759668588638306,0.7708413600921631,300,0.9239354757592082,96,5
10,300,0,FR,16,0,1,1.6267203092575073,-0.6525070667266846,0.7984163761138916,300,0.9239354757592082,96,7
10,300,0,FR,16,0,2,0.808657705783844,-0.491252064704895,0.7056168913841248,300,0.9239354757592082,96,4
10,300,0,FR,16,0,3,1.205312728881836,-0.6851508617401123,0.7352240085601807,300,0.9239354757592082,96,12
10,300,0,FR,16,1,0,-1.644722580909729,-2.7872061729431152,0.7281059622764587,300,1.024740700609982,96,6
10,300,0,FR,16,1,1,-1.5522434711456299,-2.7289390563964844,0.7634136080741882,300,1.024740700609982,96,12
10,300,0,FR,16,1,2,-1.519033432006836,-2.788884162902832,0.7646846771240234,300,1.024740700609982,96,1
10,300,0,FR,16,1,3,-1.5743838548660278,-2.81606388092041,0.7422897219657898,300,1.024740700609982,96,7
10,300,0,FR,17,0,0,0.8798058032989502,-1.4779205322265625,0.5882402658462524,300,0.9243292082101107,93,18
10,300,0,FR,17,0,1,0.6461324691772461,-1.964263677597046,0.6018849611282349,300,0.9243292082101107,95,4
10,300,0,FR,17,0,2,0.258064866065979,-1.8847122192382812,0.5910548567771912,300,0.9243292082101107,96,11
10,300,0,FR,17,0,3,0.672527551651001,-2.035696506500244,0.6155762076377869,300,0.9243292082101107,95,11
10,300,0,FR,17,1,0,1.2479865550994873,-0.42001020908355713,0.7697741389274597,300,1.0136398230679333,96,7
10,300,0,FR,17,1,1,1.0138627290725708,-0.2728532552719116,0.7339537739753723,300,1.0136398230679333,96,3
10,300,0,FR,17,1,2,1.0734723806381226,-0.24562478065490723,0.7044716477394104,300,1.0136398230679333,96,8
10,300,0,FR,17,1,3,0.9087534546852112,-0.3360234498977661,0.6739047169685364,300,1.0136398230679333,96,5
10,300,0,FR,18,0,0,2.0574395656585693,-1.1586034297943115,0.37326082587242126,300,0.9845609366893768,91,5
10,300,0,FR,18,0,1,2.2886037826538086,-0.9959924221038818,0.41140931844711304,300,0.9845609366893768,95,10
10,300,0,FR,18,0,2,0.8605220317840576,-1.1763465404510498,0.34606432914733887,300,0.9845609366893768,96,20
10,300,0,FR,18,0,3,1.8682355880737305,-1.122457504272461,0.34465429186820984,300,0.9845609366893768,96,11
10,300,0,FR,18,1,0,0.5973039865493774,-0.44029074907302856,0.3270740807056427,300,1.0193572477437556,83,4
10,300,0,FR,18,1,1,0.8682911992073059,-0.5648106932640076,0.4189065992832184,300,1.0193572477437556,94,17
10,300,0,FR,18,1,2,0.6621173024177551,-0.5279091000556946,0.32927513122558594,300,1.0193572477437556,93,17
10,300,0,FR,18,1,3,0.9024512767791748,-0.544852077960968,0.43287724256515503,300,1.0193572477437556,96,11
10,300,0,FR,19,0,0,-0.7998606562614441,-3.5988101959228516,0.41691020131111145,300,0.953621240798384,96,15
10,300,0,FR,19,0,1,-0.23441147804260254,-3.5867984294891357,0.4727041721343994,300,0.953621240798384,96,18
10,300,0,FR,19,0,2,-0.06803834438323975,-3.4487392902374268,0.4176567792892456,300,0.953621240798384,96,10
10,300,0,FR,19,0,3,-0.33455634117126465,-3.5632967948913574,0.458981990814209,300,0.953621240798384,95,9
10,300,0,FR,19,1,0,1.6661111116409302,-0.09799826145172119,0.3704730272293091,300,0.9906028467230499,96,9
10,300,0,FR,19,1,1,2.016334056854248,-0.05741775035858154,0.37697115540504456,300,0.9906028467230499,93,8
10,300,0,FR,19,1,2,2.0365049839019775,-0.013694524765014648,0.41464853286743164,300,0.9906028467230499,94,9
10,300,0,FR,19,1,3,1.9346702098846436,-0.15189242362976074,0.3379347324371338,300,0.9906028467230499,94,9
10,300,0,FR,20,0,0,1.5388593673706055,0.543063759803772,0.3546546995639801,300,0.9716163128614426,96,10
10,300,0,FR,20,0,1,1.2430931329727173,0.5973822474479675,0.22351838648319244,300,0.9716163128614426,95,5
10,300,0,FR,20,0,2,1.1971702575683594,0.5763640403747559,0.22027623653411865,300,0.9716163128614426,94,6
10,300,0,FR,20,0,3,1.2077268362045288,0.6218318939208984,0.2166614979505539,300,0.9716163128614426,96,9
10,300,0,FR,20,1,0,0.8784558773040771,0.05205726623535156,0.20530596375465393,300,1.0121802180074155,96,6
10,300,0,FR,20,1,1,1.2539275884628296,0.021854162216186523,0.2608519494533539,300,1.0121802180074155,95,7
10,300,0,FR,20,1,2,0.9377898573875427,0.11095929145812988,0.212478905916214,300,1.0121802180074155,96,7
10,300,0,FR,20,1,3,1.259364366531372,0.06624346971511841,0.3501925468444824,300,1.0121802180074155,96,8
10,300,0,FR,21,0,0,-0.9545227289199829,-1.9027587175369263,0.4785841703414917,300,0.9739229730330408,96,10
10,300,0,FR,21,0,1,-0.7674684524536133,-1.953596591949463,0.5151383280754089,300,0.9739229730330408,95,11
10,300,0,FR,21,0,2,-0.6687464714050293,-1.8914244174957275,0.5798795819282532,300,0.9739229730330408,96,12
10,300,0,FR,21,0,3,-1.2033295631408691,-1.9481037855148315,0.426518976688385,300,0.9739229730330408,96,3
10,300,0,FR,21,1,0,2.3502233028411865,1.315416932106018,0.4927482604980469,300,0.9716731361113489,96,7
10,300,0,FR,21,1,1,2.678206443786621,1.3356276750564575,0.5420721769332886,300,0.9716731361113489,96,11
10,300,0,FR,21,1,2,2.6719472408294678,1.4406518936157227,0.5291938185691833,300,0.9716731361113489,94,4
10,300,0,FR,21,1,3,1.9937427043914795,1.3353127241134644,0.3509395718574524,300,0.9716731361113489,96,18
10,300,0,FR,22,0,0,1.084089994430542,-1.5779746770858765,0.46410468220710754,300,0.935350077226758,96,10
10,300,0,FR,22,0,1,1.470184087753296,-1.544586181640625,0.4645754098892212,300,0.935350077226758,96,8
10,300,0,FR,22,0,2,2.1151812076568604,-1.0160413980484009,0.46741563081741333,300,0.935350077226758,95,9
10,300,0,FR,22,0,3,0.8042654991149902,-1.4921152591705322,0.3982733488082886,300,0.935350077226758,93,6
10,300,0,FR,22,1,0,4.224003791809082,1.8985202312469482,0.5287734270095825,300,0.9385247780010104,96,15
10,300,0,FR,22,1,1,3.732542037963867,1.8789089918136597,0.4914354979991913,300,0.9385247780010104,96,1
10,300,0,FR,22,1,2,4.045731544494629,2.178354501724243,0.5162686705589294,300,0.9385247780010104,96,8
10,300,0,FR,22,1,3,3.6509201526641846,1.8431552648544312,0.44870850443840027,300,0.9385247780010104,96,9
10,300,0,FR,23,0,0,1.1278386116027832,-0.7340235710144043,0.36610111594200134,300,1.0676965867169201,94,2
10,300,0,FR,23,0,1,1.8352231979370117,-0.4177519381046295,0.3969433307647705,300,1.0676965867169201,95,21
10,300,0,FR,23,0,2,2.146632432937622,-0.5986697673797607,0.46056440472602844,300,1.0676965867169201,96,6
10,300,0,FR,23,0,3,2.005988359451294,-0.7757878303527832,0.4561271369457245,300,1.0676965867169201,93,3
10,300,0,FR,23,1,0,3.89512300491333,0.9611887335777283,0.4190426170825958,300,0.9159070602618158,95,8
10,300,0,FR,23,1,1,2.9098620414733887,0.9837657809257507,0.3092748820781708,300,0.9159070602618158,96,8
10,300,0,FR,23,1,2,3.5598556995391846,0.9207074642181396,0.4138163626194,300,0.9159070602618158,94,7
10,300,0,FR,23,1,3,3.027961492538452,0.8290925025939941,0.35368481278419495,300,0.9159070602618158,95,11
10,300,0,FR,24,0,0,1.2180602550506592,-1.0605071783065796,0.1022801324725151,300,0.9810098428279161,95,2
10,300,0,FR,24,0,1,1.988248348236084,-1.0845309495925903,0.13379262387752533,300,0.9810098428279161,95,7
10,300,0,FR,24,0,2,1.1994569301605225,-1.1245408058166504,0.096934974193573,300,0.9810098428279161,96,4
10,300,0,FR,24,0,3,1.112743616104126,-1.1052800416946411,0.10782480239868164,300,0.9810098428279161,95,13
10,300,0,FR,24,1,0,2.2016756534576416,-0.692449688911438,0.17887304723262787,300,1.0276646730490029,96,8
10,300,0,FR,24,1,1,1.6673555374145508,-0.7539918422698975,0.12346114963293076,300,1.0276646730490029,95,8
10,300,0,FR,24,1,2,0.889106273651123,-0.9164135456085205,0.11227470636367798,300,1.0276646730490029,96,9
10,300,0,FR,24,1,3,1.5734436511993408,-0.5057826042175293,0.10331780463457108,300,1.0276646730490029,96,7
10,300,0,FR,25,0,0,2.7554595470428467,-1.5470945835113525,0.18774846196174622,300,0.9685757085680962,96,4
10,300,0,FR,25,0,1,2.9436023235321045,-1.434374213218689,0.19165191054344177,300,0.9685757085680962,96,4
10,300,0,FR,25,0,2,1.0462009906768799,-1.5689254999160767,0.11659616231918335,300,0.9685757085680962,94,12
10,300,0,FR,25,0,3,1.6983835697174072,-1.5737515687942505,0.15530723333358765,300,0.9685757085680962,94,5
10,300,0,FR,25,1,0,1.131813645362854,-0.026758447289466858,0.19435586035251617,300,1.000412976834923,95,5
10,300,0,FR,25,1,1,0.645761251449585,-0.09556558728218079,0.15111586451530457,300,1.000412976834923,95,13
10,300,0,FR,25,1,2,1.5584734678268433,-0.07301583886146545,0.24261991679668427,300,1.000412976834923,96,12
10,300,0,FR,25,1,3,0.7793365716934204,-0.12262144684791565,0.15695413947105408,300,1.000412976834923,94,6
10,300,0,FR,26,0,0,1.7458980083465576,-0.7467249035835266,0.11150583624839783,300,0.9392323875799775,95,13
10,300,0,FR,26,0,1,3.0751731395721436,-0.7398625016212463,0.1581234186887741,300,0.9392323875799775,95,10
10,300,0,FR,26,0,2,4.076772689819336,-0.4508402943611145,0.14987798035144806,300,0.9392323875799775,96,9
10,300,0,FR,26,0,3,6.7130889892578125,-0.6720969676971436,0.24373061954975128,300,0.9392323875799775,96,12
10,300,0,FR,26,1,0,5.27493953704834,2.4030661582946777,0.13700412213802338,300,0.9425385263748467,95,10
10,300,0,FR,26,1,1,5.842391014099121,2.673943519592285,0.15372420847415924,300,0.9425385263748467,94,17
10,300,0,FR,26,1,2,6.490065574645996,2.456373691558838,0.20312099158763885,300,0.9425385263748467,94,9
10,300,0,FR,26,1,3,5.711503505706787,2.4365158081054688,0.17145664989948273,300,0.9425385263748467,95,4
10,300,0,FR,27,0,0,7.587168216705322,1.575026035308838,0.2245294749736786,300,0.996132826898247,96,4
10,300,0,FR,27,0,1,7.272269248962402,1.5789048671722412,0.20216712355613708,300,0.996132826898247,95,0
10,300,0,FR,27,0,2,6.503210067749023,1.646402359008789,0.1967555582523346,300,0.996132826898247,94,6
10,300,0,FR,27,0,3,5.173687934875488,1.7071480751037598,0.13938672840595245,300,0.996132826898247,93,8
10,300,0,FR,27,1,0,1.1392803192138672,-1.055401086807251,0.09102728962898254,300,0.9475573007948697,95,6
10,300,0,FR,27,1,1,1.9025976657867432,-0.9284487962722778,0.09407228976488113,300,0.9475573007948697,92,2
10,300,0,FR,27,1,2,4.048653602600098,-0.9084439277648926,0.17354325950145721,300,0.9475573007948697,96,5
10,300,0,FR,27,1,3,1.312709093093872,-0.9548360109329224,0.07775568217039108,300,0.9475573007948697,96,2
10,300,0,FR,28,0,0,1.9580254554748535,0.09555920958518982,0.11720229685306549,300,0.992618893738836,94,7
10,300,0,FR,28,0,1,2.3522112369537354,0.1164291501045227,0.1450950801372528,300,0.992618893738836,96,10
10,300,0,FR,28,0,2,1.9371023178100586,0.058085352182388306,0.1654360592365265,300,0.992618893738836,96,6
10,300,0,FR,28,0,3,4.131128311157227,0.10561889410018921,0.24165405333042145,300,0.992618893738836,94,11
10,300,0,FR,28,1,0,6.538698196411133,1.7323448657989502,0.1298629492521286,300,0.9448035629466176,96,6
10,300,0,FR,28,1,1,7.775276184082031,1.6942212581634521,0.14103014767169952,300,0.9448035629466176,95,7
10,300,0,FR,28,1,2,7.937792778015137,1.7651770114898682,0.1506052166223526,300,0.9448035629466176,95,8
10,300,0,FR,28,1,3,8.4398775100708,1.784989595413208,0.15093305706977844,300,0.9448035629466176,95,3
10,300,0,FR,29,0,0,10.487503051757812,-0.037518441677093506,0.22357536852359772,300,0.920871895737946,96,5
10,300,0,FR,29,0,1,11.846153259277344,0.2786058187484741,0.2062569409608841,300,0.920871895737946,95,2
10,300,0,FR,29,0,2,13.434906959533691,0.5514858961105347,0.21718628704547882,300,0.920871895737946,95,5
10,300,0,FR,29,0,3,9.178278923034668,0.31309235095977783,0.1748342663049698,300,0.920871895737946,95,7
10,300,0,FR,29,1,0,16.84819221496582,2.5830111503601074,0.15970975160598755,300,1.030446209013462,96,7
10,300,0,FR,29,1,1,25.036561965942383,2.9337713718414307,0.2451564520597458,300,1.030446209013462,96,5
10,300,0,FR,29,1,2,10.943923950195312,2.760626792907715,0.12768594920635223,300,1.030446209013462,96,11
10,300,0,FR,29,1,3,13.07924747467041,2.52239990234375,0.12879174947738647,300,1.030446209013462,96,3
10,300,0,FR,30,0,0,1.150890588760376,-0.5702512264251709,0.15087203681468964,300,1.0409506089054048,95,6
10,300,0,FR,30,0,1,1.174349308013916,-0.4741554856300354,0.15063466131687164,300,1.0409506089054048,94,12
10,300,0,FR,30,0,2,1.5830059051513672,-0.4983377158641815,0.2085401713848114,300,1.0409506089054048,96,9
10,300,0,FR,30,0,3,1.6219593286514282,-0.5032592415809631,0.17386308312416077,300,1.0409506089054048,91,8
10,300,0,FR,30,1,0,1.4697495698928833,-0.02471792697906494,0.18585889041423798,300,0.989658934995532,95,14
10,300,0,FR,30,1,1,3.1597254276275635,-0.11488625407218933,0.3092387318611145,300,0.989658934995532,94,10
10,300,0,FR,30,1,2,1.2628861665725708,-0.06253182888031006,0.18855617940425873,300,0.989658934995532,94,11
10,300,0,FR,30,1,3,1.486115574836731,-0.09639641642570496,0.15588435530662537,300,0.989658934995532,93,6
10,300,0,FR,31,0,0,5.127323627471924,-0.35776567459106445,0.12840862572193146,300,1.0519403140060604,95,7
10,300,0,FR,31,0,1,10.879652976989746,-0.3766782283782959,0.2900353670120239,300,1.0519403140060604,95,5
10,300,0,FR,31,0,2,7.691391468048096,-0.051531195640563965,0.15895836055278778,300,1.0519403140060604,96,6
10,300,0,FR,31,0,3,8.042566299438477,0.053763747215270996,0.15620972216129303,300,1.0519403140060604,95,1
10,300,0,FR,31,1,0,1.9473530054092407,0.872778594493866,0.26370739936828613,300,1.005749980919063,96,14
10,300,0,FR,31,1,1,1.941079020500183,0.8492409586906433,0.2570246160030365,300,1.005749980919063,94,7
10,300,0,FR,31,1,2,2.2850093841552734,0.844910740852356,0.223658949136734,300,1.005749980919063,93,7
10,300,0,FR,31,1,3,2.4144582748413086,0.822384238243103,0.35538676381111145,300,1.005749980919063,94,9
10,300,0,FR,32,0,0,0.7867201566696167,-0.39495012164115906,0.20550356805324554,300,0.9205296579748392,94,9
10,300,0,FR,32,0,1,0.9264378547668457,-0.45997676253318787,0.2700955271720886,300,0.9205296579748392,95,8
10,300,0,FR,32,0,2,0.34475409984588623,-0.48127472400665283,0.1788405328989029,300,0.9205296579748392,91,10
10,300,0,FR,32,0,3,0.4049075245857239,-0.3976437449455261,0.15319131314754486,300,0.9205296579748392,91,8
10,300,0,FR,32,1,0,6.655295372009277,1.275679349899292,0.320374459028244,300,1.0485521969385445,94,5
10,300,0,FR,32,1,1,4.891436576843262,1.1044471263885498,0.2723877429962158,300,1.0485521969385445,96,7
10,300,0,FR,32,1,2,5.0110673904418945,1.263439655303955,0.24848896265029907,300,1.0485521969385445,96,7
10,300,0,FR,32,1,3,4.86944580078125,1.31387460231781,0.2533668875694275,300,1.0485521969385445,96,12
10,300,0,FR,33,0,0,15.372878074645996,0.8050931692123413,0.2346750795841217,300,1.0380311305634677,94,3
10,300,0,FR,33,0,1,5.1495561599731445,1.0253041982650757,0.09137897193431854,300,1.0380311305634677,96,3
10,300,0,FR,33,0,2,7.830560684204102,1.0648536682128906,0.13295064866542816,300,1.0380311305634677,92,14
10,300,0,FR,33,0,3,6.775330543518066,1.0744775533676147,0.1364690512418747,300,1.0380311305634677,95,5
10,300,0,FR,33,1,0,2.465264320373535,-1.7258440256118774,0.24726374447345734,300,0.9492495306767523,96,9
10,300,0,FR,33,1,1,2.334282398223877,-1.7927981615066528,0.23298580944538116,300,0.9492495306767523,96,7
10,300,0,FR,33,1,2,1.0363285541534424,-1.850879192352295,0.16887108981609344,300,0.9492495306767523,95,10
10,300,0,FR,33,1,3,1.1109821796417236,-1.8496209383010864,0.18480007350444794,300,0.9492495306767523,93,4
10,300,0,FR,34,0,0,4.233306884765625,-1.0397191047668457,0.2705550193786621,300,0.9555293559096754,95,8
10,300,0,FR,34,0,1,2.38185453414917,-0.9006065726280212,0.22006452083587646,300,0.9555293559096754,94,10
10,300,0,FR,34,0,2,2.42242431640625,-0.9165961146354675,0.17377324402332306,300,0.9555293559096754,95,10
10,300,0,FR,34,0,3,2.2497718334198,-1.0149683952331543,0.16756504774093628,300,0.9555293559096754,94,5
10,300,0,FR,34,1,0,4.268415451049805,-0.918799102306366,0.1672094613313675,300,0.9264560369774699,96,10
10,300,0,FR,34,1,1,4.905839920043945,-0.7799401879310608,0.18347282707691193,300,0.9264560369774699,93,10
10,300,0,FR,34,1,2,5.435975074768066,-0.9446300268173218,0.21584856510162354,300,0.9264560369774699,96,7
10,300,0,FR,34,1,3,6.690471649169922,-0.61220782995224,0.19080770015716553,300,0.9264560369774699,94,11
10,300,0,FR,35,0,0,5.209332466125488,0.056246910244226456,0.2449793666601181,300,0.9461936689913273,95,8
10,300,0,FR,35,0,1,6.200300216674805,0.021871212869882584,0.2710549831390381,300,0.9461936689913273,92,4
10,300,0,FR,35,0,2,3.185370922088623,-0.0759129524230957,0.14135242998600006,300,0.9461936689913273,91,3
10,300,0,FR,35,0,3,2.423672676086426,0.00985860824584961,0.12378862500190735,300,0.9461936689913273,94,5
10,300,0,FR,35,1,0,4.51176118850708,-2.1166186332702637,0.17626048624515533,300,0.9928379650227726,96,5
10,300,0,FR,35,1,1,7.8090081214904785,-2.0796639919281006,0.2119034230709076,300,0.9928379650227726,94,3
10,300,0,FR,35,1,2,1.3419907093048096,-2.3489012718200684,0.1055569127202034,300,0.9928379650227726,96,6
10,300,0,FR,35,1,3,3.1452488899230957,-2.2179505825042725,0.16320624947547913,300,0.9928379650227726,92,7
10,300,1,FR,0,0,0,2.2679688930511475,-0.9666463136672974,0.21483388543128967,300,0.9576636673882604,96,17
10,300,1,FR,0,0,1,5.034171104431152,-1.1993300914764404,0.29572412371635437,300,0.9576636673882604,96,10
10,300,1,FR,0,0,2,3.8116581439971924,-1.1501002311706543,0.26608431339263916,300,0.9576636673882604,96,14
10,300,1,FR,0,0,3,7.163430213928223,-1.2617110013961792,0.4201960265636444,300,0.9576636673882604,96,9
10,300,1,FR,0,1,0,3.93599009513855,0.2645934820175171,0.20695477724075317,300,0.9713933551684022,84,5
10,300,1,FR,0,1,1,6.069940567016602,0.334328293800354,0.2814546525478363,300,0.9713933551684022,82,4
10,300,1,FR,0,1,2,6.943790912628174,0.4510745108127594,0.33825892210006714,300,0.9713933551684022,87,8
10,300,1,FR,0,1,3,9.548397064208984,0.34263134002685547,0.4353974461555481,300,0.9713933551684022,92,12
10,300,1,FR,1,0,0,7.635520935058594,0.00047966837882995605,0.2865792214870453,300,0.8989257598295808,96,13
10,300,1,FR,1,0,1,6.1766204833984375,0.1581125557422638,0.2461259812116623,300,0.8989257598295808,94,5
10,300,1,FR,1,0,2,5.763267517089844,-0.11609959602355957,0.21304067969322205,300,0.8989257598295808,96,13
10,300,1,FR,1,0,3,6.456876754760742,-0.1830729842185974,0.29080551862716675,300,0.8989257598295808,96,8
10,300,1,FR,1,1,0,2.335392713546753,-1.0245614051818848,0.2413279116153717,300,1.0175556889735162,96,16
10,300,1,FR,1,1,1,1.5264136791229248,-0.9132101535797119,0.16708451509475708,300,1.0175556889735162,95,8
10,300,1,FR,1,1,2,4.612424373626709,-0.9424190521240234,0.3656797707080841,300,1.0175556889735162,95,13
10,300,1,FR,1,1,3,1.8842339515686035,-0.955848217010498,0.1827915906906128,300,1.0175556889735162,96,13
10,300,1,FR,2,0,0,4.034210681915283,0.46255436539649963,0.28258973360061646,300,1.0074076568707824,95,12
10,300,1,FR,2,0,1,3.544769525527954,0.5324831008911133,0.24907147884368896,300,1.0074076568707824,93,15
10,300,1,FR,2,0,2,3.10897159576416,0.4760524034500122,0.2811846137046814,300,1.0074076568707824,96,7
10,300,1,FR,2,0,3,3.8043501377105713,0.5522036552429199,0.29908663034439087,300,1.0074076568707824,94,7
10,300,1,FR,2,1,0,-0.6089819669723511,-1.4760608673095703,0.20854955911636353,300,1.0296013616025448,96,7
10,300,1,FR,2,1,1,-0.3818037509918213,-1.5231866836547852,0.24504196643829346,300,1.0296013616025448,89,8
10,300,1,FR,2,1,2,-0.8507099151611328,-1.600685954093933,0.17673051357269287,300,1.0296013616025448,92,9
10,300,1,FR,2,1,3,-0.35127031803131104,-1.5503945350646973,0.2611364424228668,300,1.0296013616025448,87,12
10,300,1,FR,3,0,0,8.747306823730469,-0.8560305833816528,0.14408919215202332,300,0.9288733107969165,96,11
10,300,1,FR,3,0,1,10.961677551269531,-0.8746194839477539,0.1791227012872696,300,0.9288733107969165,96,8
10,300,1,FR,3,0,2,5.622751235961914,-0.3779151439666748,0.08687138557434082,300,0.9288733107969165,96,4
10,300,1,FR,3,0,3,3.7419629096984863,-0.5511049628257751,0.061729565262794495,300,0.9288733107969165,96,1
10,300,1,FR,3,1,0,3.6537399291992188,-0.7128682136535645,0.10117896646261215,300,1.0631518000736833,93,11
10,300,1,FR,3,1,1,6.251707077026367,-0.7660822868347168,0.1461058109998703,300,1.0631518000736833,90,2
10,300,1,FR,3,1,2,6.298340320587158,-0.7742933630943298,0.13799645006656647,300,1.0631518000736833,86,2
10,300,1,FR,3,1,3,7.783202648162842,-0.6385633945465088,0.17602907121181488,300,1.0631518000736833,95,4
10,300,1,FR,4,0,0,13.95925521850586,-0.26610618829727173,0.1782672107219696,300,0.9940562481060624,93,6
10,300,1,FR,4,0,1,13.610875129699707,-0.3726663589477539,0.1689850240945816,300,0.9940562481060624,94,12
10,300,1,FR,4,0,2,3.9369471073150635,-0.11128544807434082,0.06333467364311218,300,0.9940562481060624,94,10
10,300,1,FR,4,0,3,9.09109115600586,-0.39748623967170715,0.12844492495059967,300,0.9940562481060624,94,12
10,300,1,FR,4,1,0,20.808820724487305,2.3976025581359863,0.19912925362586975,300,0.8902642247267067,80,9
10,300,1,FR,4,1,1,22.008285522460938,1.8940411806106567,0.18703781068325043,300,0.8902642247267067,76,8
10,300,1,FR,4,1,2,14.116765975952148,1.7016710042953491,0.13240833580493927,300,0.8902642247267067,87,8
10,300,1,FR,4,1,3,22.09471893310547,2.0994153022766113,0.18950903415679932,300,0.8902642247267067,85,9
10,300,1,FR,5,0,0,8.508004188537598,1.0878762006759644,0.2732488811016083,300,0.968672907911241,96,4
10,300,1,FR,5,0,1,2.9503579139709473,1.2067244052886963,0.07581029087305069,300,0.968672907911241,94,5
10,300,1,FR,5,0,2,3.5759880542755127,1.0705320835113525,0.09764484316110611,300,0.968672907911241,96,12
10,300,1,FR,5,0,3,7.369424819946289,1.067186713218689,0.23112629354000092,300,0.968672907911241,95,12
10,300,1,FR,5,1,0,10.367414474487305,1.2975133657455444,0.25179532170295715,300,0.9575461084023118,92,11
10,300,1,FR,5,1,1,7.098459720611572,1.090508222579956,0.1688261181116104,300,0.9575461084023118,94,14
10,300,1,FR,5,1,2,11.009040832519531,1.0989569425582886,0.22556482255458832,300,0.9575461084023118,95,4
10,300,1,FR,5,1,3,7.985172271728516,1.2261321544647217,0.14202168583869934,300,0.9575461084023118,87,10
10,300,1,FR,6,0,0,5.728719711303711,2.079327344894409,0.07735541462898254,300,1.0446695159189403,89,9
10,300,1,FR,6,0,1,12.327788352966309,2.1306450366973877,0.2123340666294098,300,1.0446695159189403,86,1
10,300,1,FR,6,0,2,7.614391326904297,2.0692548751831055,0.09948915243148804,300,1.0446695159189403,94,5
10,300,1,FR,6,0,3,10.803177833557129,2.003077507019043,0.14633376896381378,300,1.0446695159189403,87,3
10,300,1,FR,6,1,0,7.399230003356934,1.99702787399292,0.16585853695869446,300,0.9966851589269936,93,7
10,300,1,FR,6,1,1,5.511938095092773,2.2166037559509277,0.1317443698644638,300,0.9966851589269936,94,9
10,300,1,FR,6,1,2,8.344766616821289,2.0416789054870605,0.19503937661647797,300,0.9966851589269936,93,12
10,300,1,FR,6,1,3,7.0901031494140625,2.0976059436798096,0.16140082478523254,300,0.9966851589269936,96,7
10,300,1,FR,7,0,0,15.840670585632324,1.136980652809143,0.13853980600833893,300,0.9146688263863325,82,7
10,300,1,FR,7,0,1,9.295223236083984,0.8348329067230225,0.058603398501873016,300,0.9146688263863325,82,5
10,300,1,FR,7,0,2,16.280364990234375,1.836684226989746,0.0982452780008316,300,0.9146688263863325,84,7
10,300,1,FR,7,0,3,13.14706802368164,0.7031724452972412,0.08583095669746399,300,0.9146688263863325,80,3
10,300,1,FR,7,1,0,12.34350872039795,0.5284290313720703,0.11912594735622406,300,1.000157357659191,88,5
10,300,1,FR,7,1,1,8.047371864318848,1.0387144088745117,0.0735827386379242,300,1.000157357659191,75,5
10,300,1,FR,7,1,2,9.658843040466309,0.5497498512268066,0.11291661113500595,300,1.000157357659191,82,3
10,300,1,FR,7,1,3,4.453040599822998,0.4337366223335266,0.04349401965737343,300,1.000157357659191,80,4
10,300,1,FR,8,0,0,14.436029434204102,1.4936163425445557,0.148568794131279,300,0.98433005111292,95,5
10,300,1,FR,8,0,1,9.519998550415039,1.2003753185272217,0.11480498313903809,300,0.98433005111292,94,9
10,300,1,FR,8,0,2,10.38569450378418,1.3344327211380005,0.11511766165494919,300,0.98433005111292,96,7
10,300,1,FR,8,0,3,12.538433074951172,1.5210676193237305,0.12473443150520325,300,0.98433005111292,96,14
10,300,1,FR,8,1,0,5.076621055603027,2.1780622005462646,0.05131242796778679,300,0.9387656711041927,77,3
10,300,1,FR,8,1,1,13.001628875732422,2.1680655479431152,0.1584271788597107,300,0.9387656711041927,80,5
10,300,1,FR,8,1,2,5.462606430053711,2.1731624603271484,0.05351949483156204,300,0.9387656711041927,76,4
10,300,1,FR,8,1,3,8.56061840057373,2.222381830215454,0.1173967495560646,300,0.9387656711041927,78,3
10,300,1,FR,9,0,0,6.361025810241699,1.9770985841751099,0.10424045473337173,300,1.0737056550569832,92,6
10,300,1,FR,9,0,1,5.245368957519531,2.4403483867645264,0.08920175582170486,300,1.0737056550569832,95,3
10,300,1,FR,9,0,2,8.205345153808594,2.023789167404175,0.18896861374378204,300,1.0737056550569832,95,7
10,300,1,FR,9,0,3,7.341561317443848,2.104058265686035,0.14109551906585693,300,1.0737056550569832,95,6
10,300,1,FR,9,1,0,1.6910037994384766,-0.2799261510372162,0.09435281157493591,300,0.9973214976489544,96,2
10,300,1,FR,9,1,1,2.5803661346435547,-0.25906074047088623,0.12496434152126312,300,0.9973214976489544,95,1
10,300,1,FR,9,1,2,1.8790462017059326,-0.22309145331382751,0.12332942336797714,300,0.9973214976489544,95,5
10,300,1,FR,9,1,3,2.0222349166870117,-0.14777255058288574,0.11399811506271362,300,0.9973214976489544,95,3
10,300,1,FR,10,0,0,4.635131359100342,0.6455241441726685,0.10477367043495178,300,1.0081728850491345,93,5
10,300,1,FR,10,0,1,5.566490650177002,0.4230613112449646,0.12833918631076813,300,1.0081728850491345,83,1
10,300,1,FR,10,0,2,6.719289302825928,0.7501580715179443,0.18384522199630737,300,1.0081728850491345,91,6
10,300,1,FR,10,0,3,5.558331489562988,0.7734237909317017,0.13905900716781616,300,1.0081728850491345,89,4
10,300,1,FR,10,1,0,2.7333998680114746,1.3438365459442139,0.15215641260147095,300,0.8706228542141616,94,8
10,300,1,FR,10,1,1,2.403266191482544,1.4475127458572388,0.10195719450712204,300,0.8706228542141616,87,11
10,300,1,FR,10,1,2,3.131481885910034,1.3605109453201294,0.1659466177225113,300,0.8706228542141616,90,17
10,300,1,FR,10,1,3,2.661114454269409,1.4553245306015015,0.14218223094940186,300,0.8706228542141616,92,8
10,300,1,FR,11,0,0,4.306395053863525,1.3951770067214966,0.251298725605011,300,1.0343519430607557,84,7
10,300,1,FR,11,0,1,2.9742050170898438,1.6177141666412354,0.12761014699935913,300,1.0343519430607557,75,15
10,300,1,FR,11,0,2,2.991093635559082,1.5058014392852783,0.1641351580619812,300,1.0343519430607557,59,11
10,300,1,FR,11,0,3,3.312641143798828,1.520143747329712,0.1744360327720642,300,1.0343519430607557,81,5
10,300,1,FR,11,1,0,9.693161010742188,3.044968605041504,0.09119566529989243,300,0.956068417057395,93,7
10,300,1,FR,11,1,1,10.573522567749023,2.6211605072021484,0.12385863065719604,300,0.956068417057395,95,4
10,300,1,FR,11,1,2,9.13522720336914,3.5146467685699463,0.08241817355155945,300,0.956068417057395,95,6
10,300,1,FR,11,1,3,12.479467391967773,2.9978129863739014,0.14826738834381104,300,0.956068417057395,92,5
10,300,1,FR,12,0,0,-0.8903303146362305,-1.09410560131073,0.41451701521873474,300,0.9222769970074296,96,5
10,300,1,FR,12,0,1,-0.6017447710037231,-1.0949362516403198,0.6367615461349487,300,0.9222769970074296,95,4
10,300,1,FR,12,0,2,-0.6532570123672485,-1.1310367584228516,0.6389573812484741,300,0.9222769970074296,95,8
10,300,1,FR,12,0,3,-0.7881351113319397,-1.085528016090393,0.5290704369544983,300,0.9222769970074296,94,7
10,300,1,FR,12,1,0,1.0020089149475098,0.2937510311603546,0.480538547039032,300,0.9083025557920337,96,14
10,300,1,FR,12,1,1,1.0417331457138062,0.4266664981842041,0.4541008472442627,300,0.9083025557920337,96,17
10,300,1,FR,12,1,2,1.0915268659591675,0.23706667125225067,0.5368226170539856,300,0.9083025557920337,96,17
10,300,1,FR,12,1,3,0.9171763062477112,0.19982090592384338,0.4922020733356476,300,0.9083025557920337,94,9
10,300,1,FR,13,0,0,-0.1749534010887146,-1.0672698020935059,0.49914783239364624,300,0.9851186503656209,75,11
10,300,1,FR,13,0,1,-0.049948811531066895,-1.0084935426712036,0.49728214740753174,300,0.9851186503656209,84,11
10,300,1,FR,13,0,2,-0.12355327606201172,-0.8029178380966187,0.46499720215797424,300,0.9851186503656209,93,6
10,300,1,FR,13,0,3,0.31238508224487305,-1.1060484647750854,0.6016861796379089,300,0.9851186503656209,92,11
10,300,1,FR,13,1,0,2.5626068115234375,1.4716459512710571,0.5649306178092957,300,1.0381375453434885,94,14
10,300,1,FR,13,1,1,2.669163703918457,1.4246207475662231,0.5420038104057312,300,1.0381375453434885,85,4
10,300,1,FR,13,1,2,2.670304298400879,1.3490349054336548,0.5759555101394653,300,1.0381375453434885,80,7
10,300,1,FR,13,1,3,2.646775960922241,1.2432917356491089,0.6423731446266174,300,1.0381375453434885,94,5
10,300,1,FR,14,0,0,1.966110348701477,0.8945275545120239,0.3921462893486023,300,1.062031767796725,85,7
10,300,1,FR,14,0,1,1.9601752758026123,0.5920255184173584,0.4547281563282013,300,1.062031767796725,67,3
10,300,1,FR,14,0,2,1.7663111686706543,0.7465118169784546,0.3903941810131073,300,1.062031767796725,70,0
10,300,1,FR,14,0,3,1.822403073310852,0.8930505514144897,0.36459919810295105,300,1.062031767796725,87,19
10,300,1,FR,14,1,0,2.1795055866241455,1.2315528392791748,0.5067904591560364,300,0.9510815641842782,89,11
10,300,1,FR,14,1,1,2.1454224586486816,1.1850677728652954,0.514099657535553,300,0.9510815641842782,83,10
10,300,1,FR,14,1,2,2.1921427249908447,1.2045705318450928,0.50496506690979,300,0.9510815641842782,78,3
10,300,1,FR,14,1,3,2.4827680587768555,1.1086734533309937,0.556560754776001,300,0.9510815641842782,76,8
10,300,1,FR,15,0,0,0.16370919346809387,-1.4232661724090576,0.6874436140060425,300,0.9743938320316374,94,9
10,300,1,FR,15,0,1,0.7767410278320312,-1.3732402324676514,0.7822914123535156,300,0.9743938320316374,75,8
10,300,1,FR,15,0,2,0.20063257217407227,-1.43067467212677,0.7101306915283203,300,0.9743938320316374,80,9
10,300,1,FR,15,0,3,0.37399783730506897,-1.5341308116912842,0.752192497253418,300,0.9743938320316374,86,4
10,300,1,FR,15,1,0,-0.7878379821777344,-1.569789171218872,0.7357977032661438,300,1.0551852453500032,96,8
10,300,1,FR,15,1,1,-0.5688977837562561,-1.9650707244873047,0.8256304860115051,300,1.0551852453500032,96,5
10,300,1,FR,15,1,2,-0.7006974816322327,-1.9349874258041382,0.8147752285003662,300,1.0551852453500032,96,8
10,300,1,FR,15,1,3,-1.2434916496276855,-1.9089101552963257,0.6485692262649536,300,1.0551852453500032,96,11
10,300,1,FR,16,0,0,1.3741223812103271,-0.7544007301330566,0.7774060368537903,300,0.9244414758868515,93,10
10,300,1,FR,16,0,1,1.6267203092575073,-0.7017508745193481,0.801834762096405,300,0.9244414758868515,95,5
10,300,1,FR,16,0,2,0.808657705783844,-0.5709453821182251,0.7178236246109009,300,0.9244414758868515,96,5
10,300,1,FR,16,0,3,1.205312728881836,-0.5660583972930908,0.7223649024963379,300,0.9244414758868515,96,10
10,300,1,FR,16,1,0,-1.644722580909729,-2.7366955280303955,0.7190624475479126,300,0.9914153940044343,93,4
10,300,1,FR,16,1,1,-1.5522434711456299,-2.7098584175109863,0.760448157787323,300,0.9914153940044343,94,12
10,300,1,FR,16,1,2,-1.519033432006836,-2.803152561187744,0.7666894793510437,300,0.9914153940044343,94,4
10,300,1,FR,16,1,3,-1.5743838548660278,-2.8166704177856445,0.7423831224441528,300,0.9914153940044343,96,4
10,300,1,FR,17,0,0,0.8798058032989502,-1.757227897644043,0.6150646805763245,300,0.9836494042538106,87,9
10,300,1,FR,17,0,1,0.6461324691772461,-1.7977280616760254,0.5859875082969666,300,0.9836494042538106,80,13
10,300,1,FR,17,0,2,0.258064866065979,-1.6476936340332031,0.5624485611915588,300,0.9836494042538106,94,11
10,300,1,FR,17,0,3,0.672527551651001,-1.7666828632354736,0.5905390977859497,300,0.9836494042538106,88,7
10,300,1,FR,17,1,0,1.2479865550994873,0.11210787296295166,0.6948345303535461,300,0.9841501829214394,93,2
10,300,1,FR,17,1,1,1.0138627290725708,-0.3649832010269165,0.7472369074821472,300,0.9841501829214394,96,9
10,300,1,FR,17,1,2,1.0734723806381226,-0.3616753816604614,0.7217188477516174,300,0.9841501829214394,96,6
10,300,1,FR,17,1,3,0.9087534546852112,-0.5197075605392456,0.7033998370170593,300,0.9841501829214394,96,4
10,300,1,FR,18,0,0,2.0574395656585693,-0.9073808193206787,0.3544378876686096,300,1.032845496200025,71,7
10,300,1,FR,18,0,1,2.2886037826538086,-0.8862144947052002,0.40320324897766113,300,1.032845496200025,82,12
10,300,1,FR,18,0,2,0.8605220317840576,-0.9560770988464355,0.32064008712768555,300,1.032845496200025,85,13
10,300,1,FR,18,0,3,1.8682355880737305,-1.1216602325439453,0.3445940613746643,300,1.032845496200025,77,8
10,300,1,FR,18,1,0,0.5973039865493774,-0.453838586807251,0.32993564009666443,300,0.8823573216795921,88,7
10,300,1,FR,18,1,1,0.8682911992073059,-0.5520897507667542,0.416737824678421,300,0.8823573216795921,81,10
10,300,1,FR,18,1,2,0.6621173024177551,-0.5267860293388367,0.3290666341781616,300,0.8823573216795921,88,10
10,300,1,FR,18,1,3,0.9024512767791748,-0.4543015956878662,0.41709035634994507,300,0.8823573216795921,93,16
10,300,1,FR,19,0,0,-0.7998606562614441,-3.5399556159973145,0.4117533266544342,300,0.9308902421034873,81,4
10,300,1,FR,19,0,1,-0.23441147804260254,-3.5490736961364746,0.4698842763900757,300,0.9308902421034873,94,11
10,300,1,FR,19,0,2,-0.06803834438323975,-3.413839817047119,0.41513508558273315,300,0.9308902421034873,87,10
10,300,1,FR,19,0,3,-0.33455634117126465,-3.6097192764282227,0.46252888441085815,300,0.9308902421034873,94,7
10,300,1,FR,19,1,0,1.6661111116409302,-0.13721096515655518,0.3756147623062134,300,0.913495175074786,86,7
10,300,1,FR,19,1,1,2.016334056854248,-0.08720278739929199,0.3803263008594513,300,0.913495175074786,90,8
10,300,1,FR,19,1,2,2.0365049839019775,-0.09842419624328613,0.4245103597640991,300,0.913495175074786,87,9
10,300,1,FR,19,1,3,1.9346702098846436,-0.031037092208862305,0.32471710443496704,300,0.913495175074786,91,6
10,300,1,FR,20,0,0,1.5388593673706055,0.6983325481414795,0.3168785572052002,300,0.9551929538138211,94,11
10,300,1,FR,20,0,1,1.2430931329727173,0.6923919916152954,0.19711267948150635,300,0.9551929538138211,92,5
10,300,1,FR,20,0,2,1.1971702575683594,0.6042801141738892,0.21247561275959015,300,0.9551929538138211,96,7
10,300,1,FR,20,0,3,1.2077268362045288,0.6894302368164062,0.19657787680625916,300,0.9551929538138211,95,5
10,300,1,FR,20,1,0,0.8784558773040771,0.10315412282943726,0.1950882375240326,300,1.0395394787192345,96,3
10,300,1,FR,20,1,1,1.2539275884628296,0.04964369535446167,0.256477415561676,300,1.0395394787192345,96,6
10,300,1,FR,20,1,2,0.9377898573875427,0.1272183060646057,0.20917464792728424,300,1.0395394787192345,96,1
10,300,1,FR,20,1,3,1.259364366531372,0.07575052976608276,0.3483741879463196,300,1.0395394787192345,96,12
10,300,1,FR,21,0,0,-0.9545227289199829,-1.8929144144058228,0.47598057985305786,300,1.0218737139366567,96,8
10,300,1,FR,21,0,1,-0.7674684524536133,-1.9319839477539062,0.5105440616607666,300,1.0218737139366567,96,12
10,300,1,FR,21,0,2,-0.6687464714050293,-1.9002529382705688,0.5816313028335571,300,1.0218737139366567,96,9
10,300,1,FR,21,0,3,-1.2033295631408691,-1.9533742666244507,0.4282447099685669,300,1.0218737139366567,96,10
10,300,1,FR,21,1,0,2.3502233028411865,1.4237306118011475,0.4651634395122528,300,0.9847574871964753,92,10
10,300,1,FR,21,1,1,2.678206443786621,1.389299750328064,0.5319288969039917,300,0.9847574871964753,88,5
10,300,1,FR,21,1,2,2.6719472408294678,1.317552089691162,0.5528509616851807,300,0.9847574871964753,83,5
10,300,1,FR,21,1,3,1.9937427043914795,1.3478881120681763,0.3465598225593567,300,0.9847574871964753,94,10
10,300,1,FR,22,0,0,1.084089994430542,-1.2781765460968018,0.4345504343509674,300,1.0116088087670505,95,11
10,300,1,FR,22,0,1,1.470184087753296,-1.3099857568740845,0.44449281692504883,300,1.0116088087670505,95,8
10,300,1,FR,22,0,2,2.1151812076568604,-0.8553528785705566,0.4543266296386719,300,1.0116088087670505,94,10
10,300,1,FR,22,0,3,0.8042654991149902,-1.4687392711639404,0.3958238959312439,300,1.0116088087670505,95,3
10,300,1,FR,22,1,0,4.224003791809082,1.8910218477249146,0.5295754671096802,300,0.9707268341444433,87,15
10,300,1,FR,22,1,1,3.732542037963867,1.90291166305542,0.4881784915924072,300,0.9707268341444433,93,4
10,300,1,FR,22,1,2,4.045731544494629,2.010125160217285,0.5377670526504517,300,0.9707268341444433,92,12
10,300,1,FR,22,1,3,3.6509201526641846,1.8709237575531006,0.4448823630809784,300,0.9707268341444433,93,15
10,300,1,FR,23,0,0,1.1278386116027832,-0.5153523683547974,0.3376202881336212,300,0.9760829852893949,83,10
10,300,1,FR,23,0,1,1.8352231979370117,-0.4648287296295166,0.40190407633781433,300,0.9760829852893949,87,5
10,300,1,FR,23,0,2,2.146632432937622,-0.3088618516921997,0.43299704790115356,300,0.9760829852893949,87,9
10,300,1,FR,23,0,3,2.005988359451294,-0.7524428963661194,0.45403724908828735,300,0.9760829852893949,87,10
10,300,1,FR,23,1,0,3.89512300491333,1.021527886390686,0.41399240493774414,300,0.9919391209259629,82,9
10,300,1,FR,23,1,1,2.9098620414733887,1.02978515625,0.304132878780365,300,0.9919391209259629,91,14
10,300,1,FR,23,1,2,3.5598556995391846,1.0746585130691528,0.3993161618709564,300,0.9919391209259629,89,13
10,300,1,FR,23,1,3,3.027961492538452,0.9993536472320557,0.3354862630367279,300,0.9919391209259629,96,13
10,300,1,FR,24,0,0,1.2180602550506592,-0.8832019567489624,0.09507797658443451,300,1.003654079977423,96,9
10,300,1,FR,24,0,1,1.988248348236084,-1.1721292734146118,0.13708391785621643,300,1.003654079977423,93,5
10,300,1,FR,24,0,2,1.1994569301605225,-1.0099599361419678,0.09259829670190811,300,1.003654079977423,94,4
10,300,1,FR,24,0,3,1.112743616104126,-1.0516564846038818,0.10549299418926239,300,1.003654079977423,93,10
10,300,1,FR,24,1,0,2.2016756534576416,-0.41947561502456665,0.16478179395198822,300,0.9537435998208821,95,10
10,300,1,FR,24,1,1,1.6673555374145508,-0.7596259117126465,0.12371288985013962,300,0.9537435998208821,96,7
10,300,1,FR,24,1,2,0.889106273651123,-0.9575576782226562,0.11454016715288162,300,0.9537435998208821,96,8
10,300,1,FR,24,1,3,1.5734436511993408,-0.8684795498847961,0.11919225007295609,300,0.9537435998208821,96,4
10,300,1,FR,25,0,0,2.7554595470428467,-1.3409955501556396,0.18037724494934082,300,1.0121967648155987,94,4
10,300,1,FR,25,0,1,2.9436023235321045,-1.292518138885498,0.18660074472427368,300,1.0121967648155987,94,3
10,300,1,FR,25,0,2,1.0462009906768799,-1.4979021549224854,0.11378989368677139,300,1.0121967648155987,88,9
10,300,1,FR,25,0,3,1.6983835697174072,-1.3874297142028809,0.14777053892612457,300,1.0121967648155987,90,6
10,300,1,FR,25,1,0,1.131813645362854,-0.07064276933670044,0.2002435326576233,300,0.951663504820317,90,7
10,300,1,FR,25,1,1,0.645761251449585,-0.042380958795547485,0.14181187748908997,300,0.951663504820317,94,11
10,300,1,FR,25,1,2,1.5584734678268433,-0.06863801181316376,0.24212652444839478,300,0.951663504820317,89,5
10,300,1,FR,25,1,3,0.7793365716934204,-0.11316731572151184,0.15556490421295166,300,0.951663504820317,92,10
10,300,1,FR,26,0,0,1.7458980083465576,-0.48222869634628296,0.10086724162101746,300,0.912398936226964,74,11
10,300,1,FR,26,0,1,3.0751731395721436,-0.6689627170562744,0.15564218163490295,300,0.912398936226964,89,9
10,300,1,FR,26,0,2,4.076772689819336,-0.5677144527435303,0.15315434336662292,300,0.912398936226964,91,14
10,300,1,FR,26,0,3,6.7130889892578125,0.08382117748260498,0.22438102960586548,300,0.912398936226964,86,10
10,300,1,FR,26,1,0,5.27493953704834,2.5179247856140137,0.1322493851184845,300,1.000062592793256,90,7
10,300,1,FR,26,1,1,5.842391014099121,2.4421024322509766,0.16313746571540833,300,1.000062592793256,86,8
10,300,1,FR,26,1,2,6.490065574645996,2.5698049068450928,0.19854311645030975,300,1.000062592793256,89,5
10,300,1,FR,26,1,3,5.711503505706787,2.4882915019989014,0.16920466721057892,300,1.000062592793256,81,8
10,300,1,FR,27,0,0,7.587168216705322,1.5498816967010498,0.22525697946548462,300,0.9744289689697325,91,8
10,300,1,FR,27,0,1,7.272269248962402,1.6097607612609863,0.2012919783592224,300,0.9744289689697325,81,7
10,300,1,FR,27,0,2,6.503210067749023,1.5958619117736816,0.19839681684970856,300,0.9744289689697325,93,10
10,300,1,FR,27,0,3,5.173687934875488,1.5339117050170898,0.14534004032611847,300,0.9744289689697325,82,9
10,300,1,FR,27,1,0,1.1392803192138672,-1.0330796241760254,0.09018497914075851,300,0.9523061751388013,96,4
10,300,1,FR,27,1,1,1.9025976657867432,-1.0251964330673218,0.09697533398866653,300,0.9523061751388013,95,2
10,300,1,FR,27,1,2,4.048653602600098,-0.7714776396751404,0.1695612668991089,300,0.9523061751388013,96,5
10,300,1,FR,27,1,3,1.312709093093872,-0.8484983444213867,0.07438050955533981,300,0.9523061751388013,96,6
10,300,1,FR,28,0,0,1.9580254554748535,0.07289472222328186,0.11845958232879639,300,1.0236924909986556,77,2
10,300,1,FR,28,0,1,2.3522112369537354,0.09722068905830383,0.14615945518016815,300,1.0236924909986556,80,7
10,300,1,FR,28,0,2,1.9371023178100586,0.09667780995368958,0.16259068250656128,300,1.0236924909986556,80,2
10,300,1,FR,28,0,3,4.131128311157227,0.1595945656299591,0.23918887972831726,300,1.0236924909986556,80,4
10,300,1,FR,28,1,0,6.538698196411133,1.7910617589950562,0.12848030030727386,300,1.0209956420585513,87,3
10,300,1,FR,28,1,1,7.775276184082031,1.7935280799865723,0.1390472948551178,300,1.0209956420585513,87,6
10,300,1,FR,28,1,2,7.937792778015137,1.7269350290298462,0.1513970047235489,300,1.0209956420585513,92,12
10,300,1,FR,28,1,3,8.4398775100708,1.9058849811553955,0.1485985964536667,300,1.0209956420585513,84,7
10,300,1,FR,29,0,0,10.487503051757812,0.4839361906051636,0.21487866342067719,300,1.0297244251705706,96,17
10,300,1,FR,29,0,1,11.846153259277344,0.33308911323547363,0.20548510551452637,300,1.0297244251705706,93,11
10,300,1,FR,29,0,2,13.434906959533691,0.8555735349655151,0.2131527215242386,300,1.0297244251705706,95,2
10,300,1,FR,29,0,3,9.178278923034668,-0.07702088356018066,0.18113426864147186,300,1.0297244251705706,96,15
10,300,1,FR,29,1,0,16.84819221496582,3.1697030067443848,0.15415383875370026,300,0.9563419781625271,94,6
10,300,1,FR,29,1,1,25.036561965942383,3.438377857208252,0.24090789258480072,300,0.9563419781625271,95,7
10,300,1,FR,29,1,2,10.943923950195312,2.830023765563965,0.12674038112163544,300,0.9563419781625271,94,6
10,300,1,FR,29,1,3,13.07924747467041,2.8120248317718506,0.12570253014564514,300,0.9563419781625271,95,6
10,300,1,FR,30,0,0,1.150890588760376,-0.6043627858161926,0.15340349078178406,300,0.942471147980541,94,6
10,300,1,FR,30,0,1,1.174349308013916,-0.42012935876846313,0.14642077684402466,300,0.942471147980541,92,8
10,300,1,FR,30,0,2,1.5830059051513672,-0.37437406182289124,0.19858618080615997,300,0.942471147980541,87,9
10,300,1,FR,30,0,3,1.6219593286514282,-0.32006436586380005,0.16129331290721893,300,0.942471147980541,92,8
10,300,1,FR,30,1,0,1.4697495698928833,0.09808759391307831,0.17323194444179535,300,0.9596610106527805,95,5
10,300,1,FR,30,1,1,3.1597254276275635,0.032843247056007385,0.2994656562805176,300,0.9596610106527805,96,10
10,300,1,FR,30,1,2,1.2628861665725708,-0.1214015781879425,0.19529549777507782,300,0.9596610106527805,93,14
10,300,1,FR,30,1,3,1.486115574836731,-0.05634912848472595,0.15254127979278564,300,0.9596610106527805,95,8
10,300,1,FR,31,0,0,5.127323627471924,-0.3671419620513916,0.12859992682933807,300,1.038322051987052,96,5
10,300,1,FR,31,0,1,10.879652976989746,-0.03924357891082764,0.28380846977233887,300,1.038322051987052,96,7
10,300,1,FR,31,0,2,7.691391468048096,0.1361926794052124,0.1557045429944992,300,1.038322051987052,93,6
10,300,1,FR,31,0,3,8.042566299438477,0.49920690059661865,0.1487957239151001,300,1.038322051987052,95,5
10,300,1,FR,31,1,0,1.9473530054092407,0.8560616970062256,0.2667156457901001,300,0.9586942819878459,93,9
10,300,1,FR,31,1,1,1.941079020500183,0.8459646701812744,0.2575971782207489,300,0.9586942819878459,96,9
10,300,1,FR,31,1,2,2.2850093841552734,0.8450474739074707,0.22364245355129242,300,0.9586942819878459,94,4
10,300,1,FR,31,1,3,2.4144582748413086,0.8368653059005737,0.35329627990722656,300,0.9586942819878459,94,10
10,300,1,FR,32,0,0,0.7867201566696167,-0.39560365676879883,0.20559385418891907,300,1.0148404757492244,79,6
10,300,1,FR,32,0,1,0.9264378547668457,-0.46543917059898376,0.27087143063545227,300,1.0148404757492244,85,8
10,300,1,FR,32,0,2,0.34475409984588623,-0.47959932684898376,0.17854255437850952,300,1.0148404757492244,82,8
10,300,1,FR,32,0,3,0.4049075245857239,-0.44716739654541016,0.16112130880355835,300,1.0148404757492244,85,11
10,300,1,FR,32,1,0,6.655295372009277,1.21514093875885,0.3228158950805664,300,1.091600188985467,91,11
10,300,1,FR,32,1,1,4.891436576843262,1.2525112628936768,0.2645553648471832,300,1.091600188985467,88,8
10,300,1,FR,32,1,2,5.0110673904418945,1.3767271041870117,0.24280120432376862,300,1.091600188985467,92,11
10,300,1,FR,32,1,3,4.86944580078125,1.3930895328521729,0.24912838637828827,300,1.091600188985467,80,9
10,300,1,FR,33,0,0,15.372878074645996,1.296889305114746,0.22856342792510986,300,1.0493699726648629,93,10
10,300,1,FR,33,0,1,5.1495561599731445,1.5365269184112549,0.0809691995382309,300,1.0493699726648629,95,10
10,300,1,FR,33,0,2,7.830560684204102,1.2328498363494873,0.13007882237434387,300,1.0493699726648629,91,14
10,300,1,FR,33,0,3,6.775330543518066,1.1945810317993164,0.1339791864156723,300,1.0493699726648629,93,16
10,300,1,FR,33,1,0,2.465264320373535,-1.7445826530456543,0.24809500575065613,300,0.9518286101520061,81,6
10,300,1,FR,33,1,1,2.334282398223877,-1.833056926727295,0.23472507297992706,300,0.9518286101520061,82,6
10,300,1,FR,33,1,2,1.0363285541534424,-1.8148558139801025,0.1671162247657776,300,0.9518286101520061,81,9
10,300,1,FR,33,1,3,1.1109821796417236,-1.8100976943969727,0.18278397619724274,300,0.9518286101520061,74,1
10,300,1,FR,34,0,0,4.233306884765625,-0.9988856315612793,0.2690235376358032,300,1.0023532947525382,93,7
10,300,1,FR,34,0,1,2.38185453414917,-0.9216837882995605,0.22116507589817047,300,1.0023532947525382,85,9
10,300,1,FR,34,0,2,2.42242431640625,-1.0049253702163696,0.1775539666414261,300,1.0023532947525382,80,3
10,300,1,FR,34,0,3,2.2497718334198,-0.9955524206161499,0.16673466563224792,300,1.0023532947525382,88,22
10,300,1,FR,34,1,0,4.268415451049805,-0.7685257196426392,0.16315574944019318,300,0.9504244159907103,96,6
10,300,1,FR,34,1,1,4.905839920043945,-0.6303349137306213,0.17951186001300812,300,0.9504244159907103,90,5
10,300,1,FR,34,1,2,5.435975074768066,-0.7579060792922974,0.21086385846138,300,0.9504244159907103,95,5
10,300,1,FR,34,1,3,6.690471649169922,-0.6053416728973389,0.19066248834133148,300,0.9504244159907103,92,5
10,300,1,FR,35,0,0,5.209332466125488,0.29798007011413574,0.23620173335075378,300,0.976787636987865,96,11
10,300,1,FR,35,0,1,6.200300216674805,0.20081207156181335,0.26528722047805786,300,0.976787636987865,86,12
10,300,1,FR,35,0,2,3.185370922088623,0.017003342509269714,0.13788047432899475,300,0.976787636987865,95,2
10,300,1,FR,35,0,3,2.423672676086426,0.14471501111984253,0.11768662929534912,300,0.976787636987865,93,11
10,300,1,FR,35,1,0,4.51176118850708,-2.086714267730713,0.1756049245595932,300,1.0365570550784469,91,10
10,300,1,FR,35,1,1,7.8090081214904785,-1.8817198276519775,0.20854628086090088,300,1.0365570550784469,92,3
10,300,1,FR,35,1,2,1.3419907093048096,-2.090627431869507,0.09890098869800568,300,1.0365570550784469,86,11
10,300,1,FR,35,1,3,3.1452488899230957,-2.262877941131592,0.16434873640537262,300,1.0365570550784469,93,13
10,300,2,FR,0,0,0,2.2679688930511475,-1.052177906036377,0.2192690372467041,300,1.0089261950924993,50,3
10,300,2,FR,0,0,1,5.034171104431152,-1.0604896545410156,0.29105445742607117,300,1.0089261950924993,51,10
10,300,2,FR,0,0,2,3.8116581439971924,-1.1506632566452026,0.2661064565181732,300,1.0089261950924993,40,14
10,300,2,FR,0,0,3,7.163430213928223,-1.1427091360092163,0.4167342782020569,300,1.0089261950924993,38,7
10,300,2,FR,0,1,0,3.93599009513855,0.3798946142196655,0.20176666975021362,300,0.9310023970901966,38,5
10,300,2,FR,0,1,1,6.069940567016602,0.31186527013778687,0.28224581480026245,300,0.9310023970901966,44,9
10,300,2,FR,0,1,2,6.943790912628174,0.3329700231552124,0.3423057496547699,300,0.9310023970901966,47,8
10,300,2,FR,0,1,3,9.548397064208984,0.3802463412284851,0.43439120054244995,300,0.9310023970901966,44,3
10,300,2,FR,1,0,0,7.635520935058594,0.08686396479606628,0.28425851464271545,300,0.984982939902693,37,11
10,300,2,FR,1,0,1,6.1766204833984375,-0.09630046784877777,0.25388866662979126,300,0.984982939902693,39,4
10,300,2,FR,1,0,2,5.763267517089844,-0.046039432287216187,0.2110377997159958,300,0.984982939902693,40,8
10,300,2,FR,1,0,3,6.456876754760742,-0.15051934123039246,0.2897929549217224,300,0.984982939902693,37,7
10,300,2,FR,1,1,0,2.335392713546753,-1.0056896209716797,0.24029818177223206,300,0.9300793488509953,25,5
10,300,2,FR,1,1,1,1.5264136791229248,-0.9646295309066772,0.17000740766525269,300,0.9300793488509953,46,8
10,300,2,FR,1,1,2,4.612424373626709,-0.7007178068161011,0.3554236888885498,300,0.9300793488509953,46,5
10,300,2,FR,1,1,3,1.8842339515686035,-1.0291844606399536,0.1866307258605957,300,0.9300793488509953,32,10
10,300,2,FR,2,0,0,4.034210681915283,0.4685332477092743,0.28225019574165344,300,0.9368460550904274,51,5
10,300,2,FR,2,0,1,3.544769525527954,0.5676730871200562,0.24688014388084412,300,0.9368460550904274,47,6
10,300,2,FR,2,0,2,3.10897159576416,0.5232001543045044,0.2775469422340393,300,0.9368460550904274,37,7
10,300,2,FR,2,0,3,3.8043501377105713,0.4674387276172638,0.3045083284378052,300,0.9368460550904274,42,6
10,300,2,FR,2,1,0,-0.6089819669723511,-1.5664702653884888,0.22539357841014862,300,0.9634525920264423,48,7
10,300,2,FR,2,1,1,-0.3818037509918213,-1.5907742977142334,0.2558399438858032,300,0.9634525920264423,39,11
10,300,2,FR,2,1,2,-0.8507099151611328,-1.5990549325942993,0.17641396820545197,300,0.9634525920264423,52,7
10,300,2,FR,2,1,3,-0.35127031803131104,-1.5609240531921387,0.2628268003463745,300,0.9634525920264423,44,11
10,300,2,FR,3,0,0,8.747306823730469,-0.5300965905189514,0.13988293707370758,300,1.0161781627684832,55,3
10,300,2,FR,3,0,1,10.961677551269531,-0.870964765548706,0.17907731235027313,300,1.0161781627684832,47,4
10,300,2,FR,3,0,2,5.622751235961914,-0.5642936825752258,0.08932855725288391,300,1.0161781627684832,58,4
10,300,2,FR,3,0,3,3.7419629096984863,-0.4433622360229492,0.06027372553944588,300,1.0161781627684832,55,4
10,300,2,FR,3,1,0,3.6537399291992188,-0.6500519514083862,0.09986880421638489,300,1.001368624623865,50,7
10,300,2,FR,3,1,1,6.251707077026367,-0.5873894691467285,0.1429172307252884,300,1.001368624623865,42,4
10,300,2,FR,3,1,2,6.298340320587158,-0.6462404131889343,0.1358373463153839,300,1.001368624623865,48,7
10,300,2,FR,3,1,3,7.783202648162842,-0.6701199412345886,0.17657215893268585,300,1.001368624623865,52,6
10,300,2,FR,4,0,0,13.95925521850586,-0.22550475597381592,0.17784889042377472,300,1.0087739862501621,54,8
10,300,2,FR,4,0,1,13.610875129699707,-0.40251338481903076,0.1692846417427063,300,1.0087739862501621,38,4
10,300,2,FR,4,0,2,3.9369471073150635,-0.19704163074493408,0.06458967924118042,300,1.0087739862501621,29,3
10,300,2,FR,4,0,3,9.09109115600586,-0.5952902436256409,0.1307723969221115,300,1.0087739862501621,37,5
10,300,2,FR,4,1,0,20.808820724487305,2.2917227745056152,0.20004531741142273,300,1.0604600571095943,35,4
10,300,2,FR,4,1,1,22.008285522460938,2.244157314300537,0.18438245356082916,300,1.0604600571095943,40,3
10,300,2,FR,4,1,2,14.116765975952148,1.9225399494171143,0.13035981357097626,300,1.0604600571095943,38,3
10,300,2,FR,4,1,3,22.09471893310547,2.888427257537842,0.18340252339839935,300,1.0604600571095943,48,7
10,300,2,FR,5,0,0,8.508004188537598,1.2282204627990723,0.2694733738899231,300,0.904069506097585,49,1
10,300,2,FR,5,0,1,2.9503579139709473,1.130454182624817,0.07886487245559692,300,0.904069506097585,32,2
10,300,2,FR,5,0,2,3.5759880542755127,1.1015766859054565,0.09655177593231201,300,0.904069506097585,48,4
10,300,2,FR,5,0,3,7.369424819946289,1.1548511981964111,0.2286464124917984,300,0.904069506097585,42,5
10,300,2,FR,5,1,0,10.367414474487305,1.282938838005066,0.2520979046821594,300,0.9361955327913165,37,10
10,300,2,FR,5,1,1,7.098459720611572,1.1998008489608765,0.1662655770778656,300,0.9361955327913165,35,5
10,300,2,FR,5,1,2,11.009040832519531,1.1707515716552734,0.22429721057415009,300,0.9361955327913165,38,2
10,300,2,FR,5,1,3,7.985172271728516,1.2941243648529053,0.14079418778419495,300,0.9361955327913165,49,2
10,300,2,FR,6,0,0,5.728719711303711,2.2250237464904785,0.07449718564748764,300,0.998038237914443,49,3
10,300,2,FR,6,0,1,12.327788352966309,1.9492063522338867,0.21529871225357056,300,0.998038237914443,43,2
10,300,2,FR,6,0,2,7.614391326904297,2.0733847618103027,0.09942241758108139,300,0.998038237914443,41,5
10,300,2,FR,6,0,3,10.803177833557129,2.0229909420013428,0.14605098962783813,300,0.998038237914443,45,4
10,300,2,FR,6,1,0,7.399230003356934,1.9899450540542603,0.16603988409042358,300,1.0100655569694936,48,5
10,300,2,FR,6,1,1,5.511938095092773,1.9776734113693237,0.1399596482515335,300,1.0100655569694936,38,6
10,300,2,FR,6,1,2,8.344766616821289,2.0180530548095703,0.19562743604183197,300,1.0100655569694936,34,3
10,300,2,FR,6,1,3,7.0901031494140625,1.9736040830612183,0.16474920511245728,300,1.0100655569694936,34,3
10,300,2,FR,7,0,0,15.840670585632324,0.6575807332992554,0.14241349697113037,300,0.9712224216200411,54,5
10,300,2,FR,7,0,1,9.295223236083984,1.4189733266830444,0.054778825491666794,300,0.9712224216200411,58,7
10,300,2,FR,7,0,2,16.280364990234375,0.24964547157287598,0.10787574201822281,300,0.9712224216200411,56,2
10,300,2,FR,7,0,3,13.14706802368164,1.8675942420959473,0.07842934876680374,300,0.9712224216200411,67,3
10,300,2,FR,7,1,0,12.34350872039795,0.6560201644897461,0.11799128353595734,300,0.9431884340010583,57,6
10,300,2,FR,7,1,1,8.047371864318848,0.7391571402549744,0.07648719102144241,300,0.9431884340010583,48,5
10,300,2,FR,7,1,2,9.658843040466309,0.7324358224868774,0.11090318858623505,300,0.9431884340010583,45,6
10,300,2,FR,7,1,3,4.453040599822998,0.5346248149871826,0.04244862496852875,300,0.9431884340010583,41,8
10,300,2,FR,8,0,0,14.436029434204102,1.277744174003601,0.15067346394062042,300,0.9200393101200461,52,4
10,300,2,FR,8,0,1,9.519998550415039,1.7478246688842773,0.10806695371866226,300,0.9200393101200461,54,5
10,300,2,FR,8,0,2,10.38569450378418,1.3316550254821777,0.11514892429113388,300,0.9200393101200461,58,4
10,300,2,FR,8,0,3,12.538433074951172,1.3535077571868896,0.1263917088508606,300,0.9200393101200461,55,5
10,300,2,FR,8,1,0,5.076621055603027,2.368898630142212,0.048096586018800735,300,0.9445232558064163,47,4
10,300,2,FR,8,1,1,13.001628875732422,2.2883737087249756,0.1569439321756363,300,0.9445232558064163,56,3
10,300,2,FR,8,1,2,5.462606430053711,2.319974660873413,0.05125327408313751,300,0.9445232558064163,55,6
10,300,2,FR,8,1,3,8.56061840057373,2.367905378341675,0.11501135677099228,300,0.9445232558064163,37,4
10,300,2,FR,9,0,0,6.361025810241699,2.3742332458496094,0.09570115059614182,300,1.0846072733402252,53,5
10,300,2,FR,9,0,1,5.245368957519531,2.421912670135498,0.08973541855812073,300,1.0846072733402252,55,5
10,300,2,FR,9,0,2,8.205345153808594,2.2439963817596436,0.18347200751304626,300,1.0846072733402252,47,3
10,300,2,FR,9,0,3,7.341561317443848,1.9201843738555908,0.14532910287380219,300,1.0846072733402252,54,4
10,300,2,FR,9,1,0,1.6910037994384766,-0.3123871982097626,0.09575798362493515,300,0.9982902579940856,39,3
10,300,2,FR,9,1,1,2.5803661346435547,-0.21825358271598816,0.12338999658823013,300,0.9982902579940856,44,1
10,300,2,FR,9,1,2,1.8790462017059326,-0.27262961864471436,0.12586992979049683,300,0.9982902579940856,55,3
10,300,2,FR,9,1,3,2.0222349166870117,-0.20239359140396118,0.11653317511081696,300,0.9982902579940856,51,4
10,300,2,FR,10,0,0,4.635131359100342,0.8827178478240967,0.0991622656583786,300,0.9559458270668983,47,2
10,300,2,FR,10,0,1,5.566490650177002,0.8377792835235596,0.11922486126422882,300,0.9559458270668983,50,6
10,300,2,FR,10,0,2,6.719289302825928,1.0083013772964478,0.1773042529821396,300,0.9559458270668983,44,4
10,300,2,FR,10,0,3,5.558331489562988,1.113816738128662,0.1304570585489273,300,0.9559458270668983,45,3
10,300,2,FR,10,1,0,2.7333998680114746,1.3620965480804443,0.15045778453350067,300,1.0550131001509726,29,2
10,300,2,FR,10,1,1,2.403266191482544,1.4879310131072998,0.09806833416223526,300,1.0550131001509726,29,2
10,300,2,FR,10,1,2,3.131481885910034,1.4449338912963867,0.15929602086544037,300,1.0550131001509726,30,4
10,300,2,FR,10,1,3,2.661114454269409,1.3355094194412231,0.15413276851177216,300,1.0550131001509726,39,1
10,300,2,FR,11,0,0,4.306395053863525,1.552677035331726,0.2409794181585312,300,0.9536671079695225,50,1
10,300,2,FR,11,0,1,2.9742050170898438,1.6312830448150635,0.1264951229095459,300,0.9536671079695225,48,3
10,300,2,FR,11,0,2,2.991093635559082,1.4615106582641602,0.1682063192129135,300,0.9536671079695225,34,2
10,300,2,FR,11,0,3,3.312641143798828,1.6272631883621216,0.16573947668075562,300,0.9536671079695225,45,1
10,300,2,FR,11,1,0,9.693161010742188,2.913512706756592,0.09283150732517242,300,0.991985073313117,47,6
10,300,2,FR,11,1,1,10.573522567749023,2.8980331420898438,0.12006409466266632,300,0.991985073313117,64,3
10,300,2,FR,11,1,2,9.13522720336914,3.10457444190979,0.08790275454521179,300,0.991985073313117,48,3
10,300,2,FR,11,1,3,12.479467391967773,2.843763828277588,0.15031421184539795,300,0.991985073313117,43,5
10,300,2,FR,12,0,0,-0.8903303146362305,-1.115776777267456,0.4392372667789459,300,0.8609054740518332,54,10
10,300,2,FR,12,0,1,-0.6017447710037231,-1.1061394214630127,0.6419406533241272,300,0.8609054740518332,43,4
10,300,2,FR,12,0,2,-0.6532570123672485,-1.1415244340896606,0.6439511775970459,300,0.8609054740518332,63,7
10,300,2,FR,12,0,3,-0.7881351113319397,-1.1170260906219482,0.5540591478347778,300,0.8609054740518332,43,7
10,300,2,FR,12,1,0,1.0020089149475098,0.1342979222536087,0.531250536441803,300,1.0028415778651834,66,9
10,300,2,FR,12,1,1,1.0417331457138062,0.1657378375530243,0.5422775745391846,300,1.0028415778651834,67,9
10,300,2,FR,12,1,2,1.0915268659591675,0.18773643672466278,0.5507460236549377,300,1.0028415778651834,55,9
10,300,2,FR,12,1,3,0.9171763062477112,0.14156502485275269,0.5117193460464478,300,1.0028415778651834,58,8
10,300,2,FR,13,0,0,-0.1749534010887146,-0.9823410511016846,0.4741666615009308,300,0.9846618860028684,47,2
10,300,2,FR,13,0,1,-0.049948811531066895,-0.7719749212265015,0.4269694685935974,300,0.9846618860028684,51,11
10,300,2,FR,13,0,2,-0.12355327606201172,-0.9392151832580566,0.5106487274169922,300,0.9846618860028684,46,8
10,300,2,FR,13,0,3,0.31238508224487305,-0.9719147086143494,0.5776554942131042,300,0.9846618860028684,50,12
10,300,2,FR,13,1,0,2.5626068115234375,1.3362271785736084,0.5934401154518127,300,0.9597534579224885,38,2
10,300,2,FR,13,1,1,2.669163703918457,1.4810068607330322,0.5304739475250244,300,0.9597534579224885,47,16
10,300,2,FR,13,1,2,2.670304298400879,1.3359798192977905,0.578355073928833,300,0.9597534579224885,63,7
10,300,2,FR,13,1,3,2.646775960922241,1.410383939743042,0.6127576231956482,300,0.9597534579224885,37,8
10,300,2,FR,14,0,0,1.966110348701477,1.289368748664856,0.28948187828063965,300,0.9999330951832235,48,8
10,300,2,FR,14,0,1,1.9601752758026123,1.2218024730682373,0.3103785216808319,300,0.9999330951832235,33,3
10,300,2,FR,14,0,2,1.7663111686706543,1.183788776397705,0.2678321897983551,300,0.9999330951832235,38,4
10,300,2,FR,14,0,3,1.822403073310852,0.8860459923744202,0.3663405179977417,300,0.9999330951832235,46,2
10,300,2,FR,14,1,0,2.1795055866241455,1.21189284324646,0.5119203925132751,300,0.938816983718425,47,4
10,300,2,FR,14,1,1,2.1454224586486816,1.328506350517273,0.4736861288547516,300,0.938816983718425,49,7
10,300,2,FR,14,1,2,2.1921427249908447,1.3772624731063843,0.4570194482803345,300,0.938816983718425,41,5
10,300,2,FR,14,1,3,2.4827680587768555,1.4366014003753662,0.4886402189731598,300,0.938816983718425,59,5
10,300,2,FR,15,0,0,0.16370919346809387,-1.5161535739898682,0.6995334625244141,300,1.0141626265831292,78,7
10,300,2,FR,15,0,1,0.7767410278320312,-1.6066057682037354,0.7993307113647461,300,1.0141626265831292,63,15
10,300,2,FR,15,0,2,0.20063257217407227,-1.2487801313400269,0.6852048635482788,300,1.0141626265831292,77,10
10,300,2,FR,15,0,3,0.37399783730506897,-1.6532618999481201,0.7633079290390015,300,1.0141626265831292,69,3
10,300,2,FR,15,1,0,-0.7878379821777344,-1.6686019897460938,0.7582736015319824,300,0.9493423537351191,56,5
10,300,2,FR,15,1,1,-0.5688977837562561,-1.8623733520507812,0.81435626745224,300,0.9493423537351191,53,6
10,300,2,FR,15,1,2,-0.7006974816322327,-1.9058843851089478,0.8111470341682434,300,0.9493423537351191,60,10
10,300,2,FR,15,1,3,-1.2434916496276855,-1.939339518547058,0.6586920022964478,300,0.9493423537351191,62,6
10,300,2,FR,16,0,0,1.3741223812103271,-0.8319563865661621,0.7835375666618347,300,1.0251591163687408,63,5
10,300,2,FR,16,0,1,1.6267203092575073,-0.738182544708252,0.8042900562286377,300,1.0251591163687408,72,9
10,300,2,FR,16,0,2,0.808657705783844,-0.6498055458068848,0.7289454936981201,300,1.0251591163687408,65,6
10,300,2,FR,16,0,3,1.205312728881836,-0.7443594932556152,0.7411837577819824,300,1.0251591163687408,55,10
10,300,2,FR,16,1,0,-1.644722580909729,-2.7730774879455566,0.7256355285644531,300,1.0356023628264666,57,14
10,300,2,FR,16,1,1,-1.5522434711456299,-2.7566514015197754,0.7675920724868774,300,1.0356023628264666,68,2
10,300,2,FR,16,1,2,-1.519033432006836,-2.7806825637817383,0.7635167837142944,300,1.0356023628264666,59,4
10,300,2,FR,16,1,3,-1.5743838548660278,-2.7910900115966797,0.7383838891983032,300,1.0356023628264666,63,8
10,300,2,FR,17,0,0,0.8798058032989502,-1.8742945194244385,0.625295877456665,300,0.9559661350212991,51,4
10,300,2,FR,17,0,1,0.6461324691772461,-1.846343755722046,0.5907580256462097,300,0.9559661350212991,56,6
10,300,2,FR,17,0,2,0.258064866065979,-1.7803239822387695,0.5789306163787842,300,0.9559661350212991,53,8
10,300,2,FR,17,0,3,0.672527551651001,-1.813014030456543,0.5950810313224792,300,0.9559661350212991,51,7
10,300,2,FR,17,1,0,1.2479865550994873,-0.35811734199523926,0.7630047798156738,300,0.9755210871808231,66,6
10,300,2,FR,17,1,1,1.0138627290725708,-0.24014699459075928,0.7288960814476013,300,0.9755210871808231,71,7
10,300,2,FR,17,1,2,1.0734723806381226,-0.2873268127441406,0.7109100222587585,300,0.9755210871808231,80,11
10,300,2,FR,17,1,3,0.9087534546852112,-0.44623875617980957,0.6922668218612671,300,0.9755210871808231,62,8
10,300,2,FR,18,0,0,2.0574395656585693,-0.9450774192810059,0.35733410716056824,300,1.0285493661649525,42,10
10,300,2,FR,18,0,1,2.2886037826538086,-0.9890768527984619,0.41089898347854614,300,1.0285493661649525,48,6
10,300,2,FR,18,0,2,0.8605220317840576,-1.1001167297363281,0.33748379349708557,300,1.0285493661649525,51,13
10,300,2,FR,18,0,3,1.8682355880737305,-0.8634011745452881,0.3244873583316803,300,1.0285493661649525,50,3
10,300,2,FR,18,1,0,0.5973039865493774,-0.4640847444534302,0.33208373188972473,300,0.9933004430495203,37,5
10,300,2,FR,18,1,1,0.8682911992073059,-0.5415967106819153,0.4149366021156311,300,0.9933004430495203,42,2
10,300,2,FR,18,1,2,0.6621173024177551,-0.5300374627113342,0.32966989278793335,300,0.9933004430495203,44,4
10,300,2,FR,18,1,3,0.9024512767791748,-0.48352116346359253,0.4222797751426697,300,0.9933004430495203,35,5
10,300,2,FR,19,0,0,-0.7998606562614441,-3.3963894844055176,0.3987829387187958,300,0.9945064103230834,45,7
10,300,2,FR,19,0,1,-0.23441147804260254,-3.5205254554748535,0.46773019433021545,300,0.9945064103230834,43,5
10,300,2,FR,19,0,2,-0.06803834438323975,-3.577674150466919,0.4267873764038086,300,0.9945064103230834,39,8
10,300,2,FR,19,0,3,-0.33455634117126465,-3.59078311920166,0.461087703704834,300,0.9945064103230834,48,8
10,300,2,FR,19,1,0,1.6661111116409302,-0.03925979137420654,0.3626105487346649,300,0.9945871280506253,55,6
10,300,2,FR,19,1,1,2.016334056854248,0.062258243560791016,0.36311575770378113,300,0.9945871280506253,39,4
10,300,2,FR,19,1,2,2.0365049839019775,-0.174749493598938,0.4331137537956238,300,0.9945871280506253,45,6
10,300,2,FR,19,1,3,1.9346702098846436,-0.01347661018371582,0.32275253534317017,300,0.9945871280506253,47,3
10,300,2,FR,20,0,0,1.5388593673706055,0.5905347466468811,0.34355628490448,300,1.0170346680097282,52,3
10,300,2,FR,20,0,1,1.2430931329727173,0.7013015747070312,0.19454407691955566,300,1.0170346680097282,55,4
10,300,2,FR,20,0,2,1.1971702575683594,0.568928062915802,0.2223280817270279,300,1.0170346680097282,51,6
10,300,2,FR,20,0,3,1.2077268362045288,0.6041910648345947,0.22173848748207092,300,1.0170346680097282,51,6
10,300,2,FR,20,1,0,0.8784558773040771,0.22389471530914307,0.16986730694770813,300,1.0040979110635817,77,2
10,300,2,FR,20,1,1,1.2539275884628296,0.061093270778656006,0.2546599507331848,300,1.0040979110635817,62,3
10,300,2,FR,20,1,2,0.9377898573875427,0.04687392711639404,0.22523818910121918,300,1.0040979110635817,61,2
10,300,2,FR,20,1,3,1.259364366531372,0.0989464521408081,0.3438947796821594,300,1.0040979110635817,51,4
10,300,2,FR,21,0,0,-0.9545227289199829,-1.8568024635314941,0.466202974319458,300,0.9597839550115168,49,7
10,300,2,FR,21,0,1,-0.7674684524536133,-1.9091746807098389,0.5056001543998718,300,0.9597839550115168,57,13
10,300,2,FR,21,0,2,-0.6687464714050293,-1.8397929668426514,0.5693337321281433,300,0.9597839550115168,55,7
10,300,2,FR,21,0,3,-1.2033295631408691,-1.9492154121398926,0.42688384652137756,300,0.9597839550115168,52,8
10,300,2,FR,21,1,0,2.3502233028411865,1.2864863872528076,0.49964120984077454,300,1.0571484440006316,49,6
10,300,2,FR,21,1,1,2.678206443786621,1.3697984218597412,0.5356659293174744,300,1.0571484440006316,65,10
10,300,2,FR,21,1,2,2.6719472408294678,1.220613956451416,0.5698708295822144,300,1.0571484440006316,48,9
10,300,2,FR,21,1,3,1.9937427043914795,1.2551662921905518,0.37752997875213623,300,1.0571484440006316,49,5
10,300,2,FR,22,0,0,1.084089994430542,-1.209046483039856,0.4272671043872833,300,0.9832176631316543,50,12
10,300,2,FR,22,0,1,1.470184087753296,-1.583409070968628,0.4677595794200897,300,0.9832176631316543,54,4
10,300,2,FR,22,0,2,2.1151812076568604,-1.5495749711990356,0.5067035555839539,300,0.9832176631316543,49,9
10,300,2,FR,22,0,3,0.8042654991149902,-1.450096607208252,0.39385607838630676,300,0.9832176631316543,49,6
10,300,2,FR,22,1,0,4.224003791809082,2.029764175415039,0.5142782330513,300,0.9711258211173117,42,6
10,300,2,FR,22,1,1,3.732542037963867,1.9458556175231934,0.48224595189094543,300,0.9711258211173117,54,12
10,300,2,FR,22,1,2,4.045731544494629,2.0547282695770264,0.5322555303573608,300,0.9711258211173117,49,4
10,300,2,FR,22,1,3,3.6509201526641846,1.8931984901428223,0.4417745769023895,300,0.9711258211173117,50,7
10,300,2,FR,23,0,0,1.1278386116027832,-0.5449340343475342,0.3416219651699066,300,0.972109068185091,55,5
10,300,2,FR,23,0,1,1.8352231979370117,-0.6466112732887268,0.4203171730041504,300,0.972109068185091,48,6
10,300,2,FR,23,0,2,2.146632432937622,-0.37172919511795044,0.4392138421535492,300,0.972109068185091,55,3
10,300,2,FR,23,0,3,2.005988359451294,-0.7323524355888367,0.45222583413124084,300,0.972109068185091,44,4
10,300,2,FR,23,1,0,3.89512300491333,1.6058629751205444,0.3601253032684326,300,1.0215704618021846,49,7
10,300,2,FR,23,1,1,2.9098620414733887,0.9907877445220947,0.3084951937198639,300,1.0215704618021846,48,3
10,300,2,FR,23,1,2,3.5598556995391846,1.2080005407333374,0.38616475462913513,300,1.0215704618021846,55,7
10,300,2,FR,23,1,3,3.027961492538452,1.081319808959961,0.3263547718524933,300,1.0215704618021846,61,9
10,300,2,FR,24,0,0,1.2180602550506592,-0.8663866519927979,0.0943889394402504,300,0.9403267409652472,56,5
10,300,2,FR,24,0,1,1.988248348236084,-1.169137954711914,0.13697193562984467,300,0.9403267409652472,57,2
10,300,2,FR,24,0,2,1.1994569301605225,-1.0808403491973877,0.09528589248657227,300,0.9403267409652472,45,3
10,300,2,FR,24,0,3,1.112743616104126,-0.9738582372665405,0.10208819806575775,300,0.9403267409652472,42,2
10,300,2,FR,24,1,0,2.2016756534576416,-0.9321616888046265,0.19086086750030518,300,0.9335412858054042,39,3
10,300,2,FR,24,1,1,1.6673555374145508,-0.7845025062561035,0.12482266873121262,300,0.9335412858054042,44,1
10,300,2,FR,24,1,2,0.889106273651123,-0.8603209257125854,0.1091674193739891,300,0.9335412858054042,47,2
10,300,2,FR,24,1,3,1.5734436511993408,-0.7139298915863037,0.11249720305204391,300,0.9335412858054042,65,2
10,300,2,FR,25,0,0,2.7554595470428467,-1.184621810913086,0.17469456791877747,300,0.9861237658187747,52,1
10,300,2,FR,25,0,1,2.9436023235321045,-1.3959922790527344,0.1902914196252823,300,0.9861237658187747,54,4
10,300,2,FR,25,0,2,1.0462009906768799,-1.4341793060302734,0.11125685274600983,300,0.9861237658187747,23,3
10,300,2,FR,25,0,3,1.6983835697174072,-1.4406366348266602,0.14993643760681152,300,0.9861237658187747,32,2
10,300,2,FR,25,1,0,1.131813645362854,-0.06069168448448181,0.1989160031080246,300,1.0245643490925431,40,2
10,300,2,FR,25,1,1,0.645761251449585,-0.040602415800094604,0.14149722456932068,300,1.0245643490925431,42,3
10,300,2,FR,25,1,2,1.5584734678268433,-0.06545060873031616,0.24176688492298126,300,1.0245643490925431,27,3
10,300,2,FR,25,1,3,0.7793365716934204,-0.02921636402606964,0.1430249810218811,300,1.0245643490925431,46,2
10,300,2,FR,26,0,0,1.7458980083465576,-0.41680479049682617,0.09819633513689041,300,0.9947052337229252,45,9
10,300,2,FR,26,0,1,3.0751731395721436,-0.5790180563926697,0.1524733155965805,300,0.9947052337229252,31,3
10,300,2,FR,26,0,2,4.076772689819336,-0.5244049429893494,0.151943176984787,300,0.9947052337229252,46,9
10,300,2,FR,26,0,3,6.7130889892578125,-0.5407501459121704,0.2404380738735199,300,0.9947052337229252,37,10
10,300,2,FR,26,1,0,5.27493953704834,2.6653499603271484,0.12606917321681976,300,0.9668862326070666,31,6
10,300,2,FR,26,1,1,5.842391014099121,2.5699567794799805,0.15797236561775208,300,0.9668862326070666,43,7
10,300,2,FR,26,1,2,6.490065574645996,2.5736091136932373,0.19838866591453552,300,0.9668862326070666,35,5
10,300,2,FR,26,1,3,5.711503505706787,2.5409884452819824,0.16690000891685486,300,0.9668862326070666,34,1
10,300,2,FR,27,0,0,7.587168216705322,1.661036729812622,0.22203050553798676,300,0.9725346593186259,38,3
10,300,2,FR,27,0,1,7.272269248962402,1.6534525156021118,0.2000495344400406,300,0.9725346593186259,23,2
10,300,2,FR,27,0,2,6.503210067749023,1.7570879459381104,0.19313758611679077,300,0.9725346593186259,33,3
10,300,2,FR,27,0,3,5.173687934875488,1.7738957405090332,0.13707074522972107,300,0.9725346593186259,37,4
10,300,2,FR,27,1,0,1.1392803192138672,-1.0607056617736816,0.09122724086046219,300,1.0322067942470312,48,3
10,300,2,FR,27,1,1,1.9025976657867432,-1.0360876321792603,0.09730098396539688,300,1.0322067942470312,47,5
10,300,2,FR,27,1,2,4.048653602600098,-0.9920827150344849,0.17595615983009338,300,1.0322067942470312,51,4
10,300,2,FR,27,1,3,1.312709093093872,-1.0234463214874268,0.07992034405469894,300,1.0322067942470312,58,4
10,300,2,FR,28,0,0,1.9580254554748535,0.18261203169822693,0.11233958601951599,300,1.0369925750419497,44,1
10,300,2,FR,28,0,1,2.3522112369537354,0.08208578824996948,0.14699622988700867,300,1.0369925750419497,45,1
10,300,2,FR,28,0,2,1.9371023178100586,0.11161684989929199,0.1614840179681778,300,1.0369925750419497,51,8
10,300,2,FR,28,0,3,4.131128311157227,0.07781291007995605,0.24291777610778809,300,1.0369925750419497,44,7
10,300,2,FR,28,1,0,6.538698196411133,1.9266912937164307,0.12526969611644745,300,0.9381539416499436,58,4
10,300,2,FR,28,1,1,7.775276184082031,2.053366184234619,0.13381554186344147,300,0.9381539416499436,41,4
10,300,2,FR,28,1,2,7.937792778015137,1.7379728555679321,0.1511685997247696,300,0.9381539416499436,41,6
10,300,2,FR,28,1,3,8.4398775100708,1.803899884223938,0.15056873857975006,300,0.9381539416499436,38,3
10,300,2,FR,29,0,0,10.487503051757812,0.24348342418670654,0.2189129739999771,300,1.0057639773003757,41,1
10,300,2,FR,29,0,1,11.846153259277344,0.4618567228317261,0.20365490019321442,300,1.0057639773003757,49,5
10,300,2,FR,29,0,2,13.434906959533691,0.44507062435150146,0.21858808398246765,300,1.0057639773003757,42,3
10,300,2,FR,29,0,3,9.178278923034668,0.38713061809539795,0.17362762987613678,300,1.0057639773003757,38,4
10,300,2,FR,29,1,0,16.84819221496582,3.5808985233306885,0.15021584928035736,300,0.9408279368653893,58,0
10,300,2,FR,29,1,1,25.036561965942383,3.9926648139953613,0.23618555068969727,300,0.9408279368653893,49,3
10,300,2,FR,29,1,2,10.943923950195312,3.4849467277526855,0.11771459877490997,300,0.9408279368653893,42,8
10,300,2,FR,29,1,3,13.07924747467041,3.1884355545043945,0.12165473401546478,300,0.9408279368653893,67,3
10,300,2,FR,30,0,0,1.150890588760376,-0.463086873292923,0.1428198367357254,300,1.0469046528451145,57,2
10,300,2,FR,30,0,1,1.174349308013916,-0.5428738594055176,0.15593475103378296,300,1.0469046528451145,38,3
10,300,2,FR,30,0,2,1.5830059051513672,-0.436054527759552,0.20357009768486023,300,1.0469046528451145,43,8
10,300,2,FR,30,0,3,1.6219593286514282,-0.3893582224845886,0.16609255969524384,300,1.0469046528451145,33,1
10,300,2,FR,30,1,0,1.4697495698928833,0.02649955451488495,0.18063984811306,300,0.992028612177819,40,3
10,300,2,FR,30,1,1,3.1597254276275635,-0.04421678185462952,0.3045978248119354,300,0.992028612177819,50,7
10,300,2,FR,30,1,2,1.2628861665725708,-0.0826406478881836,0.19087085127830505,300,0.992028612177819,49,7
10,300,2,FR,30,1,3,1.486115574836731,0.05024650692939758,0.14351241290569305,300,0.992028612177819,45,4
10,300,2,FR,31,0,0,5.127323627471924,-0.1318953037261963,0.12377539277076721,300,0.9153800331987441,47,4
10,300,2,FR,31,0,1,10.879652976989746,0.2762026786804199,0.2778877317905426,300,0.9153800331987441,45,5
10,300,2,FR,31,0,2,7.691391468048096,0.440244197845459,0.1503806859254837,300,0.9153800331987441,42,3
10,300,2,FR,31,0,3,8.042566299438477,1.0162012577056885,0.140025794506073,300,0.9153800331987441,79,4
10,300,2,FR,31,1,0,1.9473530054092407,0.9042315483093262,0.2579799294471741,300,1.0138829979114234,28,3
10,300,2,FR,31,1,1,1.941079020500183,0.897270143032074,0.24852822721004486,300,1.0138829979114234,47,5
10,300,2,FR,31,1,2,2.2850093841552734,0.8305885791778564,0.2253819704055786,300,1.0138829979114234,59,5
10,300,2,FR,31,1,3,2.4144582748413086,0.8301961421966553,0.35426074266433716,300,1.0138829979114234,43,4
10,300,2,FR,32,0,0,0.7867201566696167,-0.4150489568710327,0.20827093720436096,300,0.9133925554342568,58,3
10,300,2,FR,32,0,1,0.9264378547668457,-0.4933271110057831,0.27480724453926086,300,0.9133925554342568,49,8
10,300,2,FR,32,0,2,0.34475409984588623,-0.5289286375045776,0.18722623586654663,300,0.9133925554342568,44,3
10,300,2,FR,32,0,3,0.4049075245857239,-0.4926212728023529,0.1682700216770172,300,0.9133925554342568,48,6
10,300,2,FR,32,1,0,6.655295372009277,1.381058931350708,0.3160823881626129,300,0.9774720673449337,35,5
10,300,2,FR,32,1,1,4.891436576843262,1.2509052753448486,0.2646412253379822,300,0.9774720673449337,32,3
10,300,2,FR,32,1,2,5.0110673904418945,1.3620994091033936,0.2435404360294342,300,0.9774720673449337,31,2
10,300,2,FR,32,1,3,4.86944580078125,1.4008193016052246,0.2487122118473053,300,0.9774720673449337,34,6
10,300,2,FR,33,0,0,15.372878074645996,1.3339664936065674,0.22809867560863495,300,0.9635474421083927,48,3
10,300,2,FR,33,0,1,5.1495561599731445,1.1152586936950684,0.08956441283226013,300,0.9635474421083927,43,3
10,300,2,FR,33,0,2,7.830560684204102,1.073525071144104,0.13280288875102997,300,0.9635474421083927,34,3
10,300,2,FR,33,0,3,6.775330543518066,1.3909536600112915,0.12987707555294037,300,0.9635474421083927,30,3
10,300,2,FR,33,1,0,2.465264320373535,-1.7613154649734497,0.2488357275724411,300,0.9867849042639136,47,7
10,300,2,FR,33,1,1,2.334282398223877,-1.7537320852279663,0.23129050433635712,300,0.9867849042639136,58,4
10,300,2,FR,33,1,2,1.0363285541534424,-1.7261916399002075,0.162765234708786,300,0.9867849042639136,39,2
10,300,2,FR,33,1,3,1.1109821796417236,-1.5754317045211792,0.1706051230430603,300,0.9867849042639136,51,3
10,300,2,FR,34,0,0,4.233306884765625,-1.0106971263885498,0.26946717500686646,300,1.0696013779379427,39,3
10,300,2,FR,34,0,1,2.38185453414917,-0.7971946597099304,0.2146194726228714,300,1.0696013779379427,38,5
10,300,2,FR,34,0,2,2.42242431640625,-0.9068936109542847,0.1733558475971222,300,1.0696013779379427,42,1
10,300,2,FR,34,0,3,2.2497718334198,-0.8998287320137024,0.16261643171310425,300,1.0696013779379427,33,2
10,300,2,FR,34,1,0,4.268415451049805,-0.7495542764663696,0.16264116764068604,300,1.0368360741995275,23,1
10,300,2,FR,34,1,1,4.905839920043945,-0.17699265480041504,0.1672709584236145,300,1.0368360741995275,47,4
10,300,2,FR,34,1,2,5.435975074768066,-0.7652260661125183,0.21106044948101044,300,1.0368360741995275,34,6
10,300,2,FR,34,1,3,6.690471649169922,-0.5911751985549927,0.19036275148391724,300,1.0368360741995275,41,9
10,300,2,FR,35,0,0,5.209332466125488,0.09749512374401093,0.243495911359787,300,1.083846839144826,44,4
10,300,2,FR,35,0,1,6.200300216674805,0.018076732754707336,0.2711763083934784,300,1.083846839144826,37,4
10,300,2,FR,35,0,2,3.185370922088623,-0.06701472401618958,0.14102114737033844,300,1.083846839144826,53,6
10,300,2,FR,35,0,3,2.423672676086426,0.002175956964492798,0.12413371354341507,300,1.083846839144826,35,3
10,300,2,FR,35,1,0,4.51176118850708,-1.8135452270507812,0.16956780850887299,300,0.9994466388598084,33,7
10,300,2,FR,35,1,1,7.8090081214904785,-1.6560744047164917,0.2046842724084854,300,0.9994466388598084,53,3
10,300,2,FR,35,1,2,1.3419907093048096,-2.138246536254883,0.10013560950756073,300,0.9994466388598084,37,4
10,300,2,FR,35,1,3,3.1452488899230957,-2.2515947818756104,0.16406209766864777,300,0.9994466388598084,33,6
20,300,0,A,0,0,0,9.268180847167969,2.480008363723755,0.5532649159431458,300,0.15342300105839968,0,0
20,300,0,A,0,0,1,8.467914581298828,2.382869005203247,0.5085450410842896,300,0.15342300105839968,0,0
20,300,0,A,0,0,2,8.411083221435547,2.2943997383117676,0.5016166567802429,300,0.15342300105839968,0,0
20,300,0,A,0,0,3,6.892848491668701,2.490480661392212,0.4484778642654419,300,0.15342300105839968,0,0
20,300,0,A,0,1,0,12.757590293884277,0.37888216972351074,0.5309569239616394,300,0.15392248379066586,0,0
20,300,0,A,0,1,1,9.30138111114502,0.14094197750091553,0.4296526312828064,300,0.15392248379066586,0,0
20,300,0,A,0,1,2,9.509711265563965,0.07103696465492249,0.4567019045352936,300,0.15392248379066586,0,0
20,300,0,A,0,1,3,10.085358619689941,0.6443278789520264,0.4775080680847168,300,0.15392248379066586,0,0
20,300,0,A,1,0,0,14.108827590942383,3.530829429626465,0.5340552926063538,300,0.1623040777631104,0,0
20,300,0,A,1,0,1,12.53827953338623,2.8761441707611084,0.48135918378829956,300,0.1623040777631104,0,0
20,300,0,A,1,0,2,11.353808403015137,2.817521095275879,0.41636982560157776,300,0.1623040777631104,0,0
20,300,0,A,1,0,3,10.700164794921875,2.6467697620391846,0.4109939634799957,300,0.1623040777631104,0,0
20,300,0,A,1,1,0,4.537968635559082,0.13428544998168945,0.4560515880584717,300,0.17738884035497904,0,0
20,300,0,A,1,1,1,3.966437578201294,0.010703355073928833,0.4308277368545532,300,0.17738884035497904,0,0
20,300,0,A,1,1,2,6.827901840209961,0.143282949924469,0.5357476472854614,300,0.17738884035497904,0,0
20,300,0,A,1,1,3,5.098812103271484,0.012630075216293335,0.5400046110153198,300,0.17738884035497904,0,0
20,300,0,A,2,0,0,11.329084396362305,0.772193431854248,0.4319237172603607,300,0.1542211016640067,0,0
20,300,0,A,2,0,1,12.832437515258789,0.605523943901062,0.4514266848564148,300,0.1542211016640067,0,0
20,300,0,A,2,0,2,11.705644607543945,0.9160535335540771,0.4949439764022827,300,0.1542211016640067,0,0
20,300,0,A,2,0,3,13.666425704956055,0.587311863899231,0.5044988989830017,300,0.1542211016640067,0,0
20,300,0,A,2,1,0,7.616372585296631,-0.7105938196182251,0.43431156873703003,300,0.14080785913392901,0,0
20,300,0,A,2,1,1,5.684296131134033,-0.6575008630752563,0.3428029716014862,300,0.14080785913392901,0,0
20,300,0,A,2,1,2,8.090076446533203,-0.7564327716827393,0.45374614000320435,300,0.14080785913392901,0,0
20,300,0,A,2,1,3,5.809021949768066,-0.8503901958465576,0.3477509915828705,300,0.14080785913392901,0,0
20,300,0,A,3,0,0,31.34212875366211,5.771681785583496,0.36712998151779175,300,0.1658648569136858,0,0
20,300,0,A,3,0,1,30.834346771240234,4.711703300476074,0.3573395311832428,300,0.1658648569136858,0,0
20,300,0,A,3,0,2,34.11967086791992,4.934000015258789,0.4475759267807007,300,0.1658648569136858,0,0
20,300,0,A,3,0,3,24.64101791381836,3.579712390899658,0.31305232644081116,300,0.1658648569136858,0,0
20,300,0,A,3,1,0,14.17695140838623,-0.16446936130523682,0.22688168287277222,300,0.1759542510844767,0,0
20,300,0,A,3,1,1,10.868550300598145,0.48910462856292725,0.23907047510147095,300,0.1759542510844767,0,0
20,300,0,A,3,1,2,13.00742244720459,0.4647512435913086,0.27295202016830444,300,0.1759542510844767,0,0
20,300,0,A,3,1,3,18.347496032714844,0.07545608282089233,0.3291952908039093,300,0.1759542510844767,0,0
20,300,0,A,4,0,0,11.664019584655762,2.6440341472625732,0.27161112427711487,300,0.169705243781209,0,0
20,300,0,A,4,0,1,11.101280212402344,2.583719253540039,0.23715002834796906,300,0.169705243781209,0,0
20,300,0,A,4,0,2,17.411903381347656,3.225511074066162,0.3675014078617096,300,0.169705243781209,0,0
20,300,0,A,4,0,3,16.005491256713867,3.1645736694335938,0.3054282069206238,300,0.169705243781209,0,0
20,300,0,A,4,1,0,4.298184394836426,-1.162130355834961,0.3122313916683197,300,0.14312829682603478,0,0
20,300,0,A,4,1,1,7.973040580749512,-1.3270646333694458,0.4713582694530487,300,0.14312829682603478,0,0
20,300,0,A,4,1,2,5.459632873535156,-1.2743229866027832,0.38678622245788574,300,0.14312829682603478,0,0
20,300,0,A,4,1,3,6.959650039672852,-0.9894108176231384,0.3475114107131958,300,0.14312829682603478,0,0
20,300,0,A,5,0,0,8.26202392578125,2.0402445793151855,0.418058842420578,300,0.15862756688147783,0,0
20,300,0,A,5,0,1,7.465131759643555,2.1101443767547607,0.34160035848617554,300,0.15862756688147783,0,0
20,300,0,A,5,0,2,9.499939918518066,2.09466552734375,0.45996829867362976,300,0.15862756688147783,0,0
20,300,0,A,5,0,3,8.96641731262207,2.3030757904052734,0.36376065015792847,300,0.15862756688147783,0,0
20,300,0,A,5,1,0,15.990455627441406,-0.2777366638183594,0.39013394713401794,300,0.15355628821998835,0,0
20,300,0,A,5,1,1,12.651693344116211,-0.037348270416259766,0.34857431054115295,300,0.15355628821998835,0,0
20,300,0,A,5,1,2,9.445605278015137,-0.08473801612854004,0.2832928001880646,300,0.15355628821998835,0,0
20,300,0,A,5,1,3,16.38580894470215,-0.02742159366607666,0.38816311955451965,300,0.15355628821998835,0,0
20,300,0,A,6,0,0,26.61004066467285,0.2827138900756836,0.2509711682796478,300,0.17831855081021786,0,0
20,300,0,A,6,0,1,31.679576873779297,2.5652878284454346,0.252893328666687,300,0.17831855081021786,0,0
20,300,0,A,6,0,2,40.66617202758789,1.9795682430267334,0.31568053364753723,300,0.17831855081021786,0,0
20,300,0,A,6,0,3,32.44700241088867,1.5874450206756592,0.2796134948730469,300,0.17831855081021786,0,0
20,300,0,A,6,1,0,18.161739349365234,2.945305347442627,0.16679173707962036,300,0.20787356002256274,0,0
20,300,0,A,6,1,1,22.529438018798828,1.5946406126022339,0.21311970055103302,300,0.20787356002256274,0,0
20,300,0,A,6,1,2,26.499223709106445,3.0845580101013184,0.25757768750190735,300,0.20787356002256274,0,0
20,300,0,A,6,1,3,30.976787567138672,1.9737474918365479,0.2525167465209961,300,0.20787356002256274,0,0
20,300,0,A,7,0,0,13.433576583862305,1.981637954711914,0.22011281549930573,300,0.16404183907434344,0,0
20,300,0,A,7,0,1,17.93805694580078,1.6810712814331055,0.3032246232032776,300,0.16404183907434344,0,0
20,300,0,A,7,0,2,14.884125709533691,2.2371630668640137,0.21630963683128357,300,0.16404183907434344,0,0
20,300,0,A,7,0,3,9.677839279174805,2.3826048374176025,0.1459546834230423,300,0.16404183907434344,0,0
20,300,0,A,7,1,0,21.719783782958984,1.7840851545333862,0.4020821154117584,300,0.16329507576301694,0,0
20,300,0,A,7,1,1,12.011616706848145,1.1316492557525635,0.24259696900844574,300,0.16329507576301694,0,0
20,300,0,A,7,1,2,13.937983512878418,1.1871086359024048,0.24837981164455414,300,0.16329507576301694,0,0
20,300,0,A,7,1,3,14.306577682495117,0.9464609026908875,0.29330340027809143,300,0.16329507576301694,0,0
20,300,0,A,8,0,0,4.504683017730713,0.7512457370758057,0.0952780470252037,300,0.19415052700787783,0,0
20,300,0,A,8,0,1,10.148760795593262,0.9812608361244202,0.19372834265232086,300,0.19415052700787783,0,0
20,300,0,A,8,0,2,6.569416522979736,1.0886951684951782,0.15041925013065338,300,0.19415052700787783,0,0
20,300,0,A,8,0,3,12.305617332458496,1.0960891246795654,0.25996941328048706,300,0.19415052700787783,0,0
20,300,0,A,8,1,0,14.925996780395508,2.4267737865448,0.2725194990634918,300,0.1547277607023716,0,0
20,300,0,A,8,1,1,9.749479293823242,2.4782910346984863,0.20436464250087738,300,0.1547277607023716,0,0
20,300,0,A,8,1,2,8.042329788208008,2.4832472801208496,0.1330934315919876,300,0.1547277607023716,0,0
20,300,0,A,8,1,3,11.234466552734375,2.709508180618286,0.2281220406293869,300,0.1547277607023716,0,0
20,300,0,A,9,0,0,9.22131061553955,2.6595823764801025,0.2513221204280853,300,0.17013098299503326,0,0
20,300,0,A,9,0,1,12.14574146270752,2.541863441467285,0.2706160545349121,300,0.17013098299503326,0,0
20,300,0,A,9,0,2,13.052593231201172,2.777035713195801,0.2734876573085785,300,0.17013098299503326,0,0
20,300,0,A,9,0,3,9.039137840270996,2.5355849266052246,0.20161710679531097,300,0.17013098299503326,0,0
20,300,0,A,9,1,0,15.779260635375977,2.977897882461548,0.2615855038166046,300,0.14939380204305053,0,0
20,300,0,A,9,1,1,10.593145370483398,3.182033061981201,0.17039808630943298,300,0.14939380204305053,0,0
20,300,0,A,9,1,2,19.884187698364258,2.9453353881835938,0.32155928015708923,300,0.14939380204305053,0,0
20,300,0,A,9,1,3,11.103632926940918,2.717618465423584,0.20130349695682526,300,0.14939380204305053,0,0
20,300,0,A,10,0,0,19.882137298583984,1.133363962173462,0.34688958525657654,300,0.17311957711353898,0,0
20,300,0,A,10,0,1,15.620132446289062,1.0036869049072266,0.27940964698791504,300,0.17311957711353898,0,0
20,300,0,A,10,0,2,14.99620246887207,0.34962940216064453,0.30429807305336,300,0.17311957711353898,0,0
20,300,0,A,10,0,3,23.970731735229492,1.4621927738189697,0.3995529115200043,300,0.17311957711353898,0,0
20,300,0,A,10,1,0,9.671875953674316,-0.2903043031692505,0.2987077236175537,300,0.16375191463157535,0,0
20,300,0,A,10,1,1,5.6640119552612305,-0.5631544589996338,0.19383297860622406,300,0.16375191463157535,0,0
20,300,0,A,10,1,2,8.702988624572754,-0.47092103958129883,0.3032967448234558,300,0.16375191463157535,0,0
20,300,0,A,10,1,3,8.646261215209961,-0.40405237674713135,0.30308863520622253,300,0.16375191463157535,0,0
20,300,0,A,11,0,0,1.8871660232543945,-1.134674310684204,0.3155236840248108,300,0.16678186366334558,0,0
20,300,0,A,11,0,1,2.0852367877960205,-1.073075294494629,0.32763803005218506,300,0.16678186366334558,0,0
20,300,0,A,11,0,2,0.5133988857269287,-1.1636654138565063,0.2079053372144699,300,0.16678186366334558,0,0
20,300,0,A,11,0,3,1.0959296226501465,-1.0866682529449463,0.266642302274704,300,0.16678186366334558,0,0
20,300,0,A,11,1,0,3.719280242919922,-0.11841726303100586,0.20776605606079102,300,0.15448087407276034,0,0
20,300,0,A,11,1,1,6.505157470703125,0.37788844108581543,0.31541258096694946,300,0.15448087407276034,0,0
20,300,0,A,11,1,2,5.182920932769775,-0.21145027875900269,0.2926938533782959,300,0.15448087407276034,0,0
20,300,0,A,11,1,3,9.371870994567871,0.8258326053619385,0.409688264131546,300,0.15448087407276034,0,0
20,300,0,A,12,0,0,-0.6429194808006287,-1.3795585632324219,0.7101396918296814,300,0.1580976601690054,0,0
20,300,0,A,12,0,1,-0.7491077184677124,-1.3746763467788696,0.6718584895133972,300,0.1580976601690054,0,0
20,300,0,A,12,0,2,-0.8350474238395691,-1.3659183979034424,0.6343958973884583,300,0.1580976601690054,0,0
20,300,0,A,12,0,3,-0.6939939260482788,-1.3562520742416382,0.6793479323387146,300,0.1580976601690054,0,0
20,300,0,A,12,1,0,1.7988674640655518,-0.6402685046195984,0.61243736743927,300,0.14790260791778564,0,0
20,300,0,A,12,1,1,1.7945311069488525,-0.25022125244140625,0.6032630801200867,300,0.14790260791778564,0,0
20,300,0,A,12,1,2,2.194581985473633,-0.2908259630203247,0.6804401874542236,300,0.14790260791778564,0,0
20,300,0,A,12,1,3,1.7932298183441162,-0.06128537654876709,0.5901303887367249,300,0.14790260791778564,0,0
20,300,0,A,13,0,0,3.61972975730896,2.2194414138793945,0.6000880599021912,300,0.1563092302531004,0,0
20,300,0,A,13,0,1,4.0512285232543945,2.3921024799346924,0.6234707236289978,300,0.1563092302531004,0,0
20,300,0,A,13,0,2,3.6137566566467285,2.357405662536621,0.5632718801498413,300,0.1563092302531004,0,0
20,300,0,A,13,0,3,3.6141934394836426,2.214787006378174,0.5597288608551025,300,0.1563092302531004,0,0
20,300,0,A,13,1,0,2.058302402496338,1.5101724863052368,0.5090339779853821,300,0.14330572914332151,0,0
20,300,0,A,13,1,1,2.174447536468506,1.4639859199523926,0.5696026682853699,300,0.14330572914332151,0,0
20,300,0,A,13,1,2,2.2043166160583496,1.4465689659118652,0.6393114924430847,300,0.14330572914332151,0,0
20,300,0,A,13,1,3,2.1594924926757812,1.5280427932739258,0.5726438164710999,300,0.14330572914332151,0,0
20,300,0,A,14,0,0,4.856734275817871,1.9263867139816284,0.5968315601348877,300,0.18520816694945097,0,0
20,300,0,A,14,0,1,4.970536231994629,2.749333381652832,0.5140012502670288,300,0.18520816694945097,0,0
20,300,0,A,14,0,2,4.046027183532715,2.5809478759765625,0.3966219127178192,300,0.18520816694945097,0,0
20,300,0,A,14,0,3,4.469343185424805,2.4396653175354004,0.4992026686668396,300,0.18520816694945097,0,0
20,300,0,A,14,1,0,-0.19248437881469727,-1.349966287612915,0.49686703085899353,300,0.16750417789444327,0,0
20,300,0,A,14,1,1,0.1011422872543335,-0.9506774544715881,0.5273088812828064,300,0.16750417789444327,0,0
20,300,0,A,14,1,2,-0.03319978713989258,-1.3604493141174316,0.5668979287147522,300,0.16750417789444327,0,0
20,300,0,A,14,1,3,-0.13625431060791016,-1.0361049175262451,0.4625746011734009,300,0.16750417789444327,0,0
20,300,0,A,15,0,0,0.16026026010513306,-3.2701778411865234,0.8325783014297485,300,0.16442647110670805,0,0
20,300,0,A,15,0,1,0.36825597286224365,-2.863856792449951,0.8286322951316833,300,0.16442647110670805,0,0
20,300,0,A,15,0,2,0.1191205382347107,-3.3450095653533936,0.8551326394081116,300,0.16442647110670805,0,0
20,300,0,A,15,0,3,-0.06006801128387451,-3.217895984649658,0.8303414583206177,300,0.16442647110670805,0,0
20,300,0,A,15,1,0,0.36202651262283325,-1.0502793788909912,0.8504505157470703,300,0.16082130884751678,0,0
20,300,0,A,15,1,1,0.39238953590393066,-1.1554920673370361,0.8472024202346802,300,0.16082130884751678,0,0
20,300,0,A,15,1,2,0.2556845545768738,-1.041968822479248,0.8322390913963318,300,0.16082130884751678,0,0
20,300,0,A,15,1,3,0.08024144172668457,-0.9651639461517334,0.7630256414413452,300,0.16082130884751678,0,0
20,300,0,A,16,0,0,-0.428364634513855,-1.8548651933670044,0.7929895520210266,300,0.1568974140100181,0,0
20,300,0,A,16,0,1,-0.8307321667671204,-1.8435826301574707,0.7575661540031433,300,0.1568974140100181,0,0
20,300,0,A,16,0,2,-0.688959002494812,-1.9087697267532349,0.764011561870575,300,0.1568974140100181,0,0
20,300,0,A,16,0,3,-0.5822317600250244,-1.7284040451049805,0.7652330994606018,300,0.1568974140100181,0,0
20,300,0,A,16,1,0,-1.700178623199463,-2.2318315505981445,0.7662459015846252,300,0.15877721505239606,0,0
20,300,0,A,16,1,1,-1.65159010887146,-2.1631131172180176,0.7820068597793579,300,0.15877721505239606,0,0
20,300,0,A,16,1,2,-1.6830289363861084,-2.3243038654327393,0.815671980381012,300,0.15877721505239606,0,0
20,300,0,A,16,1,3,-1.6808348894119263,-2.230891466140747,0.7851149439811707,300,0.15877721505239606,0,0
20,300,0,A,17,0,0,1.1177902221679688,0.7492981553077698,0.6724080443382263,300,0.16258189687505364,0,0
20,300,0,A,17,0,1,1.15616774559021,0.66352379322052,0.7393960356712341,300,0.16258189687505364,0,0
20,300,0,A,17,0,2,1.162825107574463,0.702229380607605,0.7195015549659729,300,0.16258189687505364,0,0
20,300,0,A,17,0,3,1.1393401622772217,0.6821748614311218,0.705705463886261,300,0.16258189687505364,0,0
20,300,0,A,17,1,0,-0.0437244176864624,-2.369910478591919,0.6662821769714355,300,0.17261419678106904,0,0
20,300,0,A,17,1,1,0.282055139541626,-1.882181167602539,0.7221506834030151,300,0.17261419678106904,0,0
20,300,0,A,17,1,2,0.06983470916748047,-2.704521417617798,0.7281084656715393,300,0.17261419678106904,0,0
20,300,0,A,17,1,3,0.31808435916900635,-1.9875446557998657,0.7120385766029358,300,0.17261419678106904,0,0
20,300,0,A,18,0,0,1.0592721700668335,-1.31575345993042,0.46961650252342224,300,0.15607203589752316,0,0
20,300,0,A,18,0,1,1.547012448310852,-1.1708588600158691,0.5280375480651855,300,0.15607203589752316,0,0
20,300,0,A,18,0,2,1.0097144842147827,-1.4011027812957764,0.47439250349998474,300,0.15607203589752316,0,0
20,300,0,A,18,0,3,0.684126615524292,-1.3169152736663818,0.4352900981903076,300,0.15607203589752316,0,0
20,300,0,A,18,1,0,0.945274829864502,-0.4028410315513611,0.5163191556930542,300,0.15391441388055682,0,0
20,300,0,A,18,1,1,0.6483034491539001,-0.3661125898361206,0.4432632625102997,300,0.15391441388055682,0,0
20,300,0,A,18,1,2,0.7073157429695129,-0.47174710035324097,0.42814943194389343,300,0.15391441388055682,0,0
20,300,0,A,18,1,3,0.9857264757156372,-0.3721058666706085,0.4592020809650421,300,0.15391441388055682,0,0
20,300,0,A,19,0,0,5.884248733520508,0.24202895164489746,0.40199175477027893,300,0.1834002616815269,0,0
20,300,0,A,19,0,1,6.482381820678711,-0.012011885643005371,0.47538354992866516,300,0.1834002616815269,0,0
20,300,0,A,19,0,2,3.8034849166870117,-0.1002202033996582,0.3566359877586365,300,0.1834002616815269,0,0
20,300,0,A,19,0,3,5.20123291015625,0.6024895906448364,0.37082281708717346,300,0.1834002616815269,0,0
20,300,0,A,19,1,0,9.659049987792969,0.5071916580200195,0.5506953001022339,300,0.1786181442439556,0,0
20,300,0,A,19,1,1,6.938770771026611,0.1861046552658081,0.4236510694026947,300,0.1786181442439556,0,0
20,300,0,A,19,1,2,8.370745658874512,-0.2513751983642578,0.4866237938404083,300,0.1786181442439556,0,0
20,300,0,A,19,1,3,8.03619384765625,-0.6188509464263916,0.5029869675636292,300,0.1786181442439556,0,0
20,300,0,A,20,0,0,3.311030387878418,0.24483448266983032,0.4418747127056122,300,0.132426877040416,0,0
20,300,0,A,20,0,1,3.242724895477295,0.032971978187561035,0.44700729846954346,300,0.132426877040416,0,0
20,300,0,A,20,0,2,2.6527583599090576,0.5976638197898865,0.3420361578464508,300,0.132426877040416,0,0
20,300,0,A,20,0,3,2.4516329765319824,0.17102330923080444,0.37251460552215576,300,0.132426877040416,0,0
20,300,0,A,20,1,0,1.6023926734924316,-2.742419958114624,0.4605003595352173,300,0.16296830913051963,0,0
20,300,0,A,20,1,1,1.1889114379882812,-3.1825215816497803,0.43000125885009766,300,0.16296830913051963,0,0
20,300,0,A,20,1,2,2.9901373386383057,-2.8936803340911865,0.45701712369918823,300,0.16296830913051963,0,0
20,300,0,A,20,1,3,1.3809013366699219,-2.400562286376953,0.4166898727416992,300,0.16296830913051963,0,0
20,300,0,A,21,0,0,0.46212494373321533,-1.124607801437378,0.6396428942680359,300,0.14195099007338285,0,0
20,300,0,A,21,0,1,0.15289413928985596,-1.1359071731567383,0.6044434309005737,300,0.14195099007338285,0,0
20,300,0,A,21,0,2,1.0212726593017578,-1.0670037269592285,0.7116376757621765,300,0.14195099007338285,0,0
20,300,0,A,21,0,3,0.4810326099395752,-1.2386890649795532,0.6282649636268616,300,0.14195099007338285,0,0
20,300,0,A,21,1,0,3.716449737548828,2.023881673812866,0.7319897413253784,300,0.173798899166286,0,0
20,300,0,A,21,1,1,3.26900053024292,2.108646869659424,0.6212465167045593,300,0.173798899166286,0,0
20,300,0,A,21,1,2,3.6735219955444336,1.9216313362121582,0.7098421454429626,300,0.173798899166286,0,0
20,300,0,A,21,1,3,2.978513240814209,2.07210636138916,0.5432863831520081,300,0.173798899166286,0,0
20,300,0,A,22,0,0,0.03083980083465576,-0.7676807045936584,0.6119231581687927,300,0.165289212949574,0,0
20,300,0,A,22,0,1,-0.050605952739715576,-0.7373368740081787,0.6021829843521118,300,0.165289212949574,0,0
20,300,0,A,22,0,2,0.06752771139144897,-0.7497427463531494,0.6502014994621277,300,0.165289212949574,0,0
20,300,0,A,22,0,3,0.24607670307159424,-0.7683270573616028,0.7014191746711731,300,0.165289212949574,0,0
20,300,0,A,22,1,0,3.0932068824768066,-0.17450183629989624,0.6704810857772827,300,0.14111736323684454,0,0
20,300,0,A,22,1,1,2.769551992416382,-0.39766159653663635,0.663520872592926,300,0.14111736323684454,0,0
20,300,0,A,22,1,2,2.637209892272949,-0.365634948015213,0.6457993984222412,300,0.14111736323684454,0,0
20,300,0,A,22,1,3,2.8790688514709473,-0.23494800925254822,0.6337968111038208,300,0.14111736323684454,0,0
20,300,0,A,23,0,0,3.1784818172454834,2.0478756427764893,0.5395660400390625,300,0.15526804188266397,0,0
20,300,0,A,23,0,1,2.639061212539673,1.8657076358795166,0.4789476990699768,300,0.15526804188266397,0,0
20,300,0,A,23,0,2,3.1238057613372803,1.9777518510818481,0.5063308477401733,300,0.15526804188266397,0,0
20,300,0,A,23,0,3,3.1010241508483887,1.8970235586166382,0.522733211517334,300,0.15526804188266397,0,0
20,300,0,A,23,1,0,2.1201882362365723,0.4115217328071594,0.5966516137123108,300,0.15795753290876746,0,0
20,300,0,A,23,1,1,2.3148772716522217,0.42252403497695923,0.6399596333503723,300,0.15795753290876746,0,0
20,300,0,A,23,1,2,1.8283836841583252,0.6719025373458862,0.46514007449150085,300,0.15795753290876746,0,0
20,300,0,A,23,1,3,1.9414035081863403,0.5398036241531372,0.5207092761993408,300,0.15795753290876746,0,0
20,300,0,A,24,0,0,7.536741256713867,2.1469523906707764,0.26822417974472046,300,0.1587944310158491,0,0
20,300,0,A,24,0,1,6.957164764404297,2.431624174118042,0.24923524260520935,300,0.1587944310158491,0,0
20,300,0,A,24,0,2,7.454995155334473,1.863619327545166,0.29849132895469666,300,0.1587944310158491,0,0
20,300,0,A,24,0,3,5.857394218444824,2.1606879234313965,0.22143438458442688,300,0.1587944310158491,0,0
20,300,0,A,24,1,0,4.170969009399414,-0.15552711486816406,0.31462493538856506,300,0.17688337806612253,0,0
20,300,0,A,24,1,1,3.1101577281951904,-0.41494137048721313,0.2978537678718567,300,0.17688337806612253,0,0
20,300,0,A,24,1,2,2.754803419113159,-0.6126365065574646,0.28901877999305725,300,0.17688337806612253,0,0
20,300,0,A,24,1,3,4.859530448913574,-0.14482736587524414,0.35477396845817566,300,0.17688337806612253,0,0
20,300,0,A,25,0,0,3.3367128372192383,0.7049000263214111,0.2716410756111145,300,0.16551062976941466,0,0
20,300,0,A,25,0,1,4.068171977996826,0.8501572608947754,0.30055946111679077,300,0.16551062976941466,0,0
20,300,0,A,25,0,2,3.6948890686035156,0.8038041591644287,0.28792738914489746,300,0.16551062976941466,0,0
20,300,0,A,25,0,3,2.6363768577575684,0.6773860454559326,0.20115256309509277,300,0.16551062976941466,0,0
20,300,0,A,25,1,0,15.610319137573242,2.654470682144165,0.42858290672302246,300,0.17483397899195552,0,0
20,300,0,A,25,1,1,12.766303062438965,3.250214099884033,0.3511661887168884,300,0.17483397899195552,0,0
20,300,0,A,25,1,2,12.769890785217285,2.928966522216797,0.37711474299430847,300,0.17483397899195552,0,0
20,300,0,A,25,1,3,13.68411922454834,3.399352550506592,0.3890000581741333,300,0.17483397899195552,0,0
20,300,0,A,26,0,0,4.9614458084106445,2.145214557647705,0.35659846663475037,300,0.15607389388605952,0,0
20,300,0,A,26,0,1,4.402622699737549,2.27362322807312,0.27306780219078064,300,0.15607389388605952,0,0
20,300,0,A,26,0,2,4.670346260070801,2.184305191040039,0.29656121134757996,300,0.15607389388605952,0,0
20,300,0,A,26,0,3,4.915213584899902,2.1874523162841797,0.35584136843681335,300,0.15607389388605952,0,0
20,300,0,A,26,1,0,3.215507745742798,0.2934446334838867,0.26211193203926086,300,0.1416527982801199,0,0
20,300,0,A,26,1,1,3.2463724613189697,0.2905005216598511,0.3087941110134125,300,0.1416527982801199,0,0
20,300,0,A,26,1,2,4.035042762756348,0.1820259392261505,0.36054083704948425,300,0.1416527982801199,0,0
20,300,0,A,26,1,3,4.174732685089111,0.3086085915565491,0.29638609290122986,300,0.1416527982801199,0,0
20,300,0,A,27,0,0,8.455286026000977,0.9482566118240356,0.40112945437431335,300,0.18156455736607313,0,0
20,300,0,A,27,0,1,6.1298675537109375,0.8844061493873596,0.27500706911087036,300,0.18156455736607313,0,0
20,300,0,A,27,0,2,8.379063606262207,0.6797130703926086,0.372814416885376,300,0.18156455736607313,0,0
20,300,0,A,27,0,3,6.290949821472168,0.9310429096221924,0.24161584675312042,300,0.18156455736607313,0,0
20,300,0,A,27,1,0,35.09771728515625,5.045140266418457,0.3496231436729431,300,0.16233895113691688,0,0
20,300,0,A,27,1,1,15.824234962463379,5.87718391418457,0.14893342554569244,300,0.16233895113691688,0,0
20,300,0,A,27,1,2,17.342388153076172,4.9994730949401855,0.17286114394664764,300,0.16233895113691688,0,0
20,300,0,A,27,1,3,31.87176513671875,4.306468963623047,0.3665483593940735,300,0.16233895113691688,0,0
20,300,0,A,28,0,0,13.597496032714844,2.379204750061035,0.41751816868782043,300,0.1832963516935706,0,0
20,300,0,A,28,0,1,14.634281158447266,2.840292453765869,0.33139878511428833,300,0.1832963516935706,0,0
20,300,0,A,28,0,2,8.162862777709961,2.5204567909240723,0.25478896498680115,300,0.1832963516935706,0,0
20,300,0,A,28,0,3,11.917947769165039,2.6506705284118652,0.3458748757839203,300,0.1832963516935706,0,0
20,300,0,A,28,1,0,16.721824645996094,0.5650813579559326,0.2968806028366089,300,0.16908374894410372,0,0
20,300,0,A,28,1,1,12.063434600830078,1.1328225135803223,0.2761855125427246,300,0.16908374894410372,0,0
20,300,0,A,28,1,2,16.14695930480957,0.3844895362854004,0.35506299138069153,300,0.16908374894410372,0,0
20,300,0,A,28,1,3,19.622005462646484,0.44528353214263916,0.4055691063404083,300,0.16908374894410372,0,0
20,300,0,A,29,0,0,4.0412797927856445,1.7806123495101929,0.22692126035690308,300,0.14393108803778887,0,0
20,300,0,A,29,0,1,4.44003963470459,1.8977185487747192,0.2944771349430084,300,0.14393108803778887,0,0
20,300,0,A,29,0,2,4.409505844116211,2.0285234451293945,0.27362701296806335,300,0.14393108803778887,0,0
20,300,0,A,29,0,3,5.632015228271484,1.8240810632705688,0.3347034752368927,300,0.14393108803778887,0,0
20,300,0,A,29,1,0,24.078847885131836,2.0104401111602783,0.3892482817173004,300,0.16153072007000446,0,0
20,300,0,A,29,1,1,18.49764060974121,2.0967888832092285,0.29121455550193787,300,0.16153072007000446,0,0
20,300,0,A,29,1,2,13.89561653137207,1.958044171333313,0.2374677211046219,300,0.16153072007000446,0,0
20,300,0,A,29,1,3,29.32299041748047,1.4684269428253174,0.41105222702026367,300,0.16153072007000446,0,0
20,300,0,A,30,0,0,5.677286624908447,0.5834183692932129,0.36487850546836853,300,0.15294252429157495,0,0
20,300,0,A,30,0,1,4.888853549957275,0.9726522564888,0.3002296984195709,300,0.15294252429157495,0,0
20,300,0,A,30,0,2,3.956131935119629,0.9506296515464783,0.2355445921421051,300,0.15294252429157495,0,0
20,300,0,A,30,0,3,6.030056476593018,0.6710709929466248,0.39137908816337585,300,0.15294252429157495,0,0
20,300,0,A,30,1,0,5.2399396896362305,0.5605149269104004,0.45579004287719727,300,0.18845373904332519,0,0
20,300,0,A,30,1,1,3.3414108753204346,0.3960762917995453,0.29541346430778503,300,0.18845373904332519,0,0
20,300,0,A,30,1,2,6.3470563888549805,0.6311569213867188,0.45647236704826355,300,0.18845373904332519,0,0
20,300,0,A,30,1,3,4.630431652069092,0.5239769220352173,0.40928512811660767,300,0.18845373904332519,0,0
20,300,0,A,31,0,0,8.91069507598877,0.9862502813339233,0.36685073375701904,300,0.1541650928556919,0,0
20,300,0,A,31,0,1,6.062234878540039,0.5651010274887085,0.27359431982040405,300,0.1541650928556919,0,0
20,300,0,A,31,0,2,9.36136245727539,0.14422112703323364,0.3760603964328766,300,0.1541650928556919,0,0
20,300,0,A,31,0,3,4.750014781951904,1.147576928138733,0.2251419574022293,300,0.1541650928556919,0,0
20,300,0,A,31,1,0,1.031912088394165,-2.0461323261260986,0.3508654534816742,300,0.18965370021760464,0,0
20,300,0,A,31,1,1,1.4118194580078125,-2.2133567333221436,0.40977752208709717,300,0.18965370021760464,0,0
20,300,0,A,31,1,2,0.6384313106536865,-2.1711130142211914,0.2994351387023926,300,0.18965370021760464,0,0
20,300,0,A,31,1,3,1.8410489559173584,-2.1013600826263428,0.3551385998725891,300,0.18965370021760464,0,0
20,300,0,A,32,0,0,3.1538124084472656,1.805747389793396,0.3503009080886841,300,0.16687115281820297,0,0
20,300,0,A,32,0,1,3.2380013465881348,1.6635502576828003,0.40943390130996704,300,0.16687115281820297,0,0
20,300,0,A,32,0,2,3.2275748252868652,1.720974326133728,0.368852823972702,300,0.16687115281820297,0,0
20,300,0,A,32,0,3,3.0142459869384766,1.5636136531829834,0.3630642592906952,300,0.16687115281820297,0,0
20,300,0,A,32,1,0,0.42813873291015625,-1.2925664186477661,0.36585429310798645,300,0.16388646606355906,0,0
20,300,0,A,32,1,1,0.8264865875244141,-1.4239023923873901,0.4360622763633728,300,0.16388646606355906,0,0
20,300,0,A,32,1,2,0.05680835247039795,-1.2963502407073975,0.3481435775756836,300,0.16388646606355906,0,0
20,300,0,A,32,1,3,0.44178831577301025,-1.1634081602096558,0.35765448212623596,300,0.16388646606355906,0,0
20,300,0,A,33,0,0,14.345513343811035,0.22482389211654663,0.4101886451244354,300,0.1634945091791451,0,0
20,300,0,A,33,0,1,12.549213409423828,0.07147878408432007,0.3508778214454651,300,0.1634945091791451,0,0
20,300,0,A,33,0,2,13.271303176879883,0.06866732239723206,0.3963499069213867,300,0.1634945091791451,0,0
20,300,0,A,33,0,3,10.19975471496582,0.21183913946151733,0.2760482132434845,300,0.1634945091791451,0,0
20,300,0,A,33,1,0,10.56872844696045,-0.6485754251480103,0.3163576126098633,300,0.19706182926893234,0,0
20,300,0,A,33,1,1,15.7715425491333,-0.3659508228302002,0.42972102761268616,300,0.19706182926893234,0,0
20,300,0,A,33,1,2,6.4267730712890625,-0.7607072591781616,0.21960772573947906,300,0.19706182926893234,0,0
20,300,0,A,33,1,3,7.065814971923828,0.4246402978897095,0.21482937037944794,300,0.19706182926893234,0,0
20,300,0,A,34,0,0,10.132965087890625,0.38537806272506714,0.3219285309314728,300,0.1757198479026556,0,0
20,300,0,A,34,0,1,10.871257781982422,0.6788053512573242,0.37879467010498047,300,0.1757198479026556,0,0
20,300,0,A,34,0,2,7.772588729858398,0.49266666173934937,0.2584918439388275,300,0.1757198479026556,0,0
20,300,0,A,34,0,3,7.215791702270508,0.17294412851333618,0.28655362129211426,300,0.1757198479026556,0,0
20,300,0,A,34,1,0,12.669550895690918,-0.57740718126297,0.3607771098613739,300,0.17652926919981837,0,0
20,300,0,A,34,1,1,12.413495063781738,-0.6795106530189514,0.34813737869262695,300,0.17652926919981837,0,0
20,300,0,A,34,1,2,12.840325355529785,-0.8295701742172241,0.41613858938217163,300,0.17652926919981837,0,0
20,300,0,A,34,1,3,11.239214897155762,-0.5757461190223694,0.4079798758029938,300,0.17652926919981837,0,0
20,300,0,A,35,0,0,10.644721984863281,0.5618013143539429,0.290332555770874,300,0.185715536121279,0,0
20,300,0,A,35,0,1,11.737405776977539,0.8851271271705627,0.2922528088092804,300,0.185715536121279,0,0
20,300,0,A,35,0,2,12.874576568603516,0.7358233332633972,0.3031708598136902,300,0.185715536121279,0,0
20,300,0,A,35,0,3,15.302297592163086,0.4831850528717041,0.34582674503326416,300,0.185715536121279,0,0
20,300,0,A,35,1,0,8.239784240722656,1.3886479139328003,0.48165372014045715,300,0.17598008317872882,0,0
20,300,0,A,35,1,1,6.9686994552612305,1.568473219871521,0.3494653105735779,300,0.17598008317872882,0,0
20,300,0,A,35,1,2,4.019465446472168,1.7569223642349243,0.18220077455043793,300,0.17598008317872882,0,0
20,300,0,A,35,1,3,5.452553749084473,1.6737562417984009,0.31501075625419617,300,0.17598008317872882,0,0
20,300,1,A,0,0,0,9.268180847167969,2.772416591644287,0.5423582196235657,300,0.18442016979679465,0,0
20,300,1,A,0,0,1,8.467914581298828,2.5457093715667725,0.5017645359039307,300,0.18442016979679465,0,0
20,300,1,A,0,0,2,8.411083221435547,2.653550863265991,0.4864921569824219,300,0.18442016979679465,0,0
20,300,1,A,0,0,3,6.892848491668701,2.5594804286956787,0.4445737302303314,300,0.18442016979679465,0,0
20,300,1,A,0,1,0,12.757590293884277,0.614354133605957,0.5261712670326233,300,0.17486487375572324,0,0
20,300,1,A,0,1,1,9.30138111114502,0.4317981004714966,0.4217643141746521,300,0.17486487375572324,0,0
20,300,1,A,0,1,2,9.509711265563965,0.46303510665893555,0.4461977779865265,300,0.17486487375572324,0,0
20,300,1,A,0,1,3,10.085358619689941,0.8269467353820801,0.4726370871067047,300,0.17486487375572324,0,0
20,300,1,A,1,0,0,14.108827590942383,3.8252220153808594,0.5270254015922546,300,0.15754174534231424,0,0
20,300,1,A,1,0,1,12.53827953338623,3.6703624725341797,0.4599926173686981,300,0.15754174534231424,0,0
20,300,1,A,1,0,2,11.353808403015137,3.6175479888916016,0.39267033338546753,300,0.15754174534231424,0,0
20,300,1,A,1,0,3,10.700164794921875,3.0252573490142822,0.39939290285110474,300,0.15754174534231424,0,0
20,300,1,A,1,1,0,4.537968635559082,0.049829334020614624,0.460767924785614,300,0.15925747621804476,0,0
20,300,1,A,1,1,1,3.966437578201294,0.2515069246292114,0.4154983460903168,300,0.15925747621804476,0,0
20,300,1,A,1,1,2,6.827901840209961,0.08633607625961304,0.5378568768501282,300,0.15925747621804476,0,0
20,300,1,A,1,1,3,5.098812103271484,0.2011125087738037,0.5306114554405212,300,0.15925747621804476,0,0
20,300,1,A,2,0,0,11.329084396362305,0.7831196784973145,0.4316696524620056,300,0.16097632935270667,0,0
20,300,1,A,2,0,1,12.832437515258789,1.304072618484497,0.4369039237499237,300,0.16097632935270667,0,0
20,300,1,A,2,0,2,11.705644607543945,1.1128863096237183,0.4903421700000763,300,0.16097632935270667,0,0
20,300,1,A,2,0,3,13.666425704956055,1.1736689805984497,0.4930325448513031,300,0.16097632935270667,0,0
20,300,1,A,2,1,0,7.616372585296631,-0.5486923456192017,0.4294939935207367,300,0.1724037923850119,0,0
20,300,1,A,2,1,1,5.684296131134033,-0.6430063247680664,0.34228765964508057,300,0.1724037923850119,0,0
20,300,1,A,2,1,2,8.090076446533203,-0.7535080909729004,0.4536641836166382,300,0.1724037923850119,0,0
20,300,1,A,2,1,3,5.809021949768066,-0.6614382266998291,0.34125110507011414,300,0.1724037923850119,0,0
20,300,1,A,3,0,0,31.34212875366211,5.294939041137695,0.37143245339393616,300,0.17940374417230487,0,0
20,300,1,A,3,0,1,30.834346771240234,3.052663564682007,0.3716007471084595,300,0.17940374417230487,0,0
20,300,1,A,3,0,2,34.11967086791992,4.773061752319336,0.44893598556518555,300,0.17940374417230487,0,0
20,300,1,A,3,0,3,24.64101791381836,3.2875657081604004,0.31602245569229126,300,0.17940374417230487,0,0
20,300,1,A,3,1,0,14.17695140838623,1.9861807823181152,0.19965113699436188,300,0.17625435534864664,0,0
20,300,1,A,3,1,1,10.868550300598145,1.9572100639343262,0.2124391347169876,300,0.17625435534864664,0,0
20,300,1,A,3,1,2,13.00742244720459,1.7209348678588867,0.2525182068347931,300,0.17625435534864664,0,0
20,300,1,A,3,1,3,18.347496032714844,1.671276569366455,0.30933818221092224,300,0.17625435534864664,0,0
20,300,1,A,4,0,0,11.664019584655762,2.8776755332946777,0.26645028591156006,300,0.18810915714129806,0,0
20,300,1,A,4,0,1,11.101280212402344,3.17348051071167,0.22441460192203522,300,0.18810915714129806,0,0
20,300,1,A,4,0,2,17.411903381347656,3.1999711990356445,0.36791959404945374,300,0.18810915714129806,0,0
20,300,1,A,4,0,3,16.005491256713867,3.549931526184082,0.29900291562080383,300,0.18810915714129806,0,0
20,300,1,A,4,1,0,4.298184394836426,-0.9906640648841858,0.30542120337486267,300,0.16056052688509226,0,0
20,300,1,A,4,1,1,7.973040580749512,-1.0920891761779785,0.464986652135849,300,0.16056052688509226,0,0
20,300,1,A,4,1,2,5.459632873535156,-1.436457633972168,0.3924442529678345,300,0.16056052688509226,0,0
20,300,1,A,4,1,3,6.959650039672852,-0.6619648933410645,0.3380354046821594,300,0.16056052688509226,0,0
20,300,1,A,5,0,0,8.26202392578125,2.1590652465820312,0.41337528824806213,300,0.1416683690622449,0,0
20,300,1,A,5,0,1,7.465131759643555,2.0665740966796875,0.34342527389526367,300,0.1416683690622449,0,0
20,300,1,A,5,0,2,9.499939918518066,2.18597149848938,0.4568881094455719,300,0.1416683690622449,0,0
20,300,1,A,5,0,3,8.96641731262207,2.3839828968048096,0.36093801259994507,300,0.1416683690622449,0,0
20,300,1,A,5,1,0,15.990455627441406,1.0643020868301392,0.36985331773757935,300,0.16961148707196116,0,0
20,300,1,A,5,1,1,12.651693344116211,0.5712981224060059,0.337497353553772,300,0.16961148707196116,0,0
20,300,1,A,5,1,2,9.445605278015137,1.1459839344024658,0.2560774087905884,300,0.16961148707196116,0,0
20,300,1,A,5,1,3,16.38580894470215,1.3085737228393555,0.3682011067867279,300,0.16961148707196116,0,0
20,300,1,A,6,0,0,26.61004066467285,2.483121871948242,0.23492299020290375,300,0.15691733825951815,0,0
20,300,1,A,6,0,1,31.679576873779297,2.3611257076263428,0.25421589612960815,300,0.15691733825951815,0,0
20,300,1,A,6,0,2,40.66617202758789,3.534472703933716,0.30688634514808655,300,0.15691733825951815,0,0
20,300,1,A,6,0,3,32.44700241088867,2.6566665172576904,0.2725661098957062,300,0.15691733825951815,0,0
20,300,1,A,6,1,0,18.161739349365234,1.61592435836792,0.1787586361169815,300,0.18517722887918353,0,0
20,300,1,A,6,1,1,22.529438018798828,1.9327833652496338,0.21040163934230804,300,0.18517722887918353,0,0
20,300,1,A,6,1,2,26.499223709106445,3.3359057903289795,0.25551921129226685,300,0.18517722887918353,0,0
20,300,1,A,6,1,3,30.976787567138672,4.616211414337158,0.2349146157503128,300,0.18517722887918353,0,0
20,300,1,A,7,0,0,13.433576583862305,2.5461716651916504,0.21155770123004913,300,0.15335035091266036,0,0
20,300,1,A,7,0,1,17.93805694580078,2.1755874156951904,0.296737939119339,300,0.15335035091266036,0,0
20,300,1,A,7,0,2,14.884125709533691,2.3480143547058105,0.2148209661245346,300,0.15335035091266036,0,0
20,300,1,A,7,0,3,9.677839279174805,3.045039653778076,0.13448379933834076,300,0.15335035091266036,0,0
20,300,1,A,7,1,0,21.719783782958984,1.3707512617111206,0.4070254862308502,300,0.19776925584301353,0,0
20,300,1,A,7,1,1,12.011616706848145,1.1373823881149292,0.24250011146068573,300,0.19776925584301353,0,0
20,300,1,A,7,1,2,13.937983512878418,0.9537327289581299,0.2517812252044678,300,0.19776925584301353,0,0
20,300,1,A,7,1,3,14.306577682495117,1.5437424182891846,0.2839137315750122,300,0.19776925584301353,0,0
20,300,1,A,8,0,0,4.504683017730713,1.5091674327850342,0.07753042876720428,300,0.16373828006908298,0,0
20,300,1,A,8,0,1,10.148760795593262,1.495383858680725,0.18487240374088287,300,0.16373828006908298,0,0
20,300,1,A,8,0,2,6.569416522979736,1.4310569763183594,0.14236071705818176,300,0.16373828006908298,0,0
20,300,1,A,8,0,3,12.305617332458496,1.5080674886703491,0.2528305649757385,300,0.16373828006908298,0,0
20,300,1,A,8,1,0,14.925996780395508,2.834995746612549,0.26598647236824036,300,0.15847194800153375,0,0
20,300,1,A,8,1,1,9.749479293823242,3.0306997299194336,0.19181674718856812,300,0.15847194800153375,0,0
20,300,1,A,8,1,2,8.042329788208008,3.408857822418213,0.11344686895608902,300,0.15847194800153375,0,0
20,300,1,A,8,1,3,11.234466552734375,3.065624237060547,0.22069571912288666,300,0.15847194800153375,0,0
20,300,1,A,9,0,0,9.22131061553955,2.666313648223877,0.25112903118133545,300,0.14838522067293525,0,0
20,300,1,A,9,0,1,12.14574146270752,2.78690505027771,0.2655448317527771,300,0.14838522067293525,0,0
20,300,1,A,9,0,2,13.052593231201172,3.158989429473877,0.26602619886398315,300,0.14838522067293525,0,0
20,300,1,A,9,0,3,9.039137840270996,2.806161403656006,0.1948634833097458,300,0.14838522067293525,0,0
20,300,1,A,9,1,0,15.779260635375977,3.2669477462768555,0.25719812512397766,300,0.14497004775330424,0,0
20,300,1,A,9,1,1,10.593145370483398,3.7470409870147705,0.1594790518283844,300,0.14497004775330424,0,0
20,300,1,A,9,1,2,19.884187698364258,3.0567219257354736,0.3201216459274292,300,0.14497004775330424,0,0
20,300,1,A,9,1,3,11.103632926940918,3.0095341205596924,0.19566725194454193,300,0.14497004775330424,0,0
20,300,1,A,10,0,0,19.882137298583984,1.149000644683838,0.3467005789279938,300,0.1811452778056264,0,0
20,300,1,A,10,0,1,15.620132446289062,0.4176642894744873,0.28739261627197266,300,0.1811452778056264,0,0
20,300,1,A,10,0,2,14.99620246887207,0.958817720413208,0.2953800559043884,300,0.1811452778056264,0,0
20,300,1,A,10,0,3,23.970731735229492,1.2970755100250244,0.4013076722621918,300,0.1811452778056264,0,0
20,300,1,A,10,1,0,9.671875953674316,-0.3851792812347412,0.30069708824157715,300,0.18317919317632914,0,0
20,300,1,A,10,1,1,5.6640119552612305,0.4240567684173584,0.16827496886253357,300,0.18317919317632914,0,0
20,300,1,A,10,1,2,8.702988624572754,0.3690824508666992,0.28339579701423645,300,0.18317919317632914,0,0
20,300,1,A,10,1,3,8.646261215209961,0.27578091621398926,0.28685227036476135,300,0.18317919317632914,0,0
20,300,1,A,11,0,0,1.8871660232543945,-1.0601541996002197,0.31015604734420776,300,0.17878315364941955,0,0
20,300,1,A,11,0,1,2.0852367877960205,-1.1685196161270142,0.3342300057411194,300,0.17878315364941955,0,0
20,300,1,A,11,0,2,0.5133988857269287,-0.987729012966156,0.1902438998222351,300,0.17878315364941955,0,0
20,300,1,A,11,0,3,1.0959296226501465,-0.9601745009422302,0.2551315724849701,300,0.17878315364941955,0,0
20,300,1,A,11,1,0,3.719280242919922,0.3354753255844116,0.1878081113100052,300,0.15849587926641107,0,0
20,300,1,A,11,1,1,6.505157470703125,0.5183429718017578,0.31042686104774475,300,0.15849587926641107,0,0
20,300,1,A,11,1,2,5.182920932769775,0.12590277194976807,0.27950558066368103,300,0.15849587926641107,0,0
20,300,1,A,11,1,3,9.371870994567871,1.1960840225219727,0.3990212082862854,300,0.15849587926641107,0,0
20,300,1,A,12,0,0,-0.6429194808006287,-1.3837178945541382,0.711297333240509,300,0.14856847189366817,0,0
20,300,1,A,12,0,1,-0.7491077184677124,-1.3261044025421143,0.653798520565033,300,0.14856847189366817,0,0
20,300,1,A,12,0,2,-0.8350474238395691,-1.3726955652236938,0.6373330950737,300,0.14856847189366817,0,0
20,300,1,A,12,0,3,-0.6939939260482788,-1.2951587438583374,0.6579091548919678,300,0.14856847189366817,0,0
20,300,1,A,12,1,0,1.7988674640655518,-0.5451604127883911,0.6029557585716248,300,0.19601245922967792,0,0
20,300,1,A,12,1,1,1.7945311069488525,0.09221768379211426,0.5586763024330139,300,0.19601245922967792,0,0
20,300,1,A,12,1,2,2.194581985473633,-0.22988033294677734,0.675017774105072,300,0.19601245922967792,0,0
20,300,1,A,12,1,3,1.7932298183441162,-0.4713088274002075,0.6374358534812927,300,0.19601245922967792,0,0
20,300,1,A,13,0,0,3.61972975730896,2.3076696395874023,0.5843732953071594,300,0.13872393360361457,0,0
20,300,1,A,13,0,1,4.0512285232543945,2.6091058254241943,0.5900400280952454,300,0.13872393360361457,0,0
20,300,1,A,13,0,2,3.6137566566467285,2.4924654960632324,0.5351223349571228,300,0.13872393360361457,0,0
20,300,1,A,13,0,3,3.6141934394836426,2.3436522483825684,0.5358027219772339,300,0.13872393360361457,0,0
20,300,1,A,13,1,0,2.058302402496338,1.7054574489593506,0.40026915073394775,300,0.1787192327901721,0,0
20,300,1,A,13,1,1,2.174447536468506,1.7538774013519287,0.43928271532058716,300,0.1787192327901721,0,0
20,300,1,A,13,1,2,2.2043166160583496,1.7816643714904785,0.4971441328525543,300,0.1787192327901721,0,0
20,300,1,A,13,1,3,2.1594924926757812,1.7199232578277588,0.4826127588748932,300,0.1787192327901721,0,0
20,300,1,A,14,0,0,4.856734275817871,2.059826612472534,0.5855681300163269,300,0.17288282699882984,0,0
20,300,1,A,14,0,1,4.970536231994629,2.4667952060699463,0.5438264012336731,300,0.17288282699882984,0,0
20,300,1,A,14,0,2,4.046027183532715,2.468641757965088,0.414425253868103,300,0.17288282699882984,0,0
20,300,1,A,14,0,3,4.469343185424805,2.8008711338043213,0.45037439465522766,300,0.17288282699882984,0,0
20,300,1,A,14,1,0,-0.19248437881469727,-1.3402416706085205,0.4947579503059387,300,0.1617567171342671,0,0
20,300,1,A,14,1,1,0.1011422872543335,-1.1130214929580688,0.5628847479820251,300,0.1617567171342671,0,0
20,300,1,A,14,1,2,-0.03319978713989258,-1.105339765548706,0.5139347910881042,300,0.1617567171342671,0,0
20,300,1,A,14,1,3,-0.13625431060791016,-1.12093985080719,0.4850323796272278,300,0.1617567171342671,0,0
20,300,1,A,15,0,0,0.16026026010513306,-2.852994918823242,0.8137168288230896,300,0.14088507881388068,0,0
20,300,1,A,15,0,1,0.36825597286224365,-2.1458210945129395,0.7899683713912964,300,0.14088507881388068,0,0
20,300,1,A,15,0,2,0.1191205382347107,-3.2590994834899902,0.8519938588142395,300,0.14088507881388068,0,0
20,300,1,A,15,0,3,-0.06006801128387451,-2.765589475631714,0.8074397444725037,300,0.14088507881388068,0,0
20,300,1,A,15,1,0,0.36202651262283325,-0.879244327545166,0.833279550075531,300,0.13936120783910155,0,0
20,300,1,A,15,1,1,0.39238953590393066,-0.7651063799858093,0.8056826591491699,300,0.13936120783910155,0,0
20,300,1,A,15,1,2,0.2556845545768738,-0.8459785580635071,0.8081204891204834,300,0.13936120783910155,0,0
20,300,1,A,15,1,3,0.08024144172668457,-0.8757611513137817,0.7464827299118042,300,0.13936120783910155,0,0
20,300,1,A,16,0,0,-0.428364634513855,-1.666015625,0.7687082290649414,300,0.17969391494989395,0,0
20,300,1,A,16,0,1,-0.8307321667671204,-1.857928991317749,0.7601398825645447,300,0.17969391494989395,0,0
20,300,1,A,16,0,2,-0.688959002494812,-1.6683752536773682,0.722180962562561,300,0.17969391494989395,0,0
20,300,1,A,16,0,3,-0.5822317600250244,-1.3162249326705933,0.6760995388031006,300,0.17969391494989395,0,0
20,300,1,A,16,1,0,-1.700178623199463,-2.1024930477142334,0.7126882672309875,300,0.14825819106772542,0,0
20,300,1,A,16,1,1,-1.65159010887146,-1.9907746315002441,0.7040276527404785,300,0.14825819106772542,0,0
20,300,1,A,16,1,2,-1.6830289363861084,-2.1258411407470703,0.7534286379814148,300,0.14825819106772542,0,0
20,300,1,A,16,1,3,-1.6808348894119263,-1.9972152709960938,0.6775753498077393,300,0.14825819106772542,0,0
20,300,1,A,17,0,0,1.1177902221679688,0.7848045229911804,0.6497127413749695,300,0.1529202964156866,0,0
20,300,1,A,17,0,1,1.15616774559021,0.6909801959991455,0.7281953692436218,300,0.1529202964156866,0,0
20,300,1,A,17,0,2,1.162825107574463,0.7776412963867188,0.6820459961891174,300,0.1529202964156866,0,0
20,300,1,A,17,0,3,1.1393401622772217,0.8277816772460938,0.6203794479370117,300,0.1529202964156866,0,0
20,300,1,A,17,1,0,-0.0437244176864624,-2.1447017192840576,0.6432710886001587,300,0.1638907641172409,0,0
20,300,1,A,17,1,1,0.282055139541626,-1.9486587047576904,0.7281801700592041,300,0.1638907641172409,0,0
20,300,1,A,17,1,2,0.06983470916748047,-1.7895708084106445,0.64219069480896,300,0.1638907641172409,0,0
20,300,1,A,17,1,3,0.31808435916900635,-1.920370101928711,0.7059382200241089,300,0.1638907641172409,0,0
20,300,1,A,18,0,0,1.0592721700668335,-1.023398518562317,0.437075138092041,300,0.17805981822311878,0,0
20,300,1,A,18,0,1,1.547012448310852,-0.9829971790313721,0.5101591348648071,300,0.17805981822311878,0,0
20,300,1,A,18,0,2,1.0097144842147827,-1.0634934902191162,0.4369896650314331,300,0.17805981822311878,0,0
20,300,1,A,18,0,3,0.684126615524292,-1.085414171218872,0.4053439199924469,300,0.17805981822311878,0,0
20,300,1,A,18,1,0,0.945274829864502,-0.25903141498565674,0.48812606930732727,300,0.15432419022545218,0,0
20,300,1,A,18,1,1,0.6483034491539001,-0.37294477224349976,0.44492045044898987,300,0.15432419022545218,0,0
20,300,1,A,18,1,2,0.7073157429695129,-0.3288576304912567,0.3968540132045746,300,0.15432419022545218,0,0
20,300,1,A,18,1,3,0.9857264757156372,-0.3102283477783203,0.44764333963394165,300,0.15432419022545218,0,0
20,300,1,A,19,0,0,5.884248733520508,0.17779600620269775,0.40471601486206055,300,0.18681121012195945,0,0
20,300,1,A,19,0,1,6.482381820678711,0.16699814796447754,0.46841806173324585,300,0.18681121012195945,0,0
20,300,1,A,19,0,2,3.8034849166870117,0.3671231269836426,0.32794201374053955,300,0.18681121012195945,0,0
20,300,1,A,19,0,3,5.20123291015625,1.0530669689178467,0.34710127115249634,300,0.18681121012195945,0,0
20,300,1,A,19,1,0,9.659049987792969,0.8136091232299805,0.5422553420066833,300,0.14761062804609537,0,0
20,300,1,A,19,1,1,6.938770771026611,1.099429965019226,0.3886186182498932,300,0.14761062804609537,0,0
20,300,1,A,19,1,2,8.370745658874512,1.3270509243011475,0.4364171326160431,300,0.14761062804609537,0,0
20,300,1,A,19,1,3,8.03619384765625,0.3214430809020996,0.4742577373981476,300,0.14761062804609537,0,0
20,300,1,A,20,0,0,3.311030387878418,0.5241268873214722,0.4184684753417969,300,0.15074018109589815,0,0
20,300,1,A,20,0,1,3.242724895477295,0.4550985097885132,0.4124676287174225,300,0.15074018109589815,0,0
20,300,1,A,20,0,2,2.6527583599090576,0.2590891122817993,0.37713468074798584,300,0.15074018109589815,0,0
20,300,1,A,20,0,3,2.4516329765319824,0.3024445176124573,0.35874927043914795,300,0.15074018109589815,0,0
20,300,1,A,20,1,0,1.6023926734924316,-2.5878357887268066,0.4515139162540436,300,0.16663496615365148,0,0
20,300,1,A,20,1,1,1.1889114379882812,-2.9519970417022705,0.4167761206626892,300,0.16663496615365148,0,0
20,300,1,A,20,1,2,2.9901373386383057,-2.771315336227417,0.45180681347846985,300,0.16663496615365148,0,0
20,300,1,A,20,1,3,1.3809013366699219,-2.953064441680908,0.450164794921875,300,0.16663496615365148,0,0
20,300,1,A,21,0,0,0.46212494373321533,-0.8799616694450378,0.6002155542373657,300,0.1698298971168697,0,0
20,300,1,A,21,0,1,0.15289413928985596,-1.0267083644866943,0.5830919146537781,300,0.1698298971168697,0,0
20,300,1,A,21,0,2,1.0212726593017578,-1.047675609588623,0.7097257971763611,300,0.1698298971168697,0,0
20,300,1,A,21,0,3,0.4810326099395752,-0.9614416360855103,0.5863697528839111,300,0.1698298971168697,0,0
20,300,1,A,21,1,0,3.716449737548828,2.103468418121338,0.722436249256134,300,0.15872032288461924,0,0
20,300,1,A,21,1,1,3.26900053024292,1.9938833713531494,0.6431713104248047,300,0.15872032288461924,0,0
20,300,1,A,21,1,2,3.6735219955444336,2.1157174110412598,0.6850762367248535,300,0.15872032288461924,0,0
20,300,1,A,21,1,3,2.978513240814209,2.0875682830810547,0.5390141010284424,300,0.15872032288461924,0,0
20,300,1,A,22,0,0,0.03083980083465576,-0.6907165050506592,0.5876001715660095,300,0.15395665913820267,0,0
20,300,1,A,22,0,1,-0.050605952739715576,-0.6831454634666443,0.5823357701301575,300,0.15395665913820267,0,0
20,300,1,A,22,0,2,0.06752771139144897,-0.6491292715072632,0.6197652816772461,300,0.15395665913820267,0,0
20,300,1,A,22,0,3,0.24607670307159424,-0.7176516056060791,0.69057697057724,300,0.15395665913820267,0,0
20,300,1,A,22,1,0,3.0932068824768066,-0.07740995287895203,0.6637831330299377,300,0.17716990457847714,0,0
20,300,1,A,22,1,1,2.769551992416382,-0.10342606902122498,0.6414172649383545,300,0.17716990457847714,0,0
20,300,1,A,22,1,2,2.637209892272949,0.00794917345046997,0.6148553490638733,300,0.17716990457847714,0,0
20,300,1,A,22,1,3,2.8790688514709473,-0.13604894280433655,0.6262741088867188,300,0.17716990457847714,0,0
20,300,1,A,23,0,0,3.1784818172454834,1.9469425678253174,0.5607254505157471,300,0.15556615218520164,0,0
20,300,1,A,23,0,1,2.639061212539673,1.9866716861724854,0.4367522597312927,300,0.15556615218520164,0,0
20,300,1,A,23,0,2,3.1238057613372803,1.8948380947113037,0.5237756967544556,300,0.15556615218520164,0,0
20,300,1,A,23,0,3,3.1010241508483887,1.962613582611084,0.5087438225746155,300,0.15556615218520164,0,0
20,300,1,A,23,1,0,2.1201882362365723,1.1279820203781128,0.4620717167854309,300,0.15627744374796748,0,0
20,300,1,A,23,1,1,2.3148772716522217,0.993416965007782,0.5538170337677002,300,0.15627744374796748,0,0
20,300,1,A,23,1,2,1.8283836841583252,0.7848543524742126,0.439685195684433,300,0.15627744374796748,0,0
20,300,1,A,23,1,3,1.9414035081863403,0.5659768581390381,0.5160030722618103,300,0.15627744374796748,0,0
20,300,1,A,24,0,0,7.536741256713867,2.402589797973633,0.2587946951389313,300,0.14861280377954245,0,0
20,300,1,A,24,0,1,6.957164764404297,2.790306568145752,0.23410597443580627,300,0.14861280377954245,0,0
20,300,1,A,24,0,2,7.454995155334473,2.1506099700927734,0.28757643699645996,300,0.14861280377954245,0,0
20,300,1,A,24,0,3,5.857394218444824,2.1884727478027344,0.22013644874095917,300,0.14861280377954245,0,0
20,300,1,A,24,1,0,4.170969009399414,0.09048986434936523,0.30213993787765503,300,0.1725815273821354,0,0
20,300,1,A,24,1,1,3.1101577281951904,-0.31798481941223145,0.29205402731895447,300,0.1725815273821354,0,0
20,300,1,A,24,1,2,2.754803419113159,-0.13528704643249512,0.2586457133293152,300,0.1725815273821354,0,0
20,300,1,A,24,1,3,4.859530448913574,-0.05058455467224121,0.35043415427207947,300,0.1725815273821354,0,0
20,300,1,A,25,0,0,3.3367128372192383,0.9042235016822815,0.2563417851924896,300,0.17862521577626467,0,0
20,300,1,A,25,0,1,4.068171977996826,0.8624366521835327,0.29975634813308716,300,0.17862521577626467,0,0
20,300,1,A,25,0,2,3.6948890686035156,1.0305389165878296,0.27147671580314636,300,0.17862521577626467,0,0
20,300,1,A,25,0,3,2.6363768577575684,0.9241487383842468,0.18038514256477356,300,0.17862521577626467,0,0
20,300,1,A,25,1,0,15.610319137573242,2.9915828704833984,0.4221387207508087,300,0.14938457123935223,0,0
20,300,1,A,25,1,1,12.766303062438965,2.9970006942749023,0.3571728765964508,300,0.14938457123935223,0,0
20,300,1,A,25,1,2,12.769890785217285,2.620234489440918,0.3843978941440582,300,0.14938457123935223,0,0
20,300,1,A,25,1,3,13.68411922454834,2.7646234035491943,0.4033246338367462,300,0.14938457123935223,0,0
20,300,1,A,26,0,0,4.9614458084106445,2.279947280883789,0.345431387424469,300,0.15763178188353777,0,0
20,300,1,A,26,0,1,4.402622699737549,2.46950101852417,0.25433406233787537,300,0.15763178188353777,0,0
20,300,1,A,26,0,2,4.670346260070801,2.32236647605896,0.2847819924354553,300,0.15763178188353777,0,0
20,300,1,A,26,0,3,4.915213584899902,2.43334698677063,0.3344936668872833,300,0.15763178188353777,0,0
20,300,1,A,26,1,0,3.215507745742798,0.5590298771858215,0.2441040277481079,300,0.1561905751004815,0,0
20,300,1,A,26,1,1,3.2463724613189697,0.4269205927848816,0.29880091547966003,300,0.1561905751004815,0,0
20,300,1,A,26,1,2,4.035042762756348,0.5103814601898193,0.34027037024497986,300,0.1561905751004815,0,0
20,300,1,A,26,1,3,4.174732685089111,0.3540843725204468,0.2939245104789734,300,0.1561905751004815,0,0
20,300,1,A,27,0,0,8.455286026000977,1.1097904443740845,0.39591532945632935,300,0.1701060370542109,0,0
20,300,1,A,27,0,1,6.1298675537109375,0.8814845681190491,0.2751181125640869,300,0.1701060370542109,0,0
20,300,1,A,27,0,2,8.379063606262207,1.272214412689209,0.35428908467292786,300,0.1701060370542109,0,0
20,300,1,A,27,0,3,6.290949821472168,0.8297486305236816,0.24506302177906036,300,0.1701060370542109,0,0
20,300,1,A,27,1,0,35.09771728515625,6.6448259353637695,0.33728986978530884,300,0.15617693215608597,0,0
20,300,1,A,27,1,1,15.824234962463379,5.647365570068359,0.15185187757015228,300,0.15617693215608597,0,0
20,300,1,A,27,1,2,17.342388153076172,4.501069068908691,0.17859463393688202,300,0.15617693215608597,0,0
20,300,1,A,27,1,3,31.87176513671875,5.293405532836914,0.3581245541572571,300,0.15617693215608597,0,0
20,300,1,A,28,0,0,13.597496032714844,2.5469956398010254,0.4138578474521637,300,0.18239631270989776,0,0
20,300,1,A,28,0,1,14.634281158447266,2.9415574073791504,0.32949090003967285,300,0.18239631270989776,0,0
20,300,1,A,28,0,2,8.162862777709961,2.465789556503296,0.2566240131855011,300,0.18239631270989776,0,0
20,300,1,A,28,0,3,11.917947769165039,2.6039018630981445,0.3470146656036377,300,0.18239631270989776,0,0
20,300,1,A,28,1,0,16.721824645996094,0.5598832368850708,0.29694774746894836,300,0.15150317829102278,0,0
20,300,1,A,28,1,1,12.063434600830078,1.6140522956848145,0.2672760784626007,300,0.15150317829102278,0,0
20,300,1,A,28,1,2,16.14695930480957,0.4948526620864868,0.35345566272735596,300,0.15150317829102278,0,0
20,300,1,A,28,1,3,19.622005462646484,0.6416045427322388,0.4030907452106476,300,0.15150317829102278,0,0
20,300,1,A,29,0,0,4.0412797927856445,1.8334110975265503,0.22280225157737732,300,0.16273091780021787,0,0
20,300,1,A,29,0,1,4.44003963470459,1.8389513492584229,0.2992471754550934,300,0.16273091780021787,0,0
20,300,1,A,29,0,2,4.409505844116211,2.2216310501098633,0.2571412920951843,300,0.16273091780021787,0,0
20,300,1,A,29,0,3,5.632015228271484,2.0468521118164062,0.32141628861427307,300,0.16273091780021787,0,0
20,300,1,A,29,1,0,24.078847885131836,2.0450685024261475,0.38887500762939453,300,0.17192603833973408,0,0
20,300,1,A,29,1,1,18.49764060974121,2.7779757976531982,0.28253668546676636,300,0.17192603833973408,0,0
20,300,1,A,29,1,2,13.89561653137207,2.218324899673462,0.23349907994270325,300,0.17192603833973408,0,0
20,300,1,A,29,1,3,29.32299041748047,3.3789849281311035,0.39396557211875916,300,0.17192603833973408,0,0
20,300,1,A,30,0,0,5.677286624908447,1.1620004177093506,0.33741822838783264,300,0.15367965400218964,0,0
20,300,1,A,30,0,1,4.888853549957275,1.8032652139663696,0.252639502286911,300,0.15367965400218964,0,0
20,300,1,A,30,0,2,3.956131935119629,0.8039842247962952,0.2442304641008377,300,0.15367965400218964,0,0
20,300,1,A,30,0,3,6.030056476593018,1.1063218116760254,0.3713974356651306,300,0.15367965400218964,0,0
20,300,1,A,30,1,0,5.2399396896362305,0.5131574869155884,0.45828884840011597,300,0.18587073171511292,0,0
20,300,1,A,30,1,1,3.3414108753204346,0.4752039909362793,0.28977683186531067,300,0.18587073171511292,0,0
20,300,1,A,30,1,2,6.3470563888549805,0.9349143505096436,0.44295960664749146,300,0.18587073171511292,0,0
20,300,1,A,30,1,3,4.630431652069092,0.7010641098022461,0.3986716568470001,300,0.18587073171511292,0,0
20,300,1,A,31,0,0,8.91069507598877,2.4988064765930176,0.3191785216331482,300,0.1907637449912727,0,0
20,300,1,A,31,0,1,6.062234878540039,1.9775158166885376,0.2186696082353592,300,0.1907637449912727,0,0
20,300,1,A,31,0,2,9.36136245727539,1.0362839698791504,0.35249361395835876,300,0.1907637449912727,0,0
20,300,1,A,31,0,3,4.750014781951904,0.8960492610931396,0.23713402450084686,300,0.1907637449912727,0,0
20,300,1,A,31,1,0,1.031912088394165,-1.7237298488616943,0.3260991871356964,300,0.17107979115098715,0,0
20,300,1,A,31,1,1,1.4118194580078125,-2.3051583766937256,0.4158393144607544,300,0.17107979115098715,0,0
20,300,1,A,31,1,2,0.6384313106536865,-1.77846097946167,0.26883745193481445,300,0.17107979115098715,0,0
20,300,1,A,31,1,3,1.8410489559173584,-1.958735704421997,0.34674569964408875,300,0.17107979115098715,0,0
20,300,1,A,32,0,0,3.1538124084472656,1.8054265975952148,0.3503550589084625,300,0.18833069503307343,0,0
20,300,1,A,32,0,1,3.2380013465881348,1.862241506576538,0.37725716829299927,300,0.18833069503307343,0,0
20,300,1,A,32,0,2,3.2275748252868652,1.7770622968673706,0.3600654602050781,300,0.18833069503307343,0,0
20,300,1,A,32,0,3,3.0142459869384766,1.692743182182312,0.34179195761680603,300,0.18833069503307343,0,0
20,300,1,A,32,1,0,0.42813873291015625,-1.2423608303070068,0.3590119481086731,300,0.17188049154356122,0,0
20,300,1,A,32,1,1,0.8264865875244141,-1.293486475944519,0.42144155502319336,300,0.17188049154356122,0,0
20,300,1,A,32,1,2,0.05680835247039795,-1.287989854812622,0.34673842787742615,300,0.17188049154356122,0,0
20,300,1,A,32,1,3,0.44178831577301025,-1.2075673341751099,0.36391302943229675,300,0.17188049154356122,0,0
20,300,1,A,33,0,0,14.345513343811035,1.2940685749053955,0.3912816643714905,300,0.16719111194834113,0,0
20,300,1,A,33,0,1,12.549213409423828,0.4598214626312256,0.34371092915534973,300,0.16719111194834113,0,0
20,300,1,A,33,0,2,13.271303176879883,0.26061952114105225,0.39285117387771606,300,0.16719111194834113,0,0
20,300,1,A,33,0,3,10.19975471496582,0.42209672927856445,0.271816611289978,300,0.16719111194834113,0,0
20,300,1,A,33,1,0,10.56872844696045,0.19550156593322754,0.2996864914894104,300,0.15998134994879365,0,0
20,300,1,A,33,1,1,15.7715425491333,0.40130293369293213,0.41782665252685547,300,0.15998134994879365,0,0
20,300,1,A,33,1,2,6.4267730712890625,-0.1273646354675293,0.2042081356048584,300,0.15998134994879365,0,0
20,300,1,A,33,1,3,7.065814971923828,1.2665693759918213,0.19284671545028687,300,0.15998134994879365,0,0
20,300,1,A,34,0,0,10.132965087890625,0.3266255259513855,0.3232416808605194,300,0.16521041793748736,0,0
20,300,1,A,34,0,1,10.871257781982422,0.4277099370956421,0.38453802466392517,300,0.16521041793748736,0,0
20,300,1,A,34,0,2,7.772588729858398,0.730548620223999,0.25217530131340027,300,0.16521041793748736,0,0
20,300,1,A,34,0,3,7.215791702270508,0.5759661197662354,0.2746596038341522,300,0.16521041793748736,0,0
20,300,1,A,34,1,0,12.669550895690918,-0.2720581889152527,0.3554166853427887,300,0.16528743505477905,0,0
20,300,1,A,34,1,1,12.413495063781738,-0.7456654906272888,0.34928199648857117,300,0.16528743505477905,0,0
20,300,1,A,34,1,2,12.840325355529785,-0.4475921392440796,0.40926945209503174,300,0.16528743505477905,0,0
20,300,1,A,34,1,3,11.239214897155762,-0.19542348384857178,0.40010151267051697,300,0.16528743505477905,0,0
20,300,1,A,35,0,0,10.644721984863281,1.0019092559814453,0.28122374415397644,300,0.17110342718660831,0,0
20,300,1,A,35,0,1,11.737405776977539,0.6597664952278137,0.29652220010757446,300,0.17110342718660831,0,0
20,300,1,A,35,0,2,12.874576568603516,0.8193498253822327,0.30171412229537964,300,0.17110342718660831,0,0
20,300,1,A,35,0,3,15.302297592163086,1.0112333297729492,0.3376648724079132,300,0.17110342718660831,0,0
20,300,1,A,35,1,0,8.239784240722656,1.672208547592163,0.4711102247238159,300,0.15708262007683516,0,0
20,300,1,A,35,1,1,6.9686994552612305,1.7397323846817017,0.34217485785484314,300,0.15708262007683516,0,0
20,300,1,A,35,1,2,4.019465446472168,1.9653120040893555,0.1682426780462265,300,0.15708262007683516,0,0
20,300,1,A,35,1,3,5.452553749084473,1.58040452003479,0.3203001916408539,300,0.15708262007683516,0,0
20,300,2,A,0,0,0,9.268180847167969,2.503469944000244,0.5524090528488159,300,0.15115252695977688,0,0
20,300,2,A,0,0,1,8.467914581298828,2.8258864879608154,0.4896496534347534,300,0.15115252695977688,0,0
20,300,2,A,0,0,2,8.411083221435547,2.376494884490967,0.49823856353759766,300,0.15115252695977688,0,0
20,300,2,A,0,0,3,6.892848491668701,2.9990429878234863,0.41834330558776855,300,0.15115252695977688,0,0
20,300,2,A,0,1,0,12.757590293884277,0.30313557386398315,0.5324758887290955,300,0.15994971664622426,0,0
20,300,2,A,0,1,1,9.30138111114502,0.09957268834114075,0.43075716495513916,300,0.15994971664622426,0,0
20,300,2,A,0,1,2,9.509711265563965,0.8082500696182251,0.4366050660610199,300,0.15994971664622426,0,0
20,300,2,A,0,1,3,10.085358619689941,0.6397844552993774,0.47762808203697205,300,0.15994971664622426,0,0
20,300,2,A,1,0,0,14.108827590942383,4.33396577835083,0.5143636465072632,300,0.16806050390005112,0,0
20,300,2,A,1,0,1,12.53827953338623,3.351755380630493,0.4687719941139221,300,0.16806050390005112,0,0
20,300,2,A,1,0,2,11.353808403015137,2.8810009956359863,0.4145570993423462,300,0.16806050390005112,0,0
20,300,2,A,1,0,3,10.700164794921875,2.532527208328247,0.4144081175327301,300,0.16806050390005112,0,0
20,300,2,A,1,1,0,4.537968635559082,0.22260063886642456,0.4510307013988495,300,0.16888263914734125,0,0
20,300,2,A,1,1,1,3.966437578201294,0.29679620265960693,0.4125225245952606,300,0.16888263914734125,0,0
20,300,2,A,1,1,2,6.827901840209961,0.2608565092086792,0.5313313007354736,300,0.16888263914734125,0,0
20,300,2,A,1,1,3,5.098812103271484,-0.028740644454956055,0.5420162081718445,300,0.16888263914734125,0,0
20,300,2,A,2,0,0,11.329084396362305,0.9537726640701294,0.4276718199253082,300,0.1512193251401186,0,0
20,300,2,A,2,0,1,12.832437515258789,1.5402532815933228,0.4318182170391083,300,0.1512193251401186,0,0
20,300,2,A,2,0,2,11.705644607543945,1.4721758365631104,0.481722354888916,300,0.1512193251401186,0,0
20,300,2,A,2,0,3,13.666425704956055,0.7530543804168701,0.5013106465339661,300,0.1512193251401186,0,0
20,300,2,A,2,1,0,7.616372585296631,-0.4478018283843994,0.4264501929283142,300,0.1445979466661811,0,0
20,300,2,A,2,1,1,5.684296131134033,-0.4861152172088623,0.33665764331817627,300,0.1445979466661811,0,0
20,300,2,A,2,1,2,8.090076446533203,-0.7876887917518616,0.45462048053741455,300,0.1445979466661811,0,0
20,300,2,A,2,1,3,5.809021949768066,-0.7205767631530762,0.34329935908317566,300,0.1445979466661811,0,0
20,300,2,A,3,0,0,31.34212875366211,6.189256191253662,0.3633127808570862,300,0.16927583422511816,0,0
20,300,2,A,3,0,1,30.834346771240234,3.7382566928863525,0.36578479409217834,300,0.16927583422511816,0,0
20,300,2,A,3,0,2,34.11967086791992,4.048697471618652,0.4549754858016968,300,0.16927583422511816,0,0
20,300,2,A,3,0,3,24.64101791381836,3.5290932655334473,0.31356877088546753,300,0.16927583422511816,0,0
20,300,2,A,3,1,0,14.17695140838623,0.582067608833313,0.21764183044433594,300,0.18274163408204913,0,0
20,300,2,A,3,1,1,10.868550300598145,1.2572648525238037,0.2253647744655609,300,0.18274163408204913,0,0
20,300,2,A,3,1,2,13.00742244720459,1.2866415977478027,0.259711354970932,300,0.18274163408204913,0,0
20,300,2,A,3,1,3,18.347496032714844,0.48116302490234375,0.324256032705307,300,0.18274163408204913,0,0
20,300,2,A,4,0,0,11.664019584655762,3.857062578201294,0.24399666488170624,300,0.16453190194442868,0,0
20,300,2,A,4,0,1,11.101280212402344,3.532808303833008,0.21644458174705505,300,0.16453190194442868,0,0
20,300,2,A,4,0,2,17.411903381347656,3.4664306640625,0.36352911591529846,300,0.16453190194442868,0,0
20,300,2,A,4,0,3,16.005491256713867,4.147150039672852,0.28880682587623596,300,0.16453190194442868,0,0
20,300,2,A,4,1,0,4.298184394836426,-1.1790673732757568,0.31289684772491455,300,0.1709743132814765,0,0
20,300,2,A,4,1,1,7.973040580749512,-1.0840320587158203,0.46476542949676514,300,0.1709743132814765,0,0
20,300,2,A,4,1,2,5.459632873535156,-1.0212535858154297,0.3777411878108978,300,0.1709743132814765,0,0
20,300,2,A,4,1,3,6.959650039672852,-0.5348403453826904,0.33428189158439636,300,0.1709743132814765,0,0
20,300,2,A,5,0,0,8.26202392578125,2.1669626235961914,0.41306132078170776,300,0.17742454120889306,0,0
20,300,2,A,5,0,1,7.465131759643555,2.8558645248413086,0.3087157607078552,300,0.17742454120889306,0,0
20,300,2,A,5,0,2,9.499939918518066,2.2798666954040527,0.4536837339401245,300,0.17742454120889306,0,0
20,300,2,A,5,0,3,8.96641731262207,2.327430009841919,0.3629136383533478,300,0.17742454120889306,0,0
20,300,2,A,5,1,0,15.990455627441406,0.632441520690918,0.3765251338481903,300,0.18556235637515783,0,0
20,300,2,A,5,1,1,12.651693344116211,0.24177563190460205,0.3435407876968384,300,0.18556235637515783,0,0
20,300,2,A,5,1,2,9.445605278015137,-0.04456222057342529,0.2824358642101288,300,0.18556235637515783,0,0
20,300,2,A,5,1,3,16.38580894470215,-0.22083330154418945,0.39094895124435425,300,0.18556235637515783,0,0
20,300,2,A,6,0,0,26.61004066467285,1.795576810836792,0.2400108277797699,300,0.17565726023167372,0,0
20,300,2,A,6,0,1,31.679576873779297,1.2533917427062988,0.26131099462509155,300,0.17565726023167372,0,0
20,300,2,A,6,0,2,40.66617202758789,1.815377950668335,0.3165961802005768,300,0.17565726023167372,0,0
20,300,2,A,6,0,3,32.44700241088867,1.8979706764221191,0.2775809168815613,300,0.17565726023167372,0,0
20,300,2,A,6,1,0,18.161739349365234,2.8093061447143555,0.1680319607257843,300,0.18096208618953824,0,0
20,300,2,A,6,1,1,22.529438018798828,2.647035598754883,0.20459812879562378,300,0.18096208618953824,0,0
20,300,2,A,6,1,2,26.499223709106445,3.202425003051758,0.2566138207912445,300,0.18096208618953824,0,0
20,300,2,A,6,1,3,30.976787567138672,3.65928316116333,0.241383895277977,300,0.18096208618953824,0,0
20,300,2,A,7,0,0,13.433576583862305,2.2707552909851074,0.21575474739074707,300,0.180202454328537,0,0
20,300,2,A,7,0,1,17.93805694580078,2.4478631019592285,0.29311466217041016,300,0.180202454328537,0,0
20,300,2,A,7,0,2,14.884125709533691,2.3795692920684814,0.2143961787223816,300,0.180202454328537,0,0
20,300,2,A,7,0,3,9.677839279174805,2.8010218143463135,0.13874495029449463,300,0.180202454328537,0,0
20,300,2,A,7,1,0,21.719783782958984,1.8756842613220215,0.40097546577453613,300,0.15630231238901615,0,0
20,300,2,A,7,1,1,12.011616706848145,1.4475376605987549,0.23722432553768158,300,0.15630231238901615,0,0
20,300,2,A,7,1,2,13.937983512878418,1.149017572402954,0.24893708527088165,300,0.15630231238901615,0,0
20,300,2,A,7,1,3,14.306577682495117,1.663033366203308,0.28200840950012207,300,0.15630231238901615,0,0
20,300,2,A,8,0,0,4.504683017730713,1.0341057777404785,0.08873499929904938,300,0.15649517625570297,0,0
20,300,2,A,8,0,1,10.148760795593262,1.183304786682129,0.19027112424373627,300,0.15649517625570297,0,0
20,300,2,A,8,0,2,6.569416522979736,1.2184427976608276,0.14738312363624573,300,0.15649517625570297,0,0
20,300,2,A,8,0,3,12.305617332458496,1.280236840248108,0.25679537653923035,300,0.15649517625570297,0,0
20,300,2,A,8,1,0,14.925996780395508,2.8151512145996094,0.26630672812461853,300,0.16393239377066493,0,0
20,300,2,A,8,1,1,9.749479293823242,2.5576369762420654,0.2025863230228424,300,0.16393239377066493,0,0
20,300,2,A,8,1,2,8.042329788208008,3.3598203659057617,0.11451002955436707,300,0.16393239377066493,0,0
20,300,2,A,8,1,3,11.234466552734375,2.7409138679504395,0.22747281193733215,300,0.16393239377066493,0,0
20,300,2,A,9,0,0,9.22131061553955,2.6386983394622803,0.2519204914569855,300,0.1436566631309688,0,0
20,300,2,A,9,0,1,12.14574146270752,2.3485357761383057,0.2745678722858429,300,0.1436566631309688,0,0
20,300,2,A,9,0,2,13.052593231201172,2.998661518096924,0.26917678117752075,300,0.1436566631309688,0,0
20,300,2,A,9,0,3,9.039137840270996,2.9555001258850098,0.1910868138074875,300,0.1436566631309688,0,0
20,300,2,A,9,1,0,15.779260635375977,3.1099748611450195,0.25958719849586487,300,0.16982153663411736,0,0
20,300,2,A,9,1,1,10.593145370483398,3.4933688640594482,0.16441671550273895,300,0.16982153663411736,0,0
20,300,2,A,9,1,2,19.884187698364258,2.386554479598999,0.3286803662776947,300,0.16982153663411736,0,0
20,300,2,A,9,1,3,11.103632926940918,2.849377393722534,0.19876931607723236,300,0.16982153663411736,0,0
20,300,2,A,10,0,0,19.882137298583984,1.632983684539795,0.3407959043979645,300,0.18537174817174673,0,0
20,300,2,A,10,0,1,15.620132446289062,0.6882097721099854,0.2837292551994324,300,0.18537174817174673,0,0
20,300,2,A,10,0,2,14.99620246887207,1.4484965801239014,0.2880440354347229,300,0.18537174817174673,0,0
20,300,2,A,10,0,3,23.970731735229492,1.1363489627838135,0.4030059576034546,300,0.18537174817174673,0,0
20,300,2,A,10,1,0,9.671875953674316,0.2606625556945801,0.28692755103111267,300,0.13273958396166563,0,0
20,300,2,A,10,1,1,5.6640119552612305,0.2977309226989746,0.1716354936361313,300,0.13273958396166563,0,0
20,300,2,A,10,1,2,8.702988624572754,0.04528987407684326,0.2912001311779022,300,0.13273958396166563,0,0
20,300,2,A,10,1,3,8.646261215209961,-0.08124160766601562,0.2954721748828888,300,0.13273958396166563,0,0
20,300,2,A,11,0,0,1.8871660232543945,-1.162577509880066,0.3175121247768402,300,0.1771191586740315,0,0
20,300,2,A,11,0,1,2.0852367877960205,-1.0865325927734375,0.32857537269592285,300,0.1771191586740315,0,0
20,300,2,A,11,0,2,0.5133988857269287,-1.034469485282898,0.19501231610774994,300,0.1771191586740315,0,0
20,300,2,A,11,0,3,1.0959296226501465,-1.0174000263214111,0.2603834271430969,300,0.1771191586740315,0,0
20,300,2,A,11,1,0,3.719280242919922,0.23984670639038086,0.19209614396095276,300,0.1455986280925572,0,0
20,300,2,A,11,1,1,6.505157470703125,0.5148112773895264,0.31055310368537903,300,0.1455986280925572,0,0
20,300,2,A,11,1,2,5.182920932769775,-0.11641943454742432,0.2890278697013855,300,0.1455986280925572,0,0
20,300,2,A,11,1,3,9.371870994567871,0.8029932975769043,0.41033390164375305,300,0.1455986280925572,0,0
20,300,2,A,12,0,0,-0.6429194808006287,-1.307453989982605,0.6884861588478088,300,0.14125664997845888,0,0
20,300,2,A,12,0,1,-0.7491077184677124,-1.3529280424118042,0.6640105843544006,300,0.14125664997845888,0,0
20,300,2,A,12,0,2,-0.8350474238395691,-1.3586560487747192,0.6311952471733093,300,0.14125664997845888,0,0
20,300,2,A,12,0,3,-0.6939939260482788,-1.3332974910736084,0.671615481376648,300,0.14125664997845888,0,0
20,300,2,A,12,1,0,1.7988674640655518,-1.0645692348480225,0.6497516632080078,300,0.1464641378261149,0,0
20,300,2,A,12,1,1,1.7945311069488525,-0.07611370086669922,0.5817804336547852,300,0.1464641378261149,0,0
20,300,2,A,12,1,2,2.194581985473633,-0.836252748966217,0.7219583988189697,300,0.1464641378261149,0,0
20,300,2,A,12,1,3,1.7932298183441162,-0.6744710206985474,0.6570483446121216,300,0.1464641378261149,0,0
20,300,2,A,13,0,0,3.61972975730896,2.42020320892334,0.5624425411224365,300,0.1532824682071805,0,0
20,300,2,A,13,0,1,4.0512285232543945,2.3609352111816406,0.6278296113014221,300,0.1532824682071805,0,0
20,300,2,A,13,0,2,3.6137566566467285,2.5930984020233154,0.5116698741912842,300,0.1532824682071805,0,0
20,300,2,A,13,0,3,3.6141934394836426,2.331012725830078,0.5382639169692993,300,0.1532824682071805,0,0
20,300,2,A,13,1,0,2.058302402496338,1.6702523231506348,0.42330074310302734,300,0.20047046383842826,0,0
20,300,2,A,13,1,1,2.174447536468506,1.551117181777954,0.5372786521911621,300,0.20047046383842826,0,0
20,300,2,A,13,1,2,2.2043166160583496,1.4530062675476074,0.6373418569564819,300,0.20047046383842826,0,0
20,300,2,A,13,1,3,2.1594924926757812,1.6144957542419434,0.5362879037857056,300,0.20047046383842826,0,0
20,300,2,A,14,0,0,4.856734275817871,2.772141456604004,0.5129303932189941,300,0.14830259792506695,0,0
20,300,2,A,14,0,1,4.970536231994629,2.736762523651123,0.5154109597206116,300,0.14830259792506695,0,0
20,300,2,A,14,0,2,4.046027183532715,2.6446847915649414,0.3860280513763428,300,0.14830259792506695,0,0
20,300,2,A,14,0,3,4.469343185424805,2.5953822135925293,0.4792588949203491,300,0.14830259792506695,0,0
20,300,2,A,14,1,0,-0.19248437881469727,-0.6245003938674927,0.2693207561969757,300,0.16614571632817388,0,0
20,300,2,A,14,1,1,0.1011422872543335,-1.1486347913742065,0.569984495639801,300,0.16614571632817388,0,0
20,300,2,A,14,1,2,-0.03319978713989258,-0.7290728688240051,0.4069734811782837,300,0.16614571632817388,0,0
20,300,2,A,14,1,3,-0.13625431060791016,-1.0820612907409668,0.47497785091400146,300,0.16614571632817388,0,0
20,300,2,A,15,0,0,0.16026026010513306,-3.0012269020080566,0.8208866119384766,300,0.1558833927847445,0,0
20,300,2,A,15,0,1,0.36825597286224365,-2.256254196166992,0.7970120310783386,300,0.1558833927847445,0,0
20,300,2,A,15,0,2,0.1191205382347107,-2.79508900642395,0.8323780298233032,300,0.1558833927847445,0,0
20,300,2,A,15,0,3,-0.06006801128387451,-3.1294991970062256,0.8263041377067566,300,0.1558833927847445,0,0
20,300,2,A,15,1,0,0.36202651262283325,-1.0897154808044434,0.8539195656776428,300,0.16280831769108772,0,0
20,300,2,A,15,1,1,0.39238953590393066,-1.0451526641845703,0.8373815417289734,300,0.16280831769108772,0,0
20,300,2,A,15,1,2,0.2556845545768738,-1.0299543142318726,0.8309363722801208,300,0.16280831769108772,0,0
20,300,2,A,15,1,3,0.08024144172668457,-1.1457436084747314,0.7906221747398376,300,0.16280831769108772,0,0
20,300,2,A,16,0,0,-0.428364634513855,-1.6290948390960693,0.7632798552513123,300,0.15657338267192245,0,0
20,300,2,A,16,0,1,-0.8307321667671204,-1.735552191734314,0.7362550497055054,300,0.15657338267192245,0,0
20,300,2,A,16,0,2,-0.688959002494812,-1.6111280918121338,0.7099369168281555,300,0.15657338267192245,0,0
20,300,2,A,16,0,3,-0.5822317600250244,-1.5362063646316528,0.7306733131408691,300,0.15657338267192245,0,0
20,300,2,A,16,1,0,-1.700178623199463,-2.1129581928253174,0.7179176807403564,300,0.17589419661089778,0,0
20,300,2,A,16,1,1,-1.65159010887146,-2.179041624069214,0.7871890664100647,300,0.17589419661089778,0,0
20,300,2,A,16,1,2,-1.6830289363861084,-2.077631950378418,0.7313960790634155,300,0.17589419661089778,0,0
20,300,2,A,16,1,3,-1.6808348894119263,-2.0099596977233887,0.686141848564148,300,0.17589419661089778,0,0
20,300,2,A,17,0,0,1.1177902221679688,0.7950008511543274,0.6426023840904236,300,0.15168169606477022,0,0
20,300,2,A,17,0,1,1.15616774559021,0.7156615257263184,0.7172719836235046,300,0.15168169606477022,0,0
20,300,2,A,17,0,2,1.162825107574463,0.7182538509368896,0.7122998237609863,300,0.15168169606477022,0,0
20,300,2,A,17,0,3,1.1393401622772217,0.732561469078064,0.680884838104248,300,0.15168169606477022,0,0
20,300,2,A,17,1,0,-0.0437244176864624,-2.0499095916748047,0.63260817527771,300,0.15748143708333373,0,0
20,300,2,A,17,1,1,0.282055139541626,-2.0562872886657715,0.7374060750007629,300,0.15748143708333373,0,0
20,300,2,A,17,1,2,0.06983470916748047,-2.2384653091430664,0.6902182102203369,300,0.15748143708333373,0,0
20,300,2,A,17,1,3,0.31808435916900635,-2.4831554889678955,0.7502627372741699,300,0.15748143708333373,0,0
20,300,2,A,18,0,0,1.0592721700668335,-1.2615675926208496,0.4638723134994507,300,0.17250345088541508,0,0
20,300,2,A,18,0,1,1.547012448310852,-0.9628588557243347,0.5081619024276733,300,0.17250345088541508,0,0
20,300,2,A,18,0,2,1.0097144842147827,-1.1366815567016602,0.4455430507659912,300,0.17250345088541508,0,0
20,300,2,A,18,0,3,0.684126615524292,-1.0673718452453613,0.4028760492801666,300,0.17250345088541508,0,0
20,300,2,A,18,1,0,0.945274829864502,-0.2983033061027527,0.49614620208740234,300,0.17821288900449872,0,0
20,300,2,A,18,1,1,0.6483034491539001,-0.4301310181617737,0.4584134817123413,300,0.17821288900449872,0,0
20,300,2,A,18,1,2,0.7073157429695129,-0.2571898102760315,0.37983113527297974,300,0.17821288900449872,0,0
20,300,2,A,18,1,3,0.9857264757156372,-0.27703922986984253,0.4412376582622528,300,0.17821288900449872,0,0
20,300,2,A,19,0,0,5.884248733520508,-0.03611910343170166,0.41361233592033386,300,0.16204946814104915,0,0
20,300,2,A,19,0,1,6.482381820678711,-0.2406761646270752,0.48402002453804016,300,0.16204946814104915,0,0
20,300,2,A,19,0,2,3.8034849166870117,-0.07895016670227051,0.35538336634635925,300,0.16204946814104915,0,0
20,300,2,A,19,0,3,5.20123291015625,0.7725116014480591,0.3620769679546356,300,0.16204946814104915,0,0
20,300,2,A,19,1,0,9.659049987792969,0.17350482940673828,0.559539258480072,300,0.1514185443520546,0,0
20,300,2,A,19,1,1,6.938770771026611,0.8101818561553955,0.4001654088497162,300,0.1514185443520546,0,0
20,300,2,A,19,1,2,8.370745658874512,0.5191004276275635,0.46328479051589966,300,0.1514185443520546,0,0
20,300,2,A,19,1,3,8.03619384765625,0.06246662139892578,0.48249655961990356,300,0.1514185443520546,0,0
20,300,2,A,20,0,0,3.311030387878418,0.16320621967315674,0.44836392998695374,300,0.14703923603519797,0,0
20,300,2,A,20,0,1,3.242724895477295,0.6841403245925903,0.3918578028678894,300,0.14703923603519797,0,0
20,300,2,A,20,0,2,2.6527583599090576,0.5669467449188232,0.34538283944129944,300,0.14703923603519797,0,0
20,300,2,A,20,0,3,2.4516329765319824,0.7710225582122803,0.30433693528175354,300,0.14703923603519797,0,0
20,300,2,A,20,1,0,1.6023926734924316,-2.6121668815612793,0.4529481530189514,300,0.16685814410448074,0,0
20,300,2,A,20,1,1,1.1889114379882812,-2.5679194927215576,0.39332398772239685,300,0.16685814410448074,0,0
20,300,2,A,20,1,2,2.9901373386383057,-2.4366683959960938,0.4370330274105072,300,0.16685814410448074,0,0
20,300,2,A,20,1,3,1.3809013366699219,-2.600475788116455,0.429262638092041,300,0.16685814410448074,0,0
20,300,2,A,21,0,0,0.46212494373321533,-1.1633920669555664,0.6451902985572815,300,0.16735202632844448,0,0
20,300,2,A,21,0,1,0.15289413928985596,-0.9252982139587402,0.5610901117324829,300,0.16735202632844448,0,0
20,300,2,A,21,0,2,1.0212726593017578,-0.8240143060684204,0.6856040358543396,300,0.16735202632844448,0,0
20,300,2,A,21,0,3,0.4810326099395752,-0.9510610103607178,0.5846168994903564,300,0.16735202632844448,0,0
20,300,2,A,21,1,0,3.716449737548828,2.219022750854492,0.7072867155075073,300,0.1586107392795384,0,0
20,300,2,A,21,1,1,3.26900053024292,2.0027341842651367,0.6415711641311646,300,0.1586107392795384,0,0
20,300,2,A,21,1,2,3.6735219955444336,2.033079147338867,0.6961197853088379,300,0.1586107392795384,0,0
20,300,2,A,21,1,3,2.978513240814209,2.160810708999634,0.517640233039856,300,0.1586107392795384,0,0
20,300,2,A,22,0,0,0.03083980083465576,-0.7167055606842041,0.596147358417511,300,0.1709046089090407,0,0
20,300,2,A,22,0,1,-0.050605952739715576,-0.7331778407096863,0.600726842880249,300,0.1709046089090407,0,0
20,300,2,A,22,0,2,0.06752771139144897,-0.6733373999595642,0.6275623440742493,300,0.1709046089090407,0,0
20,300,2,A,22,0,3,0.24607670307159424,-0.7697373628616333,0.701710045337677,300,0.1709046089090407,0,0
20,300,2,A,22,1,0,3.0932068824768066,-0.08452162146568298,0.6642829179763794,300,0.1594224637374282,0,0
20,300,2,A,22,1,1,2.769551992416382,-0.19585686922073364,0.6486673951148987,300,0.1594224637374282,0,0
20,300,2,A,22,1,2,2.637209892272949,-0.05549830198287964,0.6204863786697388,300,0.1594224637374282,0,0
20,300,2,A,22,1,3,2.8790688514709473,0.04728293418884277,0.6114791631698608,300,0.1594224637374282,0,0
20,300,2,A,23,0,0,3.1784818172454834,1.9563075304031372,0.5588443875312805,300,0.15333610400557518,0,0
20,300,2,A,23,0,1,2.639061212539673,1.9435786008834839,0.4525459110736847,300,0.15333610400557518,0,0
20,300,2,A,23,0,2,3.1238057613372803,1.9352329969406128,0.5154334306716919,300,0.15333610400557518,0,0
20,300,2,A,23,0,3,3.1010241508483887,1.9803240299224854,0.5048246383666992,300,0.15333610400557518,0,0
20,300,2,A,23,1,0,2.1201882362365723,0.5714255571365356,0.5727978944778442,300,0.15153399109840393,0,0
20,300,2,A,23,1,1,2.3148772716522217,0.8229063749313354,0.5835748314857483,300,0.15153399109840393,0,0
20,300,2,A,23,1,2,1.8283836841583252,0.6696711182594299,0.46561968326568604,300,0.15153399109840393,0,0
20,300,2,A,23,1,3,1.9414035081863403,0.4917755126953125,0.5291113257408142,300,0.15153399109840393,0,0
20,300,2,A,24,0,0,7.536741256713867,2.5041604042053223,0.25498032569885254,300,0.18424068298190832,0,0
20,300,2,A,24,0,1,6.957164764404297,2.3267576694488525,0.25354623794555664,300,0.18424068298190832,0,0
20,300,2,A,24,0,2,7.454995155334473,2.236609935760498,0.2842392325401306,300,0.18424068298190832,0,0
20,300,2,A,24,0,3,5.857394218444824,2.289698839187622,0.21537092328071594,300,0.18424068298190832,0,0
20,300,2,A,24,1,0,4.170969009399414,-0.4836997389793396,0.3306001126766205,300,0.1578512447886169,0,0
20,300,2,A,24,1,1,3.1101577281951904,-0.5697948336601257,0.30692222714424133,300,0.1578512447886169,0,0
20,300,2,A,24,1,2,2.754803419113159,-0.5649440884590149,0.2860965430736542,300,0.1578512447886169,0,0
20,300,2,A,24,1,3,4.859530448913574,0.08789253234863281,0.3439503610134125,300,0.1578512447886169,0,0
20,300,2,A,25,0,0,3.3367128372192383,0.7166754603385925,0.27075475454330444,300,0.1738162823021412,0,0
20,300,2,A,25,0,1,4.068171977996826,0.9388428926467896,0.2947174906730652,300,0.1738162823021412,0,0
20,300,2,A,25,0,2,3.6948890686035156,0.6586408615112305,0.2980751395225525,300,0.1738162823021412,0,0
20,300,2,A,25,0,3,2.6363768577575684,0.6089091897010803,0.20673030614852905,300,0.1738162823021412,0,0
20,300,2,A,25,1,0,15.610319137573242,3.2556350231170654,0.416988730430603,300,0.15657721925526857,0,0
20,300,2,A,25,1,1,12.766303062438965,3.539566993713379,0.34416329860687256,300,0.15657721925526857,0,0
20,300,2,A,25,1,2,12.769890785217285,2.862471342086792,0.3786979019641876,300,0.15657721925526857,0,0
20,300,2,A,25,1,3,13.68411922454834,3.1259207725524902,0.39525434374809265,300,0.15657721925526857,0,0
20,300,2,A,26,0,0,4.9614458084106445,2.104390859603882,0.35990723967552185,300,0.17729478795081377,0,0
20,300,2,A,26,0,1,4.402622699737549,2.2734885215759277,0.27308037877082825,300,0.17729478795081377,0,0
20,300,2,A,26,0,2,4.670346260070801,2.322291851043701,0.28478845953941345,300,0.17729478795081377,0,0
20,300,2,A,26,0,3,4.915213584899902,2.384942054748535,0.3388071358203888,300,0.17729478795081377,0,0
20,300,2,A,26,1,0,3.215507745742798,0.37628722190856934,0.25658759474754333,300,0.14271220890805125,0,0
20,300,2,A,26,1,1,3.2463724613189697,0.32713037729263306,0.30613890290260315,300,0.14271220890805125,0,0
20,300,2,A,26,1,2,4.035042762756348,0.4293225407600403,0.34539294242858887,300,0.14271220890805125,0,0
20,300,2,A,26,1,3,4.174732685089111,0.2968135476112366,0.297021746635437,300,0.14271220890805125,0,0
20,300,2,A,27,0,0,8.455286026000977,1.1961838006973267,0.39308926463127136,300,0.157985411118716,0,0
20,300,2,A,27,0,1,6.1298675537109375,1.201825499534607,0.262737900018692,300,0.157985411118716,0,0
20,300,2,A,27,0,2,8.379063606262207,1.0473871231079102,0.36144599318504333,300,0.157985411118716,0,0
20,300,2,A,27,0,3,6.290949821472168,1.3583945035934448,0.22671911120414734,300,0.157985411118716,0,0
20,300,2,A,27,1,0,35.09771728515625,4.598733901977539,0.3529833257198334,300,0.1548286033794284,0,0
20,300,2,A,27,1,1,15.824234962463379,4.894783020019531,0.1612703949213028,300,0.1548286033794284,0,0
20,300,2,A,27,1,2,17.342388153076172,5.7760820388793945,0.16376599669456482,300,0.1548286033794284,0,0
20,300,2,A,27,1,3,31.87176513671875,4.553563117980957,0.36446014046669006,300,0.1548286033794284,0,0
20,300,2,A,28,0,0,13.597496032714844,2.6797826290130615,0.410928338766098,300,0.1691256519407034,0,0
20,300,2,A,28,0,1,14.634281158447266,2.9496564865112305,0.32933783531188965,300,0.1691256519407034,0,0
20,300,2,A,28,0,2,8.162862777709961,3.3655223846435547,0.2252236157655716,300,0.1691256519407034,0,0
20,300,2,A,28,0,3,11.917947769165039,2.8711225986480713,0.3404482305049896,300,0.1691256519407034,0,0
20,300,2,A,28,1,0,16.721824645996094,0.9531126022338867,0.29183128476142883,300,0.14743312075734138,0,0
20,300,2,A,28,1,1,12.063434600830078,1.5881989002227783,0.2677602767944336,300,0.14743312075734138,0,0
20,300,2,A,28,1,2,16.14695930480957,0.5891172885894775,0.3520764410495758,300,0.14743312075734138,0,0
20,300,2,A,28,1,3,19.622005462646484,0.6520055532455444,0.40295884013175964,300,0.14743312075734138,0,0
20,300,2,A,29,0,0,4.0412797927856445,1.7855477333068848,0.22653809189796448,300,0.18264720868319273,0,0
20,300,2,A,29,0,1,4.44003963470459,1.9531313180923462,0.28991949558258057,300,0.18264720868319273,0,0
20,300,2,A,29,0,2,4.409505844116211,1.968003273010254,0.2786441147327423,300,0.18264720868319273,0,0
20,300,2,A,29,0,3,5.632015228271484,2.006408214569092,0.3238678574562073,300,0.18264720868319273,0,0
20,300,2,A,29,1,0,24.078847885131836,1.6547576189041138,0.3930560052394867,300,0.1748597272671759,0,0
20,300,2,A,29,1,1,18.49764060974121,1.6155251264572144,0.29722005128860474,300,0.1748597272671759,0,0
20,300,2,A,29,1,2,13.89561653137207,2.6653366088867188,0.22658595442771912,300,0.1748597272671759,0,0
20,300,2,A,29,1,3,29.32299041748047,2.18650484085083,0.4047444760799408,300,0.1748597272671759,0,0
20,300,2,A,30,0,0,5.677286624908447,0.5952053666114807,0.3643418252468109,300,0.1604256029240787,0,0
20,300,2,A,30,0,1,4.888853549957275,0.9426320791244507,0.30183646082878113,300,0.1604256029240787,0,0
20,300,2,A,30,0,2,3.956131935119629,0.6784138083457947,0.25151270627975464,300,0.1604256029240787,0,0
20,300,2,A,30,0,3,6.030056476593018,1.0495498180389404,0.37407785654067993,300,0.1604256029240787,0,0
20,300,2,A,30,1,0,5.2399396896362305,0.911406397819519,0.4365319013595581,300,0.14292035903781652,0,0
20,300,2,A,30,1,1,3.3414108753204346,0.773166298866272,0.26771727204322815,300,0.14292035903781652,0,0
20,300,2,A,30,1,2,6.3470563888549805,0.915416955947876,0.443847119808197,300,0.14292035903781652,0,0
20,300,2,A,30,1,3,4.630431652069092,0.7462553977966309,0.39590179920196533,300,0.14292035903781652,0,0
20,300,2,A,31,0,0,8.91069507598877,1.5115394592285156,0.351070374250412,300,0.17500275280326605,0,0
20,300,2,A,31,0,1,6.062234878540039,0.7587215900421143,0.26652613282203674,300,0.17500275280326605,0,0
20,300,2,A,31,0,2,9.36136245727539,0.4185614287853241,0.3689975440502167,300,0.17500275280326605,0,0
20,300,2,A,31,0,3,4.750014781951904,1.1879348754882812,0.22318261861801147,300,0.17500275280326605,0,0
20,300,2,A,31,1,0,1.031912088394165,-1.855678677558899,0.336460143327713,300,0.18621006608009338,0,0
20,300,2,A,31,1,1,1.4118194580078125,-2.2087934017181396,0.40947291254997253,300,0.18621006608009338,0,0
20,300,2,A,31,1,2,0.6384313106536865,-1.8400726318359375,0.2738141715526581,300,0.18621006608009338,0,0
20,300,2,A,31,1,3,1.8410489559173584,-1.9664711952209473,0.3472065031528473,300,0.18621006608009338,0,0
20,300,2,A,32,0,0,3.1538124084472656,1.7835536003112793,0.35402634739875793,300,0.15487285936251283,0,0
20,300,2,A,32,0,1,3.2380013465881348,1.7110689878463745,0.4020448625087738,300,0.15487285936251283,0,0
20,300,2,A,32,0,2,3.2275748252868652,1.797642469406128,0.35677945613861084,300,0.15487285936251283,0,0
20,300,2,A,32,0,3,3.0142459869384766,1.6011735200881958,0.35701993107795715,300,0.15487285936251283,0,0
20,300,2,A,32,1,0,0.42813873291015625,-1.2299786806106567,0.35730165243148804,300,0.17372445529326797,0,0
20,300,2,A,32,1,1,0.8264865875244141,-1.3378897905349731,0.42650389671325684,300,0.17372445529326797,0,0
20,300,2,A,32,1,2,0.05680835247039795,-1.260257363319397,0.3420336842536926,300,0.17372445529326797,0,0
20,300,2,A,32,1,3,0.44178831577301025,-1.1913899183273315,0.3616344630718231,300,0.17372445529326797,0,0
20,300,2,A,33,0,0,14.345513343811035,0.26843857765197754,0.40944039821624756,300,0.15497581288218498,0,0
20,300,2,A,33,0,1,12.549213409423828,0.1365184187889099,0.34968844056129456,300,0.15497581288218498,0,0
20,300,2,A,33,0,2,13.271303176879883,1.0203121900558472,0.37859711050987244,300,0.15497581288218498,0,0
20,300,2,A,33,0,3,10.19975471496582,0.6907882690429688,0.26633647084236145,300,0.15497581288218498,0,0
20,300,2,A,33,1,0,10.56872844696045,-0.40854382514953613,0.31169813871383667,300,0.15496634598821402,0,0
20,300,2,A,33,1,1,15.7715425491333,0.24593770503997803,0.42027512192726135,300,0.15496634598821402,0,0
20,300,2,A,33,1,2,6.4267730712890625,0.812067985534668,0.18021294474601746,300,0.15496634598821402,0,0
20,300,2,A,33,1,3,7.065814971923828,0.84893798828125,0.20390275120735168,300,0.15496634598821402,0,0
20,300,2,A,34,0,0,10.132965087890625,0.21318942308425903,0.3257627785205841,300,0.17239677114412189,0,0
20,300,2,A,34,0,1,10.871257781982422,0.7527891397476196,0.37708190083503723,300,0.17239677114412189,0,0
20,300,2,A,34,0,2,7.772588729858398,-0.13372641801834106,0.27462542057037354,300,0.17239677114412189,0,0
20,300,2,A,34,0,3,7.215791702270508,0.3337557315826416,0.2818548381328583,300,0.17239677114412189,0,0
20,300,2,A,34,1,0,12.669550895690918,-0.6382924914360046,0.3618353009223938,300,0.16686904104426503,0,0
20,300,2,A,34,1,1,12.413495063781738,-0.20649182796478271,0.33983421325683594,300,0.16686904104426503,0,0
20,300,2,A,34,1,2,12.840325355529785,-0.30479466915130615,0.4066598415374756,300,0.16686904104426503,0,0
20,300,2,A,34,1,3,11.239214897155762,-0.5109124779701233,0.40665149688720703,300,0.16686904104426503,0,0
20,300,2,A,35,0,0,10.644721984863281,1.2468336820602417,0.2760525941848755,300,0.17285059858113527,0,0
20,300,2,A,35,0,1,11.737405776977539,0.7163761258125305,0.29545462131500244,300,0.17285059858113527,0,0
20,300,2,A,35,0,2,12.874576568603516,1.0544307231903076,0.29758143424987793,300,0.17285059858113527,0,0
20,300,2,A,35,0,3,15.302297592163086,1.163866639137268,0.3352676331996918,300,0.17285059858113527,0,0
20,300,2,A,35,1,0,8.239784240722656,1.548643708229065,0.4757569134235382,300,0.1704713157378137,0,0
20,300,2,A,35,1,1,6.9686994552612305,1.4834306240081787,0.3530258536338806,300,0.1704713157378137,0,0
20,300,2,A,35,1,2,4.019465446472168,1.7778356075286865,0.18082116544246674,300,0.1704713157378137,0,0
20,300,2,A,35,1,3,5.452553749084473,1.93876314163208,0.2995362877845764,300,0.1704713157378137,0,0
20,300,-1,O,0,0,0,9.268180847167969,2.389051675796509,0.5565524101257324,300,1.1616050298325717,0,0
20,300,-1,O,0,0,1,8.467914581298828,2.4307022094726562,0.5065724849700928,300,1.1616050298325717,0,0
20,300,-1,O,0,0,2,8.411083221435547,2.0862486362457275,0.5099812746047974,300,1.1616050298325717,0,0
20,300,-1,O,0,0,3,6.892848491668701,2.3260207176208496,0.4575657844543457,300,1.1616050298325717,0,0
20,300,-1,O,0,1,0,12.757590293884277,0.043931812047958374,0.5376002192497253,300,1.084706014022231,0,0
20,300,-1,O,0,1,1,9.30138111114502,-0.04329875111579895,0.4345390498638153,300,1.084706014022231,0,0
20,300,-1,O,0,1,2,9.509711265563965,-0.04289934039115906,0.4596806466579437,300,1.084706014022231,0,0
20,300,-1,O,0,1,3,10.085358619689941,0.2441505789756775,0.4878735840320587,300,1.084706014022231,0,0
20,300,-1,O,1,0,0,14.108827590942383,2.923806667327881,0.5479103922843933,300,1.3359350156970322,0,0
20,300,-1,O,1,0,1,12.53827953338623,3.109847068786621,0.47524958848953247,300,1.3359350156970322,0,0
20,300,-1,O,1,0,2,11.353808403015137,2.9460301399230957,0.4126884341239929,300,1.3359350156970322,0,0
20,300,-1,O,1,0,3,10.700164794921875,2.848825454711914,0.4048570692539215,300,1.3359350156970322,0,0
20,300,-1,O,1,1,0,4.537968635559082,0.018587708473205566,0.4624919295310974,300,1.20494318427518,0,0
20,300,-1,O,1,1,1,3.966437578201294,-0.04193124175071716,0.43407195806503296,300,1.20494318427518,0,0
20,300,-1,O,1,1,2,6.827901840209961,0.05177515745162964,0.539127767086029,300,1.20494318427518,0,0
20,300,-1,O,1,1,3,5.098812103271484,-0.1971258521080017,0.550025463104248,300,1.20494318427518,0,0
20,300,-1,O,2,0,0,11.329084396362305,0.49779820442199707,0.4382304847240448,300,1.2357598226517439,0,0
20,300,-1,O,2,0,1,12.832437515258789,0.6351568102836609,0.45082587003707886,300,1.2357598226517439,0,0
20,300,-1,O,2,0,2,11.705644607543945,0.9425094127655029,0.4943302869796753,300,1.2357598226517439,0,0
20,300,-1,O,2,0,3,13.666425704956055,0.6486514210700989,0.5033237338066101,300,1.2357598226517439,0,0
20,300,-1,O,2,1,0,7.616372585296631,-1.0608525276184082,0.4444604218006134,300,1.247953578364104,0,0
20,300,-1,O,2,1,1,5.684296131134033,-1.0836880207061768,0.3576021194458008,300,1.247953578364104,0,0
20,300,-1,O,2,1,2,8.090076446533203,-0.9411561489105225,0.45887312293052673,300,1.247953578364104,0,0
20,300,-1,O,2,1,3,5.809021949768066,-0.478549599647522,0.3348352611064911,300,1.247953578364104,0,0
20,300,-1,O,3,0,0,31.34212875366211,4.690608024597168,0.3768030107021332,300,1.2068717451766133,0,0
20,300,-1,O,3,0,1,30.834346771240234,3.5564095973968506,0.3673378825187683,300,1.2068717451766133,0,0
20,300,-1,O,3,0,2,34.11967086791992,3.6304619312286377,0.4584026634693146,300,1.2068717451766133,0,0
20,300,-1,O,3,0,3,24.64101791381836,6.210546016693115,0.28509649634361267,300,1.2068717451766133,0,0
20,300,-1,O,3,1,0,14.17695140838623,0.5682681798934937,0.2178146243095398,300,1.3113116952590644,0,0
20,300,-1,O,3,1,1,10.868550300598145,0.09769046306610107,0.24586930871009827,300,1.3113116952590644,0,0
20,300,-1,O,3,1,2,13.00742244720459,1.2041277885437012,0.2610623836517334,300,1.3113116952590644,0,0
20,300,-1,O,3,1,3,18.347496032714844,0.46515941619873047,0.3244522213935852,300,1.3113116952590644,0,0
20,300,-1,O,4,0,0,11.664019584655762,2.72878098487854,0.2697475850582123,300,1.242574951145798,0,0
20,300,-1,O,4,0,1,11.101280212402344,2.9547677040100098,0.22918684780597687,300,1.242574951145798,0,0
20,300,-1,O,4,0,2,17.411903381347656,2.715501308441162,0.3757489323616028,300,1.242574951145798,0,0
20,300,-1,O,4,0,3,16.005491256713867,2.9239397048950195,0.30938103795051575,300,1.242574951145798,0,0
20,300,-1,O,4,1,0,4.298184394836426,-1.1764647960662842,0.31279468536376953,300,1.3832572400569916,0,0
20,300,-1,O,4,1,1,7.973040580749512,-1.1266977787017822,0.465934693813324,300,1.3832572400569916,0,0
20,300,-1,O,4,1,2,5.459632873535156,-0.9438392519950867,0.37492072582244873,300,1.3832572400569916,0,0
20,300,-1,O,4,1,3,6.959650039672852,-1.0453364849090576,0.34910282492637634,300,1.3832572400569916,0,0
20,300,-1,O,5,0,0,8.26202392578125,2.325687885284424,0.40667909383773804,300,1.3539272150956094,0,0
20,300,-1,O,5,0,1,7.465131759643555,2.264498472213745,0.335053026676178,300,1.3539272150956094,0,0
20,300,-1,O,5,0,2,9.499939918518066,2.2256858348846436,0.4555373787879944,300,1.3539272150956094,0,0
20,300,-1,O,5,0,3,8.96641731262207,2.116961717605591,0.37015998363494873,300,1.3539272150956094,0,0
20,300,-1,O,5,1,0,15.990455627441406,0.020086705684661865,0.3857468366622925,300,1.373318593017757,0,0
20,300,-1,O,5,1,1,12.651693344116211,-0.003695070743560791,0.34797152876853943,300,1.373318593017757,0,0
20,300,-1,O,5,1,2,9.445605278015137,-0.28968775272369385,0.28763270378112793,300,1.373318593017757,0,0
20,300,-1,O,5,1,3,16.38580894470215,-0.0021753311157226562,0.38779762387275696,300,1.373318593017757,0,0
20,300,-1,O,6,0,0,26.61004066467285,0.9484472274780273,0.24618728458881378,300,1.6828529508784413,0,0
20,300,-1,O,6,0,1,31.679576873779297,0.37989747524261475,0.2668112814426422,300,1.6828529508784413,0,0
20,300,-1,O,6,0,2,40.66617202758789,1.2926886081695557,0.31949469447135925,300,1.6828529508784413,0,0
20,300,-1,O,6,0,3,32.44700241088867,2.8701083660125732,0.27114275097846985,300,1.6828529508784413,0,0
20,300,-1,O,6,1,0,18.161739349365234,2.650721549987793,0.16947349905967712,300,1.6771091888658702,0,0
20,300,-1,O,6,1,1,22.529438018798828,1.7425000667572021,0.21193347871303558,300,1.6771091888658702,0,0
20,300,-1,O,6,1,2,26.499223709106445,3.8635616302490234,0.2511604428291321,300,1.6771091888658702,0,0
20,300,-1,O,6,1,3,30.976787567138672,1.6448243856430054,0.2546513080596924,300,1.6771091888658702,0,0
20,300,-1,O,7,0,0,13.433576583862305,2.1249427795410156,0.21795876324176788,300,1.5685288971289992,0,0
20,300,-1,O,7,0,1,17.93805694580078,2.7303667068481445,0.28931552171707153,300,1.5685288971289992,0,0
20,300,-1,O,7,0,2,14.884125709533691,2.2326576709747314,0.21637001633644104,300,1.5685288971289992,0,0
20,300,-1,O,7,0,3,9.677839279174805,2.9729361534118652,0.1357472836971283,300,1.5685288971289992,0,0
20,300,-1,O,7,1,0,21.719783782958984,1.5367385149002075,0.4050501585006714,300,1.601255449000746,0,0
20,300,-1,O,7,1,1,12.011616706848145,1.2238869667053223,0.24103599786758423,300,1.601255449000746,0,0
20,300,-1,O,7,1,2,13.937983512878418,1.0302586555480957,0.2506692707538605,300,1.601255449000746,0,0
20,300,-1,O,7,1,3,14.306577682495117,1.2340903282165527,0.2888126075267792,300,1.601255449000746,0,0
20,300,-1,O,8,0,0,4.504683017730713,0.7907862663269043,0.0943690687417984,300,1.601882042363286,0,0
20,300,-1,O,8,0,1,10.148760795593262,1.0792088508605957,0.19205603003501892,300,1.601882042363286,0,0
20,300,-1,O,8,0,2,6.569416522979736,0.8356344699859619,0.15627913177013397,300,1.601882042363286,0,0
20,300,-1,O,8,0,3,12.305617332458496,1.0200501680374146,0.2612721621990204,300,1.601882042363286,0,0
20,300,-1,O,8,1,0,14.925996780395508,2.370610237121582,0.2734092175960541,300,1.6259676101617515,0,0
20,300,-1,O,8,1,1,9.749479293823242,2.2153334617614746,0.21020179986953735,300,1.6259676101617515,0,0
20,300,-1,O,8,1,2,8.042329788208008,2.853757858276367,0.12533460557460785,300,1.6259676101617515,0,0
20,300,-1,O,8,1,3,11.234466552734375,2.168518543243408,0.2391366958618164,300,1.6259676101617515,0,0
20,300,-1,O,9,0,0,9.22131061553955,2.654728412628174,0.2514612674713135,300,1.5732992240227759,0,0
20,300,-1,O,9,0,1,12.14574146270752,2.323317289352417,0.27508023381233215,300,1.5732992240227759,0,0
20,300,-1,O,9,0,2,13.052593231201172,2.8310580253601074,0.2724415361881256,300,1.5732992240227759,0,0
20,300,-1,O,9,0,3,9.039137840270996,2.219790458679199,0.20935745537281036,300,1.5732992240227759,0,0
20,300,-1,O,9,1,0,15.779260635375977,2.6955666542053223,0.2658211290836334,300,1.561709376052022,0,0
20,300,-1,O,9,1,1,10.593145370483398,2.8553552627563477,0.17658281326293945,300,1.561709376052022,0,0
20,300,-1,O,9,1,2,19.884187698364258,3.2119457721710205,0.31810805201530457,300,1.561709376052022,0,0
20,300,-1,O,9,1,3,11.103632926940918,2.6892735958099365,0.20184653997421265,300,1.561709376052022,0,0
20,300,-1,O,10,0,0,19.882137298583984,0.827301025390625,0.35056716203689575,300,1.6288434299640357,0,0
20,300,-1,O,10,0,1,15.620132446289062,1.0994086265563965,0.27808865904808044,300,1.6288434299640357,0,0
20,300,-1,O,10,0,2,14.99620246887207,1.5583422183990479,0.2863773703575134,300,1.6288434299640357,0,0
20,300,-1,O,10,0,3,23.970731735229492,1.326767921447754,0.40099287033081055,300,1.6288434299640357,0,0
20,300,-1,O,10,1,0,9.671875953674316,0.05872488021850586,0.29129084944725037,300,1.566111155319959,0,0
20,300,-1,O,10,1,1,5.6640119552612305,0.1339348554611206,0.17595255374908447,300,1.566111155319959,0,0
20,300,-1,O,10,1,2,8.702988624572754,-0.03141140937805176,0.2930240035057068,300,1.566111155319959,0,0
20,300,-1,O,10,1,3,8.646261215209961,0.25412750244140625,0.2873810827732086,300,1.566111155319959,0,0
20,300,-1,O,11,0,0,1.8871660232543945,-1.0186619758605957,0.30713072419166565,300,1.4948744447901845,0,0
20,300,-1,O,11,0,1,2.0852367877960205,-1.145301342010498,0.33263829350471497,300,1.4948744447901845,0,0
20,300,-1,O,11,0,2,0.5133988857269287,-1.0134074687957764,0.19287057220935822,300,1.4948744447901845,0,0
20,300,-1,O,11,0,3,1.0959296226501465,-0.9729390144348145,0.25630947947502136,300,1.4948744447901845,0,0
20,300,-1,O,11,1,0,3.719280242919922,0.282234787940979,0.1902010440826416,300,1.5695902621373534,0,0
20,300,-1,O,11,1,1,6.505157470703125,-0.0676649808883667,0.33076202869415283,300,1.5695902621373534,0,0
20,300,-1,O,11,1,2,5.182920932769775,-0.1534128189086914,0.29045945405960083,300,1.5695902621373534,0,0
20,300,-1,O,11,1,3,9.371870994567871,0.023706793785095215,0.43154704570770264,300,1.5695902621373534,0,0
20,300,-1,O,12,0,0,-0.6429194808006287,-1.354013442993164,0.7028213143348694,300,0.8990029920823872,0,0
20,300,-1,O,12,0,1,-0.7491077184677124,-1.4067586660385132,0.6827884316444397,300,0.8990029920823872,0,0
20,300,-1,O,12,0,2,-0.8350474238395691,-1.3958830833435059,0.6470349431037903,300,0.8990029920823872,0,0
20,300,-1,O,12,0,3,-0.6939939260482788,-1.3112972974777222,0.6638462543487549,300,0.8990029920823872,0,0
20,300,-1,O,12,1,0,1.7988674640655518,-0.7751492261886597,0.6251329183578491,300,0.8958004140295088,0,0
20,300,-1,O,12,1,1,1.7945311069488525,-0.6959453821182251,0.6493714451789856,300,0.8958004140295088,0,0
20,300,-1,O,12,1,2,2.194581985473633,-0.3299109935760498,0.6838234663009644,300,0.8958004140295088,0,0
20,300,-1,O,12,1,3,1.7932298183441162,-0.5206022262573242,0.6423977017402649,300,0.8958004140295088,0,0
20,300,-1,O,13,0,0,3.61972975730896,2.045964002609253,0.6277614235877991,300,0.8434692481532693,0,0
20,300,-1,O,13,0,1,4.0512285232543945,2.5929276943206787,0.5927358269691467,300,0.8434692481532693,0,0
20,300,-1,O,13,0,2,3.6137566566467285,2.2308928966522217,0.5867137908935547,300,0.8434692481532693,0,0
20,300,-1,O,13,0,3,3.6141934394836426,2.2884745597839355,0.546358585357666,300,0.8434692481532693,0,0
20,300,-1,O,13,1,0,2.058302402496338,1.451451063156128,0.534423291683197,300,0.8991223000921309,0,0
20,300,-1,O,13,1,1,2.174447536468506,1.5478790998458862,0.5385665893554688,300,0.8991223000921309,0,0
20,300,-1,O,13,1,2,2.2043166160583496,1.4863144159317017,0.6267967820167542,300,0.8991223000921309,0,0
20,300,-1,O,13,1,3,2.1594924926757812,1.7308349609375,0.476339191198349,300,0.8991223000921309,0,0
20,300,-1,O,14,0,0,4.856734275817871,2.3100931644439697,0.5626526474952698,300,0.8683915361762047,0,0
20,300,-1,O,14,0,1,4.970536231994629,2.221815586090088,0.5668734908103943,300,0.8683915361762047,0,0
20,300,-1,O,14,0,2,4.046027183532715,2.0773873329162598,0.46900802850723267,300,0.8683915361762047,0,0
20,300,-1,O,14,0,3,4.469343185424805,1.9427640438079834,0.5537415742874146,300,0.8683915361762047,0,0
20,300,-1,O,14,1,0,-0.19248437881469727,-1.404802918434143,0.5084381699562073,300,0.8122518681921065,0,0
20,300,-1,O,14,1,1,0.1011422872543335,-1.2921013832092285,0.5963927507400513,300,0.8122518681921065,0,0
20,300,-1,O,14,1,2,-0.03319978713989258,-1.0775480270385742,0.5073719024658203,300,0.8122518681921065,0,0
20,300,-1,O,14,1,3,-0.13625431060791016,-1.104682207107544,0.480875164270401,300,0.8122518681921065,0,0
20,300,-1,O,15,0,0,0.16026026010513306,-2.945835828781128,0.8182730078697205,300,0.8769084201194346,0,0
20,300,-1,O,15,0,1,0.36825597286224365,-2.331261157989502,0.8015327453613281,300,0.8769084201194346,0,0
20,300,-1,O,15,0,2,0.1191205382347107,-3.3821516036987305,0.8564488291740417,300,0.8769084201194346,0,0
20,300,-1,O,15,0,3,-0.06006801128387451,-2.7524912357330322,0.8066840767860413,300,0.8769084201194346,0,0
20,300,-1,O,15,1,0,0.36202651262283325,-0.9439403414726257,0.8402190804481506,300,0.8122550649568439,0,0
20,300,-1,O,15,1,1,0.39238953590393066,-0.7953395247459412,0.809687614440918,300,0.8122550649568439,0,0
20,300,-1,O,15,1,2,0.2556845545768738,-0.8833757042884827,0.8132436871528625,300,0.8122550649568439,0,0
20,300,-1,O,15,1,3,0.08024144172668457,-1.1461334228515625,0.7906748056411743,300,0.8122550649568439,0,0
20,300,-1,O,16,0,0,-0.428364634513855,-1.6851407289505005,0.7714234590530396,300,0.8984804442152381,0,0
20,300,-1,O,16,0,1,-0.8307321667671204,-1.968510627746582,0.778283417224884,300,0.8984804442152381,0,0
20,300,-1,O,16,0,2,-0.688959002494812,-1.570028305053711,0.7004591822624207,300,0.8984804442152381,0,0
20,300,-1,O,16,0,3,-0.5822317600250244,-1.6387710571289062,0.750289797782898,300,0.8984804442152381,0,0
20,300,-1,O,16,1,0,-1.700178623199463,-2.0742383003234863,0.6975498795509338,300,0.9692011908628047,0,0
20,300,-1,O,16,1,1,-1.65159010887146,-2.1621975898742676,0.7817013263702393,300,0.9692011908628047,0,0
20,300,-1,O,16,1,2,-1.6830289363861084,-2.0100619792938232,0.6929395794868469,300,0.9692011908628047,0,0
20,300,-1,O,16,1,3,-1.6808348894119263,-1.9677428007125854,0.6558529138565063,300,0.9692011908628047,0,0
20,300,-1,O,17,0,0,1.1177902221679688,0.6826245784759521,0.7079408168792725,300,0.9575718538835645,0,0
20,300,-1,O,17,0,1,1.15616774559021,0.787684440612793,0.6797102093696594,300,0.9575718538835645,0,0
20,300,-1,O,17,0,2,1.162825107574463,0.7624216675758362,0.6903898119926453,300,0.9575718538835645,0,0
20,300,-1,O,17,0,3,1.1393401622772217,0.701617419719696,0.6965996623039246,300,0.9575718538835645,0,0
20,300,-1,O,17,1,0,-0.0437244176864624,-2.1365861892700195,0.6423825025558472,300,0.9255442651920021,0,0
20,300,-1,O,17,1,1,0.282055139541626,-1.5672581195831299,0.6895254850387573,300,0.9255442651920021,0,0
20,300,-1,O,17,1,2,0.06983470916748047,-1.7631369829177856,0.6388939619064331,300,0.9255442651920021,0,0
20,300,-1,O,17,1,3,0.31808435916900635,-2.9681553840637207,0.7789738178253174,300,0.9255442651920021,0,0
20,300,-1,O,18,0,0,1.0592721700668335,-1.205070972442627,0.4577491581439972,300,0.9027736666612327,0,0
20,300,-1,O,18,0,1,1.547012448310852,-1.353100299835205,0.5441766381263733,300,0.9027736666612327,0,0
20,300,-1,O,18,0,2,1.0097144842147827,-1.3782472610473633,0.47201794385910034,300,0.9027736666612327,0,0
20,300,-1,O,18,0,3,0.684126615524292,-1.2344262599945068,0.4249718189239502,300,0.9027736666612327,0,0
20,300,-1,O,18,1,0,0.945274829864502,-0.5068614482879639,0.5348502397537231,300,0.8601449141278863,0,0
20,300,-1,O,18,1,1,0.6483034491539001,-0.45915138721466064,0.46501296758651733,300,0.8601449141278863,0,0
20,300,-1,O,18,1,2,0.7073157429695129,-0.42108744382858276,0.41743260622024536,300,0.8601449141278863,0,0
20,300,-1,O,18,1,3,0.9857264757156372,-0.28996628522872925,0.44375020265579224,300,0.8601449141278863,0,0
20,300,-1,O,19,0,0,5.884248733520508,0.30754268169403076,0.3991873562335968,300,0.9040169939398766,0,0
20,300,-1,O,19,0,1,6.482381820678711,-0.14984619617462158,0.480623722076416,300,0.9040169939398766,0,0
20,300,-1,O,19,0,2,3.8034849166870117,-0.4485132694244385,0.3764761984348297,300,0.9040169939398766,0,0
20,300,-1,O,19,0,3,5.20123291015625,-0.14532756805419922,0.40660494565963745,300,0.9040169939398766,0,0
20,300,-1,O,19,1,0,9.659049987792969,0.2918025255203247,0.556443989276886,300,0.8289269250817597,0,0
20,300,-1,O,19,1,1,6.938770771026611,-0.17704415321350098,0.4364897310733795,300,0.8289269250817597,0,0
20,300,-1,O,19,1,2,8.370745658874512,0.5503506660461426,0.4622933268547058,300,0.8289269250817597,0,0
20,300,-1,O,19,1,3,8.03619384765625,0.04246807098388672,0.4831220507621765,300,0.8289269250817597,0,0
20,300,-1,O,20,0,0,3.311030387878418,-0.2775489091873169,0.48094961047172546,300,0.8604418481700122,0,0
20,300,-1,O,20,0,1,3.242724895477295,-0.1909428834915161,0.4637300968170166,300,0.8604418481700122,0,0
20,300,-1,O,20,0,2,2.6527583599090576,-0.1794205904006958,0.41738709807395935,300,0.8604418481700122,0,0
20,300,-1,O,20,0,3,2.4516329765319824,-0.2588992118835449,0.41368749737739563,300,0.8604418481700122,0,0
20,300,-1,O,20,1,0,1.6023926734924316,-2.40201997756958,0.44030749797821045,300,0.8787979646585882,0,0
20,300,-1,O,20,1,1,1.1889114379882812,-2.712512969970703,0.4023710787296295,300,0.8787979646585882,0,0
20,300,-1,O,20,1,2,2.9901373386383057,-2.494868278503418,0.43965935707092285,300,0.8787979646585882,0,0
20,300,-1,O,20,1,3,1.3809013366699219,-2.639747142791748,0.43166908621788025,300,0.8787979646585882,0,0
20,300,-1,O,21,0,0,0.46212494373321533,-1.162764310836792,0.6451018452644348,300,0.9049007371068001,0,0
20,300,-1,O,21,0,1,0.15289413928985596,-1.3521500825881958,0.6408658027648926,300,0.9049007371068001,0,0
20,300,-1,O,21,0,2,1.0212726593017578,-0.9748268127441406,0.7022859454154968,300,0.9049007371068001,0,0
20,300,-1,O,21,0,3,0.4810326099395752,-1.3270243406295776,0.6398863196372986,300,0.9049007371068001,0,0
20,300,-1,O,21,1,0,3.716449737548828,2.122206449508667,0.7200870513916016,300,0.8724325029179454,0,0
20,300,-1,O,21,1,1,3.26900053024292,2.088146209716797,0.6253584623336792,300,0.8724325029179454,0,0
20,300,-1,O,21,1,2,3.6735219955444336,1.9773321151733398,0.7031422853469849,300,0.8724325029179454,0,0
20,300,-1,O,21,1,3,2.978513240814209,2.068650960922241,0.5442302823066711,300,0.8724325029179454,0,0
20,300,-1,O,22,0,0,0.03083980083465576,-0.694803774356842,0.5889682769775391,300,0.85392637969926,0,0
20,300,-1,O,22,0,1,-0.050605952739715576,-0.778671383857727,0.6160977482795715,300,0.85392637969926,0,0
20,300,-1,O,22,0,2,0.06752771139144897,-0.687798023223877,0.6320692300796509,300,0.85392637969926,0,0
20,300,-1,O,22,0,3,0.24607670307159424,-0.7794209718704224,0.7036921381950378,300,0.85392637969926,0,0
20,300,-1,O,22,1,0,3.0932068824768066,-0.34551990032196045,0.6816520094871521,300,0.9842774169519544,0,0
20,300,-1,O,22,1,1,2.769551992416382,-0.3701847791671753,0.6615726947784424,300,0.9842774169519544,0,0
20,300,-1,O,22,1,2,2.637209892272949,-0.0032477378845214844,0.6158612370491028,300,0.9842774169519544,0,0
20,300,-1,O,22,1,3,2.8790688514709473,-0.0487731397151947,0.6193740367889404,300,0.9842774169519544,0,0
20,300,-1,O,23,0,0,3.1784818172454834,2.0294957160949707,0.5435696840286255,300,0.9025821499526501,0,0
20,300,-1,O,23,0,1,2.639061212539673,1.8147737979888916,0.49488115310668945,300,0.9025821499526501,0,0
20,300,-1,O,23,0,2,3.1238057613372803,1.8494988679885864,0.532803475856781,300,0.9025821499526501,0,0
20,300,-1,O,23,0,3,3.1010241508483887,1.9976791143417358,0.5009230375289917,300,0.9025821499526501,0,0
20,300,-1,O,23,1,0,2.1201882362365723,0.5075198411941528,0.5826616883277893,300,0.9341938560828567,0,0
20,300,-1,O,23,1,1,2.3148772716522217,0.5829421877861023,0.6193068027496338,300,0.9341938560828567,0,0
20,300,-1,O,23,1,2,1.8283836841583252,0.3998541831970215,0.5178917050361633,300,0.9341938560828567,0,0
20,300,-1,O,23,1,3,1.9414035081863403,0.4611874222755432,0.534310519695282,300,0.9341938560828567,0,0
20,300,-1,O,24,0,0,7.536741256713867,2.345078468322754,0.2609371840953827,300,0.8497715913690627,0,0
20,300,-1,O,24,0,1,6.957164764404297,2.3423361778259277,0.25290894508361816,300,0.8497715913690627,0,0
20,300,-1,O,24,0,2,7.454995155334473,2.142202377319336,0.28790104389190674,300,0.8497715913690627,0,0
20,300,-1,O,24,0,3,5.857394218444824,2.352235794067383,0.21239757537841797,300,0.8497715913690627,0,0
20,300,-1,O,24,1,0,4.170969009399414,-0.5249491930007935,0.3325555622577667,300,0.8341540768742561,0,0
20,300,-1,O,24,1,1,3.1101577281951904,-0.503373384475708,0.3030613362789154,300,0.8341540768742561,0,0
20,300,-1,O,24,1,2,2.754803419113159,-0.6743820905685425,0.2927667200565338,300,0.8341540768742561,0,0
20,300,-1,O,24,1,3,4.859530448913574,-0.2541619539260864,0.35973671078681946,300,0.8341540768742561,0,0
20,300,-1,O,25,0,0,3.3367128372192383,0.6644917726516724,0.2746662497520447,300,0.8393560410477221,0,0
20,300,-1,O,25,0,1,4.068171977996826,0.7776662707328796,0.3052632212638855,300,0.8393560410477221,0,0
20,300,-1,O,25,0,2,3.6948890686035156,0.6334502100944519,0.29980671405792236,300,0.8393560410477221,0,0
20,300,-1,O,25,0,3,2.6363768577575684,0.8104901313781738,0.19008316099643707,300,0.8393560410477221,0,0
20,300,-1,O,25,1,0,15.610319137573242,2.554011344909668,0.4304755628108978,300,0.8946024649776518,0,0
20,300,-1,O,25,1,1,12.766303062438965,3.298607110977173,0.35000544786453247,300,0.8946024649776518,0,0
20,300,-1,O,25,1,2,12.769890785217285,2.6871798038482666,0.3828331232070923,300,0.8946024649776518,0,0
20,300,-1,O,25,1,3,13.68411922454834,2.6091055870056152,0.4067325294017792,300,0.8946024649776518,0,0
20,300,-1,O,26,0,0,4.9614458084106445,2.152310609817505,0.3560198247432709,300,0.9024370927363634,0,0
20,300,-1,O,26,0,1,4.402622699737549,2.2372210025787354,0.27644604444503784,300,0.9024370927363634,0,0
20,300,-1,O,26,0,2,4.670346260070801,2.215188980102539,0.2939600646495819,300,0.9024370927363634,0,0
20,300,-1,O,26,0,3,4.915213584899902,2.2299487590789795,0.3522503972053528,300,0.9024370927363634,0,0
20,300,-1,O,26,1,0,3.215507745742798,0.18909817934036255,0.2689545154571533,300,0.8335963161662221,0,0
20,300,-1,O,26,1,1,3.2463724613189697,0.326529324054718,0.3061826527118683,300,0.8335963161662221,0,0
20,300,-1,O,26,1,2,4.035042762756348,0.10085046291351318,0.3653614819049835,300,0.8335963161662221,0,0
20,300,-1,O,26,1,3,4.174732685089111,0.2936473488807678,0.29719221591949463,300,0.8335963161662221,0,0
20,300,-1,O,27,0,0,8.455286026000977,1.1323366165161133,0.3951803743839264,300,0.8552835141308606,0,0
20,300,-1,O,27,0,1,6.1298675537109375,0.8603711724281311,0.27591946721076965,300,0.8552835141308606,0,0
20,300,-1,O,27,0,2,8.379063606262207,0.9631669521331787,0.3640863001346588,300,0.8552835141308606,0,0
20,300,-1,O,27,0,3,6.290949821472168,0.8850061893463135,0.24318644404411316,300,0.8552835141308606,0,0
20,300,-1,O,27,1,0,35.09771728515625,3.9735147953033447,0.35763153433799744,300,0.9019469381310046,0,0
20,300,-1,O,27,1,1,15.824234962463379,4.856590270996094,0.16174279153347015,300,0.9019469381310046,0,0
20,300,-1,O,27,1,2,17.342388153076172,5.270027160644531,0.16971513628959656,300,0.9019469381310046,0,0
20,300,-1,O,27,1,3,31.87176513671875,4.106773376464844,0.36822599172592163,300,0.9019469381310046,0,0
20,300,-1,O,28,0,0,13.597496032714844,2.6289985179901123,0.4120521545410156,300,0.9070335309952497,0,0
20,300,-1,O,28,0,1,14.634281158447266,2.4229049682617188,0.3391493260860443,300,0.9070335309952497,0,0
20,300,-1,O,28,0,2,8.162862777709961,2.4286580085754395,0.257865309715271,300,0.9070335309952497,0,0
20,300,-1,O,28,0,3,11.917947769165039,2.426159620285034,0.3513104021549225,300,0.9070335309952497,0,0
20,300,-1,O,28,1,0,16.721824645996094,0.18187201023101807,0.3017970025539398,300,0.8886131821200252,0,0
20,300,-1,O,28,1,1,12.063434600830078,0.7399581670761108,0.28329986333847046,300,0.8886131821200252,0,0
20,300,-1,O,28,1,2,16.14695930480957,0.9039437770843506,0.3474271297454834,300,0.8886131821200252,0,0
20,300,-1,O,28,1,3,19.622005462646484,0.48945820331573486,0.4050132632255554,300,0.8886131821200252,0,0
20,300,-1,O,29,0,0,4.0412797927856445,1.8844377994537354,0.2187795639038086,300,0.9131633760407567,0,0
20,300,-1,O,29,0,1,4.44003963470459,1.8548765182495117,0.29796090722084045,300,0.9131633760407567,0,0
20,300,-1,O,29,0,2,4.409505844116211,1.824537754058838,0.29026493430137634,300,0.9131633760407567,0,0
20,300,-1,O,29,0,3,5.632015228271484,1.8452802896499634,0.3334614932537079,300,0.9131633760407567,0,0
20,300,-1,O,29,1,0,24.078847885131836,2.0939652919769287,0.38834717869758606,300,0.8466848446987569,0,0
20,300,-1,O,29,1,1,18.49764060974121,2.6596381664276123,0.28405943512916565,300,0.8466848446987569,0,0
20,300,-1,O,29,1,2,13.89561653137207,2.160008430480957,0.23439185321331024,300,0.8466848446987569,0,0
20,300,-1,O,29,1,3,29.32299041748047,1.5598496198654175,0.41025659441947937,300,0.8466848446987569,0,0
20,300,-1,O,30,0,0,5.677286624908447,0.37101712822914124,0.37439677119255066,300,0.8686840762384236,0,0
20,300,-1,O,30,0,1,4.888853549957275,1.1308234930038452,0.29164016246795654,300,0.8686840762384236,0,0
20,300,-1,O,30,0,2,3.956131935119629,0.8195083141326904,0.2433203160762787,300,0.8686840762384236,0,0
20,300,-1,O,30,0,3,6.030056476593018,0.5192601680755615,0.3980529308319092,300,0.8686840762384236,0,0
20,300,-1,O,30,1,0,5.2399396896362305,0.6125937700271606,0.45301538705825806,300,0.9311391962692142,0,0
20,300,-1,O,30,1,1,3.3414108753204346,0.5047131776809692,0.28765159845352173,300,0.9311391962692142,0,0
20,300,-1,O,30,1,2,6.3470563888549805,0.8128587007522583,0.44846925139427185,300,0.9311391962692142,0,0
20,300,-1,O,30,1,3,4.630431652069092,0.5985479950904846,0.40486180782318115,300,0.9311391962692142,0,0
20,300,-1,O,31,0,0,8.91069507598877,0.4386330544948578,0.382504940032959,300,0.9830918191000819,0,0
20,300,-1,O,31,0,1,6.062234878540039,0.7831927537918091,0.2656230330467224,300,0.9830918191000819,0,0
20,300,-1,O,31,0,2,9.36136245727539,0.7616065740585327,0.3599376380443573,300,0.9830918191000819,0,0
20,300,-1,O,31,0,3,4.750014781951904,0.9157604575157166,0.23620766401290894,300,0.9830918191000819,0,0
20,300,-1,O,31,1,0,1.031912088394165,-2.017261266708374,0.34872204065322876,300,0.9009098429232836,0,0
20,300,-1,O,31,1,1,1.4118194580078125,-2.3121554851531982,0.41629624366760254,300,0.9009098429232836,0,0
20,300,-1,O,31,1,2,0.6384313106536865,-2.3796048164367676,0.31466373801231384,300,0.9009098429232836,0,0
20,300,-1,O,31,1,3,1.8410489559173584,-2.0226197242736816,0.35053184628486633,300,0.9009098429232836,0,0
20,300,-1,O,32,0,0,3.1538124084472656,1.7818140983581543,0.3543165326118469,300,0.9610214722342789,0,0
20,300,-1,O,32,0,1,3.2380013465881348,1.6660380363464355,0.4090515971183777,300,0.9610214722342789,0,0
20,300,-1,O,32,0,2,3.2275748252868652,1.6923236846923828,0.3732491135597229,300,0.9610214722342789,0,0
20,300,-1,O,32,0,3,3.0142459869384766,1.5551447868347168,0.36441144347190857,300,0.9610214722342789,0,0
20,300,-1,O,32,1,0,0.42813873291015625,-1.1900887489318848,0.35172930359840393,300,0.9505586987361312,0,0
20,300,-1,O,32,1,1,0.8264865875244141,-1.2332448959350586,0.41442885994911194,300,0.9505586987361312,0,0
20,300,-1,O,32,1,2,0.05680835247039795,-1.2323189973831177,0.33722493052482605,300,0.9505586987361312,0,0
20,300,-1,O,32,1,3,0.44178831577301025,-1.3823033571243286,0.38752612471580505,300,0.9505586987361312,0,0
20,300,-1,O,33,0,0,14.345513343811035,0.9080159664154053,0.39824625849723816,300,0.8682292238809168,0,0
20,300,-1,O,33,0,1,12.549213409423828,-0.007167130708694458,0.3523102104663849,300,0.8682292238809168,0,0
20,300,-1,O,33,0,2,13.271303176879883,0.2896847724914551,0.39231792092323303,300,0.8682292238809168,0,0
20,300,-1,O,33,0,3,10.19975471496582,0.33597123622894287,0.2735559344291687,300,0.8682292238809168,0,0
20,300,-1,O,33,1,0,10.56872844696045,-0.5599885582923889,0.31464532017707825,300,0.9128139652311802,0,0
20,300,-1,O,33,1,1,15.7715425491333,-0.19071924686431885,0.4270475208759308,300,0.9128139652311802,0,0
20,300,-1,O,33,1,2,6.4267730712890625,-0.3914259672164917,0.21070200204849243,300,0.9128139652311802,0,0
20,300,-1,O,33,1,3,7.065814971923828,0.11347341537475586,0.22265388071537018,300,0.9128139652311802,0,0
20,300,-1,O,34,0,0,10.132965087890625,0.045086443424224854,0.3294644057750702,300,1.0035686087794602,0,0
20,300,-1,O,34,0,1,10.871257781982422,0.4398314952850342,0.38426318764686584,300,1.0035686087794602,0,0
20,300,-1,O,34,0,2,7.772588729858398,-0.019098937511444092,0.27172571420669556,300,1.0035686087794602,0,0
20,300,-1,O,34,0,3,7.215791702270508,0.1262960433959961,0.28790515661239624,300,1.0035686087794602,0,0
20,300,-1,O,34,1,0,12.669550895690918,-0.5272426605224609,0.35990259051322937,300,1.0127723580226302,0,0
20,300,-1,O,34,1,1,12.413495063781738,-0.6475421190261841,0.34758275747299194,300,1.0127723580226302,0,0
20,300,-1,O,34,1,2,12.840325355529785,-0.5707820653915405,0.4115023910999298,300,1.0127723580226302,0,0
20,300,-1,O,34,1,3,11.239214897155762,-0.5606163740158081,0.40767040848731995,300,1.0127723580226302,0,0
20,300,-1,O,35,0,0,10.644721984863281,0.8128781914710999,0.28516456484794617,300,0.9504699530079961,0,0
20,300,-1,O,35,0,1,11.737405776977539,0.3943312168121338,0.30148521065711975,300,0.9504699530079961,0,0
20,300,-1,O,35,0,2,12.874576568603516,0.59749436378479,0.30557000637054443,300,0.9504699530079961,0,0
20,300,-1,O,35,0,3,15.302297592163086,0.8676678538322449,0.3399040102958679,300,0.9504699530079961,0,0
20,300,-1,O,35,1,0,8.239784240722656,1.7038042545318604,0.46990880370140076,300,0.9629520680755377,0,0
20,300,-1,O,35,1,1,6.9686994552612305,1.6207818984985352,0.34725573658943176,300,0.9629520680755377,0,0
20,300,-1,O,35,1,2,4.019465446472168,1.860327959060669,0.1753336489200592,300,0.9629520680755377,0,0
20,300,-1,O,35,1,3,5.452553749084473,1.8480217456817627,0.3049130141735077,300,0.9629520680755377,0,0
20,300,0,F,0,0,0,9.268180847167969,2.320397138595581,0.5590018630027771,300,1.0528233428485692,64,0
20,300,0,F,0,0,1,8.467914581298828,2.2113187313079834,0.5154914259910583,300,1.0528233428485692,72,0
20,300,0,F,0,0,2,8.411083221435547,2.164475202560425,0.5068708658218384,300,1.0528233428485692,72,0
20,300,0,F,0,0,3,6.892848491668701,2.161374092102051,0.46636882424354553,300,1.0528233428485692,77,0
20,300,0,F,0,1,0,12.757590293884277,-0.08425214886665344,0.5400930643081665,300,1.1502240309491754,85,0
20,300,0,F,0,1,1,9.30138111114502,-0.19548338651657104,0.43851256370544434,300,1.1502240309491754,92,0
20,300,0,F,0,1,2,9.509711265563965,-0.04989030957221985,0.4598623812198639,300,1.1502240309491754,78,0
20,300,0,F,0,1,3,10.085358619689941,0.008147895336151123,0.49379605054855347,300,1.1502240309491754,84,0
20,300,0,F,1,0,0,14.108827590942383,3.2113404273986816,0.5414516925811768,300,1.0704704751260579,85,0
20,300,0,F,1,0,1,12.53827953338623,2.5749146938323975,0.48902738094329834,300,1.0704704751260579,89,0
20,300,0,F,1,0,2,11.353808403015137,2.4962010383605957,0.4253758192062378,300,1.0704704751260579,83,0
20,300,0,F,1,0,3,10.700164794921875,2.330843448638916,0.42033976316452026,300,1.0704704751260579,90,0
20,300,0,F,1,1,0,4.537968635559082,-0.12780386209487915,0.47042548656463623,300,1.0843704757280648,71,0
20,300,0,F,1,1,1,3.966437578201294,-0.21373850107192993,0.4444088637828827,300,1.0843704757280648,93,0
20,300,0,F,1,1,2,6.827901840209961,-0.09625616669654846,0.5444925427436829,300,1.0843704757280648,84,0
20,300,0,F,1,1,3,5.098812103271484,-0.20797106623649597,0.550531804561615,300,1.0843704757280648,89,0
20,300,0,F,2,0,0,11.329084396362305,0.3813452124595642,0.4408649206161499,300,1.103340626694262,71,0
20,300,0,F,2,0,1,12.832437515258789,0.5539032220840454,0.45247021317481995,300,1.103340626694262,68,0
20,300,0,F,2,0,2,11.705644607543945,0.45008325576782227,0.5055137276649475,300,1.103340626694262,74,0
20,300,0,F,2,0,3,13.666425704956055,0.5192818641662598,0.5057957768440247,300,1.103340626694262,75,0
20,300,0,F,2,1,0,7.616372585296631,-1.0292794704437256,0.44356054067611694,300,1.1912807589396834,77,0
20,300,0,F,2,1,1,5.684296131134033,-1.0851750373840332,0.35765260457992554,300,1.1912807589396834,88,0
20,300,0,F,2,1,2,8.090076446533203,-1.2392939329147339,0.46694791316986084,300,1.1912807589396834,73,0
20,300,0,F,2,1,3,5.809021949768066,-0.8778473138809204,0.34868481755256653,300,1.1912807589396834,72,0
20,300,0,F,3,0,0,31.34212875366211,4.051793098449707,0.3823811113834381,300,1.1422252939082682,88,0
20,300,0,F,3,0,1,30.834346771240234,3.027263879776001,0.37181419134140015,300,1.1422252939082682,88,0
20,300,0,F,3,0,2,34.11967086791992,3.4827678203582764,0.4596026539802551,300,1.1422252939082682,90,0
20,300,0,F,3,0,3,24.64101791381836,2.558865785598755,0.32332006096839905,300,1.1422252939082682,78,0
20,300,0,F,3,1,0,14.17695140838623,-0.12275302410125732,0.22637109458446503,300,1.144375192001462,84,0
20,300,0,F,3,1,1,10.868550300598145,-0.012501001358032227,0.24776147305965424,300,1.144375192001462,88,0
20,300,0,F,3,1,2,13.00742244720459,0.24718034267425537,0.27637821435928345,300,1.144375192001462,80,0
20,300,0,F,3,1,3,18.347496032714844,-0.28594115376472473,0.3335346579551697,300,1.144375192001462,77,0
20,300,0,F,4,0,0,11.664019584655762,2.362860679626465,0.277726411819458,300,1.1065772389993072,85,0
20,300,0,F,4,0,1,11.101280212402344,2.208043336868286,0.24504666030406952,300,1.1065772389993072,73,0
20,300,0,F,4,0,2,17.411903381347656,2.402470111846924,0.3807053864002228,300,1.1065772389993072,70,0
20,300,0,F,4,0,3,16.005491256713867,2.71737003326416,0.3127385973930359,300,1.1065772389993072,71,0
20,300,0,F,4,1,0,4.298184394836426,-1.3335399627685547,0.31890714168548584,300,1.122428045142442,73,0
20,300,0,F,4,1,1,7.973040580749512,-1.3839831352233887,0.47287890315055847,300,1.122428045142442,77,0
20,300,0,F,4,1,2,5.459632873535156,-1.4568148851394653,0.3931472599506378,300,1.122428045142442,87,0
20,300,0,F,4,1,3,6.959650039672852,-1.310757040977478,0.35655084252357483,300,1.122428045142442,83,0
20,300,0,F,5,0,0,8.26202392578125,2.0519490242004395,0.4176008105278015,300,1.160361735150218,79,0
20,300,0,F,5,0,1,7.465131759643555,1.9690525531768799,0.3474733829498291,300,1.160361735150218,74,0
20,300,0,F,5,0,2,9.499939918518066,1.9971057176589966,0.4632210433483124,300,1.160361735150218,76,0
20,300,0,F,5,0,3,8.96641731262207,2.0562903881073,0.3722183108329773,300,1.160361735150218,78,0
20,300,0,F,5,1,0,15.990455627441406,-0.23880285024642944,0.38956397771835327,300,1.1233222987502813,81,0
20,300,0,F,5,1,1,12.651693344116211,-0.3398260474205017,0.35394251346588135,300,1.1233222987502813,74,0
20,300,0,F,5,1,2,9.445605278015137,-0.5207816362380981,0.2924635708332062,300,1.1233222987502813,80,0
20,300,0,F,5,1,3,16.38580894470215,-0.46163317561149597,0.3943820893764496,300,1.1233222987502813,77,0
20,300,0,F,6,0,0,26.61004066467285,0.4279736280441284,0.24993254244327545,300,1.0681239143013954,70,0
20,300,0,F,6,0,1,31.679576873779297,0.04006946086883545,0.26892906427383423,300,1.0681239143013954,76,0
20,300,0,F,6,0,2,40.66617202758789,0.7865278720855713,0.32227823138237,300,1.0681239143013954,86,0
20,300,0,F,6,0,3,32.44700241088867,0.8319129943847656,0.2845115661621094,300,1.0681239143013954,80,0
20,300,0,F,6,1,0,18.161739349365234,2.2531886100769043,0.17306526005268097,300,1.0771148661151528,67,0
20,300,0,F,6,1,1,22.529438018798828,1.5373384952545166,0.213578462600708,300,1.0771148661151528,71,0
20,300,0,F,6,1,2,26.499223709106445,2.6910603046417236,0.2607775926589966,300,1.0771148661151528,80,0
20,300,0,F,6,1,3,30.976787567138672,1.8945587873458862,0.25303179025650024,300,1.0771148661151528,74,0
20,300,0,F,7,0,0,13.433576583862305,1.9808766841888428,0.22012421488761902,300,1.1327437097206712,69,0
20,300,0,F,7,0,1,17.93805694580078,1.842719554901123,0.3011174499988556,300,1.1327437097206712,75,0
20,300,0,F,7,0,2,14.884125709533691,2.184135675430298,0.21701976656913757,300,1.1327437097206712,80,0
20,300,0,F,7,0,3,9.677839279174805,2.582015037536621,0.1425337791442871,300,1.1327437097206712,77,0
20,300,0,F,7,1,0,21.719783782958984,1.0073834657669067,0.411304235458374,300,1.06869630003348,72,0
20,300,0,F,7,1,1,12.011616706848145,0.7895703911781311,0.24833035469055176,300,1.06869630003348,78,0
20,300,0,F,7,1,2,13.937983512878418,0.8463799357414246,0.2533355951309204,300,1.06869630003348,76,0
20,300,0,F,7,1,3,14.306577682495117,1.089522123336792,0.2910768687725067,300,1.06869630003348,85,0
20,300,0,F,8,0,0,4.504683017730713,0.7955919504165649,0.09425846487283707,300,1.1379034537822008,74,0
20,300,0,F,8,0,1,10.148760795593262,0.9682376980781555,0.19395017623901367,300,1.1379034537822008,84,0
20,300,0,F,8,0,2,6.569416522979736,0.7682317495346069,0.15782630443572998,300,1.1379034537822008,73,0
20,300,0,F,8,0,3,12.305617332458496,0.6264015436172485,0.2679436504840851,300,1.1379034537822008,80,0
20,300,0,F,8,1,0,14.925996780395508,2.3938276767730713,0.273041695356369,300,1.1368254767730832,88,0
20,300,0,F,8,1,1,9.749479293823242,2.203965187072754,0.21045222878456116,300,1.1368254767730832,91,0
20,300,0,F,8,1,2,8.042329788208008,2.6751697063446045,0.12909166514873505,300,1.1368254767730832,88,0
20,300,0,F,8,1,3,11.234466552734375,2.510202169418335,0.23221683502197266,300,1.1368254767730832,75,0
20,300,0,F,9,0,0,9.22131061553955,2.5511741638183594,0.25441789627075195,300,1.109624638222158,92,0
20,300,0,F,9,0,1,12.14574146270752,2.4424638748168945,0.2726532518863678,300,1.109624638222158,81,0
20,300,0,F,9,0,2,13.052593231201172,2.7492904663085938,0.27402374148368835,300,1.109624638222158,92,0
20,300,0,F,9,0,3,9.039137840270996,2.4267637729644775,0.20430144667625427,300,1.109624638222158,77,0
20,300,0,F,9,1,0,15.779260635375977,2.9905216693878174,0.2613949775695801,300,1.1481178933754563,74,0
20,300,0,F,9,1,1,10.593145370483398,2.7172658443450928,0.17916950583457947,300,1.1481178933754563,68,0
20,300,0,F,9,1,2,19.884187698364258,2.3797032833099365,0.32876676321029663,300,1.1481178933754563,80,0
20,300,0,F,9,1,3,11.103632926940918,2.537015914916992,0.204751119017601,300,1.1481178933754563,80,0
20,300,0,F,10,0,0,19.882137298583984,0.9236438274383545,0.34941402077674866,300,1.1488793790340424,84,0
20,300,0,F,10,0,1,15.620132446289062,0.45635461807250977,0.2868710458278656,300,1.1488793790340424,87,0
20,300,0,F,10,0,2,14.99620246887207,0.6200869083404541,0.3003668189048767,300,1.1488793790340424,89,0
20,300,0,F,10,0,3,23.970731735229492,0.41066408157348633,0.4105553925037384,300,1.1488793790340424,90,0
20,300,0,F,10,1,0,9.671875953674316,-0.8980967402458191,0.3112594485282898,300,1.0882848901674151,84,0
20,300,0,F,10,1,1,5.6640119552612305,-0.4763380289077759,0.19164855778217316,300,1.0882848901674151,84,0
20,300,0,F,10,1,2,8.702988624572754,-0.5634571313858032,0.3054216802120209,300,1.0882848901674151,75,0
20,300,0,F,10,1,3,8.646261215209961,-0.7341083288192749,0.31070759892463684,300,1.0882848901674151,79,0
20,300,0,F,11,0,0,1.8871660232543945,-1.1526542901992798,0.31680628657341003,300,1.1995072471909225,75,0
20,300,0,F,11,0,1,2.0852367877960205,-1.2059171199798584,0.3367777466773987,300,1.1995072471909225,89,0
20,300,0,F,11,0,2,0.5133988857269287,-1.1892434358596802,0.2104090452194214,300,1.1995072471909225,92,0
20,300,0,F,11,0,3,1.0959296226501465,-1.1361111402511597,0.271045446395874,300,1.1995072471909225,81,0
20,300,0,F,11,1,0,3.719280242919922,-0.36784827709198,0.21832165122032166,300,1.1265941658057272,90,0
20,300,0,F,11,1,1,6.505157470703125,0.05710244178771973,0.32653358578681946,300,1.1265941658057272,91,0
20,300,0,F,11,1,2,5.182920932769775,0.023795247077941895,0.28354892134666443,300,1.1265941658057272,93,0
20,300,0,F,11,1,3,9.371870994567871,0.5286924839019775,0.4179789423942566,300,1.1265941658057272,91,0
20,300,0,F,12,0,0,-0.6429194808006287,-1.394853115081787,0.7143514156341553,300,1.1231797588989139,93,0
20,300,0,F,12,0,1,-0.7491077184677124,-1.4579637050628662,0.6988008618354797,300,1.1231797588989139,95,0
20,300,0,F,12,0,2,-0.8350474238395691,-1.4059760570526123,0.6510976552963257,300,1.1231797588989139,92,0
20,300,0,F,12,0,3,-0.6939939260482788,-1.3527438640594482,0.6781898140907288,300,1.1231797588989139,89,0
20,300,0,F,12,1,0,1.7988674640655518,-1.3639699220657349,0.6720330715179443,300,1.1201425613835454,95,0
20,300,0,F,12,1,1,1.7945311069488525,-0.6937791109085083,0.6491733193397522,300,1.1201425613835454,88,0
20,300,0,F,12,1,2,2.194581985473633,-0.9160114526748657,0.7271423935890198,300,1.1201425613835454,88,0
20,300,0,F,12,1,3,1.7932298183441162,-0.8714653849601746,0.6741401553153992,300,1.1201425613835454,88,0
20,300,0,F,13,0,0,3.61972975730896,2.283294439315796,0.5888370275497437,300,1.1518687950447202,77,0
20,300,0,F,13,0,1,4.0512285232543945,2.249640703201294,0.6426037549972534,300,1.1518687950447202,78,0
20,300,0,F,13,0,2,3.6137566566467285,2.0585737228393555,0.6148708462715149,300,1.1518687950447202,70,0
20,300,0,F,13,0,3,3.6141934394836426,2.1326704025268555,0.5737296342849731,300,1.1518687950447202,71,0
20,300,0,F,13,1,0,2.058302402496338,1.3345617055892944,0.5778761506080627,300,1.120957224164158,80,0
20,300,0,F,13,1,1,2.174447536468506,1.4168922901153564,0.5852617621421814,300,1.120957224164158,76,0
20,300,0,F,13,1,2,2.2043166160583496,1.37284255027771,0.6604335308074951,300,1.120957224164158,82,0
20,300,0,F,13,1,3,2.1594924926757812,1.368543028831482,0.6266476511955261,300,1.120957224164158,87,0
20,300,0,F,14,0,0,4.856734275817871,1.9271215200424194,0.596771240234375,300,1.0749772586859763,68,0
20,300,0,F,14,0,1,4.970536231994629,2.3786680698394775,0.5523943901062012,300,1.0749772586859763,76,0
20,300,0,F,14,0,2,4.046027183532715,1.7667183876037598,0.5056003928184509,300,1.0749772586859763,84,0
20,300,0,F,14,0,3,4.469343185424805,1.7858829498291016,0.5685752630233765,300,1.0749772586859763,81,0
20,300,0,F,14,1,0,-0.19248437881469727,-1.4312880039215088,0.5138382911682129,300,1.1098623983561993,75,0
20,300,0,F,14,1,1,0.1011422872543335,-1.1953023672103882,0.5789459943771362,300,1.1098623983561993,77,0
20,300,0,F,14,1,2,-0.03319978713989258,-1.340620517730713,0.5631985068321228,300,1.1098623983561993,74,0
20,300,0,F,14,1,3,-0.13625431060791016,-1.3699883222579956,0.5413031578063965,300,1.1098623983561993,75,0
20,300,0,F,15,0,0,0.16026026010513306,-3.655379295349121,0.8468922972679138,300,1.174584322143346,87,0
20,300,0,F,15,0,1,0.36825597286224365,-2.9790737628936768,0.8335490226745605,300,1.174584322143346,78,0
20,300,0,F,15,0,2,0.1191205382347107,-3.582042932510376,0.8631406426429749,300,1.174584322143346,91,0
20,300,0,F,15,0,3,-0.06006801128387451,-3.3989105224609375,0.8380498290061951,300,1.174584322143346,89,0
20,300,0,F,15,1,0,0.36202651262283325,-0.9652097225189209,0.8423759937286377,300,1.1180673949420452,73,0
20,300,0,F,15,1,1,0.39238953590393066,-1.2024989128112793,0.8510350584983826,300,1.1180673949420452,91,0
20,300,0,F,15,1,2,0.2556845545768738,-1.1809327602386475,0.8459670543670654,300,1.1180673949420452,90,0
20,300,0,F,15,1,3,0.08024144172668457,-1.112227201461792,0.7859966158866882,300,1.1180673949420452,93,0
20,300,0,F,16,0,0,-0.428364634513855,-2.0950777530670166,0.8173760175704956,300,1.1003103721886873,89,0
20,300,0,F,16,0,1,-0.8307321667671204,-2.169426918029785,0.805073082447052,300,1.1003103721886873,90,0
20,300,0,F,16,0,2,-0.688959002494812,-1.9216465950012207,0.7658995985984802,300,1.1003103721886873,90,0
20,300,0,F,16,0,3,-0.5822317600250244,-1.9401861429214478,0.7943158149719238,300,1.1003103721886873,91,0
20,300,0,F,16,1,0,-1.700178623199463,-2.3406519889831543,0.7979369163513184,300,1.1666485560126603,74,0
20,300,0,F,16,1,1,-1.65159010887146,-2.2405920028686523,0.8050932288169861,300,1.1666485560126603,82,0
20,300,0,F,16,1,2,-1.6830289363861084,-2.3099682331085205,0.8122484683990479,300,1.1666485560126603,94,0
20,300,0,F,16,1,3,-1.6808348894119263,-2.281702756881714,0.7996456623077393,300,1.1666485560126603,83,0
20,300,0,F,17,0,0,1.1177902221679688,0.6856311559677124,0.7065052390098572,300,1.1352672409266233,80,0
20,300,0,F,17,0,1,1.15616774559021,0.5288098454475403,0.783225417137146,300,1.1352672409266233,81,0
20,300,0,F,17,0,2,1.162825107574463,0.6412712335586548,0.7438892722129822,300,1.1352672409266233,77,0
20,300,0,F,17,0,3,1.1393401622772217,0.6267528533935547,0.728898823261261,300,1.1352672409266233,88,0
20,300,0,F,17,1,0,-0.0437244176864624,-2.9453370571136475,0.7135021090507507,300,1.1575220287777483,93,0
20,300,0,F,17,1,1,0.282055139541626,-2.6302618980407715,0.7776521444320679,300,1.1575220287777483,92,0
20,300,0,F,17,1,2,0.06983470916748047,-3.0137667655944824,0.7485185265541077,300,1.1575220287777483,90,0
20,300,0,F,17,1,3,0.31808435916900635,-2.573878288269043,0.7561870813369751,300,1.1575220287777483,92,0
20,300,0,F,18,0,0,1.0592721700668335,-1.445410966873169,0.48287421464920044,300,1.1410005618818104,84,0
20,300,0,F,18,0,1,1.547012448310852,-1.4194297790527344,0.5497800707817078,300,1.1410005618818104,84,0
20,300,0,F,18,0,2,1.0097144842147827,-1.4523428678512573,0.4796392023563385,300,1.1410005618818104,91,0
20,300,0,F,18,0,3,0.684126615524292,-1.3676469326019287,0.44145411252975464,300,1.1410005618818104,83,0
20,300,0,F,18,1,0,0.945274829864502,-0.46126607060432434,0.5269052386283875,300,1.1204590890556574,79,0
20,300,0,F,18,1,1,0.6483034491539001,-0.46663057804107666,0.4666878283023834,300,1.1204590890556574,85,0
20,300,0,F,18,1,2,0.7073157429695129,-0.4811641573905945,0.4300982654094696,300,1.1204590890556574,67,0
20,300,0,F,18,1,3,0.9857264757156372,-0.3851316273212433,0.46157389879226685,300,1.1204590890556574,88,0
20,300,0,F,19,0,0,5.884248733520508,-0.472318172454834,0.4309534728527069,300,1.0759254400618374,91,0
20,300,0,F,19,0,1,6.482381820678711,-0.9767992496490479,0.5099889039993286,300,1.0759254400618374,95,0
20,300,0,F,19,0,2,3.8034849166870117,-0.3969686031341553,0.3736175000667572,300,1.0759254400618374,94,0
20,300,0,F,19,0,3,5.20123291015625,-0.38461756706237793,0.41721054911613464,300,1.0759254400618374,94,0
20,300,0,F,19,1,0,9.659049987792969,-0.39364027976989746,0.573797881603241,300,1.1359216570854187,72,0
20,300,0,F,19,1,1,6.938770771026611,-0.540153980255127,0.4487675726413727,300,1.1359216570854187,75,0
20,300,0,F,19,1,2,8.370745658874512,-0.2892911434173584,0.4877200722694397,300,1.1359216570854187,80,0
20,300,0,F,19,1,3,8.03619384765625,-1.1671562194824219,0.5183350443840027,300,1.1359216570854187,82,0
20,300,0,F,20,0,0,3.311030387878418,-0.3126479387283325,0.4833798110485077,300,1.1445503318682313,92,0
20,300,0,F,20,0,1,3.242724895477295,-0.03034377098083496,0.45184075832366943,300,1.1445503318682313,92,0
20,300,0,F,20,0,2,2.6527583599090576,0.09456121921539307,0.39287275075912476,300,1.1445503318682313,91,0
20,300,0,F,20,0,3,2.4516329765319824,-0.30611300468444824,0.41788220405578613,300,1.1445503318682313,80,0
20,300,0,F,20,1,0,1.6023926734924316,-3.1725995540618896,0.484025776386261,300,1.033103970810771,71,0
20,300,0,F,20,1,1,1.1889114379882812,-3.364147424697876,0.44000598788261414,300,1.033103970810771,77,0
20,300,0,F,20,1,2,2.9901373386383057,-3.3353023529052734,0.4750249683856964,300,1.033103970810771,69,0
20,300,0,F,20,1,3,1.3809013366699219,-2.8979783058166504,0.4470006823539734,300,1.033103970810771,78,0
20,300,0,F,21,0,0,0.46212494373321533,-1.2058751583099365,0.6510739326477051,300,1.0888008517213166,84,0
20,300,0,F,21,0,1,0.15289413928985596,-1.2152674198150635,0.6186376214027405,300,1.0888008517213166,82,0
20,300,0,F,21,0,2,1.0212726593017578,-1.0126593112945557,0.7061966061592102,300,1.0888008517213166,82,0
20,300,0,F,21,0,3,0.4810326099395752,-1.3291558027267456,0.6401577591896057,300,1.0888008517213166,85,0
20,300,0,F,21,1,0,3.716449737548828,1.9228413105010986,0.7432107329368591,300,1.1363460989668965,88,0
20,300,0,F,21,1,1,3.26900053024292,1.905025839805603,0.658478319644928,300,1.1363460989668965,89,0
20,300,0,F,21,1,2,3.6735219955444336,1.8809691667556763,0.7145452499389648,300,1.1363460989668965,84,0
20,300,0,F,21,1,3,2.978513240814209,1.944999098777771,0.5756183862686157,300,1.1363460989668965,92,0
20,300,0,F,22,0,0,0.03083980083465576,-0.8369746208190918,0.631491482257843,300,1.0781445177271962,87,0
20,300,0,F,22,0,1,-0.050605952739715576,-0.8315358757972717,0.6325360536575317,300,1.0781445177271962,93,0
20,300,0,F,22,0,2,0.06752771139144897,-0.8455617427825928,0.6749783158302307,300,1.0781445177271962,87,0
20,300,0,F,22,0,3,0.24607670307159424,-0.8092894554138184,0.7096431851387024,300,1.0781445177271962,91,0
20,300,0,F,22,1,0,3.0932068824768066,-0.5637595653533936,0.6948530077934265,300,1.1050451048649848,68,0
20,300,0,F,22,1,1,2.769551992416382,-0.5455940365791321,0.6736353039741516,300,1.1050451048649848,84,0
20,300,0,F,22,1,2,2.637209892272949,-0.3016240894794464,0.6408553123474121,300,1.1050451048649848,82,0
20,300,0,F,22,1,3,2.8790688514709473,-0.7481368780136108,0.6684291958808899,300,1.1050451048649848,80,0
20,300,0,F,23,0,0,3.1784818172454834,1.8668793439865112,0.5761752128601074,300,1.179564984049648,94,0
20,300,0,F,23,0,1,2.639061212539673,1.8871620893478394,0.47193124890327454,300,1.179564984049648,82,0
20,300,0,F,23,0,2,3.1238057613372803,1.8029011487960815,0.5417318940162659,300,1.179564984049648,94,0
20,300,0,F,23,0,3,3.1010241508483887,1.8156442642211914,0.5390204787254333,300,1.179564984049648,90,0
20,300,0,F,23,1,0,2.1201882362365723,0.22674958407878876,0.6210985779762268,300,1.1380977630615234,82,0
20,300,0,F,23,1,1,2.3148772716522217,0.4417407810688019,0.6376045346260071,300,1.1380977630615234,79,0
20,300,0,F,23,1,2,1.8283836841583252,0.5183366537094116,0.4962537884712219,300,1.1380977630615234,80,0
20,300,0,F,23,1,3,1.9414035081863403,0.5854432582855225,0.5124424695968628,300,1.1380977630615234,90,0
20,300,0,F,24,0,0,7.536741256713867,1.9544968605041504,0.2751663625240326,300,1.1439613979309797,77,0
20,300,0,F,24,0,1,6.957164764404297,1.9363081455230713,0.26917120814323425,300,1.1439613979309797,84,0
20,300,0,F,24,0,2,7.454995155334473,2.036726236343384,0.2919480800628662,300,1.1439613979309797,76,0
20,300,0,F,24,0,3,5.857394218444824,2.241079807281494,0.21766705811023712,300,1.1439613979309797,77,0
20,300,0,F,24,1,0,4.170969009399414,-0.4469364285469055,0.32884764671325684,300,1.05316519504413,93,0
20,300,0,F,24,1,1,3.1101577281951904,-0.729741632938385,0.3160463273525238,300,1.05316519504413,88,0
20,300,0,F,24,1,2,2.754803419113159,-0.7095975875854492,0.29488667845726013,300,1.05316519504413,86,0
20,300,0,F,24,1,3,4.859530448913574,-0.5050170421600342,0.37083956599235535,300,1.05316519504413,80,0
20,300,0,F,25,0,0,3.3367128372192383,0.7561918497085571,0.2677645981311798,300,1.0279165501706302,94,0
20,300,0,F,25,0,1,4.068171977996826,0.6555167436599731,0.31304773688316345,300,1.0279165501706302,94,0
20,300,0,F,25,0,2,3.6948890686035156,0.5685254335403442,0.3042305111885071,300,1.0279165501706302,93,0
20,300,0,F,25,0,3,2.6363768577575684,0.5838673114776611,0.2087506800889969,300,1.0279165501706302,92,0
20,300,0,F,25,1,0,15.610319137573242,2.431255578994751,0.43277132511138916,300,1.133614454884082,93,0
20,300,0,F,25,1,1,12.766303062438965,2.857243537902832,0.36044076085090637,300,1.133614454884082,92,0
20,300,0,F,25,1,2,12.769890785217285,2.7602810859680176,0.3811153173446655,300,1.133614454884082,93,0
20,300,0,F,25,1,3,13.68411922454834,2.749812602996826,0.40365085005760193,300,1.133614454884082,92,0
20,300,0,F,26,0,0,4.9614458084106445,2.159304141998291,0.35544857382774353,300,1.1307953060604632,94,0
20,300,0,F,26,0,1,4.402622699737549,2.170377254486084,0.2825683355331421,300,1.1307953060604632,86,0
20,300,0,F,26,0,2,4.670346260070801,2.12495756149292,0.30150625109672546,300,1.1307953060604632,90,0
20,300,0,F,26,0,3,4.915213584899902,2.118638277053833,0.3615725040435791,300,1.1307953060604632,91,0
20,300,0,F,26,1,0,3.215507745742798,0.049540430307388306,0.27791014313697815,300,1.0951699577271938,71,0
20,300,0,F,26,1,1,3.2463724613189697,0.2519031763076782,0.3115699589252472,300,1.0951699577271938,80,0
20,300,0,F,26,1,2,4.035042762756348,0.2171805500984192,0.3584303855895996,300,1.0951699577271938,79,0
20,300,0,F,26,1,3,4.174732685089111,0.16313397884368896,0.30414655804634094,300,1.0951699577271938,86,0
20,300,0,F,27,0,0,8.455286026000977,0.9458322525024414,0.40120700001716614,300,1.1339635830372572,77,0
20,300,0,F,27,0,1,6.1298675537109375,0.6122425198554993,0.2852063775062561,300,1.1339635830372572,77,0
20,300,0,F,27,0,2,8.379063606262207,0.7645764946937561,0.37022656202316284,300,1.1339635830372572,70,0
20,300,0,F,27,0,3,6.290949821472168,0.5609204173088074,0.2540614902973175,300,1.1339635830372572,77,0
20,300,0,F,27,1,0,35.09771728515625,3.973719358444214,0.3576299846172333,300,1.1542350640520453,69,0
20,300,0,F,27,1,1,15.824234962463379,4.21925687789917,0.1695481538772583,300,1.1542350640520453,77,0
20,300,0,F,27,1,2,17.342388153076172,3.237440586090088,0.19278095662593842,300,1.1542350640520453,78,0
20,300,0,F,27,1,3,31.87176513671875,3.497070550918579,0.37329354882240295,300,1.1542350640520453,81,0
20,300,0,F,28,0,0,13.597496032714844,2.055281162261963,0.42445674538612366,300,1.18417185312137,89,0
20,300,0,F,28,0,1,14.634281158447266,2.5705511569976807,0.33642831444740295,300,1.18417185312137,90,0
20,300,0,F,28,0,2,8.162862777709961,2.594606876373291,0.252285361289978,300,1.18417185312137,82,0
20,300,0,F,28,0,3,11.917947769165039,2.1203815937042236,0.35856977105140686,300,1.18417185312137,90,0
20,300,0,F,28,1,0,16.721824645996094,0.4335380792617798,0.2985759973526001,300,1.1548872510902584,78,0
20,300,0,F,28,1,1,12.063434600830078,0.46319401264190674,0.2882283926010132,300,1.1548872510902584,83,0
20,300,0,F,28,1,2,16.14695930480957,0.42350566387176514,0.35449567437171936,300,1.1548872510902584,67,0
20,300,0,F,28,1,3,19.622005462646484,0.17923355102539062,0.4088950753211975,300,1.1548872510902584,84,0
20,300,0,F,29,0,0,4.0412797927856445,1.7663086652755737,0.22802963852882385,300,1.1568660521879792,75,0
20,300,0,F,29,0,1,4.44003963470459,1.7762283086776733,0.30426761507987976,300,1.1568660521879792,61,0
20,300,0,F,29,0,2,4.409505844116211,1.731276035308838,0.2976204752922058,300,1.1568660521879792,71,0
20,300,0,F,29,0,3,5.632015228271484,1.7208330631256104,0.3406868278980255,300,1.1568660521879792,73,0
20,300,0,F,29,1,0,24.078847885131836,1.5136480331420898,0.394553542137146,300,1.2268981449306011,81,0
20,300,0,F,29,1,1,18.49764060974121,1.7414727210998535,0.2956582307815552,300,1.2268981449306011,85,0
20,300,0,F,29,1,2,13.89561653137207,2.047412395477295,0.23610970377922058,300,1.2268981449306011,87,0
20,300,0,F,29,1,3,29.32299041748047,2.0594675540924072,0.4058702290058136,300,1.2268981449306011,78,0
20,300,0,F,30,0,0,5.677286624908447,0.3510598838329315,0.37527644634246826,300,1.119512070901692,81,0
20,300,0,F,30,0,1,4.888853549957275,0.45760592818260193,0.326810747385025,300,1.119512070901692,75,0
20,300,0,F,30,0,2,3.956131935119629,0.4893374443054199,0.2622168958187103,300,1.119512070901692,73,0
20,300,0,F,30,0,3,6.030056476593018,0.2838186025619507,0.4081186354160309,300,1.119512070901692,72,0
20,300,0,F,30,1,0,5.2399396896362305,0.39116501808166504,0.4646212160587311,300,1.1372991297394037,79,0
20,300,0,F,30,1,1,3.3414108753204346,0.1299142837524414,0.3137338161468506,300,1.1372991297394037,74,0
20,300,0,F,30,1,2,6.3470563888549805,0.2883058786392212,0.47095760703086853,300,1.1372991297394037,82,0
20,300,0,F,30,1,3,4.630431652069092,0.20206516981124878,0.42764875292778015,300,1.1372991297394037,76,0
20,300,0,F,31,0,0,8.91069507598877,-0.19664812088012695,0.39972227811813354,300,1.1427104459144175,91,0
20,300,0,F,31,0,1,6.062234878540039,0.4368607997894287,0.27820122241973877,300,1.1427104459144175,91,0
20,300,0,F,31,0,2,9.36136245727539,0.19822704792022705,0.37468254566192627,300,1.1427104459144175,92,0
20,300,0,F,31,0,3,4.750014781951904,0.9847062230110168,0.23294973373413086,300,1.1427104459144175,92,0
20,300,0,F,31,1,0,1.031912088394165,-2.107485294342041,0.35537368059158325,300,1.1301934719085693,83,0
20,300,0,F,31,1,1,1.4118194580078125,-2.269329071044922,0.41348835825920105,300,1.1301934719085693,90,0
20,300,0,F,31,1,2,0.6384313106536865,-2.173640727996826,0.29962384700775146,300,1.1301934719085693,95,0
20,300,0,F,31,1,3,1.8410489559173584,-2.2940139770507812,0.3661390244960785,300,1.1301934719085693,95,0
20,300,0,F,32,0,0,3.1538124084472656,1.6411182880401611,0.376954585313797,300,1.1329617127776146,90,0
20,300,0,F,32,0,1,3.2380013465881348,1.559596061706543,0.4249785542488098,300,1.1329617127776146,92,0
20,300,0,F,32,0,2,3.2275748252868652,1.5885685682296753,0.38866984844207764,300,1.1329617127776146,91,0
20,300,0,F,32,0,3,3.0142459869384766,1.5034245252609253,0.3725167512893677,300,1.1329617127776146,91,0
20,300,0,F,32,1,0,0.42813873291015625,-1.4187477827072144,0.38242295384407043,300,1.1039808900095522,93,0
20,300,0,F,32,1,1,0.8264865875244141,-1.3649017810821533,0.42954039573669434,300,1.1039808900095522,85,0
20,300,0,F,32,1,2,0.05680835247039795,-1.3662261962890625,0.35965558886528015,300,1.1039808900095522,82,0
20,300,0,F,32,1,3,0.44178831577301025,-1.2167657613754272,0.3652013838291168,300,1.1039808900095522,87,0
20,300,0,F,33,0,0,14.345513343811035,-0.12975968420505524,0.4162018597126007,300,1.1430272697471082,84,0
20,300,0,F,33,0,1,12.549213409423828,-0.21139423549175262,0.35600051283836365,300,1.1430272697471082,90,0
20,300,0,F,33,0,2,13.271303176879883,-0.2873070240020752,0.40273261070251465,300,1.1430272697471082,80,0
20,300,0,F,33,0,3,10.19975471496582,-0.22089174389839172,0.2846042811870575,300,1.1430272697471082,93,0
20,300,0,F,33,1,0,10.56872844696045,-0.8836590051651001,0.32086026668548584,300,1.2100958456285298,85,0
20,300,0,F,33,1,1,15.7715425491333,-0.9818887710571289,0.43892359733581543,300,1.2100958456285298,90,0
20,300,0,F,33,1,2,6.4267730712890625,-0.7776103019714355,0.22001056373119354,300,1.2100958456285298,76,0
20,300,0,F,33,1,3,7.065814971923828,-0.4771624207496643,0.23708483576774597,300,1.2100958456285298,91,0
20,300,0,F,34,0,0,10.132965087890625,-0.46135157346725464,0.340374618768692,300,1.1763706640340388,92,0
20,300,0,F,34,0,1,10.871257781982422,0.17002874612808228,0.39032262563705444,300,1.1763706640340388,94,0
20,300,0,F,34,0,2,7.772588729858398,-0.2543134093284607,0.27765101194381714,300,1.1763706640340388,92,0
20,300,0,F,34,0,3,7.215791702270508,-0.5005606412887573,0.30558276176452637,300,1.1763706640340388,93,0
20,300,0,F,34,1,0,12.669550895690918,-1.2011027336120605,0.37145373225212097,300,1.196577811613679,83,0
20,300,0,F,34,1,1,12.413495063781738,-0.8445025682449341,0.3509846329689026,300,1.196577811613679,92,0
20,300,0,F,34,1,2,12.840325355529785,-0.9489815831184387,0.4182532727718353,300,1.196577811613679,87,0
20,300,0,F,34,1,3,11.239214897155762,-0.7691822052001953,0.41190803050994873,300,1.196577811613679,86,0
20,300,0,F,35,0,0,10.644721984863281,0.8438363671302795,0.2845221161842346,300,1.0919731361791492,94,0
20,300,0,F,35,0,1,11.737405776977539,0.5338237881660461,0.2988857924938202,300,1.0919731361791492,88,0
20,300,0,F,35,0,2,12.874576568603516,0.47151732444763184,0.30774053931236267,300,1.0919731361791492,91,0
20,300,0,F,35,0,3,15.302297592163086,0.5887541770935059,0.3442111015319824,300,1.0919731361791492,93,0
20,300,0,F,35,1,0,8.239784240722656,1.4666324853897095,0.47879618406295776,300,1.1253925659693778,74,0
20,300,0,F,35,1,1,6.9686994552612305,1.6231389045715332,0.3471558392047882,300,1.1253925659693778,78,0
20,300,0,F,35,1,2,4.019465446472168,1.4797306060791016,0.20005711913108826,300,1.1253925659693778,70,0
20,300,0,F,35,1,3,5.452553749084473,1.520084023475647,0.3236748278141022,300,1.1253925659693778,73,0
20,300,1,F,0,0,0,9.268180847167969,2.4850575923919678,0.5530809760093689,300,1.1024118000641465,19,0
20,300,1,F,0,0,1,8.467914581298828,2.5479578971862793,0.5016695857048035,300,1.1024118000641465,29,0
20,300,1,F,0,0,2,8.411083221435547,2.3753466606140137,0.4982861578464508,300,1.1024118000641465,21,0
20,300,1,F,0,0,3,6.892848491668701,2.356786012649536,0.455888569355011,300,1.1024118000641465,24,0
20,300,1,F,0,1,0,12.757590293884277,0.5552561283111572,0.5273815393447876,300,1.1337930732406676,38,0
20,300,1,F,0,1,1,9.30138111114502,-0.028131484985351562,0.4341399371623993,300,1.1337930732406676,32,0
20,300,1,F,0,1,2,9.509711265563965,0.5747294425964355,0.4431300163269043,300,1.1337930732406676,29,0
20,300,1,F,0,1,3,10.085358619689941,0.5030809640884399,0.4812142848968506,300,1.1337930732406676,22,0
20,300,1,F,1,0,0,14.108827590942383,2.8405983448028564,0.5497456789016724,300,1.1335841943509877,35,0
20,300,1,F,1,0,1,12.53827953338623,3.610511541366577,0.4616638720035553,300,1.1335841943509877,36,0
20,300,1,F,1,0,2,11.353808403015137,3.207343578338623,0.40505748987197876,300,1.1335841943509877,40,0
20,300,1,F,1,0,3,10.700164794921875,2.462411880493164,0.416483998298645,300,1.1335841943509877,45,0
20,300,1,F,1,1,0,4.537968635559082,-0.045827776193618774,0.4660119414329529,300,1.1038306909613311,38,0
20,300,1,F,1,1,1,3.966437578201294,0.0932157039642334,0.4256664514541626,300,1.1038306909613311,49,0
20,300,1,F,1,1,2,6.827901840209961,0.012022078037261963,0.5405808091163635,300,1.1038306909613311,40,0
20,300,1,F,1,1,3,5.098812103271484,-0.00032761693000793457,0.5406365394592285,300,1.1038306909613311,42,0
20,300,1,F,2,0,0,11.329084396362305,0.6965342164039612,0.4336767792701721,300,1.0519860940985382,42,0
20,300,1,F,2,0,1,12.832437515258789,1.198529601097107,0.4391472339630127,300,1.0519860940985382,48,0
20,300,1,F,2,0,2,11.705644607543945,1.0335028171539307,0.4922081530094147,300,1.0519860940985382,40,0
20,300,1,F,2,0,3,13.666425704956055,0.5942270755767822,0.5043666958808899,300,1.0519860940985382,46,0
20,300,1,F,2,1,0,7.616372585296631,-0.6553146839141846,0.4326758086681366,300,1.0203914558514953,35,0
20,300,1,F,2,1,1,5.684296131134033,-0.35133516788482666,0.3317435681819916,300,1.0203914558514953,39,0
20,300,1,F,2,1,2,8.090076446533203,-0.7526492476463318,0.4536401033401489,300,1.0203914558514953,31,0
20,300,1,F,2,1,3,5.809021949768066,-0.44971299171447754,0.33381223678588867,300,1.0203914558514953,37,0
20,300,1,F,3,0,0,31.34212875366211,5.54757022857666,0.3691598176956177,300,1.1395337162539363,32,0
20,300,1,F,3,0,1,30.834346771240234,4.67863655090332,0.35763007402420044,300,1.1395337162539363,34,0
20,300,1,F,3,0,2,34.11967086791992,4.608522891998291,0.4503195881843567,300,1.1395337162539363,46,0
20,300,1,F,3,0,3,24.64101791381836,4.674941062927246,0.3016842007637024,300,1.1395337162539363,37,0
20,300,1,F,3,1,0,14.17695140838623,1.4657714366912842,0.20641474425792694,300,1.1751146279275417,62,0
20,300,1,F,3,1,1,10.868550300598145,0.9124810695648193,0.231577068567276,300,1.1751146279275417,59,0
20,300,1,F,3,1,2,13.00742244720459,1.1923483610153198,0.26125481724739075,300,1.1751146279275417,48,0
20,300,1,F,3,1,3,18.347496032714844,2.0920016765594482,0.3039056360721588,300,1.1751146279275417,50,0
20,300,1,F,4,0,0,11.664019584655762,3.4413533210754395,0.2536930441856384,300,1.1446539778262377,62,0
20,300,1,F,4,0,1,11.101280212402344,2.3860561847686768,0.24132534861564636,300,1.1446539778262377,60,0
20,300,1,F,4,0,2,17.411903381347656,3.908378839492798,0.3561111092567444,300,1.1446539778262377,57,0
20,300,1,F,4,0,3,16.005491256713867,2.8780806064605713,0.3101292848587036,300,1.1446539778262377,58,0
20,300,1,F,4,1,0,4.298184394836426,-0.9309985041618347,0.3030197024345398,300,1.1643159491941333,48,0
20,300,1,F,4,1,1,7.973040580749512,-1.1788175106048584,0.4673561751842499,300,1.1643159491941333,47,0
20,300,1,F,4,1,2,5.459632873535156,-1.323418140411377,0.3885105848312378,300,1.1643159491941333,43,0
20,300,1,F,4,1,3,6.959650039672852,-1.0224300622940063,0.3484519124031067,300,1.1643159491941333,72,0
20,300,1,F,5,0,0,8.26202392578125,2.2758822441101074,0.40869662165641785,300,1.1449913890101016,46,0
20,300,1,F,5,0,1,7.465131759643555,2.221133232116699,0.3369055986404419,300,1.1449913890101016,52,0
20,300,1,F,5,0,2,9.499939918518066,2.135302782058716,0.4586017429828644,300,1.1449913890101016,33,0
20,300,1,F,5,0,3,8.96641731262207,2.3584604263305664,0.3618311285972595,300,1.1449913890101016,54,0
20,300,1,F,5,1,0,15.990455627441406,0.41523778438568115,0.379827618598938,300,1.1422101072967052,73,0
20,300,1,F,5,1,1,12.651693344116211,0.04376453161239624,0.3471195697784424,300,1.1422101072967052,63,0
20,300,1,F,5,1,2,9.445605278015137,0.14874255657196045,0.27828389406204224,300,1.1422101072967052,70,0
20,300,1,F,5,1,3,16.38580894470215,1.2183785438537598,0.3695897161960602,300,1.1422101072967052,67,0
20,300,1,F,6,0,0,26.61004066467285,3.3545167446136475,0.22837597131729126,300,1.1235141288489103,72,0
20,300,1,F,6,0,1,31.679576873779297,0.9538686275482178,0.2632063329219818,300,1.1235141288489103,75,0
20,300,1,F,6,0,2,40.66617202758789,6.20340633392334,0.29125264286994934,300,1.1235141288489103,74,0
20,300,1,F,6,0,3,32.44700241088867,4.444155693054199,0.2604714035987854,300,1.1235141288489103,59,0
20,300,1,F,6,1,0,18.161739349365234,3.2050693035125732,0.1644124984741211,300,1.1235867198556662,56,0
20,300,1,F,6,1,1,22.529438018798828,3.009997606277466,0.20161612331867218,300,1.1235867198556662,72,0
20,300,1,F,6,1,2,26.499223709106445,4.376880645751953,0.24687086045742035,300,1.1235867198556662,44,0
20,300,1,F,6,1,3,30.976787567138672,4.264106750488281,0.23730780184268951,300,1.1235867198556662,59,0
20,300,1,F,7,0,0,13.433576583862305,2.5088229179382324,0.21212947368621826,300,1.0969053679145873,59,0
20,300,1,F,7,0,1,17.93805694580078,2.768221855163574,0.288803368806839,300,1.0969053679145873,77,0
20,300,1,F,7,0,2,14.884125709533691,2.9907147884368896,0.20607715845108032,300,1.0969053679145873,64,0
20,300,1,F,7,0,3,9.677839279174805,3.5293307304382324,0.1259007751941681,300,1.0969053679145873,62,0
20,300,1,F,7,1,0,21.719783782958984,1.481813907623291,0.4057052433490753,300,1.1231032069772482,53,0
20,300,1,F,7,1,1,12.011616706848145,1.2758914232254028,0.24015311896800995,300,1.1231032069772482,47,0
20,300,1,F,7,1,2,13.937983512878418,1.1013851165771484,0.2496328055858612,300,1.1231032069772482,55,0
20,300,1,F,7,1,3,14.306577682495117,1.6639832258224487,0.28199321031570435,300,1.1231032069772482,58,0
20,300,1,F,8,0,0,4.504683017730713,0.9843780398368835,0.08989213407039642,300,1.1204593530856073,63,0
20,300,1,F,8,0,1,10.148760795593262,1.510964274406433,0.18460099399089813,300,1.1204593530856073,60,0
20,300,1,F,8,0,2,6.569416522979736,1.1870977878570557,0.14811858534812927,300,1.1204593530856073,58,0
20,300,1,F,8,0,3,12.305617332458496,0.9334853291511536,0.26274964213371277,300,1.1204593530856073,54,0
20,300,1,F,8,1,0,14.925996780395508,2.809474468231201,0.2663983106613159,300,1.1852382360957563,64,0
20,300,1,F,8,1,1,9.749479293823242,2.7692244052886963,0.19780509173870087,300,1.1852382360957563,64,0
20,300,1,F,8,1,2,8.042329788208008,3.124234199523926,0.11958231776952744,300,1.1852382360957563,67,0
20,300,1,F,8,1,3,11.234466552734375,3.194634437561035,0.21796999871730804,300,1.1852382360957563,61,0
20,300,1,F,9,0,0,9.22131061553955,2.622023582458496,0.2523975968360901,300,1.0898795640096068,57,0
20,300,1,F,9,0,1,12.14574146270752,2.501908779144287,0.27143630385398865,300,1.0898795640096068,63,0
20,300,1,F,9,0,2,13.052593231201172,3.330789804458618,0.26261985301971436,300,1.0898795640096068,69,0
20,300,1,F,9,0,3,9.039137840270996,3.0703318119049072,0.18815863132476807,300,1.0898795640096068,53,0
20,300,1,F,9,1,0,15.779260635375977,3.539672374725342,0.25301048159599304,300,1.1266391561366618,41,0
20,300,1,F,9,1,1,10.593145370483398,4.122559547424316,0.1520615667104721,300,1.1266391561366618,63,0
20,300,1,F,9,1,2,19.884187698364258,3.3454740047454834,0.3163663446903229,300,1.1266391561366618,62,0
20,300,1,F,9,1,3,11.103632926940918,2.901845693588257,0.19775569438934326,300,1.1266391561366618,43,0
20,300,1,F,10,0,0,19.882137298583984,1.4184160232543945,0.34342682361602783,300,1.1636913707479835,44,0
20,300,1,F,10,0,1,15.620132446289062,1.8859195709228516,0.26704853773117065,300,1.1636913707479835,62,0
20,300,1,F,10,0,2,14.99620246887207,1.5937902927398682,0.28583788871765137,300,1.1636913707479835,56,0
20,300,1,F,10,0,3,23.970731735229492,2.2653748989105225,0.390868216753006,300,1.1636913707479835,67,0
20,300,1,F,10,1,0,9.671875953674316,-0.12698590755462646,0.2952566146850586,300,1.1554697649553418,68,0
20,300,1,F,10,1,1,5.6640119552612305,-0.16688227653503418,0.18376493453979492,300,1.1554697649553418,71,0
20,300,1,F,10,1,2,8.702988624572754,0.10447299480438232,0.28978633880615234,300,1.1554697649553418,77,0
20,300,1,F,10,1,3,8.646261215209961,0.23402738571166992,0.28787124156951904,300,1.1554697649553418,61,0
20,300,1,F,11,0,0,1.8871660232543945,-1.013946771621704,0.3067852258682251,300,1.1448720726184547,61,0
20,300,1,F,11,0,1,2.0852367877960205,-0.9199916124343872,0.3167881965637207,300,1.1448720726184547,63,0
20,300,1,F,11,0,2,0.5133988857269287,-1.09169340133667,0.20077434182167053,300,1.1448720726184547,66,0
20,300,1,F,11,0,3,1.0959296226501465,-0.8826919794082642,0.2479005604982376,300,1.1448720726184547,63,0
20,300,1,F,11,1,0,3.719280242919922,-0.2300087809562683,0.21252349019050598,300,1.1348580862395465,48,0
20,300,1,F,11,1,1,6.505157470703125,0.6771645545959473,0.30470094084739685,300,1.1348580862395465,59,0
20,300,1,F,11,1,2,5.182920932769775,0.21475958824157715,0.2759496569633484,300,1.1348580862395465,65,0
20,300,1,F,11,1,3,9.371870994567871,0.27302443981170654,0.4249282777309418,300,1.1348580862395465,54,0
20,300,1,F,12,0,0,-0.6429194808006287,-1.3156110048294067,0.6910966634750366,300,1.1336082140915096,42,0
20,300,1,F,12,0,1,-0.7491077184677124,-1.4188193082809448,0.686711311340332,300,1.1336082140915096,37,0
20,300,1,F,12,0,2,-0.8350474238395691,-1.3577436208724976,0.6307891607284546,300,1.1336082140915096,45,0
20,300,1,F,12,0,3,-0.6939939260482788,-1.2957472801208496,0.6581293344497681,300,1.1336082140915096,52,0
20,300,1,F,12,1,0,1.7988674640655518,-0.8368955254554749,0.6306713223457336,300,1.1210779631510377,37,0
20,300,1,F,12,1,1,1.7945311069488525,-0.2151637077331543,0.5991167426109314,300,1.1210779631510377,32,0
20,300,1,F,12,1,2,2.194581985473633,-0.5358227491378784,0.700527012348175,300,1.1210779631510377,78,0
20,300,1,F,12,1,3,1.7932298183441162,-0.7497553825378418,0.6637877821922302,300,1.1210779631510377,50,0
20,300,1,F,13,0,0,3.61972975730896,2.5382111072540283,0.5368132591247559,300,1.1513878460973501,39,0
20,300,1,F,13,0,1,4.0512285232543945,2.3169150352478027,0.6338168978691101,300,1.1513878460973501,53,0
20,300,1,F,13,0,2,3.6137566566467285,2.546208620071411,0.5228852033615112,300,1.1513878460973501,45,0
20,300,1,F,13,0,3,3.6141934394836426,2.1507959365844727,0.570716381072998,300,1.1513878460973501,37,0
20,300,1,F,13,1,0,2.058302402496338,1.5636101961135864,0.4833969473838806,300,1.1225902582518756,73,0
20,300,1,F,13,1,1,2.174447536468506,1.5152052640914917,0.5511717200279236,300,1.1225902582518756,88,0
20,300,1,F,13,1,2,2.2043166160583496,1.6171244382858276,0.5786852836608887,300,1.1225902582518756,90,0
20,300,1,F,13,1,3,2.1594924926757812,1.6427435874938965,0.5230298638343811,300,1.1225902582518756,46,0
20,300,1,F,14,0,0,4.856734275817871,2.170376777648926,0.5757488012313843,300,1.1643804241903126,44,0
20,300,1,F,14,0,1,4.970536231994629,2.782870292663574,0.5102000832557678,300,1.1643804241903126,36,0
20,300,1,F,14,0,2,4.046027183532715,2.4411492347717285,0.418624609708786,300,1.1643804241903126,42,0
20,300,1,F,14,0,3,4.469343185424805,2.294990062713623,0.5164102911949158,300,1.1643804241903126,36,0
20,300,1,F,14,1,0,-0.19248437881469727,-1.0896708965301514,0.4335773289203644,300,1.1266507832333446,49,0
20,300,1,F,14,1,1,0.1011422872543335,-1.0739305019378662,0.5548169612884521,300,1.1266507832333446,47,0
20,300,1,F,14,1,2,-0.03319978713989258,-0.8182405233383179,0.4363662302494049,300,1.1266507832333446,62,0
20,300,1,F,14,1,3,-0.13625431060791016,-0.929565966129303,0.43143603205680847,300,1.1266507832333446,54,0
20,300,1,F,15,0,0,0.16026026010513306,-3.458505392074585,0.8398962616920471,300,1.1135894930921495,59,0
20,300,1,F,15,0,1,0.36825597286224365,-2.5658347606658936,0.8144556879997253,300,1.1135894930921495,43,0
20,300,1,F,15,0,2,0.1191205382347107,-3.2448935508728027,0.8514617085456848,300,1.1135894930921495,58,0
20,300,1,F,15,0,3,-0.06006801128387451,-3.291682243347168,0.8335704803466797,300,1.1135894930921495,56,0
20,300,1,F,15,1,0,0.36202651262283325,-1.0359609127044678,0.8491498827934265,300,1.2002801946364343,55,0
20,300,1,F,15,1,1,0.39238953590393066,-0.85975581407547,0.817693293094635,300,1.2002801946364343,42,0
20,300,1,F,15,1,2,0.2556845545768738,-0.9841235876083374,0.8257756233215332,300,1.2002801946364343,49,0
20,300,1,F,15,1,3,0.08024144172668457,-1.0695775747299194,0.7798066139221191,300,1.2002801946364343,54,0
20,300,1,F,16,0,0,-0.428364634513855,-1.8106591701507568,0.7877743244171143,300,1.1567754023708403,35,0
20,300,1,F,16,0,1,-0.8307321667671204,-1.9454400539398193,0.7747284173965454,300,1.1567754023708403,43,0
20,300,1,F,16,0,2,-0.688959002494812,-1.7335478067398071,0.734919548034668,300,1.1567754023708403,52,0
20,300,1,F,16,0,3,-0.5822317600250244,-1.3370590209960938,0.6821984052658081,300,1.1567754023708403,41,0
20,300,1,F,16,1,0,-1.700178623199463,-2.2318882942199707,0.7662649750709534,300,1.2295897789299488,77,0
20,300,1,F,16,1,1,-1.65159010887146,-2.119486093521118,0.7664285898208618,300,1.2295897789299488,45,0
20,300,1,F,16,1,2,-1.6830289363861084,-2.168673515319824,0.7701775431632996,300,1.2295897789299488,60,0
20,300,1,F,16,1,3,-1.6808348894119263,-2.1328489780426025,0.7501512765884399,300,1.2295897789299488,67,0
20,300,1,F,17,0,0,1.1177902221679688,0.8370238542556763,0.6099733114242554,300,1.14284832123667,57,0
20,300,1,F,17,0,1,1.15616774559021,0.6693134307861328,0.7371116876602173,300,1.14284832123667,49,0
20,300,1,F,17,0,2,1.162825107574463,0.7308760285377502,0.7063614726066589,300,1.14284832123667,66,0
20,300,1,F,17,0,3,1.1393401622772217,0.7059048414230347,0.6945152878761292,300,1.14284832123667,74,0
20,300,1,F,17,1,0,-0.0437244176864624,-1.8644152879714966,0.6097837686538696,300,1.149022372905165,60,0
20,300,1,F,17,1,1,0.282055139541626,-2.1165900230407715,0.7423065304756165,300,1.149022372905165,56,0
20,300,1,F,17,1,2,0.06983470916748047,-2.194481372833252,0.6860896944999695,300,1.149022372905165,45,0
20,300,1,F,17,1,3,0.31808435916900635,-2.582498550415039,0.7567353844642639,300,1.149022372905165,61,0
20,300,1,F,18,0,0,1.0592721700668335,-0.9354634284973145,0.4264914095401764,300,1.0800663991831243,52,0
20,300,1,F,18,0,1,1.547012448310852,-0.8928091526031494,0.5010859370231628,300,1.0800663991831243,53,0
20,300,1,F,18,0,2,1.0097144842147827,-1.120201826095581,0.4436398148536682,300,1.0800663991831243,76,0
20,300,1,F,18,0,3,0.684126615524292,-0.7715076208114624,0.3592718839645386,300,1.0800663991831243,63,0
20,300,1,F,18,1,0,0.945274829864502,-0.35239776968955994,0.5067905187606812,300,1.1651427610777318,42,0
20,300,1,F,18,1,1,0.6483034491539001,-0.4269389808177948,0.4576776325702667,300,1.1651427610777318,46,0
20,300,1,F,18,1,2,0.7073157429695129,-0.4791618585586548,0.4296850562095642,300,1.1651427610777318,47,0
20,300,1,F,18,1,3,0.9857264757156372,-0.25170785188674927,0.43624770641326904,300,1.1651427610777318,45,0
20,300,1,F,19,0,0,5.884248733520508,0.3270397186279297,0.3983476758003235,300,1.1364100794307888,66,0
20,300,1,F,19,0,1,6.482381820678711,0.6438928842544556,0.44892558455467224,300,1.1364100794307888,57,0
20,300,1,F,19,0,2,3.8034849166870117,0.1379624605178833,0.34232503175735474,300,1.1364100794307888,52,0
20,300,1,F,19,0,3,5.20123291015625,0.4664783477783203,0.37764835357666016,300,1.1364100794307888,51,0
20,300,1,F,19,1,0,9.659049987792969,0.41718125343322754,0.553115725517273,300,1.0625555929727852,50,0
20,300,1,F,19,1,1,6.938770771026611,0.981635332107544,0.3933742046356201,300,1.0625555929727852,59,0
20,300,1,F,19,1,2,8.370745658874512,0.5079517364501953,0.46363765001296997,300,1.0625555929727852,56,0
20,300,1,F,19,1,3,8.03619384765625,0.33681797981262207,0.47376033663749695,300,1.0625555929727852,56,0
20,300,1,F,20,0,0,3.311030387878418,0.09376108646392822,0.45376697182655334,300,1.0992148099467158,67,0
20,300,1,F,20,0,1,3.242724895477295,0.14048343896865845,0.43860167264938354,300,1.0992148099467158,66,0
20,300,1,F,20,0,2,2.6527583599090576,0.28359168767929077,0.3747207820415497,300,1.0992148099467158,55,0
20,300,1,F,20,0,3,2.4516329765319824,0.7260866165161133,0.3099520802497864,300,1.0992148099467158,59,0
20,300,1,F,20,1,0,1.6023926734924316,-2.518050193786621,0.4473581910133362,300,1.1173498067073524,41,0
20,300,1,F,20,1,1,1.1889114379882812,-2.761070728302002,0.40534907579421997,300,1.1173498067073524,34,0
20,300,1,F,20,1,2,2.9901373386383057,-2.47042179107666,0.4385591745376587,300,1.1173498067073524,55,0
20,300,1,F,20,1,3,1.3809013366699219,-3.0712132453918457,0.45683059096336365,300,1.1173498067073524,39,0
20,300,1,F,21,0,0,0.46212494373321533,-0.9098061323165894,0.6054812669754028,300,1.0742804310284555,25,0
20,300,1,F,21,0,1,0.15289413928985596,-0.981404185295105,0.5735416412353516,300,1.0742804310284555,40,0
20,300,1,F,21,0,2,1.0212726593017578,-0.9193216562271118,0.6963562965393066,300,1.0742804310284555,26,0
20,300,1,F,21,0,3,0.4810326099395752,-1.1588139533996582,0.6170913577079773,300,1.0742804310284555,33,0
20,300,1,F,21,1,0,3.716449737548828,2.157785177230835,0.7155153155326843,300,1.2084938059560955,31,0
20,300,1,F,21,1,1,3.26900053024292,2.001250982284546,0.6418403387069702,300,1.2084938059560955,32,0
20,300,1,F,21,1,2,3.6735219955444336,2.13211727142334,0.6827884316444397,300,1.2084938059560955,25,0
20,300,1,F,21,1,3,2.978513240814209,2.020895004272461,0.5568878054618835,300,1.2084938059560955,34,0
20,300,1,F,22,0,0,0.03083980083465576,-0.7678340077400208,0.6119687557220459,300,1.1774160317145288,45,0
20,300,1,F,22,0,1,-0.050605952739715576,-0.6867884397506714,0.5837318897247314,300,1.1774160317145288,45,0
20,300,1,F,22,0,2,0.06752771139144897,-0.7333057522773743,0.6455665826797485,300,1.1774160317145288,28,0
20,300,1,F,22,0,3,0.24607670307159424,-0.7621514797210693,0.7001386880874634,300,1.1774160317145288,48,0
20,300,1,F,22,1,0,3.0932068824768066,-0.14621153473854065,0.6685571670532227,300,1.2907417360693216,35,0
20,300,1,F,22,1,1,2.769551992416382,-0.31737083196640015,0.657764196395874,300,1.2907417360693216,35,0
20,300,1,F,22,1,2,2.637209892272949,0.08443766832351685,0.6078408360481262,300,1.2907417360693216,36,0
20,300,1,F,22,1,3,2.8790688514709473,-0.1189405620098114,0.6249412894248962,300,1.2907417360693216,37,0
20,300,1,F,23,0,0,3.1784818172454834,2.0578112602233887,0.5373724699020386,300,1.1852078693918884,49,0
20,300,1,F,23,0,1,2.639061212539673,1.9624266624450684,0.44574838876724243,300,1.1852078693918884,38,0
20,300,1,F,23,0,2,3.1238057613372803,1.9087035655975342,0.5209448337554932,300,1.1852078693918884,53,0
20,300,1,F,23,0,3,3.1010241508483887,2.058821439743042,0.4866737425327301,300,1.1852078693918884,39,0
20,300,1,F,23,1,0,2.1201882362365723,0.8810345530509949,0.517554759979248,300,1.1576453428715467,51,0
20,300,1,F,23,1,1,2.3148772716522217,0.49951761960983276,0.6303343772888184,300,1.1576453428715467,52,0
20,300,1,F,23,1,2,1.8283836841583252,0.5770884156227112,0.4847874641418457,300,1.1576453428715467,61,0
20,300,1,F,23,1,3,1.9414035081863403,0.5955556631088257,0.5105720162391663,300,1.1576453428715467,59,0
20,300,1,F,24,0,0,7.536741256713867,2.9119091033935547,0.23926429450511932,300,1.0735663641244173,76,0
20,300,1,F,24,0,1,6.957164764404297,2.649780750274658,0.24010543525218964,300,1.0735663641244173,79,0
20,300,1,F,24,0,2,7.454995155334473,2.821889877319336,0.2606697380542755,300,1.0735663641244173,73,0
20,300,1,F,24,0,3,5.857394218444824,2.794086456298828,0.1907299906015396,300,1.0735663641244173,84,0
20,300,1,F,24,1,0,4.170969009399414,-0.22690653800964355,0.318164199590683,300,1.1075038621202111,71,0
20,300,1,F,24,1,1,3.1101577281951904,-0.2863612771034241,0.29014158248901367,300,1.1075038621202111,75,0
20,300,1,F,24,1,2,2.754803419113159,-0.40076225996017456,0.275850385427475,300,1.1075038621202111,57,0
20,300,1,F,24,1,3,4.859530448913574,-0.43224453926086426,0.36765846610069275,300,1.1075038621202111,58,0
20,300,1,F,25,0,0,3.3367128372192383,0.7550888657569885,0.267848402261734,300,1.1462224046699703,58,0
20,300,1,F,25,0,1,4.068171977996826,0.994263231754303,0.2910170257091522,300,1.1462224046699703,56,0
20,300,1,F,25,0,2,3.6948890686035156,0.7631012797355652,0.2908022105693817,300,1.1462224046699703,58,0
20,300,1,F,25,0,3,2.6363768577575684,0.7462506294250488,0.19546356797218323,300,1.1462224046699703,73,0
20,300,1,F,25,1,0,15.610319137573242,3.622929811477661,0.4096705913543701,300,1.0792605997994542,67,0
20,300,1,F,25,1,1,12.766303062438965,3.458350896835327,0.3461441099643707,300,1.0792605997994542,68,0
20,300,1,F,25,1,2,12.769890785217285,3.0664148330688477,0.37381651997566223,300,1.0792605997994542,74,0
20,300,1,F,25,1,3,13.68411922454834,2.8280029296875,0.4019245505332947,300,1.0792605997994542,41,0
20,300,1,F,26,0,0,4.9614458084106445,2.393270492553711,0.33573421835899353,300,1.0466040172614157,46,0
20,300,1,F,26,0,1,4.402622699737549,2.28556227684021,0.27195292711257935,300,1.0466040172614157,44,0
20,300,1,F,26,0,2,4.670346260070801,2.256232738494873,0.29047325253486633,300,1.0466040172614157,50,0
20,300,1,F,26,0,3,4.915213584899902,2.2740426063537598,0.3484819233417511,300,1.0466040172614157,37,0
20,300,1,F,26,1,0,3.215507745742798,0.3854236602783203,0.2559732496738434,300,1.1134369662031531,44,0
20,300,1,F,26,1,1,3.2463724613189697,0.1764199435710907,0.3169347047805786,300,1.1134369662031531,50,0
20,300,1,F,26,1,2,4.035042762756348,0.42641931772232056,0.3455749452114105,300,1.1134369662031531,57,0
20,300,1,F,26,1,3,4.174732685089111,0.5275155901908875,0.2843765616416931,300,1.1134369662031531,61,0
20,300,1,F,27,0,0,8.455286026000977,1.0615136623382568,0.39748314023017883,300,1.126081588678062,35,0
20,300,1,F,27,0,1,6.1298675537109375,1.0058223009109497,0.27036252617836,300,1.126081588678062,38,0
20,300,1,F,27,0,2,8.379063606262207,0.8661341071128845,0.36710137128829956,300,1.126081588678062,47,0
20,300,1,F,27,0,3,6.290949821472168,0.918400228023529,0.24204781651496887,300,1.126081588678062,53,0
20,300,1,F,27,1,0,35.09771728515625,5.888033866882324,0.34318238496780396,300,1.1583070806227624,57,0
20,300,1,F,27,1,1,15.824234962463379,4.566874027252197,0.16530902683734894,300,1.1583070806227624,65,0
20,300,1,F,27,1,2,17.342388153076172,5.889925003051758,0.16241590678691864,300,1.1583070806227624,63,0
20,300,1,F,27,1,3,31.87176513671875,4.494330406188965,0.3649619519710541,300,1.1583070806227624,52,0
20,300,1,F,28,0,0,13.597496032714844,2.7723512649536133,0.4088687598705292,300,1.1470711142756045,51,0
20,300,1,F,28,0,1,14.634281158447266,3.1021525859832764,0.32644274830818176,300,1.1470711142756045,57,0
20,300,1,F,28,0,2,8.162862777709961,2.6265993118286133,0.25119996070861816,300,1.1470711142756045,34,0
20,300,1,F,28,0,3,11.917947769165039,2.3165948390960693,0.3539303243160248,300,1.1470711142756045,48,0
20,300,1,F,28,1,0,16.721824645996094,1.5109858512878418,0.2844434976577759,300,1.1472822506912053,50,0
20,300,1,F,28,1,1,12.063434600830078,1.3948886394500732,0.2713606655597687,300,1.1472822506912053,47,0
20,300,1,F,28,1,2,16.14695930480957,0.8720800876617432,0.34790074825286865,300,1.1472822506912053,50,0
20,300,1,F,28,1,3,19.622005462646484,0.9326927661895752,0.3993777632713318,300,1.1472822506912053,53,0
20,300,1,F,29,0,0,4.0412797927856445,1.8046083450317383,0.22505468130111694,300,1.2198153450153768,57,0
20,300,1,F,29,0,1,4.44003963470459,1.8469080924987793,0.2986050844192505,300,1.2198153450153768,38,0
20,300,1,F,29,0,2,4.409505844116211,1.8483784198760986,0.2883598506450653,300,1.2198153450153768,48,0
20,300,1,F,29,0,3,5.632015228271484,1.8839889764785767,0.33118167519569397,300,1.2198153450153768,54,0
20,300,1,F,29,1,0,24.078847885131836,2.4095606803894043,0.3849182426929474,300,1.174833983182907,47,0
20,300,1,F,29,1,1,18.49764060974121,2.7707090377807617,0.28263038396835327,300,1.174833983182907,52,0
20,300,1,F,29,1,2,13.89561653137207,2.386246919631958,0.23091666400432587,300,1.174833983182907,46,0
20,300,1,F,29,1,3,29.32299041748047,2.4511663913726807,0.4023853838443756,300,1.174833983182907,45,0
20,300,1,F,30,0,0,5.677286624908447,1.5996222496032715,0.3150175213813782,300,1.1453513097949326,73,0
20,300,1,F,30,0,1,4.888853549957275,1.1831897497177124,0.28874972462654114,300,1.1453513097949326,59,0
20,300,1,F,30,0,2,3.956131935119629,0.9759985208511353,0.23402167856693268,300,1.1453513097949326,66,0
20,300,1,F,30,0,3,6.030056476593018,1.2817888259887695,0.36296600103378296,300,1.1453513097949326,60,0
20,300,1,F,30,1,0,5.2399396896362305,0.895679771900177,0.4374241530895233,300,1.0781588279642165,48,0
20,300,1,F,30,1,1,3.3414108753204346,0.44843557476997375,0.2916937470436096,300,1.0781588279642165,46,0
20,300,1,F,30,1,2,6.3470563888549805,0.7846856117248535,0.44972553849220276,300,1.0781588279642165,50,0
20,300,1,F,30,1,3,4.630431652069092,0.5236161947250366,0.4093063473701477,300,1.0781588279642165,33,0
20,300,1,F,31,0,0,8.91069507598877,2.0186150074005127,0.33507266640663147,300,1.1981791770085692,73,0
20,300,1,F,31,0,1,6.062234878540039,1.7820932865142822,0.22675900161266327,300,1.1981791770085692,63,0
20,300,1,F,31,0,2,9.36136245727539,0.9412126541137695,0.35508963465690613,300,1.1981791770085692,73,0
20,300,1,F,31,0,3,4.750014781951904,1.5827351808547974,0.20347969233989716,300,1.1981791770085692,63,0
20,300,1,F,31,1,0,1.031912088394165,-1.782994031906128,0.33079248666763306,300,1.1251844801008701,41,0
20,300,1,F,31,1,1,1.4118194580078125,-2.279956579208374,0.41418763995170593,300,1.1251844801008701,38,0
20,300,1,F,31,1,2,0.6384313106536865,-2.062798500061035,0.2912534177303314,300,1.1251844801008701,59,0
20,300,1,F,31,1,3,1.8410489559173584,-2.048487424850464,0.3520525097846985,300,1.1251844801008701,54,0
20,300,1,F,32,0,0,3.1538124084472656,1.7583591938018799,0.3582040071487427,300,1.1089586638845503,38,0
20,300,1,F,32,0,1,3.2380013465881348,1.6713286638259888,0.40823692083358765,300,1.1089586638845503,43,0
20,300,1,F,32,0,2,3.2275748252868652,1.7589720487594604,0.36292630434036255,300,1.1089586638845503,47,0
20,300,1,F,32,0,3,3.0142459869384766,1.5688749551773071,0.36222442984580994,300,1.1089586638845503,43,0
20,300,1,F,32,1,0,0.42813873291015625,-1.246884822845459,0.35963454842567444,300,1.0899192872457206,34,0
20,300,1,F,32,1,1,0.8264865875244141,-1.3809573650360107,0.4313300549983978,300,1.0899192872457206,40,0
20,300,1,F,32,1,2,0.05680835247039795,-1.3265455961227417,0.35316863656044006,300,1.0899192872457206,53,0
20,300,1,F,32,1,3,0.44178831577301025,-1.2661967277526855,0.372036337852478,300,1.0899192872457206,46,0
20,300,1,F,33,0,0,14.345513343811035,0.43171608448028564,0.40662240982055664,300,1.1580026498995721,51,0
20,300,1,F,33,0,1,12.549213409423828,0.42581337690353394,0.3443448841571808,300,1.1580026498995721,51,0
20,300,1,F,33,0,2,13.271303176879883,0.765504002571106,0.38345208764076233,300,1.1580026498995721,46,0
20,300,1,F,33,0,3,10.19975471496582,0.8520172834396362,0.2630082964897156,300,1.1580026498995721,51,0
20,300,1,F,33,1,0,10.56872844696045,-0.42210453748703003,0.3119630515575409,300,1.1832983321510255,58,0
20,300,1,F,33,1,1,15.7715425491333,0.28865933418273926,0.4196039140224457,300,1.1832983321510255,67,0
20,300,1,F,33,1,2,6.4267730712890625,-0.5111637115478516,0.21361181139945984,300,1.1832983321510255,62,0
20,300,1,F,33,1,3,7.065814971923828,1.0285906791687012,0.1991841197013855,300,1.1832983321510255,60,0
20,300,1,F,34,0,0,10.132965087890625,0.2563689351081848,0.324805349111557,300,1.1290764776058495,56,0
20,300,1,F,34,0,1,10.871257781982422,0.5669975280761719,0.38136523962020874,300,1.1290764776058495,48,0
20,300,1,F,34,0,2,7.772588729858398,0.6039338111877441,0.25555065274238586,300,1.1290764776058495,52,0
20,300,1,F,34,0,3,7.215791702270508,0.7444038391113281,0.26957035064697266,300,1.1290764776058495,39,0
20,300,1,F,34,1,0,12.669550895690918,-0.6149970889091492,0.361430823802948,300,1.1562276831828058,70,0
20,300,1,F,34,1,1,12.413495063781738,-0.5225850939750671,0.34540602564811707,300,1.1562276831828058,59,0
20,300,1,F,34,1,2,12.840325355529785,-0.6146999597549438,0.41229432821273804,300,1.1562276831828058,39,0
20,300,1,F,34,1,3,11.239214897155762,-0.20883572101593018,0.4003828763961792,300,1.1562276831828058,49,0
20,300,1,F,35,0,0,10.644721984863281,1.1804523468017578,0.277461439371109,300,1.1882939939387143,39,0
20,300,1,F,35,0,1,11.737405776977539,1.0999782085418701,0.28813397884368896,300,1.1882939939387143,51,0
20,300,1,F,35,0,2,12.874576568603516,0.9527244567871094,0.29937541484832764,300,1.1882939939387143,49,0
20,300,1,F,35,0,3,15.302297592163086,0.8592362403869629,0.3400350511074066,300,1.1882939939387143,54,0
20,300,1,F,35,1,0,8.239784240722656,1.7640907764434814,0.4676012098789215,300,1.0846284460276365,50,0
20,300,1,F,35,1,1,6.9686994552612305,1.5289326906204224,0.35112565755844116,300,1.0846284460276365,47,0
20,300,1,F,35,1,2,4.019465446472168,1.9222040176391602,0.17116904258728027,300,1.0846284460276365,47,0
20,300,1,F,35,1,3,5.452553749084473,1.6139286756515503,0.31841006875038147,300,1.0846284460276365,40,0
20,300,2,F,0,0,0,9.268180847167969,2.453099250793457,0.5542426109313965,300,1.1825001388788223,93,0
20,300,2,F,0,0,1,8.467914581298828,2.4739980697631836,0.5047734379768372,300,1.1825001388788223,93,0
20,300,2,F,0,0,2,8.411083221435547,2.108403205871582,0.5091043710708618,300,1.1825001388788223,94,0
20,300,2,F,0,0,3,6.892848491668701,2.566800594329834,0.444156289100647,300,1.1825001388788223,93,0
20,300,2,F,0,1,0,12.757590293884277,0.10318684577941895,0.5364387035369873,300,1.1438001319766045,79,0
20,300,2,F,0,1,1,9.30138111114502,-0.06769442558288574,0.43517979979515076,300,1.1438001319766045,90,0
20,300,2,F,0,1,2,9.509711265563965,0.12170910835266113,0.4553665816783905,300,1.1438001319766045,87,0
20,300,2,F,0,1,3,10.085358619689941,0.45184028148651123,0.48254579305648804,300,1.1438001319766045,86,0
20,300,2,F,1,0,0,14.108827590942383,3.1543824672698975,0.5427457690238953,300,1.1201344872824848,95,0
20,300,2,F,1,0,1,12.53827953338623,2.461766242980957,0.491849422454834,300,1.1201344872824848,95,0
20,300,2,F,1,0,2,11.353808403015137,2.8313374519348145,0.41597622632980347,300,1.1201344872824848,96,0
20,300,2,F,1,0,3,10.700164794921875,3.0899276733398438,0.3973647952079773,300,1.1201344872824848,96,0
20,300,2,F,1,1,0,4.537968635559082,0.11206257343292236,0.4573005735874176,300,1.1306194071657956,91,0
20,300,2,F,1,1,1,3.966437578201294,-0.12502124905586243,0.43911874294281006,300,1.1306194071657956,95,0
20,300,2,F,1,1,2,6.827901840209961,-0.03127989172935486,0.5421531796455383,300,1.1306194071657956,91,0
20,300,2,F,1,1,3,5.098812103271484,-0.21601949632167816,0.550906777381897,300,1.1306194071657956,93,0
20,300,2,F,2,0,0,11.329084396362305,0.9031214714050293,0.4288642704486847,300,1.0497733047232032,95,0
20,300,2,F,2,0,1,12.832437515258789,0.7117149829864502,0.4492674469947815,300,1.0497733047232032,87,0
20,300,2,F,2,0,2,11.705644607543945,1.018578052520752,0.49255746603012085,300,1.0497733047232032,93,0
20,300,2,F,2,0,3,13.666425704956055,0.7713038921356201,0.5009571313858032,300,1.0497733047232032,92,0
20,300,2,F,2,1,0,7.616372585296631,-0.8019300699234009,0.4369935989379883,300,1.1233398728072643,96,0
20,300,2,F,2,1,1,5.684296131134033,-0.7919716238975525,0.3475455045700073,300,1.1233398728072643,92,0
20,300,2,F,2,1,2,8.090076446533203,-0.9727229475975037,0.45973965525627136,300,1.1233398728072643,92,0
20,300,2,F,2,1,3,5.809021949768066,-0.7545681595802307,0.3444708585739136,300,1.1233398728072643,92,0
20,300,2,F,3,0,0,31.34212875366211,3.7562320232391357,0.38492831587791443,300,1.0991205521859229,93,0
20,300,2,F,3,0,1,30.834346771240234,3.7025909423828125,0.36608996987342834,300,1.0991205521859229,93,0
20,300,2,F,3,0,2,34.11967086791992,3.7185122966766357,0.457684725522995,300,1.0991205521859229,94,0
20,300,2,F,3,0,3,24.64101791381836,2.967263698577881,0.3192494213581085,300,1.0991205521859229,94,0
20,300,2,F,3,1,0,14.17695140838623,0.1109771728515625,0.22349800169467926,300,1.1606513680890203,93,0
20,300,2,F,3,1,1,10.868550300598145,0.9951282739639282,0.23009702563285828,300,1.1606513680890203,95,0
20,300,2,F,3,1,2,13.00742244720459,0.5037854909896851,0.27233392000198364,300,1.1606513680890203,95,0
20,300,2,F,3,1,3,18.347496032714844,1.1832904815673828,0.31553393602371216,300,1.1606513680890203,92,0
20,300,2,F,4,0,0,11.664019584655762,3.08036732673645,0.2619134485721588,300,1.0429730545729399,96,0
20,300,2,F,4,0,1,11.101280212402344,2.6727652549743652,0.23525400459766388,300,1.0429730545729399,96,0
20,300,2,F,4,0,2,17.411903381347656,3.045846462249756,0.3704315423965454,300,1.0429730545729399,96,0
20,300,2,F,4,0,3,16.005491256713867,3.012117385864258,0.3079378306865692,300,1.0429730545729399,96,0
20,300,2,F,4,1,0,4.298184394836426,-1.363999366760254,0.32007989287376404,300,1.1299980939365923,93,0
20,300,2,F,4,1,1,7.973040580749512,-1.1887935400009155,0.4676273763179779,300,1.1299980939365923,90,0
20,300,2,F,4,1,2,5.459632873535156,-1.1048545837402344,0.3807585537433624,300,1.1299980939365923,93,0
20,300,2,F,4,1,3,6.959650039672852,-1.0252773761749268,0.34853291511535645,300,1.1299980939365923,96,0
20,300,2,F,5,0,0,8.26202392578125,2.051693916320801,0.4176107943058014,300,1.0850173961371183,92,0
20,300,2,F,5,0,1,7.465131759643555,2.089205265045166,0.3424786627292633,300,1.0850173961371183,92,0
20,300,2,F,5,0,2,9.499939918518066,2.076991081237793,0.46056053042411804,300,1.0850173961371183,85,0
20,300,2,F,5,0,3,8.96641731262207,2.1635234355926514,0.36857110261917114,300,1.0850173961371183,93,0
20,300,2,F,5,1,0,15.990455627441406,-0.05831646919250488,0.3869078755378723,300,1.2593331206589937,93,0
20,300,2,F,5,1,1,12.651693344116211,-0.014044344425201416,0.34815704822540283,300,1.2593331206589937,93,0
20,300,2,F,5,1,2,9.445605278015137,-0.49082043766975403,0.29184094071388245,300,1.2593331206589937,93,0
20,300,2,F,5,1,3,16.38580894470215,-0.42689454555511475,0.3938892185688019,300,1.2593331206589937,93,0
20,300,2,F,6,0,0,26.61004066467285,1.5551748275756836,0.24177387356758118,300,1.2189251179806888,92,0
20,300,2,F,6,0,1,31.679576873779297,1.1274006366729736,0.2621094286441803,300,1.2189251179806888,94,0
20,300,2,F,6,0,2,40.66617202758789,2.142235040664673,0.31477102637290955,300,1.2189251179806888,91,0
20,300,2,F,6,0,3,32.44700241088867,2.7622716426849365,0.27186253666877747,300,1.2189251179806888,95,0
20,300,2,F,6,1,0,18.161739349365234,2.993913412094116,0.16634754836559296,300,1.2268526148982346,94,0
20,300,2,F,6,1,1,22.529438018798828,2.211040496826172,0.20815080404281616,300,1.2268526148982346,93,0
20,300,2,F,6,1,2,26.499223709106445,3.1223273277282715,0.25726911425590515,300,1.2268526148982346,93,0
20,300,2,F,6,1,3,30.976787567138672,2.2067959308624268,0.25099697709083557,300,1.2268526148982346,96,0
20,300,2,F,7,0,0,13.433576583862305,2.273345708847046,0.2157154679298401,300,1.0553757874295115,96,0
20,300,2,F,7,0,1,17.93805694580078,2.254307746887207,0.2956942021846771,300,1.0553757874295115,92,0
20,300,2,F,7,0,2,14.884125709533691,2.423074245452881,0.2138097584247589,300,1.0553757874295115,95,0
20,300,2,F,7,0,3,9.677839279174805,2.6210711002349854,0.14186052978038788,300,1.0553757874295115,94,0
20,300,2,F,7,1,0,21.719783782958984,1.3833272457122803,0.40687623620033264,300,1.1544434856623411,95,0
20,300,2,F,7,1,1,12.011616706848145,0.8960331678390503,0.24655531346797943,300,1.1544434856623411,93,0
20,300,2,F,7,1,2,13.937983512878418,0.8160289525985718,0.25377383828163147,300,1.1544434856623411,95,0
20,300,2,F,7,1,3,14.306577682495117,1.3005250692367554,0.287767231464386,300,1.1544434856623411,93,0
20,300,2,F,8,0,0,4.504683017730713,1.1308377981185913,0.08647564798593521,300,1.0999125693924725,96,0
20,300,2,F,8,0,1,10.148760795593262,1.0412516593933105,0.1927049309015274,300,1.0999125693924725,96,0
20,300,2,F,8,0,2,6.569416522979736,0.9062508344650269,0.15465208888053894,300,1.0999125693924725,96,0
20,300,2,F,8,0,3,12.305617332458496,1.1285371780395508,0.25941210985183716,300,1.0999125693924725,95,0
20,300,2,F,8,1,0,14.925996780395508,3.092008352279663,0.2618127763271332,300,1.1195138818584383,96,0
20,300,2,F,8,1,1,9.749479293823242,2.513573408126831,0.20357485115528107,300,1.1195138818584383,95,0
20,300,2,F,8,1,2,8.042329788208008,2.5688865184783936,0.13131234049797058,300,1.1195138818584383,96,0
20,300,2,F,8,1,3,11.234466552734375,2.4996845722198486,0.23243175446987152,300,1.1195138818584383,95,0
20,300,2,F,9,0,0,9.22131061553955,2.6598305702209473,0.25131499767303467,300,1.1958931693807244,96,0
20,300,2,F,9,0,1,12.14574146270752,2.3049185276031494,0.2754535377025604,300,1.1958931693807244,95,0
20,300,2,F,9,0,2,13.052593231201172,2.7035868167877197,0.27490511536598206,300,1.1958931693807244,95,0
20,300,2,F,9,0,3,9.039137840270996,2.652233839035034,0.19871945679187775,300,1.1958931693807244,93,0
20,300,2,F,9,1,0,15.779260635375977,2.6223855018615723,0.266911119222641,300,1.217989536933601,94,0
20,300,2,F,9,1,1,10.593145370483398,2.8823354244232178,0.1760755181312561,300,1.217989536933601,96,0
20,300,2,F,9,1,2,19.884187698364258,2.507915735244751,0.3271465003490448,300,1.217989536933601,94,0
20,300,2,F,9,1,3,11.103632926940918,2.7272729873657227,0.2011183351278305,300,1.217989536933601,93,0
20,300,2,F,10,0,0,19.882137298583984,0.797827959060669,0.35091909766197205,300,1.2055420530959964,96,0
20,300,2,F,10,0,1,15.620132446289062,0.6918849945068359,0.2836792469024658,300,1.2055420530959964,96,0
20,300,2,F,10,0,2,14.99620246887207,1.0502567291259766,0.2940216660499573,300,1.2055420530959964,96,0
20,300,2,F,10,0,3,23.970731735229492,0.9467422962188721,0.4049970507621765,300,1.2055420530959964,96,0
20,300,2,F,10,1,0,9.671875953674316,-0.5025807619094849,0.3031432032585144,300,1.074634086806327,95,0
20,300,2,F,10,1,1,5.6640119552612305,-0.1612151861190796,0.18361912667751312,300,1.074634086806327,93,0
20,300,2,F,10,1,2,8.702988624572754,0.1384795904159546,0.288971483707428,300,1.074634086806327,94,0
20,300,2,F,10,1,3,8.646261215209961,-0.2614924907684326,0.29974544048309326,300,1.074634086806327,95,0
20,300,2,F,11,0,0,1.8871660232543945,-1.1802735328674316,0.3187671899795532,300,1.217495837714523,91,0
20,300,2,F,11,0,1,2.0852367877960205,-1.2027678489685059,0.33656397461891174,300,1.217495837714523,95,0
20,300,2,F,11,0,2,0.5133988857269287,-1.2278870344161987,0.21416179835796356,300,1.217495837714523,95,0
20,300,2,F,11,0,3,1.0959296226501465,-1.0533664226531982,0.26364654302597046,300,1.217495837714523,93,0
20,300,2,F,11,1,0,3.719280242919922,0.37414300441741943,0.186061292886734,300,1.2258973978459835,94,0
20,300,2,F,11,1,1,6.505157470703125,0.3828386068344116,0.3152380585670471,300,1.2258973978459835,94,0
20,300,2,F,11,1,2,5.182920932769775,-0.1369532346725464,0.2898232042789459,300,1.2258973978459835,92,0
20,300,2,F,11,1,3,9.371870994567871,0.4808238744735718,0.4192928075790405,300,1.2258973978459835,94,0
20,300,2,F,12,0,0,-0.6429194808006287,-1.3659330606460571,0.7062816023826599,300,1.163965281099081,96,0
20,300,2,F,12,0,1,-0.7491077184677124,-1.39508855342865,0.6788979172706604,300,1.163965281099081,96,0
20,300,2,F,12,0,2,-0.8350474238395691,-1.3784403800964355,0.6397861242294312,300,1.163965281099081,93,0
20,300,2,F,12,0,3,-0.6939939260482788,-1.3703701496124268,0.683925449848175,300,1.163965281099081,94,0
20,300,2,F,12,1,0,1.7988674640655518,-0.5159932374954224,0.59995436668396,300,1.184971788432449,96,0
20,300,2,F,12,1,1,1.7945311069488525,-0.826076865196228,0.66087806224823,300,1.184971788432449,95,0
20,300,2,F,12,1,2,2.194581985473633,-0.6959495544433594,0.7123447060585022,300,1.184971788432449,96,0
20,300,2,F,12,1,3,1.7932298183441162,-0.666657567024231,0.656333327293396,300,1.184971788432449,96,0
20,300,2,F,13,0,0,3.61972975730896,2.184854030609131,0.6059290766716003,300,1.232512513641268,94,0
20,300,2,F,13,0,1,4.0512285232543945,2.5050811767578125,0.6067761778831482,300,1.232512513641268,94,0
20,300,2,F,13,0,2,3.6137566566467285,1.9199426174163818,0.6348830461502075,300,1.232512513641268,94,0
20,300,2,F,13,0,3,3.6141934394836426,2.240311861038208,0.5551877021789551,300,1.232512513641268,95,0
20,300,2,F,13,1,0,2.058302402496338,1.444248914718628,0.5373576283454895,300,1.2149911266751587,93,0
20,300,2,F,13,1,1,2.174447536468506,1.401540994644165,0.5901228785514832,300,1.2149911266751587,94,0
20,300,2,F,13,1,2,2.2043166160583496,1.4752813577651978,0.6303569674491882,300,1.2149911266751587,92,0
20,300,2,F,13,1,3,2.1594924926757812,1.4823150634765625,0.5896602272987366,300,1.2149911266751587,91,0
20,300,2,F,14,0,0,4.856734275817871,2.2024245262145996,0.5728145837783813,300,1.10489198891446,90,0
20,300,2,F,14,0,1,4.970536231994629,2.4170775413513184,0.5487000346183777,300,1.10489198891446,93,0
20,300,2,F,14,0,2,4.046027183532715,2.3079376220703125,0.4381476044654846,300,1.10489198891446,95,0
20,300,2,F,14,0,3,4.469343185424805,2.176623821258545,0.5296332240104675,300,1.10489198891446,96,0
20,300,2,F,14,1,0,-0.19248437881469727,-1.2979507446289062,0.4853762686252594,300,1.1236439552158117,95,0
20,300,2,F,14,1,1,0.1011422872543335,-1.2842772006988525,0.5950364470481873,300,1.1236439552158117,96,0
20,300,2,F,14,1,2,-0.03319978713989258,-0.9224365949630737,0.4672233760356903,300,1.1236439552158117,94,0
20,300,2,F,14,1,3,-0.13625431060791016,-1.2591168880462646,0.5178488492965698,300,1.1236439552158117,95,0
20,300,2,F,15,0,0,0.16026026010513306,-3.4477789402008057,0.8394967317581177,300,1.2017683279700577,96,0
20,300,2,F,15,0,1,0.36825597286224365,-3.079873561859131,0.8376248478889465,300,1.2017683279700577,96,0
20,300,2,F,15,0,2,0.1191205382347107,-3.3514633178710938,0.8553630709648132,300,1.2017683279700577,96,0
20,300,2,F,15,0,3,-0.06006801128387451,-3.085712432861328,0.8242322206497192,300,1.2017683279700577,96,0
20,300,2,F,15,1,0,0.36202651262283325,-1.0415959358215332,0.8496644496917725,300,1.2319485750049353,94,0
20,300,2,F,15,1,1,0.39238953590393066,-1.0265382528305054,0.8355989456176758,300,1.2319485750049353,95,0
20,300,2,F,15,1,2,0.2556845545768738,-1.0377962589263916,0.831788957118988,300,1.2319485750049353,96,0
20,300,2,F,15,1,3,0.08024144172668457,-1.069824457168579,0.7798434495925903,300,1.2319485750049353,95,0
20,300,2,F,16,0,0,-0.428364634513855,-1.7778077125549316,0.7837252020835876,300,1.2002642680890858,95,0
20,300,2,F,16,0,1,-0.8307321667671204,-1.9299581050872803,0.7722781300544739,300,1.2002642680890858,93,0
20,300,2,F,16,0,2,-0.688959002494812,-1.5071423053741455,0.6846954822540283,300,1.2002642680890858,88,0
20,300,2,F,16,0,3,-0.5822317600250244,-1.5952742099761963,0.7423306703567505,300,1.2002642680890858,93,0
20,300,2,F,16,1,0,-1.700178623199463,-2.309478282928467,0.7897722125053406,300,1.1262804768048227,95,0
20,300,2,F,16,1,1,-1.65159010887146,-2.262899875640869,0.8108605146408081,300,1.1262804768048227,88,0
20,300,2,F,16,1,2,-1.6830289363861084,-2.299211025238037,0.8095948100090027,300,1.1262804768048227,93,0
20,300,2,F,16,1,3,-1.6808348894119263,-2.0100722312927246,0.6862154603004456,300,1.1262804768048227,89,0
20,300,2,F,17,0,0,1.1177902221679688,0.7030736207962036,0.6978904604911804,300,1.1541451513767242,96,0
20,300,2,F,17,0,1,1.15616774559021,0.6521801948547363,0.7437586188316345,300,1.1541451513767242,96,0
20,300,2,F,17,0,2,1.162825107574463,0.6599502563476562,0.736879289150238,300,1.1541451513767242,96,0
20,300,2,F,17,0,3,1.1393401622772217,0.6142502427101135,0.7336344718933105,300,1.1541451513767242,96,0
20,300,2,F,17,1,0,-0.0437244176864624,-2.5561702251434326,0.6831842064857483,300,1.0703783510252833,94,0
20,300,2,F,17,1,1,0.282055139541626,-2.6215946674346924,0.7771363854408264,300,1.0703783510252833,95,0
20,300,2,F,17,1,2,0.06983470916748047,-2.833127975463867,0.7369856834411621,300,1.0703783510252833,93,0
20,300,2,F,17,1,3,0.31808435916900635,-2.3757243156433105,0.7428640723228455,300,1.0703783510252833,94,0
20,300,2,F,18,0,0,1.0592721700668335,-1.4270634651184082,0.48103854060173035,300,1.0800604512915015,95,0
20,300,2,F,18,0,1,1.547012448310852,-1.357917070388794,0.5445883274078369,300,1.0800604512915015,95,0
20,300,2,F,18,0,2,1.0097144842147827,-1.3393409252166748,0.467926025390625,300,1.0800604512915015,96,0
20,300,2,F,18,0,3,0.684126615524292,-1.3844372034072876,0.44346463680267334,300,1.0800604512915015,93,0
20,300,2,F,18,1,0,0.945274829864502,-0.3158871829509735,0.4996562898159027,300,1.1418712860904634,96,0
20,300,2,F,18,1,1,0.6483034491539001,-0.5373334884643555,0.4820173978805542,300,1.1418712860904634,96,0
20,300,2,F,18,1,2,0.7073157429695129,-0.4754355251789093,0.428914338350296,300,1.1418712860904634,95,0
20,300,2,F,18,1,3,0.9857264757156372,-0.3693503737449646,0.4586976170539856,300,1.1418712860904634,95,0
20,300,2,F,19,0,0,5.884248733520508,0.06371474266052246,0.4094937741756439,300,1.1587788690812886,94,0
20,300,2,F,19,0,1,6.482381820678711,-0.6390953063964844,0.49840760231018066,300,1.1587788690812886,93,0
20,300,2,F,19,0,2,3.8034849166870117,-0.5118780136108398,0.37995490431785583,300,1.1587788690812886,94,0
20,300,2,F,19,0,3,5.20123291015625,0.761730432510376,0.36263877153396606,300,1.1587788690812886,94,0
20,300,2,F,19,1,0,9.659049987792969,-0.7598814964294434,0.5825250744819641,300,1.0882358131930232,94,0
20,300,2,F,19,1,1,6.938770771026611,1.1635210514068604,0.3859996795654297,300,1.0882358131930232,94,0
20,300,2,F,19,1,2,8.370745658874512,0.18684792518615723,0.4736045300960541,300,1.0882358131930232,94,0
20,300,2,F,19,1,3,8.03619384765625,-0.2916872501373291,0.49335405230522156,300,1.0882358131930232,95,0
20,300,2,F,20,0,0,3.311030387878418,-0.41067004203796387,0.49004778265953064,300,1.2106961561366916,93,0
20,300,2,F,20,0,1,3.242724895477295,0.10302489995956421,0.44155916571617126,300,1.2106961561366916,92,0
20,300,2,F,20,0,2,2.6527583599090576,0.18655043840408325,0.38417288661003113,300,1.2106961561366916,92,0
20,300,2,F,20,0,3,2.4516329765319824,-0.02992379665374756,0.3924558460712433,300,1.2106961561366916,93,0
20,300,2,F,20,1,0,1.6023926734924316,-2.3497018814086914,0.4370691478252411,300,1.117360481992364,95,0
20,300,2,F,20,1,1,1.1889114379882812,-2.5790719985961914,0.39403149485588074,300,1.117360481992364,96,0
20,300,2,F,20,1,2,2.9901373386383057,-2.3926310539245605,0.43502941727638245,300,1.117360481992364,94,0
20,300,2,F,20,1,3,1.3809013366699219,-2.7647955417633057,0.43919816613197327,300,1.117360481992364,96,0
20,300,2,F,21,0,0,0.46212494373321533,-1.1252996921539307,0.6397433876991272,300,1.113171426113695,95,0
20,300,2,F,21,0,1,0.15289413928985596,-1.3302900791168213,0.6374914646148682,300,1.113171426113695,95,0
20,300,2,F,21,0,2,1.0212726593017578,-0.9513778686523438,0.6998093724250793,300,1.113171426113695,95,0
20,300,2,F,21,0,3,0.4810326099395752,-1.2991262674331665,0.6362953782081604,300,1.113171426113695,95,0
20,300,2,F,21,1,0,3.716449737548828,2.094569683074951,0.7235381007194519,300,1.1284728748723865,91,0
20,300,2,F,21,1,1,3.26900053024292,2.0494227409362793,0.6328870058059692,300,1.1284728748723865,95,0
20,300,2,F,21,1,2,3.6735219955444336,1.964436411857605,0.7047207951545715,300,1.1284728748723865,94,0
20,300,2,F,21,1,3,2.978513240814209,1.9928133487701416,0.5640077590942383,300,1.1284728748723865,94,0
20,300,2,F,22,0,0,0.03083980083465576,-0.7911385893821716,0.6187761425971985,300,1.0698822950944304,95,0
20,300,2,F,22,0,1,-0.050605952739715576,-0.7369288802146912,0.6020405888557434,300,1.0698822950944304,96,0
20,300,2,F,22,0,2,0.06752771139144897,-0.7325049638748169,0.6453376412391663,300,1.0698822950944304,95,0
20,300,2,F,22,0,3,0.24607670307159424,-0.7322908043861389,0.6937891244888306,300,1.0698822950944304,95,0
20,300,2,F,22,1,0,3.0932068824768066,-0.3169286847114563,0.6798374652862549,300,1.1503749620169401,87,0
20,300,2,F,22,1,1,2.769551992416382,-0.45042723417282104,0.6671996712684631,300,1.1503749620169401,92,0
20,300,2,F,22,1,2,2.637209892272949,-0.22311675548553467,0.6345998048782349,300,1.1503749620169401,93,0
20,300,2,F,22,1,3,2.8790688514709473,-0.38500460982322693,0.6446495652198792,300,1.1503749620169401,95,0
20,300,2,F,23,0,0,3.1784818172454834,1.8922194242477417,0.571404218673706,300,1.0855406639166176,95,0
20,300,2,F,23,0,1,2.639061212539673,1.9134958982467651,0.46305638551712036,300,1.0855406639166176,95,0
20,300,2,F,23,0,2,3.1238057613372803,1.9645007848739624,0.5092041492462158,300,1.0855406639166176,96,0
20,300,2,F,23,0,3,3.1010241508483887,1.924949288368225,0.5168756246566772,300,1.0855406639166176,96,0
20,300,2,F,23,1,0,2.1201882362365723,0.457091748714447,0.5901294946670532,300,1.041279077064246,95,0
20,300,2,F,23,1,1,2.3148772716522217,0.3085443377494812,0.6533226370811462,300,1.041279077064246,93,0
20,300,2,F,23,1,2,1.8283836841583252,0.6321502923965454,0.47355711460113525,300,1.041279077064246,93,0
20,300,2,F,23,1,3,1.9414035081863403,0.5400993824005127,0.5206566452980042,300,1.041279077064246,94,0
20,300,2,F,24,0,0,7.536741256713867,2.26192569732666,0.2640131115913391,300,1.0645129652693868,96,0
20,300,2,F,24,0,1,6.957164764404297,2.5130767822265625,0.2458522617816925,300,1.0645129652693868,96,0
20,300,2,F,24,0,2,7.454995155334473,1.9572510719299316,0.2949672341346741,300,1.0645129652693868,96,0
20,300,2,F,24,0,3,5.857394218444824,2.4042482376098633,0.2099074274301529,300,1.0645129652693868,96,0
20,300,2,F,24,1,0,4.170969009399414,-0.4889514446258545,0.33084970712661743,300,1.158325276337564,94,0
20,300,2,F,24,1,1,3.1101577281951904,-0.596015989780426,0.3084346652030945,300,1.158325276337564,94,0
20,300,2,F,24,1,2,2.754803419113159,-0.36438292264938354,0.27354010939598083,300,1.158325276337564,96,0
20,300,2,F,24,1,3,4.859530448913574,-0.17102891206741333,0.3559702932834625,300,1.158325276337564,91,0
20,300,2,F,25,0,0,3.3367128372192383,0.653321385383606,0.27549809217453003,300,1.0574756800197065,93,0
20,300,2,F,25,0,1,4.068171977996826,0.7301065921783447,0.3083150386810303,300,1.0574756800197065,93,0
20,300,2,F,25,0,2,3.6948890686035156,0.6048083901405334,0.30176517367362976,300,1.0574756800197065,93,0
20,300,2,F,25,0,3,2.6363768577575684,0.8352529406547546,0.18798983097076416,300,1.0574756800197065,95,0
20,300,2,F,25,1,0,15.610319137573242,2.650984287261963,0.42864879965782166,300,1.1540254759602249,96,0
20,300,2,F,25,1,1,12.766303062438965,3.0881404876708984,0.35502374172210693,300,1.1540254759602249,91,0
20,300,2,F,25,1,2,12.769890785217285,2.4890997409820557,0.38744017481803894,300,1.1540254759602249,95,0
20,300,2,F,25,1,3,13.68411922454834,3.0892014503479004,0.3960844874382019,300,1.1540254759602249,95,0
20,300,2,F,26,0,0,4.9614458084106445,2.170198678970337,0.3545565605163574,300,1.099758612923324,95,0
20,300,2,F,26,0,1,4.402622699737549,2.1484224796295166,0.28455665707588196,300,1.099758612923324,93,0
20,300,2,F,26,0,2,4.670346260070801,2.2057409286499023,0.2947578430175781,300,1.099758612923324,94,0
20,300,2,F,26,0,3,4.915213584899902,2.222672462463379,0.35286813974380493,300,1.099758612923324,93,0
20,300,2,F,26,1,0,3.215507745742798,0.1828591525554657,0.26935961842536926,300,1.2347417469136417,94,0
20,300,2,F,26,1,1,3.2463724613189697,0.2354142665863037,0.31274905800819397,300,1.2347417469136417,92,0
20,300,2,F,26,1,2,4.035042762756348,0.22046875953674316,0.3582322895526886,300,1.2347417469136417,90,0
20,300,2,F,26,1,3,4.174732685089111,0.5054501295089722,0.28560563921928406,300,1.2347417469136417,91,0
20,300,2,F,27,0,0,8.455286026000977,1.0186790227890015,0.3988673686981201,300,1.1328413807787001,94,0
20,300,2,F,27,0,1,6.1298675537109375,0.6935853362083435,0.2821882665157318,300,1.1328413807787001,94,0
20,300,2,F,27,0,2,8.379063606262207,0.8579580783843994,0.3673541247844696,300,1.1328413807787001,94,0
20,300,2,F,27,0,3,6.290949821472168,0.7419933676719666,0.24802424013614655,300,1.1328413807787001,94,0
20,300,2,F,27,1,0,35.09771728515625,4.414568901062012,0.3543594479560852,300,1.132601975928992,95,0
20,300,2,F,27,1,1,15.824234962463379,4.05396842956543,0.1715487390756607,300,1.132601975928992,95,0
20,300,2,F,27,1,2,17.342388153076172,5.729428291320801,0.1643180251121521,300,1.132601975928992,93,0
20,300,2,F,27,1,3,31.87176513671875,4.704594135284424,0.36317697167396545,300,1.132601975928992,93,0
20,300,2,F,28,0,0,13.597496032714844,2.5244505405426025,0.41435232758522034,300,1.1428525731898844,92,0
20,300,2,F,28,0,1,14.634281158447266,2.778864860534668,0.3325508236885071,300,1.1428525731898844,95,0
20,300,2,F,28,0,2,8.162862777709961,2.8154845237731934,0.2447269707918167,300,1.1428525731898844,95,0
20,300,2,F,28,0,3,11.917947769165039,2.4868271350860596,0.34985053539276123,300,1.1428525731898844,93,0
20,300,2,F,28,1,0,16.721824645996094,0.5738956928253174,0.2967666685581207,300,1.1419259910471737,96,0
20,300,2,F,28,1,1,12.063434600830078,1.2920544147491455,0.27326157689094543,300,1.1419259910471737,96,0
20,300,2,F,28,1,2,16.14695930480957,0.38602375984191895,0.35504069924354553,300,1.1419259910471737,96,0
20,300,2,F,28,1,3,19.622005462646484,0.2682766914367676,0.407786101102829,300,1.1419259910471737,94,0
20,300,2,F,29,0,0,4.0412797927856445,1.8635417222976685,0.22043192386627197,300,1.1810062527656555,95,0
20,300,2,F,29,0,1,4.44003963470459,1.7437816858291626,0.3068366050720215,300,1.1810062527656555,96,0
20,300,2,F,29,0,2,4.409505844116211,1.875364065170288,0.28619104623794556,300,1.1810062527656555,95,0
20,300,2,F,29,0,3,5.632015228271484,1.7888157367706299,0.3367592990398407,300,1.1810062527656555,96,0
20,300,2,F,29,1,0,24.078847885131836,1.7931921482086182,0.39157968759536743,300,1.0819504889659584,93,0
20,300,2,F,29,1,1,18.49764060974121,1.8201026916503906,0.2946796715259552,300,1.0819504889659584,94,0
20,300,2,F,29,1,2,13.89561653137207,2.3186428546905518,0.23195841908454895,300,1.0819504889659584,92,0
20,300,2,F,29,1,3,29.32299041748047,2.034930467605591,0.40608716011047363,300,1.0819504889659584,94,0
20,300,2,F,30,0,0,5.677286624908447,0.4372715651988983,0.3714584410190582,300,1.1684099822305143,95,0
20,300,2,F,30,0,1,4.888853549957275,1.0990347862243652,0.29338330030441284,300,1.1684099822305143,95,0
20,300,2,F,30,0,2,3.956131935119629,0.5736021995544434,0.25748446583747864,300,1.1684099822305143,96,0
20,300,2,F,30,0,3,6.030056476593018,0.4937228560447693,0.3991611897945404,300,1.1684099822305143,94,0
20,300,2,F,30,1,0,5.2399396896362305,0.5461050868034363,0.45655280351638794,300,1.1245427881367505,95,0
20,300,2,F,30,1,1,3.3414108753204346,0.39680230617523193,0.2953621447086334,300,1.1245427881367505,96,0
20,300,2,F,30,1,2,6.3470563888549805,0.6594291925430298,0.45524242520332336,300,1.1245427881367505,93,0
20,300,2,F,30,1,3,4.630431652069092,0.6217037439346313,0.4034747779369354,300,1.1245427881367505,95,0
20,300,2,F,31,0,0,8.91069507598877,0.5104250311851501,0.38049694895744324,300,1.0987342419102788,93,0
20,300,2,F,31,0,1,6.062234878540039,0.8592634201049805,0.26280131936073303,300,1.0987342419102788,95,0
20,300,2,F,31,0,2,9.36136245727539,1.297649621963501,0.345247745513916,300,1.0987342419102788,93,0
20,300,2,F,31,0,3,4.750014781951904,0.6687166690826416,0.24765758216381073,300,1.0987342419102788,96,0
20,300,2,F,31,1,0,1.031912088394165,-1.861055612564087,0.3368755877017975,300,1.1474555721506476,94,0
20,300,2,F,31,1,1,1.4118194580078125,-2.3419547080993652,0.4182342290878296,300,1.1474555721506476,95,0
20,300,2,F,31,1,2,0.6384313106536865,-2.321218967437744,0.31046628952026367,300,1.1474555721506476,93,0
20,300,2,F,31,1,3,1.8410489559173584,-2.255171060562134,0.3639513850212097,300,1.1474555721506476,95,0
20,300,2,F,32,0,0,3.1538124084472656,1.6170729398727417,0.3806655704975128,300,1.1981761818751693,92,0
20,300,2,F,32,0,1,3.2380013465881348,1.667592167854309,0.4088125228881836,300,1.1981761818751693,96,0
20,300,2,F,32,0,2,3.2275748252868652,1.7121853828430176,0.3702080249786377,300,1.1981761818751693,95,0
20,300,2,F,32,0,3,3.0142459869384766,1.6269242763519287,0.35280928015708923,300,1.1981761818751693,94,0
20,300,2,F,32,1,0,0.42813873291015625,-1.2653592824935913,0.36216455698013306,300,1.1796466037631035,93,0
20,300,2,F,32,1,1,0.8264865875244141,-1.2376844882965088,0.41495147347450256,300,1.1796466037631035,95,0
20,300,2,F,32,1,2,0.05680835247039795,-1.3146694898605347,0.35120153427124023,300,1.1796466037631035,96,0
20,300,2,F,32,1,3,0.44178831577301025,-1.3423192501068115,0.3822788596153259,300,1.1796466037631035,94,0
20,300,2,F,33,0,0,14.345513343811035,0.28019487857818604,0.40923839807510376,300,1.1451373109593987,96,0
20,300,2,F,33,0,1,12.549213409423828,0.5648437142372131,0.3417454659938812,300,1.1451373109593987,93,0
20,300,2,F,33,0,2,13.271303176879883,0.0833655297756195,0.39608341455459595,300,1.1451373109593987,95,0
20,300,2,F,33,0,3,10.19975471496582,0.6067006587982178,0.2680603265762329,300,1.1451373109593987,94,0
20,300,2,F,33,1,0,10.56872844696045,-0.9014022350311279,0.3211977183818817,300,1.0938012548722327,93,0
20,300,2,F,33,1,1,15.7715425491333,-0.03080582618713379,0.42458575963974,300,1.0938012548722327,95,0
20,300,2,F,33,1,2,6.4267730712890625,-0.7430438995361328,0.21918633580207825,300,1.0938012548722327,95,0
20,300,2,F,33,1,3,7.065814971923828,-0.4154670238494873,0.23560257256031036,300,1.0938012548722327,95,0
20,300,2,F,34,0,0,10.132965087890625,0.30241596698760986,0.3237813413143158,300,1.1547603481449187,94,0
20,300,2,F,34,0,1,10.871257781982422,0.14920681715011597,0.3907853066921234,300,1.1547603481449187,94,0
20,300,2,F,34,0,2,7.772588729858398,0.6239219903945923,0.255019873380661,300,1.1547603481449187,95,0
20,300,2,F,34,0,3,7.215791702270508,-0.1035001277923584,0.2944890260696411,300,1.1547603481449187,94,0
20,300,2,F,34,1,0,12.669550895690918,-0.7638785243034363,0.36400702595710754,300,1.1743547250516713,93,0
20,300,2,F,34,1,1,12.413495063781738,-0.9479045867919922,0.3527563810348511,300,1.1743547250516713,95,0
20,300,2,F,34,1,2,12.840325355529785,-0.4957391619682312,0.410144180059433,300,1.1743547250516713,95,0
20,300,2,F,34,1,3,11.239214897155762,-0.8463473916053772,0.41346055269241333,300,1.1743547250516713,95,0
20,300,2,F,35,0,0,10.644721984863281,0.5074417591094971,0.2914416491985321,300,1.0352233089506626,95,0
20,300,2,F,35,0,1,11.737405776977539,0.26439201831817627,0.30388930439949036,300,1.0352233089506626,94,0
20,300,2,F,35,0,2,12.874576568603516,0.7435476779937744,0.3030363917350769,300,1.0352233089506626,96,0
20,300,2,F,35,0,3,15.302297592163086,0.4667406976222992,0.34607768058776855,300,1.0352233089506626,96,0
20,300,2,F,35,1,0,8.239784240722656,1.5186890363693237,0.4768711030483246,300,1.121161906979978,95,0
20,300,2,F,35,1,1,6.9686994552612305,1.6084002256393433,0.34778010845184326,300,1.121161906979978,94,0
20,300,2,F,35,1,2,4.019465446472168,1.672855257987976,0.18769991397857666,300,1.121161906979978,94,0
20,300,2,F,35,1,3,5.452553749084473,1.5514582395553589,0.32192376255989075,300,1.121161906979978,94,0
20,300,0,FR,0,0,0,9.268180847167969,2.2616302967071533,0.5610772967338562,300,1.1736722099594772,59,3
20,300,0,FR,0,0,1,8.467914581298828,2.2681524753570557,0.5132119655609131,300,1.1736722099594772,68,5
20,300,0,FR,0,0,2,8.411083221435547,2.1755213737487793,0.5064284801483154,300,1.1736722099594772,75,10
20,300,0,FR,0,0,3,6.892848491668701,2.144866943359375,0.46723565459251404,300,1.1736722099594772,75,3
20,300,0,FR,0,1,0,12.757590293884277,-0.04970735311508179,0.5394238829612732,300,1.1209903517737985,83,6
20,300,0,FR,0,1,1,9.30138111114502,-0.2136766016483307,0.43898385763168335,300,1.1209903517737985,92,3
20,300,0,FR,0,1,2,9.509711265563965,-0.1199287474155426,0.46167609095573425,300,1.1209903517737985,78,5
20,300,0,FR,0,1,3,10.085358619689941,-0.09479233622550964,0.49633660912513733,300,1.1209903517737985,84,2
20,300,0,FR,1,0,0,14.108827590942383,3.3672709465026855,0.5378713607788086,300,1.0939192129299045,83,5
20,300,0,FR,1,0,1,12.53827953338623,2.5074992179870605,0.49071258306503296,300,1.0939192129299045,90,5
20,300,0,FR,1,0,2,11.353808403015137,2.4742136001586914,0.42598193883895874,300,1.0939192129299045,89,4
20,300,0,FR,1,0,3,10.700164794921875,2.475827217102051,0.41608792543411255,300,1.0939192129299045,90,4
20,300,0,FR,1,1,0,4.537968635559082,-0.06243005394935608,0.4669117331504822,300,1.1526168952696025,69,4
20,300,0,FR,1,1,1,3.966437578201294,-0.1924005001783371,0.44314566254615784,300,1.1526168952696025,94,8
20,300,0,FR,1,1,2,6.827901840209961,-0.06261298060417175,0.5432842969894409,300,1.1526168952696025,85,7
20,300,0,FR,1,1,3,5.098812103271484,-0.29316437244415283,0.5544694066047668,300,1.1526168952696025,90,10
20,300,0,FR,2,0,0,11.329084396362305,0.5213326215744019,0.43769505620002747,300,1.1880876780487597,70,5
20,300,0,FR,2,0,1,12.832437515258789,0.589402437210083,0.45175302028656006,300,1.1880876780487597,69,6
20,300,0,FR,2,0,2,11.705644607543945,0.7131163477897644,0.4996022582054138,300,1.1880876780487597,76,8
20,300,0,FR,2,0,3,13.666425704956055,0.6007128357887268,0.5042425990104675,300,1.1880876780487597,75,6
20,300,0,FR,2,1,0,7.616372585296631,-1.0638611316680908,0.44454604387283325,300,1.174787372816354,74,2
20,300,0,FR,2,1,1,5.684296131134033,-1.1421709060668945,0.35958102345466614,300,1.174787372816354,88,1
20,300,0,FR,2,1,2,8.090076446533203,-1.293431282043457,0.4683884084224701,300,1.174787372816354,73,3
20,300,0,FR,2,1,3,5.809021949768066,-0.8296396136283875,0.3470434546470642,300,1.174787372816354,72,4
20,300,0,FR,3,0,0,31.34212875366211,3.672092914581299,0.38564959168434143,300,1.125744401011616,88,3
20,300,0,FR,3,0,1,30.834346771240234,3.010993719100952,0.37195077538490295,300,1.125744401011616,88,1
20,300,0,FR,3,0,2,34.11967086791992,3.2789111137390137,0.4612502455711365,300,1.125744401011616,91,6
20,300,0,FR,3,0,3,24.64101791381836,2.488089084625244,0.3240205943584442,300,1.125744401011616,85,8
20,300,0,FR,3,1,0,14.17695140838623,-0.13193392753601074,0.2264835238456726,300,1.1259173420257866,84,2
20,300,0,FR,3,1,1,10.868550300598145,-0.2309918999671936,0.2514853775501251,300,1.1259173420257866,87,3
20,300,0,FR,3,1,2,13.00742244720459,0.2766239643096924,0.2759164273738861,300,1.1259173420257866,80,1
20,300,0,FR,3,1,3,18.347496032714844,-0.2695789933204651,0.3333394229412079,300,1.1259173420257866,73,4
20,300,0,FR,4,0,0,11.664019584655762,2.3843307495117188,0.2772631049156189,300,1.134401478804648,85,3
20,300,0,FR,4,0,1,11.101280212402344,2.2591285705566406,0.2439824640750885,300,1.134401478804648,77,4
20,300,0,FR,4,0,2,17.411903381347656,2.401425838470459,0.3807218074798584,300,1.134401478804648,70,1
20,300,0,FR,4,0,3,16.005491256713867,2.7748708724975586,0.311807245016098,300,1.134401478804648,71,2
20,300,0,FR,4,1,0,4.298184394836426,-1.3357760906219482,0.31899338960647583,300,1.2131441212259233,71,5
20,300,0,FR,4,1,1,7.973040580749512,-1.491663932800293,0.47573190927505493,300,1.2131441212259233,75,7
20,300,0,FR,4,1,2,5.459632873535156,-1.4890695810317993,0.3942578434944153,300,1.2131441212259233,87,4
20,300,0,FR,4,1,3,6.959650039672852,-1.2987630367279053,0.35621798038482666,300,1.2131441212259233,85,2
20,300,0,FR,5,0,0,8.26202392578125,2.0241668224334717,0.41868680715560913,300,1.1302415318787098,82,6
20,300,0,FR,5,0,1,7.465131759643555,2.0028185844421387,0.34607741236686707,300,1.1302415318787098,75,3
20,300,0,FR,5,0,2,9.499939918518066,1.9971057176589966,0.4632210433483124,300,1.1302415318787098,76,0
20,300,0,FR,5,0,3,8.96641731262207,2.0260071754455566,0.37324073910713196,300,1.1302415318787098,78,3
20,300,0,FR,5,1,0,15.990455627441406,-0.27867966890335083,0.39014771580696106,300,1.1974066160619259,82,4
20,300,0,FR,5,1,1,12.651693344116211,-0.45033782720565796,0.35588183999061584,300,1.1974066160619259,75,3
20,300,0,FR,5,1,2,9.445605278015137,-0.5418022274971008,0.2928997278213501,300,1.1974066160619259,77,4
20,300,0,FR,5,1,3,16.38580894470215,-0.5775961875915527,0.39602166414260864,300,1.1974066160619259,75,5
20,300,0,FR,6,0,0,26.61004066467285,0.6397006511688232,0.24841347336769104,300,1.1256983922794461,70,5
20,300,0,FR,6,0,1,31.679576873779297,0.05289864540100098,0.26884934306144714,300,1.1256983922794461,76,4
20,300,0,FR,6,0,2,40.66617202758789,0.8664472103118896,0.3218402564525604,300,1.1256983922794461,83,4
20,300,0,FR,6,0,3,32.44700241088867,0.6968119144439697,0.28538042306900024,300,1.1256983922794461,82,7
20,300,0,FR,6,1,0,18.161739349365234,2.282566547393799,0.17280088365077972,300,1.1735888249240816,69,4
20,300,0,FR,6,1,1,22.529438018798828,1.493353009223938,0.21393023431301117,300,1.1735888249240816,72,1
20,300,0,FR,6,1,2,26.499223709106445,2.48689866065979,0.2624270021915436,300,1.1735888249240816,75,3
20,300,0,FR,6,1,3,30.976787567138672,1.8626919984817505,0.25323882699012756,300,1.1735888249240816,75,5
20,300,0,FR,7,0,0,13.433576583862305,1.9692484140396118,0.22029848396778107,300,1.117118962109089,69,3
20,300,0,FR,7,0,1,17.93805694580078,1.7562012672424316,0.3022468686103821,300,1.117118962109089,73,4
20,300,0,FR,7,0,2,14.884125709533691,2.1586060523986816,0.2173611968755722,300,1.117118962109089,83,4
20,300,0,FR,7,0,3,9.677839279174805,2.507314920425415,0.1438184678554535,300,1.117118962109089,76,5
20,300,0,FR,7,1,0,21.719783782958984,1.0255794525146484,0.4110913872718811,300,1.1250357497483492,72,6
20,300,0,FR,7,1,1,12.011616706848145,0.7901226878166199,0.24832114577293396,300,1.1250357497483492,76,5
20,300,0,FR,7,1,2,13.937983512878418,0.9094216823577881,0.25242358446121216,300,1.1250357497483492,78,4
20,300,0,FR,7,1,3,14.306577682495117,1.0019512176513672,0.2924414575099945,300,1.1250357497483492,85,3
20,300,0,FR,8,0,0,4.504683017730713,0.7966659665107727,0.09423373639583588,300,1.1729281679727137,72,1
20,300,0,FR,8,0,1,10.148760795593262,0.9724234342575073,0.1938789039850235,300,1.1729281679727137,85,3
20,300,0,FR,8,0,2,6.569416522979736,0.7532496452331543,0.1581694334745407,300,1.1729281679727137,74,5
20,300,0,FR,8,0,3,12.305617332458496,0.6761027574539185,0.2671079635620117,300,1.1729281679727137,80,2
20,300,0,FR,8,1,0,14.925996780395508,2.2395782470703125,0.2754765748977661,300,1.191668693907559,88,3
20,300,0,FR,8,1,1,9.749479293823242,2.2089014053344727,0.21034350991249084,300,1.191668693907559,92,4
20,300,0,FR,8,1,2,8.042329788208008,2.4864683151245117,0.133026584982872,300,1.191668693907559,88,2
20,300,0,FR,8,1,3,11.234466552734375,2.4830355644226074,0.232771635055542,300,1.191668693907559,76,4
20,300,0,FR,9,0,0,9.22131061553955,2.365057945251465,0.25967347621917725,300,1.1351894959807396,92,4
20,300,0,FR,9,0,1,12.14574146270752,2.3794097900390625,0.27393966913223267,300,1.1351894959807396,81,4
20,300,0,FR,9,0,2,13.052593231201172,2.6995198726654053,0.2749834358692169,300,1.1351894959807396,92,3
20,300,0,FR,9,0,3,9.039137840270996,2.2963297367095947,0.20749524235725403,300,1.1351894959807396,80,5
20,300,0,FR,9,1,0,15.779260635375977,2.974844455718994,0.261631578207016,300,1.143406200222671,74,4
20,300,0,FR,9,1,1,10.593145370483398,2.7024624347686768,0.17944584786891937,300,1.143406200222671,70,3
20,300,0,FR,9,1,2,19.884187698364258,2.378246784210205,0.32878515124320984,300,1.143406200222671,80,2
20,300,0,FR,9,1,3,11.103632926940918,2.5171215534210205,0.20512908697128296,300,1.143406200222671,81,5
20,300,0,FR,10,0,0,19.882137298583984,0.9236438274383545,0.34941402077674866,300,1.1463735839352012,84,0
20,300,0,FR,10,0,1,15.620132446289062,0.47807788848876953,0.28657785058021545,300,1.1463735839352012,87,5
20,300,0,FR,10,0,2,14.99620246887207,0.9588792324066162,0.295379102230072,300,1.1463735839352012,89,3
20,300,0,FR,10,0,3,23.970731735229492,0.5606186389923096,0.40901103615760803,300,1.1463735839352012,90,4
20,300,0,FR,10,1,0,9.671875953674316,-0.8625821471214294,0.3105384111404419,300,1.2803800939582288,85,5
20,300,0,FR,10,1,1,5.6640119552612305,-0.6269961595535278,0.19543182849884033,300,1.2803800939582288,85,5
20,300,0,FR,10,1,2,8.702988624572754,-0.5800652503967285,0.3058016896247864,300,1.2803800939582288,72,5
20,300,0,FR,10,1,3,8.646261215209961,-0.705541729927063,0.3100547790527344,300,1.2803800939582288,79,1
20,300,0,FR,11,0,0,1.8871660232543945,-1.1654167175292969,0.31771382689476013,300,1.170000882819295,77,5
20,300,0,FR,11,0,1,2.0852367877960205,-1.191152811050415,0.3357742428779602,300,1.170000882819295,89,4
20,300,0,FR,11,0,2,0.5133988857269287,-1.1661403179168701,0.2081483006477356,300,1.170000882819295,89,4
20,300,0,FR,11,0,3,1.0959296226501465,-1.1361111402511597,0.271045446395874,300,1.170000882819295,81,0
20,300,0,FR,11,1,0,3.719280242919922,-0.36784827709198,0.21832165122032166,300,1.2477855677716434,90,0
20,300,0,FR,11,1,1,6.505157470703125,0.05868065357208252,0.3264797329902649,300,1.2477855677716434,91,2
20,300,0,FR,11,1,2,5.182920932769775,-0.1692667007446289,0.29107120633125305,300,1.2477855677716434,93,7
20,300,0,FR,11,1,3,9.371870994567871,0.0773630142211914,0.43013548851013184,300,1.2477855677716434,90,6
20,300,0,FR,12,0,0,-0.6429194808006287,-1.4061076641082764,0.717373251914978,300,1.2007601228542626,93,14
20,300,0,FR,12,0,1,-0.7491077184677124,-1.4518200159072876,0.6969655156135559,300,1.2007601228542626,95,20
20,300,0,FR,12,0,2,-0.8350474238395691,-1.408342957496643,0.6520368456840515,300,1.2007601228542626,92,11
20,300,0,FR,12,0,3,-0.6939939260482788,-1.3973963260650635,0.6923332810401917,300,1.2007601228542626,92,7
20,300,0,FR,12,1,0,1.7988674640655518,-1.2923740148544312,0.6669667959213257,300,1.2268579620867968,95,20
20,300,0,FR,12,1,1,1.7945311069488525,-0.7350940108299255,0.6529143452644348,300,1.2268579620867968,89,6
20,300,0,FR,12,1,2,2.194581985473633,-1.048770546913147,0.7353553771972656,300,1.2268579620867968,87,12
20,300,0,FR,12,1,3,1.7932298183441162,-0.5509506464004517,0.6453856229782104,300,1.2268579620867968,87,14
20,300,0,FR,13,0,0,3.61972975730896,2.056905508041382,0.626129686832428,300,1.1125122611410916,78,8
20,300,0,FR,13,0,1,4.0512285232543945,2.1409802436828613,0.6559388637542725,300,1.1125122611410916,78,6
20,300,0,FR,13,0,2,3.6137566566467285,2.056790590286255,0.6151421666145325,300,1.1125122611410916,71,7
20,300,0,FR,13,0,3,3.6141934394836426,2.2307722568511963,0.5568958520889282,300,1.1125122611410916,71,6
20,300,0,FR,13,1,0,2.058302402496338,1.422473669052124,0.5460086464881897,300,1.1936336518265307,81,20
20,300,0,FR,13,1,1,2.174447536468506,1.3554962873458862,0.6040430068969727,300,1.1936336518265307,73,14
20,300,0,FR,13,1,2,2.2043166160583496,1.348968267440796,0.6667529344558716,300,1.1936336518265307,74,10
20,300,0,FR,13,1,3,2.1594924926757812,1.3880916833877563,0.6207742691040039,300,1.1936336518265307,84,16
20,300,0,FR,14,0,0,4.856734275817871,1.7574673891067505,0.6102409362792969,300,1.3482761387713253,77,4
20,300,0,FR,14,0,1,4.970536231994629,2.3786680698394775,0.5523943901062012,300,1.3482761387713253,76,0
20,300,0,FR,14,0,2,4.046027183532715,1.7938563823699951,0.5026061534881592,300,1.3482761387713253,85,5
20,300,0,FR,14,0,3,4.469343185424805,1.819508671760559,0.5654794573783875,300,1.3482761387713253,78,7
20,300,0,FR,14,1,0,-0.19248437881469727,-1.3706952333450317,0.501304566860199,300,1.2731491499580443,73,2
20,300,0,FR,14,1,1,0.1011422872543335,-1.2563586235046387,0.5901215672492981,300,1.2731491499580443,76,5
20,300,0,FR,14,1,2,-0.03319978713989258,-1.3759123086929321,0.5697395205497742,300,1.2731491499580443,78,1
20,300,0,FR,14,1,3,-0.13625431060791016,-1.4109141826629639,0.5493943095207214,300,1.2731491499580443,74,7
20,300,0,FR,15,0,0,0.16026026010513306,-3.5969491004943848,0.8448805809020996,300,1.2553935768082738,86,10
20,300,0,FR,15,0,1,0.36825597286224365,-3.058274269104004,0.836768388748169,300,1.2553935768082738,82,10
20,300,0,FR,15,0,2,0.1191205382347107,-3.7127137184143066,0.8671878576278687,300,1.2553935768082738,90,15
20,300,0,FR,15,0,3,-0.06006801128387451,-3.3453996181488037,0.8358449935913086,300,1.2553935768082738,91,4
20,300,0,FR,15,1,0,0.36202651262283325,-1.0418235063552856,0.8496851325035095,300,1.1371056670323014,83,10
20,300,0,FR,15,1,1,0.39238953590393066,-1.1018633842468262,0.8425818085670471,300,1.1371056670323014,93,17
20,300,0,FR,15,1,2,0.2556845545768738,-1.1852678060531616,0.8463592529296875,300,1.1371056670323014,93,15
20,300,0,FR,15,1,3,0.08024144172668457,-1.0901402235031128,0.782835066318512,300,1.1371056670323014,88,6
20,300,0,FR,16,0,0,-0.428364634513855,-2.046149253845215,0.8128862380981445,300,1.0874368320219219,91,11
20,300,0,FR,16,0,1,-0.8307321667671204,-2.092160224914551,0.7955740094184875,300,1.0874368320219219,91,19
20,300,0,FR,16,0,2,-0.688959002494812,-1.8771008253097534,0.7592358589172363,300,1.0874368320219219,89,16
20,300,0,FR,16,0,3,-0.5822317600250244,-2.0046701431274414,0.8017920255661011,300,1.0874368320219219,93,6
20,300,0,FR,16,1,0,-1.700178623199463,-2.3026604652404785,0.7878977060317993,300,1.2044930108822882,72,8
20,300,0,FR,16,1,1,-1.65159010887146,-2.2498302459716797,0.807523787021637,300,1.2044930108822882,90,13
20,300,0,FR,16,1,2,-1.6830289363861084,-2.242863416671753,0.7943711876869202,300,1.2044930108822882,95,11
20,300,0,FR,16,1,3,-1.6808348894119263,-2.3034780025482178,0.8052881956100464,300,1.2044930108822882,87,7
20,300,0,FR,17,0,0,1.1177902221679688,0.6656473875045776,0.7157903909683228,300,1.213038822170347,80,9
20,300,0,FR,17,0,1,1.15616774559021,0.5141469240188599,0.787122368812561,300,1.213038822170347,83,8
20,300,0,FR,17,0,2,1.162825107574463,0.6447321176528931,0.7426187992095947,300,1.213038822170347,79,12
20,300,0,FR,17,0,3,1.1393401622772217,0.5467474460601807,0.7565909028053284,300,1.213038822170347,94,6
20,300,0,FR,17,1,0,-0.0437244176864624,-2.5409321784973145,0.6818659901618958,300,1.1162428357638419,92,12
20,300,0,FR,17,1,1,0.282055139541626,-2.0427074432373047,0.7362766861915588,300,1.1162428357638419,91,7
20,300,0,FR,17,1,2,0.06983470916748047,-2.9819369316101074,0.7465603351593018,300,1.1162428357638419,92,9
20,300,0,FR,17,1,3,0.31808435916900635,-2.593172073364258,0.7574108839035034,300,1.1162428357638419,92,6
20,300,0,FR,18,0,0,1.0592721700668335,-1.5684616565704346,0.4948575496673584,300,1.2054273867979646,84,6
20,300,0,FR,18,0,1,1.547012448310852,-1.4351931810379028,0.5510916113853455,300,1.2054273867979646,84,6
20,300,0,FR,18,0,2,1.0097144842147827,-1.38959538936615,0.47319963574409485,300,1.2054273867979646,90,4
20,300,0,FR,18,0,3,0.684126615524292,-1.5154443979263306,0.4586682617664337,300,1.2054273867979646,82,7
20,300,0,FR,18,1,0,0.945274829864502,-0.4593716859817505,0.5265693068504333,300,1.1287510702386498,80,2
20,300,0,FR,18,1,1,0.6483034491539001,-0.46296340227127075,0.46586790680885315,300,1.1287510702386498,85,1
20,300,0,FR,18,1,2,0.7073157429695129,-0.4962524175643921,0.43319323658943176,300,1.1287510702386498,72,3
20,300,0,FR,18,1,3,0.9857264757156372,-0.42183300852775574,0.46814632415771484,300,1.1287510702386498,89,3
20,300,0,FR,19,0,0,5.884248733520508,-0.4558262825012207,0.4303165376186371,300,1.1291081700474024,91,2
20,300,0,FR,19,0,1,6.482381820678711,-0.9089374542236328,0.5077047348022461,300,1.1291081700474024,95,3
20,300,0,FR,19,0,2,3.8034849166870117,-0.6125459671020508,0.3854023814201355,300,1.1291081700474024,95,3
20,300,0,FR,19,0,3,5.20123291015625,-0.21248626708984375,0.4096202850341797,300,1.1291081700474024,94,3
20,300,0,FR,19,1,0,9.659049987792969,-0.33672451972961426,0.5724087953567505,300,1.1879516667686403,73,3
20,300,0,FR,19,1,1,6.938770771026611,-0.5065939426422119,0.4476553201675415,300,1.1879516667686403,75,2
20,300,0,FR,19,1,2,8.370745658874512,-0.36635541915893555,0.4899337887763977,300,1.1879516667686403,83,6
20,300,0,FR,19,1,3,8.03619384765625,-1.1434097290039062,0.5176900029182434,300,1.1879516667686403,82,8
20,300,0,FR,20,0,0,3.311030387878418,-0.3435612916946411,0.4855014681816101,300,1.1668560220859945,89,4
20,300,0,FR,20,0,1,3.242724895477295,-0.3273458480834961,0.4734303951263428,300,1.1668560220859945,92,13
20,300,0,FR,20,0,2,2.6527583599090576,-0.05011188983917236,0.4060687720775604,300,1.1668560220859945,92,8
20,300,0,FR,20,0,3,2.4516329765319824,-0.3518558740615845,0.4218892753124237,300,1.1668560220859945,80,5
20,300,0,FR,20,1,0,1.6023926734924316,-3.009437084197998,0.47534841299057007,300,1.147626475431025,70,5
20,300,0,FR,20,1,1,1.1889114379882812,-3.152369499206543,0.42830562591552734,300,1.147626475431025,75,3
20,300,0,FR,20,1,2,2.9901373386383057,-3.265373706817627,0.47225359082221985,300,1.147626475431025,72,1
20,300,0,FR,20,1,3,1.3809013366699219,-2.903517723083496,0.44732052087783813,300,1.147626475431025,78,1
20,300,0,FR,21,0,0,0.46212494373321533,-1.311683177947998,0.6649130582809448,300,1.2156522301957011,86,10
20,300,0,FR,21,0,1,0.15289413928985596,-1.2872217893600464,0.6306543946266174,300,1.2156522301957011,86,11
20,300,0,FR,21,0,2,1.0212726593017578,-0.9998496770858765,0.7048840522766113,300,1.2156522301957011,84,4
20,300,0,FR,21,0,3,0.4810326099395752,-1.3395363092422485,0.6414739489555359,300,1.2156522301957011,85,8
20,300,0,FR,21,1,0,3.716449737548828,1.9316554069519043,0.7422693967819214,300,1.1018788488581777,88,10
20,300,0,FR,21,1,1,3.26900053024292,1.9327633380889893,0.6538430452346802,300,1.1018788488581777,87,14
20,300,0,FR,21,1,2,3.6735219955444336,1.8969391584396362,0.7127164006233215,300,1.1018788488581777,83,14
20,300,0,FR,21,1,3,2.978513240814209,1.9837760925292969,0.566250741481781,300,1.1018788488581777,92,8
20,300,0,FR,22,0,0,0.03083980083465576,-0.8354793190956116,0.6310901045799255,300,1.1480912608094513,87,13
20,300,0,FR,22,0,1,-0.050605952739715576,-0.8211668729782104,0.6294237375259399,300,1.1480912608094513,93,13
20,300,0,FR,22,0,2,0.06752771139144897,-0.8472059369087219,0.6753728985786438,300,1.1480912608094513,87,29
20,300,0,FR,22,0,3,0.24607670307159424,-0.8103474974632263,0.7098495960235596,300,1.1480912608094513,91,20
20,300,0,FR,22,1,0,3.0932068824768066,-0.5271971225738525,0.6927182674407959,300,1.2033756589516997,68,11
20,300,0,FR,22,1,1,2.769551992416382,-0.5753195881843567,0.6755947470664978,300,1.2033756589516997,74,13
20,300,0,FR,22,1,2,2.637209892272949,-0.44546768069267273,0.6517780423164368,300,1.2033756589516997,82,3
20,300,0,FR,22,1,3,2.8790688514709473,-0.6625384092330933,0.6631151437759399,300,1.2033756589516997,81,12
20,300,0,FR,23,0,0,3.1784818172454834,1.9201338291168213,0.5660226345062256,300,1.1086440454237163,94,6
20,300,0,FR,23,0,1,2.639061212539673,1.8869414329528809,0.47200438380241394,300,1.1086440454237163,86,5
20,300,0,FR,23,0,2,3.1238057613372803,1.796543836593628,0.542923629283905,300,1.1086440454237163,94,4
20,300,0,FR,23,0,3,3.1010241508483887,1.8647880554199219,0.5293205976486206,300,1.1086440454237163,91,3
20,300,0,FR,23,1,0,2.1201882362365723,0.15131759643554688,0.6302476525306702,300,1.193276940844953,82,9
20,300,0,FR,23,1,1,2.3148772716522217,0.4374955892562866,0.6381275057792664,300,1.193276940844953,77,7
20,300,0,FR,23,1,2,1.8283836841583252,0.4280780851840973,0.5129076838493347,300,1.193276940844953,76,5
20,300,0,FR,23,1,3,1.9414035081863403,0.5432188510894775,0.5201003551483154,300,1.193276940844953,91,6
20,300,0,FR,24,0,0,7.536741256713867,1.9152097702026367,0.27656733989715576,300,1.1909959730692208,72,6
20,300,0,FR,24,0,1,6.957164764404297,1.9072165489196777,0.2703092396259308,300,1.1909959730692208,84,3
20,300,0,FR,24,0,2,7.454995155334473,2.0336368083953857,0.29206591844558716,300,1.1909959730692208,76,2
20,300,0,FR,24,0,3,5.857394218444824,2.182128429412842,0.22043317556381226,300,1.1909959730692208,74,4
20,300,0,FR,24,1,0,4.170969009399414,-0.49945640563964844,0.3313484191894531,300,1.179825003258884,93,4
20,300,0,FR,24,1,1,3.1101577281951904,-0.7396972179412842,0.3166062831878662,300,1.179825003258884,88,2
20,300,0,FR,24,1,2,2.754803419113159,-0.7121652960777283,0.2950407564640045,300,1.179825003258884,86,5
20,300,0,FR,24,1,3,4.859530448913574,-0.5077922344207764,0.3709602653980255,300,1.179825003258884,81,3
20,300,0,FR,25,0,0,3.3367128372192383,0.7199996709823608,0.2705041468143463,300,1.153646260034293,94,4
20,300,0,FR,25,0,1,4.068171977996826,0.6441013216972351,0.3137663006782532,300,1.153646260034293,93,8
20,300,0,FR,25,0,2,3.6948890686035156,0.6792517900466919,0.2966519594192505,300,1.153646260034293,93,3
20,300,0,FR,25,0,3,2.6363768577575684,0.5734493136405945,0.2095881551504135,300,1.153646260034293,92,1
20,300,0,FR,25,1,0,15.610319137573242,2.387989044189453,0.4335761070251465,300,1.2482926957309246,93,2
20,300,0,FR,25,1,1,12.766303062438965,2.8424181938171387,0.36078551411628723,300,1.2482926957309246,87,3
20,300,0,FR,25,1,2,12.769890785217285,2.6794376373291016,0.3830144703388214,300,1.2482926957309246,93,2
20,300,0,FR,25,1,3,13.68411922454834,2.49703311920166,0.40916430950164795,300,1.2482926957309246,92,3
20,300,0,FR,26,0,0,4.9614458084106445,2.139815330505371,0.35703805088996887,300,1.1789992987178266,94,3
20,300,0,FR,26,0,1,4.402622699737549,2.061560869216919,0.29231634736061096,300,1.1789992987178266,87,6
20,300,0,FR,26,0,2,4.670346260070801,2.1277048587799072,0.30127888917922974,300,1.1789992987178266,87,3
20,300,0,FR,26,0,3,4.915213584899902,2.1292006969451904,0.36069947481155396,300,1.1789992987178266,91,5
20,300,0,FR,26,1,0,3.215507745742798,0.08785483241081238,0.27547335624694824,300,1.2396243871189654,71,3
20,300,0,FR,26,1,1,3.2463724613189697,0.22004669904708862,0.3138442933559418,300,1.2396243871189654,75,5
20,300,0,FR,26,1,2,4.035042762756348,0.19835835695266724,0.35956206917762756,300,1.2396243871189654,79,4
20,300,0,FR,26,1,3,4.174732685089111,0.17024144530296326,0.30377137660980225,300,1.2396243871189654,87,3
20,300,0,FR,27,0,0,8.455286026000977,0.7944186925888062,0.40601208806037903,300,1.2009744592942297,68,4
20,300,0,FR,27,0,1,6.1298675537109375,0.5592106580734253,0.2871604561805725,300,1.2009744592942297,77,3
20,300,0,FR,27,0,2,8.379063606262207,0.7647453546524048,0.3702213764190674,300,1.2009744592942297,70,2
20,300,0,FR,27,0,3,6.290949821472168,0.5405811667442322,0.2547335624694824,300,1.2009744592942297,78,3
20,300,0,FR,27,1,0,35.09771728515625,3.7521650791168213,0.3592611849308014,300,1.148561046924442,76,6
20,300,0,FR,27,1,1,15.824234962463379,4.207466125488281,0.16969117522239685,300,1.148561046924442,76,4
20,300,0,FR,27,1,2,17.342388153076172,3.224893569946289,0.19291935861110687,300,1.148561046924442,79,5
20,300,0,FR,27,1,3,31.87176513671875,3.3759732246398926,0.3742903769016266,300,1.148561046924442,82,3
20,300,0,FR,28,0,0,13.597496032714844,2.074688196182251,0.4240456819534302,300,1.0975080667994916,91,5
20,300,0,FR,28,0,1,14.634281158447266,2.4603943824768066,0.3384605348110199,300,1.0975080667994916,90,4
20,300,0,FR,28,0,2,8.162862777709961,2.5556838512420654,0.25360164046287537,300,1.0975080667994916,82,4
20,300,0,FR,28,0,3,11.917947769165039,2.21138858795166,0.3564262092113495,300,1.0975080667994916,91,3
20,300,0,FR,28,1,0,16.721824645996094,0.25825464725494385,0.30082249641418457,300,1.1438995245844126,80,4
20,300,0,FR,28,1,1,12.063434600830078,0.7109959125518799,0.283818781375885,300,1.1438995245844126,81,9
20,300,0,FR,28,1,2,16.14695930480957,0.37634313106536865,0.35518133640289307,300,1.1438995245844126,70,3
20,300,0,FR,28,1,3,19.622005462646484,0.1515563726425171,0.40923893451690674,300,1.1438995245844126,84,4
20,300,0,FR,29,0,0,4.0412797927856445,1.7685283422470093,0.22785784304141998,300,1.2416146360337734,76,5
20,300,0,FR,29,0,1,4.44003963470459,1.748525857925415,0.3064621388912201,300,1.2416146360337734,70,5
20,300,0,FR,29,0,2,4.409505844116211,1.7374646663665771,0.2971371114253998,300,1.2416146360337734,71,1
20,300,0,FR,29,0,3,5.632015228271484,1.7201067209243774,0.3407285213470459,300,1.2416146360337734,74,4
20,300,0,FR,29,1,0,24.078847885131836,1.5108965635299683,0.3945826590061188,300,1.2215557992458344,80,3
20,300,0,FR,29,1,1,18.49764060974121,1.8370505571365356,0.29446840286254883,300,1.2215557992458344,85,3
20,300,0,FR,29,1,2,13.89561653137207,2.047412395477295,0.23610970377922058,300,1.2215557992458344,87,0
20,300,0,FR,29,1,3,29.32299041748047,2.0293569564819336,0.4061363935470581,300,1.2215557992458344,79,3
20,300,0,FR,30,0,0,5.677286624908447,0.41466569900512695,0.372464120388031,300,1.128380285575986,81,3
20,300,0,FR,30,0,1,4.888853549957275,0.5729027986526489,0.32103732228279114,300,1.128380285575986,76,2
20,300,0,FR,30,0,2,3.956131935119629,0.4797207713127136,0.2627531588077545,300,1.128380285575986,70,4
20,300,0,FR,30,0,3,6.030056476593018,0.2899574935436249,0.4078604578971863,300,1.128380285575986,72,4
20,300,0,FR,30,1,0,5.2399396896362305,0.3736330270767212,0.46551916003227234,300,1.1130642499774694,79,1
20,300,0,FR,30,1,1,3.3414108753204346,0.12945878505706787,0.313764363527298,300,1.1130642499774694,75,2
20,300,0,FR,30,1,2,6.3470563888549805,0.3123849630355835,0.46996551752090454,300,1.1130642499774694,87,3
20,300,0,FR,30,1,3,4.630431652069092,0.3507959246635437,0.41930827498435974,300,1.1130642499774694,75,5
20,300,0,FR,31,0,0,8.91069507598877,-0.056050896644592285,0.3959950804710388,300,1.093380878213793,92,3
20,300,0,FR,31,0,1,6.062234878540039,0.661060631275177,0.2701084017753601,300,1.093380878213793,92,4
20,300,0,FR,31,0,2,9.36136245727539,0.19585824012756348,0.37474313378334045,300,1.093380878213793,92,1
20,300,0,FR,31,0,3,4.750014781951904,0.9677048325538635,0.2337556630373001,300,1.093380878213793,92,3
20,300,0,FR,31,1,0,1.031912088394165,-2.1036155223846436,0.3550911843776703,300,1.2434631763026118,83,2
20,300,0,FR,31,1,1,1.4118194580078125,-2.3065218925476074,0.4159284234046936,300,1.2434631763026118,90,1
20,300,0,FR,31,1,2,0.6384313106536865,-2.164060115814209,0.29890814423561096,300,1.2434631763026118,95,3
20,300,0,FR,31,1,3,1.8410489559173584,-2.1748948097229004,0.35938212275505066,300,1.2434631763026118,95,2
20,300,0,FR,32,0,0,3.1538124084472656,1.6558948755264282,0.37465187907218933,300,1.2483414220623672,90,4
20,300,0,FR,32,0,1,3.2380013465881348,1.5757970809936523,0.42260998487472534,300,1.2483414220623672,92,4
20,300,0,FR,32,0,2,3.2275748252868652,1.505481481552124,0.400482177734375,300,1.2483414220623672,93,6
20,300,0,FR,32,0,3,3.0142459869384766,1.5123953819274902,0.371125727891922,300,1.2483414220623672,91,3
20,300,0,FR,32,1,0,0.42813873291015625,-1.4092220067977905,0.3812023997306824,300,1.1455895570106804,93,2
20,300,0,FR,32,1,1,0.8264865875244141,-1.3839774131774902,0.43166542053222656,300,1.1455895570106804,88,1
20,300,0,FR,32,1,2,0.05680835247039795,-1.3386237621307373,0.3551570475101471,300,1.1455895570106804,81,2
20,300,0,FR,32,1,3,0.44178831577301025,-1.2297104597091675,0.3670056164264679,300,1.1455895570106804,87,2
20,300,0,FR,33,0,0,14.345513343811035,-0.05167001485824585,0.4148881137371063,300,1.247473446186632,83,7
20,300,0,FR,33,0,1,12.549213409423828,-0.29644539952278137,0.3575249910354614,300,1.247473446186632,91,2
20,300,0,FR,33,0,2,13.271303176879883,-0.08649855852127075,0.39914876222610474,300,1.247473446186632,87,6
20,300,0,FR,33,0,3,10.19975471496582,-0.31577470898628235,0.28645336627960205,300,1.247473446186632,92,2
20,300,0,FR,33,1,0,10.56872844696045,-1.0970518589019775,0.3248964548110962,300,1.068015337921679,86,6
20,300,0,FR,33,1,1,15.7715425491333,-0.9067700505256653,0.43781718611717224,300,1.068015337921679,91,3
20,300,0,FR,33,1,2,6.4267730712890625,-0.8687569499015808,0.22217559814453125,300,1.068015337921679,87,4
20,300,0,FR,33,1,3,7.065814971923828,-0.4920838475227356,0.2374424785375595,300,1.068015337921679,91,2
20,300,0,FR,34,0,0,10.132965087890625,-0.23063789308071136,0.3354487121105194,300,1.1451784479431808,92,4
20,300,0,FR,34,0,1,10.871257781982422,0.20162433385849,0.38961920142173767,300,1.1451784479431808,94,1
20,300,0,FR,34,0,2,7.772588729858398,-0.13494709134101868,0.27465617656707764,300,1.1451784479431808,92,5
20,300,0,FR,34,0,3,7.215791702270508,-0.47865742444992065,0.3049798607826233,300,1.1451784479431808,93,2
20,300,0,FR,34,1,0,12.669550895690918,-1.1841201782226562,0.37116771936416626,300,1.102637784089893,83,3
20,300,0,FR,34,1,1,12.413495063781738,-0.7928327322006226,0.35009562969207764,300,1.102637784089893,92,3
20,300,0,FR,34,1,2,12.840325355529785,-1.0239561796188354,0.41957324743270874,300,1.102637784089893,86,4
20,300,0,FR,34,1,3,11.239214897155762,-0.7636464238166809,0.41179633140563965,300,1.102637784089893,87,5
20,300,0,FR,35,0,0,10.644721984863281,0.6460156440734863,0.28860753774642944,300,1.1596680148504674,93,7
20,300,0,FR,35,0,1,11.737405776977539,0.5799170732498169,0.29802262783050537,300,1.1596680148504674,88,4
20,300,0,FR,35,0,2,12.874576568603516,0.4287879765033722,0.30847370624542236,300,1.1596680148504674,91,3
20,300,0,FR,35,0,3,15.302297592163086,0.9241280555725098,0.33902525901794434,300,1.1596680148504674,93,4
20,300,0,FR,35,1,0,8.239784240722656,1.3676362037658691,0.4824182689189911,300,1.1680610179901123,76,4
20,300,0,FR,35,1,1,6.9686994552612305,1.6129789352416992,0.3475863039493561,300,1.1680610179901123,81,2
20,300,0,FR,35,1,2,4.019465446472168,1.499373197555542,0.19881749153137207,300,1.1680610179901123,75,5
20,300,0,FR,35,1,3,5.452553749084473,1.4895881414413452,0.32536816596984863,300,1.1680610179901123,67,3
20,300,1,FR,0,0,0,9.268180847167969,2.421241044998169,0.5553945302963257,300,1.147518273908645,19,3
20,300,1,FR,0,0,1,8.467914581298828,2.3167624473571777,0.5112452507019043,300,1.147518273908645,31,6
20,300,1,FR,0,0,2,8.411083221435547,2.4197113513946533,0.4964418113231659,300,1.147518273908645,23,3
20,300,1,FR,0,0,3,6.892848491668701,2.341395616531372,0.45672884583473206,300,1.147518273908645,24,6
20,300,1,FR,0,1,0,12.757590293884277,0.6396942138671875,0.5256503820419312,300,1.1326547469943762,35,4
20,300,1,FR,0,1,1,9.30138111114502,-0.016508877277374268,0.4338337481021881,300,1.1326547469943762,32,2
20,300,1,FR,0,1,2,9.509711265563965,0.3519483804702759,0.44921550154685974,300,1.1326547469943762,34,4
20,300,1,FR,0,1,3,10.085358619689941,0.5474448800086975,0.4800558388233185,300,1.1326547469943762,23,2
20,300,1,FR,1,0,0,14.108827590942383,3.263125419616699,0.5402688980102539,300,1.1509671988897026,38,6
20,300,1,FR,1,0,1,12.53827953338623,3.1715214252471924,0.4736132025718689,300,1.1509671988897026,38,9
20,300,1,FR,1,0,2,11.353808403015137,3.4180049896240234,0.3987598419189453,300,1.1509671988897026,39,6
20,300,1,FR,1,0,3,10.700164794921875,3.011021375656128,0.3998374938964844,300,1.1509671988897026,43,3
20,300,1,FR,1,1,0,4.537968635559082,0.023134827613830566,0.46224167943000793,300,1.1474260329268873,42,7
20,300,1,FR,1,1,1,3.966437578201294,-0.026988834142684937,0.4331547021865845,300,1.1474260329268873,38,6
20,300,1,FR,1,1,2,6.827901840209961,0.0074863433837890625,0.5407459735870361,300,1.1474260329268873,40,5
20,300,1,FR,1,1,3,5.098812103271484,0.013842672109603882,0.5399453639984131,300,1.1474260329268873,43,7
20,300,1,FR,2,0,0,11.329084396362305,0.8132359981536865,0.43096819519996643,300,1.1835460825823247,44,6
20,300,1,FR,2,0,1,12.832437515258789,0.9991397857666016,0.44333693385124207,300,1.1835460825823247,58,9
20,300,1,FR,2,0,2,11.705644607543945,1.0532989501953125,0.49174413084983826,300,1.1835460825823247,41,4
20,300,1,FR,2,0,3,13.666425704956055,0.4898936152458191,0.5063537955284119,300,1.1835460825823247,51,5
20,300,1,FR,2,1,0,7.616372585296631,-0.5937146544456482,0.4308418929576874,300,1.1728043043985963,43,4
20,300,1,FR,2,1,1,5.684296131134033,-0.6610798239707947,0.3429300785064697,300,1.1728043043985963,35,5
20,300,1,FR,2,1,2,8.090076446533203,-0.7014573216438293,0.4522014856338501,300,1.1728043043985963,32,5
20,300,1,FR,2,1,3,5.809021949768066,-0.5961246490478516,0.33897411823272705,300,1.1728043043985963,35,5
20,300,1,FR,3,0,0,31.34212875366211,4.792233467102051,0.3759063184261322,300,1.2326428317464888,30,2
20,300,1,FR,3,0,1,30.834346771240234,4.595437526702881,0.3583599925041199,300,1.2326428317464888,38,6
20,300,1,FR,3,0,2,34.11967086791992,4.608522891998291,0.4503195881843567,300,1.2326428317464888,47,1
20,300,1,FR,3,0,3,24.64101791381836,4.58223295211792,0.3026610314846039,300,1.2326428317464888,35,5
20,300,1,FR,3,1,0,14.17695140838623,1.7730059623718262,0.20243559777736664,300,1.226457692682743,63,4
20,300,1,FR,3,1,1,10.868550300598145,1.8022265434265137,0.21533820033073425,300,1.226457692682743,40,2
20,300,1,FR,3,1,2,13.00742244720459,0.9770509004592896,0.26475510001182556,300,1.226457692682743,51,4
20,300,1,FR,3,1,3,18.347496032714844,1.6878726482391357,0.30912548303604126,300,1.226457692682743,48,5
20,300,1,FR,4,0,0,11.664019584655762,3.4986391067504883,0.2523716390132904,300,1.1627447777427733,50,5
20,300,1,FR,4,0,1,11.101280212402344,2.6125295162200928,0.2365376204252243,300,1.1627447777427733,68,3
20,300,1,FR,4,0,2,17.411903381347656,3.908378839492798,0.3561111092567444,300,1.1627447777427733,57,0
20,300,1,FR,4,0,3,16.005491256713867,3.4676592350006104,0.30038464069366455,300,1.1627447777427733,66,4
20,300,1,FR,4,1,0,4.298184394836426,-0.8837425708770752,0.3011058568954468,300,1.1286084172315896,41,5
20,300,1,FR,4,1,1,7.973040580749512,-1.1769068241119385,0.46730419993400574,300,1.1286084172315896,41,3
20,300,1,FR,4,1,2,5.459632873535156,-1.3651564121246338,0.38996896147727966,300,1.1286084172315896,39,6
20,300,1,FR,4,1,3,6.959650039672852,-0.7086987495422363,0.3394046127796173,300,1.1286084172315896,73,1
20,300,1,FR,5,0,0,8.26202392578125,2.1861753463745117,0.4122961163520813,300,1.1419125609099865,45,1
20,300,1,FR,5,0,1,7.465131759643555,2.221133232116699,0.3369055986404419,300,1.1419125609099865,54,2
20,300,1,FR,5,0,2,9.499939918518066,2.101043701171875,0.45975425839424133,300,1.1419125609099865,42,6
20,300,1,FR,5,0,3,8.96641731262207,2.2486956119537354,0.36564385890960693,300,1.1419125609099865,52,1
20,300,1,FR,5,1,0,15.990455627441406,0.21363818645477295,0.3828616440296173,300,1.1451373221352696,70,4
20,300,1,FR,5,1,1,12.651693344116211,0.24681735038757324,0.3434491455554962,300,1.1451373221352696,61,4
20,300,1,FR,5,1,2,9.445605278015137,0.887324333190918,0.26196742057800293,300,1.1451373221352696,83,2
20,300,1,FR,5,1,3,16.38580894470215,0.9727939367294312,0.37333980202674866,300,1.1451373221352696,70,3
20,300,1,FR,6,0,0,26.61004066467285,3.8287227153778076,0.2247658222913742,300,1.1661490690894425,82,3
20,300,1,FR,6,0,1,31.679576873779297,0.9701235294342041,0.263103723526001,300,1.1661490690894425,75,1
20,300,1,FR,6,0,2,40.66617202758789,6.20340633392334,0.29125264286994934,300,1.1661490690894425,77,1
20,300,1,FR,6,0,3,32.44700241088867,4.439023971557617,0.2605067193508148,300,1.1661490690894425,56,1
20,300,1,FR,6,1,0,18.161739349365234,2.4892964363098145,0.1709357500076294,300,1.1944466419517994,58,4
20,300,1,FR,6,1,1,22.529438018798828,2.8232381343841553,0.20315328240394592,300,1.1944466419517994,69,1
20,300,1,FR,6,1,2,26.499223709106445,4.478883266448975,0.2460126131772995,300,1.1944466419517994,53,4
20,300,1,FR,6,1,3,30.976787567138672,4.362483024597168,0.23664067685604095,300,1.1944466419517994,76,2
20,300,1,FR,7,0,0,13.433576583862305,2.525461196899414,0.211874857544899,300,1.1597889377735555,60,4
20,300,1,FR,7,0,1,17.93805694580078,4.410796642303467,0.26584532856941223,300,1.1597889377735555,80,3
20,300,1,FR,7,0,2,14.884125709533691,2.8555068969726562,0.20793277025222778,300,1.1597889377735555,61,1
20,300,1,FR,7,0,3,9.677839279174805,3.2974140644073486,0.13003215193748474,300,1.1597889377735555,66,2
20,300,1,FR,7,1,0,21.719783782958984,1.481813907623291,0.4057052433490753,300,1.1974198119714856,51,1
20,300,1,FR,7,1,1,12.011616706848145,1.2758914232254028,0.24015311896800995,300,1.1974198119714856,47,0
20,300,1,FR,7,1,2,13.937983512878418,0.8134163022041321,0.2538115382194519,300,1.1974198119714856,55,2
20,300,1,FR,7,1,3,14.306577682495117,1.7701802253723145,0.2802883982658386,300,1.1974198119714856,57,1
20,300,1,FR,8,0,0,4.504683017730713,1.0389811992645264,0.08862140029668808,300,1.2881305841729045,59,5
20,300,1,FR,8,0,1,10.148760795593262,1.5497022867202759,0.18392536044120789,300,1.2881305841729045,60,2
20,300,1,FR,8,0,2,6.569416522979736,1.0814558267593384,0.1505880206823349,300,1.2881305841729045,51,3
20,300,1,FR,8,0,3,12.305617332458496,1.042048454284668,0.2608957290649414,300,1.2881305841729045,57,6
20,300,1,FR,8,1,0,14.925996780395508,2.809474468231201,0.2663983106613159,300,1.1926114321686327,64,0
20,300,1,FR,8,1,1,9.749479293823242,2.7692244052886963,0.19780509173870087,300,1.1926114321686327,64,0
20,300,1,FR,8,1,2,8.042329788208008,3.124234199523926,0.11958231776952744,300,1.1926114321686327,67,0
20,300,1,FR,8,1,3,11.234466552734375,3.1362571716308594,0.21920575201511383,300,1.1926114321686327,55,2
20,300,1,FR,9,0,0,9.22131061553955,2.895359754562378,0.24449951946735382,300,1.229080209042877,48,3
20,300,1,FR,9,0,1,12.14574146270752,2.676347255706787,0.2678415775299072,300,1.229080209042877,61,4
20,300,1,FR,9,0,2,13.052593231201172,3.330789804458618,0.26261985301971436,300,1.229080209042877,69,0
20,300,1,FR,9,0,3,9.039137840270996,2.830061435699463,0.19426144659519196,300,1.229080209042877,57,3
20,300,1,FR,9,1,0,15.779260635375977,3.568113327026367,0.25257107615470886,300,1.1503319186158478,56,5
20,300,1,FR,9,1,1,10.593145370483398,3.9533417224884033,0.1554202139377594,300,1.1503319186158478,67,3
20,300,1,FR,9,1,2,19.884187698364258,3.2784676551818848,0.31724148988723755,300,1.1503319186158478,57,2
20,300,1,FR,9,1,3,11.103632926940918,2.901845693588257,0.19775569438934326,300,1.1503319186158478,43,0
20,300,1,FR,10,0,0,19.882137298583984,1.474231481552124,0.3427444398403168,300,1.1876887721009552,44,1
20,300,1,FR,10,0,1,15.620132446289062,2.0575740337371826,0.26459401845932007,300,1.1876887721009552,51,3
20,300,1,FR,10,0,2,14.99620246887207,1.6085700988769531,0.28561270236968994,300,1.1876887721009552,56,1
20,300,1,FR,10,0,3,23.970731735229492,2.2653748989105225,0.390868216753006,300,1.1876887721009552,67,0
20,300,1,FR,10,1,0,9.671875953674316,0.030190706253051758,0.2919030785560608,300,1.1844853810034692,78,1
20,300,1,FR,10,1,1,5.6640119552612305,0.10760784149169922,0.1766422539949417,300,1.1844853810034692,69,1
20,300,1,FR,10,1,2,8.702988624572754,0.29993653297424316,0.2850767970085144,300,1.1844853810034692,77,1
20,300,1,FR,10,1,3,8.646261215209961,0.1070408821105957,0.2909524738788605,300,1.1844853810034692,62,2
20,300,1,FR,11,0,0,1.8871660232543945,-1.0138750076293945,0.30677998065948486,300,1.176839993800968,61,1
20,300,1,FR,11,0,1,2.0852367877960205,-1.0489373207092285,0.3259502053260803,300,1.176839993800968,57,1
20,300,1,FR,11,0,2,0.5133988857269287,-0.9591852426528931,0.18730399012565613,300,1.176839993800968,65,2
20,300,1,FR,11,0,3,1.0959296226501465,-0.8826919794082642,0.2479005604982376,300,1.176839993800968,63,0
20,300,1,FR,11,1,0,3.719280242919922,0.3412860631942749,0.18754608929157257,300,1.1831859052181244,52,4
20,300,1,FR,11,1,1,6.505157470703125,0.6703015565872192,0.3049503564834595,300,1.1831859052181244,58,3
20,300,1,FR,11,1,2,5.182920932769775,0.1374199390411377,0.2790466248989105,300,1.1831859052181244,48,3
20,300,1,FR,11,1,3,9.371870994567871,0.8590154647827148,0.40874773263931274,300,1.1831859052181244,62,2
20,300,1,FR,12,0,0,-0.6429194808006287,-1.3963624238967896,0.714760422706604,300,1.2073146840557456,43,9
20,300,1,FR,12,0,1,-0.7491077184677124,-1.3543046712875366,0.664518415927887,300,1.2073146840557456,55,11
20,300,1,FR,12,0,2,-0.8350474238395691,-1.4181123971939087,0.6558607220649719,300,1.2073146840557456,51,7
20,300,1,FR,12,0,3,-0.6939939260482788,-1.295841097831726,0.658164381980896,300,1.2073146840557456,51,16
20,300,1,FR,12,1,0,1.7988674640655518,-0.9182253479957581,0.6377213597297668,300,1.268027718178928,42,8
20,300,1,FR,12,1,1,1.7945311069488525,-0.2729308605194092,0.6059035658836365,300,1.268027718178928,34,4
20,300,1,FR,12,1,2,2.194581985473633,-0.33248400688171387,0.6840436458587646,300,1.268027718178928,71,11
20,300,1,FR,12,1,3,1.7932298183441162,-0.8357881903648376,0.6711722016334534,300,1.268027718178928,55,10
20,300,1,FR,13,0,0,3.61972975730896,2.332712173461914,0.5796852707862854,300,1.233890952076763,39,9
20,300,1,FR,13,0,1,4.0512285232543945,2.4035751819610596,0.6218403577804565,300,1.233890952076763,51,6
20,300,1,FR,13,0,2,3.6137566566467285,2.549654006958008,0.5220786929130554,300,1.233890952076763,46,7
20,300,1,FR,13,0,3,3.6141934394836426,2.069692850112915,0.5838781595230103,300,1.233890952076763,39,7
20,300,1,FR,13,1,0,2.058302402496338,1.7111639976501465,0.39636150002479553,300,1.1986291320063174,76,15
20,300,1,FR,13,1,1,2.174447536468506,1.571964144706726,0.5288118720054626,300,1.1986291320063174,91,10
20,300,1,FR,13,1,2,2.2043166160583496,1.5560775995254517,0.6025941967964172,300,1.1986291320063174,89,5
20,300,1,FR,13,1,3,2.1594924926757812,1.710432529449463,0.48794832825660706,300,1.1986291320063174,48,3
20,300,1,FR,14,0,0,4.856734275817871,1.8933407068252563,0.5995270013809204,300,1.2106305281631649,47,8
20,300,1,FR,14,0,1,4.970536231994629,2.3238935470581055,0.5575593709945679,300,1.2106305281631649,41,6
20,300,1,FR,14,0,2,4.046027183532715,2.1191296577453613,0.4636744558811188,300,1.2106305281631649,40,2
20,300,1,FR,14,0,3,4.469343185424805,2.2482943534851074,0.5217146277427673,300,1.2106305281631649,41,2
20,300,1,FR,14,1,0,-0.19248437881469727,-1.0962402820587158,0.43536990880966187,300,1.0708977417089045,53,9
20,300,1,FR,14,1,1,0.1011422872543335,-1.095237374305725,0.5592509508132935,300,1.0708977417089045,49,2
20,300,1,FR,14,1,2,-0.03319978713989258,-0.9246376156806946,0.46783876419067383,300,1.0708977417089045,51,1
20,300,1,FR,14,1,3,-0.13625431060791016,-1.049177646636963,0.4661620855331421,300,1.0708977417089045,49,3
20,300,1,FR,15,0,0,0.16026026010513306,-2.990405797958374,0.8203819990158081,300,1.1621466390788555,63,6
20,300,1,FR,15,0,1,0.36825597286224365,-2.5230817794799805,0.8122273087501526,300,1.1621466390788555,53,8
20,300,1,FR,15,0,2,0.1191205382347107,-2.7613537311553955,0.830747127532959,300,1.1621466390788555,58,13
20,300,1,FR,15,0,3,-0.06006801128387451,-3.1653075218200684,0.8279625177383423,300,1.1621466390788555,63,4
20,300,1,FR,15,1,0,0.36202651262283325,-0.984339714050293,0.8442668318748474,300,1.2399837719276547,57,9
20,300,1,FR,15,1,1,0.39238953590393066,-0.8561447858810425,0.8172623515129089,300,1.2399837719276547,54,11
20,300,1,FR,15,1,2,0.2556845545768738,-1.0090758800506592,0.8286238312721252,300,1.2399837719276547,50,7
20,300,1,FR,15,1,3,0.08024144172668457,-1.0947761535644531,0.783506453037262,300,1.2399837719276547,58,9
20,300,1,FR,16,0,0,-0.428364634513855,-1.6005219221115112,0.7589007616043091,300,1.1294094398617744,75,10
20,300,1,FR,16,0,1,-0.8307321667671204,-1.7320165634155273,0.735494077205658,300,1.1294094398617744,54,10
20,300,1,FR,16,0,2,-0.688959002494812,-1.4939262866973877,0.681169331073761,300,1.1294094398617744,58,9
20,300,1,FR,16,0,3,-0.5822317600250244,-1.2584068775177002,0.6578789949417114,300,1.1294094398617744,74,5
20,300,1,FR,16,1,0,-1.700178623199463,-2.155644416809082,0.7374124526977539,300,1.0918695121072233,79,10
20,300,1,FR,16,1,1,-1.65159010887146,-2.108635425567627,0.7622020244598389,300,1.0918695121072233,56,9
20,300,1,FR,16,1,2,-1.6830289363861084,-2.2290008068084717,0.7902452945709229,300,1.0918695121072233,64,8
20,300,1,FR,16,1,3,-1.6808348894119263,-2.1318695545196533,0.7497445344924927,300,1.0918695121072233,68,3
20,300,1,FR,17,0,0,1.1177902221679688,0.8342100381851196,0.6123431324958801,300,1.1926231025718153,59,9
20,300,1,FR,17,0,1,1.15616774559021,0.661591649055481,0.7401495575904846,300,1.1926231025718153,53,7
20,300,1,FR,17,0,2,1.162825107574463,0.7273462414741516,0.7080466747283936,300,1.1926231025718153,62,9
20,300,1,FR,17,0,3,1.1393401622772217,0.6972714066505432,0.6986836791038513,300,1.1926231025718153,76,9
20,300,1,FR,17,1,0,-0.0437244176864624,-1.7262847423553467,0.5908556580543518,300,1.1287872362881899,59,5
20,300,1,FR,17,1,1,0.282055139541626,-2.023501396179199,0.7346627116203308,300,1.1287872362881899,57,9
20,300,1,FR,17,1,2,0.06983470916748047,-2.124805450439453,0.6793195009231567,300,1.1287872362881899,47,5
20,300,1,FR,17,1,3,0.31808435916900635,-1.769329309463501,0.6912304759025574,300,1.1287872362881899,45,8
20,300,1,FR,18,0,0,1.0592721700668335,-1.1198279857635498,0.4482410252094269,300,1.1687018792144954,73,8
20,300,1,FR,18,0,1,1.547012448310852,-0.8782261610031128,0.4995872378349304,300,1.1687018792144954,56,4
20,300,1,FR,18,0,2,1.0097144842147827,-1.1270906925201416,0.4444369673728943,300,1.1687018792144954,76,6
20,300,1,FR,18,0,3,0.684126615524292,-0.8365359306335449,0.36939314007759094,300,1.1687018792144954,70,1
20,300,1,FR,18,1,0,0.945274829864502,-0.342123419046402,0.5048035979270935,300,1.2158369710668921,46,7
20,300,1,FR,18,1,1,0.6483034491539001,-0.4759567975997925,0.4687616527080536,300,1.2158369710668921,44,8
20,300,1,FR,18,1,2,0.7073157429695129,-0.49673986434936523,0.4332926273345947,300,1.2158369710668921,47,5
20,300,1,FR,18,1,3,0.9857264757156372,-0.21529991924762726,0.42891767621040344,300,1.2158369710668921,46,9
20,300,1,FR,19,0,0,5.884248733520508,0.3604922294616699,0.39690154790878296,300,1.2107119411230087,68,3
20,300,1,FR,19,0,1,6.482381820678711,0.6892662048339844,0.44699627161026,300,1.2107119411230087,58,2
20,300,1,FR,19,0,2,3.8034849166870117,0.28953468799591064,0.3328816890716553,300,1.2107119411230087,54,1
20,300,1,FR,19,0,3,5.20123291015625,0.8350940942764282,0.35879623889923096,300,1.2107119411230087,52,5
20,300,1,FR,19,1,0,9.659049987792969,0.6265023946762085,0.5474462509155273,300,1.1603169599547982,48,8
20,300,1,FR,19,1,1,6.938770771026611,0.8975875973701477,0.3967224061489105,300,1.1603169599547982,54,5
20,300,1,FR,19,1,2,8.370745658874512,0.2368636131286621,0.4720764756202698,300,1.1603169599547982,58,4
20,300,1,FR,19,1,3,8.03619384765625,0.2523813247680664,0.4764803349971771,300,1.1603169599547982,63,6
20,300,1,FR,20,0,0,3.311030387878418,0.015364527702331543,0.45974069833755493,300,1.1950378697365522,60,6
20,300,1,FR,20,0,1,3.242724895477295,0.3590909242630005,0.42069703340530396,300,1.1950378697365522,57,6
20,300,1,FR,20,0,2,2.6527583599090576,0.08553159236907959,0.3937135338783264,300,1.1950378697365522,61,3
20,300,1,FR,20,0,3,2.4516329765319824,0.4888470768928528,0.3381561040878296,300,1.1950378697365522,49,4
20,300,1,FR,20,1,0,1.6023926734924316,-2.621237277984619,0.45348089933395386,300,1.1909562749788165,39,6
20,300,1,FR,20,1,1,1.1889114379882812,-2.7400355339050293,0.4040626585483551,300,1.1909562749788165,38,5
20,300,1,FR,20,1,2,2.9901373386383057,-2.5081262588500977,0.44025418162345886,300,1.1909562749788165,57,3
20,300,1,FR,20,1,3,1.3809013366699219,-2.6140201091766357,0.4300948977470398,300,1.1909562749788165,40,9
20,300,1,FR,21,0,0,0.46212494373321533,-0.8964509963989258,0.6031420826911926,300,1.1017528772354126,32,9
20,300,1,FR,21,0,1,0.15289413928985596,-1.081809163093567,0.594146192073822,300,1.1017528772354126,49,10
20,300,1,FR,21,0,2,1.0212726593017578,-0.9419287443161011,0.6987996697425842,300,1.1017528772354126,36,5
20,300,1,FR,21,0,3,0.4810326099395752,-1.2115979194641113,0.6245490908622742,300,1.1017528772354126,40,7
20,300,1,FR,21,1,0,3.716449737548828,2.167222023010254,0.7142775654792786,300,1.2270537647418678,35,8
20,300,1,FR,21,1,1,3.26900053024292,1.9556596279144287,0.6499208807945251,300,1.2270537647418678,37,9
20,300,1,FR,21,1,2,3.6735219955444336,2.1243484020233154,0.6838763356208801,300,1.2270537647418678,28,4
20,300,1,FR,21,1,3,2.978513240814209,1.9671839475631714,0.5703091621398926,300,1.2270537647418678,38,6
20,300,1,FR,22,0,0,0.03083980083465576,-0.721133828163147,0.5975685119628906,300,1.1410925621166825,45,7
20,300,1,FR,22,0,1,-0.050605952739715576,-0.7055217027664185,0.5907660722732544,300,1.1410925621166825,52,15
20,300,1,FR,22,0,2,0.06752771139144897,-0.6652166843414307,0.6249827146530151,300,1.1410925621166825,42,7
20,300,1,FR,22,0,3,0.24607670307159424,-0.7433191537857056,0.6961652636528015,300,1.1410925621166825,37,8
20,300,1,FR,22,1,0,3.0932068824768066,-0.21040895581245422,0.6728911399841309,300,1.132524389307946,47,11
20,300,1,FR,22,1,1,2.769551992416382,-0.3891642093658447,0.6629207134246826,300,1.132524389307946,44,5
20,300,1,FR,22,1,2,2.637209892272949,-0.04048016667366028,0.6191683411598206,300,1.132524389307946,37,7
20,300,1,FR,22,1,3,2.8790688514709473,0.05113625526428223,0.61115562915802,300,1.132524389307946,37,4
20,300,1,FR,23,0,0,3.1784818172454834,1.9860332012176514,0.5527655482292175,300,1.1660046740435064,48,11
20,300,1,FR,23,0,1,2.639061212539673,2.026456117630005,0.4213400185108185,300,1.1660046740435064,30,6
20,300,1,FR,23,0,2,3.1238057613372803,1.9069737195968628,0.5212998390197754,300,1.1660046740435064,61,6
20,300,1,FR,23,0,3,3.1010241508483887,1.9884921312332153,0.502996027469635,300,1.1660046740435064,44,10
20,300,1,FR,23,1,0,2.1201882362365723,0.9032464623451233,0.5130371451377869,300,1.1041944716125727,51,4
20,300,1,FR,23,1,1,2.3148772716522217,0.5304028987884521,0.6263270974159241,300,1.1041944716125727,56,14
20,300,1,FR,23,1,2,1.8283836841583252,0.5768791437149048,0.48482921719551086,300,1.1041944716125727,61,3
20,300,1,FR,23,1,3,1.9414035081863403,0.5448001623153687,0.5198179483413696,300,1.1041944716125727,54,2
20,300,1,FR,24,0,0,7.536741256713867,2.9119091033935547,0.23926429450511932,300,1.2189927082508802,76,0
20,300,1,FR,24,0,1,6.957164764404297,2.7041923999786377,0.23779363930225372,300,1.2189927082508802,78,1
20,300,1,FR,24,0,2,7.454995155334473,2.4494833946228027,0.2758426368236542,300,1.2189927082508802,72,4
20,300,1,FR,24,0,3,5.857394218444824,2.794086456298828,0.1907299906015396,300,1.2189927082508802,84,0
20,300,1,FR,24,1,0,4.170969009399414,-0.22396975755691528,0.318019300699234,300,1.2315586782060564,72,2
20,300,1,FR,24,1,1,3.1101577281951904,-0.5410488843917847,0.30525657534599304,300,1.2315586782060564,63,3
20,300,1,FR,24,1,2,2.754803419113159,-0.4150686264038086,0.27675488591194153,300,1.2315586782060564,57,3
20,300,1,FR,24,1,3,4.859530448913574,-0.3593190312385559,0.3644382953643799,300,1.2315586782060564,63,4
20,300,1,FR,25,0,0,3.3367128372192383,0.7128790616989136,0.27104073762893677,300,1.1251560528762639,54,3
20,300,1,FR,25,0,1,4.068171977996826,0.991094708442688,0.29122963547706604,300,1.1251560528762639,57,1
20,300,1,FR,25,0,2,3.6948890686035156,0.8371803164482117,0.2855525612831116,300,1.1251560528762639,78,3
20,300,1,FR,25,0,3,2.6363768577575684,0.718169093132019,0.19779318571090698,300,1.1251560528762639,74,2
20,300,1,FR,25,1,0,15.610319137573242,3.622929811477661,0.4096705913543701,300,1.0559549871832132,67,0
20,300,1,FR,25,1,1,12.766303062438965,3.458350896835327,0.3461441099643707,300,1.0559549871832132,70,1
20,300,1,FR,25,1,2,12.769890785217285,2.7319469451904297,0.38178229331970215,300,1.0559549871832132,58,3
20,300,1,FR,25,1,3,13.68411922454834,3.1243786811828613,0.39528921246528625,300,1.0559549871832132,62,2
20,300,1,FR,26,0,0,4.9614458084106445,2.2662124633789062,0.34658747911453247,300,1.2120732008479536,44,6
20,300,1,FR,26,0,1,4.402622699737549,2.2896528244018555,0.2715701460838318,300,1.2120732008479536,45,4
20,300,1,FR,26,0,2,4.670346260070801,2.291337728500366,0.28746354579925537,300,1.2120732008479536,50,1
20,300,1,FR,26,0,3,4.915213584899902,2.1981258392333984,0.3549432158470154,300,1.2120732008479536,50,2
20,300,1,FR,26,1,0,3.215507745742798,0.3854236602783203,0.2559732496738434,300,1.1398486350663006,46,2
20,300,1,FR,26,1,1,3.2463724613189697,0.19712620973587036,0.3154714107513428,300,1.1398486350663006,46,3
20,300,1,FR,26,1,2,4.035042762756348,0.36277562379837036,0.3495393395423889,300,1.1398486350663006,46,2
20,300,1,FR,26,1,3,4.174732685089111,0.3116486072540283,0.29622209072113037,300,1.1398486350663006,57,3
20,300,1,FR,27,0,0,8.455286026000977,1.0803381204605103,0.39687278866767883,300,1.1001523961313069,34,1
20,300,1,FR,27,0,1,6.1298675537109375,0.9236201047897339,0.2735134959220886,300,1.1001523961313069,39,4
20,300,1,FR,27,0,2,8.379063606262207,0.9443174600601196,0.36467427015304565,300,1.1001523961313069,51,3
20,300,1,FR,27,0,3,6.290949821472168,0.931563138961792,0.24159805476665497,300,1.1001523961313069,55,5
20,300,1,FR,27,1,0,35.09771728515625,5.744467735290527,0.3442884087562561,300,1.0968035482801497,61,3
20,300,1,FR,27,1,1,15.824234962463379,4.541512489318848,0.16561977565288544,300,1.0968035482801497,66,2
20,300,1,FR,27,1,2,17.342388153076172,5.9857683181762695,0.16127589344978333,300,1.0968035482801497,63,2
20,300,1,FR,27,1,3,31.87176513671875,4.502913951873779,0.3648892641067505,300,1.0968035482801497,50,2
20,300,1,FR,28,0,0,13.597496032714844,2.7723512649536133,0.4088687598705292,300,1.1761249783448875,52,1
20,300,1,FR,28,0,1,14.634281158447266,3.026918888092041,0.32787415385246277,300,1.1761249783448875,54,5
20,300,1,FR,28,0,2,8.162862777709961,2.370321273803711,0.25980710983276367,300,1.1761249783448875,33,4
20,300,1,FR,28,0,3,11.917947769165039,2.3165948390960693,0.3539303243160248,300,1.1761249783448875,49,1
20,300,1,FR,28,1,0,16.721824645996094,0.9407596588134766,0.2919931411743164,300,1.2097787698730826,54,8
20,300,1,FR,28,1,1,12.063434600830078,1.126837968826294,0.27629491686820984,300,1.2097787698730826,40,7
20,300,1,FR,28,1,2,16.14695930480957,0.8615096807479858,0.34805765748023987,300,1.2097787698730826,51,3
20,300,1,FR,28,1,3,19.622005462646484,1.1604628562927246,0.3964400589466095,300,1.2097787698730826,53,3
20,300,1,FR,29,0,0,4.0412797927856445,1.8048930168151855,0.2250324785709381,300,1.213655916042626,57,2
20,300,1,FR,29,0,1,4.44003963470459,1.951627492904663,0.29004397988319397,300,1.213655916042626,41,5
20,300,1,FR,29,0,2,4.409505844116211,1.8402090072631836,0.2890138030052185,300,1.213655916042626,50,3
20,300,1,FR,29,0,3,5.632015228271484,1.8278135061264038,0.33448511362075806,300,1.213655916042626,52,3
20,300,1,FR,29,1,0,24.078847885131836,2.3997256755828857,0.3850257098674774,300,1.141154756769538,46,3
20,300,1,FR,29,1,1,18.49764060974121,3.071471691131592,0.2787318825721741,300,1.141154756769538,52,3
20,300,1,FR,29,1,2,13.89561653137207,2.417019844055176,0.23044152557849884,300,1.141154756769538,49,5
20,300,1,FR,29,1,3,29.32299041748047,2.4396145343780518,0.40248873829841614,300,1.141154756769538,41,6
20,300,1,FR,30,0,0,5.677286624908447,1.5996222496032715,0.3150175213813782,300,1.1526684178970754,72,1
20,300,1,FR,30,0,1,4.888853549957275,1.1718730926513672,0.2893763482570648,300,1.1526684178970754,51,6
20,300,1,FR,30,0,2,3.956131935119629,1.0622564554214478,0.22879786789417267,300,1.1526684178970754,67,2
20,300,1,FR,30,0,3,6.030056476593018,0.8303892016410828,0.3842141926288605,300,1.1526684178970754,60,7
20,300,1,FR,30,1,0,5.2399396896362305,0.7120317816734314,0.4476381838321686,300,1.1309656277298927,35,3
20,300,1,FR,30,1,1,3.3414108753204346,0.431027352809906,0.292934775352478,300,1.1309656277298927,48,3
20,300,1,FR,30,1,2,6.3470563888549805,0.9069522619247437,0.4442315399646759,300,1.1309656277298927,47,3
20,300,1,FR,30,1,3,4.630431652069092,0.6542119383811951,0.4015165865421295,300,1.1309656277298927,30,6
20,300,1,FR,31,0,0,8.91069507598877,2.1426634788513184,0.3310382068157196,300,1.202243270818144,72,6
20,300,1,FR,31,0,1,6.062234878540039,2.4869885444641113,0.19676218926906586,300,1.202243270818144,64,5
20,300,1,FR,31,0,2,9.36136245727539,1.5338222980499268,0.33855944871902466,300,1.202243270818144,68,3
20,300,1,FR,31,0,3,4.750014781951904,1.3241033554077148,0.21649804711341858,300,1.202243270818144,69,1
20,300,1,FR,31,1,0,1.031912088394165,-1.7904995679855347,0.33138221502304077,300,1.2241548877209425,42,1
20,300,1,FR,31,1,1,1.4118194580078125,-2.3262839317321777,0.4172166883945465,300,1.2241548877209425,55,2
20,300,1,FR,31,1,2,0.6384313106536865,-2.0575408935546875,0.2908514142036438,300,1.2241548877209425,59,1
20,300,1,FR,31,1,3,1.8410489559173584,-2.056442975997925,0.352518767118454,300,1.2241548877209425,55,4
20,300,1,FR,32,0,0,3.1538124084472656,1.7367072105407715,0.36175134778022766,300,1.1061701886355877,41,6
20,300,1,FR,32,0,1,3.2380013465881348,1.6636277437210083,0.40942201018333435,300,1.1061701886355877,43,2
20,300,1,FR,32,0,2,3.2275748252868652,1.742539882659912,0.36550286412239075,300,1.1061701886355877,47,1
20,300,1,FR,32,0,3,3.0142459869384766,1.587544560432434,0.35922637581825256,300,1.1061701886355877,45,4
20,300,1,FR,32,1,0,0.42813873291015625,-1.2674705982208252,0.3624524176120758,300,1.12242873897776,39,3
20,300,1,FR,32,1,1,0.8264865875244141,-1.3842984437942505,0.43170103430747986,300,1.12242873897776,41,3
20,300,1,FR,32,1,2,0.05680835247039795,-1.2824852466583252,0.3458099365234375,300,1.12242873897776,46,2
20,300,1,FR,32,1,3,0.44178831577301025,-1.2698068618774414,0.3725297451019287,300,1.12242873897776,45,3
20,300,1,FR,33,0,0,14.345513343811035,0.619659960269928,0.4033452868461609,300,1.1584596391767263,50,6
20,300,1,FR,33,0,1,12.549213409423828,0.47926515340805054,0.34334796667099,300,1.1584596391767263,54,4
20,300,1,FR,33,0,2,13.271303176879883,-0.1036020964384079,0.3994556665420532,300,1.1584596391767263,38,3
20,300,1,FR,33,0,3,10.19975471496582,0.6323721408843994,0.26753494143486023,300,1.1584596391767263,48,1
20,300,1,FR,33,1,0,10.56872844696045,-0.506153404712677,0.3136005401611328,300,1.1919347699731588,56,2
20,300,1,FR,33,1,1,15.7715425491333,0.28865933418273926,0.4196039140224457,300,1.1919347699731588,67,0
20,300,1,FR,33,1,2,6.4267730712890625,-0.047734618186950684,0.2022288292646408,300,1.1919347699731588,65,3
20,300,1,FR,33,1,3,7.065814971923828,1.001380205154419,0.19990241527557373,300,1.1919347699731588,65,3
20,300,1,FR,34,0,0,10.132965087890625,0.2563689351081848,0.324805349111557,300,1.1773283299989998,56,0
20,300,1,FR,34,0,1,10.871257781982422,0.5783090591430664,0.3811061680316925,300,1.1773283299989998,49,2
20,300,1,FR,34,0,2,7.772588729858398,0.6087472438812256,0.2554229199886322,300,1.1773283299989998,53,3
20,300,1,FR,34,0,3,7.215791702270508,0.6100585460662842,0.27363526821136475,300,1.1773283299989998,42,4
20,300,1,FR,34,1,0,12.669550895690918,-0.7951537370681763,0.3645455539226532,300,1.051141892094165,68,2
20,300,1,FR,34,1,1,12.413495063781738,-0.37646573781967163,0.34284210205078125,300,1.051141892094165,57,2
20,300,1,FR,34,1,2,12.840325355529785,-0.6326386332511902,0.41261720657348633,300,1.051141892094165,45,6
20,300,1,FR,34,1,3,11.239214897155762,-0.1496065855026245,0.3991382122039795,300,1.051141892094165,47,4
20,300,1,FR,35,0,0,10.644721984863281,1.1826894283294678,0.2774140536785126,300,1.15740582998842,38,4
20,300,1,FR,35,0,1,11.737405776977539,0.5768476724624634,0.2980801463127136,300,1.15740582998842,36,4
20,300,1,FR,35,0,2,12.874576568603516,1.1047958135604858,0.2966896891593933,300,1.15740582998842,52,6
20,300,1,FR,35,0,3,15.302297592163086,0.7533735036849976,0.3416758179664612,300,1.15740582998842,47,2
20,300,1,FR,35,1,0,8.239784240722656,1.8643929958343506,0.4637170732021332,300,1.129597074817866,58,3
20,300,1,FR,35,1,1,6.9686994552612305,1.5072225332260132,0.35203367471694946,300,1.129597074817866,51,3
20,300,1,FR,35,1,2,4.019465446472168,1.9192967414855957,0.1713656634092331,300,1.129597074817866,47,1
20,300,1,FR,35,1,3,5.452553749084473,1.6131104230880737,0.3184563219547272,300,1.129597074817866,33,6
20,300,2,FR,0,0,0,9.268180847167969,2.493863582611084,0.5527598857879639,300,1.1384546202607453,93,6
20,300,2,FR,0,0,1,8.467914581298828,2.3861453533172607,0.5084103941917419,300,1.1384546202607453,93,6
20,300,2,FR,0,0,2,8.411083221435547,2.1847281455993652,0.5060591697692871,300,1.1384546202607453,94,6
20,300,2,FR,0,0,3,6.892848491668701,2.3721413612365723,0.4550475776195526,300,1.1384546202607453,93,5
20,300,2,FR,0,1,0,12.757590293884277,0.08980509638786316,0.5367015600204468,300,1.1164301349781454,83,8
20,300,2,FR,0,1,1,9.30138111114502,-0.027790218591690063,0.4341309666633606,300,1.1164301349781454,90,6
20,300,2,FR,0,1,2,9.509711265563965,0.24763774871826172,0.4520193934440613,300,1.1164301349781454,89,2
20,300,2,FR,0,1,3,10.085358619689941,0.43092870712280273,0.4830872714519501,300,1.1164301349781454,88,6
20,300,2,FR,1,0,0,14.108827590942383,3.188021183013916,0.5419824123382568,300,1.2250898769125342,95,7
20,300,2,FR,1,0,1,12.53827953338623,2.524807929992676,0.49028095602989197,300,1.2250898769125342,95,5
20,300,2,FR,1,0,2,11.353808403015137,3.024770498275757,0.41040971875190735,300,1.2250898769125342,96,8
20,300,2,FR,1,0,3,10.700164794921875,2.495648145675659,0.41550177335739136,300,1.2250898769125342,96,4
20,300,2,FR,1,1,0,4.537968635559082,-0.0891495943069458,0.4683534801006317,300,1.2429259861819446,92,4
20,300,2,FR,1,1,1,3.966437578201294,-0.15722239017486572,0.4410504698753357,300,1.2429259861819446,95,3
20,300,2,FR,1,1,2,6.827901840209961,-0.09599572420120239,0.5444832444190979,300,1.2429259861819446,91,7
20,300,2,FR,1,1,3,5.098812103271484,-0.2829013466835022,0.5539986491203308,300,1.2429259861819446,93,8
20,300,2,FR,2,0,0,11.329084396362305,0.7184510231018066,0.4331701099872589,300,1.150265243370086,95,12
20,300,2,FR,2,0,1,12.832437515258789,1.0301780700683594,0.44268885254859924,300,1.150265243370086,87,5
20,300,2,FR,2,0,2,11.705644607543945,1.0532145500183105,0.49174606800079346,300,1.150265243370086,93,3
20,300,2,FR,2,0,3,13.666425704956055,0.9609781503677368,0.49725255370140076,300,1.150265243370086,93,8
20,300,2,FR,2,1,0,7.616372585296631,-0.8359108567237854,0.43798497319221497,300,1.2066374798305333,96,7
20,300,2,FR,2,1,1,5.684296131134033,-0.6016920804977417,0.34081438183784485,300,1.2066374798305333,92,3
20,300,2,FR,2,1,2,8.090076446533203,-0.9367668628692627,0.4587523937225342,300,1.2066374798305333,92,1
20,300,2,FR,2,1,3,5.809021949768066,-0.9292003512382507,0.35042423009872437,300,1.2066374798305333,91,6
20,300,2,FR,3,0,0,31.34212875366211,4.482841491699219,0.3786282241344452,300,1.1975369830615819,94,5
20,300,2,FR,3,0,1,30.834346771240234,3.8459324836730957,0.3648615777492523,300,1.1975369830615819,93,2
20,300,2,FR,3,0,2,34.11967086791992,4.09339714050293,0.4546066224575043,300,1.1975369830615819,94,5
20,300,2,FR,3,0,3,24.64101791381836,2.882016658782959,0.32010313868522644,300,1.1975369830615819,93,3
20,300,2,FR,3,1,0,14.17695140838623,0.48893654346466064,0.21880653500556946,300,1.1307244002819061,93,3
20,300,2,FR,3,1,1,10.868550300598145,1.1209436655044556,0.22783295810222626,300,1.1307244002819061,95,3
20,300,2,FR,3,1,2,13.00742244720459,0.6185333728790283,0.270510733127594,300,1.1307244002819061,96,5
20,300,2,FR,3,1,3,18.347496032714844,0.7797468900680542,0.32057419419288635,300,1.1307244002819061,94,9
20,300,2,FR,4,0,0,11.664019584655762,3.0945253372192383,0.2615944445133209,300,1.1324847592040896,96,2
20,300,2,FR,4,0,1,11.101280212402344,2.9738030433654785,0.228773832321167,300,1.1324847592040896,96,6
20,300,2,FR,4,0,2,17.411903381347656,3.167445659637451,0.3684513568878174,300,1.1324847592040896,96,1
20,300,2,FR,4,0,3,16.005491256713867,3.406942367553711,0.3014008700847626,300,1.1324847592040896,96,5
20,300,2,FR,4,1,0,4.298184394836426,-1.247259259223938,0.3155631422996521,300,1.1365701640024781,93,2
20,300,2,FR,4,1,1,7.973040580749512,-1.0894298553466797,0.46491366624832153,300,1.1365701640024781,90,3
20,300,2,FR,4,1,2,5.459632873535156,-1.193434238433838,0.38392385840415955,300,1.1365701640024781,93,5
20,300,2,FR,4,1,3,6.959650039672852,-1.034335970878601,0.34879040718078613,300,1.1365701640024781,96,1
20,300,2,FR,5,0,0,8.26202392578125,2.0634541511535645,0.4171498715877533,300,1.1329731168225408,94,3
20,300,2,FR,5,0,1,7.465131759643555,2.066762685775757,0.34341737627983093,300,1.1329731168225408,92,6
20,300,2,FR,5,0,2,9.499939918518066,2.096938133239746,0.45989206433296204,300,1.1329731168225408,87,3
20,300,2,FR,5,0,3,8.96641731262207,2.0961570739746094,0.3708673119544983,300,1.1329731168225408,94,5
20,300,2,FR,5,1,0,15.990455627441406,-0.255270779132843,0.3898051977157593,300,1.1243683262728155,93,8
20,300,2,FR,5,1,1,12.651693344116211,-0.09740251302719116,0.34964719414711,300,1.1243683262728155,93,2
20,300,2,FR,5,1,2,9.445605278015137,-0.35685795545578003,0.2890436053276062,300,1.1243683262728155,93,1
20,300,2,FR,5,1,3,16.38580894470215,-0.470958948135376,0.3945142924785614,300,1.1243683262728155,93,3
20,300,2,FR,6,0,0,26.61004066467285,1.6758813858032227,0.24088966846466064,300,1.1556165437214077,92,8
20,300,2,FR,6,0,1,31.679576873779297,0.5576637983322144,0.26569855213165283,300,1.1556165437214077,95,4
20,300,2,FR,6,0,2,40.66617202758789,2.2423641681671143,0.3142099380493164,300,1.1556165437214077,91,12
20,300,2,FR,6,0,3,32.44700241088867,2.932053804397583,0.27072858810424805,300,1.1556165437214077,95,3
20,300,2,FR,6,1,0,18.161739349365234,2.3338091373443604,0.17233934998512268,300,1.1372723197564483,94,8
20,300,2,FR,6,1,1,22.529438018798828,2.10206937789917,0.2090338170528412,300,1.1372723197564483,93,6
20,300,2,FR,6,1,2,26.499223709106445,3.0554251670837402,0.25781553983688354,300,1.1372723197564483,93,7
20,300,2,FR,6,1,3,30.976787567138672,2.2456228733062744,0.25074321031570435,300,1.1372723197564483,96,4
20,300,2,FR,7,0,0,13.433576583862305,2.4078540802001953,0.21367110311985016,300,1.1980688530020416,96,3
20,300,2,FR,7,0,1,17.93805694580078,1.9858839511871338,0.2992405593395233,300,1.1980688530020416,94,6
20,300,2,FR,7,0,2,14.884125709533691,2.2185535430908203,0.21655897796154022,300,1.1980688530020416,95,3
20,300,2,FR,7,0,3,9.677839279174805,2.655385971069336,0.14126816391944885,300,1.1980688530020416,94,1
20,300,2,FR,7,1,0,21.719783782958984,1.6525219678878784,0.4036644995212555,300,1.2433647690340877,95,2
20,300,2,FR,7,1,1,12.011616706848145,0.8554448485374451,0.24723303318023682,300,1.2433647690340877,92,3
20,300,2,FR,7,1,2,13.937983512878418,0.8043376803398132,0.2539425194263458,300,1.2433647690340877,95,2
20,300,2,FR,7,1,3,14.306577682495117,1.3005250692367554,0.287767231464386,300,1.2433647690340877,93,0
20,300,2,FR,8,0,0,4.504683017730713,0.9975985288619995,0.08958479017019272,300,1.1495184795930982,96,5
20,300,2,FR,8,0,1,10.148760795593262,0.9384002089500427,0.19445796310901642,300,1.1495184795930982,96,3
20,300,2,FR,8,0,2,6.569416522979736,0.8772509098052979,0.15532101690769196,300,1.1495184795930982,96,5
20,300,2,FR,8,0,3,12.305617332458496,0.9390488266944885,0.2626548707485199,300,1.1495184795930982,95,3
20,300,2,FR,8,1,0,14.925996780395508,3.085470676422119,0.2619195580482483,300,1.1899372329935431,96,4
20,300,2,FR,8,1,1,9.749479293823242,2.7963688373565674,0.19718755781650543,300,1.1899372329935431,95,3
20,300,2,FR,8,1,2,8.042329788208008,2.6814281940460205,0.12896056473255157,300,1.1899372329935431,96,7
20,300,2,FR,8,1,3,11.234466552734375,2.51408052444458,0.23213760554790497,300,1.1899372329935431,95,6
20,300,2,FR,9,0,0,9.22131061553955,2.5579910278320312,0.2542239725589752,300,1.1490206150338054,96,2
20,300,2,FR,9,0,1,12.14574146270752,2.2601232528686523,0.2763608992099762,300,1.1490206150338054,95,2
20,300,2,FR,9,0,2,13.052593231201172,2.753993034362793,0.27393293380737305,300,1.1490206150338054,95,3
20,300,2,FR,9,0,3,9.039137840270996,2.5510339736938477,0.20123453438282013,300,1.1490206150338054,94,1
20,300,2,FR,9,1,0,15.779260635375977,2.96077299118042,0.26184380054473877,300,1.2012498048134148,94,4
20,300,2,FR,9,1,1,10.593145370483398,2.9861974716186523,0.17411677539348602,300,1.2012498048134148,96,3
20,300,2,FR,9,1,2,19.884187698364258,2.8453712463378906,0.3228442966938019,300,1.2012498048134148,94,5
20,300,2,FR,9,1,3,11.103632926940918,2.6485815048217773,0.20262490212917328,300,1.2012498048134148,93,6
20,300,2,FR,10,0,0,19.882137298583984,1.4037115573883057,0.3436063230037689,300,1.1625322410836816,96,2
20,300,2,FR,10,0,1,15.620132446289062,0.9170012474060059,0.28060173988342285,300,1.1625322410836816,96,9
20,300,2,FR,10,0,2,14.99620246887207,1.0302705764770508,0.2943190336227417,300,1.1625322410836816,96,8
20,300,2,FR,10,0,3,23.970731735229492,1.2496697902679443,0.40180957317352295,300,1.1625322410836816,96,6
20,300,2,FR,10,1,0,9.671875953674316,-0.47871673107147217,0.30264735221862793,300,1.2877605641260743,95,4
20,300,2,FR,10,1,1,5.6640119552612305,-0.4376307725906372,0.19067078828811646,300,1.2877605641260743,94,6
20,300,2,FR,10,1,2,8.702988624572754,-0.05326390266418457,0.29354193806648254,300,1.2877605641260743,94,3
20,300,2,FR,10,1,3,8.646261215209961,-0.2010030746459961,0.29831719398498535,300,1.2877605641260743,95,2
20,300,2,FR,11,0,0,1.8871660232543945,-1.137352466583252,0.31571507453918457,300,1.1998611995950341,91,1
20,300,2,FR,11,0,1,2.0852367877960205,-1.230504035949707,0.3384421765804291,300,1.1998611995950341,95,4
20,300,2,FR,11,0,2,0.5133988857269287,-1.2127110958099365,0.21269232034683228,300,1.1998611995950341,95,7
20,300,2,FR,11,0,3,1.0959296226501465,-1.0732765197753906,0.26544055342674255,300,1.1998611995950341,93,2
20,300,2,FR,11,1,0,3.719280242919922,0.241676926612854,0.19201450049877167,300,1.1077731139957905,94,4
20,300,2,FR,11,1,1,6.505157470703125,0.40676450729370117,0.31439346075057983,300,1.1077731139957905,94,4
20,300,2,FR,11,1,2,5.182920932769775,-0.020833849906921387,0.28530195355415344,300,1.1077731139957905,90,3
20,300,2,FR,11,1,3,9.371870994567871,0.5447076559066772,0.41753801703453064,300,1.1077731139957905,94,7
20,300,2,FR,12,0,0,-0.6429194808006287,-1.395768165588379,0.7145994901657104,300,1.2502540652640164,96,18
20,300,2,FR,12,0,1,-0.7491077184677124,-1.42951500415802,0.6901099681854248,300,1.2502540652640164,96,8
20,300,2,FR,12,0,2,-0.8350474238395691,-1.387880802154541,0.6437458992004395,300,1.2502540652640164,93,11
20,300,2,FR,12,0,3,-0.6939939260482788,-1.4263286590576172,0.7008521556854248,300,1.2502540652640164,94,8
20,300,2,FR,12,1,0,1.7988674640655518,-0.9099217653274536,0.6370139122009277,300,1.2131582330912352,96,12
20,300,2,FR,12,1,1,1.7945311069488525,-0.5429009199142456,0.634797990322113,300,1.2131582330912352,95,10
20,300,2,FR,12,1,2,2.194581985473633,-1.2411894798278809,0.746418297290802,300,1.2131582330912352,96,7
20,300,2,FR,12,1,3,1.7932298183441162,-0.877463698387146,0.6746339201927185,300,1.2131582330912352,96,7
20,300,2,FR,13,0,0,3.61972975730896,2.174560785293579,0.6076346039772034,300,1.165654117707163,94,5
20,300,2,FR,13,0,1,4.0512285232543945,2.497728109359741,0.6079076528549194,300,1.165654117707163,94,7
20,300,2,FR,13,0,2,3.6137566566467285,2.288912534713745,0.5762835144996643,300,1.165654117707163,94,12
20,300,2,FR,13,0,3,3.6141934394836426,2.2142157554626465,0.5598294734954834,300,1.165654117707163,95,9
20,300,2,FR,13,1,0,2.058302402496338,1.4154410362243652,0.5487339496612549,300,1.2268399870954454,93,8
20,300,2,FR,13,1,1,2.174447536468506,1.3962931632995605,0.5917586088180542,300,1.2268399870954454,94,3
20,300,2,FR,13,1,2,2.2043166160583496,1.3877519369125366,0.6563640236854553,300,1.2268399870954454,91,5
20,300,2,FR,13,1,3,2.1594924926757812,1.4630801677703857,0.5964198112487793,300,1.2268399870954454,91,3
20,300,2,FR,14,0,0,4.856734275817871,2.0560553073883057,0.5858950614929199,300,1.1813556151464581,90,9
20,300,2,FR,14,0,1,4.970536231994629,2.0076475143432617,0.5851947069168091,300,1.1813556151464581,93,7
20,300,2,FR,14,0,2,4.046027183532715,2.098440647125244,0.46633127331733704,300,1.1813556151464581,95,7
20,300,2,FR,14,0,3,4.469343185424805,2.143432140350342,0.5332123637199402,300,1.1813556151464581,96,3
20,300,2,FR,14,1,0,-0.19248437881469727,-1.2602518796920776,0.4767146408557892,300,1.0391904772259295,95,2
20,300,2,FR,14,1,1,0.1011422872543335,-1.2684245109558105,0.5922603011131287,300,1.0391904772259295,96,9
20,300,2,FR,14,1,2,-0.03319978713989258,-1.0915722846984863,0.5107056498527527,300,1.0391904772259295,94,4
20,300,2,FR,14,1,3,-0.13625431060791016,-1.3273109197616577,0.5325502157211304,300,1.0391904772259295,95,4
20,300,2,FR,15,0,0,0.16026026010513306,-3.516787052154541,0.8420330882072449,300,1.108187525998801,96,8
20,300,2,FR,15,0,1,0.36825597286224365,-2.8932833671569824,0.829915463924408,300,1.108187525998801,96,6
20,300,2,FR,15,0,2,0.1191205382347107,-3.21593976020813,0.8503651022911072,300,1.108187525998801,96,12
20,300,2,FR,15,0,3,-0.06006801128387451,-2.881213426589966,0.8138628005981445,300,1.108187525998801,96,14
20,300,2,FR,15,1,0,0.36202651262283325,-1.0437382459640503,0.8498591184616089,300,1.087745496071875,94,5
20,300,2,FR,15,1,1,0.39238953590393066,-0.996189296245575,0.8326072692871094,300,1.087745496071875,95,6
20,300,2,FR,15,1,2,0.2556845545768738,-0.8310033082962036,0.8059892654418945,300,1.087745496071875,96,7
20,300,2,FR,15,1,3,0.08024144172668457,-0.9972055554389954,0.7684410810470581,300,1.087745496071875,95,10
20,300,2,FR,16,0,0,-0.428364634513855,-1.8957821130752563,0.7975934743881226,300,1.1715281121432781,95,8
20,300,2,FR,16,0,1,-0.8307321667671204,-2.088503837585449,0.795101523399353,300,1.1715281121432781,93,6
20,300,2,FR,16,0,2,-0.688959002494812,-1.5897361040115356,0.705079972743988,300,1.1715281121432781,88,8
20,300,2,FR,16,0,3,-0.5822317600250244,-1.8399286270141602,0.7815021872520447,300,1.1715281121432781,93,6
20,300,2,FR,16,1,0,-1.700178623199463,-2.2410781383514404,0.7693200707435608,300,1.2335839602164924,95,12
20,300,2,FR,16,1,1,-1.65159010887146,-2.180579662322998,0.7876765131950378,300,1.2335839602164924,88,3
20,300,2,FR,16,1,2,-1.6830289363861084,-2.197568416595459,0.7802475690841675,300,1.2335839602164924,92,5
20,300,2,FR,16,1,3,-1.6808348894119263,-2.0576140880584717,0.7145050168037415,300,1.2335839602164924,89,1
20,300,2,FR,17,0,0,1.1177902221679688,0.7226762771606445,0.687584638595581,300,1.0928363241255283,96,6
20,300,2,FR,17,0,1,1.15616774559021,0.6801350712776184,0.7327327132225037,300,1.0928363241255283,96,8
20,300,2,FR,17,0,2,1.162825107574463,0.628877580165863,0.7483379244804382,300,1.0928363241255283,96,10
20,300,2,FR,17,0,3,1.1393401622772217,0.630794107913971,0.7273319363594055,300,1.0928363241255283,96,2
20,300,2,FR,17,1,0,-0.0437244176864624,-2.516857862472534,0.6797609329223633,300,1.1185265048407018,94,3
20,300,2,FR,17,1,1,0.282055139541626,-2.529162883758545,0.7714832425117493,300,1.1185265048407018,95,5
20,300,2,FR,17,1,2,0.06983470916748047,-2.8342161178588867,0.7370583415031433,300,1.1185265048407018,93,5
20,300,2,FR,17,1,3,0.31808435916900635,-2.397897243499756,0.7444267868995667,300,1.1185265048407018,94,5
20,300,2,FR,18,0,0,1.0592721700668335,-1.3172777891159058,0.46977630257606506,300,1.161759827286005,95,1
20,300,2,FR,18,0,1,1.547012448310852,-1.3523881435394287,0.5441157817840576,300,1.161759827286005,95,9
20,300,2,FR,18,0,2,1.0097144842147827,-1.4405457973480225,0.4784405827522278,300,1.161759827286005,96,7
20,300,2,FR,18,0,3,0.684126615524292,-1.4531904458999634,0.4515484869480133,300,1.161759827286005,93,7
20,300,2,FR,18,1,0,0.945274829864502,-0.3734892010688782,0.5108199119567871,300,1.1888242340646684,96,2
20,300,2,FR,18,1,1,0.6483034491539001,-0.4671291708946228,0.4667991101741791,300,1.1888242340646684,96,10
20,300,2,FR,18,1,2,0.7073157429695129,-0.46231508255004883,0.42618411779403687,300,1.1888242340646684,95,6
20,300,2,FR,18,1,3,0.9857264757156372,-0.36636704206466675,0.4581504166126251,300,1.1888242340646684,95,1
20,300,2,FR,19,0,0,5.884248733520508,0.10217010974884033,0.4078918695449829,300,1.2497994140721858,94,1
20,300,2,FR,19,0,1,6.482381820678711,-0.001634359359741211,0.4749847650527954,300,1.2497994140721858,93,1
20,300,2,FR,19,0,2,3.8034849166870117,0.38871729373931885,0.32655417919158936,300,1.2497994140721858,94,6
20,300,2,FR,19,0,3,5.20123291015625,0.5319321155548096,0.37438222765922546,300,1.2497994140721858,94,3
20,300,2,FR,19,1,0,9.659049987792969,0.15191495418548584,0.5600994825363159,300,1.185984503943473,96,6
20,300,2,FR,19,1,1,6.938770771026611,1.1635210514068604,0.3859996795654297,300,1.185984503943473,94,0
20,300,2,FR,19,1,2,8.370745658874512,0.5336613655090332,0.4628232717514038,300,1.185984503943473,94,2
20,300,2,FR,19,1,3,8.03619384765625,0.020127415657043457,0.48381900787353516,300,1.185984503943473,95,6
20,300,2,FR,20,0,0,3.311030387878418,-0.41067004203796387,0.49004778265953064,300,1.269734154921025,93,0
20,300,2,FR,20,0,1,3.242724895477295,-0.062333106994628906,0.4542508125305176,300,1.269734154921025,92,4
20,300,2,FR,20,0,2,2.6527583599090576,0.2890806198120117,0.374177485704422,300,1.269734154921025,92,2
20,300,2,FR,20,0,3,2.4516329765319824,-0.015335798263549805,0.39105093479156494,300,1.269734154921025,90,4
20,300,2,FR,20,1,0,1.6023926734924316,-2.285737991333008,0.4330587089061737,300,1.181169608142227,95,11
20,300,2,FR,20,1,1,1.1889114379882812,-2.66904354095459,0.3996797502040863,300,1.181169608142227,96,5
20,300,2,FR,20,1,2,2.9901373386383057,-2.561758041381836,0.44264766573905945,300,1.181169608142227,94,3
20,300,2,FR,20,1,3,1.3809013366699219,-2.7647955417633057,0.43919816613197327,300,1.181169608142227,96,0
20,300,2,FR,21,0,0,0.46212494373321533,-1.1470155715942383,0.6428688764572144,300,1.150917137041688,95,7
20,300,2,FR,21,0,1,0.15289413928985596,-1.2817599773406982,0.6297688484191895,300,1.150917137041688,95,11
20,300,2,FR,21,0,2,1.0212726593017578,-1.0216223001480103,0.7071081399917603,300,1.150917137041688,95,9
20,300,2,FR,21,0,3,0.4810326099395752,-1.2929363250732422,0.6354888677597046,300,1.150917137041688,95,7
20,300,2,FR,21,1,0,3.716449737548828,2.1190483570098877,0.7204857468605042,300,1.1781265479512513,92,9
20,300,2,FR,21,1,1,3.26900053024292,2.032968044281006,0.6359952092170715,300,1.1781265479512513,95,11
20,300,2,FR,21,1,2,3.6735219955444336,2.00469708442688,0.6997361183166504,300,1.1781265479512513,94,5
20,300,2,FR,21,1,3,2.978513240814209,2.057753801345825,0.5471818447113037,300,1.1781265479512513,94,4
20,300,2,FR,22,0,0,0.03083980083465576,-0.7929656505584717,0.6192998290061951,300,1.198008052073419,95,6
20,300,2,FR,22,0,1,-0.050605952739715576,-0.7566953897476196,0.6088232398033142,300,1.198008052073419,96,5
20,300,2,FR,22,0,2,0.06752771139144897,-0.7523294687271118,0.6509199142456055,300,1.198008052073419,95,6
20,300,2,FR,22,0,3,0.24607670307159424,-0.7239057421684265,0.6919574737548828,300,1.198008052073419,95,10
20,300,2,FR,22,1,0,3.0932068824768066,-0.43121233582496643,0.6869693398475647,300,1.1566890431568027,87,8
20,300,2,FR,22,1,1,2.769551992416382,-0.2898153066635132,0.655742883682251,300,1.1566890431568027,92,6
20,300,2,FR,22,1,2,2.637209892272949,-0.05531772971153259,0.6204705238342285,300,1.1566890431568027,91,12
20,300,2,FR,22,1,3,2.8790688514709473,-0.4480685591697693,0.6490210890769958,300,1.1566890431568027,95,6
20,300,2,FR,23,0,0,3.1784818172454834,1.9753998517990112,0.5549591779708862,300,1.124097018968314,96,5
20,300,2,FR,23,0,1,2.639061212539673,1.975305199623108,0.4410059154033661,300,1.124097018968314,96,12
20,300,2,FR,23,0,2,3.1238057613372803,1.9082807302474976,0.5210316181182861,300,1.124097018968314,96,4
20,300,2,FR,23,0,3,3.1010241508483887,1.9997528791427612,0.5004527568817139,300,1.124097018968314,96,5
20,300,2,FR,23,1,0,2.1201882362365723,0.677711009979248,0.5553179383277893,300,1.1704567377455533,95,8
20,300,2,FR,23,1,1,2.3148772716522217,0.2990458607673645,0.6543916463851929,300,1.1704567377455533,93,5
20,300,2,FR,23,1,2,1.8283836841583252,0.5163317918777466,0.4966360628604889,300,1.1704567377455533,93,5
20,300,2,FR,23,1,3,1.9414035081863403,0.6236163377761841,0.5053057670593262,300,1.1704567377455533,94,3
20,300,2,FR,24,0,0,7.536741256713867,2.26192569732666,0.2640131115913391,300,1.1179082687012851,96,0
20,300,2,FR,24,0,1,6.957164764404297,2.4143896102905273,0.24994716048240662,300,1.1179082687012851,96,4
20,300,2,FR,24,0,2,7.454995155334473,2.148007869720459,0.28767693042755127,300,1.1179082687012851,96,6
20,300,2,FR,24,0,3,5.857394218444824,2.354567527770996,0.21228629350662231,300,1.1179082687012851,96,2
20,300,2,FR,24,1,0,4.170969009399414,-0.48275184631347656,0.3305550217628479,300,1.093375163152814,94,2
20,300,2,FR,24,1,1,3.1101577281951904,-0.622926652431488,0.30998000502586365,300,1.093375163152814,94,8
20,300,2,FR,24,1,2,2.754803419113159,-0.3899073004722595,0.27516260743141174,300,1.093375163152814,96,7
20,300,2,FR,24,1,3,4.859530448913574,-0.27048951387405396,0.36047127842903137,300,1.093375163152814,91,6
20,300,2,FR,25,0,0,3.3367128372192383,0.6952897310256958,0.2723628580570221,300,1.151090343017131,93,5
20,300,2,FR,25,0,1,4.068171977996826,0.7509660720825195,0.30697983503341675,300,1.151090343017131,93,4
20,300,2,FR,25,0,2,3.6948890686035156,0.6707468628883362,0.29723989963531494,300,1.151090343017131,93,3
20,300,2,FR,25,0,3,2.6363768577575684,0.7903768420219421,0.19177547097206116,300,1.151090343017131,95,2
20,300,2,FR,25,1,0,15.610319137573242,2.668853282928467,0.42831090092658997,300,1.1476300721988082,96,5
20,300,2,FR,25,1,1,12.766303062438965,3.044402599334717,0.35605689883232117,300,1.1476300721988082,91,2
20,300,2,FR,25,1,2,12.769890785217285,2.501852512359619,0.38714560866355896,300,1.1476300721988082,95,8
20,300,2,FR,25,1,3,13.68411922454834,2.6151034832000732,0.40660175681114197,300,1.1476300721988082,95,3
20,300,2,FR,26,0,0,4.9614458084106445,2.1739251613616943,0.3542509078979492,300,1.1050019292160869,95,6
20,300,2,FR,26,0,1,4.402622699737549,2.189049482345581,0.2808685898780823,300,1.1050019292160869,93,1
20,300,2,FR,26,0,2,4.670346260070801,2.208092212677002,0.29455944895744324,300,1.1050019292160869,94,2
20,300,2,FR,26,0,3,4.915213584899902,2.3136157989501953,0.345062255859375,300,1.1050019292160869,93,3
20,300,2,FR,26,1,0,3.215507745742798,0.22283321619033813,0.26675623655319214,300,1.1806834102608263,93,4
20,300,2,FR,26,1,1,3.2463724613189697,0.37281662225723267,0.3027985990047455,300,1.1806834102608263,92,5
20,300,2,FR,26,1,2,4.035042762756348,0.3191996216773987,0.3522261381149292,300,1.1806834102608263,91,4
20,300,2,FR,26,1,3,4.174732685089111,0.4971597194671631,0.28606635332107544,300,1.1806834102608263,95,3
20,300,2,FR,27,0,0,8.455286026000977,0.8480694890022278,0.40431833267211914,300,1.1022742511704564,95,8
20,300,2,FR,27,0,1,6.1298675537109375,0.6941770315170288,0.2821662127971649,300,1.1022742511704564,94,4
20,300,2,FR,27,0,2,8.379063606262207,0.7685251235961914,0.3701055943965912,300,1.1022742511704564,94,5
20,300,2,FR,27,0,3,6.290949821472168,0.9904654026031494,0.2395789623260498,300,1.1022742511704564,94,3
20,300,2,FR,27,1,0,35.09771728515625,3.9038329124450684,0.35814541578292847,300,1.1418928639031947,95,8
20,300,2,FR,27,1,1,15.824234962463379,3.824227809906006,0.1743134707212448,300,1.1418928639031947,95,4
20,300,2,FR,27,1,2,17.342388153076172,5.113463401794434,0.1715385764837265,300,1.1418928639031947,93,2
20,300,2,FR,27,1,3,31.87176513671875,5.083698272705078,0.35993313789367676,300,1.1418928639031947,93,2
20,300,2,FR,28,0,0,13.597496032714844,2.311180591583252,0.4189891219139099,300,1.1356628746725619,92,7
20,300,2,FR,28,0,1,14.634281158447266,2.672454595565796,0.3345371186733246,300,1.1356628746725619,95,5
20,300,2,FR,28,0,2,8.162862777709961,2.65010404586792,0.2504005432128906,300,1.1356628746725619,95,3
20,300,2,FR,28,0,3,11.917947769165039,2.475101947784424,0.3501332104206085,300,1.1356628746725619,94,3
20,300,2,FR,28,1,0,16.721824645996094,0.4307572841644287,0.29861176013946533,300,1.170014635194093,96,4
20,300,2,FR,28,1,1,12.063434600830078,1.2920544147491455,0.27326157689094543,300,1.170014635194093,96,0
20,300,2,FR,28,1,2,16.14695930480957,0.34123826026916504,0.35569071769714355,300,1.170014635194093,96,4
20,300,2,FR,28,1,3,19.622005462646484,0.4768028259277344,0.4051726162433624,300,1.170014635194093,96,3
20,300,2,FR,29,0,0,4.0412797927856445,1.8754379749298096,0.2194920778274536,300,1.2054224642924964,95,5
20,300,2,FR,29,0,1,4.44003963470459,1.7643852233886719,0.3052074909210205,300,1.2054224642924964,96,2
20,300,2,FR,29,0,2,4.409505844116211,1.8595359325408936,0.2874647080898285,300,1.2054224642924964,95,3
20,300,2,FR,29,0,3,5.632015228271484,1.8517144918441772,0.3330835998058319,300,1.2054224642924964,96,3
20,300,2,FR,29,1,0,24.078847885131836,1.4805837869644165,0.39490339159965515,300,1.1451803306117654,93,8
20,300,2,FR,29,1,1,18.49764060974121,2.124959945678711,0.29085981845855713,300,1.1451803306117654,94,3
20,300,2,FR,29,1,2,13.89561653137207,2.3186428546905518,0.23195841908454895,300,1.1451803306117654,92,0
20,300,2,FR,29,1,3,29.32299041748047,1.885236382484436,0.407407283782959,300,1.1451803306117654,95,1
20,300,2,FR,30,0,0,5.677286624908447,0.26591718196868896,0.37900182604789734,300,1.1600742139853537,95,6
20,300,2,FR,30,0,1,4.888853549957275,1.0990347862243652,0.29338330030441284,300,1.1600742139853537,95,0
20,300,2,FR,30,0,2,3.956131935119629,0.5096184611320496,0.2610833942890167,300,1.1600742139853537,96,2
20,300,2,FR,30,0,3,6.030056476593018,0.6499284505844116,0.39231738448143005,300,1.1600742139853537,94,8
20,300,2,FR,30,1,0,5.2399396896362305,0.6173100471496582,0.4527627229690552,300,1.1380064538680017,95,2
20,300,2,FR,30,1,1,3.3414108753204346,0.4364146590232849,0.2925511598587036,300,1.1380064538680017,96,2
20,300,2,FR,30,1,2,6.3470563888549805,0.7505428194999695,0.4512404203414917,300,1.1380064538680017,93,5
20,300,2,FR,30,1,3,4.630431652069092,0.5168613195419312,0.40970373153686523,300,1.1380064538680017,95,4
20,300,2,FR,31,0,0,8.91069507598877,1.0939072370529175,0.363679438829422,300,1.1585403131321073,93,7
20,300,2,FR,31,0,1,6.062234878540039,0.6250743865966797,0.27141955494880676,300,1.1585403131321073,96,5
20,300,2,FR,31,0,2,9.36136245727539,0.29178744554519653,0.37228110432624817,300,1.1585403131321073,95,4
20,300,2,FR,31,0,3,4.750014781951904,0.9841934442520142,0.23297405242919922,300,1.1585403131321073,96,9
20,300,2,FR,31,1,0,1.031912088394165,-1.8999590873718262,0.33986613154411316,300,1.1945247687399387,95,5
20,300,2,FR,31,1,1,1.4118194580078125,-2.300746440887451,0.4155508577823639,300,1.1945247687399387,95,3
20,300,2,FR,31,1,2,0.6384313106536865,-2.128249406814575,0.296220064163208,300,1.1945247687399387,93,2
20,300,2,FR,31,1,3,1.8410489559173584,-2.251631736755371,0.3637513220310211,300,1.1945247687399387,95,2
20,300,2,FR,32,0,0,3.1538124084472656,1.6491096019744873,0.3757113814353943,300,1.2504931716248393,92,4
20,300,2,FR,32,0,1,3.2380013465881348,1.6930007934570312,0.40487611293792725,300,1.2504931716248393,96,3
20,300,2,FR,32,0,2,3.2275748252868652,1.709405541419983,0.37063542008399963,300,1.2504931716248393,95,4
20,300,2,FR,32,0,3,3.0142459869384766,1.6084599494934082,0.355834037065506,300,1.2504931716248393,94,2
20,300,2,FR,32,1,0,0.42813873291015625,-1.3036189079284668,0.36734098196029663,300,1.229591657873243,93,4
20,300,2,FR,32,1,1,0.8264865875244141,-1.2821345329284668,0.42013293504714966,300,1.229591657873243,96,2
20,300,2,FR,32,1,2,0.05680835247039795,-1.2624790668487549,0.342413067817688,300,1.229591657873243,96,5
20,300,2,FR,32,1,3,0.44178831577301025,-1.3566148281097412,0.3841652274131775,300,1.229591657873243,94,1
20,300,2,FR,33,0,0,14.345513343811035,-0.084339439868927,0.4154384434223175,300,1.2413888601586223,96,7
20,300,2,FR,33,0,1,12.549213409423828,0.2973230481147766,0.346729040145874,300,1.2413888601586223,93,4
20,300,2,FR,33,0,2,13.271303176879883,0.0859215259552002,0.3960370719432831,300,1.2413888601586223,95,7
20,300,2,FR,33,0,3,10.19975471496582,0.432344913482666,0.2716090977191925,300,1.2413888601586223,94,1
20,300,2,FR,33,1,0,10.56872844696045,-0.665169358253479,0.31667742133140564,300,1.2129832818172872,93,5
20,300,2,FR,33,1,1,15.7715425491333,-0.2608017921447754,0.42811980843544006,300,1.2129832818172872,95,2
20,300,2,FR,33,1,2,6.4267730712890625,-0.265783429145813,0.20762543380260468,300,1.2129832818172872,96,7
20,300,2,FR,33,1,3,7.065814971923828,-0.5366597771644592,0.23850888013839722,300,1.2129832818172872,95,2
20,300,2,FR,34,0,0,10.132965087890625,-0.15793642401695251,0.3338811993598938,300,1.2501033479347825,95,5
20,300,2,FR,34,0,1,10.871257781982422,0.1451093554496765,0.39087626338005066,300,1.2501033479347825,94,1
20,300,2,FR,34,0,2,7.772588729858398,0.6754062175750732,0.2536490559577942,300,1.2501033479347825,95,3
20,300,2,FR,34,0,3,7.215791702270508,-0.07495900988578796,0.2936778962612152,300,1.2501033479347825,94,1
20,300,2,FR,34,1,0,12.669550895690918,-0.9245376586914062,0.36676374077796936,300,1.2033752407878637,93,6
20,300,2,FR,34,1,1,12.413495063781738,-0.7153052091598511,0.34875717759132385,300,1.2033752407878637,95,3
20,300,2,FR,34,1,2,12.840325355529785,-0.679672122001648,0.4134621024131775,300,1.2033752407878637,95,4
20,300,2,FR,34,1,3,11.239214897155762,-0.8424670100212097,0.4133826494216919,300,1.2033752407878637,95,2
20,300,2,FR,35,0,0,10.644721984863281,1.119533658027649,0.27874955534935,300,1.2451635519973934,95,5
20,300,2,FR,35,0,1,11.737405776977539,0.25560641288757324,0.3040512502193451,300,1.2451635519973934,94,2
20,300,2,FR,35,0,2,12.874576568603516,0.7328076362609863,0.3032233417034149,300,1.2451635519973934,96,4
20,300,2,FR,35,0,3,15.302297592163086,0.5933440923690796,0.3441406786441803,300,1.2451635519973934,96,3
20,300,2,FR,35,1,0,8.239784240722656,1.442694902420044,0.47967663407325745,300,1.207389909774065,95,5
20,300,2,FR,35,1,1,6.9686994552612305,1.5248960256576538,0.3512946665287018,300,1.207389909774065,95,4
20,300,2,FR,35,1,2,4.019465446472168,1.6729705333709717,0.18769244849681854,300,1.207389909774065,94,5
20,300,2,FR,35,1,3,5.452553749084473,1.6196715831756592,0.318085253238678,300,1.207389909774065,94,7
20,600,0,A,0,0,0,9.268180847167969,2.480008363723755,0.5532649159431458,600,0.3804652690887451,0,0
20,600,0,A,0,0,1,8.467914581298828,2.376415967941284,0.5088099241256714,600,0.3804652690887451,0,0
20,600,0,A,0,0,2,8.411083221435547,2.2943997383117676,0.5016166567802429,600,0.3804652690887451,0,0
20,600,0,A,0,0,3,6.892848491668701,2.4256718158721924,0.45209527015686035,600,0.3804652690887451,0,0
20,600,0,A,0,1,0,12.757590293884277,0.11497807502746582,0.5362069010734558,600,0.43085488909855485,0,0
20,600,0,A,0,1,1,9.30138111114502,0.14094197750091553,0.4296526312828064,600,0.43085488909855485,0,0
20,600,0,A,0,1,2,9.509711265563965,0.014536798000335693,0.4581831693649292,600,0.43085488909855485,0,0
20,600,0,A,0,1,3,10.085358619689941,0.6443278789520264,0.4775080680847168,600,0.43085488909855485,0,0
20,600,0,A,1,0,0,14.108827590942383,3.5114450454711914,0.5345107913017273,600,0.4635152071714401,0,0
20,600,0,A,1,0,1,12.53827953338623,2.8761441707611084,0.48135918378829956,600,0.4635152071714401,0,0
20,600,0,A,1,0,2,11.353808403015137,2.587416172027588,0.4228476285934448,600,0.4635152071714401,0,0
20,600,0,A,1,0,3,10.700164794921875,2.6467697620391846,0.4109939634799957,600,0.4635152071714401,0,0
20,600,0,A,1,1,0,4.537968635559082,0.06635415554046631,0.45985159277915955,600,0.46404712786898017,0,0
20,600,0,A,1,1,1,3.966437578201294,-0.06984612345695496,0.43577757477760315,600,0.46404712786898017,0,0
20,600,0,A,1,1,2,6.827901840209961,0.05772465467453003,0.5389094948768616,600,0.46404712786898017,0,0
20,600,0,A,1,1,3,5.098812103271484,-0.07176482677459717,0.544089674949646,600,0.46404712786898017,0,0
20,600,0,A,2,0,0,11.329084396362305,0.7352131605148315,0.4327819347381592,600,0.4038634249009192,0,0
20,600,0,A,2,0,1,12.832437515258789,0.6053216457366943,0.4514307677745819,600,0.4038634249009192,0,0
20,600,0,A,2,0,2,11.705644607543945,0.7501925826072693,0.49875766038894653,600,0.4038634249009192,0,0
20,600,0,A,2,0,3,13.666425704956055,0.5327613353729248,0.5055392980575562,600,0.4038634249009192,0,0
20,600,0,A,2,1,0,7.616372585296631,-0.781682014465332,0.43640121817588806,600,0.4407948022708297,0,0
20,600,0,A,2,1,1,5.684296131134033,-0.6575008630752563,0.3428029716014862,600,0.4407948022708297,0,0
20,600,0,A,2,1,2,8.090076446533203,-0.9167314767837524,0.45820075273513794,600,0.4407948022708297,0,0
20,600,0,A,2,1,3,5.809021949768066,-1.1449315547943115,0.3576311469078064,600,0.4407948022708297,0,0
20,600,0,A,3,0,0,31.34212875366211,5.771681785583496,0.36712998151779175,600,0.4164385278709233,0,0
20,600,0,A,3,0,1,30.834346771240234,4.711703300476074,0.3573395311832428,600,0.4164385278709233,0,0
20,600,0,A,3,0,2,34.11967086791992,4.934000015258789,0.4475759267807007,600,0.4164385278709233,0,0
20,600,0,A,3,0,3,24.64101791381836,3.579712390899658,0.31305232644081116,600,0.4164385278709233,0,0
20,600,0,A,3,1,0,14.17695140838623,-0.16446936130523682,0.22688168287277222,600,0.39624631591141224,0,0
20,600,0,A,3,1,1,10.868550300598145,0.48910462856292725,0.23907047510147095,600,0.39624631591141224,0,0
20,600,0,A,3,1,2,13.00742244720459,0.4647512435913086,0.27295202016830444,600,0.39624631591141224,0,0
20,600,0,A,3,1,3,18.347496032714844,0.07545608282089233,0.3291952908039093,600,0.39624631591141224,0,0
20,600,0,A,4,0,0,11.664019584655762,2.540127992630005,0.27388301491737366,600,0.4153075525537133,0,0
20,600,0,A,4,0,1,11.101280212402344,2.583719253540039,0.23715002834796906,600,0.4153075525537133,0,0
20,600,0,A,4,0,2,17.411903381347656,3.0550451278686523,0.37028220295906067,600,0.4153075525537133,0,0
20,600,0,A,4,0,3,16.005491256713867,3.1645736694335938,0.3054282069206238,600,0.4153075525537133,0,0
20,600,0,A,4,1,0,4.298184394836426,-1.2482763528823853,0.31560271978378296,600,0.42446566885337234,0,0
20,600,0,A,4,1,1,7.973040580749512,-1.3987598419189453,0.47327226400375366,600,0.42446566885337234,0,0
20,600,0,A,4,1,2,5.459632873535156,-1.3079524040222168,0.3879684507846832,600,0.42446566885337234,0,0
20,600,0,A,4,1,3,6.959650039672852,-1.0928447246551514,0.3504486083984375,600,0.42446566885337234,0,0
20,600,0,A,5,0,0,8.26202392578125,2.0043606758117676,0.4194585978984833,600,0.41786959394812584,0,0
20,600,0,A,5,0,1,7.465131759643555,2.0521631240844727,0.3440266251564026,600,0.41786959394812584,0,0
20,600,0,A,5,0,2,9.499939918518066,2.09466552734375,0.45996829867362976,600,0.41786959394812584,0,0
20,600,0,A,5,0,3,8.96641731262207,2.130833625793457,0.36968743801116943,600,0.41786959394812584,0,0
20,600,0,A,5,1,0,15.990455627441406,-0.30361753702163696,0.39051222801208496,600,0.3624840071424842,0,0
20,600,0,A,5,1,1,12.651693344116211,-0.11525088548660278,0.349965363740921,600,0.3624840071424842,0,0
20,600,0,A,5,1,2,9.445605278015137,-0.18325889110565186,0.2853855788707733,600,0.3624840071424842,0,0
20,600,0,A,5,1,3,16.38580894470215,-0.0791703462600708,0.3889109790325165,600,0.3624840071424842,0,0
20,600,0,A,6,0,0,26.61004066467285,-0.06866788864135742,0.2534717619419098,600,0.45481990883126855,0,0
20,600,0,A,6,0,1,31.679576873779297,2.0385165214538574,0.2562962472438812,600,0.45481990883126855,0,0
20,600,0,A,6,0,2,40.66617202758789,1.4107460975646973,0.31884217262268066,600,0.45481990883126855,0,0
20,600,0,A,6,0,3,32.44700241088867,1.500303030014038,0.2801818549633026,600,0.45481990883126855,0,0
20,600,0,A,6,1,0,18.161739349365234,2.9272499084472656,0.1669565886259079,600,0.40204004012048244,0,0
20,600,0,A,6,1,1,22.529438018798828,1.5946406126022339,0.21311970055103302,600,0.40204004012048244,0,0
20,600,0,A,6,1,2,26.499223709106445,3.0845580101013184,0.25757768750190735,600,0.40204004012048244,0,0
20,600,0,A,6,1,3,30.976787567138672,1.9737474918365479,0.2525167465209961,600,0.40204004012048244,0,0
20,600,0,A,7,0,0,13.433576583862305,1.981637954711914,0.22011281549930573,600,0.4274258082732558,0,0
20,600,0,A,7,0,1,17.93805694580078,1.6810712814331055,0.3032246232032776,600,0.4274258082732558,0,0
20,600,0,A,7,0,2,14.884125709533691,2.2371630668640137,0.21630963683128357,600,0.4274258082732558,0,0
20,600,0,A,7,0,3,9.677839279174805,2.3330230712890625,0.14680103957653046,600,0.4274258082732558,0,0
20,600,0,A,7,1,0,21.719783782958984,1.3405083417892456,0.4073839783668518,600,0.4238932221196592,0,0
20,600,0,A,7,1,1,12.011616706848145,1.0864481925964355,0.24335958063602448,600,0.4238932221196592,0,0
20,600,0,A,7,1,2,13.937983512878418,1.065955400466919,0.2501494586467743,600,0.4238932221196592,0,0
20,600,0,A,7,1,3,14.306577682495117,0.8412853479385376,0.2949313819408417,600,0.4238932221196592,0,0
20,600,0,A,8,0,0,4.504683017730713,0.65526282787323,0.09747699648141861,600,0.3927229321561754,0,0
20,600,0,A,8,0,1,10.148760795593262,0.956857442855835,0.19414392113685608,600,0.3927229321561754,0,0
20,600,0,A,8,0,2,6.569416522979736,1.069174885749817,0.15087416768074036,600,0.3927229321561754,0,0
20,600,0,A,8,0,3,12.305617332458496,1.0736464262008667,0.2603543698787689,600,0.3927229321561754,0,0
20,600,0,A,8,1,0,14.925996780395508,2.4267737865448,0.2725194990634918,600,0.4066143077798188,0,0
20,600,0,A,8,1,1,9.749479293823242,2.45625638961792,0.20485706627368927,600,0.4066143077798188,0,0
20,600,0,A,8,1,2,8.042329788208008,2.4211606979370117,0.13438014686107635,600,0.4066143077798188,0,0
20,600,0,A,8,1,3,11.234466552734375,2.6447815895080566,0.22945664823055267,600,0.4066143077798188,0,0
20,600,0,A,9,0,0,9.22131061553955,2.6595823764801025,0.2513221204280853,600,0.40530302887782454,0,0
20,600,0,A,9,0,1,12.14574146270752,2.5185179710388184,0.27109554409980774,600,0.40530302887782454,0,0
20,600,0,A,9,0,2,13.052593231201172,2.777035713195801,0.2734876573085785,600,0.40530302887782454,0,0
20,600,0,A,9,0,3,9.039137840270996,2.41011381149292,0.20471055805683136,600,0.40530302887782454,0,0
20,600,0,A,9,1,0,15.779260635375977,2.931198835372925,0.262289434671402,600,0.4239220153540373,0,0
20,600,0,A,9,1,1,10.593145370483398,3.0900681018829346,0.17214855551719666,600,0.4239220153540373,0,0
20,600,0,A,9,1,2,19.884187698364258,2.8189823627471924,0.32318270206451416,600,0.4239220153540373,0,0
20,600,0,A,9,1,3,11.103632926940918,2.463937997817993,0.20613771677017212,600,0.4239220153540373,0,0
20,600,0,A,10,0,0,19.882137298583984,0.9266982078552246,0.3493773937225342,600,0.42230176366865635,0,0
20,600,0,A,10,0,1,15.620132446289062,0.8820698261260986,0.28108102083206177,600,0.42230176366865635,0,0
20,600,0,A,10,0,2,14.99620246887207,0.3066723346710205,0.30491843819618225,600,0.42230176366865635,0,0
20,600,0,A,10,0,3,23.970731735229492,1.4459478855133057,0.3997259736061096,600,0.42230176366865635,0,0
20,600,0,A,10,1,0,9.671875953674316,-0.2903043031692505,0.2987077236175537,600,0.41548585379496217,0,0
20,600,0,A,10,1,1,5.6640119552612305,-0.746841311454773,0.19841614365577698,600,0.41548585379496217,0,0
20,600,0,A,10,1,2,8.702988624572754,-0.47092103958129883,0.3032967448234558,600,0.41548585379496217,0,0
20,600,0,A,10,1,3,8.646261215209961,-0.43023526668548584,0.30369916558265686,600,0.41548585379496217,0,0
20,600,0,A,11,0,0,1.8871660232543945,-1.134674310684204,0.3155236840248108,600,0.4229839858599007,0,0
20,600,0,A,11,0,1,2.0852367877960205,-1.079045295715332,0.32805418968200684,600,0.4229839858599007,0,0
20,600,0,A,11,0,2,0.5133988857269287,-1.1636654138565063,0.2079053372144699,600,0.4229839858599007,0,0
20,600,0,A,11,0,3,1.0959296226501465,-1.0866682529449463,0.266642302274704,600,0.4229839858599007,0,0
20,600,0,A,11,1,0,3.719280242919922,-0.22097766399383545,0.21214058995246887,600,0.4372166790999472,0,0
20,600,0,A,11,1,1,6.505157470703125,0.37788844108581543,0.31541258096694946,600,0.4372166790999472,0,0
20,600,0,A,11,1,2,5.182920932769775,-0.21145027875900269,0.2926938533782959,600,0.4372166790999472,0,0
20,600,0,A,11,1,3,9.371870994567871,0.8258326053619385,0.409688264131546,600,0.4372166790999472,0,0
20,600,0,A,12,0,0,-0.6429194808006287,-1.3970493078231812,0.7149461507797241,600,0.401103800162673,0,0
20,600,0,A,12,0,1,-0.7491077184677124,-1.4068471193313599,0.6828175783157349,600,0.401103800162673,0,0
20,600,0,A,12,0,2,-0.8350474238395691,-1.389946460723877,0.6446007490158081,600,0.401103800162673,0,0
20,600,0,A,12,0,3,-0.6939939260482788,-1.3562520742416382,0.6793479323387146,600,0.401103800162673,0,0
20,600,0,A,12,1,0,1.7988674640655518,-0.6402685046195984,0.61243736743927,600,0.4705832973122597,0,0
20,600,0,A,12,1,1,1.7945311069488525,-0.4224957227706909,0.6224523782730103,600,0.4705832973122597,0,0
20,600,0,A,12,1,2,2.194581985473633,-0.2908259630203247,0.6804401874542236,600,0.4705832973122597,0,0
20,600,0,A,12,1,3,1.7932298183441162,-0.16316425800323486,0.6030007004737854,600,0.4705832973122597,0,0
20,600,0,A,13,0,0,3.61972975730896,2.1625986099243164,0.6095981597900391,600,0.4312007101252675,0,0
20,600,0,A,13,0,1,4.0512285232543945,2.3831377029418945,0.6247348785400391,600,0.4312007101252675,0,0
20,600,0,A,13,0,2,3.6137566566467285,2.357405662536621,0.5632718801498413,600,0.4312007101252675,0,0
20,600,0,A,13,0,3,3.6141934394836426,2.1344687938690186,0.5734325051307678,600,0.4312007101252675,0,0
20,600,0,A,13,1,0,2.058302402496338,1.5101724863052368,0.5090339779853821,600,0.4777671219781041,0,0
20,600,0,A,13,1,1,2.174447536468506,1.4168599843978882,0.5852721333503723,600,0.4777671219781041,0,0
20,600,0,A,13,1,2,2.2043166160583496,1.4092046022415161,0.6503344774246216,600,0.4777671219781041,0,0
20,600,0,A,13,1,3,2.1594924926757812,1.4884867668151855,0.5874430537223816,600,0.4777671219781041,0,0
20,600,0,A,14,0,0,4.856734275817871,1.8185051679611206,0.6054997444152832,600,0.3908141562715173,0,0
20,600,0,A,14,0,1,4.970536231994629,2.749333381652832,0.5140012502670288,600,0.3908141562715173,0,0
20,600,0,A,14,0,2,4.046027183532715,2.5809478759765625,0.3966219127178192,600,0.3908141562715173,0,0
20,600,0,A,14,0,3,4.469343185424805,2.326280355453491,0.5127896070480347,600,0.3908141562715173,0,0
20,600,0,A,14,1,0,-0.19248437881469727,-1.411703109741211,0.5098565816879272,600,0.4467143388465047,0,0
20,600,0,A,14,1,1,0.1011422872543335,-0.9506774544715881,0.5273088812828064,600,0.4467143388465047,0,0
20,600,0,A,14,1,2,-0.03319978713989258,-1.4461990594863892,0.5822000503540039,600,0.4467143388465047,0,0
20,600,0,A,14,1,3,-0.13625431060791016,-1.0489904880523682,0.46611103415489197,600,0.4467143388465047,0,0
20,600,0,A,15,0,0,0.16026026010513306,-3.3038477897644043,0.8339353799819946,600,0.44957882864400744,0,0
20,600,0,A,15,0,1,0.36825597286224365,-3.1792972087860107,0.8414540886878967,600,0.44957882864400744,0,0
20,600,0,A,15,0,2,0.1191205382347107,-3.3450095653533936,0.8551326394081116,600,0.44957882864400744,0,0
20,600,0,A,15,0,3,-0.06006801128387451,-3.2318968772888184,0.8309637308120728,600,0.44957882864400744,0,0
20,600,0,A,15,1,0,0.36202651262283325,-1.0790531635284424,0.8529976010322571,600,0.4056800929829478,0,0
20,600,0,A,15,1,1,0.39238953590393066,-1.2038233280181885,0.8511402606964111,600,0.4056800929829478,0,0
20,600,0,A,15,1,2,0.2556845545768738,-1.041968822479248,0.8322390913963318,600,0.4056800929829478,0,0
20,600,0,A,15,1,3,0.08024144172668457,-0.9905110597610474,0.7673301696777344,600,0.4056800929829478,0,0
20,600,0,A,16,0,0,-0.428364634513855,-1.966408610343933,0.8050761818885803,600,0.38533245492726564,0,0
20,600,0,A,16,0,1,-0.8307321667671204,-1.8463776111602783,0.7580718994140625,600,0.38533245492726564,0,0
20,600,0,A,16,0,2,-0.688959002494812,-1.9087697267532349,0.764011561870575,600,0.38533245492726564,0,0
20,600,0,A,16,0,3,-0.5822317600250244,-1.7284040451049805,0.7652330994606018,600,0.38533245492726564,0,0
20,600,0,A,16,1,0,-1.700178623199463,-2.2420270442962646,0.7696309089660645,600,0.40689345728605986,0,0
20,600,0,A,16,1,1,-1.65159010887146,-2.1883175373077393,0.7900949120521545,600,0.40689345728605986,0,0
20,600,0,A,16,1,2,-1.6830289363861084,-2.3341259956359863,0.8179464340209961,600,0.40689345728605986,0,0
20,600,0,A,16,1,3,-1.6808348894119263,-2.230891466140747,0.7851149439811707,600,0.40689345728605986,0,0
20,600,0,A,17,0,0,1.1177902221679688,0.746508777141571,0.674066960811615,600,0.423255548812449,0,0
20,600,0,A,17,0,1,1.15616774559021,0.6394996643066406,0.7484656572341919,600,0.423255548812449,0,0
20,600,0,A,17,0,2,1.162825107574463,0.6881052851676941,0.7255567312240601,600,0.423255548812449,0,0
20,600,0,A,17,0,3,1.1393401622772217,0.6681559085845947,0.7119392156600952,600,0.423255548812449,0,0
20,600,0,A,17,1,0,-0.0437244176864624,-2.369910478591919,0.6662821769714355,600,0.47920456901192665,0,0
20,600,0,A,17,1,1,0.282055139541626,-1.9085569381713867,0.7245747447013855,600,0.47920456901192665,0,0
20,600,0,A,17,1,2,0.06983470916748047,-2.7169251441955566,0.7289906740188599,600,0.47920456901192665,0,0
20,600,0,A,17,1,3,0.31808435916900635,-2.0339298248291016,0.7161054015159607,600,0.47920456901192665,0,0
20,600,0,A,18,0,0,1.0592721700668335,-1.3492255210876465,0.47310376167297363,600,0.43812547996640205,0,0
20,600,0,A,18,0,1,1.547012448310852,-1.1708588600158691,0.5280375480651855,600,0.43812547996640205,0,0
20,600,0,A,18,0,2,1.0097144842147827,-1.4332807064056396,0.4776996076107025,600,0.43812547996640205,0,0
20,600,0,A,18,0,3,0.684126615524292,-1.361316442489624,0.440692275762558,600,0.43812547996640205,0,0
20,600,0,A,18,1,0,0.945274829864502,-0.43481290340423584,0.5221701264381409,600,0.3977931239642203,0,0
20,600,0,A,18,1,1,0.6483034491539001,-0.3661125898361206,0.4432632625102997,600,0.3977931239642203,0,0
20,600,0,A,18,1,2,0.7073157429695129,-0.4756084084510803,0.42895016074180603,600,0.3977931239642203,0,0
20,600,0,A,18,1,3,0.9857264757156372,-0.45261549949645996,0.47353628277778625,600,0.3977931239642203,0,0
20,600,0,A,19,0,0,5.884248733520508,-0.19018006324768066,0.4198564887046814,600,0.45022929180413485,0,0
20,600,0,A,19,0,1,6.482381820678711,-0.04299759864807129,0.4765707552433014,600,0.45022929180413485,0,0
20,600,0,A,19,0,2,3.8034849166870117,-0.23432564735412598,0.36442282795906067,600,0.45022929180413485,0,0
20,600,0,A,19,0,3,5.20123291015625,0.2162764072418213,0.3898252248764038,600,0.45022929180413485,0,0
20,600,0,A,19,1,0,9.659049987792969,0.5060485601425171,0.5507261753082275,600,0.41570908995345235,0,0
20,600,0,A,19,1,1,6.938770771026611,0.05803275108337402,0.4282451570034027,600,0.41570908995345235,0,0
20,600,0,A,19,1,2,8.370745658874512,-0.40090036392211914,0.49091997742652893,600,0.41570908995345235,0,0
20,600,0,A,19,1,3,8.03619384765625,-0.839808464050293,0.5092881321907043,600,0.41570908995345235,0,0
20,600,0,A,20,0,0,3.311030387878418,0.1418365240097046,0.4500378668308258,600,0.44326403830200434,0,0
20,600,0,A,20,0,1,3.242724895477295,-0.05089426040649414,0.4533914625644684,600,0.44326403830200434,0,0
20,600,0,A,20,0,2,2.6527583599090576,0.4140757918357849,0.36154428124427795,600,0.44326403830200434,0,0
20,600,0,A,20,0,3,2.4516329765319824,0.17102330923080444,0.37251460552215576,600,0.44326403830200434,0,0
20,600,0,A,20,1,0,1.6023926734924316,-2.822314739227295,0.4650304615497589,600,0.43506258027628064,0,0
20,600,0,A,20,1,1,1.1889114379882812,-3.1825215816497803,0.43000125885009766,600,0.43506258027628064,0,0
20,600,0,A,20,1,2,2.9901373386383057,-2.9690423011779785,0.4601770341396332,600,0.43506258027628064,0,0
20,600,0,A,20,1,3,1.3809013366699219,-2.4771454334259033,0.42157116532325745,600,0.43506258027628064,0,0
20,600,0,A,21,0,0,0.46212494373321533,-1.1250718832015991,0.6397103071212769,600,0.4206311986781657,0,0
20,600,0,A,21,0,1,0.15289413928985596,-1.1775455474853516,0.6120200157165527,600,0.4206311986781657,0,0
20,600,0,A,21,0,2,1.0212726593017578,-1.1048089265823364,0.7153054475784302,600,0.4206311986781657,0,0
20,600,0,A,21,0,3,0.4810326099395752,-1.3127225637435913,0.6380543112754822,600,0.4206311986781657,0,0
20,600,0,A,21,1,0,3.716449737548828,2.0119879245758057,0.7333612442016602,600,0.4550153920426965,0,0
20,600,0,A,21,1,1,3.26900053024292,2.108646869659424,0.6212465167045593,600,0.4550153920426965,0,0
20,600,0,A,21,1,2,3.6735219955444336,1.9135483503341675,0.7107893228530884,600,0.4550153920426965,0,0
20,600,0,A,21,1,3,2.978513240814209,2.052499294281006,0.5485914349555969,600,0.4550153920426965,0,0
20,600,0,A,22,0,0,0.03083980083465576,-0.7676807045936584,0.6119231581687927,600,0.4298818842507899,0,0
20,600,0,A,22,0,1,-0.050605952739715576,-0.7373368740081787,0.6021829843521118,600,0.4298818842507899,0,0
20,600,0,A,22,0,2,0.06752771139144897,-0.7772997617721558,0.6577058434486389,600,0.4298818842507899,0,0
20,600,0,A,22,0,3,0.24607670307159424,-0.7683270573616028,0.7014191746711731,600,0.4298818842507899,0,0
20,600,0,A,22,1,0,3.0932068824768066,-0.20253750681877136,0.6723658442497253,600,0.43669703090563416,0,0
20,600,0,A,22,1,1,2.769551992416382,-0.4901295006275177,0.6699151396751404,600,0.43669703090563416,0,0
20,600,0,A,22,1,2,2.637209892272949,-0.45927873253822327,0.6527919769287109,600,0.43669703090563416,0,0
20,600,0,A,22,1,3,2.8790688514709473,-0.38095182180404663,0.6443649530410767,600,0.43669703090563416,0,0
20,600,0,A,23,0,0,3.1784818172454834,2.0478756427764893,0.5395660400390625,600,0.39842716371640563,0,0
20,600,0,A,23,0,1,2.639061212539673,1.8657076358795166,0.4789476990699768,600,0.39842716371640563,0,0
20,600,0,A,23,0,2,3.1238057613372803,1.9777518510818481,0.5063308477401733,600,0.39842716371640563,0,0
20,600,0,A,23,0,3,3.1010241508483887,1.8970235586166382,0.522733211517334,600,0.39842716371640563,0,0
20,600,0,A,23,1,0,2.1201882362365723,0.3968115746974945,0.5987128615379333,600,0.4874518848955631,0,0
20,600,0,A,23,1,1,2.3148772716522217,0.38759905099868774,0.6441625356674194,600,0.4874518848955631,0,0
20,600,0,A,23,1,2,1.8283836841583252,0.6676502227783203,0.4660532772541046,600,0.4874518848955631,0,0
20,600,0,A,23,1,3,1.9414035081863403,0.5001882314682007,0.5276609659194946,600,0.4874518848955631,0,0
20,600,0,A,24,0,0,7.536741256713867,2.0119338035583496,0.2731083631515503,600,0.4521458060480654,0,0
20,600,0,A,24,0,1,6.957164764404297,2.2032670974731445,0.25855982303619385,600,0.4521458060480654,0,0
20,600,0,A,24,0,2,7.454995155334473,1.7737255096435547,0.30184173583984375,600,0.4521458060480654,0,0
20,600,0,A,24,0,3,5.857394218444824,2.1053805351257324,0.22400522232055664,600,0.4521458060480654,0,0
20,600,0,A,24,1,0,4.170969009399414,-0.19952619075775146,0.3168109059333801,600,0.4423740580677986,0,0
20,600,0,A,24,1,1,3.1101577281951904,-0.419821560382843,0.2981431782245636,600,0.4423740580677986,0,0
20,600,0,A,24,1,2,2.754803419113159,-0.645510733127594,0.2910192012786865,600,0.4423740580677986,0,0
20,600,0,A,24,1,3,4.859530448913574,-0.2075466513633728,0.35763019323349,600,0.4423740580677986,0,0
20,600,0,A,25,0,0,3.3367128372192383,0.6130472421646118,0.27848145365715027,600,0.4032953819260001,0,0
20,600,0,A,25,0,1,4.068171977996826,0.7633519172668457,0.3061845898628235,600,0.4032953819260001,0,0
20,600,0,A,25,0,2,3.6948890686035156,0.8038041591644287,0.28792738914489746,600,0.4032953819260001,0,0
20,600,0,A,25,0,3,2.6363768577575684,0.6758876442909241,0.20127548277378082,600,0.4032953819260001,0,0
20,600,0,A,25,1,0,15.610319137573242,2.654470682144165,0.42858290672302246,600,0.44220750126987696,0,0
20,600,0,A,25,1,1,12.766303062438965,3.250214099884033,0.3511661887168884,600,0.44220750126987696,0,0
20,600,0,A,25,1,2,12.769890785217285,2.928966522216797,0.37711474299430847,600,0.44220750126987696,0,0
20,600,0,A,25,1,3,13.68411922454834,3.399352550506592,0.3890000581741333,600,0.44220750126987696,0,0
20,600,0,A,26,0,0,4.9614458084106445,2.138786792755127,0.3571217358112335,600,0.42869720328599215,0,0
20,600,0,A,26,0,1,4.402622699737549,2.27362322807312,0.27306780219078064,600,0.42869720328599215,0,0
20,600,0,A,26,0,2,4.670346260070801,2.149517774581909,0.2994682490825653,600,0.42869720328599215,0,0
20,600,0,A,26,0,3,4.915213584899902,2.1874523162841797,0.35584136843681335,600,0.42869720328599215,0,0
20,600,0,A,26,1,0,3.215507745742798,0.2934446334838867,0.26211193203926086,600,0.3951617917045951,0,0
20,600,0,A,26,1,1,3.2463724613189697,0.2703152894973755,0.31024855375289917,600,0.3951617917045951,0,0
20,600,0,A,26,1,2,4.035042762756348,0.15558508038520813,0.36211907863616943,600,0.3951617917045951,0,0
20,600,0,A,26,1,3,4.174732685089111,0.2988045811653137,0.29691454768180847,600,0.3951617917045951,0,0
20,600,0,A,27,0,0,8.455286026000977,0.8766719698905945,0.4034113883972168,600,0.42990294424816966,0,0
20,600,0,A,27,0,1,6.1298675537109375,0.8391054272651672,0.27672484517097473,600,0.42990294424816966,0,0
20,600,0,A,27,0,2,8.379063606262207,0.6111435890197754,0.37488991022109985,600,0.42990294424816966,0,0
20,600,0,A,27,0,3,6.290949821472168,0.8556753396987915,0.2441837042570114,600,0.42990294424816966,0,0
20,600,0,A,27,1,0,35.09771728515625,5.012031555175781,0.34987354278564453,600,0.43371554370969534,0,0
20,600,0,A,27,1,1,15.824234962463379,5.835351943969727,0.1494661271572113,600,0.43371554370969534,0,0
20,600,0,A,27,1,2,17.342388153076172,4.784636974334717,0.17534233629703522,600,0.43371554370969534,0,0
20,600,0,A,27,1,3,31.87176513671875,3.7697038650512695,0.37103766202926636,600,0.43371554370969534,0,0
20,600,0,A,28,0,0,13.597496032714844,2.379204750061035,0.41751816868782043,600,0.40865149116143584,0,0
20,600,0,A,28,0,1,14.634281158447266,2.81250262260437,0.33192047476768494,600,0.40865149116143584,0,0
20,600,0,A,28,0,2,8.162862777709961,2.4294486045837402,0.2578389346599579,600,0.40865149116143584,0,0
20,600,0,A,28,0,3,11.917947769165039,2.5184192657470703,0.3490877151489258,600,0.40865149116143584,0,0
20,600,0,A,28,1,0,16.721824645996094,0.40649139881134033,0.2989235818386078,600,0.3934125518426299,0,0
20,600,0,A,28,1,1,12.063434600830078,0.9735143184661865,0.2790873348712921,600,0.3934125518426299,0,0
20,600,0,A,28,1,2,16.14695930480957,0.2145693302154541,0.3575221300125122,600,0.3934125518426299,0,0
20,600,0,A,28,1,3,19.622005462646484,0.37217438220977783,0.4064868092536926,600,0.3934125518426299,0,0
20,600,0,A,29,0,0,4.0412797927856445,1.7806123495101929,0.22692126035690308,600,0.4163603996858001,0,0
20,600,0,A,29,0,1,4.44003963470459,1.8977185487747192,0.2944771349430084,600,0.4163603996858001,0,0
20,600,0,A,29,0,2,4.409505844116211,2.0285234451293945,0.27362701296806335,600,0.4163603996858001,0,0
20,600,0,A,29,0,3,5.632015228271484,1.8240810632705688,0.3347034752368927,600,0.4163603996858001,0,0
20,600,0,A,29,1,0,24.078847885131836,1.8056212663650513,0.3914467692375183,600,0.43318891804665327,0,0
20,600,0,A,29,1,1,18.49764060974121,1.9005366563796997,0.29367583990097046,600,0.43318891804665327,0,0
20,600,0,A,29,1,2,13.89561653137207,1.585579752922058,0.24307595193386078,600,0.43318891804665327,0,0
20,600,0,A,29,1,3,29.32299041748047,1.369857907295227,0.41190770268440247,600,0.43318891804665327,0,0
20,600,0,A,30,0,0,5.677286624908447,0.5834183692932129,0.36487850546836853,600,0.44644565880298615,0,0
20,600,0,A,30,0,1,4.888853549957275,0.8337922096252441,0.30760061740875244,600,0.44644565880298615,0,0
20,600,0,A,30,0,2,3.956131935119629,0.9264046549797058,0.23699316382408142,600,0.44644565880298615,0,0
20,600,0,A,30,0,3,6.030056476593018,0.6521180272102356,0.3922203481197357,600,0.44644565880298615,0,0
20,600,0,A,30,1,0,5.2399396896362305,0.5452677011489868,0.45659708976745605,600,0.4049409250728786,0,0
20,600,0,A,30,1,1,3.3414108753204346,0.311153769493103,0.30136415362358093,600,0.4049409250728786,0,0
20,600,0,A,30,1,2,6.3470563888549805,0.5757797956466675,0.4588654935359955,600,0.4049409250728786,0,0
20,600,0,A,30,1,3,4.630431652069092,0.4148302674293518,0.4156420826911926,600,0.4049409250728786,0,0
20,600,0,A,31,0,0,8.91069507598877,0.7676997780799866,0.3731924295425415,600,0.3698345310986042,0,0
20,600,0,A,31,0,1,6.062234878540039,0.41356703639030457,0.27903178334236145,600,0.3698345310986042,0,0
20,600,0,A,31,0,2,9.36136245727539,-0.19567418098449707,0.38459470868110657,600,0.3698345310986042,0,0
20,600,0,A,31,0,3,4.750014781951904,1.0146936178207397,0.2315240204334259,600,0.3698345310986042,0,0
20,600,0,A,31,1,0,1.031912088394165,-2.085232734680176,0.35374578833580017,600,0.42251262394711375,0,0
20,600,0,A,31,1,1,1.4118194580078125,-2.2133567333221436,0.40977752208709717,600,0.42251262394711375,0,0
20,600,0,A,31,1,2,0.6384313106536865,-2.1800308227539062,0.3001003563404083,600,0.42251262394711375,0,0
20,600,0,A,31,1,3,1.8410489559173584,-2.112739086151123,0.3557989299297333,600,0.42251262394711375,0,0
20,600,0,A,32,0,0,3.1538124084472656,1.805747389793396,0.3503009080886841,600,0.3935235422104597,0,0
20,600,0,A,32,0,1,3.2380013465881348,1.6635502576828003,0.40943390130996704,600,0.3935235422104597,0,0
20,600,0,A,32,0,2,3.2275748252868652,1.720974326133728,0.368852823972702,600,0.3935235422104597,0,0
20,600,0,A,32,0,3,3.0142459869384766,1.5534251928329468,0.3646842837333679,600,0.3935235422104597,0,0
20,600,0,A,32,1,0,0.42813873291015625,-1.2933564186096191,0.3659607470035553,600,0.3707289192825556,0,0
20,600,0,A,32,1,1,0.8264865875244141,-1.4239023923873901,0.4360622763633728,600,0.3707289192825556,0,0
20,600,0,A,32,1,2,0.05680835247039795,-1.3072091341018677,0.3499596416950226,600,0.3707289192825556,0,0
20,600,0,A,32,1,3,0.44178831577301025,-1.2274484634399414,0.36669108271598816,600,0.3707289192825556,0,0
20,600,0,A,33,0,0,14.345513343811035,0.22482389211654663,0.4101886451244354,600,0.3967987638898194,0,0
20,600,0,A,33,0,1,12.549213409423828,-0.12131667137145996,0.3543780446052551,600,0.3967987638898194,0,0
20,600,0,A,33,0,2,13.271303176879883,-0.07737427949905396,0.3989848792552948,600,0.3967987638898194,0,0
20,600,0,A,33,0,3,10.19975471496582,0.11455374956130981,0.27798953652381897,600,0.3967987638898194,0,0
20,600,0,A,33,1,0,10.56872844696045,-0.6485754251480103,0.3163576126098633,600,0.41973088774830103,0,0
20,600,0,A,33,1,1,15.7715425491333,-0.3659508228302002,0.42972102761268616,600,0.41973088774830103,0,0
20,600,0,A,33,1,2,6.4267730712890625,-0.7607072591781616,0.21960772573947906,600,0.41973088774830103,0,0
20,600,0,A,33,1,3,7.065814971923828,0.4246402978897095,0.21482937037944794,600,0.41973088774830103,0,0
20,600,0,A,34,0,0,10.132965087890625,0.38537806272506714,0.3219285309314728,600,0.4373362911865115,0,0
20,600,0,A,34,0,1,10.871257781982422,0.6788053512573242,0.37879467010498047,600,0.4373362911865115,0,0
20,600,0,A,34,0,2,7.772588729858398,0.49266666173934937,0.2584918439388275,600,0.4373362911865115,0,0
20,600,0,A,34,0,3,7.215791702270508,0.17294412851333618,0.28655362129211426,600,0.4373362911865115,0,0
20,600,0,A,34,1,0,12.669550895690918,-0.6986798048019409,0.3628813922405243,600,0.4283621492795646,0,0
20,600,0,A,34,1,1,12.413495063781738,-0.7702999114990234,0.3497072160243988,600,0.4283621492795646,0,0
20,600,0,A,34,1,2,12.840325355529785,-0.9979437589645386,0.41911599040031433,600,0.4283621492795646,0,0
20,600,0,A,34,1,3,11.239214897155762,-0.5757461190223694,0.4079798758029938,600,0.4283621492795646,0,0
20,600,0,A,35,0,0,10.644721984863281,0.24953003227710724,0.2966568171977997,600,0.4195611742325127,0,0
20,600,0,A,35,0,1,11.737405776977539,0.8384383320808411,0.29314157366752625,600,0.4195611742325127,0,0
20,600,0,A,35,0,2,12.874576568603516,0.7358233332633972,0.3031708598136902,600,0.4195611742325127,0,0
20,600,0,A,35,0,3,15.302297592163086,0.4831850528717041,0.34582674503326416,600,0.4195611742325127,0,0
20,600,0,A,35,1,0,8.239784240722656,1.3886479139328003,0.48165372014045715,600,0.42196263698861003,0,0
20,600,0,A,35,1,1,6.9686994552612305,1.568473219871521,0.3494653105735779,600,0.42196263698861003,0,0
20,600,0,A,35,1,2,4.019465446472168,1.7142348289489746,0.185002401471138,600,0.42196263698861003,0,0
20,600,0,A,35,1,3,5.452553749084473,1.6737562417984009,0.31501075625419617,600,0.42196263698861003,0,0
20,600,1,A,0,0,0,9.268180847167969,2.772416591644287,0.5423582196235657,600,0.42006852896884084,0,0
20,600,1,A,0,0,1,8.467914581298828,2.5457093715667725,0.5017645359039307,600,0.42006852896884084,0,0
20,600,1,A,0,0,2,8.411083221435547,2.5841870307922363,0.48948433995246887,600,0.42006852896884084,0,0
20,600,1,A,0,0,3,6.892848491668701,2.529153823852539,0.44629645347595215,600,0.42006852896884084,0,0
20,600,1,A,0,1,0,12.757590293884277,0.4366661310195923,0.529791533946991,600,0.41598208202049136,0,0
20,600,1,A,0,1,1,9.30138111114502,0.344441294670105,0.4241563677787781,600,0.41598208202049136,0,0
20,600,1,A,0,1,2,9.509711265563965,0.3475956916809082,0.4493331015110016,600,0.41598208202049136,0,0
20,600,1,A,0,1,3,10.085358619689941,0.5282060503959656,0.4805588722229004,600,0.41598208202049136,0,0
20,600,1,A,1,0,0,14.108827590942383,3.7585856914520264,0.5286351442337036,600,0.4527267590165138,0,0
20,600,1,A,1,0,1,12.53827953338623,3.6703624725341797,0.4599926173686981,600,0.4527267590165138,0,0
20,600,1,A,1,0,2,11.353808403015137,3.59952449798584,0.39322543144226074,600,0.4527267590165138,0,0
20,600,1,A,1,0,3,10.700164794921875,3.0252573490142822,0.39939290285110474,600,0.4527267590165138,0,0
20,600,1,A,1,1,0,4.537968635559082,0.049829334020614624,0.460767924785614,600,0.4395323838107288,0,0
20,600,1,A,1,1,1,3.966437578201294,0.2515069246292114,0.4154983460903168,600,0.4395323838107288,0,0
20,600,1,A,1,1,2,6.827901840209961,0.08633607625961304,0.5378568768501282,600,0.4395323838107288,0,0
20,600,1,A,1,1,3,5.098812103271484,0.2011125087738037,0.5306114554405212,600,0.4395323838107288,0,0
20,600,1,A,2,0,0,11.329084396362305,0.7831196784973145,0.4316696524620056,600,0.3846733868122101,0,0
20,600,1,A,2,0,1,12.832437515258789,1.2027415037155151,0.4390580654144287,600,0.3846733868122101,0,0
20,600,1,A,2,0,2,11.705644607543945,1.1128863096237183,0.4903421700000763,600,0.3846733868122101,0,0
20,600,1,A,2,0,3,13.666425704956055,1.1736689805984497,0.4930325448513031,600,0.3846733868122101,0,0
20,600,1,A,2,1,0,7.616372585296631,-0.5486923456192017,0.4294939935207367,600,0.3936905711889267,0,0
20,600,1,A,2,1,1,5.684296131134033,-0.7273068428039551,0.345273494720459,600,0.3936905711889267,0,0
20,600,1,A,2,1,2,8.090076446533203,-0.7535080909729004,0.4536641836166382,600,0.3936905711889267,0,0
20,600,1,A,2,1,3,5.809021949768066,-0.6614382266998291,0.34125110507011414,600,0.3936905711889267,0,0
20,600,1,A,3,0,0,31.34212875366211,5.175633907318115,0.3724999725818634,600,0.4243326326832175,0,0
20,600,1,A,3,0,1,30.834346771240234,3.052663564682007,0.3716007471084595,600,0.4243326326832175,0,0
20,600,1,A,3,0,2,34.11967086791992,4.327892780303955,0.4526634216308594,600,0.4243326326832175,0,0
20,600,1,A,3,0,3,24.64101791381836,3.2875657081604004,0.31602245569229126,600,0.4243326326832175,0,0
20,600,1,A,3,1,0,14.17695140838623,1.9861807823181152,0.19965113699436188,600,0.4483637548983097,0,0
20,600,1,A,3,1,1,10.868550300598145,1.9572100639343262,0.2124391347169876,600,0.4483637548983097,0,0
20,600,1,A,3,1,2,13.00742244720459,1.7209348678588867,0.2525182068347931,600,0.4483637548983097,0,0
20,600,1,A,3,1,3,18.347496032714844,1.671276569366455,0.30933818221092224,600,0.4483637548983097,0,0
20,600,1,A,4,0,0,11.664019584655762,2.8776755332946777,0.26645028591156006,600,0.40929472586140037,0,0
20,600,1,A,4,0,1,11.101280212402344,3.17348051071167,0.22441460192203522,600,0.40929472586140037,0,0
20,600,1,A,4,0,2,17.411903381347656,3.17818284034729,0.368275910615921,600,0.40929472586140037,0,0
20,600,1,A,4,0,3,16.005491256713867,3.549931526184082,0.29900291562080383,600,0.40929472586140037,0,0
20,600,1,A,4,1,0,4.298184394836426,-1.0310033559799194,0.3070354759693146,600,0.45082356221973896,0,0
20,600,1,A,4,1,1,7.973040580749512,-1.1760141849517822,0.46727991104125977,600,0.45082356221973896,0,0
20,600,1,A,4,1,2,5.459632873535156,-1.436457633972168,0.3924442529678345,600,0.45082356221973896,0,0
20,600,1,A,4,1,3,6.959650039672852,-0.6619648933410645,0.3380354046821594,600,0.45082356221973896,0,0
20,600,1,A,5,0,0,8.26202392578125,2.1590652465820312,0.41337528824806213,600,0.4095224910415709,0,0
20,600,1,A,5,0,1,7.465131759643555,2.0665740966796875,0.34342527389526367,600,0.4095224910415709,0,0
20,600,1,A,5,0,2,9.499939918518066,2.18597149848938,0.4568881094455719,600,0.4095224910415709,0,0
20,600,1,A,5,0,3,8.96641731262207,2.2964773178100586,0.36398977041244507,600,0.4095224910415709,0,0
20,600,1,A,5,1,0,15.990455627441406,0.9389421939849854,0.37180468440055847,600,0.43589091394096613,0,0
20,600,1,A,5,1,1,12.651693344116211,0.18788039684295654,0.344518780708313,600,0.43589091394096613,0,0
20,600,1,A,5,1,2,9.445605278015137,0.7505630254745483,0.26504412293434143,600,0.43589091394096613,0,0
20,600,1,A,5,1,3,16.38580894470215,0.7473877668380737,0.3767426908016205,600,0.43589091394096613,0,0
20,600,1,A,6,0,0,26.61004066467285,2.244819164276123,0.23669414222240448,600,0.4165980461984873,0,0
20,600,1,A,6,0,1,31.679576873779297,1.7428297996520996,0.25819283723831177,600,0.4165980461984873,0,0
20,600,1,A,6,0,2,40.66617202758789,3.534472703933716,0.30688634514808655,600,0.4165980461984873,0,0
20,600,1,A,6,0,3,32.44700241088867,2.3554506301879883,0.27456536889076233,600,0.4165980461984873,0,0
20,600,1,A,6,1,0,18.161739349365234,1.396032452583313,0.1807050108909607,600,0.4294227659702301,0,0
20,600,1,A,6,1,1,22.529438018798828,1.9327833652496338,0.21040163934230804,600,0.4294227659702301,0,0
20,600,1,A,6,1,2,26.499223709106445,3.143500328063965,0.25709599256515503,600,0.4294227659702301,0,0
20,600,1,A,6,1,3,30.976787567138672,3.627091884613037,0.24159961938858032,600,0.4294227659702301,0,0
20,600,1,A,7,0,0,13.433576583862305,2.5461716651916504,0.21155770123004913,600,0.39357183687388897,0,0
20,600,1,A,7,0,1,17.93805694580078,2.1265220642089844,0.29738694429397583,600,0.39357183687388897,0,0
20,600,1,A,7,0,2,14.884125709533691,2.1699867248535156,0.21720902621746063,600,0.39357183687388897,0,0
20,600,1,A,7,0,3,9.677839279174805,2.802255153656006,0.13872350752353668,600,0.39357183687388897,0,0
20,600,1,A,7,1,0,21.719783782958984,1.27424955368042,0.40816786885261536,600,0.4147119587287307,0,0
20,600,1,A,7,1,1,12.011616706848145,0.9029932022094727,0.24643896520137787,600,0.4147119587287307,0,0
20,600,1,A,7,1,2,13.937983512878418,0.9348527789115906,0.2520550787448883,600,0.4147119587287307,0,0
20,600,1,A,7,1,3,14.306577682495117,1.4466135501861572,0.2854576110839844,600,0.4147119587287307,0,0
20,600,1,A,8,0,0,4.504683017730713,1.5091674327850342,0.07753042876720428,600,0.4094725949689746,0,0
20,600,1,A,8,0,1,10.148760795593262,1.495383858680725,0.18487240374088287,600,0.4094725949689746,0,0
20,600,1,A,8,0,2,6.569416522979736,1.4310569763183594,0.14236071705818176,600,0.4094725949689746,0,0
20,600,1,A,8,0,3,12.305617332458496,1.5080674886703491,0.2528305649757385,600,0.4094725949689746,0,0
20,600,1,A,8,1,0,14.925996780395508,2.834995746612549,0.26598647236824036,600,0.4078484810888767,0,0
20,600,1,A,8,1,1,9.749479293823242,3.0306997299194336,0.19181674718856812,600,0.4078484810888767,0,0
20,600,1,A,8,1,2,8.042329788208008,3.408857822418213,0.11344686895608902,600,0.4078484810888767,0,0
20,600,1,A,8,1,3,11.234466552734375,3.065624237060547,0.22069571912288666,600,0.4078484810888767,0,0
20,600,1,A,9,0,0,9.22131061553955,2.666313648223877,0.25112903118133545,600,0.4229755690321326,0,0
20,600,1,A,9,0,1,12.14574146270752,2.522707462310791,0.27100953459739685,600,0.4229755690321326,0,0
20,600,1,A,9,0,2,13.052593231201172,3.158989429473877,0.26602619886398315,600,0.4229755690321326,0,0
20,600,1,A,9,0,3,9.039137840270996,2.806161403656006,0.1948634833097458,600,0.4229755690321326,0,0
20,600,1,A,9,1,0,15.779260635375977,3.2669477462768555,0.25719812512397766,600,0.46773665212094784,0,0
20,600,1,A,9,1,1,10.593145370483398,3.7470409870147705,0.1594790518283844,600,0.46773665212094784,0,0
20,600,1,A,9,1,2,19.884187698364258,2.842221975326538,0.3228846788406372,600,0.46773665212094784,0,0
20,600,1,A,9,1,3,11.103632926940918,3.0095341205596924,0.19566725194454193,600,0.46773665212094784,0,0
20,600,1,A,10,0,0,19.882137298583984,1.149000644683838,0.3467005789279938,600,0.37717866292223334,0,0
20,600,1,A,10,0,1,15.620132446289062,0.4176642894744873,0.28739261627197266,600,0.37717866292223334,0,0
20,600,1,A,10,0,2,14.99620246887207,0.958817720413208,0.2953800559043884,600,0.37717866292223334,0,0
20,600,1,A,10,0,3,23.970731735229492,1.2932190895080566,0.4013485312461853,600,0.37717866292223334,0,0
20,600,1,A,10,1,0,9.671875953674316,-0.3851792812347412,0.30069708824157715,600,0.4443557569757104,0,0
20,600,1,A,10,1,1,5.6640119552612305,0.4240567684173584,0.16827496886253357,600,0.4443557569757104,0,0
20,600,1,A,10,1,2,8.702988624572754,0.3690824508666992,0.28339579701423645,600,0.4443557569757104,0,0
20,600,1,A,10,1,3,8.646261215209961,0.27578091621398926,0.28685227036476135,600,0.4443557569757104,0,0
20,600,1,A,11,0,0,1.8871660232543945,-1.117750883102417,0.31431207060813904,600,0.4419523789547384,0,0
20,600,1,A,11,0,1,2.0852367877960205,-1.1710026264190674,0.3343997299671173,600,0.4419523789547384,0,0
20,600,1,A,11,0,2,0.5133988857269287,-1.082688570022583,0.19987311959266663,600,0.4419523789547384,0,0
20,600,1,A,11,0,3,1.0959296226501465,-1.061453104019165,0.2643762528896332,600,0.4419523789547384,0,0
20,600,1,A,11,1,0,3.719280242919922,0.3354753255844116,0.1878081113100052,600,0.46108436258509755,0,0
20,600,1,A,11,1,1,6.505157470703125,0.5183429718017578,0.31042686104774475,600,0.46108436258509755,0,0
20,600,1,A,11,1,2,5.182920932769775,0.12590277194976807,0.27950558066368103,600,0.46108436258509755,0,0
20,600,1,A,11,1,3,9.371870994567871,0.9680790901184082,0.40563517808914185,600,0.46108436258509755,0,0
20,600,1,A,12,0,0,-0.6429194808006287,-1.4141103029251099,0.7194833755493164,600,0.4053437248803675,0,0
20,600,1,A,12,0,1,-0.7491077184677124,-1.3261044025421143,0.653798520565033,600,0.4053437248803675,0,0
20,600,1,A,12,0,2,-0.8350474238395691,-1.41795814037323,0.655800998210907,600,0.4053437248803675,0,0
20,600,1,A,12,0,3,-0.6939939260482788,-1.3565891981124878,0.6794587969779968,600,0.4053437248803675,0,0
20,600,1,A,12,1,0,1.7988674640655518,-0.6287354230880737,0.6113117933273315,600,0.3998521501198411,0,0
20,600,1,A,12,1,1,1.7945311069488525,-0.0552217960357666,0.579045295715332,600,0.3998521501198411,0,0
20,600,1,A,12,1,2,2.194581985473633,-0.22988033294677734,0.675017774105072,600,0.3998521501198411,0,0
20,600,1,A,12,1,3,1.7932298183441162,-0.4713088274002075,0.6374358534812927,600,0.3998521501198411,0,0
20,600,1,A,13,0,0,3.61972975730896,2.3076696395874023,0.5843732953071594,600,0.40010902285575867,0,0
20,600,1,A,13,0,1,4.0512285232543945,2.574972152709961,0.5956866145133972,600,0.40010902285575867,0,0
20,600,1,A,13,0,2,3.6137566566467285,2.4924654960632324,0.5351223349571228,600,0.40010902285575867,0,0
20,600,1,A,13,0,3,3.6141934394836426,2.3436522483825684,0.5358027219772339,600,0.40010902285575867,0,0
20,600,1,A,13,1,0,2.058302402496338,1.7054574489593506,0.40026915073394775,600,0.3994480245746672,0,0
20,600,1,A,13,1,1,2.174447536468506,1.732244610786438,0.45167234539985657,600,0.3994480245746672,0,0
20,600,1,A,13,1,2,2.2043166160583496,1.7816643714904785,0.4971441328525543,600,0.3994480245746672,0,0
20,600,1,A,13,1,3,2.1594924926757812,1.702636480331421,0.49224957823753357,600,0.3994480245746672,0,0
20,600,1,A,14,0,0,4.856734275817871,2.059826612472534,0.5855681300163269,600,0.39591490011662245,0,0
20,600,1,A,14,0,1,4.970536231994629,2.4667952060699463,0.5438264012336731,600,0.39591490011662245,0,0
20,600,1,A,14,0,2,4.046027183532715,2.468641757965088,0.414425253868103,600,0.39591490011662245,0,0
20,600,1,A,14,0,3,4.469343185424805,2.8008711338043213,0.45037439465522766,600,0.39591490011662245,0,0
20,600,1,A,14,1,0,-0.19248437881469727,-1.3402416706085205,0.4947579503059387,600,0.4474813062697649,0,0
20,600,1,A,14,1,1,0.1011422872543335,-1.1130214929580688,0.5628847479820251,600,0.4474813062697649,0,0
20,600,1,A,14,1,2,-0.03319978713989258,-1.105339765548706,0.5139347910881042,600,0.4474813062697649,0,0
20,600,1,A,14,1,3,-0.13625431060791016,-1.12093985080719,0.4850323796272278,600,0.4474813062697649,0,0
20,600,1,A,15,0,0,0.16026026010513306,-2.852994918823242,0.8137168288230896,600,0.3708132850006223,0,0
20,600,1,A,15,0,1,0.36825597286224365,-2.1458210945129395,0.7899683713912964,600,0.3708132850006223,0,0
20,600,1,A,15,0,2,0.1191205382347107,-3.2590994834899902,0.8519938588142395,600,0.3708132850006223,0,0
20,600,1,A,15,0,3,-0.06006801128387451,-2.765589475631714,0.8074397444725037,600,0.3708132850006223,0,0
20,600,1,A,15,1,0,0.36202651262283325,-0.8913017511367798,0.8346182703971863,600,0.41941843274980783,0,0
20,600,1,A,15,1,1,0.39238953590393066,-0.7651063799858093,0.8056826591491699,600,0.41941843274980783,0,0
20,600,1,A,15,1,2,0.2556845545768738,-0.8459785580635071,0.8081204891204834,600,0.41941843274980783,0,0
20,600,1,A,15,1,3,0.08024144172668457,-0.8757611513137817,0.7464827299118042,600,0.41941843274980783,0,0
20,600,1,A,16,0,0,-0.428364634513855,-1.6993204355239868,0.7733957171440125,600,0.4203602680936456,0,0
20,600,1,A,16,0,1,-0.8307321667671204,-1.857928991317749,0.7601398825645447,600,0.4203602680936456,0,0
20,600,1,A,16,0,2,-0.688959002494812,-1.6857643127441406,0.7256980538368225,600,0.4203602680936456,0,0
20,600,1,A,16,0,3,-0.5822317600250244,-1.5903434753417969,0.7413963079452515,600,0.4203602680936456,0,0
20,600,1,A,16,1,0,-1.700178623199463,-2.120375871658325,0.7215104699134827,600,0.4375803731381893,0,0
20,600,1,A,16,1,1,-1.65159010887146,-2.036186695098877,0.729522705078125,600,0.4375803731381893,0,0
20,600,1,A,16,1,2,-1.6830289363861084,-2.1258411407470703,0.7534286379814148,600,0.4375803731381893,0,0
20,600,1,A,16,1,3,-1.6808348894119263,-1.9972152709960938,0.6775753498077393,600,0.4375803731381893,0,0
20,600,1,A,17,0,0,1.1177902221679688,0.7564961910247803,0.6680479049682617,600,0.4211372318677604,0,0
20,600,1,A,17,0,1,1.15616774559021,0.6699016690254211,0.7368773221969604,600,0.4211372318677604,0,0
20,600,1,A,17,0,2,1.162825107574463,0.7536715865135193,0.6949915885925293,600,0.4211372318677604,0,0
20,600,1,A,17,0,3,1.1393401622772217,0.816451907157898,0.6287546753883362,600,0.4211372318677604,0,0
20,600,1,A,17,1,0,-0.0437244176864624,-2.1733078956604004,0.6463683843612671,600,0.4047661549411714,0,0
20,600,1,A,17,1,1,0.282055139541626,-1.9486587047576904,0.7281801700592041,600,0.4047661549411714,0,0
20,600,1,A,17,1,2,0.06983470916748047,-2.076669216156006,0.6744691133499146,600,0.4047661549411714,0,0
20,600,1,A,17,1,3,0.31808435916900635,-2.1306710243225098,0.724228024482727,600,0.4047661549411714,0,0
20,600,1,A,18,0,0,1.0592721700668335,-1.0891978740692139,0.4447425603866577,600,0.4091406003572047,0,0
20,600,1,A,18,0,1,1.547012448310852,-0.9829971790313721,0.5101591348648071,600,0.4091406003572047,0,0
20,600,1,A,18,0,2,1.0097144842147827,-1.1819589138031006,0.4507056176662445,600,0.4091406003572047,0,0
20,600,1,A,18,0,3,0.684126615524292,-1.085414171218872,0.4053439199924469,600,0.4091406003572047,0,0
20,600,1,A,18,1,0,0.945274829864502,-0.25903141498565674,0.48812606930732727,600,0.4129243050701916,0,0
20,600,1,A,18,1,1,0.6483034491539001,-0.37294477224349976,0.44492045044898987,600,0.4129243050701916,0,0
20,600,1,A,18,1,2,0.7073157429695129,-0.37038207054138184,0.4062961935997009,600,0.4129243050701916,0,0
20,600,1,A,18,1,3,0.9857264757156372,-0.3102283477783203,0.44764333963394165,600,0.4129243050701916,0,0
20,600,1,A,19,0,0,5.884248733520508,0.17779600620269775,0.40471601486206055,600,0.4112619711086154,0,0
20,600,1,A,19,0,1,6.482381820678711,0.16699814796447754,0.46841806173324585,600,0.4112619711086154,0,0
20,600,1,A,19,0,2,3.8034849166870117,0.3671231269836426,0.32794201374053955,600,0.4112619711086154,0,0
20,600,1,A,19,0,3,5.20123291015625,1.0530669689178467,0.34710127115249634,600,0.4112619711086154,0,0
20,600,1,A,19,1,0,9.659049987792969,0.8136091232299805,0.5422553420066833,600,0.40551324095577,0,0
20,600,1,A,19,1,1,6.938770771026611,1.099429965019226,0.3886186182498932,600,0.40551324095577,0,0
20,600,1,A,19,1,2,8.370745658874512,1.303615689277649,0.4372342824935913,600,0.40551324095577,0,0
20,600,1,A,19,1,3,8.03619384765625,0.10899662971496582,0.48103538155555725,600,0.40551324095577,0,0
20,600,1,A,20,0,0,3.311030387878418,0.3256574273109436,0.43529731035232544,600,0.3876177202910185,0,0
20,600,1,A,20,0,1,3.242724895477295,0.4550985097885132,0.4124676287174225,600,0.3876177202910185,0,0
20,600,1,A,20,0,2,2.6527583599090576,0.2590891122817993,0.37713468074798584,600,0.3876177202910185,0,0
20,600,1,A,20,0,3,2.4516329765319824,0.3024445176124573,0.35874927043914795,600,0.3876177202910185,0,0
20,600,1,A,20,1,0,1.6023926734924316,-2.7444260120391846,0.4606150984764099,600,0.4197619268670678,0,0
20,600,1,A,20,1,1,1.1889114379882812,-3.152170419692993,0.4282943904399872,600,0.4197619268670678,0,0
20,600,1,A,20,1,2,2.9901373386383057,-2.9685704708099365,0.4601573348045349,600,0.4197619268670678,0,0
20,600,1,A,20,1,3,1.3809013366699219,-3.089961051940918,0.45787349343299866,600,0.4197619268670678,0,0
20,600,1,A,21,0,0,0.46212494373321533,-0.8799616694450378,0.6002155542373657,600,0.3882356737740338,0,0
20,600,1,A,21,0,1,0.15289413928985596,-1.0267083644866943,0.5830919146537781,600,0.3882356737740338,0,0
20,600,1,A,21,0,2,1.0212726593017578,-1.047675609588623,0.7097257971763611,600,0.3882356737740338,0,0
20,600,1,A,21,0,3,0.4810326099395752,-1.0237352848052979,0.596585214138031,600,0.3882356737740338,0,0
20,600,1,A,21,1,0,3.716449737548828,2.103468418121338,0.722436249256134,600,0.42218627221882343,0,0
20,600,1,A,21,1,1,3.26900053024292,1.9726018905639648,0.6469610333442688,600,0.42218627221882343,0,0
20,600,1,A,21,1,2,3.6735219955444336,2.0861151218414307,0.689123272895813,600,0.42218627221882343,0,0
20,600,1,A,21,1,3,2.978513240814209,2.0212721824645996,0.5567905902862549,600,0.42218627221882343,0,0
20,600,1,A,22,0,0,0.03083980083465576,-0.7241698503494263,0.5985371470451355,600,0.4619557270780206,0,0
20,600,1,A,22,0,1,-0.050605952739715576,-0.6831454634666443,0.5823357701301575,600,0.4619557270780206,0,0
20,600,1,A,22,0,2,0.06752771139144897,-0.6491292715072632,0.6197652816772461,600,0.4619557270780206,0,0
20,600,1,A,22,0,3,0.24607670307159424,-0.7176516056060791,0.69057697057724,600,0.4619557270780206,0,0
20,600,1,A,22,1,0,3.0932068824768066,-0.09498906135559082,0.6650159358978271,600,0.42369060730561614,0,0
20,600,1,A,22,1,1,2.769551992416382,-0.10591542720794678,0.6416164636611938,600,0.42369060730561614,0,0
20,600,1,A,22,1,2,2.637209892272949,-0.07566896080970764,0.6222421526908875,600,0.42369060730561614,0,0
20,600,1,A,22,1,3,2.8790688514709473,-0.41018688678741455,0.6464081406593323,600,0.42369060730561614,0,0
20,600,1,A,23,0,0,3.1784818172454834,1.9469425678253174,0.5607254505157471,600,0.4226881847716868,0,0
20,600,1,A,23,0,1,2.639061212539673,1.9866716861724854,0.4367522597312927,600,0.4226881847716868,0,0
20,600,1,A,23,0,2,3.1238057613372803,1.8563835620880127,0.5314546823501587,600,0.4226881847716868,0,0
20,600,1,A,23,0,3,3.1010241508483887,1.962613582611084,0.5087438225746155,600,0.4226881847716868,0,0
20,600,1,A,23,1,0,2.1201882362365723,1.1279820203781128,0.4620717167854309,600,0.40899412287399173,0,0
20,600,1,A,23,1,1,2.3148772716522217,0.8289409875869751,0.5825895667076111,600,0.40899412287399173,0,0
20,600,1,A,23,1,2,1.8283836841583252,0.7848543524742126,0.439685195684433,600,0.40899412287399173,0,0
20,600,1,A,23,1,3,1.9414035081863403,0.5659768581390381,0.5160030722618103,600,0.40899412287399173,0,0
20,600,1,A,24,0,0,7.536741256713867,2.2464776039123535,0.2645817697048187,600,0.39803812094032764,0,0
20,600,1,A,24,0,1,6.957164764404297,2.666825771331787,0.2393827736377716,600,0.39803812094032764,0,0
20,600,1,A,24,0,2,7.454995155334473,2.1506099700927734,0.28757643699645996,600,0.39803812094032764,0,0
20,600,1,A,24,0,3,5.857394218444824,2.09220552444458,0.22461509704589844,600,0.39803812094032764,0,0
20,600,1,A,24,1,0,4.170969009399414,0.09048986434936523,0.30213993787765503,600,0.4074017070233822,0,0
20,600,1,A,24,1,1,3.1101577281951904,-0.31798481941223145,0.29205402731895447,600,0.4074017070233822,0,0
20,600,1,A,24,1,2,2.754803419113159,-0.13528704643249512,0.2586457133293152,600,0.4074017070233822,0,0
20,600,1,A,24,1,3,4.859530448913574,-0.05058455467224121,0.35043415427207947,600,0.4074017070233822,0,0
20,600,1,A,25,0,0,3.3367128372192383,0.9042235016822815,0.2563417851924896,600,0.37047150265425444,0,0
20,600,1,A,25,0,1,4.068171977996826,0.8586916923522949,0.30000150203704834,600,0.37047150265425444,0,0
20,600,1,A,25,0,2,3.6948890686035156,1.0305389165878296,0.27147671580314636,600,0.37047150265425444,0,0
20,600,1,A,25,0,3,2.6363768577575684,0.9241487383842468,0.18038514256477356,600,0.37047150265425444,0,0
20,600,1,A,25,1,0,15.610319137573242,2.885981559753418,0.424172967672348,600,0.4423843501135707,0,0
20,600,1,A,25,1,1,12.766303062438965,2.878260612487793,0.3599514663219452,600,0.4423843501135707,0,0
20,600,1,A,25,1,2,12.769890785217285,2.620234489440918,0.3843978941440582,600,0.4423843501135707,0,0
20,600,1,A,25,1,3,13.68411922454834,2.5419692993164062,0.40819165110588074,600,0.4423843501135707,0,0
20,600,1,A,26,0,0,4.9614458084106445,2.2087650299072266,0.35137903690338135,600,0.43068585405126214,0,0
20,600,1,A,26,0,1,4.402622699737549,2.46950101852417,0.25433406233787537,600,0.43068585405126214,0,0
20,600,1,A,26,0,2,4.670346260070801,2.280648946762085,0.2883826494216919,600,0.43068585405126214,0,0
20,600,1,A,26,0,3,4.915213584899902,2.3987765312194824,0.3375800549983978,600,0.43068585405126214,0,0
20,600,1,A,26,1,0,3.215507745742798,0.5590298771858215,0.2441040277481079,600,0.426116940099746,0,0
20,600,1,A,26,1,1,3.2463724613189697,0.3172845244407654,0.30685463547706604,600,0.426116940099746,0,0
20,600,1,A,26,1,2,4.035042762756348,0.48592180013656616,0.34182456135749817,600,0.426116940099746,0,0
20,600,1,A,26,1,3,4.174732685089111,0.2681576609611511,0.29856130480766296,600,0.426116940099746,0,0
20,600,1,A,27,0,0,8.455286026000977,1.1097904443740845,0.39591532945632935,600,0.39202631218358874,0,0
20,600,1,A,27,0,1,6.1298675537109375,0.8814845681190491,0.2751181125640869,600,0.39202631218358874,0,0
20,600,1,A,27,0,2,8.379063606262207,1.272214412689209,0.35428908467292786,600,0.39202631218358874,0,0
20,600,1,A,27,0,3,6.290949821472168,0.8127644658088684,0.2456379532814026,600,0.39202631218358874,0,0
20,600,1,A,27,1,0,35.09771728515625,6.6448259353637695,0.33728986978530884,600,0.42443359876051545,0,0
20,600,1,A,27,1,1,15.824234962463379,5.647365570068359,0.15185187757015228,600,0.42443359876051545,0,0
20,600,1,A,27,1,2,17.342388153076172,4.501069068908691,0.17859463393688202,600,0.42443359876051545,0,0
20,600,1,A,27,1,3,31.87176513671875,4.466446876525879,0.36519792675971985,600,0.42443359876051545,0,0
20,600,1,A,28,0,0,13.597496032714844,2.5469956398010254,0.4138578474521637,600,0.4401588602922857,0,0
20,600,1,A,28,0,1,14.634281158447266,2.9415574073791504,0.32949090003967285,600,0.4401588602922857,0,0
20,600,1,A,28,0,2,8.162862777709961,2.390606641769409,0.2591330409049988,600,0.4401588602922857,0,0
20,600,1,A,28,0,3,11.917947769165039,2.5497968196868896,0.34832829236984253,600,0.4401588602922857,0,0
20,600,1,A,28,1,0,16.721824645996094,0.40425169467926025,0.2989523708820343,600,0.422473703045398,0,0
20,600,1,A,28,1,1,12.063434600830078,1.6140522956848145,0.2672760784626007,600,0.422473703045398,0,0
20,600,1,A,28,1,2,16.14695930480957,0.4948526620864868,0.35345566272735596,600,0.422473703045398,0,0
20,600,1,A,28,1,3,19.622005462646484,0.6416045427322388,0.4030907452106476,600,0.422473703045398,0,0
20,600,1,A,29,0,0,4.0412797927856445,1.8334110975265503,0.22280225157737732,600,0.42533075623214245,0,0
20,600,1,A,29,0,1,4.44003963470459,1.8389513492584229,0.2992471754550934,600,0.42533075623214245,0,0
20,600,1,A,29,0,2,4.409505844116211,2.2216310501098633,0.2571412920951843,600,0.42533075623214245,0,0
20,600,1,A,29,0,3,5.632015228271484,2.0468521118164062,0.32141628861427307,600,0.42533075623214245,0,0
20,600,1,A,29,1,0,24.078847885131836,2.0144243240356445,0.38920536637306213,600,0.3889695010147989,0,0
20,600,1,A,29,1,1,18.49764060974121,2.7779757976531982,0.28253668546676636,600,0.3889695010147989,0,0
20,600,1,A,29,1,2,13.89561653137207,2.218324899673462,0.23349907994270325,600,0.3889695010147989,0,0
20,600,1,A,29,1,3,29.32299041748047,3.1807234287261963,0.3957846164703369,600,0.3889695010147989,0,0
20,600,1,A,30,0,0,5.677286624908447,1.1620004177093506,0.33741822838783264,600,0.395689494907856,0,0
20,600,1,A,30,0,1,4.888853549957275,1.8032652139663696,0.252639502286911,600,0.395689494907856,0,0
20,600,1,A,30,0,2,3.956131935119629,0.647294819355011,0.25329574942588806,600,0.395689494907856,0,0
20,600,1,A,30,0,3,6.030056476593018,0.9545595645904541,0.37851187586784363,600,0.395689494907856,0,0
20,600,1,A,30,1,0,5.2399396896362305,0.5131574869155884,0.45828884840011597,600,0.3655999870970845,0,0
20,600,1,A,30,1,1,3.3414108753204346,0.4752039909362793,0.28977683186531067,600,0.3655999870970845,0,0
20,600,1,A,30,1,2,6.3470563888549805,0.8678136467933655,0.44600212574005127,600,0.3655999870970845,0,0
20,600,1,A,30,1,3,4.630431652069092,0.7010641098022461,0.3986716568470001,600,0.3655999870970845,0,0
20,600,1,A,31,0,0,8.91069507598877,2.273743152618408,0.32672157883644104,600,0.4013953027315438,0,0
20,600,1,A,31,0,1,6.062234878540039,1.823433518409729,0.22506174445152283,600,0.4013953027315438,0,0
20,600,1,A,31,0,2,9.36136245727539,0.8032529950141907,0.35881999135017395,600,0.4013953027315438,0,0
20,600,1,A,31,0,3,4.750014781951904,0.5456583499908447,0.253233939409256,600,0.4013953027315438,0,0
20,600,1,A,31,1,0,1.031912088394165,-1.7237298488616943,0.3260991871356964,600,0.44469769299030304,0,0
20,600,1,A,31,1,1,1.4118194580078125,-2.3051583766937256,0.4158393144607544,600,0.44469769299030304,0,0
20,600,1,A,31,1,2,0.6384313106536865,-1.77846097946167,0.26883745193481445,600,0.44469769299030304,0,0
20,600,1,A,31,1,3,1.8410489559173584,-1.9795647859573364,0.34798499941825867,600,0.44469769299030304,0,0
20,600,1,A,32,0,0,3.1538124084472656,1.8054265975952148,0.3503550589084625,600,0.4067190121859312,0,0
20,600,1,A,32,0,1,3.2380013465881348,1.862241506576538,0.37725716829299927,600,0.4067190121859312,0,0
20,600,1,A,32,0,2,3.2275748252868652,1.7770622968673706,0.3600654602050781,600,0.4067190121859312,0,0
20,600,1,A,32,0,3,3.0142459869384766,1.692743182182312,0.34179195761680603,600,0.4067190121859312,0,0
20,600,1,A,32,1,0,0.42813873291015625,-1.2423608303070068,0.3590119481086731,600,0.42250774474814534,0,0
20,600,1,A,32,1,1,0.8264865875244141,-1.322106957435608,0.42471468448638916,600,0.42250774474814534,0,0
20,600,1,A,32,1,2,0.05680835247039795,-1.3016324043273926,0.34902822971343994,600,0.42250774474814534,0,0
20,600,1,A,32,1,3,0.44178831577301025,-1.301756501197815,0.3768629729747772,600,0.42250774474814534,0,0
20,600,1,A,33,0,0,14.345513343811035,1.2940685749053955,0.3912816643714905,600,0.38033520290628076,0,0
20,600,1,A,33,0,1,12.549213409423828,0.32506662607192993,0.34621572494506836,600,0.38033520290628076,0,0
20,600,1,A,33,0,2,13.271303176879883,0.014874815940856934,0.3973231315612793,600,0.38033520290628076,0,0
20,600,1,A,33,0,3,10.19975471496582,0.2329343557357788,0.2756258547306061,600,0.38033520290628076,0,0
20,600,1,A,33,1,0,10.56872844696045,0.19550156593322754,0.2996864914894104,600,0.45893904799595475,0,0
20,600,1,A,33,1,1,15.7715425491333,0.40130293369293213,0.41782665252685547,600,0.45893904799595475,0,0
20,600,1,A,33,1,2,6.4267730712890625,-0.1273646354675293,0.2042081356048584,600,0.45893904799595475,0,0
20,600,1,A,33,1,3,7.065814971923828,1.2665693759918213,0.19284671545028687,600,0.45893904799595475,0,0
20,600,1,A,34,0,0,10.132965087890625,0.3266255259513855,0.3232416808605194,600,0.4337441399693489,0,0
20,600,1,A,34,0,1,10.871257781982422,0.27397269010543823,0.3880023658275604,600,0.4337441399693489,0,0
20,600,1,A,34,0,2,7.772588729858398,0.730548620223999,0.25217530131340027,600,0.4337441399693489,0,0
20,600,1,A,34,0,3,7.215791702270508,0.5759661197662354,0.2746596038341522,600,0.4337441399693489,0,0
20,600,1,A,34,1,0,12.669550895690918,-0.2720581889152527,0.3554166853427887,600,0.4286043928004801,0,0
20,600,1,A,34,1,1,12.413495063781738,-0.7456654906272888,0.34928199648857117,600,0.4286043928004801,0,0
20,600,1,A,34,1,2,12.840325355529785,-0.4475921392440796,0.40926945209503174,600,0.4286043928004801,0,0
20,600,1,A,34,1,3,11.239214897155762,-0.19542348384857178,0.40010151267051697,600,0.4286043928004801,0,0
20,600,1,A,35,0,0,10.644721984863281,0.7884292602539062,0.2856711149215698,600,0.39070517383515835,0,0
20,600,1,A,35,0,1,11.737405776977539,0.5683600306510925,0.29823923110961914,600,0.39070517383515835,0,0
20,600,1,A,35,0,2,12.874576568603516,0.8193498253822327,0.30171412229537964,600,0.39070517383515835,0,0
20,600,1,A,35,0,3,15.302297592163086,0.951200544834137,0.33860304951667786,600,0.39070517383515835,0,0
20,600,1,A,35,1,0,8.239784240722656,1.672208547592163,0.4711102247238159,600,0.4388848012313247,0,0
20,600,1,A,35,1,1,6.9686994552612305,1.6545685529708862,0.3458205461502075,600,0.4388848012313247,0,0
20,600,1,A,35,1,2,4.019465446472168,1.9653120040893555,0.1682426780462265,600,0.4388848012313247,0,0
20,600,1,A,35,1,3,5.452553749084473,1.58040452003479,0.3203001916408539,600,0.4388848012313247,0,0
20,600,2,A,0,0,0,9.268180847167969,2.503469944000244,0.5524090528488159,600,0.41316490108147264,0,0
20,600,2,A,0,0,1,8.467914581298828,2.8258864879608154,0.4896496534347534,600,0.41316490108147264,0,0
20,600,2,A,0,0,2,8.411083221435547,2.374274730682373,0.4983305335044861,600,0.41316490108147264,0,0
20,600,2,A,0,0,3,6.892848491668701,2.9990429878234863,0.41834330558776855,600,0.41316490108147264,0,0
20,600,2,A,0,1,0,12.757590293884277,0.30313557386398315,0.5324758887290955,600,0.4450049246661365,0,0
20,600,2,A,0,1,1,9.30138111114502,0.006787091493606567,0.43321898579597473,600,0.4450049246661365,0,0
20,600,2,A,0,1,2,9.509711265563965,0.8082500696182251,0.4366050660610199,600,0.4450049246661365,0,0
20,600,2,A,0,1,3,10.085358619689941,0.5587230920791626,0.4797605276107788,600,0.4450049246661365,0,0
20,600,2,A,1,0,0,14.108827590942383,4.304978370666504,0.5151032209396362,600,0.39742999197915196,0,0
20,600,2,A,1,0,1,12.53827953338623,3.3181333541870117,0.46968185901641846,600,0.39742999197915196,0,0
20,600,2,A,1,0,2,11.353808403015137,2.8810009956359863,0.4145570993423462,600,0.39742999197915196,0,0
20,600,2,A,1,0,3,10.700164794921875,2.532527208328247,0.4144081175327301,600,0.39742999197915196,0,0
20,600,2,A,1,1,0,4.537968635559082,0.22260063886642456,0.4510307013988495,600,0.39429217344149947,0,0
20,600,2,A,1,1,1,3.966437578201294,0.29679620265960693,0.4125225245952606,600,0.39429217344149947,0,0
20,600,2,A,1,1,2,6.827901840209961,0.21735036373138428,0.5329752564430237,600,0.39429217344149947,0,0
20,600,2,A,1,1,3,5.098812103271484,-0.028740644454956055,0.5420162081718445,600,0.39429217344149947,0,0
20,600,2,A,2,0,0,11.329084396362305,0.9537726640701294,0.4276718199253082,600,0.4308661073446274,0,0
20,600,2,A,2,0,1,12.832437515258789,1.5402532815933228,0.4318182170391083,600,0.4308661073446274,0,0
20,600,2,A,2,0,2,11.705644607543945,1.4721758365631104,0.481722354888916,600,0.4308661073446274,0,0
20,600,2,A,2,0,3,13.666425704956055,0.7530543804168701,0.5013106465339661,600,0.4308661073446274,0,0
20,600,2,A,2,1,0,7.616372585296631,-0.4478018283843994,0.4264501929283142,600,0.40228610299527645,0,0
20,600,2,A,2,1,1,5.684296131134033,-0.6118608713150024,0.3411776125431061,600,0.40228610299527645,0,0
20,600,2,A,2,1,2,8.090076446533203,-0.8095839619636536,0.455231249332428,600,0.40228610299527645,0,0
20,600,2,A,2,1,3,5.809021949768066,-0.9492940902709961,0.351102352142334,600,0.40228610299527645,0,0
20,600,2,A,3,0,0,31.34212875366211,6.189256191253662,0.3633127808570862,600,0.40943770483136177,0,0
20,600,2,A,3,0,1,30.834346771240234,3.7382566928863525,0.36578479409217834,600,0.40943770483136177,0,0
20,600,2,A,3,0,2,34.11967086791992,4.048697471618652,0.4549754858016968,600,0.40943770483136177,0,0
20,600,2,A,3,0,3,24.64101791381836,3.1593494415283203,0.3173178434371948,600,0.40943770483136177,0,0
20,600,2,A,3,1,0,14.17695140838623,0.582067608833313,0.21764183044433594,600,0.39197748992592096,0,0
20,600,2,A,3,1,1,10.868550300598145,1.2572648525238037,0.2253647744655609,600,0.39197748992592096,0,0
20,600,2,A,3,1,2,13.00742244720459,1.0249624252319336,0.26397904753685,600,0.39197748992592096,0,0
20,600,2,A,3,1,3,18.347496032714844,0.48116302490234375,0.324256032705307,600,0.39197748992592096,0,0
20,600,2,A,4,0,0,11.664019584655762,3.5354137420654297,0.25152093172073364,600,0.44186033541336656,0,0
20,600,2,A,4,0,1,11.101280212402344,3.3956069946289062,0.21950700879096985,600,0.44186033541336656,0,0
20,600,2,A,4,0,2,17.411903381347656,3.351392984390259,0.3654320538043976,600,0.44186033541336656,0,0
20,600,2,A,4,0,3,16.005491256713867,3.97843074798584,0.2917172610759735,600,0.44186033541336656,0,0
20,600,2,A,4,1,0,4.298184394836426,-1.2425647974014282,0.3153802156448364,600,0.4169290359131992,0,0
20,600,2,A,4,1,1,7.973040580749512,-1.0840320587158203,0.46476542949676514,600,0.4169290359131992,0,0
20,600,2,A,4,1,2,5.459632873535156,-1.0712049007415771,0.3795475959777832,600,0.4169290359131992,0,0
20,600,2,A,4,1,3,6.959650039672852,-0.6626956462860107,0.3380568325519562,600,0.4169290359131992,0,0
20,600,2,A,5,0,0,8.26202392578125,2.1669626235961914,0.41306132078170776,600,0.4384197760373354,0,0
20,600,2,A,5,0,1,7.465131759643555,2.8558645248413086,0.3087157607078552,600,0.4384197760373354,0,0
20,600,2,A,5,0,2,9.499939918518066,2.2798666954040527,0.4536837339401245,600,0.4384197760373354,0,0
20,600,2,A,5,0,3,8.96641731262207,2.272085666656494,0.3648352026939392,600,0.4384197760373354,0,0
20,600,2,A,5,1,0,15.990455627441406,0.4287142753601074,0.37962374091148376,600,0.4227980370633304,0,0
20,600,2,A,5,1,1,12.651693344116211,0.029912948608398438,0.347368448972702,600,0.4227980370633304,0,0
20,600,2,A,5,1,2,9.445605278015137,-0.15209782123565674,0.28472498059272766,600,0.4227980370633304,0,0
20,600,2,A,5,1,3,16.38580894470215,-0.30151963233947754,0.3921036422252655,600,0.4227980370633304,0,0
20,600,2,A,6,0,0,26.61004066467285,1.795576810836792,0.2400108277797699,600,0.4137735371477902,0,0
20,600,2,A,6,0,1,31.679576873779297,1.2533917427062988,0.26131099462509155,600,0.4137735371477902,0,0
20,600,2,A,6,0,2,40.66617202758789,1.815377950668335,0.3165961802005768,600,0.4137735371477902,0,0
20,600,2,A,6,0,3,32.44700241088867,1.8979706764221191,0.2775809168815613,600,0.4137735371477902,0,0
20,600,2,A,6,1,0,18.161739349365234,2.507981061935425,0.17076677083969116,600,0.4658480240032077,0,0
20,600,2,A,6,1,1,22.529438018798828,2.3903279304504395,0.20669375360012054,600,0.4658480240032077,0,0
20,600,2,A,6,1,2,26.499223709106445,3.13712215423584,0.2571481466293335,600,0.4658480240032077,0,0
20,600,2,A,6,1,3,30.976787567138672,3.65928316116333,0.241383895277977,600,0.4658480240032077,0,0
20,600,2,A,7,0,0,13.433576583862305,2.2707552909851074,0.21575474739074707,600,0.3973027840256691,0,0
20,600,2,A,7,0,1,17.93805694580078,2.3286147117614746,0.2947061061859131,600,0.3973027840256691,0,0
20,600,2,A,7,0,2,14.884125709533691,2.21437668800354,0.21661494672298431,600,0.3973027840256691,0,0
20,600,2,A,7,0,3,9.677839279174805,2.6880390644073486,0.1407037228345871,600,0.3973027840256691,0,0
20,600,2,A,7,1,0,21.719783782958984,1.7693309783935547,0.40226003527641296,600,0.37997088488191366,0,0
20,600,2,A,7,1,1,12.011616706848145,1.2186274528503418,0.2411252111196518,600,0.37997088488191366,0,0
20,600,2,A,7,1,2,13.937983512878418,1.149017572402954,0.24893708527088165,600,0.37997088488191366,0,0
20,600,2,A,7,1,3,14.306577682495117,1.663033366203308,0.28200840950012207,600,0.37997088488191366,0,0
20,600,2,A,8,0,0,4.504683017730713,1.0341057777404785,0.08873499929904938,600,0.41092892782762647,0,0
20,600,2,A,8,0,1,10.148760795593262,1.161909818649292,0.19063861668109894,600,0.41092892782762647,0,0
20,600,2,A,8,0,2,6.569416522979736,1.0882898569107056,0.15042869746685028,600,0.41092892782762647,0,0
20,600,2,A,8,0,3,12.305617332458496,1.1771204471588135,0.25857606530189514,600,0.41092892782762647,0,0
20,600,2,A,8,1,0,14.925996780395508,2.636647939682007,0.26917532086372375,600,0.4157303557731211,0,0
20,600,2,A,8,1,1,9.749479293823242,2.5576369762420654,0.2025863230228424,600,0.4157303557731211,0,0
20,600,2,A,8,1,2,8.042329788208008,3.087209939956665,0.12037419527769089,600,0.4157303557731211,0,0
20,600,2,A,8,1,3,11.234466552734375,2.658223867416382,0.22917985916137695,600,0.4157303557731211,0,0
20,600,2,A,9,0,0,9.22131061553955,2.6386983394622803,0.2519204914569855,600,0.39471646677702665,0,0
20,600,2,A,9,0,1,12.14574146270752,2.2645673751831055,0.2762709856033325,600,0.39471646677702665,0,0
20,600,2,A,9,0,2,13.052593231201172,2.998661518096924,0.26917678117752075,600,0.39471646677702665,0,0
20,600,2,A,9,0,3,9.039137840270996,2.9555001258850098,0.1910868138074875,600,0.39471646677702665,0,0
20,600,2,A,9,1,0,15.779260635375977,3.1099748611450195,0.25958719849586487,600,0.39599426928907633,0,0
20,600,2,A,9,1,1,10.593145370483398,3.4599192142486572,0.16506348550319672,600,0.39599426928907633,0,0
20,600,2,A,9,1,2,19.884187698364258,2.386554479598999,0.3286803662776947,600,0.39599426928907633,0,0
20,600,2,A,9,1,3,11.103632926940918,2.757789373397827,0.20053255558013916,600,0.39599426928907633,0,0
20,600,2,A,10,0,0,19.882137298583984,1.0772478580474854,0.34756699204444885,600,0.41354005923494697,0,0
20,600,2,A,10,0,1,15.620132446289062,0.37290120124816895,0.2879951298236847,600,0.41354005923494697,0,0
20,600,2,A,10,0,2,14.99620246887207,1.1621179580688477,0.2923527657985687,600,0.41354005923494697,0,0
20,600,2,A,10,0,3,23.970731735229492,1.0437119007110596,0.40398040413856506,600,0.41354005923494697,0,0
20,600,2,A,10,1,0,9.671875953674316,-0.14024567604064941,0.2955380976200104,600,0.4665871886536479,0,0
20,600,2,A,10,1,1,5.6640119552612305,-0.13568127155303955,0.18296152353286743,600,0.4665871886536479,0,0
20,600,2,A,10,1,2,8.702988624572754,0.04528987407684326,0.2912001311779022,600,0.4665871886536479,0,0
20,600,2,A,10,1,3,8.646261215209961,-0.08124160766601562,0.2954721748828888,600,0.4665871886536479,0,0
20,600,2,A,11,0,0,1.8871660232543945,-1.162577509880066,0.3175121247768402,600,0.43078766111284494,0,0
20,600,2,A,11,0,1,2.0852367877960205,-1.1264294385910034,0.3313389718532562,600,0.43078766111284494,0,0
20,600,2,A,11,0,2,0.5133988857269287,-1.1086325645446777,0.20246420800685883,600,0.43078766111284494,0,0
20,600,2,A,11,0,3,1.0959296226501465,-1.0464746952056885,0.2630234956741333,600,0.43078766111284494,0,0
20,600,2,A,11,1,0,3.719280242919922,0.21172475814819336,0.19334852695465088,600,0.4495259812101722,0,0
20,600,2,A,11,1,1,6.505157470703125,0.3931030035018921,0.314875990152359,600,0.4495259812101722,0,0
20,600,2,A,11,1,2,5.182920932769775,-0.11641943454742432,0.2890278697013855,600,0.4495259812101722,0,0
20,600,2,A,11,1,3,9.371870994567871,0.8029932975769043,0.41033390164375305,600,0.4495259812101722,0,0
20,600,2,A,12,0,0,-0.6429194808006287,-1.3304604291915894,0.6957384347915649,600,0.4074357212521136,0,0
20,600,2,A,12,0,1,-0.7491077184677124,-1.3847825527191162,0.6753819584846497,600,0.4074357212521136,0,0
20,600,2,A,12,0,2,-0.8350474238395691,-1.360788106918335,0.6321406960487366,600,0.4074357212521136,0,0
20,600,2,A,12,0,3,-0.6939939260482788,-1.3332974910736084,0.671615481376648,600,0.4074357212521136,0,0
20,600,2,A,12,1,0,1.7988674640655518,-1.0645692348480225,0.6497516632080078,600,0.42295842384919524,0,0
20,600,2,A,12,1,1,1.7945311069488525,-0.1368640661239624,0.5895355939865112,600,0.42295842384919524,0,0
20,600,2,A,12,1,2,2.194581985473633,-0.8395566344261169,0.7221770286560059,600,0.42295842384919524,0,0
20,600,2,A,12,1,3,1.7932298183441162,-0.7714326977729797,0.665679395198822,600,0.42295842384919524,0,0
20,600,2,A,13,0,0,3.61972975730896,2.42020320892334,0.5624425411224365,600,0.4354342930018902,0,0
20,600,2,A,13,0,1,4.0512285232543945,2.3174850940704346,0.6337406039237976,600,0.4354342930018902,0,0
20,600,2,A,13,0,2,3.6137566566467285,2.5930984020233154,0.5116698741912842,600,0.4354342930018902,0,0
20,600,2,A,13,0,3,3.6141934394836426,2.331012725830078,0.5382639169692993,600,0.4354342930018902,0,0
20,600,2,A,13,1,0,2.058302402496338,1.6702523231506348,0.42330074310302734,600,0.4230713681317866,0,0
20,600,2,A,13,1,1,2.174447536468506,1.4630179405212402,0.5699363946914673,600,0.4230713681317866,0,0
20,600,2,A,13,1,2,2.2043166160583496,1.4395332336425781,0.6414399743080139,600,0.4230713681317866,0,0
20,600,2,A,13,1,3,2.1594924926757812,1.5545895099639893,0.5621016621589661,600,0.4230713681317866,0,0
20,600,2,A,14,0,0,4.856734275817871,2.772141456604004,0.5129303932189941,600,0.4565736153163016,0,0
20,600,2,A,14,0,1,4.970536231994629,2.736762523651123,0.5154109597206116,600,0.4565736153163016,0,0
20,600,2,A,14,0,2,4.046027183532715,2.6446847915649414,0.3860280513763428,600,0.4565736153163016,0,0
20,600,2,A,14,0,3,4.469343185424805,2.5953822135925293,0.4792588949203491,600,0.4565736153163016,0,0
20,600,2,A,14,1,0,-0.19248437881469727,-0.6245003938674927,0.2693207561969757,600,0.39720646012574434,0,0
20,600,2,A,14,1,1,0.1011422872543335,-1.1486347913742065,0.569984495639801,600,0.39720646012574434,0,0
20,600,2,A,14,1,2,-0.03319978713989258,-0.7290728688240051,0.4069734811782837,600,0.39720646012574434,0,0
20,600,2,A,14,1,3,-0.13625431060791016,-1.1237434148788452,0.48574256896972656,600,0.39720646012574434,0,0
20,600,2,A,15,0,0,0.16026026010513306,-3.0012269020080566,0.8208866119384766,600,0.4161315900273621,0,0
20,600,2,A,15,0,1,0.36825597286224365,-2.366128444671631,0.8035663962364197,600,0.4161315900273621,0,0
20,600,2,A,15,0,2,0.1191205382347107,-2.895651340484619,0.8370582461357117,600,0.4161315900273621,0,0
20,600,2,A,15,0,3,-0.06006801128387451,-3.1294991970062256,0.8263041377067566,600,0.4161315900273621,0,0
20,600,2,A,15,1,0,0.36202651262283325,-1.1248564720153809,0.856877863407135,600,0.41972930543124676,0,0
20,600,2,A,15,1,1,0.39238953590393066,-1.0992546081542969,0.8423498868942261,600,0.41972930543124676,0,0
20,600,2,A,15,1,2,0.2556845545768738,-1.042805552482605,0.8323290348052979,600,0.41972930543124676,0,0
20,600,2,A,15,1,3,0.08024144172668457,-1.1457436084747314,0.7906221747398376,600,0.41972930543124676,0,0
20,600,2,A,16,0,0,-0.428364634513855,-1.6716325283050537,0.7695123553276062,600,0.4250500798225403,0,0
20,600,2,A,16,0,1,-0.8307321667671204,-1.735552191734314,0.7362550497055054,600,0.4250500798225403,0,0
20,600,2,A,16,0,2,-0.688959002494812,-1.6111280918121338,0.7099369168281555,600,0.4250500798225403,0,0
20,600,2,A,16,0,3,-0.5822317600250244,-1.5799226760864258,0.7393991351127625,600,0.4250500798225403,0,0
20,600,2,A,16,1,0,-1.700178623199463,-2.128641128540039,0.7254075407981873,600,0.43873533327132463,0,0
20,600,2,A,16,1,1,-1.65159010887146,-2.213315963745117,0.7975451350212097,600,0.43873533327132463,0,0
20,600,2,A,16,1,2,-1.6830289363861084,-2.077631950378418,0.7313960790634155,600,0.43873533327132463,0,0
20,600,2,A,16,1,3,-1.6808348894119263,-2.0099596977233887,0.686141848564148,600,0.43873533327132463,0,0
20,600,2,A,17,0,0,1.1177902221679688,0.7766293287277222,0.6552125215530396,600,0.4357930007390678,0,0
20,600,2,A,17,0,1,1.15616774559021,0.6769509315490723,0.7340362071990967,600,0.4357930007390678,0,0
20,600,2,A,17,0,2,1.162825107574463,0.7182538509368896,0.7122998237609863,600,0.4357930007390678,0,0
20,600,2,A,17,0,3,1.1393401622772217,0.7205519676208496,0.6871733069419861,600,0.4357930007390678,0,0
20,600,2,A,17,1,0,-0.0437244176864624,-2.112312078475952,0.6396979689598083,600,0.37690499098971486,0,0
20,600,2,A,17,1,1,0.282055139541626,-2.0562872886657715,0.7374060750007629,600,0.37690499098971486,0,0
20,600,2,A,17,1,2,0.06983470916748047,-2.2883033752441406,0.6947668790817261,600,0.37690499098971486,0,0
20,600,2,A,17,1,3,0.31808435916900635,-2.675352096557617,0.7624890208244324,600,0.37690499098971486,0,0
20,600,2,A,18,0,0,1.0592721700668335,-1.307873010635376,0.468788743019104,600,0.4085287540219724,0,0
20,600,2,A,18,0,1,1.547012448310852,-1.0371406078338623,0.5154493451118469,600,0.4085287540219724,0,0
20,600,2,A,18,0,2,1.0097144842147827,-1.1366815567016602,0.4455430507659912,600,0.4085287540219724,0,0
20,600,2,A,18,0,3,0.684126615524292,-1.1126476526260376,0.40903058648109436,600,0.4085287540219724,0,0
20,600,2,A,18,1,0,0.945274829864502,-0.2983033061027527,0.49614620208740234,600,0.40525440173223615,0,0
20,600,2,A,18,1,1,0.6483034491539001,-0.4301310181617737,0.4584134817123413,600,0.40525440173223615,0,0
20,600,2,A,18,1,2,0.7073157429695129,-0.28559333086013794,0.3866913616657257,600,0.40525440173223615,0,0
20,600,2,A,18,1,3,0.9857264757156372,-0.27703922986984253,0.4412376582622528,600,0.40525440173223615,0,0
20,600,2,A,19,0,0,5.884248733520508,-0.03611910343170166,0.41361233592033386,600,0.407656230032444,0,0
20,600,2,A,19,0,1,6.482381820678711,-0.2406761646270752,0.48402002453804016,600,0.407656230032444,0,0
20,600,2,A,19,0,2,3.8034849166870117,-0.07895016670227051,0.35538336634635925,600,0.407656230032444,0,0
20,600,2,A,19,0,3,5.20123291015625,0.6060973405838013,0.37063971161842346,600,0.407656230032444,0,0
20,600,2,A,19,1,0,9.659049987792969,0.17350482940673828,0.559539258480072,600,0.3835884160362184,0,0
20,600,2,A,19,1,1,6.938770771026611,0.8101818561553955,0.4001654088497162,600,0.3835884160362184,0,0
20,600,2,A,19,1,2,8.370745658874512,0.5191004276275635,0.46328479051589966,600,0.3835884160362184,0,0
20,600,2,A,19,1,3,8.03619384765625,0.06246662139892578,0.48249655961990356,600,0.3835884160362184,0,0
20,600,2,A,20,0,0,3.311030387878418,0.06801033020019531,0.455743670463562,600,0.4013105328194797,0,0
20,600,2,A,20,0,1,3.242724895477295,0.5671721696853638,0.40256041288375854,600,0.4013105328194797,0,0
20,600,2,A,20,0,2,2.6527583599090576,0.5669467449188232,0.34538283944129944,600,0.4013105328194797,0,0
20,600,2,A,20,0,3,2.4516329765319824,0.7710225582122803,0.30433693528175354,600,0.4013105328194797,0,0
20,600,2,A,20,1,0,1.6023926734924316,-2.6121668815612793,0.4529481530189514,600,0.3966388087719679,0,0
20,600,2,A,20,1,1,1.1889114379882812,-2.824902296066284,0.409218966960907,600,0.3966388087719679,0,0
20,600,2,A,20,1,2,2.9901373386383057,-2.5215392112731934,0.4408546984195709,600,0.3966388087719679,0,0
20,600,2,A,20,1,3,1.3809013366699219,-2.7481484413146973,0.43820738792419434,600,0.3966388087719679,0,0
20,600,2,A,21,0,0,0.46212494373321533,-1.203385591506958,0.6507344841957092,600,0.4382314379326999,0,0
20,600,2,A,21,0,1,0.15289413928985596,-0.9252982139587402,0.5610901117324829,600,0.4382314379326999,0,0
20,600,2,A,21,0,2,1.0212726593017578,-0.8488539457321167,0.6884790658950806,600,0.4382314379326999,0,0
20,600,2,A,21,0,3,0.4810326099395752,-1.007286787033081,0.5939371585845947,600,0.4382314379326999,0,0
20,600,2,A,21,1,0,3.716449737548828,2.1651651859283447,0.7145482897758484,600,0.40700205601751804,0,0
20,600,2,A,21,1,1,3.26900053024292,1.9807401895523071,0.645521342754364,600,0.40700205601751804,0,0
20,600,2,A,21,1,2,3.6735219955444336,2.013611316680908,0.6986096501350403,600,0.40700205601751804,0,0
20,600,2,A,21,1,3,2.978513240814209,2.160810708999634,0.517640233039856,600,0.40700205601751804,0,0
20,600,2,A,22,0,0,0.03083980083465576,-0.7167055606842041,0.596147358417511,600,0.4413983849808574,0,0
20,600,2,A,22,0,1,-0.050605952739715576,-0.7331778407096863,0.600726842880249,600,0.4413983849808574,0,0
20,600,2,A,22,0,2,0.06752771139144897,-0.6831920146942139,0.6306455731391907,600,0.4413983849808574,0,0
20,600,2,A,22,0,3,0.24607670307159424,-0.7840954065322876,0.7046395540237427,600,0.4413983849808574,0,0
20,600,2,A,22,1,0,3.0932068824768066,-0.08452162146568298,0.6642829179763794,600,0.4257538584060967,0,0
20,600,2,A,22,1,1,2.769551992416382,-0.19585686922073364,0.6486673951148987,600,0.4257538584060967,0,0
20,600,2,A,22,1,2,2.637209892272949,-0.05549830198287964,0.6204863786697388,600,0.4257538584060967,0,0
20,600,2,A,22,1,3,2.8790688514709473,0.04728293418884277,0.6114791631698608,600,0.4257538584060967,0,0
20,600,2,A,23,0,0,3.1784818172454834,1.8895578384399414,0.5719104409217834,600,0.41606156900525093,0,0
20,600,2,A,23,0,1,2.639061212539673,1.902923822402954,0.466654896736145,600,0.41606156900525093,0,0
20,600,2,A,23,0,2,3.1238057613372803,1.9152697324752808,0.5195924043655396,600,0.41606156900525093,0,0
20,600,2,A,23,0,3,3.1010241508483887,1.9430248737335205,0.5130069851875305,600,0.41606156900525093,0,0
20,600,2,A,23,1,0,2.1201882362365723,0.5165629386901855,0.5812936425209045,600,0.42419666005298495,0,0
20,600,2,A,23,1,1,2.3148772716522217,0.8229063749313354,0.5835748314857483,600,0.42419666005298495,0,0
20,600,2,A,23,1,2,1.8283836841583252,0.6696711182594299,0.46561968326568604,600,0.42419666005298495,0,0
20,600,2,A,23,1,3,1.9414035081863403,0.4917755126953125,0.5291113257408142,600,0.42419666005298495,0,0
20,600,2,A,24,0,0,7.536741256713867,2.3033807277679443,0.26248282194137573,600,0.4308977508917451,0,0
20,600,2,A,24,0,1,6.957164764404297,2.3267576694488525,0.25354623794555664,600,0.4308977508917451,0,0
20,600,2,A,24,0,2,7.454995155334473,2.236609935760498,0.2842392325401306,600,0.4308977508917451,0,0
20,600,2,A,24,0,3,5.857394218444824,2.289698839187622,0.21537092328071594,600,0.4308977508917451,0,0
20,600,2,A,24,1,0,4.170969009399414,-0.5158178210258484,0.33212363719940186,600,0.40324654104188085,0,0
20,600,2,A,24,1,1,3.1101577281951904,-0.6398679614067078,0.31094932556152344,600,0.40324654104188085,0,0
20,600,2,A,24,1,2,2.754803419113159,-0.5649440884590149,0.2860965430736542,600,0.40324654104188085,0,0
20,600,2,A,24,1,3,4.859530448913574,0.057897210121154785,0.3453657627105713,600,0.40324654104188085,0,0
20,600,2,A,25,0,0,3.3367128372192383,0.7107838988304138,0.27119848132133484,600,0.3626893828622997,0,0
20,600,2,A,25,0,1,4.068171977996826,0.9388428926467896,0.2947174906730652,600,0.3626893828622997,0,0
20,600,2,A,25,0,2,3.6948890686035156,0.6586408615112305,0.2980751395225525,600,0.3626893828622997,0,0
20,600,2,A,25,0,3,2.6363768577575684,0.6089091897010803,0.20673030614852905,600,0.3626893828622997,0,0
20,600,2,A,25,1,0,15.610319137573242,3.2556350231170654,0.416988730430603,600,0.43079774593934417,0,0
20,600,2,A,25,1,1,12.766303062438965,3.2589006423950195,0.3509581685066223,600,0.43079774593934417,0,0
20,600,2,A,25,1,2,12.769890785217285,2.862471342086792,0.3786979019641876,600,0.43079774593934417,0,0
20,600,2,A,25,1,3,13.68411922454834,2.8354763984680176,0.40175899863243103,600,0.43079774593934417,0,0
20,600,2,A,26,0,0,4.9614458084106445,2.077636480331421,0.36205726861953735,600,0.40614455891773105,0,0
20,600,2,A,26,0,1,4.402622699737549,2.211958408355713,0.27877214550971985,600,0.40614455891773105,0,0
20,600,2,A,26,0,2,4.670346260070801,2.2914469242095947,0.28745415806770325,600,0.40614455891773105,0,0
20,600,2,A,26,0,3,4.915213584899902,2.3070919513702393,0.3456284701824188,600,0.40614455891773105,0,0
20,600,2,A,26,1,0,3.215507745742798,0.37628722190856934,0.25658759474754333,600,0.4140795599669218,0,0
20,600,2,A,26,1,1,3.2463724613189697,0.32713037729263306,0.30613890290260315,600,0.4140795599669218,0,0
20,600,2,A,26,1,2,4.035042762756348,0.37051790952682495,0.3490596413612366,600,0.4140795599669218,0,0
20,600,2,A,26,1,3,4.174732685089111,0.2518056631088257,0.2994368076324463,600,0.4140795599669218,0,0
20,600,2,A,27,0,0,8.455286026000977,1.128628134727478,0.39530137181282043,600,0.4465853739529848,0,0
20,600,2,A,27,0,1,6.1298675537109375,1.1047309637069702,0.2665347456932068,600,0.4465853739529848,0,0
20,600,2,A,27,0,2,8.379063606262207,1.0473871231079102,0.36144599318504333,600,0.4465853739529848,0,0
20,600,2,A,27,0,3,6.290949821472168,1.278372883796692,0.22955292463302612,600,0.4465853739529848,0,0
20,600,2,A,27,1,0,35.09771728515625,4.598733901977539,0.3529833257198334,600,0.367569790687412,0,0
20,600,2,A,27,1,1,15.824234962463379,4.894783020019531,0.1612703949213028,600,0.367569790687412,0,0
20,600,2,A,27,1,2,17.342388153076172,5.7760820388793945,0.16376599669456482,600,0.367569790687412,0,0
20,600,2,A,27,1,3,31.87176513671875,4.549563407897949,0.36449405550956726,600,0.367569790687412,0,0
20,600,2,A,28,0,0,13.597496032714844,2.6667306423187256,0.4112175703048706,600,0.4176598978228867,0,0
20,600,2,A,28,0,1,14.634281158447266,2.532162666320801,0.337137907743454,600,0.4176598978228867,0,0
20,600,2,A,28,0,2,8.162862777709961,3.340592861175537,0.22612932324409485,600,0.4176598978228867,0,0
20,600,2,A,28,0,3,11.917947769165039,2.706571102142334,0.3445073068141937,600,0.4176598978228867,0,0
20,600,2,A,28,1,0,16.721824645996094,0.9087297916412354,0.29241248965263367,600,0.4009709618985653,0,0
20,600,2,A,28,1,1,12.063434600830078,1.463839054107666,0.27008056640625,600,0.4009709618985653,0,0
20,600,2,A,28,1,2,16.14695930480957,0.5891172885894775,0.3520764410495758,600,0.4009709618985653,0,0
20,600,2,A,28,1,3,19.622005462646484,0.6520055532455444,0.40295884013175964,600,0.4009709618985653,0,0
20,600,2,A,29,0,0,4.0412797927856445,1.7855477333068848,0.22653809189796448,600,0.3925712499767542,0,0
20,600,2,A,29,0,1,4.44003963470459,1.8441262245178223,0.29882970452308655,600,0.3925712499767542,0,0
20,600,2,A,29,0,2,4.409505844116211,1.906141757965088,0.2837013006210327,600,0.3925712499767542,0,0
20,600,2,A,29,0,3,5.632015228271484,1.9521008729934692,0.32713204622268677,600,0.3925712499767542,0,0
20,600,2,A,29,1,0,24.078847885131836,1.6547576189041138,0.3930560052394867,600,0.37712956173345447,0,0
20,600,2,A,29,1,1,18.49764060974121,1.6155251264572144,0.29722005128860474,600,0.37712956173345447,0,0
20,600,2,A,29,1,2,13.89561653137207,2.442884683609009,0.2300417423248291,600,0.37712956173345447,0,0
20,600,2,A,29,1,3,29.32299041748047,1.7033884525299072,0.40900304913520813,600,0.37712956173345447,0,0
20,600,2,A,30,0,0,5.677286624908447,0.5675928592681885,0.3655976355075836,600,0.3581535159610212,0,0
20,600,2,A,30,0,1,4.888853549957275,0.9091391563415527,0.30362045764923096,600,0.3581535159610212,0,0
20,600,2,A,30,0,2,3.956131935119629,0.6784138083457947,0.25151270627975464,600,0.3581535159610212,0,0
20,600,2,A,30,0,3,6.030056476593018,0.9925872087478638,0.3767443597316742,600,0.3581535159610212,0,0
20,600,2,A,30,1,0,5.2399396896362305,0.9043496251106262,0.43693259358406067,600,0.3866133466362953,0,0
20,600,2,A,30,1,1,3.3414108753204346,0.5416780710220337,0.2849713861942291,600,0.3866133466362953,0,0
20,600,2,A,30,1,2,6.3470563888549805,0.8364086151123047,0.44741469621658325,600,0.3866133466362953,0,0
20,600,2,A,30,1,3,4.630431652069092,0.7236862182617188,0.3972882926464081,600,0.3866133466362953,0,0
20,600,2,A,31,0,0,8.91069507598877,1.5115394592285156,0.351070374250412,600,0.4434243426658213,0,0
20,600,2,A,31,0,1,6.062234878540039,0.5923823118209839,0.27260664105415344,600,0.4434243426658213,0,0
20,600,2,A,31,0,2,9.36136245727539,0.4185614287853241,0.3689975440502167,600,0.4434243426658213,0,0
20,600,2,A,31,0,3,4.750014781951904,1.1879348754882812,0.22318261861801147,600,0.4434243426658213,0,0
20,600,2,A,31,1,0,1.031912088394165,-1.8562886714935303,0.33650729060173035,600,0.4045208669267595,0,0
20,600,2,A,31,1,1,1.4118194580078125,-2.255061149597168,0.41254687309265137,600,0.4045208669267595,0,0
20,600,2,A,31,1,2,0.6384313106536865,-1.9639697074890137,0.2836197018623352,600,0.4045208669267595,0,0
20,600,2,A,31,1,3,1.8410489559173584,-1.9966447353363037,0.34899771213531494,600,0.4045208669267595,0,0
20,600,2,A,32,0,0,3.1538124084472656,1.7825372219085693,0.3541959226131439,600,0.4337398586794734,0,0
20,600,2,A,32,0,1,3.2380013465881348,1.7110689878463745,0.4020448625087738,600,0.4337398586794734,0,0
20,600,2,A,32,0,2,3.2275748252868652,1.797642469406128,0.35677945613861084,600,0.4337398586794734,0,0
20,600,2,A,32,0,3,3.0142459869384766,1.6011735200881958,0.35701993107795715,600,0.4337398586794734,0,0
20,600,2,A,32,1,0,0.42813873291015625,-1.2299786806106567,0.35730165243148804,600,0.424206648953259,0,0
20,600,2,A,32,1,1,0.8264865875244141,-1.386291742324829,0.43192216753959656,600,0.424206648953259,0,0
20,600,2,A,32,1,2,0.05680835247039795,-1.261512279510498,0.34224799275398254,600,0.424206648953259,0,0
20,600,2,A,32,1,3,0.44178831577301025,-1.1913899183273315,0.3616344630718231,600,0.424206648953259,0,0
20,600,2,A,33,0,0,14.345513343811035,0.22686660289764404,0.4101536273956299,600,0.44077347172424197,0,0
20,600,2,A,33,0,1,12.549213409423828,0.07656261324882507,0.3507850170135498,600,0.44077347172424197,0,0
20,600,2,A,33,0,2,13.271303176879883,0.7684652805328369,0.38339611887931824,600,0.44077347172424197,0,0
20,600,2,A,33,0,3,10.19975471496582,0.4839416742324829,0.2705624997615814,600,0.44077347172424197,0,0
20,600,2,A,33,1,0,10.56872844696045,-0.645904004573822,0.31630608439445496,600,0.4408731102012098,0,0
20,600,2,A,33,1,1,15.7715425491333,0.24593770503997803,0.42027512192726135,600,0.4408731102012098,0,0
20,600,2,A,33,1,2,6.4267730712890625,0.812067985534668,0.18021294474601746,600,0.4408731102012098,0,0
20,600,2,A,33,1,3,7.065814971923828,0.84893798828125,0.20390275120735168,600,0.4408731102012098,0,0
20,600,2,A,34,0,0,10.132965087890625,0.21318942308425903,0.3257627785205841,600,0.35870314203202724,0,0
20,600,2,A,34,0,1,10.871257781982422,0.7527891397476196,0.37708190083503723,600,0.35870314203202724,0,0
20,600,2,A,34,0,2,7.772588729858398,-0.1746729612350464,0.2756556272506714,600,0.35870314203202724,0,0
20,600,2,A,34,0,3,7.215791702270508,0.3337557315826416,0.2818548381328583,600,0.35870314203202724,0,0
20,600,2,A,34,1,0,12.669550895690918,-0.8953179121017456,0.36626410484313965,600,0.395342874340713,0,0
20,600,2,A,34,1,1,12.413495063781738,-0.5501654744148254,0.345887690782547,600,0.395342874340713,0,0
20,600,2,A,34,1,2,12.840325355529785,-0.7291628122329712,0.4143484830856323,600,0.395342874340713,0,0
20,600,2,A,34,1,3,11.239214897155762,-0.6939488053321838,0.41038641333580017,600,0.395342874340713,0,0
20,600,2,A,35,0,0,10.644721984863281,1.2468336820602417,0.2760525941848755,600,0.39939529122784734,0,0
20,600,2,A,35,0,1,11.737405776977539,0.6090424060821533,0.2974760830402374,600,0.39939529122784734,0,0
20,600,2,A,35,0,2,12.874576568603516,1.0544307231903076,0.29758143424987793,600,0.39939529122784734,0,0
20,600,2,A,35,0,3,15.302297592163086,1.163866639137268,0.3352676331996918,600,0.39939529122784734,0,0
20,600,2,A,35,1,0,8.239784240722656,1.472875952720642,0.47856605052948,600,0.42125121131539345,0,0
20,600,2,A,35,1,1,6.9686994552612305,1.4290391206741333,0.355282723903656,600,0.42125121131539345,0,0
20,600,2,A,35,1,2,4.019465446472168,1.7140331268310547,0.18501558899879456,600,0.42125121131539345,0,0
20,600,2,A,35,1,3,5.452553749084473,1.8629599809646606,0.3040335774421692,600,0.42125121131539345,0,0
20,600,-1,O,0,0,0,9.268180847167969,1.9067147970199585,0.5732071995735168,600,2.376987438183278,0,0
20,600,-1,O,0,0,1,8.467914581298828,1.9053034782409668,0.5274069309234619,600,2.376987438183278,0,0
20,600,-1,O,0,0,2,8.411083221435547,1.9078012704849243,0.5169318914413452,600,2.376987438183278,0,0
20,600,-1,O,0,0,3,6.892848491668701,1.914488434791565,0.47904613614082336,600,2.376987438183278,0,0
20,600,-1,O,0,1,0,12.757590293884277,-0.38116255402565,0.5457651615142822,600,2.3824554439634085,0,0
20,600,-1,O,0,1,1,9.30138111114502,-0.3843410015106201,0.4433666169643402,600,2.3824554439634085,0,0
20,600,-1,O,0,1,2,9.509711265563965,-0.3678831458091736,0.4680003523826599,600,2.3824554439634085,0,0
20,600,-1,O,0,1,3,10.085358619689941,-0.3841058313846588,0.5033422708511353,600,2.3824554439634085,0,0
20,600,-1,O,1,0,0,14.108827590942383,2.200223207473755,0.5633864402770996,600,2.4010111042298377,0,0
20,600,-1,O,1,0,1,12.53827953338623,2.066326379776001,0.501471996307373,600,2.4010111042298377,0,0
20,600,-1,O,1,0,2,11.353808403015137,1.9895713329315186,0.43902450799942017,600,2.4010111042298377,0,0
20,600,-1,O,1,0,3,10.700164794921875,1.9885801076889038,0.4301356375217438,600,2.4010111042298377,0,0
20,600,-1,O,1,1,0,4.537968635559082,-0.3695855438709259,0.48302802443504333,600,2.455929834395647,0,0
20,600,-1,O,1,1,1,3.966437578201294,-0.3862031400203705,0.4544123709201813,600,2.455929834395647,0,0
20,600,-1,O,1,1,2,6.827901840209961,-0.36956360936164856,0.5540763139724731,600,2.455929834395647,0,0
20,600,-1,O,1,1,3,5.098812103271484,-0.37994226813316345,0.5584099292755127,600,2.455929834395647,0,0
20,600,-1,O,2,0,0,11.329084396362305,-0.05672232806682587,0.4505575895309448,600,2.343437876086682,0,0
20,600,-1,O,2,0,1,12.832437515258789,-0.05306816101074219,0.4644489884376526,600,2.343437876086682,0,0
20,600,-1,O,2,0,2,11.705644607543945,-0.05068064481019974,0.5163902640342712,600,2.343437876086682,0,0
20,600,-1,O,2,0,3,13.666425704956055,-0.06776425242424011,0.5167106986045837,600,2.343437876086682,0,0
20,600,-1,O,2,1,0,7.616372585296631,-1.5003981590270996,0.45669254660606384,600,2.403540428727865,0,0
20,600,-1,O,2,1,1,5.684296131134033,-1.443320870399475,0.36958134174346924,600,2.403540428727865,0,0
20,600,-1,O,2,1,2,8.090076446533203,-1.4368923902511597,0.4721682369709015,600,2.403540428727865,0,0
20,600,-1,O,2,1,3,5.809021949768066,-1.4564237594604492,0.3677593171596527,600,2.403540428727865,0,0
20,600,-1,O,3,0,0,31.34212875366211,1.7600053548812866,0.4015968143939972,600,2.263005659915507,0,0
20,600,-1,O,3,0,1,30.834346771240234,1.719056248664856,0.3826136589050293,600,2.263005659915507,0,0
20,600,-1,O,3,0,2,34.11967086791992,1.669936180114746,0.473909854888916,600,2.263005659915507,0,0
20,600,-1,O,3,0,3,24.64101791381836,1.7194547653198242,0.3315357565879822,600,2.263005659915507,0,0
20,600,-1,O,3,1,0,14.17695140838623,-0.6743596196174622,0.23306810855865479,600,2.512159924954176,0,0
20,600,-1,O,3,1,1,10.868550300598145,-0.7340896129608154,0.2599214017391205,600,2.512159924954176,0,0
20,600,-1,O,3,1,2,13.00742244720459,-0.7462241053581238,0.29162004590034485,600,2.512159924954176,0,0
20,600,-1,O,3,1,3,18.347496032714844,-0.6565476655960083,0.3379267156124115,600,2.512159924954176,0,0
20,600,-1,O,4,0,0,11.664019584655762,2.0029826164245605,0.2854052782058716,600,2.2837628638371825,0,0
20,600,-1,O,4,0,1,11.101280212402344,1.9574449062347412,0.25022390484809875,600,2.2837628638371825,0,0
20,600,-1,O,4,0,2,17.411903381347656,2.0086300373077393,0.3868306875228882,600,2.2837628638371825,0,0
20,600,-1,O,4,0,3,16.005491256713867,1.956416130065918,0.3248303532600403,600,2.2837628638371825,0,0
20,600,-1,O,4,1,0,4.298184394836426,-1.672107219696045,0.33171942830085754,600,2.485708952881396,0,0
20,600,-1,O,4,1,1,7.973040580749512,-1.650235891342163,0.4798775315284729,600,2.485708952881396,0,0
20,600,-1,O,4,1,2,5.459632873535156,-1.6743313074111938,0.40055882930755615,600,2.485708952881396,0,0
20,600,-1,O,4,1,3,6.959650039672852,-1.5646276473999023,0.36351701617240906,600,2.485708952881396,0,0
20,600,-1,O,5,0,0,8.26202392578125,1.9169583320617676,0.4228399991989136,600,2.4083830160088837,0,0
20,600,-1,O,5,0,1,7.465131759643555,1.914371132850647,0.3497214615345001,600,2.4083830160088837,0,0
20,600,-1,O,5,0,2,9.499939918518066,1.9205833673477173,0.46574512124061584,600,2.4083830160088837,0,0
20,600,-1,O,5,0,3,8.96641731262207,1.9218978881835938,0.3767302632331848,600,2.4083830160088837,0,0
20,600,-1,O,5,1,0,15.990455627441406,-0.8501513004302979,0.39839237928390503,600,2.276576492935419,0,0
20,600,-1,O,5,1,1,12.651693344116211,-0.7887582182884216,0.3617488741874695,600,2.276576492935419,0,0
20,600,-1,O,5,1,2,9.445605278015137,-0.8422502279281616,0.299075722694397,600,2.276576492935419,0,0
20,600,-1,O,5,1,3,16.38580894470215,-0.8139166235923767,0.3993355631828308,600,2.276576492935419,0,0
20,600,-1,O,6,0,0,26.61004066467285,-0.7606865167617798,0.2583479881286621,600,2.2747700018808246,0,0
20,600,-1,O,6,0,1,31.679576873779297,-0.9984654188156128,0.27532604336738586,600,2.2747700018808246,0,0
20,600,-1,O,6,0,2,40.66617202758789,-0.7420441508293152,0.33054786920547485,600,2.2747700018808246,0,0
20,600,-1,O,6,0,3,32.44700241088867,-0.8230847716331482,0.2950114905834198,600,2.2747700018808246,0,0
20,600,-1,O,6,1,0,18.161739349365234,0.6813879013061523,0.18696749210357666,600,2.2263856367208064,0,0
20,600,-1,O,6,1,1,22.529438018798828,0.7689689993858337,0.21967867016792297,600,2.2263856367208064,0,0
20,600,-1,O,6,1,2,26.499223709106445,0.6888319253921509,0.2766415476799011,600,2.2263856367208064,0,0
20,600,-1,O,6,1,3,30.976787567138672,0.632527232170105,0.2611446976661682,600,2.2263856367208064,0,0
20,600,-1,O,7,0,0,13.433576583862305,1.6414899826049805,0.22517846524715424,600,2.2950115241110325,0,0
20,600,-1,O,7,0,1,17.93805694580078,1.394268274307251,0.3069321811199188,600,2.2950115241110325,0,0
20,600,-1,O,7,0,2,14.884125709533691,1.4496454000473022,0.22672522068023682,600,2.2950115241110325,0,0
20,600,-1,O,7,0,3,9.677839279174805,1.4223366975784302,0.16205328702926636,600,2.2950115241110325,0,0
20,600,-1,O,7,1,0,21.719783782958984,0.4579882025718689,0.41765743494033813,600,2.428536702878773,0,0
20,600,-1,O,7,1,1,12.011616706848145,0.44751694798469543,0.2539771795272827,600,2.428536702878773,0,0
20,600,-1,O,7,1,2,13.937983512878418,0.42541468143463135,0.25936880707740784,600,2.428536702878773,0,0
20,600,-1,O,7,1,3,14.306577682495117,0.49536991119384766,0.30023324489593506,600,2.428536702878773,0,0
20,600,-1,O,8,0,0,4.504683017730713,0.3867540955543518,0.10357209295034409,600,2.2337197847664356,0,0
20,600,-1,O,8,0,1,10.148760795593262,0.4453256130218506,0.20275746285915375,600,2.2337197847664356,0,0
20,600,-1,O,8,0,2,6.569416522979736,0.36596769094467163,0.16694322228431702,600,2.2337197847664356,0,0
20,600,-1,O,8,0,3,12.305617332458496,0.3576884865760803,0.272428959608078,600,2.2337197847664356,0,0
20,600,-1,O,8,1,0,14.925996780395508,1.8239343166351318,0.28195720911026,600,2.3538766717538238,0,0
20,600,-1,O,8,1,1,9.749479293823242,1.838138222694397,0.21842683851718903,600,2.3538766717538238,0,0
20,600,-1,O,8,1,2,8.042329788208008,1.9211609363555908,0.14460471272468567,600,2.3538766717538238,0,0
20,600,-1,O,8,1,3,11.234466552734375,1.8682186603546143,0.2451162487268448,600,2.3538766717538238,0,0
20,600,-1,O,9,0,0,9.22131061553955,1.9160486459732056,0.2720527946949005,600,2.331740953028202,0,0
20,600,-1,O,9,0,1,12.14574146270752,1.8432257175445557,0.284697562456131,600,2.331740953028202,0,0
20,600,-1,O,9,0,2,13.052593231201172,1.863713026046753,0.290728896856308,600,2.331740953028202,0,0
20,600,-1,O,9,0,3,9.039137840270996,2.088707447052002,0.21252648532390594,600,2.331740953028202,0,0
20,600,-1,O,9,1,0,15.779260635375977,1.9726248979568481,0.27644863724708557,600,2.206563645042479,0,0
20,600,-1,O,9,1,1,10.593145370483398,1.7120565176010132,0.19752033054828644,600,2.206563645042479,0,0
20,600,-1,O,9,1,2,19.884187698364258,2.0480027198791504,0.33292263746261597,600,2.206563645042479,0,0
20,600,-1,O,9,1,3,11.103632926940918,2.0336227416992188,0.2142055183649063,600,2.206563645042479,0,0
20,600,-1,O,10,0,0,19.882137298583984,-0.00676727294921875,0.3603821396827698,600,2.173264668788761,0,0
20,600,-1,O,10,0,1,15.620132446289062,-0.5645290613174438,0.30038291215896606,600,2.173264668788761,0,0
20,600,-1,O,10,0,2,14.99620246887207,-0.3150951862335205,0.31377509236335754,600,2.173264668788761,0,0
20,600,-1,O,10,0,3,23.970731735229492,-0.16601574420928955,0.4164198637008667,600,2.173264668788761,0,0
20,600,-1,O,10,1,0,9.671875953674316,-1.0432510375976562,0.31419089436531067,600,2.371328455861658,0,0
20,600,-1,O,10,1,1,5.6640119552612305,-1.0825138092041016,0.2066582441329956,600,2.371328455861658,0,0
20,600,-1,O,10,1,2,8.702988624572754,-0.8220958709716797,0.31129270792007446,600,2.371328455861658,0,0
20,600,-1,O,10,1,3,8.646261215209961,-0.9676178693771362,0.3159980773925781,600,2.371328455861658,0,0
20,600,-1,O,11,0,0,1.8871660232543945,-1.2985777854919434,0.3270406723022461,600,2.2798432372510433,0,0
20,600,-1,O,11,0,1,2.0852367877960205,-1.3647596836090088,0.3473854064941406,600,2.2798432372510433,0,0
20,600,-1,O,11,0,2,0.5133988857269287,-1.3292391300201416,0.2238369733095169,600,2.2798432372510433,0,0
20,600,-1,O,11,0,3,1.0959296226501465,-1.3543338775634766,0.28986379504203796,600,2.2798432372510433,0,0
20,600,-1,O,11,1,0,3.719280242919922,-0.6514102816581726,0.2299850583076477,600,2.328339465893805,0,0
20,600,-1,O,11,1,1,6.505157470703125,-0.5062648057937622,0.3452141284942627,600,2.328339465893805,0,0
20,600,-1,O,11,1,2,5.182920932769775,-0.6197116374969482,0.30802246928215027,600,2.328339465893805,0,0
20,600,-1,O,11,1,3,9.371870994567871,-0.7293432950973511,0.45064467191696167,600,2.328339465893805,0,0
20,600,-1,O,12,0,0,-0.6429194808006287,-1.4787346124649048,0.735434353351593,600,2.294229704886675,0,0
20,600,-1,O,12,0,1,-0.7491077184677124,-1.4601967334747314,0.6994624733924866,600,2.294229704886675,0,0
20,600,-1,O,12,0,2,-0.8350474238395691,-1.4840989112854004,0.679639458656311,600,2.294229704886675,0,0
20,600,-1,O,12,0,3,-0.6939939260482788,-1.4848706722259521,0.716722846031189,600,2.294229704886675,0,0
20,600,-1,O,12,1,0,1.7988674640655518,-1.4515007734298706,0.6780213117599487,600,2.364741946104914,0,0
20,600,-1,O,12,1,1,1.7945311069488525,-1.6657190322875977,0.7201375961303711,600,2.364741946104914,0,0
20,600,-1,O,12,1,2,2.194581985473633,-1.4294157028198242,0.7563803791999817,600,2.364741946104914,0,0
20,600,-1,O,12,1,3,1.7932298183441162,-1.760218858718872,0.73395836353302,600,2.364741946104914,0,0
20,600,-1,O,13,0,0,3.61972975730896,1.9130268096923828,0.6465063095092773,600,2.2922462802380323,0,0
20,600,-1,O,13,0,1,4.0512285232543945,1.8259261846542358,0.6895267367362976,600,2.2922462802380323,0,0
20,600,-1,O,13,0,2,3.6137566566467285,1.7300361394882202,0.6591455936431885,600,2.2922462802380323,0,0
20,600,-1,O,13,0,3,3.6141934394836426,1.8303430080413818,0.6184059977531433,600,2.2922462802380323,0,0
20,600,-1,O,13,1,0,2.058302402496338,1.2511780261993408,0.6042260527610779,600,2.386671564076096,0,0
20,600,-1,O,13,1,1,2.174447536468506,1.2149544954299927,0.6412330865859985,600,2.386671564076096,0,0
20,600,-1,O,13,1,2,2.2043166160583496,1.2626656293869019,0.6877586245536804,600,2.386671564076096,0,0
20,600,-1,O,13,1,3,2.1594924926757812,1.305230975151062,0.6444806456565857,600,2.386671564076096,0,0
20,600,-1,O,14,0,0,4.856734275817871,0.6083664894104004,0.6821553111076355,600,2.349278336856514,0,0
20,600,-1,O,14,0,1,4.970536231994629,1.187774658203125,0.6430037021636963,600,2.349278336856514,0,0
20,600,-1,O,14,0,2,4.046027183532715,0.7742578983306885,0.594804048538208,600,2.349278336856514,0,0
20,600,-1,O,14,0,3,4.469343185424805,0.5100122690200806,0.6603845953941345,600,2.349278336856514,0,0
20,600,-1,O,14,1,0,-0.19248437881469727,-1.8185510635375977,0.5811229944229126,600,2.2635523970238864,0,0
20,600,-1,O,14,1,1,0.1011422872543335,-1.9989869594573975,0.6901501417160034,600,2.2635523970238864,0,0
20,600,-1,O,14,1,2,-0.03319978713989258,-1.4824860095977783,0.588354766368866,600,2.2635523970238864,0,0
20,600,-1,O,14,1,3,-0.13625431060791016,-1.529624581336975,0.5713276267051697,600,2.2635523970238864,0,0
20,600,-1,O,15,0,0,0.16026026010513306,-4.141441822052002,0.8618015646934509,600,2.3723536981269717,0,0
20,600,-1,O,15,0,1,0.36825597286224365,-4.177237033843994,0.871799647808075,600,2.3723536981269717,0,0
20,600,-1,O,15,0,2,0.1191205382347107,-4.195537567138672,0.8802705407142639,600,2.3723536981269717,0,0
20,600,-1,O,15,0,3,-0.06006801128387451,-4.149270057678223,0.8637173175811768,600,2.3723536981269717,0,0
20,600,-1,O,15,1,0,0.36202651262283325,-1.4957367181777954,0.8820812702178955,600,2.18405798682943,0,0
20,600,-1,O,15,1,1,0.39238953590393066,-1.484766960144043,0.8705348968505859,600,2.18405798682943,0,0
20,600,-1,O,15,1,2,0.2556845545768738,-1.4929131269454956,0.869873046875,600,2.18405798682943,0,0
20,600,-1,O,15,1,3,0.08024144172668457,-1.5002137422561646,0.82957923412323,600,2.18405798682943,0,0
20,600,-1,O,16,0,0,-0.428364634513855,-2.5419387817382812,0.8502033352851868,600,2.450682762078941,0,0
20,600,-1,O,16,0,1,-0.8307321667671204,-2.6005678176879883,0.845207929611206,600,2.450682762078941,0,0
20,600,-1,O,16,0,2,-0.688959002494812,-2.5472397804260254,0.8314244151115417,600,2.450682762078941,0,0
20,600,-1,O,16,0,3,-0.5822317600250244,-2.582685947418213,0.850500762462616,600,2.450682762078941,0,0
20,600,-1,O,16,1,0,-1.700178623199463,-2.536705255508423,0.8376030325889587,600,2.2661022883839905,0,0
20,600,-1,O,16,1,1,-1.65159010887146,-2.5157113075256348,0.8583582639694214,600,2.2661022883839905,0,0
20,600,-1,O,16,1,2,-1.6830289363861084,-2.487813949584961,0.8474076986312866,600,2.2661022883839905,0,0
20,600,-1,O,16,1,3,-1.6808348894119263,-2.499666690826416,0.8446950316429138,600,2.2661022883839905,0,0
20,600,-1,O,17,0,0,1.1177902221679688,0.4733194410800934,0.7821272611618042,600,2.411922183819115,0,0
20,600,-1,O,17,0,1,1.15616774559021,0.4674074053764343,0.7986596822738647,600,2.411922183819115,0,0
20,600,-1,O,17,0,2,1.162825107574463,0.47226738929748535,0.7936336994171143,600,2.411922183819115,0,0
20,600,-1,O,17,0,3,1.1393401622772217,0.4649646282196045,0.7796037793159485,600,2.411922183819115,0,0
20,600,-1,O,17,1,0,-0.0437244176864624,-3.731370687484741,0.759908139705658,600,2.3110565915703773,0,0
20,600,-1,O,17,1,1,0.282055139541626,-3.647357940673828,0.8251414895057678,600,2.3110565915703773,0,0
20,600,-1,O,17,1,2,0.06983470916748047,-3.5837295055389404,0.7790831327438354,600,2.3110565915703773,0,0
20,600,-1,O,17,1,3,0.31808435916900635,-3.770883798599243,0.8143073320388794,600,2.3110565915703773,0,0
20,600,-1,O,18,0,0,1.0592721700668335,-1.7788935899734497,0.5141127109527588,600,2.3751950189471245,0,0
20,600,-1,O,18,0,1,1.547012448310852,-1.7771939039230347,0.5777759552001953,600,2.3751950189471245,0,0
20,600,-1,O,18,0,2,1.0097144842147827,-1.7786206007003784,0.5107381343841553,600,2.3751950189471245,0,0
20,600,-1,O,18,0,3,0.684126615524292,-1.7829262018203735,0.48726698756217957,600,2.3751950189471245,0,0
20,600,-1,O,18,1,0,0.945274829864502,-0.6332641839981079,0.5555427074432373,600,2.19372683390975,0,0
20,600,-1,O,18,1,1,0.6483034491539001,-0.6405437588691711,0.5028766393661499,600,2.19372683390975,0,0
20,600,-1,O,18,1,2,0.7073157429695129,-0.6436915397644043,0.4617561101913452,600,2.19372683390975,0,0
20,600,-1,O,18,1,3,0.9857264757156372,-0.636985182762146,0.5036633610725403,600,2.19372683390975,0,0
20,600,-1,O,19,0,0,5.884248733520508,-1.7884705066680908,0.47757017612457275,600,2.3267360981553793,0,0
20,600,-1,O,19,0,1,6.482381820678711,-1.5986316204071045,0.5299721956253052,600,2.3267360981553793,0,0
20,600,-1,O,19,0,2,3.8034849166870117,-1.728987216949463,0.43996933102607727,600,2.3267360981553793,0,0
20,600,-1,O,19,0,3,5.20123291015625,-1.775527000427246,0.47205737233161926,600,2.3267360981553793,0,0
20,600,-1,O,19,1,0,9.659049987792969,-1.5204463005065918,0.5995534658432007,600,2.4042083863168955,0,0
20,600,-1,O,19,1,1,6.938770771026611,-1.4657235145568848,0.47777119278907776,600,2.4042083863168955,0,0
20,600,-1,O,19,1,2,8.370745658874512,-1.3765454292297363,0.5172783136367798,600,2.4042083863168955,0,0
20,600,-1,O,19,1,3,8.03619384765625,-1.5188674926757812,0.5276907682418823,600,2.4042083863168955,0,0
20,600,-1,O,20,0,0,3.311030387878418,-0.976259708404541,0.5253931283950806,600,2.2172197801992297,0,0
20,600,-1,O,20,0,1,3.242724895477295,-0.9570202827453613,0.5140113234519958,600,2.2172197801992297,0,0
20,600,-1,O,20,0,2,2.6527583599090576,-0.9438586235046387,0.4763771891593933,600,2.2172197801992297,0,0
20,600,-1,O,20,0,3,2.4516329765319824,-0.9606287479400635,0.470406711101532,600,2.2172197801992297,0,0
20,600,-1,O,20,1,0,1.6023926734924316,-4.0408830642700195,0.525765597820282,600,2.295257597696036,0,0
20,600,-1,O,20,1,1,1.1889114379882812,-4.117094039916992,0.4779898226261139,600,2.295257597696036,0,0
20,600,-1,O,20,1,2,2.9901373386383057,-4.09810209274292,0.5034685730934143,600,2.295257597696036,0,0
20,600,-1,O,20,1,3,1.3809013366699219,-3.96458101272583,0.5024409294128418,600,2.295257597696036,0,0
20,600,-1,O,21,0,0,0.46212494373321533,-1.4784845113754272,0.6846316456794739,600,2.267290063202381,0,0
20,600,-1,O,21,0,1,0.15289413928985596,-1.4640467166900635,0.6571992039680481,600,2.267290063202381,0,0
20,600,-1,O,21,0,2,1.0212726593017578,-1.4797041416168213,0.7471923232078552,600,2.267290063202381,0,0
20,600,-1,O,21,0,3,0.4810326099395752,-1.534949779510498,0.6645695567131042,600,2.267290063202381,0,0
20,600,-1,O,21,1,0,3.716449737548828,1.8052955865859985,0.7551372051239014,600,2.3817355833016336,0,0
20,600,-1,O,21,1,1,3.26900053024292,1.8270665407180786,0.6708655953407288,600,2.3817355833016336,0,0
20,600,-1,O,21,1,2,3.6735219955444336,1.808590292930603,0.722550094127655,600,2.3817355833016336,0,0
20,600,-1,O,21,1,3,2.978513240814209,1.804081678390503,0.6065018177032471,600,2.3817355833016336,0,0
20,600,-1,O,22,0,0,0.03083980083465576,-0.8917888402938843,0.645626425743103,600,2.1611530762165785,0,0
20,600,-1,O,22,0,1,-0.050605952739715576,-0.8813259601593018,0.6467809677124023,600,2.1611530762165785,0,0
20,600,-1,O,22,0,2,0.06752771139144897,-0.885287880897522,0.6842508316040039,600,2.1611530762165785,0,0
20,600,-1,O,22,0,3,0.24607670307159424,-0.8892526626586914,0.724458634853363,600,2.1611530762165785,0,0
20,600,-1,O,22,1,0,3.0932068824768066,-0.9212458729743958,0.7142618894577026,600,2.4276525136083364,0,0
20,600,-1,O,22,1,1,2.769551992416382,-0.9374743103981018,0.6977068185806274,600,2.4276525136083364,0,0
20,600,-1,O,22,1,2,2.637209892272949,-0.9090743064880371,0.6828641891479492,600,2.4276525136083364,0,0
20,600,-1,O,22,1,3,2.8790688514709473,-0.9340156316757202,0.6794107556343079,600,2.4276525136083364,0,0
20,600,-1,O,23,0,0,3.1784818172454834,1.764189600944519,0.5944689512252808,600,2.395291030872613,0,0
20,600,-1,O,23,0,1,2.639061212539673,1.73603355884552,0.5176820158958435,600,2.395291030872613,0,0
20,600,-1,O,23,0,2,3.1238057613372803,1.7296383380889893,0.5550997257232666,600,2.395291030872613,0,0
20,600,-1,O,23,0,3,3.1010241508483887,1.7807615995407104,0.5456664562225342,600,2.395291030872613,0,0
20,600,-1,O,23,1,0,2.1201882362365723,0.14395490288734436,0.6311171054840088,600,2.377075533848256,0,0
20,600,-1,O,23,1,1,2.3148772716522217,0.10814918577671051,0.6745591759681702,600,2.377075533848256,0,0
20,600,-1,O,23,1,2,1.8283836841583252,0.10640688240528107,0.5642490386962891,600,2.377075533848256,0,0
20,600,-1,O,23,1,3,1.9414035081863403,0.24604743719100952,0.567869246006012,600,2.377075533848256,0,0
20,600,-1,O,24,0,0,7.536741256713867,1.7015647888183594,0.28409215807914734,600,2.173653921112418,0,0
20,600,-1,O,24,0,1,6.957164764404297,1.7097504138946533,0.2779412567615509,600,2.173653921112418,0,0
20,600,-1,O,24,0,2,7.454995155334473,1.7068655490875244,0.30431297421455383,600,2.173653921112418,0,0
20,600,-1,O,24,0,3,5.857394218444824,1.7347972393035889,0.2408023178577423,600,2.173653921112418,0,0
20,600,-1,O,24,1,0,4.170969009399414,-0.8987695574760437,0.34976926445961,600,2.2690138672478497,0,0
20,600,-1,O,24,1,1,3.1101577281951904,-0.9094438552856445,0.3260149359703064,600,2.2690138672478497,0,0
20,600,-1,O,24,1,2,2.754803419113159,-0.9261150360107422,0.30764660239219666,600,2.2690138672478497,0,0
20,600,-1,O,24,1,3,4.859530448913574,-0.8785719871520996,0.38667741417884827,600,2.2690138672478497,0,0
20,600,-1,O,25,0,0,3.3367128372192383,0.2982448637485504,0.3009807765483856,600,2.224230059888214,0,0
20,600,-1,O,25,0,1,4.068171977996826,0.40110939741134644,0.32871365547180176,600,2.224230059888214,0,0
20,600,-1,O,25,0,2,3.6948890686035156,0.3654397130012512,0.3177141845226288,600,2.224230059888214,0,0
20,600,-1,O,25,0,3,2.6363768577575684,0.3346990942955017,0.22830666601657867,600,2.224230059888214,0,0
20,600,-1,O,25,1,0,15.610319137573242,2.0638108253479004,0.43953394889831543,600,2.3550294609740376,0,0
20,600,-1,O,25,1,1,12.766303062438965,2.160459518432617,0.3762499988079071,600,2.3550294609740376,0,0
20,600,-1,O,25,1,2,12.769890785217285,2.026459217071533,0.3979370892047882,600,2.3550294609740376,0,0
20,600,-1,O,25,1,3,13.68411922454834,1.9438459873199463,0.4208814203739166,600,2.3550294609740376,0,0
20,600,-1,O,26,0,0,4.9614458084106445,2.0068163871765137,0.3676794469356537,600,2.2712790998630226,0,0
20,600,-1,O,26,0,1,4.402622699737549,1.939474105834961,0.30294251441955566,600,2.2712790998630226,0,0
20,600,-1,O,26,0,2,4.670346260070801,1.982235312461853,0.31311848759651184,600,2.2712790998630226,0,0
20,600,-1,O,26,0,3,4.915213584899902,1.9253065586090088,0.3771415054798126,600,2.2712790998630226,0,0
20,600,-1,O,26,1,0,3.215507745742798,0.011499613523483276,0.2803133726119995,600,2.2751784892752767,0,0
20,600,-1,O,26,1,1,3.2463724613189697,-0.10551589727401733,0.33625394105911255,600,2.2751784892752767,0,0
20,600,-1,O,26,1,2,4.035042762756348,-0.0829533189535141,0.3760126829147339,600,2.2751784892752767,0,0
20,600,-1,O,26,1,3,4.174732685089111,-0.013985216617584229,0.3133670687675476,600,2.2751784892752767,0,0
20,600,-1,O,27,0,0,8.455286026000977,0.4258075952529907,0.4173937439918518,600,2.408965213689953,0,0
20,600,-1,O,27,0,1,6.1298675537109375,0.4105357229709625,0.29258209466934204,600,2.408965213689953,0,0
20,600,-1,O,27,0,2,8.379063606262207,0.4097994565963745,0.38090571761131287,600,2.408965213689953,0,0
20,600,-1,O,27,0,3,6.290949821472168,0.3642920255661011,0.26050853729248047,600,2.408965213689953,0,0
20,600,-1,O,27,1,0,35.09771728515625,2.831594944000244,0.36595097184181213,600,2.253017095848918,0,0
20,600,-1,O,27,1,1,15.824234962463379,2.5498428344726562,0.1893206536769867,600,2.253017095848918,0,0
20,600,-1,O,27,1,2,17.342388153076172,2.5170044898986816,0.2006518542766571,600,2.253017095848918,0,0
20,600,-1,O,27,1,3,31.87176513671875,2.6929049491882324,0.37985438108444214,600,2.253017095848918,0,0
20,600,-1,O,28,0,0,13.597496032714844,1.9463732242584229,0.42675259709358215,600,2.349724983330816,0,0
20,600,-1,O,28,0,1,14.634281158447266,1.8767940998077393,0.34902286529541016,600,2.349724983330816,0,0
20,600,-1,O,28,0,2,8.162862777709961,2.002533435821533,0.27181920409202576,600,2.349724983330816,0,0
20,600,-1,O,28,0,3,11.917947769165039,1.937497854232788,0.3628343939781189,600,2.349724983330816,0,0
20,600,-1,O,28,1,0,16.721824645996094,-0.16146522760391235,0.30614379048347473,600,2.3249915838241577,0,0
20,600,-1,O,28,1,1,12.063434600830078,-0.2550724744796753,0.3007083535194397,600,2.3249915838241577,0,0
20,600,-1,O,28,1,2,16.14695930480957,-0.30162763595581055,0.3648790121078491,600,2.3249915838241577,0,0
20,600,-1,O,28,1,3,19.622005462646484,-0.295856237411499,0.41474267840385437,600,2.3249915838241577,0,0
20,600,-1,O,29,0,0,4.0412797927856445,1.6425554752349854,0.2374880462884903,600,2.4741962533444166,0,0
20,600,-1,O,29,0,1,4.44003963470459,1.6337943077087402,0.3154054284095764,600,2.4741962533444166,0,0
20,600,-1,O,29,0,2,4.409505844116211,1.6161773204803467,0.3064907491207123,600,2.4741962533444166,0,0
20,600,-1,O,29,0,3,5.632015228271484,1.5911424160003662,0.3480517268180847,600,2.4741962533444166,0,0
20,600,-1,O,29,1,0,24.078847885131836,0.8169637322425842,0.40184006094932556,600,2.346772943623364,0,0
20,600,-1,O,29,1,1,18.49764060974121,0.902595579624176,0.3059316873550415,600,2.346772943623364,0,0
20,600,-1,O,29,1,2,13.89561653137207,0.6292442083358765,0.257104754447937,600,2.346772943623364,0,0
20,600,-1,O,29,1,3,29.32299041748047,0.9562457799911499,0.41547030210494995,600,2.346772943623364,0,0
20,600,-1,O,30,0,0,5.677286624908447,-0.15353310108184814,0.39672449231147766,600,2.3517105989158154,0,0
20,600,-1,O,30,0,1,4.888853549957275,-0.14784014225006104,0.3555854558944702,600,2.3517105989158154,0,0
20,600,-1,O,30,0,2,3.956131935119629,-0.16997355222702026,0.29726117849349976,600,2.3517105989158154,0,0
20,600,-1,O,30,0,3,6.030056476593018,-0.11959213018417358,0.42460471391677856,600,2.3517105989158154,0,0
20,600,-1,O,30,1,0,5.2399396896362305,0.01799190044403076,0.48310455679893494,600,2.268709792289883,0,0
20,600,-1,O,30,1,1,3.3414108753204346,0.042624711990356445,0.31953638792037964,600,2.268709792289883,0,0
20,600,-1,O,30,1,2,6.3470563888549805,0.02769380807876587,0.4814620912075043,600,2.268709792289883,0,0
20,600,-1,O,30,1,3,4.630431652069092,0.039488017559051514,0.436495840549469,600,2.268709792289883,0,0
20,600,-1,O,31,0,0,8.91069507598877,-0.6633135080337524,0.41177040338516235,600,2.264858169015497,0,0
20,600,-1,O,31,0,1,6.062234878540039,-0.5534778833389282,0.31190216541290283,600,2.264858169015497,0,0
20,600,-1,O,31,0,2,9.36136245727539,-0.615522027015686,0.39481958746910095,600,2.264858169015497,0,0
20,600,-1,O,31,0,3,4.750014781951904,-0.5325930118560791,0.29877468943595886,600,2.264858169015497,0,0
20,600,-1,O,31,1,0,1.031912088394165,-2.531371593475342,0.384888619184494,600,2.3435587086714804,0,0
20,600,-1,O,31,1,1,1.4118194580078125,-2.5695738792419434,0.4326232373714447,600,2.3435587086714804,0,0
20,600,-1,O,31,1,2,0.6384313106536865,-2.56976056098938,0.3279869556427002,600,2.3435587086714804,0,0
20,600,-1,O,31,1,3,1.8410489559173584,-2.5612094402313232,0.38078877329826355,600,2.3435587086714804,0,0
20,600,-1,O,32,0,0,3.1538124084472656,1.4300180673599243,0.40809187293052673,600,2.2792939823120832,0,0
20,600,-1,O,32,0,1,3.2380013465881348,1.4065499305725098,0.44643041491508484,600,2.2792939823120832,0,0
20,600,-1,O,32,0,2,3.2275748252868652,1.4078929424285889,0.4137861728668213,600,2.2792939823120832,0,0
20,600,-1,O,32,0,3,3.0142459869384766,1.4131394624710083,0.3861810863018036,600,2.2792939823120832,0,0
20,600,-1,O,32,1,0,0.42813873291015625,-1.519641399383545,0.3950609564781189,600,2.347622583154589,0,0
20,600,-1,O,32,1,1,0.8264865875244141,-1.4985592365264893,0.44410407543182373,600,2.347622583154589,0,0
20,600,-1,O,32,1,2,0.05680835247039795,-1.5262508392333984,0.3845471739768982,600,2.347622583154589,0,0
20,600,-1,O,32,1,3,0.44178831577301025,-1.5378718376159668,0.4071209728717804,600,2.347622583154589,0,0
20,600,-1,O,33,0,0,14.345513343811035,-0.7951006889343262,0.42716044187545776,600,2.355857681017369,0,0
20,600,-1,O,33,0,1,12.549213409423828,-0.7555723190307617,0.3656313121318817,600,2.355857681017369,0,0
20,600,-1,O,33,0,2,13.271303176879883,-0.7738678455352783,0.4112415611743927,600,2.355857681017369,0,0
20,600,-1,O,33,0,3,10.19975471496582,-0.7748552560806274,0.29526662826538086,600,2.355857681017369,0,0
20,600,-1,O,33,1,0,10.56872844696045,-1.6482024192810059,0.33510246872901917,600,2.4417356867343187,0,0
20,600,-1,O,33,1,1,15.7715425491333,-1.6488111019134521,0.4485587775707245,600,2.4417356867343187,0,0
20,600,-1,O,33,1,2,6.4267730712890625,-1.6338967084884644,0.23988723754882812,600,2.4417356867343187,0,0
20,600,-1,O,33,1,3,7.065814971923828,-1.542167067527771,0.2617957592010498,600,2.4417356867343187,0,0
20,600,-1,O,34,0,0,10.132965087890625,-0.7721829414367676,0.3468967378139496,600,2.3939697286114097,0,0
20,600,-1,O,34,0,1,10.871257781982422,-0.7526832818984985,0.41017353534698486,600,2.3939697286114097,0,0
20,600,-1,O,34,0,2,7.772588729858398,-0.6786439418792725,0.288100004196167,600,2.3939697286114097,0,0
20,600,-1,O,34,0,3,7.215791702270508,-0.7859237790107727,0.3133426308631897,600,2.3939697286114097,0,0
20,600,-1,O,34,1,0,12.669550895690918,-1.357016682624817,0.3740672171115875,600,2.448658750858158,0,0
20,600,-1,O,34,1,1,12.413495063781738,-1.3629026412963867,0.3597710132598877,600,2.448658750858158,0,0
20,600,-1,O,34,1,2,12.840325355529785,-1.3742201328277588,0.42566120624542236,600,2.448658750858158,0,0
20,600,-1,O,34,1,3,11.239214897155762,-1.335012435913086,0.4231049120426178,600,2.448658750858158,0,0
20,600,-1,O,35,0,0,10.644721984863281,-0.4499228894710541,0.3104214072227478,600,2.236235833261162,0,0
20,600,-1,O,35,0,1,11.737405776977539,-0.45586055517196655,0.31692078709602356,600,2.236235833261162,0,0
20,600,-1,O,35,0,2,12.874576568603516,-0.2578528821468353,0.3200456202030182,600,2.236235833261162,0,0
20,600,-1,O,35,0,3,15.302297592163086,-0.384522020816803,0.3588103652000427,600,2.236235833261162,0,0
20,600,-1,O,35,1,0,8.239784240722656,1.2870137691497803,0.48533105850219727,600,2.41603915207088,0,0
20,600,-1,O,35,1,1,6.9686994552612305,1.3286267518997192,0.35940811038017273,600,2.41603915207088,0,0
20,600,-1,O,35,1,2,4.019465446472168,1.2888075113296509,0.21190936863422394,600,2.41603915207088,0,0
20,600,-1,O,35,1,3,5.452553749084473,1.3075525760650635,0.3353024423122406,600,2.41603915207088,0,0
20,600,0,F,0,0,0,9.268180847167969,1.9186190366744995,0.5728111863136292,600,2.7370066442526877,207,0
20,600,0,F,0,0,1,8.467914581298828,1.9081463813781738,0.5272989869117737,600,2.7370066442526877,217,0
20,600,0,F,0,0,2,8.411083221435547,1.9140185117721558,0.516693115234375,600,2.7370066442526877,220,0
20,600,0,F,0,0,3,6.892848491668701,1.9458792209625244,0.47746777534484863,600,2.7370066442526877,232,0
20,600,0,F,0,1,0,12.757590293884277,-0.37056171894073486,0.5455650687217712,600,2.9140978138893843,231,0
20,600,0,F,0,1,1,9.30138111114502,-0.38018548488616943,0.44326072931289673,600,2.9140978138893843,244,0
20,600,0,F,0,1,2,9.509711265563965,-0.35689637064933777,0.4677232801914215,600,2.9140978138893843,223,0
20,600,0,F,0,1,3,10.085358619689941,-0.3551710546016693,0.5026503801345825,600,2.9140978138893843,235,0
20,600,0,F,1,0,0,14.108827590942383,2.0510597229003906,0.5664459466934204,600,2.8232248798012733,228,0
20,600,0,F,1,0,1,12.53827953338623,2.008272171020508,0.5028541088104248,600,2.8232248798012733,240,0
20,600,0,F,1,0,2,11.353808403015137,2.0608127117156982,0.43714454770088196,600,2.8232248798012733,240,0
20,600,0,F,1,0,3,10.700164794921875,1.9885057210922241,0.4301377236843109,600,2.8232248798012733,240,0
20,600,0,F,1,1,0,4.537968635559082,-0.3693862557411194,0.48301786184310913,600,2.9480365640483797,223,0
20,600,0,F,1,1,1,3.966437578201294,-0.36561906337738037,0.4532374143600464,600,2.9480365640483797,236,0
20,600,0,F,1,1,2,6.827901840209961,-0.36644837260246277,0.5539693236351013,600,2.9480365640483797,238,0
20,600,0,F,1,1,3,5.098812103271484,-0.36178404092788696,0.5575911402702332,600,2.9480365640483797,241,0
20,600,0,F,2,0,0,11.329084396362305,0.029673650860786438,0.44867271184921265,600,2.8804613007232547,224,0
20,600,0,F,2,0,1,12.832437515258789,0.07316811382770538,0.4620010256767273,600,2.8804613007232547,203,0
20,600,0,F,2,0,2,11.705644607543945,0.10483738780021667,0.5130640864372253,600,2.8804613007232547,224,0
20,600,0,F,2,0,3,13.666425704956055,0.0392879843711853,0.5147563219070435,600,2.8804613007232547,228,0
20,600,0,F,2,1,0,7.616372585296631,-1.426706314086914,0.4546794891357422,600,2.8810284291394055,218,0
20,600,0,F,2,1,1,5.684296131134033,-1.4272302389144897,0.3690549433231354,600,2.8810284291394055,236,0
20,600,0,F,2,1,2,8.090076446533203,-1.4688777923583984,0.473003625869751,600,2.8810284291394055,204,0
20,600,0,F,2,1,3,5.809021949768066,-1.4437999725341797,0.367355078458786,600,2.8810284291394055,213,0
20,600,0,F,3,0,0,31.34212875366211,1.7124625444412231,0.40198278427124023,600,2.84403890511021,240,0
20,600,0,F,3,0,1,30.834346771240234,1.7794532775878906,0.38212326169013977,600,2.84403890511021,239,0
20,600,0,F,3,0,2,34.11967086791992,1.7545210123062134,0.47325921058654785,600,2.84403890511021,237,0
20,600,0,F,3,0,3,24.64101791381836,1.8088159561157227,0.33067062497138977,600,2.84403890511021,238,0
20,600,0,F,3,1,0,14.17695140838623,-0.7469017505645752,0.2339402139186859,600,2.8183625950478017,223,0
20,600,0,F,3,1,1,10.868550300598145,-0.7416858077049255,0.2600472867488861,600,2.8183625950478017,234,0
20,600,0,F,3,1,2,13.00742244720459,-0.6873396635055542,0.29073449969291687,600,2.8183625950478017,232,0
20,600,0,F,3,1,3,18.347496032714844,-0.706251323223114,0.3385113477706909,600,2.8183625950478017,222,0
20,600,0,F,4,0,0,11.664019584655762,1.9848220348358154,0.2857884168624878,600,3.035559806972742,216,0
20,600,0,F,4,0,1,11.101280212402344,1.9827991724014282,0.2497033178806305,600,3.035559806972742,223,0
20,600,0,F,4,0,2,17.411903381347656,1.986221194267273,0.3871755301952362,600,3.035559806972742,215,0
20,600,0,F,4,0,3,16.005491256713867,2.1567904949188232,0.32168781757354736,600,3.035559806972742,225,0
20,600,0,F,4,1,0,4.298184394836426,-1.6568657159805298,0.331153005361557,600,3.010138737037778,210,0
20,600,0,F,4,1,1,7.973040580749512,-1.6757210493087769,0.4805377125740051,600,3.010138737037778,226,0
20,600,0,F,4,1,2,5.459632873535156,-1.6730830669403076,0.4005168378353119,600,3.010138737037778,222,0
20,600,0,F,4,1,3,6.959650039672852,-1.6439039707183838,0.36566153168678284,600,3.010138737037778,222,0
20,600,0,F,5,0,0,8.26202392578125,1.9207301139831543,0.4226948618888855,600,3.0519078471697867,200,0
20,600,0,F,5,0,1,7.465131759643555,1.9123518466949463,0.3498041331768036,600,3.0519078471697867,219,0
20,600,0,F,5,0,2,9.499939918518066,1.9165401458740234,0.46587783098220825,600,3.0519078471697867,238,0
20,600,0,F,5,0,3,8.96641731262207,1.9112797975540161,0.37708398699760437,600,3.0519078471697867,223,0
20,600,0,F,5,1,0,15.990455627441406,-0.872381329536438,0.39870864152908325,600,2.950838420074433,232,0
20,600,0,F,5,1,1,12.651693344116211,-0.8408357501029968,0.36264219880104065,600,2.950838420074433,224,0
20,600,0,F,5,1,2,9.445605278015137,-0.8203368782997131,0.29862892627716064,600,2.950838420074433,230,0
20,600,0,F,5,1,3,16.38580894470215,-0.8422051668167114,0.39972978830337524,600,2.950838420074433,215,0
20,600,0,F,6,0,0,26.61004066467285,-0.658846378326416,0.25763437151908875,600,2.937224161811173,219,0
20,600,0,F,6,0,1,31.679576873779297,-0.8170747756958008,0.27421680092811584,600,2.937224161811173,219,0
20,600,0,F,6,0,2,40.66617202758789,-0.8609352111816406,0.3311826288700104,600,2.937224161811173,234,0
20,600,0,F,6,0,3,32.44700241088867,-0.7453888058662415,0.2945254445075989,600,2.937224161811173,214,0
20,600,0,F,6,1,0,18.161739349365234,0.6548182368278503,0.1871984750032425,600,2.8111093579791486,206,0
20,600,0,F,6,1,1,22.529438018798828,0.7072533369064331,0.22016455233097076,600,2.8111093579791486,207,0
20,600,0,F,6,1,2,26.499223709106445,0.7714980244636536,0.27600008249282837,600,2.8111093579791486,224,0
20,600,0,F,6,1,3,30.976787567138672,0.657833456993103,0.26098373532295227,600,2.8111093579791486,215,0
20,600,0,F,7,0,0,13.433576583862305,1.4365787506103516,0.22819846868515015,600,2.9292696830816567,218,0
20,600,0,F,7,0,1,17.93805694580078,1.3849596977233887,0.30705180764198303,600,2.9292696830816567,204,0
20,600,0,F,7,0,2,14.884125709533691,1.5520894527435303,0.22538602352142334,600,2.9292696830816567,217,0
20,600,0,F,7,0,3,9.677839279174805,1.4137943983078003,0.16219376027584076,600,2.9292696830816567,211,0
20,600,0,F,7,1,0,21.719783782958984,0.4369962215423584,0.41789746284484863,600,2.922859188169241,224,0
20,600,0,F,7,1,1,12.011616706848145,0.4676598012447357,0.25364699959754944,600,2.922859188169241,222,0
20,600,0,F,7,1,2,13.937983512878418,0.48002687096595764,0.2585916221141815,600,2.922859188169241,231,0
20,600,0,F,7,1,3,14.306577682495117,0.4758680462837219,0.3005297780036926,600,2.922859188169241,230,0
20,600,0,F,8,0,0,4.504683017730713,0.3808749318122864,0.10370463132858276,600,3.038235498126596,218,0
20,600,0,F,8,0,1,10.148760795593262,0.46447116136550903,0.20243839919567108,600,3.038235498126596,239,0
20,600,0,F,8,0,2,6.569416522979736,0.4636611342430115,0.16474729776382446,600,3.038235498126596,231,0
20,600,0,F,8,0,3,12.305617332458496,0.44123563170433044,0.27104029059410095,600,3.038235498126596,218,0
20,600,0,F,8,1,0,14.925996780395508,1.8717970848083496,0.2812168598175049,600,2.7765914821065962,235,0
20,600,0,F,8,1,1,9.749479293823242,1.8319967985153198,0.2185593545436859,600,2.7765914821065962,240,0
20,600,0,F,8,1,2,8.042329788208008,1.840417504310608,0.1462332308292389,600,2.7765914821065962,243,0
20,600,0,F,8,1,3,11.234466552734375,1.842276692390442,0.24562838673591614,600,2.7765914821065962,222,0
20,600,0,F,9,0,0,9.22131061553955,1.8616633415222168,0.27352413535118103,600,2.8656691596843302,242,0
20,600,0,F,9,0,1,12.14574146270752,1.9863954782485962,0.28185632824897766,600,2.8656691596843302,238,0
20,600,0,F,9,0,2,13.052593231201172,2.0781054496765137,0.28675562143325806,600,2.8656691596843302,242,0
20,600,0,F,9,0,3,9.039137840270996,2.016364812850952,0.21426457166671753,600,2.8656691596843302,235,0
20,600,0,F,9,1,0,15.779260635375977,1.7065602540969849,0.2802828550338745,600,2.826671402901411,215,0
20,600,0,F,9,1,1,10.593145370483398,1.9172929525375366,0.19384056329727173,600,2.826671402901411,218,0
20,600,0,F,9,1,2,19.884187698364258,1.8917025327682495,0.3348630964756012,600,2.826671402901411,225,0
20,600,0,F,9,1,3,11.103632926940918,1.7389990091323853,0.21963535249233246,600,2.826671402901411,234,0
20,600,0,F,10,0,0,19.882137298583984,-0.17533588409423828,0.3623298108577728,600,2.9418170019052923,235,0
20,600,0,F,10,0,1,15.620132446289062,-0.3632080554962158,0.2977590262889862,600,2.9418170019052923,239,0
20,600,0,F,10,0,2,14.99620246887207,-0.3972374200820923,0.3149282932281494,600,2.9418170019052923,240,0
20,600,0,F,10,0,3,23.970731735229492,-0.4799126386642456,0.4195632040500641,600,2.9418170019052923,239,0
20,600,0,F,10,1,0,9.671875953674316,-1.0090000629425049,0.31350141763687134,600,2.9291667779907584,228,0
20,600,0,F,10,1,1,5.6640119552612305,-1.1402976512908936,0.20805998146533966,600,2.9291667779907584,233,0
20,600,0,F,10,1,2,8.702988624572754,-1.0293471813201904,0.31592613458633423,600,2.9291667779907584,215,0
20,600,0,F,10,1,3,8.646261215209961,-1.1987589597702026,0.32115551829338074,600,2.9291667779907584,218,0
20,600,0,F,11,0,0,1.8871660232543945,-1.3904685974121094,0.33332955837249756,600,3.0870664711110294,209,0
20,600,0,F,11,0,1,2.0852367877960205,-1.3770188093185425,0.34818997979164124,600,3.0870664711110294,237,0
20,600,0,F,11,0,2,0.5133988857269287,-1.344090223312378,0.22523468732833862,600,3.0870664711110294,234,0
20,600,0,F,11,0,3,1.0959296226501465,-1.3076316118240356,0.28591859340667725,600,3.0870664711110294,234,0
20,600,0,F,11,1,0,3.719280242919922,-0.7710652351379395,0.23480291664600372,600,3.09223658638075,237,0
20,600,0,F,11,1,1,6.505157470703125,0.05999171733856201,0.32643499970436096,600,3.09223658638075,241,0
20,600,0,F,11,1,2,5.182920932769775,-0.7992706894874573,0.314555823802948,600,3.09223658638075,240,0
20,600,0,F,11,1,3,9.371870994567871,-0.48960214853286743,0.44470545649528503,600,3.09223658638075,239,0
20,600,0,F,12,0,0,-0.6429194808006287,-1.4751631021499634,0.7346003651618958,600,3.1389750852249563,240,0
20,600,0,F,12,0,1,-0.7491077184677124,-1.4831080436706543,0.706086277961731,600,3.1389750852249563,244,0
20,600,0,F,12,0,2,-0.8350474238395691,-1.4729591608047485,0.6758584380149841,600,3.1389750852249563,240,0
20,600,0,F,12,0,3,-0.6939939260482788,-1.4344911575317383,0.7031708359718323,600,3.1389750852249563,239,0
20,600,0,F,12,1,0,1.7988674640655518,-1.669856071472168,0.6920480728149414,600,3.099820404779166,245,0
20,600,0,F,12,1,1,1.7945311069488525,-1.2712651491165161,0.6951082348823547,600,3.099820404779166,241,0
20,600,0,F,12,1,2,2.194581985473633,-1.5796328783035278,0.763786256313324,600,3.099820404779166,240,0
20,600,0,F,12,1,3,1.7932298183441162,-1.6470009088516235,0.7275880575180054,600,3.099820404779166,240,0
20,600,0,F,13,0,0,3.61972975730896,1.7849937677383423,0.6628575325012207,600,2.9913975750096142,226,0
20,600,0,F,13,0,1,4.0512285232543945,1.8695346117019653,0.685274064540863,600,2.9913975750096142,233,0
20,600,0,F,13,0,2,3.6137566566467285,1.909702181816101,0.6362791061401367,600,2.9913975750096142,233,0
20,600,0,F,13,0,3,3.6141934394836426,1.7577521800994873,0.627773106098175,600,2.9913975750096142,221,0
20,600,0,F,13,1,0,2.058302402496338,1.237634539604187,0.6081985235214233,600,2.9844210473820567,226,0
20,600,0,F,13,1,1,2.174447536468506,1.2203364372253418,0.6399380564689636,600,2.9844210473820567,218,0
20,600,0,F,13,1,2,2.2043166160583496,1.2854468822479248,0.6824753284454346,600,2.9844210473820567,217,0
20,600,0,F,13,1,3,2.1594924926757812,1.2837082147598267,0.6501611471176147,600,2.9844210473820567,230,0
20,600,0,F,14,0,0,4.856734275817871,1.3211543560028076,0.6410759091377258,600,2.9222437972202897,224,0
20,600,0,F,14,0,1,4.970536231994629,1.113867163658142,0.6474329829216003,600,2.9222437972202897,224,0
20,600,0,F,14,0,2,4.046027183532715,0.8387292623519897,0.5899984836578369,600,2.9222437972202897,230,0
20,600,0,F,14,0,3,4.469343185424805,1.1314845085144043,0.621110200881958,600,2.9222437972202897,222,0
20,600,0,F,14,1,0,-0.19248437881469727,-1.883339762687683,0.5906022787094116,600,3.054009788669646,219,0
20,600,0,F,14,1,1,0.1011422872543335,-1.8335652351379395,0.6723380088806152,600,3.054009788669646,226,0
20,600,0,F,14,1,2,-0.03319978713989258,-1.6738322973251343,0.6180261969566345,600,3.054009788669646,230,0
20,600,0,F,14,1,3,-0.13625431060791016,-1.7057771682739258,0.6002042293548584,600,3.054009788669646,219,0
20,600,0,F,15,0,0,0.16026026010513306,-4.162087440490723,0.8623707890510559,600,3.151477489154786,227,0
20,600,0,F,15,0,1,0.36825597286224365,-4.1294965744018555,0.8706149458885193,600,3.151477489154786,229,0
20,600,0,F,15,0,2,0.1191205382347107,-4.159821510314941,0.8793917894363403,600,3.151477489154786,236,0
20,600,0,F,15,0,3,-0.06006801128387451,-4.160719871520996,0.8640461564064026,600,3.151477489154786,237,0
20,600,0,F,15,1,0,0.36202651262283325,-1.4461424350738525,0.8792375326156616,600,3.145096574909985,226,0
20,600,0,F,15,1,1,0.39238953590393066,-1.4933130741119385,0.8710460066795349,600,3.145096574909985,239,0
20,600,0,F,15,1,2,0.2556845545768738,-1.4447599649429321,0.8666793704032898,600,3.145096574909985,235,0
20,600,0,F,15,1,3,0.08024144172668457,-1.4927754402160645,0.8289112448692322,600,3.145096574909985,241,0
20,600,0,F,16,0,0,-0.428364634513855,-2.558687210083008,0.8512058258056641,600,3.129519170150161,243,0
20,600,0,F,16,0,1,-0.8307321667671204,-2.566284656524658,0.842631459236145,600,3.129519170150161,237,0
20,600,0,F,16,0,2,-0.688959002494812,-2.489551305770874,0.8269580602645874,600,3.129519170150161,234,0
20,600,0,F,16,0,3,-0.5822317600250244,-2.544121026992798,0.8480086922645569,600,3.129519170150161,235,0
20,600,0,F,16,1,0,-1.700178623199463,-2.499454975128174,0.8313112854957581,600,3.1170656220056117,228,0
20,600,0,F,16,1,1,-1.65159010887146,-2.525728464126587,0.8597537279129028,600,3.1170656220056117,222,0
20,600,0,F,16,1,2,-1.6830289363861084,-2.5416371822357178,0.855591893196106,600,3.1170656220056117,242,0
20,600,0,F,16,1,3,-1.6808348894119263,-2.5071184635162354,0.8458797335624695,600,3.1170656220056117,226,0
20,600,0,F,17,0,0,1.1177902221679688,0.5350340604782104,0.7644882798194885,600,3.0848897472023964,232,0
20,600,0,F,17,0,1,1.15616774559021,0.4852553606033325,0.7944047451019287,600,3.0848897472023964,228,0
20,600,0,F,17,0,2,1.162825107574463,0.47998046875,0.7917880415916443,600,3.0848897472023964,220,0
20,600,0,F,17,0,3,1.1393401622772217,0.4863722622394562,0.7740110754966736,600,3.0848897472023964,238,0
20,600,0,F,17,1,0,-0.0437244176864624,-3.6845765113830566,0.7575704455375671,600,3.1899119168519974,239,0
20,600,0,F,17,1,1,0.282055139541626,-3.583512306213379,0.8227652907371521,600,3.1899119168519974,240,0
20,600,0,F,17,1,2,0.06983470916748047,-3.638556718826294,0.7816361784934998,600,3.1899119168519974,240,0
20,600,0,F,17,1,3,0.31808435916900635,-3.644862651824951,0.8095270395278931,600,3.1899119168519974,240,0
20,600,0,F,18,0,0,1.0592721700668335,-1.7708320617675781,0.5134021043777466,600,2.820951365865767,231,0
20,600,0,F,18,0,1,1.547012448310852,-1.755910038948059,0.5762081742286682,600,2.820951365865767,238,0
20,600,0,F,18,0,2,1.0097144842147827,-1.7706429958343506,0.5100221633911133,600,2.820951365865767,243,0
20,600,0,F,18,0,3,0.684126615524292,-1.769400954246521,0.485893577337265,600,2.820951365865767,230,0
20,600,0,F,18,1,0,0.945274829864502,-0.6394932866096497,0.5565148591995239,600,2.8821989968419075,227,0
20,600,0,F,18,1,1,0.6483034491539001,-0.6295629143714905,0.5007376074790955,600,2.8821989968419075,234,0
20,600,0,F,18,1,2,0.7073157429695129,-0.6341741681098938,0.45999956130981445,600,2.8821989968419075,214,0
20,600,0,F,18,1,3,0.9857264757156372,-0.6251803636550903,0.5018380284309387,600,2.8821989968419075,230,0
20,600,0,F,19,0,0,5.884248733520508,-1.754798412322998,0.47647297382354736,600,3.049139655660838,241,0
20,600,0,F,19,0,1,6.482381820678711,-1.67765474319458,0.5323955416679382,600,3.049139655660838,245,0
20,600,0,F,19,0,2,3.8034849166870117,-1.746204137802124,0.4407351016998291,600,3.049139655660838,244,0
20,600,0,F,19,0,3,5.20123291015625,-1.687513828277588,0.4688946008682251,600,3.049139655660838,241,0
20,600,0,F,19,1,0,9.659049987792969,-1.4875743389129639,0.5988462567329407,600,2.849652383942157,234,0
20,600,0,F,19,1,1,6.938770771026611,-1.3516736030578613,0.4743632674217224,600,2.849652383942157,221,0
20,600,0,F,19,1,2,8.370745658874512,-1.5127687454223633,0.5207429528236389,600,2.849652383942157,223,0
20,600,0,F,19,1,3,8.03619384765625,-1.520669937133789,0.5277377367019653,600,2.849652383942157,219,0
20,600,0,F,20,0,0,3.311030387878418,-0.9301455020904541,0.522695779800415,600,2.9182542422786355,242,0
20,600,0,F,20,0,1,3.242724895477295,-0.8454371690750122,0.5072823166847229,600,2.9182542422786355,243,0
20,600,0,F,20,0,2,2.6527583599090576,-0.8024852275848389,0.4663851857185364,600,2.9182542422786355,241,0
20,600,0,F,20,0,3,2.4516329765319824,-0.9478614330291748,0.4694729447364807,600,2.9182542422786355,227,0
20,600,0,F,20,1,0,1.6023926734924316,-3.87243390083313,0.518204391002655,600,2.9921443602070212,235,0
20,600,0,F,20,1,1,1.1889114379882812,-4.086514949798584,0.47654786705970764,600,2.9921443602070212,227,0
20,600,0,F,20,1,2,2.9901373386383057,-4.070554256439209,0.5024950504302979,600,2.9921443602070212,225,0
20,600,0,F,20,1,3,1.3809013366699219,-3.9706804752349854,0.5027260184288025,600,2.9921443602070212,197,0
20,600,0,F,21,0,0,0.46212494373321533,-1.4114956855773926,0.6769981384277344,600,2.991464337334037,235,0
20,600,0,F,21,0,1,0.15289413928985596,-1.421866536140442,0.6512197256088257,600,2.991464337334037,228,0
20,600,0,F,21,0,2,1.0212726593017578,-1.472048282623291,0.7466127276420593,600,2.991464337334037,228,0
20,600,0,F,21,0,3,0.4810326099395752,-1.5054166316986084,0.6612718105316162,600,2.991464337334037,229,0
20,600,0,F,21,1,0,3.716449737548828,1.8097805976867676,0.7547025680541992,600,2.927798117045313,237,0
20,600,0,F,21,1,1,3.26900053024292,1.8242697715759277,0.671293318271637,600,2.927798117045313,236,0
20,600,0,F,21,1,2,3.6735219955444336,1.8025447130203247,0.723198413848877,600,2.927798117045313,235,0
20,600,0,F,21,1,3,2.978513240814209,1.8332806825637817,0.6004773378372192,600,2.927798117045313,242,0
20,600,0,F,22,0,0,0.03083980083465576,-0.8840522766113281,0.6436975002288818,600,3.1316106817685068,241,0
20,600,0,F,22,0,1,-0.050605952739715576,-0.8897809386253357,0.6490909457206726,600,3.1316106817685068,244,0
20,600,0,F,22,0,2,0.06752771139144897,-0.8963519334793091,0.6867398023605347,600,3.1316106817685068,235,0
20,600,0,F,22,0,3,0.24607670307159424,-0.877281129360199,0.7223374843597412,600,3.1316106817685068,243,0
20,600,0,F,22,1,0,3.0932068824768066,-0.7976173758506775,0.70783531665802,600,2.963064953684807,223,0
20,600,0,F,22,1,1,2.769551992416382,-0.9142341613769531,0.696378767490387,600,2.963064953684807,220,0
20,600,0,F,22,1,2,2.637209892272949,-0.9246701002120972,0.6838136911392212,600,2.963064953684807,224,0
20,600,0,F,22,1,3,2.8790688514709473,-0.9431865215301514,0.6799337267875671,600,2.963064953684807,229,0
20,600,0,F,23,0,0,3.1784818172454834,1.7568362951278687,0.5957185626029968,600,3.048132318072021,245,0
20,600,0,F,23,0,1,2.639061212539673,1.790741205215454,0.5020655989646912,600,3.048132318072021,236,0
20,600,0,F,23,0,2,3.1238057613372803,1.7761937379837036,0.5466970801353455,600,3.048132318072021,244,0
20,600,0,F,23,0,3,3.1010241508483887,1.732763648033142,0.5545040369033813,600,3.048132318072021,240,0
20,600,0,F,23,1,0,2.1201882362365723,0.15772107243537903,0.6294881701469421,600,3.1216373713687062,234,0
20,600,0,F,23,1,1,2.3148772716522217,0.11671072244644165,0.6737052202224731,600,3.1216373713687062,224,0
20,600,0,F,23,1,2,1.8283836841583252,0.3050976097583771,0.5339033007621765,600,3.1216373713687062,220,0
20,600,0,F,23,1,3,1.9414035081863403,0.2784704267978668,0.5631246566772461,600,3.1216373713687062,237,0
20,600,0,F,24,0,0,7.536741256713867,1.7362009286880493,0.2828828990459442,600,2.987008451949805,229,0
20,600,0,F,24,0,1,6.957164764404297,1.675790548324585,0.2792377471923828,600,2.987008451949805,237,0
20,600,0,F,24,0,2,7.454995155334473,1.6727908849716187,0.30556565523147583,600,2.987008451949805,226,0
20,600,0,F,24,0,3,5.857394218444824,1.7016735076904297,0.242268368601799,600,2.987008451949805,227,0
20,600,0,F,24,1,0,4.170969009399414,-0.8682092428207397,0.3483954071998596,600,2.9749671542085707,238,0
20,600,0,F,24,1,1,3.1101577281951904,-0.857475996017456,0.32316210865974426,600,2.9749671542085707,242,0
20,600,0,F,24,1,2,2.754803419113159,-0.8655449151992798,0.30412381887435913,600,2.9749671542085707,239,0
20,600,0,F,24,1,3,4.859530448913574,-0.7699138522148132,0.38215339183807373,600,2.9749671542085707,234,0
20,600,0,F,25,0,0,3.3367128372192383,0.3863326907157898,0.2948276698589325,600,2.979417488910258,242,0
20,600,0,F,25,0,1,4.068171977996826,0.34334278106689453,0.332171767950058,600,2.979417488910258,243,0
20,600,0,F,25,0,2,3.6948890686035156,0.30951380729675293,0.321336030960083,600,2.979417488910258,243,0
20,600,0,F,25,0,3,2.6363768577575684,0.36400508880615234,0.22605687379837036,600,2.979417488910258,241,0
20,600,0,F,25,1,0,15.610319137573242,1.9586396217346191,0.44143998622894287,600,2.93030457617715,238,0
20,600,0,F,25,1,1,12.766303062438965,2.2138447761535645,0.3750664293766022,600,2.93030457617715,241,0
20,600,0,F,25,1,2,12.769890785217285,2.221285343170166,0.39356082677841187,600,2.93030457617715,242,0
20,600,0,F,25,1,3,13.68411922454834,2.0405075550079346,0.41886764764785767,600,2.93030457617715,240,0
20,600,0,F,26,0,0,4.9614458084106445,1.9362317323684692,0.3731852173805237,600,2.997815726790577,240,0
20,600,0,F,26,0,1,4.402622699737549,1.969725251197815,0.30033940076828003,600,2.997815726790577,236,0
20,600,0,F,26,0,2,4.670346260070801,2.0030136108398438,0.3114519715309143,600,2.997815726790577,238,0
20,600,0,F,26,0,3,4.915213584899902,1.995943546295166,0.37154197692871094,600,2.997815726790577,237,0
20,600,0,F,26,1,0,3.215507745742798,-0.0763716846704483,0.285803884267807,600,2.9798862729221582,225,0
20,600,0,F,26,1,1,3.2463724613189697,-0.04524296522140503,0.3322162628173828,600,2.9798862729221582,236,0
20,600,0,F,26,1,2,4.035042762756348,-0.10319381952285767,0.37716376781463623,600,2.9798862729221582,226,0
20,600,0,F,26,1,3,4.174732685089111,-0.04916656017303467,0.3151695430278778,600,2.9798862729221582,226,0
20,600,0,F,27,0,0,8.455286026000977,0.45881515741348267,0.41639235615730286,600,3.0862002661451697,210,0
20,600,0,F,27,0,1,6.1298675537109375,0.3528735339641571,0.2946627140045166,600,3.0862002661451697,225,0
20,600,0,F,27,0,2,8.379063606262207,0.39942502975463867,0.38121259212493896,600,3.0862002661451697,225,0
20,600,0,F,27,0,3,6.290949821472168,0.35857516527175903,0.260694295167923,600,3.0862002661451697,226,0
20,600,0,F,27,1,0,35.09771728515625,2.504547595977783,0.3682941794395447,600,3.1232530646957457,211,0
20,600,0,F,27,1,1,15.824234962463379,3.100529670715332,0.1829032301902771,600,3.1232530646957457,233,0
20,600,0,F,27,1,2,17.342388153076172,2.5252480506896973,0.20056265592575073,600,3.1232530646957457,233,0
20,600,0,F,27,1,3,31.87176513671875,2.5252044200897217,0.381205290555954,600,3.1232530646957457,233,0
20,600,0,F,28,0,0,13.597496032714844,1.8698537349700928,0.42835474014282227,600,3.1908523198217154,240,0
20,600,0,F,28,0,1,14.634281158447266,1.916969895362854,0.3483065366744995,600,3.1908523198217154,234,0
20,600,0,F,28,0,2,8.162862777709961,2.0089566707611084,0.2716127634048462,600,3.1908523198217154,217,0
20,600,0,F,28,0,3,11.917947769165039,1.9159104824066162,0.363334059715271,600,3.1908523198217154,242,0
20,600,0,F,28,1,0,16.721824645996094,-0.212660014629364,0.30678731203079224,600,3.130017951130867,211,0
20,600,0,F,28,1,1,12.063434600830078,-0.16659414768218994,0.29919472336769104,600,3.130017951130867,223,0
20,600,0,F,28,1,2,16.14695930480957,-0.2670286297798157,0.36439117789268494,600,3.130017951130867,211,0
20,600,0,F,28,1,3,19.622005462646484,-0.27831465005874634,0.41452881693840027,600,3.130017951130867,232,0
20,600,0,F,29,0,0,4.0412797927856445,1.622510552406311,0.23899832367897034,600,3.1280028228648007,222,0
20,600,0,F,29,0,1,4.44003963470459,1.6532998085021973,0.31390130519866943,600,3.1280028228648007,202,0
20,600,0,F,29,0,2,4.409505844116211,1.6216115951538086,0.3060770034790039,600,3.1280028228648007,224,0
20,600,0,F,29,0,3,5.632015228271484,1.6533173322677612,0.3445415794849396,600,3.1280028228648007,225,0
20,600,0,F,29,1,0,24.078847885131836,0.863735556602478,0.40135639905929565,600,3.042225577868521,231,0
20,600,0,F,29,1,1,18.49764060974121,1.079004168510437,0.3037962317466736,600,3.042225577868521,221,0
20,600,0,F,29,1,2,13.89561653137207,0.802966833114624,0.2545951306819916,600,3.042225577868521,232,0
20,600,0,F,29,1,3,29.32299041748047,0.7901407480239868,0.41688889265060425,600,3.042225577868521,226,0
20,600,0,F,30,0,0,5.677286624908447,-0.13560223579406738,0.3959876298904419,600,2.991536000277847,231,0
20,600,0,F,30,0,1,4.888853549957275,-0.15639787912368774,0.35597455501556396,600,2.991536000277847,225,0
20,600,0,F,30,0,2,3.956131935119629,-0.16244620084762573,0.2968798577785492,600,2.991536000277847,221,0
20,600,0,F,30,0,3,6.030056476593018,-0.1601131558418274,0.4262100160121918,600,2.991536000277847,229,0
20,600,0,F,30,1,0,5.2399396896362305,0.041063010692596436,0.4819989502429962,600,2.8910057600587606,223,0
20,600,0,F,30,1,1,3.3414108753204346,0.04048049449920654,0.3196777105331421,600,2.8910057600587606,229,0
20,600,0,F,30,1,2,6.3470563888549805,0.048213422298431396,0.4806501269340515,600,2.8910057600587606,225,0
20,600,0,F,30,1,3,4.630431652069092,0.02413696050643921,0.4373170733451843,600,2.8910057600587606,231,0
20,600,0,F,31,0,0,8.91069507598877,-0.6094357967376709,0.4104042053222656,600,2.893290434964001,242,0
20,600,0,F,31,0,1,6.062234878540039,-0.5315815210342407,0.3111910820007324,600,2.893290434964001,240,0
20,600,0,F,31,0,2,9.36136245727539,-0.3370068073272705,0.388075053691864,600,2.893290434964001,242,0
20,600,0,F,31,0,3,4.750014781951904,-0.586667537689209,0.3009127080440521,600,2.893290434964001,243,0
20,600,0,F,31,1,0,1.031912088394165,-2.516801595687866,0.3839190602302551,600,2.837570748757571,225,0
20,600,0,F,31,1,1,1.4118194580078125,-2.5467095375061035,0.43121013045310974,600,2.837570748757571,241,0
20,600,0,F,31,1,2,0.6384313106536865,-2.559399366378784,0.327274352312088,600,2.837570748757571,244,0
20,600,0,F,31,1,3,1.8410489559173584,-2.54653263092041,0.3800016939640045,600,2.837570748757571,245,0
20,600,0,F,32,0,0,3.1538124084472656,1.450218915939331,0.4052475392818451,600,3.0073422016575933,239,0
20,600,0,F,32,0,1,3.2380013465881348,1.4188767671585083,0.4447620213031769,600,3.0073422016575933,241,0
20,600,0,F,32,0,2,3.2275748252868652,1.4105870723724365,0.41342684626579285,600,3.0073422016575933,244,0
20,600,0,F,32,0,3,3.0142459869384766,1.4102779626846313,0.3866044580936432,600,3.0073422016575933,240,0
20,600,0,F,32,1,0,0.42813873291015625,-1.5316523313522339,0.3965311050415039,600,2.8708082949742675,242,0
20,600,0,F,32,1,1,0.8264865875244141,-1.5153517723083496,0.4458813965320587,600,2.8708082949742675,239,0
20,600,0,F,32,1,2,0.05680835247039795,-1.521601676940918,0.3838513493537903,600,2.8708082949742675,243,0
20,600,0,F,32,1,3,0.44178831577301025,-1.5417776107788086,0.4075968563556671,600,2.8708082949742675,240,0
20,600,0,F,33,0,0,14.345513343811035,-0.7824966907501221,0.4269566535949707,600,3.0612634271383286,226,0
20,600,0,F,33,0,1,12.549213409423828,-0.7800765633583069,0.36605823040008545,600,3.0612634271383286,235,0
20,600,0,F,33,0,2,13.271303176879883,-0.7755532264709473,0.4112705886363983,600,3.0612634271383286,200,0
20,600,0,F,33,0,3,10.19975471496582,-0.7555716633796692,0.2949008047580719,600,3.0612634271383286,242,0
20,600,0,F,33,1,0,10.56872844696045,-1.660137414932251,0.3353200852870941,600,2.8791028526611626,230,0
20,600,0,F,33,1,1,15.7715425491333,-1.674278736114502,0.44892019033432007,600,2.8791028526611626,242,0
20,600,0,F,33,1,2,6.4267730712890625,-1.6746357679367065,0.2408076822757721,600,2.8791028526611626,231,0
20,600,0,F,33,1,3,7.065814971923828,-1.5395864248275757,0.26173779368400574,600,2.8791028526611626,241,0
20,600,0,F,34,0,0,10.132965087890625,-0.7222827672958374,0.3458583950996399,600,2.9882993032224476,242,0
20,600,0,F,34,0,1,10.871257781982422,-0.7391729950904846,0.4098922312259674,600,2.9882993032224476,244,0
20,600,0,F,34,0,2,7.772588729858398,-0.7259668707847595,0.2892465889453888,600,2.9882993032224476,244,0
20,600,0,F,34,0,3,7.215791702270508,-0.7812077403068542,0.31321579217910767,600,2.9882993032224476,246,0
20,600,0,F,34,1,0,12.669550895690918,-1.3843133449554443,0.37452253699302673,600,3.084207670763135,236,0
20,600,0,F,34,1,1,12.413495063781738,-1.360207438468933,0.3597259521484375,600,3.084207670763135,241,0
20,600,0,F,34,1,2,12.840325355529785,-1.3873862028121948,0.4258876144886017,600,3.084207670763135,234,0
20,600,0,F,34,1,3,11.239214897155762,-1.3166424036026,0.4227480888366699,600,3.084207670763135,243,0
20,600,0,F,35,0,0,10.644721984863281,-0.2786416709423065,0.3071008026599884,600,3.1545399860478938,244,0
20,600,0,F,35,0,1,11.737405776977539,-0.34593379497528076,0.31496354937553406,600,3.1545399860478938,242,0
20,600,0,F,35,0,2,12.874576568603516,-0.3683904707431793,0.32187241315841675,600,3.1545399860478938,237,0
20,600,0,F,35,0,3,15.302297592163086,-0.14150990545749664,0.3552263677120209,600,3.1545399860478938,240,0
20,600,0,F,35,1,0,8.239784240722656,1.2634508609771729,0.4861762225627899,600,3.110456525348127,226,0
20,600,0,F,35,1,1,6.9686994552612305,1.3334804773330688,0.35920989513397217,600,3.110456525348127,203,0
20,600,0,F,35,1,2,4.019465446472168,1.3092759847640991,0.21065552532672882,600,3.110456525348127,205,0
20,600,0,F,35,1,3,5.452553749084473,1.2810572385787964,0.33672404289245605,600,3.110456525348127,227,0
20,600,1,F,0,0,0,9.268180847167969,2.4782965183258057,0.5533272624015808,600,2.9829121828079224,37,0
20,600,1,F,0,0,1,8.467914581298828,2.3895909786224365,0.5082687735557556,600,2.9829121828079224,50,0
20,600,1,F,0,0,2,8.411083221435547,2.294949769973755,0.5015941262245178,600,2.9829121828079224,28,0
20,600,1,F,0,0,3,6.892848491668701,2.4203085899353027,0.4523925185203552,600,2.9829121828079224,43,0
20,600,1,F,0,1,0,12.757590293884277,-0.060152262449264526,0.53962641954422,600,2.8068868019618094,116,0
20,600,1,F,0,1,1,9.30138111114502,-0.058199793100357056,0.43493062257766724,600,2.8068868019618094,72,0
20,600,1,F,0,1,2,9.509711265563965,0.19669866561889648,0.453378289937973,600,2.8068868019618094,88,0
20,600,1,F,0,1,3,10.085358619689941,-0.12345600128173828,0.4970394968986511,600,2.8068868019618094,80,0
20,600,1,F,1,0,0,14.108827590942383,2.4052062034606934,0.5591108798980713,600,2.9785765218548477,156,0
20,600,1,F,1,0,1,12.53827953338623,2.6337437629699707,0.4875476658344269,600,2.9785765218548477,165,0
20,600,1,F,1,0,2,11.353808403015137,2.456554651260376,0.42646780610084534,600,2.9785765218548477,174,0
20,600,1,F,1,0,3,10.700164794921875,2.128394603729248,0.4261743128299713,600,2.9785765218548477,188,0
20,600,1,F,1,1,0,4.537968635559082,-0.24974124133586884,0.47685715556144714,600,2.805057047866285,171,0
20,600,1,F,1,1,1,3.966437578201294,-0.2379900962114334,0.4458376169204712,600,2.805057047866285,166,0
20,600,1,F,1,1,2,6.827901840209961,-0.2554347813129425,0.5501238107681274,600,2.805057047866285,150,0
20,600,1,F,1,1,3,5.098812103271484,-0.1768074482679367,0.5490738749504089,600,2.805057047866285,128,0
20,600,1,F,2,0,0,11.329084396362305,0.47504740953445435,0.4387471079826355,600,2.9169278759509325,101,0
20,600,1,F,2,0,1,12.832437515258789,0.7222282886505127,0.44905272126197815,600,2.9169278759509325,80,0
20,600,1,F,2,0,2,11.705644607543945,0.4636504054069519,0.5052121877670288,600,2.9169278759509325,84,0
20,600,1,F,2,0,3,13.666425704956055,0.5196604132652283,0.5057885646820068,600,2.9169278759509325,104,0
20,600,1,F,2,1,0,7.616372585296631,-1.0514887571334839,0.44419386982917786,600,2.8719114079140127,118,0
20,600,1,F,2,1,1,5.684296131134033,-1.0112583637237549,0.3551342189311981,600,2.8719114079140127,124,0
20,600,1,F,2,1,2,8.090076446533203,-1.192732810974121,0.46570277214050293,600,2.8719114079140127,109,0
20,600,1,F,2,1,3,5.809021949768066,-0.8163685202598572,0.34659016132354736,600,2.8719114079140127,110,0
20,600,1,F,3,0,0,31.34212875366211,3.0357534885406494,0.3910503387451172,600,3.101258067879826,119,0
20,600,1,F,3,0,1,30.834346771240234,3.6648190021514893,0.366412878036499,600,3.101258067879826,104,0
20,600,1,F,3,0,2,34.11967086791992,2.77419114112854,0.465286523103714,600,3.101258067879826,103,0
20,600,1,F,3,0,3,24.64101791381836,3.4043045043945312,0.314838707447052,600,3.101258067879826,112,0
20,600,1,F,3,1,0,14.17695140838623,0.4240785837173462,0.219615638256073,600,2.9912198269739747,121,0
20,600,1,F,3,1,1,10.868550300598145,0.17735624313354492,0.24449540674686432,600,2.9912198269739747,154,0
20,600,1,F,3,1,2,13.00742244720459,0.2597144842147827,0.276181697845459,600,2.9912198269739747,179,0
20,600,1,F,3,1,3,18.347496032714844,1.171147108078003,0.3156867027282715,600,2.9912198269739747,141,0
20,600,1,F,4,0,0,11.664019584655762,2.2685024738311768,0.27975571155548096,600,3.0134374098852277,158,0
20,600,1,F,4,0,1,11.101280212402344,2.6688873767852783,0.2353367954492569,600,3.0134374098852277,153,0
20,600,1,F,4,0,2,17.411903381347656,2.607819080352783,0.37746289372444153,600,3.0134374098852277,123,0
20,600,1,F,4,0,3,16.005491256713867,2.8818836212158203,0.3100672662258148,600,3.0134374098852277,160,0
20,600,1,F,4,1,0,4.298184394836426,-1.3739742040634155,0.32046306133270264,600,3.114732720889151,83,0
20,600,1,F,4,1,1,7.973040580749512,-1.3897396326065063,0.4730322062969208,600,3.114732720889151,86,0
20,600,1,F,4,1,2,5.459632873535156,-1.3983896970748901,0.3911251723766327,600,3.114732720889151,92,0
20,600,1,F,4,1,3,6.959650039672852,-1.178337574005127,0.3528563976287842,600,3.114732720889151,135,0
20,600,1,F,5,0,0,8.26202392578125,2.104036331176758,0.41555365920066833,600,3.0407978394068778,119,0
20,600,1,F,5,0,1,7.465131759643555,2.1541576385498047,0.3397466242313385,600,3.0407978394068778,161,0
20,600,1,F,5,0,2,9.499939918518066,2.035245656967163,0.4619540870189667,600,3.0407978394068778,121,0
20,600,1,F,5,0,3,8.96641731262207,2.2896220684051514,0.3642275929450989,600,3.0407978394068778,135,0
20,600,1,F,5,1,0,15.990455627441406,-0.21826708316802979,0.38926294445991516,600,3.040036271326244,161,0
20,600,1,F,5,1,1,12.651693344116211,-0.31960785388946533,0.35358646512031555,600,3.040036271326244,174,0
20,600,1,F,5,1,2,9.445605278015137,-0.3530898690223694,0.2889646291732788,600,3.040036271326244,151,0
20,600,1,F,5,1,3,16.38580894470215,0.26790499687194824,0.3838598132133484,600,3.040036271326244,163,0
20,600,1,F,6,0,0,26.61004066467285,1.479466199874878,0.24232740700244904,600,2.9861431140452623,192,0
20,600,1,F,6,0,1,31.679576873779297,0.5124565362930298,0.26598185300827026,600,2.9861431140452623,182,0
20,600,1,F,6,0,2,40.66617202758789,1.4135656356811523,0.3188265562057495,600,2.9861431140452623,178,0
20,600,1,F,6,0,3,32.44700241088867,3.0325043201446533,0.27005600929260254,600,2.9861431140452623,166,0
20,600,1,F,6,1,0,18.161739349365234,1.5491236448287964,0.17935089766979218,600,2.9241015217266977,141,0
20,600,1,F,6,1,1,22.529438018798828,2.0901832580566406,0.20913000404834747,600,2.9241015217266977,161,0
20,600,1,F,6,1,2,26.499223709106445,3.0973241329193115,0.2574734091758728,600,2.9241015217266977,111,0
20,600,1,F,6,1,3,30.976787567138672,2.4052300453186035,0.24969808757305145,600,2.9241015217266977,160,0
20,600,1,F,7,0,0,13.433576583862305,2.1215810775756836,0.21800941228866577,600,2.9121003919281065,133,0
20,600,1,F,7,0,1,17.93805694580078,2.0951108932495117,0.29780182242393494,600,2.9121003919281065,192,0
20,600,1,F,7,0,2,14.884125709533691,2.3091187477111816,0.21534395217895508,600,2.9121003919281065,171,0
20,600,1,F,7,0,3,9.677839279174805,2.850605010986328,0.13788250088691711,600,2.9121003919281065,149,0
20,600,1,F,7,1,0,21.719783782958984,0.9816939234733582,0.4116043448448181,600,2.92981288023293,129,0
20,600,1,F,7,1,1,12.011616706848145,1.042051076889038,0.24410711228847504,600,2.92981288023293,108,0
20,600,1,F,7,1,2,13.937983512878418,0.8259384632110596,0.2536308169364929,600,2.92981288023293,127,0
20,600,1,F,7,1,3,14.306577682495117,1.1126229763031006,0.2907160222530365,600,2.92981288023293,126,0
20,600,1,F,8,0,0,4.504683017730713,0.7996021509170532,0.09416614472866058,600,2.927042359020561,158,0
20,600,1,F,8,0,1,10.148760795593262,0.9677942991256714,0.19395774602890015,600,2.927042359020561,163,0
20,600,1,F,8,0,2,6.569416522979736,0.9272909760475159,0.1541661024093628,600,2.927042359020561,159,0
20,600,1,F,8,0,3,12.305617332458496,0.7589074969291687,0.2657114267349243,600,2.927042359020561,143,0
20,600,1,F,8,1,0,14.925996780395508,2.595757007598877,0.26982930302619934,600,2.8082078378647566,172,0
20,600,1,F,8,1,1,9.749479293823242,2.258572578430176,0.2092478722333908,600,2.8082078378647566,190,0
20,600,1,F,8,1,2,8.042329788208008,2.3407888412475586,0.13604013621807098,600,2.8082078378647566,175,0
20,600,1,F,8,1,3,11.234466552734375,2.3024351596832275,0.23643949627876282,600,2.8082078378647566,184,0
20,600,1,F,9,0,0,9.22131061553955,2.439119338989258,0.25759100914001465,600,2.9748331592418253,128,0
20,600,1,F,9,0,1,12.14574146270752,2.410372734069824,0.27330854535102844,600,2.9748331592418253,146,0
20,600,1,F,9,0,2,13.052593231201172,2.470806837081909,0.2793610990047455,600,2.9748331592418253,152,0
20,600,1,F,9,0,3,9.039137840270996,2.5078184604644775,0.20230375230312347,600,2.9748331592418253,162,0
20,600,1,F,9,1,0,15.779260635375977,2.459035634994507,0.2693324089050293,600,2.854382453020662,150,0
20,600,1,F,9,1,1,10.593145370483398,2.9724252223968506,0.17437703907489777,600,2.854382453020662,165,0
20,600,1,F,9,1,2,19.884187698364258,2.674755096435547,0.32502633333206177,600,2.854382453020662,186,0
20,600,1,F,9,1,3,11.103632926940918,2.813964366912842,0.19945202767848969,600,2.854382453020662,130,0
20,600,1,F,10,0,0,19.882137298583984,0.4890592098236084,0.3545835018157959,600,3.0982116940431297,106,0
20,600,1,F,10,0,1,15.620132446289062,1.2001783847808838,0.27669280767440796,600,3.0982116940431297,158,0
20,600,1,F,10,0,2,14.99620246887207,1.0264439582824707,0.2943759262561798,600,3.0982116940431297,163,0
20,600,1,F,10,0,3,23.970731735229492,0.8889999389648438,0.40560078620910645,600,3.0982116940431297,153,0
20,600,1,F,10,1,0,9.671875953674316,-0.7323577404022217,0.30788150429725647,600,2.931277688127011,163,0
20,600,1,F,10,1,1,5.6640119552612305,-0.6705962419509888,0.19652009010314941,600,2.931277688127011,167,0
20,600,1,F,10,1,2,8.702988624572754,-0.40736329555511475,0.3018296957015991,600,2.931277688127011,158,0
20,600,1,F,10,1,3,8.646261215209961,0.006831049919128418,0.2933651804924011,600,2.931277688127011,176,0
20,600,1,F,11,0,0,1.8871660232543945,-1.0366685390472412,0.30844688415527344,600,2.949204631149769,158,0
20,600,1,F,11,0,1,2.0852367877960205,-1.0548648834228516,0.3263654410839081,600,2.949204631149769,155,0
20,600,1,F,11,0,2,0.5133988857269287,-1.170989751815796,0.20862390100955963,600,2.949204631149769,148,0
20,600,1,F,11,0,3,1.0959296226501465,-1.082808494567871,0.2662963569164276,600,2.949204631149769,151,0
20,600,1,F,11,1,0,3.719280242919922,-0.2523198127746582,0.2134678214788437,600,3.0028275796212256,125,0
20,600,1,F,11,1,1,6.505157470703125,-0.19987964630126953,0.33518528938293457,600,3.0028275796212256,133,0
20,600,1,F,11,1,2,5.182920932769775,-0.28624123334884644,0.2955525517463684,600,3.0028275796212256,160,0
20,600,1,F,11,1,3,9.371870994567871,0.25758278369903564,0.4253426790237427,600,3.0028275796212256,138,0
20,600,1,F,12,0,0,-0.6429194808006287,-1.4016786813735962,0.7161917686462402,600,2.8335800883360207,67,0
20,600,1,F,12,0,1,-0.7491077184677124,-1.4499239921569824,0.6963946223258972,600,2.8335800883360207,49,0
20,600,1,F,12,0,2,-0.8350474238395691,-1.4381953477859497,0.6634631752967834,600,2.8335800883360207,43,0
20,600,1,F,12,0,3,-0.6939939260482788,-1.3697786331176758,0.683736264705658,600,2.8335800883360207,55,0
20,600,1,F,12,1,0,1.7988674640655518,-1.161031723022461,0.6572539210319519,600,2.9733162531629205,117,0
20,600,1,F,12,1,1,1.7945311069488525,-0.5353586673736572,0.6340484023094177,600,2.9733162531629205,132,0
20,600,1,F,12,1,2,2.194581985473633,-1.0920205116271973,0.7379252910614014,600,2.9733162531629205,139,0
20,600,1,F,12,1,3,1.7932298183441162,-1.0747654438018799,0.6900802254676819,600,2.9733162531629205,103,0
20,600,1,F,13,0,0,3.61972975730896,2.1832094192504883,0.6062026023864746,600,2.883973483927548,112,0
20,600,1,F,13,0,1,4.0512285232543945,1.9979913234710693,0.6720414161682129,600,2.883973483927548,159,0
20,600,1,F,13,0,2,3.6137566566467285,1.895056128501892,0.6382573843002319,600,2.883973483927548,122,0
20,600,1,F,13,0,3,3.6141934394836426,1.9487683773040771,0.6020691394805908,600,2.883973483927548,163,0
20,600,1,F,13,1,0,2.058302402496338,1.4228664636611938,0.5458554625511169,600,3.0558696258813143,164,0
20,600,1,F,13,1,1,2.174447536468506,1.4549686908721924,0.5726918578147888,600,3.0558696258813143,213,0
20,600,1,F,13,1,2,2.2043166160583496,1.4936072826385498,0.624405562877655,600,3.0558696258813143,194,0
20,600,1,F,13,1,3,2.1594924926757812,1.4313302040100098,0.607103168964386,600,3.0558696258813143,187,0
20,600,1,F,14,0,0,4.856734275817871,1.4234702587127686,0.6342912316322327,600,2.8953810771927238,143,0
20,600,1,F,14,0,1,4.970536231994629,1.8164176940917969,0.6002914905548096,600,2.8953810771927238,156,0
20,600,1,F,14,0,2,4.046027183532715,1.5552966594696045,0.5277479887008667,600,2.8953810771927238,128,0
20,600,1,F,14,0,3,4.469343185424805,2.6613264083862305,0.4703259766101837,600,2.8953810771927238,163,0
20,600,1,F,14,1,0,-0.19248437881469727,-1.317875862121582,0.48983943462371826,600,2.940395840909332,177,0
20,600,1,F,14,1,1,0.1011422872543335,-1.391821026802063,0.6129158735275269,600,2.940395840909332,172,0
20,600,1,F,14,1,2,-0.03319978713989258,-1.27254319190979,0.5500019788742065,600,2.940395840909332,168,0
20,600,1,F,14,1,3,-0.13625431060791016,-1.2909271717071533,0.5248200297355652,600,2.940395840909332,193,0
20,600,1,F,15,0,0,0.16026026010513306,-4.098141670227051,0.860592246055603,600,3.1039288230240345,189,0
20,600,1,F,15,0,1,0.36825597286224365,-3.9952237606048584,0.8671623468399048,600,3.1039288230240345,196,0
20,600,1,F,15,0,2,0.1191205382347107,-4.059815883636475,0.8768607974052429,600,3.1039288230240345,196,0
20,600,1,F,15,0,3,-0.06006801128387451,-4.076932907104492,0.861602783203125,600,3.1039288230240345,199,0
20,600,1,F,15,1,0,0.36202651262283325,-1.2835561037063599,0.8688706159591675,600,3.0500031667761505,174,0
20,600,1,F,15,1,1,0.39238953590393066,-1.3848309516906738,0.86424320936203,600,3.0500031667761505,162,0
20,600,1,F,15,1,2,0.2556845545768738,-1.2990282773971558,0.85598224401474,600,3.0500031667761505,125,0
20,600,1,F,15,1,3,0.08024144172668457,-1.3612979650497437,0.8161753416061401,600,3.0500031667761505,154,0
20,600,1,F,16,0,0,-0.428364634513855,-2.3521971702575684,0.837825357913971,600,3.1385285588912666,195,0
20,600,1,F,16,0,1,-0.8307321667671204,-2.5252349376678467,0.8394312858581543,600,3.1385285588912666,173,0
20,600,1,F,16,0,2,-0.688959002494812,-1.99454665184021,0.776043713092804,600,3.1385285588912666,141,0
20,600,1,F,16,0,3,-0.5822317600250244,-2.224775791168213,0.8236690163612366,600,3.1385285588912666,148,0
20,600,1,F,16,1,0,-1.700178623199463,-2.4461798667907715,0.8214158415794373,600,3.0903780851513147,200,0
20,600,1,F,16,1,1,-1.65159010887146,-2.423722743988037,0.8441141843795776,600,3.0903780851513147,189,0
20,600,1,F,16,1,2,-1.6830289363861084,-2.4797234535217285,0.8460965752601624,600,3.0903780851513147,192,0
20,600,1,F,16,1,3,-1.6808348894119263,-2.422842502593994,0.8313276171684265,600,3.0903780851513147,191,0
20,600,1,F,17,0,0,1.1177902221679688,0.5745646357536316,0.7516071200370789,600,3.2569004939869046,159,0
20,600,1,F,17,0,1,1.15616774559021,0.6205637454986572,0.7551813721656799,600,3.2569004939869046,76,0
20,600,1,F,17,0,2,1.162825107574463,0.6078323125839233,0.7555481195449829,600,3.2569004939869046,132,0
20,600,1,F,17,0,3,1.1393401622772217,0.5761643648147583,0.7470922470092773,600,3.2569004939869046,143,0
20,600,1,F,17,1,0,-0.0437244176864624,-3.0284957885742188,0.7192431688308716,600,3.1462601427920163,163,0
20,600,1,F,17,1,1,0.282055139541626,-3.201625108718872,0.8070846199989319,600,3.1462601427920163,169,0
20,600,1,F,17,1,2,0.06983470916748047,-2.9727160930633545,0.7459873557090759,600,3.1462601427920163,143,0
20,600,1,F,17,1,3,0.31808435916900635,-3.283708095550537,0.7943557500839233,600,3.1462601427920163,152,0
20,600,1,F,18,0,0,1.0592721700668335,-1.3833951950073242,0.4766167104244232,600,3.1169500672258437,162,0
20,600,1,F,18,0,1,1.547012448310852,-1.3818532228469849,0.5466227531433105,600,3.1169500672258437,154,0
20,600,1,F,18,0,2,1.0097144842147827,-1.6239832639694214,0.49647587537765503,600,3.1169500672258437,156,0
20,600,1,F,18,0,3,0.684126615524292,-1.4814672470092773,0.45480549335479736,600,3.1169500672258437,148,0
20,600,1,F,18,1,0,0.945274829864502,-0.5144241452217102,0.5361422896385193,600,3.251226025633514,170,0
20,600,1,F,18,1,1,0.6483034491539001,-0.5805779099464417,0.49096667766571045,600,3.251226025633514,169,0
20,600,1,F,18,1,2,0.7073157429695129,-0.5872240662574768,0.4511636793613434,600,3.251226025633514,152,0
20,600,1,F,18,1,3,0.9857264757156372,-0.4720180034637451,0.4768778681755066,600,3.251226025633514,158,0
20,600,1,F,19,0,0,5.884248733520508,-0.6828343868255615,0.43896082043647766,600,3.1392381750047207,172,0
20,600,1,F,19,0,1,6.482381820678711,-1.0999717712402344,0.5140810012817383,600,3.1392381750047207,182,0
20,600,1,F,19,0,2,3.8034849166870117,-1.2342772483825684,0.41703444719314575,600,3.1392381750047207,174,0
20,600,1,F,19,0,3,5.20123291015625,-0.027592182159423828,0.40124383568763733,600,3.1392381750047207,151,0
20,600,1,F,19,1,0,9.659049987792969,-0.7582137584686279,0.5824862122535706,600,3.110769716091454,162,0
20,600,1,F,19,1,1,6.938770771026611,-0.46848487854003906,0.44638678431510925,600,3.110769716091454,161,0
20,600,1,F,19,1,2,8.370745658874512,-1.1092417240142822,0.5103320479393005,600,3.110769716091454,175,0
20,600,1,F,19,1,3,8.03619384765625,-1.1167492866516113,0.5169637203216553,600,3.110769716091454,188,0
20,600,1,F,20,0,0,3.311030387878418,-0.23221635818481445,0.47777679562568665,600,3.060324635822326,180,0
20,600,1,F,20,0,1,3.242724895477295,-0.6865987777709961,0.49737587571144104,600,3.060324635822326,139,0
20,600,1,F,20,0,2,2.6527583599090576,-0.2866785526275635,0.4264531135559082,600,3.060324635822326,161,0
20,600,1,F,20,0,3,2.4516329765319824,-0.27335023880004883,0.4149778187274933,600,3.060324635822326,142,0
20,600,1,F,20,1,0,1.6023926734924316,-3.2065253257751465,0.4857940971851349,600,3.076113155577332,95,0
20,600,1,F,20,1,1,1.1889114379882812,-2.989727020263672,0.41898253560066223,600,3.076113155577332,89,0
20,600,1,F,20,1,2,2.9901373386383057,-3.5371036529541016,0.48286211490631104,600,3.076113155577332,94,0
20,600,1,F,20,1,3,1.3809013366699219,-3.1895580291748047,0.46334734559059143,600,3.076113155577332,59,0
20,600,1,F,21,0,0,0.46212494373321533,-1.3428466320037842,0.6687822341918945,600,3.0371546233072877,99,0
20,600,1,F,21,0,1,0.15289413928985596,-1.2622584104537964,0.6265721321105957,600,3.0371546233072877,124,0
20,600,1,F,21,0,2,1.0212726593017578,-1.3254314661026,0.7349772453308105,600,3.0371546233072877,136,0
20,600,1,F,21,0,3,0.4810326099395752,-1.2949912548065186,0.6357570290565491,600,3.0371546233072877,99,0
20,600,1,F,21,1,0,3.716449737548828,1.9395991563796997,0.7414151430130005,600,2.80186008522287,109,0
20,600,1,F,21,1,1,3.26900053024292,1.8886430263519287,0.6611582040786743,600,2.80186008522287,78,0
20,600,1,F,21,1,2,3.6735219955444336,1.9345157146453857,0.7083194255828857,600,2.80186008522287,50,0
20,600,1,F,21,1,3,2.978513240814209,1.9229661226272583,0.5807629227638245,600,2.80186008522287,39,0
20,600,1,F,22,0,0,0.03083980083465576,-0.8141639232635498,0.6252713799476624,600,3.111536562908441,161,0
20,600,1,F,22,0,1,-0.050605952739715576,-0.827675998210907,0.6313836574554443,600,3.111536562908441,151,0
20,600,1,F,22,0,2,0.06752771139144897,-0.8206645250320435,0.66888427734375,600,3.111536562908441,149,0
20,600,1,F,22,0,3,0.24607670307159424,-0.8101465702056885,0.7098104357719421,600,3.111536562908441,142,0
20,600,1,F,22,1,0,3.0932068824768066,-0.3521081507205963,0.6820672154426575,600,3.0268108639866114,81,0
20,600,1,F,22,1,1,2.769551992416382,-0.4018162786960602,0.6638134121894836,600,3.0268108639866114,82,0
20,600,1,F,22,1,2,2.637209892272949,-0.13677936792373657,0.6274638175964355,600,3.0268108639866114,111,0
20,600,1,F,22,1,3,2.8790688514709473,-0.7998913526535034,0.6715616583824158,600,3.0268108639866114,104,0
20,600,1,F,23,0,0,3.1784818172454834,1.8901722431182861,0.5717936158180237,600,3.0755315870046616,85,0
20,600,1,F,23,0,1,2.639061212539673,1.879543662071228,0.47444432973861694,600,3.0755315870046616,88,0
20,600,1,F,23,0,2,3.1238057613372803,1.8082693815231323,0.5407207608222961,600,3.0755315870046616,100,0
20,600,1,F,23,0,3,3.1010241508483887,1.7707237005233765,0.5475435853004456,600,3.0755315870046616,97,0
20,600,1,F,23,1,0,2.1201882362365723,0.32466763257980347,0.6085245013237,600,2.9855643860064447,154,0
20,600,1,F,23,1,1,2.3148772716522217,0.39436596632003784,0.6433558464050293,600,2.9855643860064447,156,0
20,600,1,F,23,1,2,1.8283836841583252,0.3251216411590576,0.5306089520454407,600,2.9855643860064447,139,0
20,600,1,F,23,1,3,1.9414035081863403,0.533595621585846,0.5218121409416199,600,2.9855643860064447,163,0
20,600,1,F,24,0,0,7.536741256713867,2.36629581451416,0.26014822721481323,600,2.9338414100930095,174,0
20,600,1,F,24,0,1,6.957164764404297,2.257378339767456,0.25637125968933105,600,2.9338414100930095,181,0
20,600,1,F,24,0,2,7.454995155334473,2.2929749488830566,0.2820349931716919,600,2.9338414100930095,207,0
20,600,1,F,24,0,3,5.857394218444824,2.2116034030914307,0.21905259788036346,600,2.9338414100930095,180,0
20,600,1,F,24,1,0,4.170969009399414,-0.7299986481666565,0.34210890531539917,600,2.995846024248749,157,0
20,600,1,F,24,1,1,3.1101577281951904,-0.7725128531455994,0.3184455931186676,600,2.995846024248749,163,0
20,600,1,F,24,1,2,2.754803419113159,-0.6846744418144226,0.29338765144348145,600,2.995846024248749,173,0
20,600,1,F,24,1,3,4.859530448913574,-0.36463814973831177,0.36467429995536804,600,2.995846024248749,145,0
20,600,1,F,25,0,0,3.3367128372192383,0.5470461845397949,0.28331783413887024,600,2.9149396461434662,165,0
20,600,1,F,25,0,1,4.068171977996826,0.6818037033081055,0.31138724088668823,600,2.9149396461434662,159,0
20,600,1,F,25,0,2,3.6948890686035156,0.6560083627700806,0.2982564866542816,600,2.9149396461434662,164,0
20,600,1,F,25,0,3,2.6363768577575684,0.46215152740478516,0.21842586994171143,600,2.9149396461434662,170,0
20,600,1,F,25,1,0,15.610319137573242,2.182748317718506,0.4373626708984375,600,3.029133602976799,170,0
20,600,1,F,25,1,1,12.766303062438965,2.5911245346069336,0.36657238006591797,600,3.029133602976799,158,0
20,600,1,F,25,1,2,12.769890785217285,2.717052698135376,0.38213232159614563,600,3.029133602976799,156,0
20,600,1,F,25,1,3,13.68411922454834,2.373447895050049,0.4118229150772095,600,3.029133602976799,123,0
20,600,1,F,26,0,0,4.9614458084106445,1.973868489265442,0.37026146054267883,600,2.9695398840121925,91,0
20,600,1,F,26,0,1,4.402622699737549,2.1040849685668945,0.2885386347770691,600,2.9695398840121925,94,0
20,600,1,F,26,0,2,4.670346260070801,2.2234647274017334,0.29325973987579346,600,2.9695398840121925,95,0
20,600,1,F,26,0,3,4.915213584899902,2.1648244857788086,0.3577372431755066,600,2.9695398840121925,126,0
20,600,1,F,26,1,0,3.215507745742798,0.27190011739730835,0.26353520154953003,600,3.047913185786456,114,0
20,600,1,F,26,1,1,3.2463724613189697,0.23434019088745117,0.3128257095813751,600,3.047913185786456,134,0
20,600,1,F,26,1,2,4.035042762756348,0.4212263226509094,0.3459002375602722,600,3.047913185786456,136,0
20,600,1,F,26,1,3,4.174732685089111,0.21727478504180908,0.3012784719467163,600,3.047913185786456,151,0
20,600,1,F,27,0,0,8.455286026000977,0.7443984746932983,0.4075825810432434,600,2.9554321370087564,101,0
20,600,1,F,27,0,1,6.1298675537109375,0.7803863286972046,0.2789393663406372,600,2.9554321370087564,115,0
20,600,1,F,27,0,2,8.379063606262207,0.8050177097320557,0.36898577213287354,600,2.9554321370087564,99,0
20,600,1,F,27,0,3,6.290949821472168,0.6307904720306396,0.2517434060573578,600,2.9554321370087564,126,0
20,600,1,F,27,1,0,35.09771728515625,3.578338384628296,0.3605351448059082,600,3.0846213158220053,158,0
20,600,1,F,27,1,1,15.824234962463379,4.916945457458496,0.16099601984024048,600,3.0846213158220053,169,0
20,600,1,F,27,1,2,17.342388153076172,4.343532562255859,0.180390402674675,600,3.0846213158220053,181,0
20,600,1,F,27,1,3,31.87176513671875,3.0376687049865723,0.3770585060119629,600,3.0846213158220053,191,0
20,600,1,F,28,0,0,13.597496032714844,2.397925615310669,0.4171120524406433,600,3.1614478551782668,131,0
20,600,1,F,28,0,1,14.634281158447266,3.079836130142212,0.3268679976463318,600,3.1614478551782668,120,0
20,600,1,F,28,0,2,8.162862777709961,2.460634708404541,0.25679659843444824,600,3.1614478551782668,137,0
20,600,1,F,28,0,3,11.917947769165039,2.3367085456848145,0.3534509837627411,600,3.1614478551782668,117,0
20,600,1,F,28,1,0,16.721824645996094,0.20600926876068115,0.30148935317993164,600,2.990985617041588,131,0
20,600,1,F,28,1,1,12.063434600830078,0.7303924560546875,0.28347131609916687,600,2.990985617041588,99,0
20,600,1,F,28,1,2,16.14695930480957,0.31173479557037354,0.35611820220947266,600,2.990985617041588,111,0
20,600,1,F,28,1,3,19.622005462646484,0.2784982919692993,0.40765851736068726,600,2.990985617041588,132,0
20,600,1,F,29,0,0,4.0412797927856445,1.8115782737731934,0.22451083362102509,600,3.070919663179666,146,0
20,600,1,F,29,0,1,4.44003963470459,1.7433850765228271,0.3068678677082062,600,3.070919663179666,149,0
20,600,1,F,29,0,2,4.409505844116211,1.7898969650268555,0.2930149734020233,600,3.070919663179666,118,0
20,600,1,F,29,0,3,5.632015228271484,1.8085854053497314,0.3356083631515503,600,3.070919663179666,126,0
20,600,1,F,29,1,0,24.078847885131836,1.334573745727539,0.39644336700439453,600,3.1741598318330944,117,0
20,600,1,F,29,1,1,18.49764060974121,2.1677756309509277,0.2903200089931488,600,3.1741598318330944,118,0
20,600,1,F,29,1,2,13.89561653137207,2.1759674549102783,0.23414774239063263,600,3.1741598318330944,109,0
20,600,1,F,29,1,3,29.32299041748047,1.653778076171875,0.4094369113445282,600,3.1741598318330944,121,0
20,600,1,F,30,0,0,5.677286624908447,0.5441149473190308,0.36666157841682434,600,2.863547045737505,199,0
20,600,1,F,30,0,1,4.888853549957275,0.7832469344139099,0.31024524569511414,600,2.863547045737505,192,0
20,600,1,F,30,0,2,3.956131935119629,0.6181552410125732,0.2549576759338379,600,2.863547045737505,193,0
20,600,1,F,30,0,3,6.030056476593018,0.4290139377117157,0.4019513726234436,600,2.863547045737505,162,0
20,600,1,F,30,1,0,5.2399396896362305,0.44459256529808044,0.46186622977256775,600,2.8533767201006413,98,0
20,600,1,F,30,1,1,3.3414108753204346,0.47318676114082336,0.2899216413497925,600,2.8533767201006413,114,0
20,600,1,F,30,1,2,6.3470563888549805,0.6367003917694092,0.45623162388801575,600,2.8533767201006413,84,0
20,600,1,F,30,1,3,4.630431652069092,0.40561363101005554,0.416172593832016,600,2.8533767201006413,100,0
20,600,1,F,31,0,0,8.91069507598877,1.351754903793335,0.3559531271457672,600,2.8204835797660053,175,0
20,600,1,F,31,0,1,6.062234878540039,0.5816229581832886,0.2729964852333069,600,2.8204835797660053,161,0
20,600,1,F,31,0,2,9.36136245727539,1.4465572834014893,0.34104663133621216,600,2.8204835797660053,148,0
20,600,1,F,31,0,3,4.750014781951904,0.9362861514091492,0.2352406531572342,600,2.8204835797660053,122,0
20,600,1,F,31,1,0,1.031912088394165,-2.221888303756714,0.3636150062084198,600,2.960714944638312,144,0
20,600,1,F,31,1,1,1.4118194580078125,-2.4230713844299316,0.4234450161457062,600,2.960714944638312,145,0
20,600,1,F,31,1,2,0.6384313106536865,-2.3707287311553955,0.31402891874313354,600,2.960714944638312,164,0
20,600,1,F,31,1,3,1.8410489559173584,-2.2514753341674805,0.36374250054359436,600,2.960714944638312,145,0
20,600,1,F,32,0,0,3.1538124084472656,1.6323926448822021,0.3783063590526581,600,2.9696414722129703,136,0
20,600,1,F,32,0,1,3.2380013465881348,1.5619829893112183,0.4246308207511902,600,2.9696414722129703,151,0
20,600,1,F,32,0,2,3.2275748252868652,1.5916788578033447,0.38821861147880554,600,2.9696414722129703,160,0
20,600,1,F,32,0,3,3.0142459869384766,1.4964146614074707,0.37359941005706787,600,2.9696414722129703,157,0
20,600,1,F,32,1,0,0.42813873291015625,-1.4367384910583496,0.3847150206565857,600,3.0931822950951755,130,0
20,600,1,F,32,1,1,0.8264865875244141,-1.4357588291168213,0.4373548924922943,600,3.0931822950951755,109,0
20,600,1,F,32,1,2,0.05680835247039795,-1.4518749713897705,0.3732232451438904,600,3.0931822950951755,104,0
20,600,1,F,32,1,3,0.44178831577301025,-1.314330816268921,0.37855198979377747,600,3.0931822950951755,97,0
20,600,1,F,33,0,0,14.345513343811035,0.25680994987487793,0.4096400737762451,600,3.012744559906423,104,0
20,600,1,F,33,0,1,12.549213409423828,-0.1854172646999359,0.3555334508419037,600,3.012744559906423,108,0
20,600,1,F,33,0,2,13.271303176879883,-0.33381834626197815,0.40355661511421204,600,3.012744559906423,132,0
20,600,1,F,33,0,3,10.19975471496582,0.2000017762184143,0.27628496289253235,600,3.012744559906423,146,0
20,600,1,F,33,1,0,10.56872844696045,-0.7668876647949219,0.3186311423778534,600,3.0326188961043954,174,0
20,600,1,F,33,1,1,15.7715425491333,-0.6642493009567261,0.4342152178287506,600,3.0326188961043954,173,0
20,600,1,F,33,1,2,6.4267730712890625,-0.8757240772247314,0.22234059870243073,600,3.0326188961043954,169,0
20,600,1,F,33,1,3,7.065814971923828,-0.7453835010528564,0.24346283078193665,600,3.0326188961043954,163,0
20,600,1,F,34,0,0,10.132965087890625,-0.414157509803772,0.3393729329109192,600,2.950410005170852,168,0
20,600,1,F,34,0,1,10.871257781982422,-0.26109910011291504,0.39976149797439575,600,2.950410005170852,159,0
20,600,1,F,34,0,2,7.772588729858398,0.0019638538360595703,0.2711903750896454,600,2.950410005170852,139,0
20,600,1,F,34,0,3,7.215791702270508,-0.25039851665496826,0.2986343801021576,600,2.950410005170852,152,0
20,600,1,F,34,1,0,12.669550895690918,-0.6439495086669922,0.36193346977233887,600,2.9701985069550574,118,0
20,600,1,F,34,1,1,12.413495063781738,-0.9993541240692139,0.35363438725471497,600,2.9701985069550574,165,0
20,600,1,F,34,1,2,12.840325355529785,-0.7024329900741577,0.41387006640434265,600,2.9701985069550574,137,0
20,600,1,F,34,1,3,11.239214897155762,-0.5995016694068909,0.40846508741378784,600,2.9701985069550574,119,0
20,600,1,F,35,0,0,10.644721984863281,0.744644045829773,0.286576509475708,600,3.048651888035238,127,0
20,600,1,F,35,0,1,11.737405776977539,0.7342648506164551,0.2951165735721588,600,3.048651888035238,110,0
20,600,1,F,35,0,2,12.874576568603516,0.5607202053070068,0.30620500445365906,600,3.048651888035238,95,0
20,600,1,F,35,0,3,15.302297592163086,0.6828171610832214,0.34276485443115234,600,3.048651888035238,84,0
20,600,1,F,35,1,0,8.239784240722656,1.569899320602417,0.47496339678764343,600,3.0832564602606,123,0
20,600,1,F,35,1,1,6.9686994552612305,1.4844708442687988,0.3529825508594513,600,3.0832564602606,145,0
20,600,1,F,35,1,2,4.019465446472168,1.5595238208770752,0.1949973851442337,600,3.0832564602606,115,0
20,600,1,F,35,1,3,5.452553749084473,1.6041995286941528,0.31895971298217773,600,3.0832564602606,134,0
20,600,2,F,0,0,0,9.268180847167969,1.92990243434906,0.572435200214386,600,2.8132173786871135,244,0
20,600,2,F,0,0,1,8.467914581298828,1.91618812084198,0.5269932150840759,600,2.8132173786871135,244,0
20,600,2,F,0,0,2,8.411083221435547,1.9142122268676758,0.5166856646537781,600,2.8132173786871135,243,0
20,600,2,F,0,0,3,6.892848491668701,1.918627142906189,0.47883862257003784,600,2.8132173786871135,243,0
20,600,2,F,0,1,0,12.757590293884277,-0.37268540263175964,0.5456051826477051,600,2.862915778066963,237,0
20,600,2,F,0,1,1,9.30138111114502,-0.34956762194633484,0.4424791932106018,600,2.862915778066963,236,0
20,600,2,F,0,1,2,9.509711265563965,-0.35284075140953064,0.46762093901634216,600,2.862915778066963,238,0
20,600,2,F,0,1,3,10.085358619689941,-0.35544487833976746,0.5026569962501526,600,2.862915778066963,239,0
20,600,2,F,1,0,0,14.108827590942383,2.067574977874756,0.566109299659729,600,2.8245081678032875,245,0
20,600,2,F,1,0,1,12.53827953338623,2.07722544670105,0.5012117624282837,600,2.8245081678032875,246,0
20,600,2,F,1,0,2,11.353808403015137,2.0719540119171143,0.436849445104599,600,2.8245081678032875,246,0
20,600,2,F,1,0,3,10.700164794921875,2.031939744949341,0.4289129972457886,600,2.8245081678032875,246,0
20,600,2,F,1,1,0,4.537968635559082,-0.3466952443122864,0.4818606674671173,600,2.8916725567542017,243,0
20,600,2,F,1,1,1,3.966437578201294,-0.3447638750076294,0.4520418047904968,600,2.8916725567542017,245,0
20,600,2,F,1,1,2,6.827901840209961,-0.35826560854911804,0.5536882281303406,600,2.8916725567542017,242,0
20,600,2,F,1,1,3,5.098812103271484,-0.36373576521873474,0.557679295539856,600,2.8916725567542017,241,0
20,600,2,F,2,0,0,11.329084396362305,0.21046751737594604,0.4446861743927002,600,3.0734303700737655,245,0
20,600,2,F,2,0,1,12.832437515258789,0.10966815054416656,0.46128904819488525,600,3.0734303700737655,241,0
20,600,2,F,2,0,2,11.705644607543945,0.22465813159942627,0.510469913482666,600,3.0734303700737655,245,0
20,600,2,F,2,0,3,13.666425704956055,0.21049842238426208,0.5115976929664612,600,3.0734303700737655,243,0
20,600,2,F,2,1,0,7.616372585296631,-1.3810213804244995,0.45342403650283813,600,2.9184526428580284,245,0
20,600,2,F,2,1,1,5.684296131134033,-1.3570789098739624,0.3667495846748352,600,2.9184526428580284,244,0
20,600,2,F,2,1,2,8.090076446533203,-1.4283661842346191,0.4719450771808624,600,2.9184526428580284,244,0
20,600,2,F,2,1,3,5.809021949768066,-1.4471439123153687,0.3674622178077698,600,2.9184526428580284,245,0
20,600,2,F,3,0,0,31.34212875366211,1.7770297527313232,0.4014584720134735,600,2.9253826439380646,245,0
20,600,2,F,3,0,1,30.834346771240234,1.8175137042999268,0.38181379437446594,600,2.9253826439380646,242,0
20,600,2,F,3,0,2,34.11967086791992,1.7161450386047363,0.4735545814037323,600,2.9253826439380646,242,0
20,600,2,F,3,0,3,24.64101791381836,1.7206990718841553,0.33152374625205994,600,2.9253826439380646,243,0
20,600,2,F,3,1,0,14.17695140838623,-0.6673108339309692,0.23298326134681702,600,3.0489585609175265,245,0
20,600,2,F,3,1,1,10.868550300598145,-0.6729276180267334,0.25890597701072693,600,3.0489585609175265,244,0
20,600,2,F,3,1,2,13.00742244720459,-0.5661729574203491,0.2889053225517273,600,3.0489585609175265,246,0
20,600,2,F,3,1,3,18.347496032714844,-0.6639136672019958,0.3380134105682373,600,3.0489585609175265,245,0
20,600,2,F,4,0,0,11.664019584655762,2.1880104541778564,0.28147777915000916,600,3.0989339905790985,246,0
20,600,2,F,4,0,1,11.101280212402344,2.0065197944641113,0.24921564757823944,600,3.0989339905790985,246,0
20,600,2,F,4,0,2,17.411903381347656,1.998482584953308,0.3869868814945221,600,3.0989339905790985,246,0
20,600,2,F,4,0,3,16.005491256713867,2.0739433765411377,0.32299065589904785,600,3.0989339905790985,246,0
20,600,2,F,4,1,0,4.298184394836426,-1.5616620779037476,0.3275931775569916,600,3.1330787031911314,245,0
20,600,2,F,4,1,1,7.973040580749512,-1.6129755973815918,0.47890931367874146,600,3.1330787031911314,242,0
20,600,2,F,4,1,2,5.459632873535156,-1.6394704580307007,0.39938321709632874,600,3.1330787031911314,242,0
20,600,2,F,4,1,3,6.959650039672852,-1.52335786819458,0.36239486932754517,600,3.1330787031911314,246,0
20,600,2,F,5,0,0,8.26202392578125,1.9291226863861084,0.4223717451095581,600,3.0647421977482736,241,0
20,600,2,F,5,0,1,7.465131759643555,1.9165146350860596,0.3496336340904236,600,3.0647421977482736,245,0
20,600,2,F,5,0,2,9.499939918518066,1.9202779531478882,0.4657551348209381,600,3.0647421977482736,238,0
20,600,2,F,5,0,3,8.96641731262207,1.9233585596084595,0.3766815960407257,600,3.0647421977482736,244,0
20,600,2,F,5,1,0,15.990455627441406,-0.792121410369873,0.39756539463996887,600,2.9604096678085625,242,0
20,600,2,F,5,1,1,12.651693344116211,-0.7595775127410889,0.361247181892395,600,2.9604096678085625,244,0
20,600,2,F,5,1,2,9.445605278015137,-0.7748790383338928,0.29770025610923767,600,2.9604096678085625,244,0
20,600,2,F,5,1,3,16.38580894470215,-0.765390157699585,0.39865803718566895,600,2.9604096678085625,244,0
20,600,2,F,6,0,0,26.61004066467285,-0.8404964804649353,0.2589062750339508,600,2.965766896959394,245,0
20,600,2,F,6,0,1,31.679576873779297,-0.8283188939094543,0.2742856740951538,600,2.965766896959394,244,0
20,600,2,F,6,0,2,40.66617202758789,-0.3307309150695801,0.3283425569534302,600,2.965766896959394,245,0
20,600,2,F,6,0,3,32.44700241088867,-0.8985612392425537,0.29548296332359314,600,2.965766896959394,245,0
20,600,2,F,6,1,0,18.161739349365234,0.7402035593986511,0.18645569682121277,600,2.983086657244712,245,0
20,600,2,F,6,1,1,22.529438018798828,0.7462644577026367,0.21985748410224915,600,2.983086657244712,245,0
20,600,2,F,6,1,2,26.499223709106445,0.9443054795265198,0.27465540170669556,600,2.983086657244712,244,0
20,600,2,F,6,1,3,30.976787567138672,0.9614295363426208,0.25904738903045654,600,2.983086657244712,246,0
20,600,2,F,7,0,0,13.433576583862305,1.5618964433670044,0.22635433077812195,600,2.9699789001606405,246,0
20,600,2,F,7,0,1,17.93805694580078,1.4393941164016724,0.3063514232635498,600,2.9699789001606405,244,0
20,600,2,F,7,0,2,14.884125709533691,1.676053524017334,0.223759263753891,600,2.9699789001606405,246,0
20,600,2,F,7,0,3,9.677839279174805,1.7295351028442383,0.15696962177753448,600,2.9699789001606405,245,0
20,600,2,F,7,1,0,21.719783782958984,0.4814046025276184,0.417389452457428,600,3.008221013005823,244,0
20,600,2,F,7,1,1,12.011616706848145,0.4346645772457123,0.2541877031326294,600,3.008221013005823,243,0
20,600,2,F,7,1,2,13.937983512878418,0.4499208331108093,0.25902026891708374,600,3.008221013005823,245,0
20,600,2,F,7,1,3,14.306577682495117,0.4783022403717041,0.3004928231239319,600,3.008221013005823,243,0
20,600,2,F,8,0,0,4.504683017730713,0.44799986481666565,0.1021890863776207,600,2.8828772278502584,246,0
20,600,2,F,8,0,1,10.148760795593262,0.5116696357727051,0.2016507089138031,600,2.8828772278502584,246,0
20,600,2,F,8,0,2,6.569416522979736,0.49046874046325684,0.16414271295070648,600,2.8828772278502584,246,0
20,600,2,F,8,0,3,12.305617332458496,0.4346032440662384,0.27115073800086975,600,2.8828772278502584,246,0
20,600,2,F,8,1,0,14.925996780395508,1.8506883382797241,0.2815435528755188,600,2.9665064909495413,245,0
20,600,2,F,8,1,1,9.749479293823242,1.7975767850875854,0.21930113434791565,600,2.9665064909495413,246,0
20,600,2,F,8,1,2,8.042329788208008,1.9254530668258667,0.14451797306537628,600,2.9665064909495413,246,0
20,600,2,F,8,1,3,11.234466552734375,1.9415130615234375,0.24366548657417297,600,2.9665064909495413,245,0
20,600,2,F,9,0,0,9.22131061553955,1.8905845880508423,0.2727424204349518,600,2.8634480596520007,246,0
20,600,2,F,9,0,1,12.14574146270752,1.992465615272522,0.281735360622406,600,2.8634480596520007,244,0
20,600,2,F,9,0,2,13.052593231201172,1.9160836935043335,0.289762407541275,600,2.8634480596520007,246,0
20,600,2,F,9,0,3,9.039137840270996,1.9308322668075562,0.21630969643592834,600,2.8634480596520007,244,0
20,600,2,F,9,1,0,15.779260635375977,1.6772602796554565,0.2807026207447052,600,2.880079337861389,245,0
20,600,2,F,9,1,1,10.593145370483398,2.0688812732696533,0.19110092520713806,600,2.880079337861389,244,0
20,600,2,F,9,1,2,19.884187698364258,2.2597596645355225,0.3302754759788513,600,2.880079337861389,244,0
20,600,2,F,9,1,3,11.103632926940918,1.9403482675552368,0.215932697057724,600,2.880079337861389,245,0
20,600,2,F,10,0,0,19.882137298583984,0.05306291580200195,0.3596879839897156,600,3.098748895339668,246,0
20,600,2,F,10,0,1,15.620132446289062,-0.19793522357940674,0.29559019207954407,600,3.098748895339668,246,0
20,600,2,F,10,0,2,14.99620246887207,-0.14797186851501465,0.3114168047904968,600,3.098748895339668,246,0
20,600,2,F,10,0,3,23.970731735229492,0.04458904266357422,0.41429173946380615,600,3.098748895339668,246,0
20,600,2,F,10,1,0,9.671875953674316,-1.0451152324676514,0.3142283856868744,600,3.153108709026128,245,0
20,600,2,F,10,1,1,5.6640119552612305,-1.0486503839492798,0.20583443343639374,600,3.153108709026128,242,0
20,600,2,F,10,1,2,8.702988624572754,-0.7842469215393066,0.310439795255661,600,3.153108709026128,244,0
20,600,2,F,10,1,3,8.646261215209961,-0.9031306505203247,0.3145451545715332,600,3.153108709026128,246,0
20,600,2,F,11,0,0,1.8871660232543945,-1.2083052396774292,0.32074591517448425,600,3.016404466237873,243,0
20,600,2,F,11,0,1,2.0852367877960205,-1.26617431640625,0.3408421576023102,600,3.016404466237873,245,0
20,600,2,F,11,0,2,0.5133988857269287,-1.2854254245758057,0.21968387067317963,600,3.016404466237873,245,0
20,600,2,F,11,0,3,1.0959296226501465,-1.288736343383789,0.28430992364883423,600,3.016404466237873,242,0
20,600,2,F,11,1,0,3.719280242919922,-0.6479367613792419,0.22984428703784943,600,2.893190843053162,246,0
20,600,2,F,11,1,1,6.505157470703125,-0.6047734618186951,0.3483746349811554,600,2.893190843053162,245,0
20,600,2,F,11,1,2,5.182920932769775,-0.5652703642845154,0.3060169219970703,600,2.893190843053162,244,0
20,600,2,F,11,1,3,9.371870994567871,-0.38666588068008423,0.44211581349372864,600,2.893190843053162,245,0
20,600,2,F,12,0,0,-0.6429194808006287,-1.4469695091247559,0.7278271317481995,600,3.030846491921693,246,0
20,600,2,F,12,0,1,-0.7491077184677124,-1.477262258529663,0.7044241428375244,600,3.030846491921693,246,0
20,600,2,F,12,0,2,-0.8350474238395691,-1.4666417837142944,0.6736742854118347,600,3.030846491921693,244,0
20,600,2,F,12,0,3,-0.6939939260482788,-1.4545388221740723,0.7087160348892212,600,3.030846491921693,246,0
20,600,2,F,12,1,0,1.7988674640655518,-1.593623161315918,0.6872920393943787,600,2.8255459829233587,246,0
20,600,2,F,12,1,1,1.7945311069488525,-1.178588628768921,0.6885641813278198,600,2.8255459829233587,245,0
20,600,2,F,12,1,2,2.194581985473633,-1.5326669216156006,0.7615196704864502,600,2.8255459829233587,245,0
20,600,2,F,12,1,3,1.7932298183441162,-1.2561450004577637,0.7030403017997742,600,2.8255459829233587,246,0
20,600,2,F,13,0,0,3.61972975730896,1.9087965488433838,0.6470718383789062,600,2.959745990112424,242,0
20,600,2,F,13,0,1,4.0512285232543945,1.9166512489318848,0.6805462837219238,600,2.959745990112424,246,0
20,600,2,F,13,0,2,3.6137566566467285,1.778263807296753,0.6532946825027466,600,2.959745990112424,245,0
20,600,2,F,13,0,3,3.6141934394836426,1.7292096614837646,0.6313314437866211,600,2.959745990112424,244,0
20,600,2,F,13,1,0,2.058302402496338,1.3180782794952393,0.5833595991134644,600,3.008618997875601,245,0
20,600,2,F,13,1,1,2.174447536468506,1.3609822988510132,0.6024342775344849,600,3.008618997875601,243,0
20,600,2,F,13,1,2,2.2043166160583496,1.3124500513076782,0.6759766936302185,600,3.008618997875601,244,0
20,600,2,F,13,1,3,2.1594924926757812,1.3552685976028442,0.6305332779884338,600,3.008618997875601,240,0
20,600,2,F,14,0,0,4.856734275817871,1.6812305450439453,0.6160050630569458,600,2.8893093462102115,241,0
20,600,2,F,14,0,1,4.970536231994629,1.4706716537475586,0.6249693632125854,600,2.8893093462102115,244,0
20,600,2,F,14,0,2,4.046027183532715,1.564316749572754,0.5268436670303345,600,2.8893093462102115,245,0
20,600,2,F,14,0,3,4.469343185424805,1.313472032546997,0.6078296303749084,600,2.8893093462102115,245,0
20,600,2,F,14,1,0,-0.19248437881469727,-1.7122422456741333,0.5645803213119507,600,2.9652216881513596,246,0
20,600,2,F,14,1,1,0.1011422872543335,-1.6005682945251465,0.6434698700904846,600,2.9652216881513596,245,0
20,600,2,F,14,1,2,-0.03319978713989258,-1.424202561378479,0.5783787965774536,600,2.9652216881513596,244,0
20,600,2,F,14,1,3,-0.13625431060791016,-1.4230453968048096,0.5517381429672241,600,2.9652216881513596,245,0
20,600,2,F,15,0,0,0.16026026010513306,-4.098553657531738,0.8606038093566895,600,2.877569140866399,246,0
20,600,2,F,15,0,1,0.36825597286224365,-3.8998615741729736,0.8645962476730347,600,2.877569140866399,245,0
20,600,2,F,15,0,2,0.1191205382347107,-4.128448963165283,0.8786090612411499,600,2.877569140866399,246,0
20,600,2,F,15,0,3,-0.06006801128387451,-4.129988193511963,0.8631600141525269,600,2.877569140866399,246,0
20,600,2,F,15,1,0,0.36202651262283325,-1.445676565170288,0.8792102336883545,600,3.0564374648965895,244,0
20,600,2,F,15,1,1,0.39238953590393066,-1.4337705373764038,0.8673989176750183,600,3.0564374648965895,245,0
20,600,2,F,15,1,2,0.2556845545768738,-1.4107232093811035,0.8643257021903992,600,3.0564374648965895,246,0
20,600,2,F,15,1,3,0.08024144172668457,-1.4710500240325928,0.8269298672676086,600,3.0564374648965895,244,0
20,600,2,F,16,0,0,-0.428364634513855,-2.331179618835449,0.8363272547721863,600,3.0679244049824774,244,0
20,600,2,F,16,0,1,-0.8307321667671204,-2.5930113792419434,0.8446472883224487,600,3.0679244049824774,241,0
20,600,2,F,16,0,2,-0.688959002494812,-2.4697723388671875,0.8253717422485352,600,3.0679244049824774,234,0
20,600,2,F,16,0,3,-0.5822317600250244,-2.524259328842163,0.8466925621032715,600,3.0679244049824774,244,0
20,600,2,F,16,1,0,-1.700178623199463,-2.440575122833252,0.8203068971633911,600,3.1657387637533247,242,0
20,600,2,F,16,1,1,-1.65159010887146,-2.528761148452759,0.860170841217041,600,3.1657387637533247,237,0
20,600,2,F,16,1,2,-1.6830289363861084,-2.5080361366271973,0.8505891561508179,600,3.1657387637533247,244,0
20,600,2,F,16,1,3,-1.6808348894119263,-2.5120410919189453,0.8466525077819824,600,3.1657387637533247,244,0
20,600,2,F,17,0,0,1.1177902221679688,0.5490301847457886,0.7600832581520081,600,2.9857922857627273,246,0
20,600,2,F,17,0,1,1.15616774559021,0.4753410518169403,0.7967902421951294,600,2.9857922857627273,246,0
20,600,2,F,17,0,2,1.162825107574463,0.5096491575241089,0.784369945526123,600,2.9857922857627273,246,0
20,600,2,F,17,0,3,1.1393401622772217,0.487093448638916,0.7738176584243774,600,2.9857922857627273,246,0
20,600,2,F,17,1,0,-0.0437244176864624,-3.5365514755249023,0.7498661875724792,600,3.0239934101700783,246,0
20,600,2,F,17,1,1,0.282055139541626,-3.462891101837158,0.8180951476097107,600,3.0239934101700783,244,0
20,600,2,F,17,1,2,0.06983470916748047,-3.6580021381378174,0.7825273871421814,600,3.0239934101700783,246,0
20,600,2,F,17,1,3,0.31808435916900635,-3.5578019618988037,0.806078314781189,600,3.0239934101700783,243,0
20,600,2,F,18,0,0,1.0592721700668335,-1.7628564834594727,0.512697160243988,600,2.9036143962293863,246,0
20,600,2,F,18,0,1,1.547012448310852,-1.6934059858322144,0.5715361833572388,600,2.9036143962293863,245,0
20,600,2,F,18,0,2,1.0097144842147827,-1.708490014076233,0.5043714046478271,600,2.9036143962293863,246,0
20,600,2,F,18,0,3,0.684126615524292,-1.6477177143096924,0.4731987416744232,600,2.9036143962293863,244,0
20,600,2,F,18,1,0,0.945274829864502,-0.6193473935127258,0.5533550977706909,600,2.8199584521353245,246,0
20,600,2,F,18,1,1,0.6483034491539001,-0.6373253464698792,0.5022515654563904,600,2.8199584521353245,246,0
20,600,2,F,18,1,2,0.7073157429695129,-0.6253989338874817,0.45836979150772095,600,2.8199584521353245,245,0
20,600,2,F,18,1,3,0.9857264757156372,-0.611180305480957,0.4996558725833893,600,2.8199584521353245,244,0
20,600,2,F,19,0,0,5.884248733520508,-1.694230079650879,0.47448769211769104,600,2.917890166863799,245,0
20,600,2,F,19,0,1,6.482381820678711,-1.6987826824188232,0.5330392122268677,600,2.917890166863799,244,0
20,600,2,F,19,0,2,3.8034849166870117,-1.6477210521697998,0.4363265335559845,600,2.917890166863799,245,0
20,600,2,F,19,0,3,5.20123291015625,-1.1843602657318115,0.45006024837493896,600,2.917890166863799,245,0
20,600,2,F,19,1,0,9.659049987792969,-1.4555375576019287,0.598154604434967,600,2.870167611166835,245,0
20,600,2,F,19,1,1,6.938770771026611,-1.349419116973877,0.4742954671382904,600,2.870167611166835,243,0
20,600,2,F,19,1,2,8.370745658874512,-1.4697017669677734,0.5196530222892761,600,2.870167611166835,244,0
20,600,2,F,19,1,3,8.03619384765625,-1.466141939163208,0.526311457157135,600,2.870167611166835,244,0
20,600,2,F,20,0,0,3.311030387878418,-0.9607453346252441,0.5244891047477722,600,2.9044832810759544,245,0
20,600,2,F,20,0,1,3.242724895477295,-0.9389474391937256,0.5129339098930359,600,2.9044832810759544,245,0
20,600,2,F,20,0,2,2.6527583599090576,-0.8097211122512817,0.4669058620929718,600,2.9044832810759544,243,0
20,600,2,F,20,0,3,2.4516329765319824,-0.9685752391815186,0.4709862172603607,600,2.9044832810759544,243,0
20,600,2,F,20,1,0,1.6023926734924316,-3.8032238483428955,0.5150273442268372,600,2.9413092019967735,244,0
20,600,2,F,20,1,1,1.1889114379882812,-3.857095718383789,0.4654701054096222,600,2.9413092019967735,246,0
20,600,2,F,20,1,2,2.9901373386383057,-3.873941659927368,0.4954349100589752,600,2.9413092019967735,245,0
20,600,2,F,20,1,3,1.3809013366699219,-4.039318561553955,0.5059118270874023,600,2.9413092019967735,246,0
20,600,2,F,21,0,0,0.46212494373321533,-1.4125316143035889,0.6771190166473389,600,2.912040124181658,246,0
20,600,2,F,21,0,1,0.15289413928985596,-1.489100694656372,0.6606547832489014,600,2.912040124181658,245,0
20,600,2,F,21,0,2,1.0212726593017578,-1.4276350736618042,0.7431974411010742,600,2.912040124181658,244,0
20,600,2,F,21,0,3,0.4810326099395752,-1.486756443977356,0.6591545343399048,600,2.912040124181658,244,0
20,600,2,F,21,1,0,3.716449737548828,1.8260459899902344,0.7531130313873291,600,2.9915622756816447,243,0
20,600,2,F,21,1,1,3.26900053024292,1.8205666542053223,0.6718579530715942,600,2.9915622756816447,246,0
20,600,2,F,21,1,2,3.6735219955444336,1.8208024501800537,0.7212311029434204,600,2.9915622756816447,242,0
20,600,2,F,21,1,3,2.978513240814209,1.8187806606292725,0.6034919023513794,600,2.9915622756816447,244,0
20,600,2,F,22,0,0,0.03083980083465576,-0.8680862784385681,0.6396495699882507,600,3.0189250269904733,245,0
20,600,2,F,22,0,1,-0.050605952739715576,-0.8281790614128113,0.631534218788147,600,3.0189250269904733,245,0
20,600,2,F,22,0,2,0.06752771139144897,-0.8581158518791199,0.6779668927192688,600,3.0189250269904733,244,0
20,600,2,F,22,0,3,0.24607670307159424,-0.8741646409034729,0.721780002117157,600,3.0189250269904733,246,0
20,600,2,F,22,1,0,3.0932068824768066,-0.8679496049880981,0.7115263342857361,600,2.9321154560893774,243,0
20,600,2,F,22,1,1,2.769551992416382,-0.9412218332290649,0.6979199051856995,600,2.9321154560893774,241,0
20,600,2,F,22,1,2,2.637209892272949,-0.5372735261917114,0.6584085822105408,600,2.9321154560893774,242,0
20,600,2,F,22,1,3,2.8790688514709473,-0.8594931364059448,0.6750965714454651,600,2.9321154560893774,243,0
20,600,2,F,23,0,0,3.1784818172454834,1.7665396928787231,0.5940679907798767,600,3.097541140858084,246,0
20,600,2,F,23,0,1,2.639061212539673,1.7615554332733154,0.5105204582214355,600,3.097541140858084,246,0
20,600,2,F,23,0,2,3.1238057613372803,1.772997498512268,0.5472840666770935,600,3.097541140858084,245,0
20,600,2,F,23,0,3,3.1010241508483887,1.7500903606414795,0.5513536930084229,600,3.097541140858084,246,0
20,600,2,F,23,1,0,2.1201882362365723,0.2156640589237213,0.6224714517593384,600,3.0548561927862465,241,0
20,600,2,F,23,1,1,2.3148772716522217,0.21812531352043152,0.663237988948822,600,3.0548561927862465,244,0
20,600,2,F,23,1,2,1.8283836841583252,0.1774141490459442,0.5538687109947205,600,3.0548561927862465,245,0
20,600,2,F,23,1,3,1.9414035081863403,0.14853957295417786,0.581536591053009,600,3.0548561927862465,243,0
20,600,2,F,24,0,0,7.536741256713867,1.7788310050964355,0.28138890862464905,600,3.017502618022263,246,0
20,600,2,F,24,0,1,6.957164764404297,1.804189920425415,0.27431121468544006,600,3.017502618022263,245,0
20,600,2,F,24,0,2,7.454995155334473,1.8069689273834229,0.30060645937919617,600,3.017502618022263,245,0
20,600,2,F,24,0,3,5.857394218444824,1.7799506187438965,0.2387946993112564,600,3.017502618022263,246,0
20,600,2,F,24,1,0,4.170969009399414,-0.8587997555732727,0.34797123074531555,600,3.085874085780233,244,0
20,600,2,F,24,1,1,3.1101577281951904,-0.7938840389251709,0.3196381628513336,600,3.085874085780233,244,0
20,600,2,F,24,1,2,2.754803419113159,-0.8528112173080444,0.3033786416053772,600,3.085874085780233,245,0
20,600,2,F,24,1,3,4.859530448913574,-0.7445600628852844,0.38108816742897034,600,3.085874085780233,245,0
20,600,2,F,25,0,0,3.3367128372192383,0.36357322335243225,0.29642781615257263,600,3.0730603598058224,245,0
20,600,2,F,25,0,1,4.068171977996826,0.3656768202781677,0.33083900809288025,600,3.0730603598058224,243,0
20,600,2,F,25,0,2,3.6948890686035156,0.3410390615463257,0.3192991316318512,600,3.0730603598058224,242,0
20,600,2,F,25,0,3,2.6363768577575684,0.3783372640609741,0.224951833486557,600,3.0730603598058224,243,0
20,600,2,F,25,1,0,15.610319137573242,2.109372138977051,0.4387041926383972,600,2.7170921531505883,245,0
20,600,2,F,25,1,1,12.766303062438965,2.3865866661071777,0.37120580673217773,600,2.7170921531505883,243,0
20,600,2,F,25,1,2,12.769890785217285,2.2949180603027344,0.3918902277946472,600,2.7170921531505883,245,0
20,600,2,F,25,1,3,13.68411922454834,2.0013816356658936,0.41968443989753723,600,2.7170921531505883,244,0
20,600,2,F,26,0,0,4.9614458084106445,1.9371309280395508,0.3731156587600708,600,2.869256876874715,246,0
20,600,2,F,26,0,1,4.402622699737549,1.994867205619812,0.29816100001335144,600,2.869256876874715,244,0
20,600,2,F,26,0,2,4.670346260070801,2.027275323867798,0.30949586629867554,600,2.869256876874715,245,0
20,600,2,F,26,0,3,4.915213584899902,2.0099048614501953,0.37042325735092163,600,2.869256876874715,244,0
20,600,2,F,26,1,0,3.215507745742798,-0.08159320056438446,0.286127507686615,600,3.0107732890173793,244,0
20,600,2,F,26,1,1,3.2463724613189697,-0.10045778751373291,0.33591699600219727,600,3.0107732890173793,244,0
20,600,2,F,26,1,2,4.035042762756348,-0.037902891635894775,0.37343528866767883,600,3.0107732890173793,243,0
20,600,2,F,26,1,3,4.174732685089111,0.022348761558532715,0.3114955723285675,600,3.0107732890173793,244,0
20,600,2,F,27,0,0,8.455286026000977,0.47368478775024414,0.41594013571739197,600,2.951837368309498,244,0
20,600,2,F,27,0,1,6.1298675537109375,0.3973880708217621,0.2930575907230377,600,2.951837368309498,245,0
20,600,2,F,27,0,2,8.379063606262207,0.3971017301082611,0.3812812566757202,600,2.951837368309498,245,0
20,600,2,F,27,0,3,6.290949821472168,0.460212767124176,0.2573774755001068,600,2.951837368309498,244,0
20,600,2,F,27,1,0,35.09771728515625,3.30709171295166,0.36251309514045715,600,2.9902900690212846,245,0
20,600,2,F,27,1,1,15.824234962463379,2.897505760192871,0.1852809488773346,600,2.9902900690212846,244,0
20,600,2,F,27,1,2,17.342388153076172,2.8675007820129395,0.19684186577796936,600,2.9902900690212846,245,0
20,600,2,F,27,1,3,31.87176513671875,2.721311330795288,0.3796249330043793,600,2.9902900690212846,246,0
20,600,2,F,28,0,0,13.597496032714844,2.0965633392333984,0.42358162999153137,600,3.022017400711775,242,0
20,600,2,F,28,0,1,14.634281158447266,2.137986898422241,0.3443376421928406,600,3.022017400711775,245,0
20,600,2,F,28,0,2,8.162862777709961,2.140749216079712,0.26735106110572815,600,3.022017400711775,245,0
20,600,2,F,28,0,3,11.917947769165039,2.084334135055542,0.35941484570503235,600,3.022017400711775,244,0
20,600,2,F,28,1,0,16.721824645996094,-0.08372902870178223,0.3051643669605255,600,2.8456449592486024,244,0
20,600,2,F,28,1,1,12.063434600830078,-0.13208651542663574,0.2986026108264923,600,2.8456449592486024,245,0
20,600,2,F,28,1,2,16.14695930480957,-0.1549363136291504,0.3628055453300476,600,2.8456449592486024,246,0
20,600,2,F,28,1,3,19.622005462646484,-0.25433969497680664,0.41423627734184265,600,2.8456449592486024,245,0
20,600,2,F,29,0,0,4.0412797927856445,1.6409748792648315,0.23760735988616943,600,3.0236094258725643,246,0
20,600,2,F,29,0,1,4.44003963470459,1.631684422492981,0.3155677318572998,600,3.0236094258725643,244,0
20,600,2,F,29,0,2,4.409505844116211,1.688687801361084,0.3009289503097534,600,3.0236094258725643,246,0
20,600,2,F,29,0,3,5.632015228271484,1.6660875082015991,0.3438159227371216,600,3.0236094258725643,246,0
20,600,2,F,29,1,0,24.078847885131836,1.0187931060791016,0.3997472822666168,600,2.9817461441271007,244,0
20,600,2,F,29,1,1,18.49764060974121,1.0036594867706299,0.30470988154411316,600,2.9817461441271007,243,0
20,600,2,F,29,1,2,13.89561653137207,1.0428580045700073,0.25110164284706116,600,2.9817461441271007,244,0
20,600,2,F,29,1,3,29.32299041748047,1.0820643901824951,0.4143911302089691,600,2.9817461441271007,246,0
20,600,2,F,30,0,0,5.677286624908447,-0.1462194323539734,0.39642417430877686,600,3.015023685991764,245,0
20,600,2,F,30,0,1,4.888853549957275,-0.06298273801803589,0.3517015874385834,600,3.015023685991764,244,0
20,600,2,F,30,0,2,3.956131935119629,-0.167624831199646,0.29714223742485046,600,3.015023685991764,246,0
20,600,2,F,30,0,3,6.030056476593018,-0.12029463052749634,0.42463257908821106,600,3.015023685991764,245,0
20,600,2,F,30,1,0,5.2399396896362305,0.09292352199554443,0.4794963002204895,600,3.13361502205953,244,0
20,600,2,F,30,1,1,3.3414108753204346,0.06685405969619751,0.31793561577796936,600,3.13361502205953,246,0
20,600,2,F,30,1,2,6.3470563888549805,0.07260006666183472,0.47968190908432007,600,3.13361502205953,245,0
20,600,2,F,30,1,3,4.630431652069092,0.07271218299865723,0.43471014499664307,600,3.13361502205953,245,0
20,600,2,F,31,0,0,8.91069507598877,-0.44853007793426514,0.4062858521938324,600,2.8952577728778124,243,0
20,600,2,F,31,0,1,6.062234878540039,-0.46101105213165283,0.30888932943344116,600,2.8952577728778124,245,0
20,600,2,F,31,0,2,9.36136245727539,-0.577089786529541,0.39389774203300476,600,2.8952577728778124,246,0
20,600,2,F,31,0,3,4.750014781951904,-0.32191264629364014,0.2903183102607727,600,2.8952577728778124,246,0
20,600,2,F,31,1,0,1.031912088394165,-2.486628293991089,0.3819013833999634,600,2.9575091879814863,246,0
20,600,2,F,31,1,1,1.4118194580078125,-2.531386375427246,0.430259108543396,600,2.9575091879814863,245,0
20,600,2,F,31,1,2,0.6384313106536865,-2.557075262069702,0.3271143138408661,600,2.9575091879814863,244,0
20,600,2,F,31,1,3,1.8410489559173584,-2.5463404655456543,0.379991352558136,600,2.9575091879814863,246,0
20,600,2,F,32,0,0,3.1538124084472656,1.45034921169281,0.4052290916442871,600,2.9747700663283467,243,0
20,600,2,F,32,0,1,3.2380013465881348,1.4286084175109863,0.4434378147125244,600,2.9747700663283467,245,0
20,600,2,F,32,0,2,3.2275748252868652,1.4328672885894775,0.41043803095817566,600,2.9747700663283467,244,0
20,600,2,F,32,0,3,3.0142459869384766,1.410130500793457,0.3866262435913086,600,2.9747700663283467,245,0
20,600,2,F,32,1,0,0.42813873291015625,-1.4535746574401855,0.386844664812088,600,3.0125499120913446,246,0
20,600,2,F,32,1,1,0.8264865875244141,-1.5245052576065063,0.44684547185897827,600,3.0125499120913446,245,0
20,600,2,F,32,1,2,0.05680835247039795,-1.4445797204971313,0.37209001183509827,600,3.0125499120913446,245,0
20,600,2,F,32,1,3,0.44178831577301025,-1.4898591041564941,0.4012086093425751,600,3.0125499120913446,245,0
20,600,2,F,33,0,0,14.345513343811035,-0.7007691264152527,0.42563188076019287,600,2.9799113711342216,244,0
20,600,2,F,33,0,1,12.549213409423828,-0.6676383018493652,0.36409464478492737,600,2.9799113711342216,245,0
20,600,2,F,33,0,2,13.271303176879883,-0.805234432220459,0.41178178787231445,600,2.9799113711342216,243,0
20,600,2,F,33,0,3,10.19975471496582,-0.7095935344696045,0.29402703046798706,600,2.9799113711342216,245,0
20,600,2,F,33,1,0,10.56872844696045,-1.6344399452209473,0.33485135436058044,600,3.0759527781046927,244,0
20,600,2,F,33,1,1,15.7715425491333,-1.6120260953903198,0.44803598523139954,600,3.0759527781046927,245,0
20,600,2,F,33,1,2,6.4267730712890625,-1.5063170194625854,0.23699025809764862,600,3.0759527781046927,244,0
20,600,2,F,33,1,3,7.065814971923828,-1.3222434520721436,0.2568250000476837,600,3.0759527781046927,244,0
20,600,2,F,34,0,0,10.132965087890625,-0.6619759202003479,0.3445990979671478,600,3.0032751779071987,244,0
20,600,2,F,34,0,1,10.871257781982422,-0.5830205678939819,0.4066210687160492,600,3.0032751779071987,243,0
20,600,2,F,34,0,2,7.772588729858398,-0.6197683215141296,0.2866683006286621,600,3.0032751779071987,245,0
20,600,2,F,34,0,3,7.215791702270508,-0.710791289806366,0.3113164007663727,600,3.0032751779071987,246,0
20,600,2,F,34,1,0,12.669550895690918,-1.3220406770706177,0.3734828233718872,600,2.9758814121596515,245,0
20,600,2,F,34,1,1,12.413495063781738,-1.325527310371399,0.35914549231529236,600,2.9758814121596515,245,0
20,600,2,F,34,1,2,12.840325355529785,-1.325576663017273,0.42482343316078186,600,2.9758814121596515,245,0
20,600,2,F,34,1,3,11.239214897155762,-1.3098803758621216,0.4226166605949402,600,2.9758814121596515,245,0
20,600,2,F,35,0,0,10.644721984863281,-0.14562952518463135,0.3044999837875366,600,3.01799484109506,245,0
20,600,2,F,35,0,1,11.737405776977539,-0.3860759735107422,0.3156795799732208,600,3.01799484109506,246,0
20,600,2,F,35,0,2,12.874576568603516,-0.07515309751033783,0.31700459122657776,600,3.01799484109506,246,0
20,600,2,F,35,0,3,15.302297592163086,-0.15806350111961365,0.35547176003456116,600,3.01799484109506,246,0
20,600,2,F,35,1,0,8.239784240722656,1.2644811868667603,0.48613932728767395,600,3.0171379041858017,245,0
20,600,2,F,35,1,1,6.9686994552612305,1.25502347946167,0.362398624420166,600,3.0171379041858017,244,0
20,600,2,F,35,1,2,4.019465446472168,1.3047833442687988,0.21093107759952545,600,3.0171379041858017,241,0
20,600,2,F,35,1,3,5.452553749084473,1.3085962533950806,0.33524635434150696,600,3.0171379041858017,244,0
20,600,0,FR,0,0,0,9.268180847167969,1.9116278886795044,0.5730438232421875,600,3.100339387077838,203,26
20,600,0,FR,0,0,1,8.467914581298828,1.9060781002044678,0.5273774862289429,600,3.100339387077838,222,30
20,600,0,FR,0,0,2,8.411083221435547,1.90919828414917,0.5168782472610474,600,3.100339387077838,220,9
20,600,0,FR,0,0,3,6.892848491668701,1.9102531671524048,0.47925838828086853,600,3.100339387077838,222,12
20,600,0,FR,0,1,0,12.757590293884277,-0.38179856538772583,0.5457771420478821,600,2.860530437901616,231,12
20,600,0,FR,0,1,1,9.30138111114502,-0.3883526027202606,0.44346883893013,600,2.860530437901616,244,7
20,600,0,FR,0,1,2,9.509711265563965,-0.3713304400444031,0.46808722615242004,600,2.860530437901616,229,12
20,600,0,FR,0,1,3,10.085358619689941,-0.38067886233329773,0.5032604336738586,600,2.860530437901616,235,24
20,600,0,FR,1,0,0,14.108827590942383,2.116819381713867,0.5651023983955383,600,2.986625153105706,231,11
20,600,0,FR,1,0,1,12.53827953338623,2.0594310760498047,0.5016365647315979,600,2.986625153105706,240,16
20,600,0,FR,1,0,2,11.353808403015137,2.038527250289917,0.4377339780330658,600,2.986625153105706,239,20
20,600,0,FR,1,0,3,10.700164794921875,1.9929168224334717,0.43001359701156616,600,2.986625153105706,240,15
20,600,0,FR,1,1,0,4.537968635559082,-0.35326912999153137,0.4821964204311371,600,3.0746769849210978,225,21
20,600,0,FR,1,1,1,3.966437578201294,-0.36369484663009644,0.45312732458114624,600,3.0746769849210978,238,24
20,600,0,FR,1,1,2,6.827901840209961,-0.36321592330932617,0.5538583397865295,600,3.0746769849210978,238,20
20,600,0,FR,1,1,3,5.098812103271484,-0.3672708570957184,0.5578389167785645,600,3.0746769849210978,241,24
20,600,0,FR,2,0,0,11.329084396362305,0.06845507025718689,0.4478224217891693,600,2.9018257218413055,224,17
20,600,0,FR,2,0,1,12.832437515258789,0.07576858997344971,0.4619503617286682,600,2.9018257218413055,208,17
20,600,0,FR,2,0,2,11.705644607543945,0.05012805759906769,0.5142393708229065,600,2.9018257218413055,221,18
20,600,0,FR,2,0,3,13.666425704956055,0.05700303614139557,0.5144314169883728,600,2.9018257218413055,228,17
20,600,0,FR,2,1,0,7.616372585296631,-1.4353622198104858,0.45491674542427063,600,3.0372073319740593,222,18
20,600,0,FR,2,1,1,5.684296131134033,-1.395080327987671,0.36800047755241394,600,3.0372073319740593,236,21
20,600,0,FR,2,1,2,8.090076446533203,-1.4805444478988647,0.47330766916275024,600,3.0372073319740593,208,20
20,600,0,FR,2,1,3,5.809021949768066,-1.4578725099563599,0.36780571937561035,600,3.0372073319740593,220,12
20,600,0,FR,3,0,0,31.34212875366211,1.7259951829910278,0.4018729627132416,600,3.0315758138895035,240,23
20,600,0,FR,3,0,1,30.834346771240234,1.8618593215942383,0.38145288825035095,600,3.0315758138895035,239,20
20,600,0,FR,3,0,2,34.11967086791992,1.8178083896636963,0.4727712869644165,600,3.0315758138895035,240,25
20,600,0,FR,3,0,3,24.64101791381836,1.8471384048461914,0.3302989602088928,600,3.0315758138895035,240,22
20,600,0,FR,3,1,0,14.17695140838623,-0.7011003494262695,0.23338980972766876,600,3.0664995247498155,221,37
20,600,0,FR,3,1,1,10.868550300598145,-0.7256630659103394,0.2597816586494446,600,3.0664995247498155,234,23
20,600,0,FR,3,1,2,13.00742244720459,-0.6699386239051819,0.2904723882675171,600,3.0664995247498155,231,22
20,600,0,FR,3,1,3,18.347496032714844,-0.7260051369667053,0.3387434184551239,600,3.0664995247498155,222,11
20,600,0,FR,4,0,0,11.664019584655762,1.9741277694702148,0.2860138714313507,600,2.9602623428218067,216,11
20,600,0,FR,4,0,1,11.101280212402344,1.9710787534713745,0.2499440461397171,600,2.9602623428218067,224,9
20,600,0,FR,4,0,2,17.411903381347656,1.9758599996566772,0.3873348832130432,600,2.9602623428218067,218,13
20,600,0,FR,4,0,3,16.005491256713867,2.1386971473693848,0.3219727575778961,600,2.9602623428218067,225,14
20,600,0,FR,4,1,0,4.298184394836426,-1.6662408113479614,0.3315015435218811,600,2.9087975746951997,213,18
20,600,0,FR,4,1,1,7.973040580749512,-1.6764557361602783,0.4805566966533661,600,2.9087975746951997,228,23
20,600,0,FR,4,1,2,5.459632873535156,-1.6467941999435425,0.399630606174469,600,2.9087975746951997,216,19
20,600,0,FR,4,1,3,6.959650039672852,-1.6321197748184204,0.36534368991851807,600,2.9087975746951997,231,20
20,600,0,FR,5,0,0,8.26202392578125,1.922084093093872,0.4226427972316742,600,2.9600264336913824,209,19
20,600,0,FR,5,0,1,7.465131759643555,1.911102294921875,0.34985533356666565,600,2.9600264336913824,221,21
20,600,0,FR,5,0,2,9.499939918518066,1.9147262573242188,0.4659373462200165,600,2.9600264336913824,238,23
20,600,0,FR,5,0,3,8.96641731262207,1.915845274925232,0.37693193554878235,600,2.9600264336913824,225,7
20,600,0,FR,5,1,0,15.990455627441406,-0.8729557394981384,0.3987167477607727,600,2.9655001489445567,232,18
20,600,0,FR,5,1,1,12.651693344116211,-0.8161546587944031,0.36221909523010254,600,2.9655001489445567,224,18
20,600,0,FR,5,1,2,9.445605278015137,-0.818962812423706,0.2986008822917938,600,2.9655001489445567,230,26
20,600,0,FR,5,1,3,16.38580894470215,-0.8347368836402893,0.3996257781982422,600,2.9655001489445567,215,14
20,600,0,FR,6,0,0,26.61004066467285,-0.44184327125549316,0.25610923767089844,600,3.0602573468349874,222,11
20,600,0,FR,6,0,1,31.679576873779297,-0.8470847010612488,0.274400532245636,600,3.0602573468349874,223,18
20,600,0,FR,6,0,2,40.66617202758789,-0.9091657400131226,0.3314397633075714,600,3.0602573468349874,234,12
20,600,0,FR,6,0,3,32.44700241088867,-0.8092917203903198,0.2949252426624298,600,3.0602573468349874,212,9
20,600,0,FR,6,1,0,18.161739349365234,0.663982093334198,0.18711882829666138,600,3.02658469369635,209,21
20,600,0,FR,6,1,1,22.529438018798828,0.6891598701477051,0.2203068882226944,600,3.02658469369635,212,15
20,600,0,FR,6,1,2,26.499223709106445,0.7957189083099365,0.27581191062927246,600,3.02658469369635,224,12
20,600,0,FR,6,1,3,30.976787567138672,0.6863551139831543,0.2608022391796112,600,3.02658469369635,218,14
20,600,0,FR,7,0,0,13.433576583862305,1.435700535774231,0.2282113879919052,600,3.084011163096875,220,14
20,600,0,FR,7,0,1,17.93805694580078,1.3703560829162598,0.30723950266838074,600,3.084011163096875,210,14
20,600,0,FR,7,0,2,14.884125709533691,1.562239646911621,0.22525307536125183,600,3.084011163096875,218,10
20,600,0,FR,7,0,3,9.677839279174805,1.4158533811569214,0.16215990483760834,600,3.084011163096875,230,25
20,600,0,FR,7,1,0,21.719783782958984,0.440724641084671,0.4178548753261566,600,2.927677867002785,224,12
20,600,0,FR,7,1,1,12.011616706848145,0.46897658705711365,0.25362539291381836,600,2.927677867002785,222,11
20,600,0,FR,7,1,2,13.937983512878418,0.4737207889556885,0.2586814761161804,600,2.927677867002785,231,14
20,600,0,FR,7,1,3,14.306577682495117,0.5123164653778076,0.29997536540031433,600,2.927677867002785,230,13
20,600,0,FR,8,0,0,4.504683017730713,0.40632230043411255,0.10313067585229874,600,3.1292676790617406,224,13
20,600,0,FR,8,0,1,10.148760795593262,0.417428195476532,0.20322193205356598,600,3.1292676790617406,236,19
20,600,0,FR,8,0,2,6.569416522979736,0.43510901927948,0.165390282869339,600,3.1292676790617406,226,17
20,600,0,FR,8,0,3,12.305617332458496,0.4082622230052948,0.2715889811515808,600,3.1292676790617406,219,12
20,600,0,FR,8,1,0,14.925996780395508,1.8562862873077393,0.28145694732666016,600,3.046827532351017,235,16
20,600,0,FR,8,1,1,9.749479293823242,1.8745769262313843,0.2176397442817688,600,3.046827532351017,240,18
20,600,0,FR,8,1,2,8.042329788208008,1.858536720275879,0.14586833119392395,600,3.046827532351017,243,17
20,600,0,FR,8,1,3,11.234466552734375,1.869931697845459,0.24508236348628998,600,3.046827532351017,220,21
20,600,0,FR,9,0,0,9.22131061553955,1.9376468658447266,0.27146676182746887,600,2.9005967248231173,242,21
20,600,0,FR,9,0,1,12.14574146270752,1.9753284454345703,0.28207677602767944,600,2.9005967248231173,238,8
20,600,0,FR,9,0,2,13.052593231201172,2.0180249214172363,0.2878735661506653,600,2.9005967248231173,242,24
20,600,0,FR,9,0,3,9.039137840270996,1.9841872453689575,0.21503521502017975,600,2.9005967248231173,235,17
20,600,0,FR,9,1,0,15.779260635375977,1.7671008110046387,0.27941396832466125,600,2.952447052113712,216,24
20,600,0,FR,9,1,1,10.593145370483398,1.9272541999816895,0.19366110861301422,600,2.952447052113712,218,10
20,600,0,FR,9,1,2,19.884187698364258,1.8645820617675781,0.33519867062568665,600,2.952447052113712,227,12
20,600,0,FR,9,1,3,11.103632926940918,1.7958550453186035,0.21859334409236908,600,2.952447052113712,234,25
20,600,0,FR,10,0,0,19.882137298583984,-0.1497786045074463,0.3620353043079376,600,3.034228099975735,235,15
20,600,0,FR,10,0,1,15.620132446289062,-0.3310244083404541,0.29733774065971375,600,3.034228099975735,239,15
20,600,0,FR,10,0,2,14.99620246887207,-0.3593558073043823,0.3143969476222992,600,3.034228099975735,239,18
20,600,0,FR,10,0,3,23.970731735229492,-0.4371488094329834,0.41913700103759766,600,3.034228099975735,238,31
20,600,0,FR,10,1,0,9.671875953674316,-0.9919253587722778,0.31315720081329346,600,2.9880250529386103,228,15
20,600,0,FR,10,1,1,5.6640119552612305,-1.1415045261383057,0.2080891877412796,600,2.9880250529386103,234,19
20,600,0,FR,10,1,2,8.702988624572754,-1.1065080165863037,0.31763529777526855,600,2.9880250529386103,220,17
20,600,0,FR,10,1,3,8.646261215209961,-1.1094410419464111,0.3191717863082886,600,2.9880250529386103,220,15
20,600,0,FR,11,0,0,1.8871660232543945,-1.36884605884552,0.3318603038787842,600,2.9381496626883745,216,13
20,600,0,FR,11,0,1,2.0852367877960205,-1.3732417821884155,0.3479422926902771,600,2.9381496626883745,237,15
20,600,0,FR,11,0,2,0.5133988857269287,-1.2826076745986938,0.21941523253917694,600,2.9381496626883745,233,31
20,600,0,FR,11,0,3,1.0959296226501465,-1.3122600317001343,0.286311537027359,600,2.9381496626883745,234,39
20,600,0,FR,11,1,0,3.719280242919922,-0.8284121751785278,0.23709064722061157,600,3.098314430564642,237,14
20,600,0,FR,11,1,1,6.505157470703125,-0.1611272096633911,0.33389487862586975,600,3.098314430564642,241,18
20,600,0,FR,11,1,2,5.182920932769775,-0.7773041725158691,0.31376317143440247,600,3.098314430564642,240,20
20,600,0,FR,11,1,3,9.371870994567871,-0.26490896940231323,0.4390212893486023,600,3.098314430564642,239,20
20,600,0,FR,12,0,0,-0.6429194808006287,-1.465720295906067,0.7323696613311768,600,3.0702850688248873,241,36
20,600,0,FR,12,0,1,-0.7491077184677124,-1.4781005382537842,0.7046636343002319,600,3.0702850688248873,244,16
20,600,0,FR,12,0,2,-0.8350474238395691,-1.462289810180664,0.6721524000167847,600,3.0702850688248873,240,18
20,600,0,FR,12,0,3,-0.6939939260482788,-1.4361664056777954,0.7036423087120056,600,3.0702850688248873,239,19
20,600,0,FR,12,1,0,1.7988674640655518,-1.6989322900772095,0.6938242316246033,600,3.1115753152407706,245,15
20,600,0,FR,12,1,1,1.7945311069488525,-1.2066954374313354,0.6905783414840698,600,3.1115753152407706,241,10
20,600,0,FR,12,1,2,2.194581985473633,-1.3282289505004883,0.751124382019043,600,3.1115753152407706,239,34
20,600,0,FR,12,1,3,1.7932298183441162,-1.418580174446106,0.7137598991394043,600,3.1115753152407706,241,11
20,600,0,FR,13,0,0,3.61972975730896,1.7913538217544556,0.6620811223983765,600,3.100721449125558,226,19
20,600,0,FR,13,0,1,4.0512285232543945,2.0543434619903564,0.6658787131309509,600,3.100721449125558,233,13
20,600,0,FR,13,0,2,3.6137566566467285,1.8579654693603516,0.6431723237037659,600,3.100721449125558,225,11
20,600,0,FR,13,0,3,3.6141934394836426,1.7550362348556519,0.6281145811080933,600,3.100721449125558,221,10
20,600,0,FR,13,1,0,2.058302402496338,1.2216602563858032,0.6127826571464539,600,2.978068574797362,229,20
20,600,0,FR,13,1,1,2.174447536468506,1.263253092765808,0.6292665004730225,600,2.978068574797362,222,12
20,600,0,FR,13,1,2,2.2043166160583496,1.2827967405319214,0.6830991506576538,600,2.978068574797362,217,32
20,600,0,FR,13,1,3,2.1594924926757812,1.3551470041275024,0.6305685043334961,600,2.978068574797362,227,21
20,600,0,FR,14,0,0,4.856734275817871,1.2976924180984497,0.6425963044166565,600,3.1372525678016245,220,5
20,600,0,FR,14,0,1,4.970536231994629,1.2318364381790161,0.640309751033783,600,3.1372525678016245,229,13
20,600,0,FR,14,0,2,4.046027183532715,0.8516917824745178,0.5890184044837952,600,3.1372525678016245,233,9
20,600,0,FR,14,0,3,4.469343185424805,1.144641637802124,0.6201802492141724,600,3.1372525678016245,223,21
20,600,0,FR,14,1,0,-0.19248437881469727,-1.9065566062927246,0.5938955545425415,600,2.9730851873755455,220,15
20,600,0,FR,14,1,1,0.1011422872543335,-1.8422136306762695,0.6733198165893555,600,2.9730851873755455,226,13
20,600,0,FR,14,1,2,-0.03319978713989258,-1.5688178539276123,0.6022933125495911,600,2.9730851873755455,230,16
20,600,0,FR,14,1,3,-0.13625431060791016,-1.705039620399475,0.6000914573669434,600,2.9730851873755455,216,13
20,600,0,FR,15,0,0,0.16026026010513306,-4.177737712860107,0.8627992272377014,600,2.9855485218577087,223,24
20,600,0,FR,15,0,1,0.36825597286224365,-4.122743606567383,0.8704456090927124,600,2.9855485218577087,230,24
20,600,0,FR,15,0,2,0.1191205382347107,-4.16140079498291,0.879430890083313,600,2.9855485218577087,236,27
20,600,0,FR,15,0,3,-0.06006801128387451,-4.173619747161865,0.8644146919250488,600,2.9855485218577087,220,32
20,600,0,FR,15,1,0,0.36202651262283325,-1.4218107461929321,0.8777916431427002,600,2.8543284661136568,227,13
20,600,0,FR,15,1,1,0.39238953590393066,-1.4850653409957886,0.8705528378486633,600,2.8543284661136568,243,35
20,600,0,FR,15,1,2,0.2556845545768738,-1.4555219411849976,0.8674066662788391,600,2.8543284661136568,238,24
20,600,0,FR,15,1,3,0.08024144172668457,-1.4730844497680664,0.8271173238754272,600,2.8543284661136568,241,13
20,600,0,FR,16,0,0,-0.428364634513855,-2.579030990600586,0.8524055480957031,600,2.9251977810636163,237,26
20,600,0,FR,16,0,1,-0.8307321667671204,-2.542062759399414,0.840758740901947,600,2.9251977810636163,239,14
20,600,0,FR,16,0,2,-0.688959002494812,-2.5474071502685547,0.8314370512962341,600,2.9251977810636163,235,22
20,600,0,FR,16,0,3,-0.5822317600250244,-2.557781219482422,0.8489008545875549,600,2.9251977810636163,236,26
20,600,0,FR,16,1,0,-1.700178623199463,-2.489873170852661,0.829613208770752,600,3.049962494056672,227,20
20,600,0,FR,16,1,1,-1.65159010887146,-2.51155161857605,0.857770562171936,600,3.049962494056672,231,30
20,600,0,FR,16,1,2,-1.6830289363861084,-2.541127920150757,0.8555185198783875,600,3.049962494056672,242,26
20,600,0,FR,16,1,3,-1.6808348894119263,-2.499751567840576,0.8447086215019226,600,3.049962494056672,224,15
20,600,0,FR,17,0,0,1.1177902221679688,0.5250511169433594,0.7675326466560364,600,2.8186783040873706,232,12
20,600,0,FR,17,0,1,1.15616774559021,0.4835643470287323,0.7948155999183655,600,2.8186783040873706,228,11
20,600,0,FR,17,0,2,1.162825107574463,0.4688248038291931,0.7944470047950745,600,2.8186783040873706,223,16
20,600,0,FR,17,0,3,1.1393401622772217,0.48114410042762756,0.7754029035568237,600,2.8186783040873706,240,16
20,600,0,FR,17,1,0,-0.0437244176864624,-3.6658921241760254,0.756624162197113,600,3.0280944681726396,239,17
20,600,0,FR,17,1,1,0.282055139541626,-3.3490102291107178,0.8134543299674988,600,3.0280944681726396,240,16
20,600,0,FR,17,1,2,0.06983470916748047,-3.563262462615967,0.7781147956848145,600,3.0280944681726396,239,14
20,600,0,FR,17,1,3,0.31808435916900635,-3.639370918273926,0.809313178062439,600,3.0280944681726396,240,15
20,600,0,FR,18,0,0,1.0592721700668335,-1.765320897102356,0.5129151344299316,600,3.0685113766230643,231,17
20,600,0,FR,18,0,1,1.547012448310852,-1.7206066846847534,0.5735819339752197,600,3.0685113766230643,239,17
20,600,0,FR,18,0,2,1.0097144842147827,-1.774366855621338,0.5103566646575928,600,3.0685113766230643,243,24
20,600,0,FR,18,0,3,0.684126615524292,-1.7599732875823975,0.48493194580078125,600,3.0685113766230643,230,24
20,600,0,FR,18,1,0,0.945274829864502,-0.6338815093040466,0.5556392073631287,600,2.9070339258760214,227,26
20,600,0,FR,18,1,1,0.6483034491539001,-0.6364138126373291,0.5020742416381836,600,2.9070339258760214,234,17
20,600,0,FR,18,1,2,0.7073157429695129,-0.6319352388381958,0.45958468317985535,600,2.9070339258760214,211,21
20,600,0,FR,18,1,3,0.9857264757156372,-0.6159193515777588,0.500396728515625,600,2.9070339258760214,232,15
20,600,0,FR,19,0,0,5.884248733520508,-1.7616183757781982,0.47669559717178345,600,3.0950207551941276,243,13
20,600,0,FR,19,0,1,6.482381820678711,-1.726639986038208,0.5338852405548096,600,3.0950207551941276,245,13
20,600,0,FR,19,0,2,3.8034849166870117,-1.6692771911621094,0.43729737401008606,600,3.0950207551941276,244,15
20,600,0,FR,19,0,3,5.20123291015625,-1.6519224643707275,0.4676048159599304,600,3.0950207551941276,241,11
20,600,0,FR,19,1,0,9.659049987792969,-1.491553544998169,0.5989319682121277,600,3.0247988030314445,234,25
20,600,0,FR,19,1,1,6.938770771026611,-1.3409464359283447,0.4740404784679413,600,3.0247988030314445,223,11
20,600,0,FR,19,1,2,8.370745658874512,-1.4857146739959717,0.5200588703155518,600,3.0247988030314445,225,19
20,600,0,FR,19,1,3,8.03619384765625,-1.509622573852539,0.5274494886398315,600,3.0247988030314445,221,20
20,600,0,FR,20,0,0,3.311030387878418,-0.7995257377624512,0.5148864388465881,600,3.218547421041876,239,16
20,600,0,FR,20,0,1,3.242724895477295,-0.8498705625534058,0.5075532793998718,600,3.218547421041876,243,12
20,600,0,FR,20,0,2,2.6527583599090576,-0.7869083881378174,0.46526089310646057,600,3.218547421041876,241,12
20,600,0,FR,20,0,3,2.4516329765319824,-0.8946083784103394,0.46554237604141235,600,3.218547421041876,227,16
20,600,0,FR,20,1,0,1.6023926734924316,-3.7842700481414795,0.5141499638557434,600,3.013052210211754,235,16
20,600,0,FR,20,1,1,1.1889114379882812,-4.04103946685791,0.47438865900039673,600,3.013052210211754,227,17
20,600,0,FR,20,1,2,2.9901373386383057,-4.016570568084717,0.5005763173103333,600,3.013052210211754,227,16
20,600,0,FR,20,1,3,1.3809013366699219,-4.058287143707275,0.5067850947380066,600,3.013052210211754,201,12
20,600,0,FR,21,0,0,0.46212494373321533,-1.4620085954666138,0.6827878355979919,600,3.0191790610551834,235,17
20,600,0,FR,21,0,1,0.15289413928985596,-1.419220209121704,0.6508376002311707,600,3.0191790610551834,217,19
20,600,0,FR,21,0,2,1.0212726593017578,-1.4196598529815674,0.7425743937492371,600,3.0191790610551834,228,17
20,600,0,FR,21,0,3,0.4810326099395752,-1.472703218460083,0.6575424075126648,600,3.0191790610551834,229,14
20,600,0,FR,21,1,0,3.716449737548828,1.8101162910461426,0.7546699643135071,600,3.066241185646504,238,17
20,600,0,FR,21,1,1,3.26900053024292,1.8197455406188965,0.6719828844070435,600,3.066241185646504,236,18
20,600,0,FR,21,1,2,3.6735219955444336,1.805027961730957,0.7229325175285339,600,3.066241185646504,235,11
20,600,0,FR,21,1,3,2.978513240814209,1.8407800197601318,0.5989001989364624,600,3.066241185646504,241,15
20,600,0,FR,22,0,0,0.03083980083465576,-0.8740829825401306,0.641180694103241,600,2.979467943776399,241,14
20,600,0,FR,22,0,1,-0.050605952739715576,-0.8533458709716797,0.6389148831367493,600,2.979467943776399,243,42
20,600,0,FR,22,0,2,0.06752771139144897,-0.888590395450592,0.6849978566169739,600,2.979467943776399,237,26
20,600,0,FR,22,0,3,0.24607670307159424,-0.8762821555137634,0.7221590280532837,600,2.979467943776399,243,21
20,600,0,FR,22,1,0,3.0932068824768066,-0.8500889539718628,0.7105979323387146,600,3.1374373519793153,224,17
20,600,0,FR,22,1,1,2.769551992416382,-0.9137324690818787,0.6963499784469604,600,3.1374373519793153,219,20
20,600,0,FR,22,1,2,2.637209892272949,-0.8640235662460327,0.680088996887207,600,3.1374373519793153,224,18
20,600,0,FR,22,1,3,2.8790688514709473,-0.9439568519592285,0.6799775958061218,600,3.1374373519793153,229,17
20,600,0,FR,23,0,0,3.1784818172454834,1.7791677713394165,0.5918996930122375,600,3.0133700678125024,245,19
20,600,0,FR,23,0,1,2.639061212539673,1.763020634651184,0.5101029276847839,600,3.0133700678125024,235,42
20,600,0,FR,23,0,2,3.1238057613372803,1.7583653926849365,0.5499520897865295,600,3.0133700678125024,244,46
20,600,0,FR,23,0,3,3.1010241508483887,1.746204137802124,0.5520641803741455,600,3.0133700678125024,240,38
20,600,0,FR,23,1,0,2.1201882362365723,0.14640292525291443,0.6308284401893616,600,3.0330119230784476,234,4
20,600,0,FR,23,1,1,2.3148772716522217,0.15901216864585876,0.6694193482398987,600,3.0330119230784476,224,14
20,600,0,FR,23,1,2,1.8283836841583252,0.16727419197559357,0.555381178855896,600,3.0330119230784476,226,15
20,600,0,FR,23,1,3,1.9414035081863403,0.17017659544944763,0.5785789489746094,600,3.0330119230784476,237,13
20,600,0,FR,24,0,0,7.536741256713867,1.687849760055542,0.2845698893070221,600,2.936664940789342,228,10
20,600,0,FR,24,0,1,6.957164764404297,1.6802304983139038,0.2790684998035431,600,2.936664940789342,237,20
20,600,0,FR,24,0,2,7.454995155334473,1.6590362787246704,0.30607008934020996,600,2.936664940789342,226,20
20,600,0,FR,24,0,3,5.857394218444824,1.8082165718078613,0.23753252625465393,600,2.936664940789342,227,18
20,600,0,FR,24,1,0,4.170969009399414,-0.8310760259628296,0.3467182517051697,600,3.058109533973038,238,32
20,600,0,FR,24,1,1,3.1101577281951904,-0.892196536064148,0.3250707685947418,600,3.058109533973038,242,30
20,600,0,FR,24,1,2,2.754803419113159,-0.8626577258110046,0.3039550185203552,600,3.058109533973038,239,27
20,600,0,FR,24,1,3,4.859530448913574,-0.8166060447692871,0.3841055929660797,600,3.058109533973038,234,19
20,600,0,FR,25,0,0,3.3367128372192383,0.3582056164741516,0.29680415987968445,600,3.083108926191926,242,15
20,600,0,FR,25,0,1,4.068171977996826,0.4377378225326538,0.3265022933483124,600,3.083108926191926,243,18
20,600,0,FR,25,0,2,3.6948890686035156,0.3308461308479309,0.3199590742588043,600,3.083108926191926,243,11
20,600,0,FR,25,0,3,2.6363768577575684,0.33604156970977783,0.2282039076089859,600,3.083108926191926,241,16
20,600,0,FR,25,1,0,15.610319137573242,1.9544858932495117,0.4415150284767151,600,3.1597655043005943,238,25
20,600,0,FR,25,1,1,12.766303062438965,2.176574230194092,0.3758932054042816,600,3.1597655043005943,241,18
20,600,0,FR,25,1,2,12.769890785217285,2.1229114532470703,0.39577847719192505,600,3.1597655043005943,242,29
20,600,0,FR,25,1,3,13.68411922454834,1.9640543460845947,0.42046159505844116,600,3.1597655043005943,240,22
20,600,0,FR,26,0,0,4.9614458084106445,1.9578831195831299,0.37150657176971436,600,3.199881400913,240,28
20,600,0,FR,26,0,1,4.402622699737549,1.9993456602096558,0.2977715730667114,600,3.199881400913,236,16
20,600,0,FR,26,0,2,4.670346260070801,1.9836225509643555,0.3130074739456177,600,3.199881400913,238,25
20,600,0,FR,26,0,3,4.915213584899902,1.9879693984985352,0.3721791207790375,600,3.199881400913,237,26
20,600,0,FR,26,1,0,3.215507745742798,-0.04056578874588013,0.28357675671577454,600,2.8934206017293036,221,18
20,600,0,FR,26,1,1,3.2463724613189697,-0.016845256090164185,0.3302967846393585,600,2.8934206017293036,236,23
20,600,0,FR,26,1,2,4.035042762756348,-0.09934559464454651,0.37694525718688965,600,2.8934206017293036,226,18
20,600,0,FR,26,1,3,4.174732685089111,-0.04807347059249878,0.3151136636734009,600,2.8934206017293036,226,20
20,600,0,FR,27,0,0,8.455286026000977,0.5140224099159241,0.41470980644226074,600,3.034273676108569,216,22
20,600,0,FR,27,0,1,6.1298675537109375,0.362628310918808,0.2943115830421448,600,3.034273676108569,223,20
20,600,0,FR,27,0,2,8.379063606262207,0.3998482823371887,0.3812001049518585,600,3.034273676108569,225,21
20,600,0,FR,27,0,3,6.290949821472168,0.35884031653404236,0.2606857120990753,600,3.034273676108569,228,16
20,600,0,FR,27,1,0,35.09771728515625,2.5316202640533447,0.3681008219718933,600,3.182888246141374,214,9
20,600,0,FR,27,1,1,15.824234962463379,2.9330625534057617,0.18486551940441132,600,3.182888246141374,233,15
20,600,0,FR,27,1,2,17.342388153076172,2.571568489074707,0.2000611126422882,600,3.182888246141374,232,18
20,600,0,FR,27,1,3,31.87176513671875,2.591775417327881,0.3806697428226471,600,3.182888246141374,229,15
20,600,0,FR,28,0,0,13.597496032714844,1.8609975576400757,0.4285396337509155,600,2.99571007816121,240,19
20,600,0,FR,28,0,1,14.634281158447266,1.8887263536453247,0.3488103151321411,600,2.99571007816121,234,15
20,600,0,FR,28,0,2,8.162862777709961,2.0105600357055664,0.2715612053871155,600,2.99571007816121,221,23
20,600,0,FR,28,0,3,11.917947769165039,1.9280426502227783,0.3630533814430237,600,2.99571007816121,242,28
20,600,0,FR,28,1,0,16.721824645996094,-0.1547485589981079,0.3060592710971832,600,2.970600984059274,209,15
20,600,0,FR,28,1,1,12.063434600830078,-0.17669814825057983,0.29936790466308594,600,2.970600984059274,223,15
20,600,0,FR,28,1,2,16.14695930480957,-0.17961138486862183,0.3631552755832672,600,2.970600984059274,206,16
20,600,0,FR,28,1,3,19.622005462646484,-0.2626580595970154,0.41433778405189514,600,2.970600984059274,232,22
20,600,0,FR,29,0,0,4.0412797927856445,1.6188422441482544,0.2392740696668625,600,3.120979796629399,222,14
20,600,0,FR,29,0,1,4.44003963470459,1.6701340675354004,0.3125978112220764,600,3.120979796629399,203,28
20,600,0,FR,29,0,2,4.409505844116211,1.6249417066574097,0.3058232069015503,600,3.120979796629399,225,19
20,600,0,FR,29,0,3,5.632015228271484,1.6425867080688477,0.3451501131057739,600,3.120979796629399,227,24
20,600,0,FR,29,1,0,24.078847885131836,0.8703925013542175,0.4012874960899353,600,2.8726669447496533,231,17
20,600,0,FR,29,1,1,18.49764060974121,1.1191052198410034,0.30330899357795715,600,2.8726669447496533,222,15
20,600,0,FR,29,1,2,13.89561653137207,0.8123552799224854,0.254459023475647,600,2.8726669447496533,233,9
20,600,0,FR,29,1,3,29.32299041748047,0.7684527039527893,0.4170736074447632,600,2.8726669447496533,223,20
20,600,0,FR,30,0,0,5.677286624908447,-0.14834773540496826,0.39651161432266235,600,3.0550771513953805,231,17
20,600,0,FR,30,0,1,4.888853549957275,-0.1372915506362915,0.3551051914691925,600,3.0550771513953805,225,15
20,600,0,FR,30,0,2,3.956131935119629,-0.14261400699615479,0.2958732545375824,600,3.0550771513953805,221,17
20,600,0,FR,30,0,3,6.030056476593018,-0.1438807249069214,0.42556801438331604,600,3.0550771513953805,229,15
20,600,0,FR,30,1,0,5.2399396896362305,0.056941330432891846,0.48123523592948914,600,3.038226167205721,223,12
20,600,0,FR,30,1,1,3.3414108753204346,0.036806344985961914,0.3199196755886078,600,3.038226167205721,229,11
20,600,0,FR,30,1,2,6.3470563888549805,0.04888218641281128,0.48062363266944885,600,3.038226167205721,226,17
20,600,0,FR,30,1,3,4.630431652069092,0.038246989250183105,0.43656229972839355,600,3.038226167205721,231,17
20,600,0,FR,31,0,0,8.91069507598877,-0.6315590143203735,0.4109659194946289,600,2.9040117473341525,242,22
20,600,0,FR,31,0,1,6.062234878540039,-0.4049642086029053,0.30705028772354126,600,2.9040117473341525,240,15
20,600,0,FR,31,0,2,9.36136245727539,-0.288372278213501,0.38688185811042786,600,2.9040117473341525,242,12
20,600,0,FR,31,0,3,4.750014781951904,-0.5587879419326782,0.2998120188713074,600,2.9040117473341525,243,19
20,600,0,FR,31,1,0,1.031912088394165,-2.5035018920898438,0.38303136825561523,600,3.187010819092393,224,21
20,600,0,FR,31,1,1,1.4118194580078125,-2.5482678413391113,0.4313066899776459,600,3.187010819092393,241,24
20,600,0,FR,31,1,2,0.6384313106536865,-2.548153877258301,0.32649922370910645,600,3.187010819092393,244,22
20,600,0,FR,31,1,3,1.8410489559173584,-2.5398285388946533,0.37964147329330444,600,3.187010819092393,245,11
20,600,0,FR,32,0,0,3.1538124084472656,1.4338862895965576,0.40754932165145874,600,2.980498948134482,239,16
20,600,0,FR,32,0,1,3.2380013465881348,1.4137153625488281,0.44546183943748474,600,2.980498948134482,241,19
20,600,0,FR,32,0,2,3.2275748252868652,1.4224879741668701,0.41183415055274963,600,2.980498948134482,244,11
20,600,0,FR,32,0,3,3.0142459869384766,1.415236473083496,0.38587048649787903,600,2.980498948134482,240,13
20,600,0,FR,32,1,0,0.42813873291015625,-1.5274930000305176,0.39602282643318176,600,3.087692149914801,242,17
20,600,0,FR,32,1,1,0.8264865875244141,-1.54011070728302,0.4484812915325165,600,3.087692149914801,239,19
20,600,0,FR,32,1,2,0.05680835247039795,-1.510290503501892,0.3821518123149872,600,3.087692149914801,243,16
20,600,0,FR,32,1,3,0.44178831577301025,-1.528099536895752,0.4059270918369293,600,3.087692149914801,240,29
20,600,0,FR,33,0,0,14.345513343811035,-0.7979589700698853,0.4272066354751587,600,3.1497145728208125,226,17
20,600,0,FR,33,0,1,12.549213409423828,-0.7523713111877441,0.3655754625797272,600,3.1497145728208125,235,13
20,600,0,FR,33,0,2,13.271303176879883,-0.7861713171005249,0.41145357489585876,600,3.1497145728208125,210,9
20,600,0,FR,33,0,3,10.19975471496582,-0.7904567718505859,0.2955622971057892,600,3.1497145728208125,242,12
20,600,0,FR,33,1,0,10.56872844696045,-1.693902850151062,0.33593490719795227,600,3.0456775040365756,236,12
20,600,0,FR,33,1,1,15.7715425491333,-1.6783744096755981,0.4489782452583313,600,3.0456775040365756,242,22
20,600,0,FR,33,1,2,6.4267730712890625,-1.6408333778381348,0.24004410207271576,600,3.0456775040365756,232,23
20,600,0,FR,33,1,3,7.065814971923828,-1.58356773853302,0.2627240717411041,600,3.0456775040365756,241,12
20,600,0,FR,34,0,0,10.132965087890625,-0.7161596417427063,0.3457307815551758,600,2.9991399059072137,242,20
20,600,0,FR,34,0,1,10.871257781982422,-0.7563048601150513,0.41024893522262573,600,2.9991399059072137,244,12
20,600,0,FR,34,0,2,7.772588729858398,-0.7564542293548584,0.2899833619594574,600,2.9991399059072137,244,28
20,600,0,FR,34,0,3,7.215791702270508,-0.8060845136642456,0.31388428807258606,600,2.9991399059072137,246,28
20,600,0,FR,34,1,0,12.669550895690918,-1.3690853118896484,0.37426862120628357,600,3.069892165251076,237,14
20,600,0,FR,34,1,1,12.413495063781738,-1.3513405323028564,0.35957765579223633,600,3.069892165251076,241,15
20,600,0,FR,34,1,2,12.840325355529785,-1.3554251194000244,0.4253377914428711,600,3.069892165251076,234,20
20,600,0,FR,34,1,3,11.239214897155762,-1.3134331703186035,0.4226857125759125,600,3.069892165251076,243,25
20,600,0,FR,35,0,0,10.644721984863281,-0.37684014439582825,0.30900850892066956,600,3.134952784050256,244,22
20,600,0,FR,35,0,1,11.737405776977539,-0.2958766222000122,0.3140685260295868,600,3.134952784050256,242,20
20,600,0,FR,35,0,2,12.874576568603516,-0.37625250220298767,0.32200196385383606,600,3.134952784050256,237,27
20,600,0,FR,35,0,3,15.302297592163086,-0.14509020745754242,0.35527947545051575,600,3.134952784050256,240,22
20,600,0,FR,35,1,0,8.239784240722656,1.253840446472168,0.48652011156082153,600,2.9631834398023784,226,23
20,600,0,FR,35,1,1,6.9686994552612305,1.3193538188934326,0.35978639125823975,600,2.9631834398023784,221,20
20,600,0,FR,35,1,2,4.019465446472168,1.3092964887619019,0.21065427362918854,600,2.9631834398023784,206,18
20,600,0,FR,35,1,3,5.452553749084473,1.3363226652145386,0.3337518870830536,600,2.9631834398023784,227,14
20,600,1,FR,0,0,0,9.268180847167969,2.5040836334228516,0.5523866415023804,600,2.9883260508067906,34,1
20,600,1,FR,0,0,1,8.467914581298828,2.3869574069976807,0.5083770751953125,600,2.9883260508067906,50,1
20,600,1,FR,0,0,2,8.411083221435547,2.294949769973755,0.5015941262245178,600,2.9883260508067906,28,0
20,600,1,FR,0,0,3,6.892848491668701,2.3158767223358154,0.4581165313720703,600,2.9883260508067906,70,28
20,600,1,FR,0,1,0,12.757590293884277,-0.06764650344848633,0.5397716164588928,600,3.168776968959719,117,5
20,600,1,FR,0,1,1,9.30138111114502,-0.15685522556304932,0.43750929832458496,600,3.168776968959719,90,22
20,600,1,FR,0,1,2,9.509711265563965,0.19344180822372437,0.45346498489379883,600,3.168776968959719,91,5
20,600,1,FR,0,1,3,10.085358619689941,-0.010829746723175049,0.4942663311958313,600,3.168776968959719,88,18
20,600,1,FR,1,0,0,14.108827590942383,2.508174419403076,0.5569313764572144,600,2.8816467002034187,162,6
20,600,1,FR,1,0,1,12.53827953338623,2.649550199508667,0.48714861273765564,600,2.8816467002034187,165,3
20,600,1,FR,1,0,2,11.353808403015137,2.2806458473205566,0.431263267993927,600,2.8816467002034187,168,7
20,600,1,FR,1,0,3,10.700164794921875,2.195110559463501,0.4242646098136902,600,2.8816467002034187,178,7
20,600,1,FR,1,1,0,4.537968635559082,-0.2906273901462555,0.4789789021015167,600,3.060220300219953,166,6
20,600,1,FR,1,1,1,3.966437578201294,-0.30516040325164795,0.4497568607330322,600,3.060220300219953,166,6
20,600,1,FR,1,1,2,6.827901840209961,-0.2187509387731552,0.5488384366035461,600,3.060220300219953,141,10
20,600,1,FR,1,1,3,5.098812103271484,-0.19378234446048737,0.549869179725647,600,3.060220300219953,134,15
20,600,1,FR,2,0,0,11.329084396362305,0.39924025535583496,0.4404616951942444,600,3.1677513271570206,111,12
20,600,1,FR,2,0,1,12.832437515258789,0.43289875984191895,0.4549008309841156,600,3.1677513271570206,96,9
20,600,1,FR,2,0,2,11.705644607543945,0.33980876207351685,0.5079506635665894,600,3.1677513271570206,112,15
20,600,1,FR,2,0,3,13.666425704956055,0.7825803756713867,0.5007384419441223,600,3.1677513271570206,119,11
20,600,1,FR,2,1,0,7.616372585296631,-1.1176071166992188,0.44607073068618774,600,3.0904945456422865,113,16
20,600,1,FR,2,1,1,5.684296131134033,-1.106533408164978,0.3583765923976898,600,3.0904945456422865,123,9
20,600,1,FR,2,1,2,8.090076446533203,-1.1533714532852173,0.4646456241607666,600,3.0904945456422865,108,16
20,600,1,FR,2,1,3,5.809021949768066,-0.9251065254211426,0.35028594732284546,600,3.0904945456422865,125,10
20,600,1,FR,3,0,0,31.34212875366211,3.284482002258301,0.3889506757259369,600,3.1804648716934025,105,8
20,600,1,FR,3,0,1,30.834346771240234,3.1607306003570557,0.37069109082221985,600,3.1804648716934025,126,11
20,600,1,FR,3,0,2,34.11967086791992,3.371725559234619,0.4605013430118561,600,3.1804648716934025,96,3
20,600,1,FR,3,0,3,24.64101791381836,3.330061912536621,0.315591961145401,600,3.1804648716934025,113,4
20,600,1,FR,3,1,0,14.17695140838623,-0.016503095626831055,0.22506767511367798,600,2.9843575381673872,139,11
20,600,1,FR,3,1,1,10.868550300598145,0.23884141445159912,0.24343158304691315,600,2.9843575381673872,155,4
20,600,1,FR,3,1,2,13.00742244720459,0.21208566427230835,0.2769278287887573,600,2.9843575381673872,176,1
20,600,1,FR,3,1,3,18.347496032714844,1.930950403213501,0.30599525570869446,600,2.9843575381673872,134,5
20,600,1,FR,4,0,0,11.664019584655762,2.4031033515930176,0.2768574655056,600,3.0554362651892006,155,8
20,600,1,FR,4,0,1,11.101280212402344,2.608180522918701,0.23663011193275452,600,3.0554362651892006,155,4
20,600,1,FR,4,0,2,17.411903381347656,2.4838953018188477,0.37942373752593994,600,3.0554362651892006,151,8
20,600,1,FR,4,0,3,16.005491256713867,2.74822998046875,0.3122390806674957,600,3.0554362651892006,155,12
20,600,1,FR,4,1,0,4.298184394836426,-1.3931514024734497,0.3211985230445862,600,2.9529405599460006,89,8
20,600,1,FR,4,1,1,7.973040580749512,-1.4260202646255493,0.4739964008331299,600,2.9529405599460006,91,11
20,600,1,FR,4,1,2,5.459632873535156,-1.1393803358078003,0.38199615478515625,600,2.9529405599460006,72,3
20,600,1,FR,4,1,3,6.959650039672852,-1.1885383129119873,0.35314252972602844,600,2.9529405599460006,139,6
20,600,1,FR,5,0,0,8.26202392578125,2.1251838207244873,0.4147184491157532,600,3.080355716869235,145,7
20,600,1,FR,5,0,1,7.465131759643555,2.07161021232605,0.34321483969688416,600,3.080355716869235,135,11
20,600,1,FR,5,0,2,9.499939918518066,2.0295302867889404,0.4621443450450897,600,3.080355716869235,124,5
20,600,1,FR,5,0,3,8.96641731262207,2.2891201972961426,0.3642449975013733,600,3.080355716869235,137,3
20,600,1,FR,5,1,0,15.990455627441406,-0.2819950580596924,0.39019620418548584,600,3.161709701642394,167,15
20,600,1,FR,5,1,1,12.651693344116211,-0.18376046419143677,0.35118386149406433,600,3.161709701642394,181,11
20,600,1,FR,5,1,2,9.445605278015137,-0.263599693775177,0.2870831787586212,600,3.161709701642394,160,5
20,600,1,FR,5,1,3,16.38580894470215,-0.14570873975753784,0.38986989855766296,600,3.161709701642394,165,8
20,600,1,FR,6,0,0,26.61004066467285,2.2406811714172363,0.23672480881214142,600,3.0961070279590786,176,5
20,600,1,FR,6,0,1,31.679576873779297,0.6186883449554443,0.26531580090522766,600,3.0961070279590786,185,5
20,600,1,FR,6,0,2,40.66617202758789,1.3812172412872314,0.31900548934936523,600,3.0961070279590786,181,4
20,600,1,FR,6,0,3,32.44700241088867,1.9316120147705078,0.2773599922657013,600,3.0961070279590786,179,2
20,600,1,FR,6,1,0,18.161739349365234,1.2177190780639648,0.18227659165859222,600,2.9536218782886863,126,2
20,600,1,FR,6,1,1,22.529438018798828,2.0809240341186523,0.20920491218566895,600,2.9536218782886863,162,2
20,600,1,FR,6,1,2,26.499223709106445,2.9359524250030518,0.25878939032554626,600,2.9536218782886863,113,2
20,600,1,FR,6,1,3,30.976787567138672,2.4052300453186035,0.24969808757305145,600,2.9536218782886863,160,0
20,600,1,FR,7,0,0,13.433576583862305,2.1193058490753174,0.2180437296628952,600,3.0110090812668204,133,1
20,600,1,FR,7,0,1,17.93805694580078,2.414616346359253,0.2935590445995331,600,3.0110090812668204,209,1
20,600,1,FR,7,0,2,14.884125709533691,2.3091187477111816,0.21534395217895508,600,3.0110090812668204,171,0
20,600,1,FR,7,0,3,9.677839279174805,3.083397388458252,0.1338101476430893,600,3.0110090812668204,154,2
20,600,1,FR,7,1,0,21.719783782958984,1.0427236557006836,0.41089075803756714,600,2.954507878050208,109,1
20,600,1,FR,7,1,1,12.011616706848145,1.0508463382720947,0.24395914375782013,600,2.954507878050208,141,6
20,600,1,FR,7,1,2,13.937983512878418,0.8259384632110596,0.2536308169364929,600,2.954507878050208,127,0
20,600,1,FR,7,1,3,14.306577682495117,1.112105369567871,0.29072412848472595,600,2.954507878050208,117,3
20,600,1,FR,8,0,0,4.504683017730713,0.6710832118988037,0.09711530059576035,600,3.1030414197593927,143,7
20,600,1,FR,8,0,1,10.148760795593262,1.0040488243103027,0.19333989918231964,600,3.1030414197593927,167,7
20,600,1,FR,8,0,2,6.569416522979736,0.9012054204940796,0.15476854145526886,600,3.1030414197593927,161,4
20,600,1,FR,8,0,3,12.305617332458496,0.6809821128845215,0.26702582836151123,600,3.1030414197593927,142,11
20,600,1,FR,8,1,0,14.925996780395508,2.5784826278686523,0.270105242729187,600,3.009847497101873,164,2
20,600,1,FR,8,1,1,9.749479293823242,2.11244535446167,0.21246246993541718,600,3.009847497101873,184,7
20,600,1,FR,8,1,2,8.042329788208008,2.6475167274475098,0.12967053055763245,600,3.009847497101873,181,1
20,600,1,FR,8,1,3,11.234466552734375,2.5522232055664062,0.2313571274280548,600,3.009847497101873,183,2
20,600,1,FR,9,0,0,9.22131061553955,2.357541084289551,0.25988417863845825,600,3.166394327301532,138,12
20,600,1,FR,9,0,1,12.14574146270752,2.3966379165649414,0.2735886573791504,600,3.166394327301532,153,6
20,600,1,FR,9,0,2,13.052593231201172,2.4128544330596924,0.28046199679374695,600,3.166394327301532,170,7
20,600,1,FR,9,0,3,9.039137840270996,2.641700267791748,0.19898198544979095,600,3.166394327301532,160,13
20,600,1,FR,9,1,0,15.779260635375977,2.6563665866851807,0.2664053738117218,600,3.032185160089284,162,5
20,600,1,FR,9,1,1,10.593145370483398,2.9587836265563965,0.17463469505310059,600,3.032185160089284,166,4
20,600,1,FR,9,1,2,19.884187698364258,2.608111619949341,0.32587480545043945,600,3.032185160089284,185,6
20,600,1,FR,9,1,3,11.103632926940918,2.7992420196533203,0.19973549246788025,600,3.032185160089284,130,2
20,600,1,FR,10,0,0,19.882137298583984,0.857140302658081,0.3502104580402374,600,2.8675585850141943,137,10
20,600,1,FR,10,0,1,15.620132446289062,1.205343246459961,0.27662110328674316,600,2.8675585850141943,159,13
20,600,1,FR,10,0,2,14.99620246887207,0.49469542503356934,0.3021949529647827,600,2.8675585850141943,161,7
20,600,1,FR,10,0,3,23.970731735229492,0.43358492851257324,0.41031983494758606,600,2.8675585850141943,146,13
20,600,1,FR,10,1,0,9.671875953674316,-0.5885063409805298,0.3049226701259613,600,2.842666540760547,167,9
20,600,1,FR,10,1,1,5.6640119552612305,-0.16620111465454102,0.18374738097190857,600,2.842666540760547,179,12
20,600,1,FR,10,1,2,8.702988624572754,-0.4150550365447998,0.3020075559616089,600,2.842666540760547,160,6
20,600,1,FR,10,1,3,8.646261215209961,-0.1485353708267212,0.297073632478714,600,2.842666540760547,173,12
20,600,1,FR,11,0,0,1.8871660232543945,-1.0721917152404785,0.31102877855300903,600,2.9898757971823215,167,4
20,600,1,FR,11,0,1,2.0852367877960205,-1.0548648834228516,0.3263654410839081,600,2.9898757971823215,155,0
20,600,1,FR,11,0,2,0.5133988857269287,-1.1290315389633179,0.20448975265026093,600,2.9898757971823215,146,5
20,600,1,FR,11,0,3,1.0959296226501465,-1.11692476272583,0.2693431079387665,600,2.9898757971823215,153,1
20,600,1,FR,11,1,0,3.719280242919922,-0.3046758770942688,0.2156749665737152,600,2.981843720190227,160,11
20,600,1,FR,11,1,1,6.505157470703125,-0.11568892002105713,0.3323754668235779,600,2.981843720190227,132,9
20,600,1,FR,11,1,2,5.182920932769775,-0.16016042232513428,0.2907199561595917,600,2.981843720190227,160,10
20,600,1,FR,11,1,3,9.371870994567871,0.23137295246124268,0.4260447323322296,600,2.981843720190227,140,5
20,600,1,FR,12,0,0,-0.6429194808006287,-1.4250671863555908,0.7223218679428101,600,2.855102782137692,70,29
20,600,1,FR,12,0,1,-0.7491077184677124,-1.4312483072280884,0.6906538009643555,600,2.855102782137692,58,21
20,600,1,FR,12,0,2,-0.8350474238395691,-1.4373269081115723,0.6631413698196411,600,2.855102782137692,70,29
20,600,1,FR,12,0,3,-0.6939939260482788,-1.3663922548294067,0.6826489567756653,600,2.855102782137692,53,13
20,600,1,FR,12,1,0,1.7988674640655518,-1.427364468574524,0.6763920783996582,600,2.9994438029825687,151,34
20,600,1,FR,12,1,1,1.7945311069488525,-0.8616482615470886,0.6638931035995483,600,2.9994438029825687,158,30
20,600,1,FR,12,1,2,2.194581985473633,-1.069166898727417,0.7365736365318298,600,2.9994438029825687,147,22
20,600,1,FR,12,1,3,1.7932298183441162,-1.227499008178711,0.7010659575462341,600,2.9994438029825687,139,31
20,600,1,FR,13,0,0,3.61972975730896,2.118553876876831,0.6166616678237915,600,3.082138156052679,123,33
20,600,1,FR,13,0,1,4.0512285232543945,2.012728214263916,0.670451819896698,600,3.082138156052679,162,17
20,600,1,FR,13,0,2,3.6137566566467285,2.1637377738952637,0.5981630086898804,600,3.082138156052679,135,18
20,600,1,FR,13,0,3,3.6141934394836426,1.9771792888641357,0.597939670085907,600,3.082138156052679,159,18
20,600,1,FR,13,1,0,2.058302402496338,1.3158990144729614,0.5840739607810974,600,3.0607970538549125,201,25
20,600,1,FR,13,1,1,2.174447536468506,1.3330438137054443,0.6104934215545654,600,3.0607970538549125,210,15
20,600,1,FR,13,1,2,2.2043166160583496,1.4426629543304443,0.6404962539672852,600,3.0607970538549125,197,7
20,600,1,FR,13,1,3,2.1594924926757812,1.4754023551940918,0.5921154022216797,600,3.0607970538549125,215,34
20,600,1,FR,14,0,0,4.856734275817871,1.168311595916748,0.6507547497749329,600,3.1808274309150875,137,26
20,600,1,FR,14,0,1,4.970536231994629,1.8147830963134766,0.6004157662391663,600,3.1808274309150875,155,23
20,600,1,FR,14,0,2,4.046027183532715,1.6659975051879883,0.516404926776886,600,3.1808274309150875,128,18
20,600,1,FR,14,0,3,4.469343185424805,1.8998693227767944,0.5578978061676025,600,3.1808274309150875,164,11
20,600,1,FR,14,1,0,-0.19248437881469727,-1.7335139513015747,0.5679941177368164,600,2.932646376080811,179,13
20,600,1,FR,14,1,1,0.1011422872543335,-1.510358214378357,0.6308786869049072,600,2.932646376080811,184,24
20,600,1,FR,14,1,2,-0.03319978713989258,-1.3964128494262695,0.5734500288963318,600,2.932646376080811,171,12
20,600,1,FR,14,1,3,-0.13625431060791016,-1.4645917415618896,0.5595836639404297,600,2.932646376080811,191,17
20,600,1,FR,15,0,0,0.16026026010513306,-4.118946075439453,0.8611758947372437,600,3.234770981129259,200,36
20,600,1,FR,15,0,1,0.36825597286224365,-3.8748648166656494,0.8639071583747864,600,3.234770981129259,200,24
20,600,1,FR,15,0,2,0.1191205382347107,-4.126810073852539,0.8785679340362549,600,3.234770981129259,196,26
20,600,1,FR,15,0,3,-0.06006801128387451,-4.061868190765381,0.8611541390419006,600,3.234770981129259,200,46
20,600,1,FR,15,1,0,0.36202651262283325,-1.3580371141433716,0.8738322854042053,600,3.1382351689971983,183,34
20,600,1,FR,15,1,1,0.39238953590393066,-1.3394043445587158,0.8611764907836914,600,3.1382351689971983,158,27
20,600,1,FR,15,1,2,0.2556845545768738,-1.405603289604187,0.8639644384384155,600,3.1382351689971983,170,43
20,600,1,FR,15,1,3,0.08024144172668457,-1.4672271013259888,0.8265764713287354,600,3.1382351689971983,174,50
20,600,1,FR,16,0,0,-0.428364634513855,-2.36238956451416,0.8385420441627502,600,3.1655290639027953,201,31
20,600,1,FR,16,0,1,-0.8307321667671204,-2.3975467681884766,0.8285887241363525,600,3.1655290639027953,182,29
20,600,1,FR,16,0,2,-0.688959002494812,-2.3216793537139893,0.8125022649765015,600,3.1655290639027953,225,20
20,600,1,FR,16,0,3,-0.5822317600250244,-2.1696360111236572,0.8186547756195068,600,3.1655290639027953,166,32
20,600,1,FR,16,1,0,-1.700178623199463,-2.4393041133880615,0.8200535178184509,600,3.157604784704745,208,26
20,600,1,FR,16,1,1,-1.65159010887146,-2.346611738204956,0.8297632932662964,600,3.157604784704745,197,30
20,600,1,FR,16,1,2,-1.6830289363861084,-2.4759387969970703,0.8454754948616028,600,3.157604784704745,190,29
20,600,1,FR,16,1,3,-1.6808348894119263,-2.3441824913024902,0.8150261044502258,600,3.157604784704745,185,26
20,600,1,FR,17,0,0,1.1177902221679688,0.5974907875061035,0.743469774723053,600,3.170649648178369,154,32
20,600,1,FR,17,0,1,1.15616774559021,0.5832815766334534,0.7674079537391663,600,3.170649648178369,173,25
20,600,1,FR,17,0,2,1.162825107574463,0.6052910685539246,0.7563909292221069,600,3.170649648178369,138,23
20,600,1,FR,17,0,3,1.1393401622772217,0.5914719104766846,0.7418500781059265,600,3.170649648178369,157,35
20,600,1,FR,17,1,0,-0.0437244176864624,-3.1958789825439453,0.730128288269043,600,3.2447913521900773,175,34
20,600,1,FR,17,1,1,0.282055139541626,-3.1922850608825684,0.8066662549972534,600,3.2447913521900773,169,16
20,600,1,FR,17,1,2,0.06983470916748047,-2.9150161743164062,0.7423422336578369,600,3.2447913521900773,157,36
20,600,1,FR,17,1,3,0.31808435916900635,-2.9063727855682373,0.7756887078285217,600,3.2447913521900773,157,20
20,600,1,FR,18,0,0,1.0592721700668335,-1.536072850227356,0.4917575716972351,600,3.0991348228417337,179,14
20,600,1,FR,18,0,1,1.547012448310852,-1.5065877437591553,0.556937038898468,600,3.0991348228417337,176,14
20,600,1,FR,18,0,2,1.0097144842147827,-1.5313705205917358,0.4875290095806122,600,3.0991348228417337,171,13
20,600,1,FR,18,0,3,0.684126615524292,-1.4753530025482178,0.45410454273223877,600,3.0991348228417337,135,15
20,600,1,FR,18,1,0,0.945274829864502,-0.5840182900428772,0.547703742980957,600,3.0788422380574048,167,9
20,600,1,FR,18,1,1,0.6483034491539001,-0.6145001649856567,0.4977732002735138,600,3.0788422380574048,170,24
20,600,1,FR,18,1,2,0.7073157429695129,-0.5621429681777954,0.4463239908218384,600,3.0788422380574048,152,15
20,600,1,FR,18,1,3,0.9857264757156372,-0.49240511655807495,0.48034361004829407,600,3.0788422380574048,159,11
20,600,1,FR,19,0,0,5.884248733520508,-0.7413194179534912,0.44114550948143005,600,3.1568855438381433,185,14
20,600,1,FR,19,0,1,6.482381820678711,-0.8832848072052002,0.5068357586860657,600,3.1568855438381433,179,21
20,600,1,FR,19,0,2,3.8034849166870117,-1.338099718093872,0.42200207710266113,600,3.1568855438381433,161,15
20,600,1,FR,19,0,3,5.20123291015625,-0.8784890174865723,0.4379434585571289,600,3.1568855438381433,179,26
20,600,1,FR,19,1,0,9.659049987792969,-0.9001312255859375,0.585773229598999,600,3.1901298952288926,168,13
20,600,1,FR,19,1,1,6.938770771026611,-0.25789928436279297,0.4392707943916321,600,3.1901298952288926,163,10
20,600,1,FR,19,1,2,8.370745658874512,-0.9137837886810303,0.505125105381012,600,3.1901298952288926,164,9
20,600,1,FR,19,1,3,8.03619384765625,-0.932140588760376,0.5118741393089294,600,3.1901298952288926,184,25
20,600,1,FR,20,0,0,3.311030387878418,-0.2086470127105713,0.47611182928085327,600,3.195421756710857,188,7
20,600,1,FR,20,0,1,3.242724895477295,-0.46842479705810547,0.48310089111328125,600,3.195421756710857,137,12
20,600,1,FR,20,0,2,2.6527583599090576,-0.5449535846710205,0.4471679925918579,600,3.195421756710857,153,9
20,600,1,FR,20,0,3,2.4516329765319824,-0.3010571002960205,0.417435884475708,600,3.195421756710857,144,10
20,600,1,FR,20,1,0,1.6023926734924316,-3.5488855838775635,0.5029835104942322,600,3.2176428642123938,112,18
20,600,1,FR,20,1,1,1.1889114379882812,-3.075015068054199,0.423909068107605,600,3.2176428642123938,99,16
20,600,1,FR,20,1,2,2.9901373386383057,-3.3928451538085938,0.4772838056087494,600,3.2176428642123938,87,13
20,600,1,FR,20,1,3,1.3809013366699219,-3.191781759262085,0.4634683132171631,600,3.2176428642123938,66,9
20,600,1,FR,21,0,0,0.46212494373321533,-1.3643497228622437,0.6714003086090088,600,3.296719990670681,146,18
20,600,1,FR,21,0,1,0.15289413928985596,-1.4073177576065063,0.6491086483001709,600,3.296719990670681,154,30
20,600,1,FR,21,0,2,1.0212726593017578,-1.1981472969055176,0.7239735126495361,600,3.296719990670681,133,58
20,600,1,FR,21,0,3,0.4810326099395752,-1.405036211013794,0.6495616436004639,600,3.296719990670681,129,34
20,600,1,FR,21,1,0,3.716449737548828,1.9293627738952637,0.7425149083137512,600,2.8715965701267123,128,22
20,600,1,FR,21,1,1,3.26900053024292,1.8859739303588867,0.6615908145904541,600,2.8715965701267123,93,40
20,600,1,FR,21,1,2,3.6735219955444336,1.9062979221343994,0.7116337418556213,600,2.8715965701267123,61,19
20,600,1,FR,21,1,3,2.978513240814209,1.8621031045913696,0.5943470001220703,600,2.8715965701267123,89,39
20,600,1,FR,22,0,0,0.03083980083465576,-0.8144739270210266,0.6253573298454285,600,3.0318682473152876,168,28
20,600,1,FR,22,0,1,-0.050605952739715576,-0.8337900638580322,0.633205771446228,600,3.0318682473152876,148,25
20,600,1,FR,22,0,2,0.06752771139144897,-0.8452232480049133,0.6748969554901123,600,3.0318682473152876,150,11
20,600,1,FR,22,0,3,0.24607670307159424,-0.8555428385734558,0.718401312828064,600,3.0318682473152876,149,27
20,600,1,FR,22,1,0,3.0932068824768066,-0.4067477285861969,0.6854694485664368,600,2.8923765001818538,83,13
20,600,1,FR,22,1,1,2.769551992416382,-0.7112670540809631,0.6842644214630127,600,2.8923765001818538,108,25
20,600,1,FR,22,1,2,2.637209892272949,-0.17123526334762573,0.6303448677062988,600,2.8923765001818538,117,18
20,600,1,FR,22,1,3,2.8790688514709473,-0.6306378841400146,0.6610907912254333,600,2.8923765001818538,105,24
20,600,1,FR,23,0,0,3.1784818172454834,1.8850889205932617,0.5727576017379761,600,2.911805319134146,94,12
20,600,1,FR,23,0,1,2.639061212539673,1.8446685075759888,0.48564961552619934,600,2.911805319134146,116,23
20,600,1,FR,23,0,2,3.1238057613372803,1.7872121334075928,0.5446617603302002,600,2.911805319134146,103,11
20,600,1,FR,23,0,3,3.1010241508483887,1.776752233505249,0.5464181303977966,600,2.911805319134146,100,19
20,600,1,FR,23,1,0,2.1201882362365723,0.299146443605423,0.6118814945220947,600,2.9755168431438506,152,33
20,600,1,FR,23,1,1,2.3148772716522217,0.15770366787910461,0.6695536375045776,600,2.9755168431438506,166,52
20,600,1,FR,23,1,2,1.8283836841583252,0.3457665741443634,0.5271634459495544,600,2.9755168431438506,165,47
20,600,1,FR,23,1,3,1.9414035081863403,0.4498916268348694,0.5362016558647156,600,2.9755168431438506,187,52
20,600,1,FR,24,0,0,7.536741256713867,2.169226884841919,0.26741212606430054,600,2.9923919518478215,181,4
20,600,1,FR,24,0,1,6.957164764404297,2.2854697704315186,0.25523000955581665,600,2.9923919518478215,184,12
20,600,1,FR,24,0,2,7.454995155334473,2.134942054748535,0.2881810963153839,600,2.9923919518478215,212,5
20,600,1,FR,24,0,3,5.857394218444824,2.2116034030914307,0.21905259788036346,600,2.9923919518478215,180,0
20,600,1,FR,24,1,0,4.170969009399414,-0.6247923970222473,0.3372417092323303,600,2.901631989981979,158,11
20,600,1,FR,24,1,1,3.1101577281951904,-0.751396894454956,0.3172631859779358,600,2.901631989981979,174,18
20,600,1,FR,24,1,2,2.754803419113159,-0.5076073408126831,0.2825514078140259,600,2.901631989981979,174,12
20,600,1,FR,24,1,3,4.859530448913574,-0.586949348449707,0.37438294291496277,600,2.901631989981979,159,18
20,600,1,FR,25,0,0,3.3367128372192383,0.42190849781036377,0.29231181740760803,600,3.141628872603178,173,13
20,600,1,FR,25,0,1,4.068171977996826,0.7104384303092957,0.3095692992210388,600,3.141628872603178,155,14
20,600,1,FR,25,0,2,3.6948890686035156,0.5019190311431885,0.30871111154556274,600,3.141628872603178,160,6
20,600,1,FR,25,0,3,2.6363768577575684,0.45604345202445984,0.21890516579151154,600,3.141628872603178,179,14
20,600,1,FR,25,1,0,15.610319137573242,2.6673150062561035,0.42834001779556274,600,3.0155416508205235,191,3
20,600,1,FR,25,1,1,12.766303062438965,2.7161717414855957,0.36370590329170227,600,3.0155416508205235,164,6
20,600,1,FR,25,1,2,12.769890785217285,2.8157849311828613,0.3798046410083771,600,3.0155416508205235,159,7
20,600,1,FR,25,1,3,13.68411922454834,2.1664645671844482,0.4162224531173706,600,3.0155416508205235,142,5
20,600,1,FR,26,0,0,4.9614458084106445,1.973868489265442,0.37026146054267883,600,3.000405240803957,91,0
20,600,1,FR,26,0,1,4.402622699737549,2.099092483520508,0.2889842391014099,600,3.000405240803957,91,3
20,600,1,FR,26,0,2,4.670346260070801,2.203909158706665,0.29491227865219116,600,3.000405240803957,109,11
20,600,1,FR,26,0,3,4.915213584899902,2.1638269424438477,0.3578205704689026,600,3.000405240803957,113,4
20,600,1,FR,26,1,0,3.215507745742798,0.08461940288543701,0.2756797969341278,600,3.2659064577892423,133,12
20,600,1,FR,26,1,1,3.2463724613189697,0.2619855999946594,0.3108470141887665,600,3.2659064577892423,136,9
20,600,1,FR,26,1,2,4.035042762756348,0.395602285861969,0.3475005626678467,600,3.2659064577892423,142,6
20,600,1,FR,26,1,3,4.174732685089111,0.3203616142272949,0.29575157165527344,600,3.2659064577892423,162,7
20,600,1,FR,27,0,0,8.455286026000977,0.7438288331031799,0.407600462436676,600,3.0871099471114576,102,3
20,600,1,FR,27,0,1,6.1298675537109375,0.8659526705741882,0.27570781111717224,600,3.0871099471114576,121,7
20,600,1,FR,27,0,2,8.379063606262207,0.7636260986328125,0.37025564908981323,600,3.0871099471114576,109,11
20,600,1,FR,27,0,3,6.290949821472168,0.6267092823982239,0.2518792152404785,600,3.0871099471114576,129,4
20,600,1,FR,27,1,0,35.09771728515625,3.5098071098327637,0.3610360622406006,600,3.1947916196659207,163,8
20,600,1,FR,27,1,1,15.824234962463379,4.160754680633545,0.1702573448419571,600,3.1947916196659207,144,6
20,600,1,FR,27,1,2,17.342388153076172,4.374685287475586,0.18003590404987335,600,3.1947916196659207,194,5
20,600,1,FR,27,1,3,31.87176513671875,3.0534262657165527,0.3769301176071167,600,3.1947916196659207,168,10
20,600,1,FR,28,0,0,13.597496032714844,2.352091073989868,0.4181053340435028,600,3.0014783991500735,138,8
20,600,1,FR,28,0,1,14.634281158447266,2.9587619304656982,0.32916566729545593,600,3.0014783991500735,122,1
20,600,1,FR,28,0,2,8.162862777709961,2.394843578338623,0.25899210572242737,600,3.0014783991500735,120,10
20,600,1,FR,28,0,3,11.917947769165039,2.2623510360717773,0.35521960258483887,600,3.0014783991500735,123,7
20,600,1,FR,28,1,0,16.721824645996094,0.6169751882553101,0.2962094843387604,600,2.935101393610239,120,9
20,600,1,FR,28,1,1,12.063434600830078,0.7303924560546875,0.28347131609916687,600,2.935101393610239,99,0
20,600,1,FR,28,1,2,16.14695930480957,0.19389665126800537,0.3578200340270996,600,2.935101393610239,100,2
20,600,1,FR,28,1,3,19.622005462646484,0.45784544944763184,0.40541115403175354,600,2.935101393610239,125,3
20,600,1,FR,29,0,0,4.0412797927856445,1.809443712234497,0.2246774584054947,600,3.0122631951235235,150,6
20,600,1,FR,29,0,1,4.44003963470459,1.773177981376648,0.3045099377632141,600,3.0122631951235235,141,8
20,600,1,FR,29,0,2,4.409505844116211,1.759352445602417,0.29542219638824463,600,3.0122631951235235,126,11
20,600,1,FR,29,0,3,5.632015228271484,1.782796859741211,0.33710891008377075,600,3.0122631951235235,165,15
20,600,1,FR,29,1,0,24.078847885131836,1.0435378551483154,0.39948970079421997,600,2.973465624731034,100,9
20,600,1,FR,29,1,1,18.49764060974121,1.8367946147918701,0.2944715917110443,600,2.973465624731034,112,9
20,600,1,FR,29,1,2,13.89561653137207,1.7365182638168335,0.2408132255077362,600,2.973465624731034,131,16
20,600,1,FR,29,1,3,29.32299041748047,1.5338679552078247,0.41048291325569153,600,2.973465624731034,133,11
20,600,1,FR,30,0,0,5.677286624908447,0.5659536719322205,0.3656720817089081,600,2.9427326079458,202,5
20,600,1,FR,30,0,1,4.888853549957275,0.9789779782295227,0.2998901605606079,600,2.9427326079458,155,2
20,600,1,FR,30,0,2,3.956131935119629,0.43101388216018677,0.26545727252960205,600,2.9427326079458,164,1
20,600,1,FR,30,0,3,6.030056476593018,0.42948514223098755,0.40193113684654236,600,2.9427326079458,164,8
20,600,1,FR,30,1,0,5.2399396896362305,0.37953615188598633,0.46521711349487305,600,3.1556565850041807,89,11
20,600,1,FR,30,1,1,3.3414108753204346,0.4348768889904022,0.29266074299812317,600,3.1556565850041807,117,11
20,600,1,FR,30,1,2,6.3470563888549805,0.6293971538543701,0.4565487205982208,600,3.1556565850041807,84,1
20,600,1,FR,30,1,3,4.630431652069092,0.4066668748855591,0.4161120355129242,600,3.1556565850041807,100,9
20,600,1,FR,31,0,0,8.91069507598877,1.3197996616363525,0.35692083835601807,600,2.958796280901879,177,5
20,600,1,FR,31,0,1,6.062234878540039,0.685575544834137,0.2692124843597412,600,2.958796280901879,185,14
20,600,1,FR,31,0,2,9.36136245727539,1.4465572834014893,0.34104663133621216,600,2.958796280901879,148,0
20,600,1,FR,31,0,3,4.750014781951904,0.8982497453689575,0.2370307296514511,600,2.958796280901879,125,4
20,600,1,FR,31,1,0,1.031912088394165,-2.2513768672943115,0.3657052218914032,600,3.041236133314669,149,19
20,600,1,FR,31,1,1,1.4118194580078125,-2.464756488800049,0.4260866045951843,600,3.041236133314669,145,6
20,600,1,FR,31,1,2,0.6384313106536865,-2.375528335571289,0.31437233090400696,600,3.041236133314669,164,12
20,600,1,FR,31,1,3,1.8410489559173584,-2.332540512084961,0.36829397082328796,600,3.041236133314669,150,11
20,600,1,FR,32,0,0,3.1538124084472656,1.5836783647537231,0.3857467770576477,600,2.9763013124465942,141,13
20,600,1,FR,32,0,1,3.2380013465881348,1.5346893072128296,0.42858219146728516,600,2.9763013124465942,152,5
20,600,1,FR,32,0,2,3.2275748252868652,1.5949398279190063,0.38774481415748596,600,2.9763013124465942,168,16
20,600,1,FR,32,0,3,3.0142459869384766,1.4854687452316284,0.37528252601623535,600,2.9763013124465942,175,10
20,600,1,FR,32,1,0,0.42813873291015625,-1.4337111711502075,0.38433054089546204,600,3.216446460224688,132,15
20,600,1,FR,32,1,1,0.8264865875244141,-1.449728012084961,0.43887031078338623,600,3.216446460224688,117,10
20,600,1,FR,32,1,2,0.05680835247039795,-1.396551489830017,0.36452609300613403,600,3.216446460224688,83,6
20,600,1,FR,32,1,3,0.44178831577301025,-1.4110907316207886,0.3912491500377655,600,3.216446460224688,113,17
20,600,1,FR,33,0,0,14.345513343811035,0.1673438549041748,0.4111717939376831,600,3.0979664879851043,111,14
20,600,1,FR,33,0,1,12.549213409423828,-0.11538895964622498,0.3542709946632385,600,3.0979664879851043,106,9
20,600,1,FR,33,0,2,13.271303176879883,-0.13378407061100006,0.3999965488910675,600,3.0979664879851043,117,4
20,600,1,FR,33,0,3,10.19975471496582,0.46895265579223633,0.27086687088012695,600,3.0979664879851043,143,9
20,600,1,FR,33,1,0,10.56872844696045,-1.115425705909729,0.32524174451828003,600,3.0755340228788555,177,12
20,600,1,FR,33,1,1,15.7715425491333,-0.4846875071525574,0.43151846528053284,600,3.0755340228788555,177,12
20,600,1,FR,33,1,2,6.4267730712890625,-1.0233045816421509,0.22581931948661804,600,3.0755340228788555,175,13
20,600,1,FR,33,1,3,7.065814971923828,-0.5406441688537598,0.23860405385494232,600,3.0755340228788555,170,5
20,600,1,FR,34,0,0,10.132965087890625,-0.482513964176178,0.3408227860927582,600,3.05102860275656,175,5
20,600,1,FR,34,0,1,10.871257781982422,-0.3024628758430481,0.400651752948761,600,3.05102860275656,153,12
20,600,1,FR,34,0,2,7.772588729858398,-0.12170904874801636,0.2743224799633026,600,3.05102860275656,148,15
20,600,1,FR,34,0,3,7.215791702270508,-0.3267219364643097,0.30076900124549866,600,3.05102860275656,157,7
20,600,1,FR,34,1,0,12.669550895690918,-0.7202770709991455,0.36325469613075256,600,2.844012264162302,128,9
20,600,1,FR,34,1,1,12.413495063781738,-0.8868857622146606,0.35171201825141907,600,2.844012264162302,169,4
20,600,1,FR,34,1,2,12.840325355529785,-0.6814301013946533,0.4134936034679413,600,2.844012264162302,129,13
20,600,1,FR,34,1,3,11.239214897155762,-0.5978685617446899,0.4084317684173584,600,2.844012264162302,113,11
20,600,1,FR,35,0,0,10.644721984863281,0.7267401218414307,0.28694605827331543,600,2.9149883571080863,100,5
20,600,1,FR,35,0,1,11.737405776977539,0.7342648506164551,0.2951165735721588,600,2.9149883571080863,110,0
20,600,1,FR,35,0,2,12.874576568603516,0.4733085334300995,0.30770981311798096,600,2.9149883571080863,112,9
20,600,1,FR,35,0,3,15.302297592163086,0.6342445611953735,0.3435124456882477,600,2.9149883571080863,116,14
20,600,1,FR,35,1,0,8.239784240722656,1.566462755203247,0.4750918745994568,600,2.8174826987087727,125,4
20,600,1,FR,35,1,1,6.9686994552612305,1.5082091093063354,0.35199248790740967,600,2.8174826987087727,145,6
20,600,1,FR,35,1,2,4.019465446472168,1.5252169370651245,0.1971805989742279,600,2.8174826987087727,133,9
20,600,1,FR,35,1,3,5.452553749084473,1.6461260318756104,0.31658485531806946,600,2.8174826987087727,117,6
20,600,2,FR,0,0,0,9.268180847167969,1.9350680112838745,0.5722628831863403,600,2.9281179439276457,244,18
20,600,2,FR,0,0,1,8.467914581298828,1.9130882024765015,0.5271110534667969,600,2.9281179439276457,244,26
20,600,2,FR,0,0,2,8.411083221435547,1.9212952852249146,0.5164132714271545,600,2.9281179439276457,243,25
20,600,2,FR,0,0,3,6.892848491668701,1.9360039234161377,0.4779653251171112,600,2.9281179439276457,243,18
20,600,2,FR,0,1,0,12.757590293884277,-0.3643977642059326,0.5454486608505249,600,2.9768388150259852,237,25
20,600,2,FR,0,1,1,9.30138111114502,-0.3600543737411499,0.4427471160888672,600,2.9768388150259852,236,37
20,600,2,FR,0,1,2,9.509711265563965,-0.36147263646125793,0.46783873438835144,600,2.9768388150259852,238,33
20,600,2,FR,0,1,3,10.085358619689941,-0.35441604256629944,0.5026323199272156,600,2.9768388150259852,239,19
20,600,2,FR,1,0,0,14.108827590942383,2.1375513076782227,0.5646771192550659,600,3.0645311530679464,245,23
20,600,2,FR,1,0,1,12.53827953338623,2.074721097946167,0.5012715458869934,600,3.0645311530679464,246,29
20,600,2,FR,1,0,2,11.353808403015137,2.064445734024048,0.43704837560653687,600,3.0645311530679464,246,23
20,600,2,FR,1,0,3,10.700164794921875,2.046116828918457,0.4285120964050293,600,3.0645311530679464,246,25
20,600,2,FR,1,1,0,4.537968635559082,-0.36558276414871216,0.48282426595687866,600,2.983383927959949,243,17
20,600,2,FR,1,1,1,3.966437578201294,-0.34975770115852356,0.4523285925388336,600,2.983383927959949,245,22
20,600,2,FR,1,1,2,6.827901840209961,-0.35584571957588196,0.5536049604415894,600,2.983383927959949,243,18
20,600,2,FR,1,1,3,5.098812103271484,-0.3561714291572571,0.5573374629020691,600,2.983383927959949,241,22
20,600,2,FR,2,0,0,11.329084396362305,0.16972053050994873,0.44558966159820557,600,2.9674498550593853,245,38
20,600,2,FR,2,0,1,12.832437515258789,0.10019150376319885,0.46147409081459045,600,2.9674498550593853,241,22
20,600,2,FR,2,0,2,11.705644607543945,0.3978347182273865,0.5066713094711304,600,2.9674498550593853,245,23
20,600,2,FR,2,0,3,13.666425704956055,0.20626044273376465,0.5116763710975647,600,2.9674498550593853,243,21
20,600,2,FR,2,1,0,7.616372585296631,-1.322365641593933,0.4518035352230072,600,2.9792608791030943,245,15
20,600,2,FR,2,1,1,5.684296131134033,-1.3765058517456055,0.3673897087574005,600,2.9792608791030943,244,14
20,600,2,FR,2,1,2,8.090076446533203,-1.3924978971481323,0.47100430727005005,600,2.9792608791030943,244,26
20,600,2,FR,2,1,3,5.809021949768066,-1.3422083854675293,0.3640829026699066,600,2.9792608791030943,245,27
20,600,2,FR,3,0,0,31.34212875366211,1.7970458269119263,0.4012957215309143,600,2.969506944064051,245,21
20,600,2,FR,3,0,1,30.834346771240234,1.8001391887664795,0.381955087184906,600,2.969506944064051,242,23
20,600,2,FR,3,0,2,34.11967086791992,1.6820911169052124,0.473816454410553,600,2.969506944064051,244,16
20,600,2,FR,3,0,3,24.64101791381836,1.7461434602737427,0.33127760887145996,600,2.969506944064051,243,28
20,600,2,FR,3,1,0,14.17695140838623,-0.6320386528968811,0.23255841434001923,600,3.28244346100837,245,18
20,600,2,FR,3,1,1,10.868550300598145,-0.66126549243927,0.2587120532989502,600,3.28244346100837,244,20
20,600,2,FR,3,1,2,13.00742244720459,-0.5169830322265625,0.2881600558757782,600,3.28244346100837,246,25
20,600,2,FR,3,1,3,18.347496032714844,-0.6584014892578125,0.3379485607147217,600,3.28244346100837,245,11
20,600,2,FR,4,0,0,11.664019584655762,2.165318489074707,0.28196173906326294,600,3.065273421816528,246,17
20,600,2,FR,4,0,1,11.101280212402344,2.027243137359619,0.24878904223442078,600,3.065273421816528,246,9
20,600,2,FR,4,0,2,17.411903381347656,1.9896068572998047,0.3871234655380249,600,3.065273421816528,246,19
20,600,2,FR,4,0,3,16.005491256713867,2.0709757804870605,0.3230372369289398,600,3.065273421816528,246,23
20,600,2,FR,4,1,0,4.298184394836426,-1.6072580814361572,0.3293028175830841,600,3.0648196297697723,245,26
20,600,2,FR,4,1,1,7.973040580749512,-1.6244505643844604,0.4792078733444214,600,3.0648196297697723,242,28
20,600,2,FR,4,1,2,5.459632873535156,-1.581868290901184,0.39743050932884216,600,3.0648196297697723,242,17
20,600,2,FR,4,1,3,6.959650039672852,-1.5318515300750732,0.3626261353492737,600,3.0648196297697723,246,16
20,600,2,FR,5,0,0,8.26202392578125,1.9394108057022095,0.42197513580322266,600,3.072929983958602,241,23
20,600,2,FR,5,0,1,7.465131759643555,1.9167460203170776,0.3496241271495819,600,3.072929983958602,245,25
20,600,2,FR,5,0,2,9.499939918518066,1.9366180896759033,0.4652182161808014,600,3.072929983958602,238,23
20,600,2,FR,5,0,3,8.96641731262207,1.9389309883117676,0.37616199254989624,600,3.072929983958602,244,20
20,600,2,FR,5,1,0,15.990455627441406,-0.7905979156494141,0.39754363894462585,600,2.8517266241833568,243,12
20,600,2,FR,5,1,1,12.651693344116211,-0.7391029596328735,0.36089468002319336,600,2.8517266241833568,244,17
20,600,2,FR,5,1,2,9.445605278015137,-0.7974908947944641,0.2981625199317932,600,2.8517266241833568,244,18
20,600,2,FR,5,1,3,16.38580894470215,-0.6549490094184875,0.39711037278175354,600,2.8517266241833568,244,8
20,600,2,FR,6,0,0,26.61004066467285,-0.8407823443412781,0.2589082419872284,600,3.1383581049740314,245,20
20,600,2,FR,6,0,1,31.679576873779297,-0.6017659902572632,0.2728957533836365,600,3.1383581049740314,243,18
20,600,2,FR,6,0,2,40.66617202758789,-0.4466935396194458,0.32896578311920166,600,3.1383581049740314,245,10
20,600,2,FR,6,0,3,32.44700241088867,-0.8839718103408813,0.29539188742637634,600,3.1383581049740314,245,16
20,600,2,FR,6,1,0,18.161739349365234,0.7051315307617188,0.18676096200942993,600,3.1996964211575687,244,21
20,600,2,FR,6,1,1,22.529438018798828,0.8047472238540649,0.21939674019813538,600,3.1996964211575687,245,25
20,600,2,FR,6,1,2,26.499223709106445,1.02828049659729,0.2740001678466797,600,3.1996964211575687,244,22
20,600,2,FR,6,1,3,30.976787567138672,0.789941668510437,0.26014238595962524,600,3.1996964211575687,246,17
20,600,2,FR,7,0,0,13.433576583862305,1.5390228033065796,0.2266915738582611,600,2.9655085522681475,246,23
20,600,2,FR,7,0,1,17.93805694580078,1.4588754177093506,0.30610042810440063,600,2.9655085522681475,244,15
20,600,2,FR,7,0,2,14.884125709533691,1.6859296560287476,0.22362937033176422,600,2.9655085522681475,246,21
20,600,2,FR,7,0,3,9.677839279174805,1.5900368690490723,0.15928572416305542,600,2.9655085522681475,245,19
20,600,2,FR,7,1,0,21.719783782958984,0.50396329164505,0.4171310365200043,600,3.0496721509844065,244,14
20,600,2,FR,7,1,1,12.011616706848145,0.45569443702697754,0.25384315848350525,600,3.0496721509844065,243,16
20,600,2,FR,7,1,2,13.937983512878418,0.4562223255634308,0.25893059372901917,600,3.0496721509844065,245,25
20,600,2,FR,7,1,3,14.306577682495117,0.45374879240989685,0.3008658289909363,600,3.0496721509844065,243,15
20,600,2,FR,8,0,0,4.504683017730713,0.4336426854133606,0.10251367092132568,600,3.0777764599770308,246,30
20,600,2,FR,8,0,1,10.148760795593262,0.46089571714401245,0.20249801874160767,600,3.0777764599770308,246,24
20,600,2,FR,8,0,2,6.569416522979736,0.4770802855491638,0.16444475948810577,600,3.0777764599770308,246,22
20,600,2,FR,8,0,3,12.305617332458496,0.47191014885902405,0.2705291211605072,600,3.0777764599770308,246,13
20,600,2,FR,8,1,0,14.925996780395508,1.868437647819519,0.2812688648700714,600,3.222209793049842,245,26
20,600,2,FR,8,1,1,9.749479293823242,1.8892598152160645,0.21732214093208313,600,3.222209793049842,246,20
20,600,2,FR,8,1,2,8.042329788208008,1.8843491077423096,0.1453479528427124,600,3.222209793049842,246,14
20,600,2,FR,8,1,3,11.234466552734375,1.9502123594284058,0.24349291622638702,600,3.222209793049842,245,14
20,600,2,FR,9,0,0,9.22131061553955,1.8614283800125122,0.2735304832458496,600,3.163352231029421,246,21
20,600,2,FR,9,0,1,12.14574146270752,2.023998498916626,0.2811063826084137,600,3.163352231029421,244,28
20,600,2,FR,9,0,2,13.052593231201172,1.8811087608337402,0.2904081344604492,600,3.163352231029421,246,23
20,600,2,FR,9,0,3,9.039137840270996,1.9501532316207886,0.2158486545085907,600,3.163352231029421,244,20
20,600,2,FR,9,1,0,15.779260635375977,1.7228745222091675,0.2800489366054535,600,3.1318632597103715,245,19
20,600,2,FR,9,1,1,10.593145370483398,2.135877847671509,0.18988417088985443,600,3.1318632597103715,245,23
20,600,2,FR,9,1,2,19.884187698364258,2.205645799636841,0.3309539556503296,600,3.1318632597103715,244,19
20,600,2,FR,9,1,3,11.103632926940918,1.9052413702011108,0.2165808081626892,600,3.1318632597103715,244,19
20,600,2,FR,10,0,0,19.882137298583984,-0.2605135440826416,0.36330950260162354,600,3.491152287926525,246,33
20,600,2,FR,10,0,1,15.620132446289062,-0.16054153442382812,0.29509761929512024,600,3.491152287926525,246,15
20,600,2,FR,10,0,2,14.99620246887207,0.22602248191833496,0.3060801029205322,600,3.491152287926525,246,30
20,600,2,FR,10,0,3,23.970731735229492,0.11435365676879883,0.41358330845832825,600,3.491152287926525,246,23
20,600,2,FR,10,1,0,9.671875953674316,-0.9623709321022034,0.3125605583190918,600,3.143288787920028,245,13
20,600,2,FR,10,1,1,5.6640119552612305,-1.139326572418213,0.20803648233413696,600,3.143288787920028,242,19
20,600,2,FR,10,1,2,8.702988624572754,-0.8943541049957275,0.31291526556015015,600,3.143288787920028,244,12
20,600,2,FR,10,1,3,8.646261215209961,-1.0013474225997925,0.3167555332183838,600,3.143288787920028,246,20
20,600,2,FR,11,0,0,1.8871660232543945,-1.2760039567947388,0.3254775106906891,600,3.1307344217784703,243,18
20,600,2,FR,11,0,1,2.0852367877960205,-1.2871607542037964,0.34224602580070496,600,3.1307344217784703,245,16
20,600,2,FR,11,0,2,0.5133988857269287,-1.2482709884643555,0.21612700819969177,600,3.1307344217784703,245,25
20,600,2,FR,11,0,3,1.0959296226501465,-1.2769416570663452,0.2833021283149719,600,3.1307344217784703,242,35
20,600,2,FR,11,1,0,3.719280242919922,-0.5328613519668579,0.22515152394771576,600,3.1732050930149853,246,28
20,600,2,FR,11,1,1,6.505157470703125,-0.5809056162834167,0.347611665725708,600,3.1732050930149853,244,25
20,600,2,FR,11,1,2,5.182920932769775,-0.5185873508453369,0.3042879104614258,600,3.1732050930149853,244,12
20,600,2,FR,11,1,3,9.371870994567871,-0.4231530427932739,0.4430365264415741,600,3.1732050930149853,245,21
20,600,2,FR,12,0,0,-0.6429194808006287,-1.4510284662246704,0.7288234829902649,600,3.198895125184208,246,42
20,600,2,FR,12,0,1,-0.7491077184677124,-1.4609131813049316,0.699674129486084,600,3.198895125184208,246,26
20,600,2,FR,12,0,2,-0.8350474238395691,-1.466092586517334,0.6734830141067505,600,3.198895125184208,244,30
20,600,2,FR,12,0,3,-0.6939939260482788,-1.45177161693573,0.7079629898071289,600,3.198895125184208,246,41
20,600,2,FR,12,1,0,1.7988674640655518,-1.580911636352539,0.6864846348762512,600,3.183329342864454,246,21
20,600,2,FR,12,1,1,1.7945311069488525,-1.206972360610962,0.6905980706214905,600,3.183329342864454,245,20
20,600,2,FR,12,1,2,2.194581985473633,-1.4784983396530151,0.7588508129119873,600,3.183329342864454,245,17
20,600,2,FR,12,1,3,1.7932298183441162,-1.3220155239105225,0.707482635974884,600,3.183329342864454,246,22
20,600,2,FR,13,0,0,3.61972975730896,2.0059854984283447,0.6336044073104858,600,3.1511693578213453,242,30
20,600,2,FR,13,0,1,4.0512285232543945,1.901740550994873,0.6820577383041382,600,3.1511693578213453,246,16
20,600,2,FR,13,0,2,3.6137566566467285,1.8619390726089478,0.642652153968811,600,3.1511693578213453,245,20
20,600,2,FR,13,0,3,3.6141934394836426,1.7811095714569092,0.6248096227645874,600,3.1511693578213453,244,20
20,600,2,FR,13,1,0,2.058302402496338,1.295935869216919,0.5905053615570068,600,3.242847904097289,245,18
20,600,2,FR,13,1,1,2.174447536468506,1.3137075901031494,0.6158824563026428,600,3.242847904097289,244,20
20,600,2,FR,13,1,2,2.2043166160583496,1.3180618286132812,0.6745926141738892,600,3.242847904097289,244,14
20,600,2,FR,13,1,3,2.1594924926757812,1.3156932592391968,0.6416521668434143,600,3.242847904097289,240,15
20,600,2,FR,14,0,0,4.856734275817871,1.6677231788635254,0.617008626461029,600,3.2178323050029576,241,24
20,600,2,FR,14,0,1,4.970536231994629,1.3104304075241089,0.6354020833969116,600,3.2178323050029576,244,14
20,600,2,FR,14,0,2,4.046027183532715,1.169001817703247,0.5634773969650269,600,3.2178323050029576,245,23
20,600,2,FR,14,0,3,4.469343185424805,1.4486360549926758,0.5973473787307739,600,3.2178323050029576,245,15
20,600,2,FR,14,1,0,-0.19248437881469727,-1.6490923166275024,0.5541200637817383,600,3.1205635792575777,246,13
20,600,2,FR,14,1,1,0.1011422872543335,-1.4282948970794678,0.6186264157295227,600,3.1205635792575777,245,12
20,600,2,FR,14,1,2,-0.03319978713989258,-1.4318691492080688,0.5797185897827148,600,3.1205635792575777,244,28
20,600,2,FR,14,1,3,-0.13625431060791016,-1.3992403745651245,0.5471156239509583,600,3.1205635792575777,245,26
20,600,2,FR,15,0,0,0.16026026010513306,-4.061458110809326,0.8595510125160217,600,3.0691458699293435,246,23
20,600,2,FR,15,0,1,0.36825597286224365,-4.089255332946777,0.8695991635322571,600,3.0691458699293435,245,15
20,600,2,FR,15,0,2,0.1191205382347107,-4.12252140045166,0.8784599304199219,600,3.0691458699293435,246,18
20,600,2,FR,15,0,3,-0.06006801128387451,-4.185168266296387,0.8647429347038269,600,3.0691458699293435,246,45
20,600,2,FR,15,1,0,0.36202651262283325,-1.4493650197982788,0.8794265389442444,600,2.9791792570613325,244,21
20,600,2,FR,15,1,1,0.39238953590393066,-1.4284254312515259,0.8670614361763,600,2.9791792570613325,245,25
20,600,2,FR,15,1,2,0.2556845545768738,-1.3982950448989868,0.8634454607963562,600,2.9791792570613325,246,17
20,600,2,FR,15,1,3,0.08024144172668457,-1.474482774734497,0.8272459506988525,600,2.9791792570613325,244,24
20,600,2,FR,16,0,0,-0.428364634513855,-2.40132737159729,0.8412225842475891,600,2.944125141017139,244,18
20,600,2,FR,16,0,1,-0.8307321667671204,-2.581627607345581,0.8437950611114502,600,2.944125141017139,241,28
20,600,2,FR,16,0,2,-0.688959002494812,-2.532886266708374,0.8303347826004028,600,2.944125141017139,234,25
20,600,2,FR,16,0,3,-0.5822317600250244,-2.527100086212158,0.846882164478302,600,2.944125141017139,244,20
20,600,2,FR,16,1,0,-1.700178623199463,-2.489055633544922,0.8294667601585388,600,2.8741946779191494,241,26
20,600,2,FR,16,1,1,-1.65159010887146,-2.49066424369812,0.8547442555427551,600,2.8741946779191494,237,28
20,600,2,FR,16,1,2,-1.6830289363861084,-2.5130224227905273,0.8513532876968384,600,2.8741946779191494,244,15
20,600,2,FR,16,1,3,-1.6808348894119263,-2.498833656311035,0.8445614576339722,600,2.8741946779191494,244,16
20,600,2,FR,17,0,0,1.1177902221679688,0.5093994140625,0.7721505761146545,600,3.146051822695881,246,18
20,600,2,FR,17,0,1,1.15616774559021,0.4829249978065491,0.7949705123901367,600,3.146051822695881,246,24
20,600,2,FR,17,0,2,1.162825107574463,0.5174638032913208,0.7823272347450256,600,3.146051822695881,246,24
20,600,2,FR,17,0,3,1.1393401622772217,0.4992949664592743,0.7704954147338867,600,3.146051822695881,246,24
20,600,2,FR,17,1,0,-0.0437244176864624,-3.5215282440185547,0.7490568161010742,600,2.9534241701476276,246,16
20,600,2,FR,17,1,1,0.282055139541626,-3.543818473815918,0.8212551474571228,600,2.9534241701476276,244,15
20,600,2,FR,17,1,2,0.06983470916748047,-3.5534534454345703,0.7776476740837097,600,2.9534241701476276,246,19
20,600,2,FR,17,1,3,0.31808435916900635,-3.6951732635498047,0.8114646673202515,600,2.9534241701476276,243,14
20,600,2,FR,18,0,0,1.0592721700668335,-1.749365210533142,0.51149982213974,600,3.081460305955261,246,18
20,600,2,FR,18,0,1,1.547012448310852,-1.7369533777236938,0.5748019814491272,600,3.081460305955261,245,16
20,600,2,FR,18,0,2,1.0097144842147827,-1.7153464555740356,0.5050011277198792,600,3.081460305955261,246,12
20,600,2,FR,18,0,3,0.684126615524292,-1.655418038368225,0.47402068972587585,600,3.081460305955261,244,19
20,600,2,FR,18,1,0,0.945274829864502,-0.6085916757583618,0.5516496300697327,600,3.014368372038007,246,13
20,600,2,FR,18,1,1,0.6483034491539001,-0.6333412528038025,0.5014756917953491,600,3.014368372038007,246,22
20,600,2,FR,18,1,2,0.7073157429695129,-0.6292979121208191,0.4590951204299927,600,3.014368372038007,245,11
20,600,2,FR,18,1,3,0.9857264757156372,-0.5980715155601501,0.4975952208042145,600,3.014368372038007,244,24
20,600,2,FR,19,0,0,5.884248733520508,-1.7600126266479492,0.4766432046890259,600,3.0755946850404143,246,14
20,600,2,FR,19,0,1,6.482381820678711,-1.705350637435913,0.53323894739151,600,3.0755946850404143,244,15
20,600,2,FR,19,0,2,3.8034849166870117,-1.4997000694274902,0.4295680820941925,600,3.0755946850404143,245,15
20,600,2,FR,19,0,3,5.20123291015625,-1.2348048686981201,0.45200857520103455,600,3.0755946850404143,245,17
20,600,2,FR,19,1,0,9.659049987792969,-1.3905234336853027,0.5967437028884888,600,3.003484025131911,245,13
20,600,2,FR,19,1,1,6.938770771026611,-1.4019687175750732,0.47587159276008606,600,3.003484025131911,243,10
20,600,2,FR,19,1,2,8.370745658874512,-1.4570121765136719,0.5193308591842651,600,3.003484025131911,244,19
20,600,2,FR,19,1,3,8.03619384765625,-1.2154791355133057,0.5196424126625061,600,3.003484025131911,244,22
20,600,2,FR,20,0,0,3.311030387878418,-0.8822027444839478,0.5198588967323303,600,2.893902186769992,245,12
20,600,2,FR,20,0,1,3.242724895477295,-0.9380931854248047,0.5128828883171082,600,2.893902186769992,245,10
20,600,2,FR,20,0,2,2.6527583599090576,-0.8024882078170776,0.4663853943347931,600,2.893902186769992,243,20
20,600,2,FR,20,0,3,2.4516329765319824,-0.9498426914215088,0.4696180820465088,600,2.893902186769992,243,16
20,600,2,FR,20,1,0,1.6023926734924316,-3.6760096549987793,0.5090771317481995,600,3.0613754112273455,244,13
20,600,2,FR,20,1,1,1.1889114379882812,-3.8901665210723877,0.4670957922935486,600,3.0613754112273455,246,12
20,600,2,FR,20,1,2,2.9901373386383057,-3.8822789192199707,0.49573832750320435,600,3.0613754112273455,245,13
20,600,2,FR,20,1,3,1.3809013366699219,-4.0547637939453125,0.5066230893135071,600,3.0613754112273455,246,9
20,600,2,FR,21,0,0,0.46212494373321533,-1.3915905952453613,0.6746581792831421,600,2.970212242100388,246,30
20,600,2,FR,21,0,1,0.15289413928985596,-1.4864493608474731,0.6602924466133118,600,2.970212242100388,245,20
20,600,2,FR,21,0,2,1.0212726593017578,-1.3967154026031494,0.7407649159431458,600,2.970212242100388,244,21
20,600,2,FR,21,0,3,0.4810326099395752,-1.4996545314788818,0.6606208682060242,600,2.970212242100388,244,22
20,600,2,FR,21,1,0,3.716449737548828,1.8555885553359985,0.7501726746559143,600,2.946456598583609,243,18
20,600,2,FR,21,1,1,3.26900053024292,1.8379639387130737,0.669188380241394,600,2.946456598583609,246,17
20,600,2,FR,21,1,2,3.6735219955444336,1.8394813537597656,0.7191892266273499,600,2.946456598583609,242,14
20,600,2,FR,21,1,3,2.978513240814209,1.8725224733352661,0.5920842885971069,600,2.946456598583609,244,18
20,600,2,FR,22,0,0,0.03083980083465576,-0.8732959032058716,0.6409804821014404,600,3.005488044116646,245,19
20,600,2,FR,22,0,1,-0.050605952739715576,-0.8207167983055115,0.6292874217033386,600,3.005488044116646,245,25
20,600,2,FR,22,0,2,0.06752771139144897,-0.8619006872177124,0.678857147693634,600,3.005488044116646,244,17
20,600,2,FR,22,0,3,0.24607670307159424,-0.8682504892349243,0.7207157611846924,600,3.005488044116646,246,29
20,600,2,FR,22,1,0,3.0932068824768066,-0.8317642211914062,0.7096390724182129,600,3.0917281289584935,243,20
20,600,2,FR,22,1,1,2.769551992416382,-0.6459541320800781,0.6801578402519226,600,3.0917281289584935,241,29
20,600,2,FR,22,1,2,2.637209892272949,-0.6124445796012878,0.6636525392532349,600,3.0917281289584935,242,11
20,600,2,FR,22,1,3,2.8790688514709473,-0.910675585269928,0.678071916103363,600,3.0917281289584935,243,27
20,600,2,FR,23,0,0,3.1784818172454834,1.8029444217681885,0.5877535939216614,600,2.905998303089291,246,15
20,600,2,FR,23,0,1,2.639061212539673,1.7657543420791626,0.5093218088150024,600,2.905998303089291,246,23
20,600,2,FR,23,0,2,3.1238057613372803,1.7412960529327393,0.5530250072479248,600,2.905998303089291,245,34
20,600,2,FR,23,0,3,3.1010241508483887,1.7679612636566162,0.5480574369430542,600,2.905998303089291,246,22
20,600,2,FR,23,1,0,2.1201882362365723,0.2737826704978943,0.6151612401008606,600,3.114068022929132,241,18
20,600,2,FR,23,1,1,2.3148772716522217,0.20776014029979706,0.6643385291099548,600,3.114068022929132,244,30
20,600,2,FR,23,1,2,1.8283836841583252,0.22801020741462708,0.5461653470993042,600,3.114068022929132,245,30
20,600,2,FR,23,1,3,1.9414035081863403,0.14084608852863312,0.5825783014297485,600,3.114068022929132,243,28
20,600,2,FR,24,0,0,7.536741256713867,1.7547777891159058,0.2822326421737671,600,3.0986753362230957,246,22
20,600,2,FR,24,0,1,6.957164764404297,1.8952069282531738,0.27077800035476685,600,3.0986753362230957,245,20
20,600,2,FR,24,0,2,7.454995155334473,1.8221845626831055,0.3000395894050598,600,3.0986753362230957,245,23
20,600,2,FR,24,0,3,5.857394218444824,1.7830837965011597,0.2386549860239029,600,3.0986753362230957,246,21
20,600,2,FR,24,1,0,4.170969009399414,-0.8468137383460999,0.3474300801753998,600,3.05679635098204,244,30
20,600,2,FR,24,1,1,3.1101577281951904,-0.8285328149795532,0.3215627670288086,600,3.05679635098204,244,26
20,600,2,FR,24,1,2,2.754803419113159,-0.8837747573852539,0.305187851190567,600,3.05679635098204,245,15
20,600,2,FR,24,1,3,4.859530448913574,-0.7142853736877441,0.3798113763332367,600,3.05679635098204,245,18
20,600,2,FR,25,0,0,3.3367128372192383,0.3845105767250061,0.2949560582637787,600,3.211464934051037,245,25
20,600,2,FR,25,0,1,4.068171977996826,0.40493103861808777,0.32848361134529114,600,3.211464934051037,243,20
20,600,2,FR,25,0,2,3.6948890686035156,0.3303571045398712,0.31999069452285767,600,3.211464934051037,242,30
20,600,2,FR,25,0,3,2.6363768577575684,0.34543320536613464,0.22748415172100067,600,3.211464934051037,243,24
20,600,2,FR,25,1,0,15.610319137573242,2.1833081245422363,0.4373524487018585,600,3.030122274067253,246,26
20,600,2,FR,25,1,1,12.766303062438965,2.41157865524292,0.37064328789711,600,3.030122274067253,243,17
20,600,2,FR,25,1,2,12.769890785217285,2.3396475315093994,0.3908708989620209,600,3.030122274067253,245,24
20,600,2,FR,25,1,3,13.68411922454834,2.0593228340148926,0.418474018573761,600,3.030122274067253,244,36
20,600,2,FR,26,0,0,4.9614458084106445,1.944685935974121,0.37253081798553467,600,3.1918954090215266,246,27
20,600,2,FR,26,0,1,4.402622699737549,1.9750852584838867,0.2998760938644409,600,3.1918954090215266,244,20
20,600,2,FR,26,0,2,4.670346260070801,2.021373748779297,0.3099726736545563,600,3.1918954090215266,245,17
20,600,2,FR,26,0,3,4.915213584899902,2.016479253768921,0.3698951005935669,600,3.1918954090215266,244,27
20,600,2,FR,26,1,0,3.215507745742798,-0.052791208028793335,0.28433871269226074,600,3.085084933321923,244,28
20,600,2,FR,26,1,1,3.2463724613189697,-0.08573992550373077,0.3349345624446869,600,3.085084933321923,244,17
20,600,2,FR,26,1,2,4.035042762756348,-0.04310542345046997,0.3737340271472931,600,3.085084933321923,243,16
20,600,2,FR,26,1,3,4.174732685089111,0.07642611861228943,0.308691143989563,600,3.085084933321923,244,17
20,600,2,FR,27,0,0,8.455286026000977,0.5154057741165161,0.4146675169467926,600,2.994479305110872,244,19
20,600,2,FR,27,0,1,6.1298675537109375,0.3981383144855499,0.29303044080734253,600,2.994479305110872,245,29
20,600,2,FR,27,0,2,8.379063606262207,0.43265432119369507,0.380228728055954,600,2.994479305110872,245,17
20,600,2,FR,27,0,3,6.290949821472168,0.44781965017318726,0.2577834725379944,600,2.994479305110872,244,24
20,600,2,FR,27,1,0,35.09771728515625,3.472019672393799,0.3613119125366211,600,3.1100751631893218,245,20
20,600,2,FR,27,1,1,15.824234962463379,2.8490066528320312,0.18584690988063812,600,3.1100751631893218,244,15
20,600,2,FR,27,1,2,17.342388153076172,2.9307994842529297,0.19614993035793304,600,3.1100751631893218,245,23
20,600,2,FR,27,1,3,31.87176513671875,2.7351086139678955,0.3795134723186493,600,3.1100751631893218,246,14
20,600,2,FR,28,0,0,13.597496032714844,2.1014938354492188,0.4234769642353058,600,2.9628843059763312,242,22
20,600,2,FR,28,0,1,14.634281158447266,2.0258195400238037,0.34635791182518005,600,2.9628843059763312,245,23
20,600,2,FR,28,0,2,8.162862777709961,2.055144786834717,0.2701248526573181,600,2.9628843059763312,245,19
20,600,2,FR,28,0,3,11.917947769165039,2.0674500465393066,0.359809935092926,600,2.9628843059763312,244,35
20,600,2,FR,28,1,0,16.721824645996094,-0.1966543197631836,0.30658623576164246,600,3.1150732450187206,244,25
20,600,2,FR,28,1,1,12.063434600830078,-0.13012444972991943,0.29856887459754944,600,3.1150732450187206,245,17
20,600,2,FR,28,1,2,16.14695930480957,-0.14274466037750244,0.3626326322555542,600,3.1150732450187206,246,26
20,600,2,FR,28,1,3,19.622005462646484,-0.16020411252975464,0.41308486461639404,600,3.1150732450187206,245,26
20,600,2,FR,29,0,0,4.0412797927856445,1.6693557500839233,0.23545943200588226,600,2.824198795016855,246,27
20,600,2,FR,29,0,1,4.44003963470459,1.6383955478668213,0.31505122780799866,600,2.824198795016855,244,13
20,600,2,FR,29,0,2,4.409505844116211,1.708682894706726,0.29937952756881714,600,2.824198795016855,246,12
20,600,2,FR,29,0,3,5.632015228271484,1.6559182405471802,0.34439390897750854,600,2.824198795016855,246,31
20,600,2,FR,29,1,0,24.078847885131836,0.9829907417297363,0.4001196026802063,600,3.1712338207289577,244,23
20,600,2,FR,29,1,1,18.49764060974121,1.0395175218582153,0.3042753338813782,600,3.1712338207289577,243,26
20,600,2,FR,29,1,2,13.89561653137207,1.0249160528182983,0.2513640820980072,600,3.1712338207289577,244,10
20,600,2,FR,29,1,3,29.32299041748047,1.0048959255218506,0.41505348682403564,600,3.1712338207289577,246,23
20,600,2,FR,30,0,0,5.677286624908447,-0.13439154624938965,0.39593780040740967,600,3.107687837909907,245,17
20,600,2,FR,30,0,1,4.888853549957275,0.1346040666103363,0.34247422218322754,600,3.107687837909907,245,14
20,600,2,FR,30,0,2,3.956131935119629,-0.16851121187210083,0.2971871495246887,600,3.107687837909907,246,10
20,600,2,FR,30,0,3,6.030056476593018,-0.040278851985931396,0.4214363396167755,600,3.107687837909907,245,16
20,600,2,FR,30,1,0,5.2399396896362305,0.08755308389663696,0.47975656390190125,600,3.1293188333511353,244,14
20,600,2,FR,30,1,1,3.3414108753204346,0.09698188304901123,0.31593459844589233,600,3.1293188333511353,246,22
20,600,2,FR,30,1,2,6.3470563888549805,0.10652107000350952,0.478329062461853,600,3.1293188333511353,245,19
20,600,2,FR,30,1,3,4.630431652069092,0.06827658414840698,0.43494921922683716,600,3.1293188333511353,245,11
20,600,2,FR,31,0,0,8.91069507598877,-0.22391724586486816,0.40043988823890686,600,2.9128768322989345,243,24
20,600,2,FR,31,0,1,6.062234878540039,-0.4296962022781372,0.3078629970550537,600,2.9128768322989345,245,19
20,600,2,FR,31,0,2,9.36136245727539,-0.5955885648727417,0.3943417966365814,600,2.9128768322989345,246,21
20,600,2,FR,31,0,3,4.750014781951904,-0.3240588903427124,0.2904054820537567,600,2.9128768322989345,246,22
20,600,2,FR,31,1,0,1.031912088394165,-2.533801317214966,0.3850500285625458,600,2.947770984377712,243,21
20,600,2,FR,31,1,1,1.4118194580078125,-2.52480149269104,0.4298494756221771,600,2.947770984377712,245,18
20,600,2,FR,31,1,2,0.6384313106536865,-2.5624356269836426,0.32748332619667053,600,2.947770984377712,244,14
20,600,2,FR,31,1,3,1.8410489559173584,-2.5308728218078613,0.3791596591472626,600,2.947770984377712,246,31
20,600,2,FR,32,0,0,3.1538124084472656,1.4375439882278442,0.40703538060188293,600,2.8904711240902543,243,22
20,600,2,FR,32,0,1,3.2380013465881348,1.4294856786727905,0.44331812858581543,600,2.8904711240902543,245,18
20,600,2,FR,32,0,2,3.2275748252868652,1.4375993013381958,0.4097993075847626,600,2.8904711240902543,244,19
20,600,2,FR,32,0,3,3.0142459869384766,1.4119473695755005,0.38635751605033875,600,2.8904711240902543,245,17
20,600,2,FR,32,1,0,0.42813873291015625,-1.4258697032928467,0.38333237171173096,600,2.797885653562844,246,12
20,600,2,FR,32,1,1,0.8264865875244141,-1.5112872123718262,0.4454522728919983,600,2.797885653562844,245,22
20,600,2,FR,32,1,2,0.05680835247039795,-1.4986484050750732,0.38039273023605347,600,2.797885653562844,245,11
20,600,2,FR,32,1,3,0.44178831577301025,-1.483411192893982,0.4004055857658386,600,2.797885653562844,245,12
20,600,2,FR,33,0,0,14.345513343811035,-0.7352551221847534,0.42619162797927856,600,2.735052118077874,244,17
20,600,2,FR,33,0,1,12.549213409423828,-0.6563459634780884,0.36389675736427307,600,2.735052118077874,245,18
20,600,2,FR,33,0,2,13.271303176879883,-0.7619203329086304,0.41103553771972656,600,2.735052118077874,243,23
20,600,2,FR,33,0,3,10.19975471496582,-0.6908211708068848,0.2936696708202362,600,2.735052118077874,245,17
20,600,2,FR,33,1,0,10.56872844696045,-1.6362061500549316,0.3348836302757263,600,2.594137803185731,244,32
20,600,2,FR,33,1,1,15.7715425491333,-1.6135514974594116,0.4480576515197754,600,2.594137803185731,245,23
20,600,2,FR,33,1,2,6.4267730712890625,-1.457590937614441,0.23587794601917267,600,2.594137803185731,244,22
20,600,2,FR,33,1,3,7.065814971923828,-1.1620656251907349,0.2531622648239136,600,2.594137803185731,244,24
20,600,2,FR,34,0,0,10.132965087890625,-0.5216602683067322,0.34165021777153015,600,2.530954800080508,244,27
20,600,2,FR,34,0,1,10.871257781982422,-0.59452223777771,0.4068632423877716,600,2.530954800080508,243,12
20,600,2,FR,34,0,2,7.772588729858398,-0.5771329402923584,0.28562793135643005,600,2.530954800080508,245,20
20,600,2,FR,34,0,3,7.215791702270508,-0.6372450590133667,0.3093213438987732,600,2.530954800080508,246,25
20,600,2,FR,34,1,0,12.669550895690918,-1.3062548637390137,0.37321868538856506,600,2.545234619639814,245,31
20,600,2,FR,34,1,1,12.413495063781738,-1.3044260740280151,0.3587918281555176,600,2.545234619639814,245,20
20,600,2,FR,34,1,2,12.840325355529785,-1.3360040187835693,0.42500320076942444,600,2.545234619639814,246,20
20,600,2,FR,34,1,3,11.239214897155762,-1.3394707441329956,0.42319145798683167,600,2.545234619639814,245,17
20,600,2,FR,35,0,0,10.644721984863281,-0.18973387777805328,0.3053645193576813,600,2.461092193145305,245,17
20,600,2,FR,35,0,1,11.737405776977539,-0.3929126560688019,0.31580138206481934,600,2.461092193145305,246,20
20,600,2,FR,35,0,2,12.874576568603516,-0.16298983991146088,0.3184700012207031,600,2.461092193145305,246,17
20,600,2,FR,35,0,3,15.302297592163086,-0.13585667312145233,0.3551425039768219,600,2.461092193145305,246,22
20,600,2,FR,35,1,0,8.239784240722656,1.2982538938522339,0.4849269390106201,600,2.4318307898938656,245,25
20,600,2,FR,35,1,1,6.9686994552612305,1.2808259725570679,0.36135342717170715,600,2.4318307898938656,244,12
20,600,2,FR,35,1,2,4.019465446472168,1.3190973997116089,0.210052490234375,600,2.4318307898938656,241,19
20,600,2,FR,35,1,3,5.452553749084473,1.3100641965866089,0.3351673483848572,600,2.4318307898938656,244,17
